/**
 * generated by fontconvert.py
 * name: geist_24_medium
 * size: 24
 * mode: 2-bit
 * Command used: fontconvert.py geist_24_medium 24 ../fontsrc/Geist-Medium.ttf --2bit --no-default-intervals --additional-intervals 0x0020,0x007E --additional-intervals 0x00B0,0x00B0 --additional-intervals 0x00B7,0x00B7 --additional-intervals 0x2013,0x2014 --additional-intervals 0x2022,0x2022 --additional-intervals 0x2026,0x2026
 */
#pragma once
#include "EpdFontData.h"

static const uint8_t geist_24_mediumBitmaps[18957] = {
    0x1A, 0xA4, 0xFF, 0xE3, 0xFF, 0x8F, 0xFE, 0x3F, 0xF8, 0xFF, 0xE3, 0xFF, 0x8F, 0xFE, 0x3F, 0xF8,
    0xFF, 0xE3, 0xFF, 0x8F, 0xFE, 0x3F, 0xF8, 0xFF, 0xE3, 0xFF, 0x4B, 0xFD, 0x2F, 0xF4, 0xBF, 0xD2,
    0xFF, 0x07, 0xFC, 0x1F, 0xF0, 0x7F, 0xC0, 0xFF, 0x03, 0xFC, 0x0F, 0xE0, 0x15, 0x40, 0x00, 0x00,
    0x00, 0x00, 0x00, 0x55, 0x5B, 0xFF, 0xEF, 0xFF, 0xBF, 0xFE, 0xFF, 0xFB, 0xFF, 0xEF, 0xFF, 0x6A,
    0x80, 0x2A, 0x9F, 0xFC, 0x03, 0xFF, 0xFF, 0xC0, 0x3F, 0xFF, 0xFC, 0x03, 0xFF, 0xFF, 0xC0, 0x3F,
    0xFB, 0xFC, 0x03, 0xFE, 0xBF, 0xC0, 0x3F, 0xE7, 0xFC, 0x03, 0xFE, 0x7F, 0xC0, 0x3F, 0xD7, 0xFC,
    0x03, 0xFD, 0x3F, 0xC0, 0x3F, 0xC3, 0xFC, 0x03, 0xFC, 0x3F, 0xC0, 0x3F, 0xC3, 0xFC, 0x03, 0xFC,
    0x00, 0x00, 0x1A, 0x90, 0x00, 0xAA, 0x40, 0x00, 0x00, 0xFF, 0xC0, 0x07, 0xFD, 0x00, 0x00, 0x03,
    0xFE, 0x00, 0x2F, 0xF0, 0x00, 0x00, 0x1F, 0xF4, 0x00, 0xBF, 0xC0, 0x00, 0x00, 0x7F, 0xC0, 0x03,
    0xFF, 0x00, 0x00, 0x02, 0xFF, 0x00, 0x0F, 0xF8, 0x00, 0x00, 0x0F, 0xFC, 0x00, 0x3F, 0xD0, 0x00,
    0x00, 0x3F, 0xE0, 0x01, 0xFF, 0x40, 0x00, 0x00, 0xFF, 0x80, 0x0B, 0xFC, 0x00, 0x00, 0x07, 0xFD,
    0x00, 0x2F, 0xF0, 0x00, 0x2F, 0xFF, 0xFF, 0xFF, 0xFF, 0xFF, 0x80, 0xFF, 0xFF, 0xFF, 0xFF, 0xFF,
    0xFE, 0x03, 0xFF, 0xFF, 0xFF, 0xFF, 0xFF, 0xF4, 0x0F, 0xFF, 0xFF, 0xFF, 0xFF, 0xFF, 0xD0, 0x15,
    0x7F, 0xE5, 0x56, 0xFF, 0x55, 0x00, 0x01, 0xFF, 0x40, 0x0F, 0xFC, 0x00, 0x00, 0x0B, 0xFC, 0x00,
    0x3F, 0xE0, 0x00, 0x00, 0x2F, 0xF0, 0x00, 0xFF, 0x80, 0x00, 0x00, 0xFF, 0xC0, 0x07, 0xFD, 0x00,
    0x00, 0x03, 0xFE, 0x00, 0x1F, 0xF0, 0x00, 0x00, 0x0F, 0xF4, 0x00, 0xBF, 0xC0, 0x00, 0x00, 0x7F,
    0xD0, 0x03, 0xFF, 0x00, 0x01, 0xAB, 0xFF, 0xAA, 0xAF, 0xFE, 0xA4, 0x0F, 0xFF, 0xFF, 0xFF, 0xFF,
    0xFF, 0xE0, 0x3F, 0xFF, 0xFF, 0xFF, 0xFF, 0xFF, 0x80, 0xFF, 0xFF, 0xFF, 0xFF, 0xFF, 0xFD, 0x02,
    0xAF, 0xFF, 0xAA, 0xBF, 0xFA, 0xA0, 0x00, 0x1F, 0xF0, 0x00, 0xFF, 0xC0, 0x00, 0x00, 0xBF, 0xC0,
    0x03, 0xFE, 0x00, 0x00, 0x03, 0xFF, 0x00, 0x0F, 0xF4, 0x00, 0x00, 0x0F, 0xF8, 0x00, 0x7F, 0xD0,
    0x00, 0x00, 0x3F, 0xD0, 0x02, 0xFF, 0x00, 0x00, 0x01, 0xFF, 0x40, 0x0B, 0xFC, 0x00, 0x00, 0x0B,
    0xFC, 0x00, 0x3F, 0xE0, 0x00, 0x00, 0x2F, 0xF0, 0x00, 0xFF, 0x80, 0x00, 0x00, 0xFF, 0xC0, 0x07,
    0xFD, 0x00, 0x00, 0x00, 0x00, 0x00, 0xBF, 0x40, 0x00, 0x00, 0x00, 0x00, 0x00, 0xBF, 0x40, 0x00,
    0x00, 0x00, 0x00, 0x00, 0xBF, 0x40, 0x00, 0x00, 0x00, 0x00, 0x00, 0xBF, 0x40, 0x00, 0x00, 0x00,
    0x00, 0x06, 0xFF, 0x80, 0x00, 0x00, 0x00, 0x02, 0xFF, 0xFF, 0xFE, 0x00, 0x00, 0x00, 0x1F, 0xFF,
    0xFF, 0xFF, 0xD0, 0x00, 0x00, 0xBF, 0xFF, 0xFF, 0xFF, 0xF8, 0x00, 0x02, 0xFF, 0xFF, 0xFF, 0xFF,
    0xFE, 0x00, 0x07, 0xFF, 0xF9, 0xBF, 0xFF, 0xFF, 0x80, 0x0F, 0xFF, 0x80, 0xBF, 0x4B, 0xFF, 0xC0,
    0x0F, 0xFE, 0x00, 0xBF, 0x42, 0xFF, 0xE0, 0x1F, 0xFC, 0x00, 0xBF, 0x40, 0xFF, 0xF0, 0x2F, 0xFC,
    0x00, 0xBF, 0x40, 0x7F, 0xF4, 0x2F, 0xFC, 0x00, 0xBF, 0x40, 0x3F, 0xF8, 0x1F, 0xFC, 0x00, 0xBF,
    0x40, 0x2F, 0xE8, 0x1F, 0xFD, 0x00, 0xBF, 0x40, 0x00, 0x00, 0x0F, 0xFF, 0x40, 0xBF, 0x40, 0x00,
    0x00, 0x0B, 0xFF, 0xF4, 0xBF, 0x40, 0x00, 0x00, 0x03, 0xFF, 0xFF, 0xFF, 0x40, 0x00, 0x00, 0x01,
    0xFF, 0xFF, 0xFF, 0xD0, 0x00, 0x00, 0x00, 0x2F, 0xFF, 0xFF, 0xFF, 0x40, 0x00, 0x00, 0x02, 0xFF,
    0xFF, 0xFF, 0xF4, 0x00, 0x00, 0x00, 0x1B, 0xFF, 0xFF, 0xFF, 0x00, 0x00, 0x00, 0x00, 0xBF, 0xFF,
    0xFF, 0xC0, 0x00, 0x00, 0x00, 0xBF, 0xAF, 0xFF, 0xF0, 0x00, 0x00, 0x00, 0xBF, 0x42, 0xFF, 0xF8,
    0x00, 0x00, 0x00, 0xBF, 0x40, 0x7F, 0xFC, 0x15, 0xA0, 0x00, 0xBF, 0x40, 0x2F, 0xFC, 0x3F, 0xF4,
    0x00, 0xBF, 0x40, 0x0F, 0xFD, 0x3F, 0xF8, 0x00, 0xBF, 0x40, 0x0F, 0xFD, 0x3F, 0xFC, 0x00, 0xBF,
    0x40, 0x0F, 0xFD, 0x1F, 0xFE, 0x00, 0xBF, 0x40, 0x1F, 0xFD, 0x0F, 0xFF, 0x40, 0xBF, 0x40, 0x2F,
    0xFC, 0x07, 0xFF, 0xE0, 0xBF, 0x40, 0xBF, 0xF8, 0x03, 0xFF, 0xFE, 0xBF, 0x5B, 0xFF, 0xF0, 0x00,
    0xFF, 0xFF, 0xFF, 0xFF, 0xFF, 0xD0, 0x00, 0x3F, 0xFF, 0xFF, 0xFF, 0xFF, 0x40, 0x00, 0x0B, 0xFF,
    0xFF, 0xFF, 0xFD, 0x00, 0x00, 0x00, 0xBF, 0xFF, 0xFF, 0xD0, 0x00, 0x00, 0x00, 0x01, 0xFF, 0xA4,
    0x00, 0x00, 0x00, 0x00, 0x00, 0xBF, 0x40, 0x00, 0x00, 0x00, 0x00, 0x00, 0xBF, 0x40, 0x00, 0x00,
    0x00, 0x00, 0x00, 0xBF, 0x40, 0x00, 0x00, 0x00, 0x00, 0x00, 0x6A, 0x00, 0x00, 0x00, 0x00, 0x2F,
    0xF8, 0x00, 0x00, 0x00, 0x00, 0x6A, 0x00, 0x00, 0xBF, 0xFF, 0xE0, 0x00, 0x00, 0x00, 0x7F, 0xC0,
    0x00, 0xFF, 0xFF, 0xFF, 0x00, 0x00, 0x00, 0x3F, 0xC0, 0x00, 0xBF, 0xF5, 0xFF, 0xE0, 0x00, 0x00,
    0x3F, 0xD0, 0x00, 0x3F, 0xE0, 0x07, 0xFC, 0x00, 0x00, 0x1F, 0xE0, 0x00, 0x1F, 0xF0, 0x00, 0xFF,
    0x40, 0x00, 0x0F, 0xF0, 0x00, 0x0B, 0xF4, 0x00, 0x1F, 0xE0, 0x00, 0x0F, 0xF4, 0x00, 0x03, 0xFD,
    0x00, 0x07, 0xFC, 0x00, 0x0B, 0xF8, 0x00, 0x00, 0xFF, 0x00, 0x00, 0xFF, 0x00, 0x03, 0xFC, 0x00,
    0x00, 0x3F, 0xC0, 0x00, 0x3F, 0xC0, 0x03, 0xFD, 0x00, 0x00, 0x0F, 0xF4, 0x00, 0x1F, 0xF0, 0x02,
    0xFE, 0x00, 0x00, 0x02, 0xFE, 0x00, 0x0B, 0xF8, 0x01, 0xFF, 0x00, 0x00, 0x00, 0x7F, 0xC0, 0x03,
    0xFD, 0x00, 0xFF, 0x40, 0x00, 0x00, 0x0F, 0xF8, 0x02, 0xFF, 0x00, 0xBF, 0x80, 0x00, 0x00, 0x01,
    0xFF, 0xEB, 0xFF, 0x40, 0x7F, 0xC0, 0x00, 0x00, 0x00, 0x2F, 0xFF, 0xFF, 0x80, 0x3F, 0xC0, 0x00,
    0x00, 0x00, 0x01, 0xFF, 0xFF, 0x40, 0x2F, 0xE0, 0x00, 0x00, 0x00, 0x00, 0x06, 0xA9, 0x00, 0x1F,
    0xF0, 0x00, 0x00, 0x00, 0x00, 0x00, 0x00, 0x00, 0x0F, 0xF0, 0x00, 0x00, 0x00, 0x00, 0x00, 0x00,
    0x00, 0x0B, 0xF4, 0x00, 0xBF, 0xF9, 0x00, 0x00, 0x00, 0x00, 0x07, 0xFC, 0x02, 0xFF, 0xFF, 0xE0,
    0x00, 0x00, 0x00, 0x03, 0xFC, 0x02, 0xFF, 0xFF, 0xFE, 0x00, 0x00, 0x00, 0x02, 0xFD, 0x01, 0xFF,
    0x91, 0xBF, 0xD0, 0x00, 0x00, 0x01, 0xFF, 0x00, 0xBF, 0x80, 0x0B, 0xF8, 0x00, 0x00, 0x00, 0xFF,
    0x00, 0x3F, 0xC0, 0x00, 0xFF, 0x00, 0x00, 0x00, 0xFF, 0x40, 0x0F, 0xF0, 0x00, 0x3F, 0xD0, 0x00,
    0x00, 0x7F, 0x80, 0x07, 0xFC, 0x00, 0x0F, 0xF4, 0x00, 0x00, 0x3F, 0xC0, 0x01, 0xFE, 0x00, 0x02,
    0xFD, 0x00, 0x00, 0x3F, 0xD0, 0x00, 0x7F, 0x80, 0x00, 0xBF, 0x40, 0x00, 0x2F, 0xE0, 0x00, 0x1F,
    0xF0, 0x00, 0x3F, 0xD0, 0x00, 0x0F, 0xF0, 0x00, 0x03, 0xFC, 0x00, 0x0F, 0xF0, 0x00, 0x0F, 0xF4,
    0x00, 0x00, 0xFF, 0x80, 0x0B, 0xFC, 0x00, 0x0B, 0xF8, 0x00, 0x00, 0x1F, 0xF8, 0x0B, 0xFD, 0x00,
    0x07, 0xFC, 0x00, 0x00, 0x02, 0xFF, 0xFF, 0xFE, 0x00, 0x03, 0xFD, 0x00, 0x00, 0x00, 0x2F, 0xFF,
    0xFF, 0x00, 0x02, 0xFE, 0x00, 0x00, 0x00, 0x01, 0xFF, 0xFD, 0x00, 0x00, 0x00, 0x00, 0x00, 0x00,
    0x00, 0x01, 0x50, 0x00, 0x00, 0x00, 0x00, 0x00, 0x14, 0x00, 0x00, 0x00, 0x00, 0x00, 0x00, 0xBF,
    0xFF, 0xD0, 0x00, 0x00, 0x00, 0x00, 0x1F, 0xFF, 0xFF, 0xF0, 0x00, 0x00, 0x00, 0x02, 0xFF, 0xFF,
    0xFF, 0xF0, 0x00, 0x00, 0x00, 0x1F, 0xFF, 0xFF, 0xFF, 0xF0, 0x00, 0x00, 0x00, 0xFF, 0xFF, 0xAF,
    0xFF, 0xD0, 0x00, 0x00, 0x03, 0xFF, 0xD0, 0x0B, 0xFF, 0x80, 0x00, 0x00, 0x1F, 0xFD, 0x00, 0x0F,
    0xFF, 0x00, 0x00, 0x00, 0xBF, 0xF0, 0x00, 0x2F, 0xFC, 0x00, 0x00, 0x02, 0xFF, 0xC0, 0x00, 0xBF,
    0xF0, 0x00, 0x00, 0x07, 0xFF, 0x00, 0x03, 0xFF, 0x80, 0x00, 0x00, 0x1F, 0xFD, 0x00, 0x1F, 0xFD,
    0x00, 0x00, 0x00, 0x3F, 0xFC, 0x00, 0xFF, 0xF0, 0x00, 0x00, 0x00, 0xBF, 0xF4, 0x0F, 0xFF, 0x40,
    0x00, 0x00, 0x00, 0xFF, 0xF6, 0xFF, 0xF8, 0x00, 0x00, 0x00, 0x01, 0xFF, 0xFF, 0xFF, 0x80, 0x00,
    0x00, 0x00, 0x02, 0xFF, 0xFF, 0xF4, 0x00, 0x00, 0x00, 0x00, 0x07, 0xFF, 0xFF, 0x00, 0x00, 0x00,
    0x00, 0x00, 0xBF, 0xFF, 0xE0, 0x00, 0x00, 0x00, 0x00, 0x0B, 0xFF, 0xFF, 0xC0, 0x00, 0x00, 0x00,
    0x00, 0xFF, 0xFF, 0xFF, 0xC0, 0x00, 0x00, 0x00, 0x0F, 0xFF, 0xDB, 0xFF, 0xC0, 0x02, 0xFE, 0x40,
    0x7F, 0xFD, 0x0F, 0xFF, 0x80, 0x0B, 0xFE, 0x03, 0xFF, 0xD0, 0x0F, 0xFF, 0x40, 0x3F, 0xF8, 0x1F,
    0xFE, 0x00, 0x0F, 0xFF, 0x00, 0xFF, 0xD0, 0xBF, 0xF0, 0x00, 0x1F, 0xFF, 0x03, 0xFF, 0x03, 0xFF,
    0x80, 0x00, 0x2F, 0xFE, 0x2F, 0xFC, 0x0F, 0xFE, 0x00, 0x00, 0x3F, 0xFE, 0xFF, 0xD0, 0x3F, 0xF8,
    0x00, 0x00, 0x3F, 0xFF, 0xFF, 0x00, 0xFF, 0xF0, 0x00, 0x00, 0x3F, 0xFF, 0xF8, 0x03, 0xFF, 0xC0,
    0x00, 0x00, 0x7F, 0xFF, 0xC0, 0x0B, 0xFF, 0xC0, 0x00, 0x01, 0xFF, 0xFD, 0x00, 0x0F, 0xFF, 0xE4,
    0x00, 0x7F, 0xFF, 0xF8, 0x00, 0x2F, 0xFF, 0xFF, 0xFF, 0xFF, 0xFF, 0xF8, 0x00, 0x3F, 0xFF, 0xFF,
    0xFF, 0xFF, 0xFF, 0xF4, 0x00, 0x2F, 0xFF, 0xFF, 0xFF, 0xFC, 0xFF, 0xF4, 0x00, 0x1F, 0xFF, 0xFF,
    0xFE, 0x40, 0xFF, 0xF0, 0x00, 0x01, 0xAF, 0xE9, 0x40, 0x00, 0x00, 0x00, 0x6A, 0x8F, 0xFC, 0xFF,
    0xCF, 0xFC, 0xFF, 0xCB, 0xFC, 0xBF, 0xCB, 0xFC, 0x7F, 0xC7, 0xF8, 0x7F, 0x83, 0xF8, 0x3F, 0x43,
    0xF4, 0x00, 0x01, 0xA9, 0x00, 0x0B, 0xFC, 0x00, 0x0F, 0xF8, 0x00, 0x2F, 0xF0, 0x00, 0x7F, 0xE0,
    0x00, 0xFF, 0xC0, 0x01, 0xFF, 0xC0, 0x02, 0xFF, 0x40, 0x03, 0xFF, 0x00, 0x0B, 0xFE, 0x00, 0x0F,
    0xFD, 0x00, 0x0F, 0xFC, 0x00, 0x1F, 0xFC, 0x00, 0x3F, 0xF8, 0x00, 0x3F, 0xF4, 0x00, 0x3F, 0xF0,
    0x00, 0x7F, 0xF0, 0x00, 0xBF, 0xF0, 0x00, 0xBF, 0xE0, 0x00, 0xBF, 0xE0, 0x00, 0xFF, 0xE0, 0x00,
    0xFF, 0xE0, 0x00, 0xFF, 0xE0, 0x00, 0xFF, 0xE0, 0x00, 0xBF, 0xE0, 0x00, 0xBF, 0xE0, 0x00, 0xBF,
    0xF0, 0x00, 0x7F, 0xF0, 0x00, 0x3F, 0xF0, 0x00, 0x3F, 0xF4, 0x00, 0x3F, 0xF8, 0x00, 0x1F, 0xFC,
    0x00, 0x0F, 0xFC, 0x00, 0x0F, 0xFD, 0x00, 0x0B, 0xFE, 0x00, 0x03, 0xFF, 0x00, 0x02, 0xFF, 0x40,
    0x01, 0xFF, 0xC0, 0x00, 0xFF, 0xD0, 0x00, 0x7F, 0xE0, 0x00, 0x2F, 0xF0, 0x00, 0x0F, 0xF8, 0x00,
    0x0B, 0xFC, 0x00, 0x01, 0xA9, 0x2A, 0x90, 0x00, 0x0B, 0xFC, 0x00, 0x00, 0xFF, 0x80, 0x00, 0x2F,
    0xF0, 0x00, 0x03, 0xFF, 0x00, 0x00, 0xBF, 0xD0, 0x00, 0x1F, 0xFC, 0x00, 0x03, 0xFF, 0x00, 0x00,
    0xBF, 0xE0, 0x00, 0x0F, 0xFC, 0x00, 0x03, 0xFF, 0x40, 0x00, 0xBF, 0xE0, 0x00, 0x1F, 0xFC, 0x00,
    0x03, 0xFF, 0x40, 0x00, 0xFF, 0xD0, 0x00, 0x2F, 0xF8, 0x00, 0x07, 0xFF, 0x00, 0x01, 0xFF, 0xC0,
    0x00, 0x3F, 0xF0, 0x00, 0x0F, 0xFC, 0x00, 0x03, 0xFF, 0x40, 0x00, 0xFF, 0xD0, 0x00, 0x3F, 0xF4,
    0x00, 0x0F, 0xFD, 0x00, 0x03, 0xFF, 0x00, 0x00, 0xFF, 0xC0, 0x00, 0x7F, 0xF0, 0x00, 0x1F, 0xFC,
    0x00, 0x0B, 0xFE, 0x00, 0x03, 0xFF, 0x40, 0x00, 0xFF, 0xC0, 0x00, 0x7F, 0xF0, 0x00, 0x2F, 0xF8,
    0x00, 0x0F, 0xFD, 0x00, 0x03, 0xFF, 0x00, 0x02, 0xFF, 0x80, 0x00, 0xFF, 0xC0, 0x00, 0x7F, 0xF0,
    0x00, 0x3F, 0xF4, 0x00, 0x0F, 0xFC, 0x00, 0x0B, 0xFC, 0x00, 0x03, 0xFE, 0x00, 0x02, 0xFF, 0x00,
    0x00, 0xAA, 0x40, 0x00, 0x00, 0x70, 0x01, 0x80, 0x00, 0x2F, 0x80, 0x3F, 0x40, 0x03, 0xFC, 0x0B,
    0xF4, 0x00, 0x1F, 0xE1, 0xFE, 0x00, 0x00, 0xBF, 0x7F, 0xC0, 0x00, 0x03, 0xFF, 0xF4, 0x00, 0x55,
    0x6F, 0xFF, 0x55, 0x4F, 0xFF, 0xFF, 0xFF, 0xFD, 0xFF, 0xFF, 0xFF, 0xFF, 0xDF, 0xFF, 0xFF, 0xFF,
    0xFD, 0x6A, 0xAF, 0xFF, 0xAA, 0x80, 0x03, 0xFF, 0xF4, 0x00, 0x00, 0xBF, 0xBF, 0xC0, 0x00, 0x0F,
    0xF1, 0xFE, 0x00, 0x03, 0xFD, 0x0F, 0xF0, 0x00, 0x3F, 0x80, 0x7F, 0x40, 0x00, 0xB0, 0x02, 0xC0,
    0x00, 0x00, 0x00, 0x00, 0x00, 0x00, 0x00, 0x0A, 0xA0, 0x00, 0x00, 0x00, 0x00, 0x07, 0xFD, 0x00,
    0x00, 0x00, 0x00, 0x01, 0xFF, 0x40, 0x00, 0x00, 0x00, 0x00, 0x7F, 0xD0, 0x00, 0x00, 0x00, 0x00,
    0x1F, 0xF4, 0x00, 0x00, 0x00, 0x00, 0x07, 0xFD, 0x00, 0x00, 0x00, 0x00, 0x01, 0xFF, 0x40, 0x00,
    0x00, 0x00, 0x00, 0x7F, 0xD0, 0x00, 0x00, 0x00, 0x00, 0x1F, 0xF4, 0x00, 0x00, 0x00, 0x00, 0x07,
    0xFD, 0x00, 0x00, 0x0F, 0xFF, 0xFF, 0xFF, 0xFF, 0xFF, 0xF3, 0xFF, 0xFF, 0xFF, 0xFF, 0xFF, 0xFC,
    0xFF, 0xFF, 0xFF, 0xFF, 0xFF, 0xFF, 0x3F, 0xFF, 0xFF, 0xFF, 0xFF, 0xFF, 0xCA, 0xAA, 0xAB, 0xFF,
    0xEA, 0xAA, 0xA0, 0x00, 0x00, 0x7F, 0xD0, 0x00, 0x00, 0x00, 0x00, 0x1F, 0xF4, 0x00, 0x00, 0x00,
    0x00, 0x07, 0xFD, 0x00, 0x00, 0x00, 0x00, 0x01, 0xFF, 0x40, 0x00, 0x00, 0x00, 0x00, 0x7F, 0xD0,
    0x00, 0x00, 0x00, 0x00, 0x1F, 0xF4, 0x00, 0x00, 0x00, 0x00, 0x07, 0xFD, 0x00, 0x00, 0x00, 0x00,
    0x01, 0xFF, 0x40, 0x00, 0x00, 0x00, 0x00, 0x7F, 0xD0, 0x00, 0x00, 0x00, 0x00, 0x05, 0x50, 0x00,
    0x00, 0x00, 0x55, 0x53, 0xFF, 0xEF, 0xFF, 0xBF, 0xFE, 0xFF, 0xFB, 0xFF, 0xEF, 0xFF, 0x41, 0xFC,
    0x0B, 0xE0, 0x3F, 0x41, 0xFC, 0x0B, 0xE0, 0x3F, 0x40, 0xFC, 0x07, 0xD0, 0x00, 0xFF, 0xFF, 0xFF,
    0xFF, 0xFF, 0xFF, 0xFF, 0xFF, 0xFF, 0xFF, 0xFF, 0xFF, 0xFF, 0xFF, 0xFF, 0xFF, 0xFF, 0xBF, 0xFF,
    0xFF, 0xFF, 0x80, 0x55, 0x53, 0xFF, 0xEF, 0xFF, 0xBF, 0xFE, 0xFF, 0xFB, 0xFF, 0xEF, 0xFF, 0x80,
    0x00, 0x00, 0x00, 0x00, 0xAA, 0x40, 0x00, 0x00, 0x00, 0xBF, 0xD0, 0x00, 0x00, 0x00, 0x3F, 0xF0,
    0x00, 0x00, 0x00, 0x1F, 0xF8, 0x00, 0x00, 0x00, 0x0B, 0xFD, 0x00, 0x00, 0x00, 0x03, 0xFF, 0x00,
    0x00, 0x00, 0x01, 0xFF, 0x80, 0x00, 0x00, 0x00, 0xFF, 0xD0, 0x00, 0x00, 0x00, 0x3F, 0xF0, 0x00,
    0x00, 0x00, 0x1F, 0xF8, 0x00, 0x00, 0x00, 0x0F, 0xFD, 0x00, 0x00, 0x00, 0x03, 0xFF, 0x00, 0x00,
    0x00, 0x01, 0xFF, 0x80, 0x00, 0x00, 0x00, 0xFF, 0xD0, 0x00, 0x00, 0x00, 0x3F, 0xF0, 0x00, 0x00,
    0x00, 0x2F, 0xF8, 0x00, 0x00, 0x00, 0x0F, 0xFD, 0x00, 0x00, 0x00, 0x03, 0xFF, 0x00, 0x00, 0x00,
    0x02, 0xFF, 0x80, 0x00, 0x00, 0x00, 0xFF, 0xC0, 0x00, 0x00, 0x00, 0x3F, 0xF0, 0x00, 0x00, 0x00,
    0x2F, 0xF8, 0x00, 0x00, 0x00, 0x0F, 0xFC, 0x00, 0x00, 0x00, 0x07, 0xFF, 0x00, 0x00, 0x00, 0x02,
    0xFF, 0x80, 0x00, 0x00, 0x00, 0xFF, 0xC0, 0x00, 0x00, 0x00, 0x7F, 0xF0, 0x00, 0x00, 0x00, 0x2F,
    0xF4, 0x00, 0x00, 0x00, 0x0F, 0xFC, 0x00, 0x00, 0x00, 0x07, 0xFF, 0x00, 0x00, 0x00, 0x02, 0xFF,
    0x40, 0x00, 0x00, 0x00, 0xFF, 0xC0, 0x00, 0x00, 0x00, 0x7F, 0xF0, 0x00, 0x00, 0x00, 0x2F, 0xF4,
    0x00, 0x00, 0x00, 0x0F, 0xFC, 0x00, 0x00, 0x00, 0x07, 0xFE, 0x00, 0x00, 0x00, 0x02, 0xFF, 0x40,
    0x00, 0x00, 0x00, 0xFF, 0xC0, 0x00, 0x00, 0x00, 0x7F, 0xE0, 0x00, 0x00, 0x00, 0x3F, 0xF4, 0x00,
    0x00, 0x00, 0x0F, 0xFC, 0x00, 0x00, 0x00, 0x07, 0xFE, 0x00, 0x00, 0x00, 0x03, 0xFF, 0x40, 0x00,
    0x00, 0x00, 0xAA, 0x80, 0x00, 0x00, 0x00, 0x00, 0x00, 0x00, 0x05, 0x00, 0x00, 0x00, 0x00, 0x00,
    0x01, 0xBF, 0xFF, 0xE0, 0x00, 0x00, 0x00, 0x00, 0xFF, 0xFF, 0xFF, 0xE0, 0x00, 0x00, 0x00, 0x7F,
    0xFF, 0xFF, 0xFF, 0xD0, 0x00, 0x00, 0x2F, 0xFF, 0xFF, 0xFF, 0xFF, 0x40, 0x00, 0x07, 0xFF, 0xFF,
    0xAF, 0xFF, 0xFC, 0x00, 0x00, 0xFF, 0xFD, 0x00, 0x07, 0xFF, 0xF0, 0x00, 0x3F, 0xFE, 0x00, 0x00,
    0x0F, 0xFF, 0x80, 0x07, 0xFF, 0xC0, 0x00, 0x00, 0x3F, 0xFC, 0x00, 0xFF, 0xF0, 0x00, 0x00, 0x01,
    0xFF, 0xE0, 0x0F, 0xFE, 0x00, 0x00, 0x00, 0x0F, 0xFF, 0x02, 0xFF, 0xC0, 0x00, 0x00, 0x00, 0x7F,
    0xF4, 0x3F, 0xFC, 0x00, 0x00, 0x00, 0x03, 0xFF, 0x83, 0xFF, 0x80, 0x00, 0x00, 0x00, 0x3F, 0xFC,
    0x3F, 0xF4, 0x00, 0x00, 0x00, 0x02, 0xFF, 0xC7, 0xFF, 0x40, 0x00, 0x00, 0x00, 0x2F, 0xFC, 0x7F,
    0xF0, 0x00, 0x00, 0x00, 0x01, 0xFF, 0xC7, 0xFF, 0x00, 0x00, 0x00, 0x00, 0x1F, 0xFC, 0xBF, 0xF0,
    0x00, 0x00, 0x00, 0x01, 0xFF, 0xDB, 0xFF, 0x00, 0x00, 0x00, 0x00, 0x1F, 0xFD, 0xBF, 0xF0, 0x00,
    0x00, 0x00, 0x01, 0xFF, 0xD7, 0xFF, 0x00, 0x00, 0x00, 0x00, 0x1F, 0xFC, 0x7F, 0xF0, 0x00, 0x00,
    0x00, 0x01, 0xFF, 0xC7, 0xFF, 0x40, 0x00, 0x00, 0x00, 0x2F, 0xFC, 0x3F, 0xF8, 0x00, 0x00, 0x00,
    0x03, 0xFF, 0xC3, 0xFF, 0x80, 0x00, 0x00, 0x00, 0x3F, 0xF8, 0x2F, 0xFC, 0x00, 0x00, 0x00, 0x07,
    0xFF, 0x41, 0xFF, 0xD0, 0x00, 0x00, 0x00, 0xBF, 0xF0, 0x0F, 0xFF, 0x00, 0x00, 0x00, 0x0F, 0xFF,
    0x00, 0xBF, 0xF4, 0x00, 0x00, 0x02, 0xFF, 0xD0, 0x03, 0xFF, 0xD0, 0x00, 0x00, 0xBF, 0xFC, 0x00,
    0x2F, 0xFF, 0x40, 0x00, 0x2F, 0xFF, 0x40, 0x00, 0xFF, 0xFF, 0x50, 0x6F, 0xFF, 0xE0, 0x00, 0x03,
    0xFF, 0xFF, 0xFF, 0xFF, 0xFC, 0x00, 0x00, 0x0F, 0xFF, 0xFF, 0xFF, 0xFF, 0x00, 0x00, 0x00, 0x2F,
    0xFF, 0xFF, 0xFF, 0x80, 0x00, 0x00, 0x00, 0x7F, 0xFF, 0xFF, 0x80, 0x00, 0x00, 0x00, 0x00, 0x1A,
    0xFA, 0x40, 0x00, 0x00, 0x00, 0x00, 0x0A, 0x90, 0x00, 0x01, 0xFF, 0x00, 0x00, 0x2F, 0xF0, 0x00,
    0x03, 0xFF, 0x00, 0x00, 0x3F, 0xF0, 0x00, 0x1F, 0xFF, 0x2A, 0xBF, 0xFF, 0xF3, 0xFF, 0xFF, 0xFF,
    0x3F, 0xFF, 0xFF, 0xF3, 0xFF, 0xFF, 0xFF, 0x2A, 0xAA, 0xFF, 0xF0, 0x00, 0x0B, 0xFF, 0x00, 0x00,
    0xBF, 0xF0, 0x00, 0x0B, 0xFF, 0x00, 0x00, 0xBF, 0xF0, 0x00, 0x0B, 0xFF, 0x00, 0x00, 0xBF, 0xF0,
    0x00, 0x0B, 0xFF, 0x00, 0x00, 0xBF, 0xF0, 0x00, 0x0B, 0xFF, 0x00, 0x00, 0xBF, 0xF0, 0x00, 0x0B,
    0xFF, 0x00, 0x00, 0xBF, 0xF0, 0x00, 0x0B, 0xFF, 0x00, 0x00, 0xBF, 0xF0, 0x00, 0x0B, 0xFF, 0x00,
    0x00, 0xBF, 0xF0, 0x00, 0x0B, 0xFF, 0x00, 0x00, 0xBF, 0xF0, 0x00, 0x0B, 0xFF, 0x00, 0x00, 0xBF,
    0xF0, 0x00, 0x0B, 0xFF, 0x00, 0x00, 0xBF, 0xF0, 0x00, 0x0B, 0xFF, 0x00, 0x00, 0xBF, 0xF0, 0x00,
    0x0B, 0xFF, 0x00, 0x00, 0x00, 0x15, 0x00, 0x00, 0x00, 0x00, 0x00, 0xBF, 0xFF, 0xF8, 0x00, 0x00,
    0x00, 0x2F, 0xFF, 0xFF, 0xFE, 0x00, 0x00, 0x07, 0xFF, 0xFF, 0xFF, 0xFF, 0x40, 0x00, 0x7F, 0xFF,
    0xFF, 0xFF, 0xFF, 0x40, 0x07, 0xFF, 0xFF, 0xAB, 0xFF, 0xFF, 0x00, 0x3F, 0xFF, 0x80, 0x00, 0xBF,
    0xFE, 0x02, 0xFF, 0xF0, 0x00, 0x00, 0x7F, 0xFC, 0x0F, 0xFF, 0x40, 0x00, 0x00, 0xBF, 0xF0, 0x7F,
    0xF8, 0x00, 0x00, 0x01, 0xFF, 0xD2, 0xFF, 0xD0, 0x00, 0x00, 0x03, 0xFF, 0x8F, 0xFF, 0x00, 0x00,
    0x00, 0x0F, 0xFE, 0x15, 0xA8, 0x00, 0x00, 0x00, 0x3F, 0xF4, 0x00, 0x00, 0x00, 0x00, 0x01, 0xFF,
    0xD0, 0x00, 0x00, 0x00, 0x00, 0x0F, 0xFF, 0x00, 0x00, 0x00, 0x00, 0x00, 0xFF, 0xFC, 0x00, 0x00,
    0x00, 0x00, 0x1F, 0xFF, 0xD0, 0x00, 0x00, 0x00, 0x02, 0xFF, 0xFE, 0x00, 0x00, 0x00, 0x00, 0xBF,
    0xFF, 0xE0, 0x00, 0x00, 0x00, 0x1F, 0xFF, 0xFE, 0x00, 0x00, 0x00, 0x03, 0xFF, 0xFF, 0xD0, 0x00,
    0x00, 0x00, 0xBF, 0xFF, 0xF8, 0x00, 0x00, 0x00, 0x0F, 0xFF, 0xFE, 0x00, 0x00, 0x00, 0x01, 0xFF,
    0xFF, 0xD0, 0x00, 0x00, 0x00, 0x1F, 0xFF, 0xF4, 0x00, 0x00, 0x00, 0x00, 0xFF, 0xFE, 0x00, 0x00,
    0x00, 0x00, 0x0F, 0xFF, 0xD0, 0x00, 0x00, 0x00, 0x00, 0xBF, 0xFD, 0x00, 0x00, 0x00, 0x00, 0x03,
    0xFF, 0xD0, 0x00, 0x00, 0x00, 0x00, 0x2F, 0xFE, 0x00, 0x00, 0x00, 0x00, 0x00, 0xFF, 0xF0, 0x00,
    0x00, 0x00, 0x00, 0x07, 0xFF, 0x80, 0x00, 0x00, 0x00, 0x00, 0x2F, 0xFF, 0xFF, 0xFF, 0xFF, 0xFF,
    0xF8, 0xFF, 0xFF, 0xFF, 0xFF, 0xFF, 0xFF, 0xE3, 0xFF, 0xFF, 0xFF, 0xFF, 0xFF, 0xFF, 0x8F, 0xFF,
    0xFF, 0xFF, 0xFF, 0xFF, 0xFE, 0x3F, 0xFF, 0xFF, 0xFF, 0xFF, 0xFF, 0xF8, 0x00, 0x00, 0x00, 0x54,
    0x00, 0x00, 0x00, 0x00, 0x06, 0xFF, 0xFF, 0xE4, 0x00, 0x00, 0x00, 0xFF, 0xFF, 0xFF, 0xFD, 0x00,
    0x00, 0x1F, 0xFF, 0xFF, 0xFF, 0xFE, 0x00, 0x01, 0xFF, 0xFF, 0xFF, 0xFF, 0xFE, 0x00, 0x0F, 0xFF,
    0xFE, 0xAF, 0xFF, 0xFD, 0x00, 0xFF, 0xFD, 0x00, 0x01, 0xFF, 0xFC, 0x03, 0xFF, 0xC0, 0x00, 0x00,
    0xFF, 0xF0, 0x2F, 0xFD, 0x00, 0x00, 0x01, 0xFF, 0xD0, 0xBF, 0xF0, 0x00, 0x00, 0x03, 0xFF, 0x80,
    0x00, 0x00, 0x00, 0x00, 0x0F, 0xFE, 0x00, 0x00, 0x00, 0x00, 0x00, 0x3F, 0xF8, 0x00, 0x00, 0x00,
    0x00, 0x00, 0xFF, 0xD0, 0x00, 0x00, 0x00, 0x00, 0x0B, 0xFF, 0x00, 0x00, 0x00, 0x00, 0x00, 0x7F,
    0xF8, 0x00, 0x00, 0x00, 0x00, 0x1F, 0xFF, 0x80, 0x00, 0x00, 0x0B, 0xFF, 0xFF, 0xF8, 0x00, 0x00,
    0x00, 0x2F, 0xFF, 0xFE, 0x00, 0x00, 0x00, 0x00, 0xBF, 0xFF, 0xF9, 0x00, 0x00, 0x00, 0x02, 0xFF,
    0xFF, 0xFE, 0x00, 0x00, 0x00, 0x06, 0xAB, 0xFF, 0xFF, 0x00, 0x00, 0x00, 0x00, 0x00, 0x7F, 0xFF,
    0x00, 0x00, 0x00, 0x00, 0x00, 0x2F, 0xFE, 0x00, 0x00, 0x00, 0x00, 0x00, 0x2F, 0xFC, 0x00, 0x00,
    0x00, 0x00, 0x00, 0x3F, 0xF8, 0x00, 0x00, 0x00, 0x00, 0x00, 0xFF, 0xE0, 0x00, 0x00, 0x00, 0x00,
    0x03, 0xFF, 0xDA, 0xBC, 0x00, 0x00, 0x00, 0x0F, 0xFF, 0x7F, 0xF0, 0x00, 0x00, 0x00, 0x3F, 0xFD,
    0xFF, 0xE0, 0x00, 0x00, 0x01, 0xFF, 0xE3, 0xFF, 0xC0, 0x00, 0x00, 0x0F, 0xFF, 0x4B, 0xFF, 0xD0,
    0x00, 0x00, 0xFF, 0xFC, 0x0F, 0xFF, 0xF9, 0x01, 0xBF, 0xFF, 0xD0, 0x1F, 0xFF, 0xFF, 0xFF, 0xFF,
    0xFE, 0x00, 0x1F, 0xFF, 0xFF, 0xFF, 0xFF, 0xE0, 0x00, 0x1F, 0xFF, 0xFF, 0xFF, 0xFD, 0x00, 0x00,
    0x0B, 0xFF, 0xFF, 0xFF, 0x80, 0x00, 0x00, 0x00, 0x6B, 0xFA, 0x40, 0x00, 0x00, 0x00, 0x00, 0x00,
    0x00, 0x1A, 0xA9, 0x00, 0x00, 0x00, 0x00, 0x00, 0x0F, 0xFF, 0x80, 0x00, 0x00, 0x00, 0x00, 0x0F,
    0xFF, 0xE0, 0x00, 0x00, 0x00, 0x00, 0x0B, 0xFF, 0xF8, 0x00, 0x00, 0x00, 0x00, 0x07, 0xFF, 0xFE,
    0x00, 0x00, 0x00, 0x00, 0x03, 0xFF, 0xFF, 0x80, 0x00, 0x00, 0x00, 0x02, 0xFF, 0xFF, 0xE0, 0x00,
    0x00, 0x00, 0x01, 0xFF, 0xFF, 0xF8, 0x00, 0x00, 0x00, 0x00, 0xFF, 0xFF, 0xFE, 0x00, 0x00, 0x00,
    0x00, 0xFF, 0xF2, 0xFF, 0x80, 0x00, 0x00, 0x00, 0xBF, 0xF4, 0xBF, 0xE0, 0x00, 0x00, 0x00, 0x7F,
    0xF8, 0x2F, 0xF8, 0x00, 0x00, 0x00, 0x3F, 0xFC, 0x0B, 0xFE, 0x00, 0x00, 0x00, 0x3F, 0xFC, 0x02,
    0xFF, 0x80, 0x00, 0x00, 0x2F, 0xFD, 0x00, 0xBF, 0xE0, 0x00, 0x00, 0x1F, 0xFE, 0x00, 0x2F, 0xF8,
    0x00, 0x00, 0x0F, 0xFF, 0x00, 0x0B, 0xFE, 0x00, 0x00, 0x0F, 0xFF, 0x00, 0x02, 0xFF, 0x80, 0x00,
    0x0B, 0xFF, 0x40, 0x00, 0xBF, 0xE0, 0x00, 0x07, 0xFF, 0x80, 0x00, 0x2F, 0xF8, 0x00, 0x03, 0xFF,
    0xC0, 0x00, 0x0B, 0xFE, 0x00, 0x02, 0xFF, 0xC0, 0x00, 0x02, 0xFF, 0x80, 0x01, 0xFF, 0xD0, 0x00,
    0x00, 0xBF, 0xE0, 0x00, 0xFF, 0xF5, 0x55, 0x55, 0x7F, 0xFD, 0x54, 0xBF, 0xFF, 0xFF, 0xFF, 0xFF,
    0xFF, 0xFF, 0x2F, 0xFF, 0xFF, 0xFF, 0xFF, 0xFF, 0xFF, 0xCB, 0xFF, 0xFF, 0xFF, 0xFF, 0xFF, 0xFF,
    0xF2, 0xFF, 0xFF, 0xFF, 0xFF, 0xFF, 0xFF, 0xFC, 0x6A, 0xAA, 0xAA, 0xAA, 0xAF, 0xFF, 0xAA, 0x00,
    0x00, 0x00, 0x00, 0x02, 0xFF, 0x80, 0x00, 0x00, 0x00, 0x00, 0x00, 0xBF, 0xE0, 0x00, 0x00, 0x00,
    0x00, 0x00, 0x2F, 0xF8, 0x00, 0x00, 0x00, 0x00, 0x00, 0x0B, 0xFE, 0x00, 0x00, 0x00, 0x00, 0x00,
    0x02, 0xFF, 0x80, 0x00, 0x00, 0x00, 0x00, 0x00, 0xBF, 0xE0, 0x00, 0x00, 0x00, 0x00, 0x00, 0x2F,
    0xF8, 0x00, 0x00, 0xAA, 0xAA, 0xAA, 0xAA, 0xAA, 0x40, 0x01, 0xFF, 0xFF, 0xFF, 0xFF, 0xFF, 0x80,
    0x01, 0xFF, 0xFF, 0xFF, 0xFF, 0xFF, 0x80, 0x02, 0xFF, 0xFF, 0xFF, 0xFF, 0xFF, 0x80, 0x02, 0xFF,
    0xFF, 0xFF, 0xFF, 0xFF, 0x80, 0x03, 0xFF, 0xD5, 0x55, 0x55, 0x55, 0x40, 0x03, 0xFF, 0x80, 0x00,
    0x00, 0x00, 0x00, 0x03, 0xFF, 0x40, 0x00, 0x00, 0x00, 0x00, 0x03, 0xFF, 0x40, 0x00, 0x00, 0x00,
    0x00, 0x03, 0xFF, 0x00, 0x00, 0x00, 0x00, 0x00, 0x07, 0xFF, 0x00, 0x00, 0x00, 0x00, 0x00, 0x07,
    0xFF, 0x00, 0x00, 0x00, 0x00, 0x00, 0x0B, 0xFF, 0x00, 0x6A, 0x94, 0x00, 0x00, 0x0B, 0xFE, 0x1F,
    0xFF, 0xFF, 0x80, 0x00, 0x0F, 0xFE, 0xBF, 0xFF, 0xFF, 0xF4, 0x00, 0x0F, 0xFF, 0xFF, 0xFF, 0xFF,
    0xFE, 0x00, 0x0F, 0xFF, 0xFF, 0xFF, 0xFF, 0xFF, 0x40, 0x0F, 0xFF, 0xF9, 0x00, 0x6F, 0xFF, 0xC0,
    0x1F, 0xFF, 0xC0, 0x00, 0x03, 0xFF, 0xE0, 0x1F, 0xFF, 0x00, 0x00, 0x00, 0xFF, 0xF0, 0x1A, 0xA8,
    0x00, 0x00, 0x00, 0x7F, 0xF8, 0x00, 0x00, 0x00, 0x00, 0x00, 0x3F, 0xFC, 0x00, 0x00, 0x00, 0x00,
    0x00, 0x2F, 0xFC, 0x00, 0x00, 0x00, 0x00, 0x00, 0x2F, 0xFC, 0x00, 0x00, 0x00, 0x00, 0x00, 0x2F,
    0xFC, 0x00, 0x00, 0x00, 0x00, 0x00, 0x2F, 0xFC, 0x16, 0xA4, 0x00, 0x00, 0x00, 0x2F, 0xFC, 0x3F,
    0xFC, 0x00, 0x00, 0x00, 0x3F, 0xFC, 0x2F, 0xFC, 0x00, 0x00, 0x00, 0x7F, 0xF4, 0x1F, 0xFF, 0x00,
    0x00, 0x00, 0xFF, 0xF0, 0x0F, 0xFF, 0xC0, 0x00, 0x07, 0xFF, 0xE0, 0x07, 0xFF, 0xF9, 0x41, 0x7F,
    0xFF, 0xC0, 0x03, 0xFF, 0xFF, 0xFF, 0xFF, 0xFF, 0x40, 0x00, 0xFF, 0xFF, 0xFF, 0xFF, 0xFD, 0x00,
    0x00, 0x2F, 0xFF, 0xFF, 0xFF, 0xF0, 0x00, 0x00, 0x02, 0xFF, 0xFF, 0xFF, 0x40, 0x00, 0x00, 0x00,
    0x1A, 0xBE, 0x90, 0x00, 0x00, 0x00, 0x00, 0x00, 0x05, 0x00, 0x00, 0x00, 0x00, 0x00, 0x2F, 0xFF,
    0xF9, 0x00, 0x00, 0x00, 0x0B, 0xFF, 0xFF, 0xFF, 0x00, 0x00, 0x00, 0xFF, 0xFF, 0xFF, 0xFF, 0x40,
    0x00, 0x0F, 0xFF, 0xFF, 0xFF, 0xFF, 0x40, 0x00, 0xFF, 0xFF, 0xEA, 0xFF, 0xFF, 0x00, 0x0B, 0xFF,
    0xE0, 0x00, 0x3F, 0xFE, 0x00, 0x3F, 0xFC, 0x00, 0x00, 0x3F, 0xFC, 0x02, 0xFF, 0xD0, 0x00, 0x00,
    0x3F, 0xF4, 0x0F, 0xFE, 0x00, 0x00, 0x00, 0xBA, 0x90, 0x7F, 0xF0, 0x00, 0x00, 0x00, 0x00, 0x03,
    0xFF, 0x80, 0x00, 0x00, 0x00, 0x00, 0x0F, 0xFD, 0x00, 0x00, 0x00, 0x00, 0x00, 0x7F, 0xF0, 0x01,
    0xAA, 0x50, 0x00, 0x01, 0xFF, 0xC1, 0xFF, 0xFF, 0xF8, 0x00, 0x0B, 0xFE, 0x2F, 0xFF, 0xFF, 0xFD,
    0x00, 0x2F, 0xFB, 0xFF, 0xFF, 0xFF, 0xFE, 0x00, 0xFF, 0xFF, 0xFF, 0xFF, 0xFF, 0xFD, 0x03, 0xFF,
    0xFF, 0x90, 0x02, 0xFF, 0xFC, 0x0F, 0xFF, 0xF4, 0x00, 0x00, 0xFF, 0xF8, 0x3F, 0xFF, 0x00, 0x00,
    0x00, 0xFF, 0xF0, 0xFF, 0xF8, 0x00, 0x00, 0x02, 0xFF, 0xD3, 0xFF, 0xC0, 0x00, 0x00, 0x03, 0xFF,
    0x8F, 0xFF, 0x00, 0x00, 0x00, 0x0F, 0xFE, 0x3F, 0xF8, 0x00, 0x00, 0x00, 0x2F, 0xFC, 0xFF, 0xE0,
    0x00, 0x00, 0x00, 0xBF, 0xF2, 0xFF, 0x80, 0x00, 0x00, 0x03, 0xFF, 0xC7, 0xFF, 0x00, 0x00, 0x00,
    0x0F, 0xFE, 0x0F, 0xFC, 0x00, 0x00, 0x00, 0x3F, 0xF8, 0x3F, 0xF8, 0x00, 0x00, 0x02, 0xFF, 0xD0,
    0xBF, 0xF4, 0x00, 0x00, 0x1F, 0xFF, 0x00, 0xFF, 0xF4, 0x00, 0x01, 0xFF, 0xF4, 0x01, 0xFF, 0xFD,
    0x00, 0x7F, 0xFF, 0xC0, 0x03, 0xFF, 0xFF, 0xFF, 0xFF, 0xFC, 0x00, 0x03, 0xFF, 0xFF, 0xFF, 0xFF,
    0xC0, 0x00, 0x02, 0xFF, 0xFF, 0xFF, 0xFC, 0x00, 0x00, 0x01, 0xFF, 0xFF, 0xFF, 0x40, 0x00, 0x00,
    0x00, 0x1A, 0xFA, 0x40, 0x00, 0x00, 0xAA, 0xAA, 0xAA, 0xAA, 0xAA, 0xAA, 0x9F, 0xFF, 0xFF, 0xFF,
    0xFF, 0xFF, 0xFE, 0xFF, 0xFF, 0xFF, 0xFF, 0xFF, 0xFF, 0xEF, 0xFF, 0xFF, 0xFF, 0xFF, 0xFF, 0xFE,
    0xFF, 0xFF, 0xFF, 0xFF, 0xFF, 0xFF, 0xE5, 0x55, 0x55, 0x55, 0x55, 0x6F, 0xFC, 0x00, 0x00, 0x00,
    0x00, 0x03, 0xFF, 0x40, 0x00, 0x00, 0x00, 0x00, 0xFF, 0xE0, 0x00, 0x00, 0x00, 0x00, 0x2F, 0xF8,
    0x00, 0x00, 0x00, 0x00, 0x07, 0xFF, 0x00, 0x00, 0x00, 0x00, 0x00, 0xFF, 0xD0, 0x00, 0x00, 0x00,
    0x00, 0x2F, 0xF8, 0x00, 0x00, 0x00, 0x00, 0x07, 0xFF, 0x00, 0x00, 0x00, 0x00, 0x00, 0xFF, 0xD0,
    0x00, 0x00, 0x00, 0x00, 0x2F, 0xF8, 0x00, 0x00, 0x00, 0x00, 0x03, 0xFF, 0x00, 0x00, 0x00, 0x00,
    0x00, 0xBF, 0xE0, 0x00, 0x00, 0x00, 0x00, 0x0F, 0xFC, 0x00, 0x00, 0x00, 0x00, 0x02, 0xFF, 0x80,
    0x00, 0x00, 0x00, 0x00, 0x3F, 0xF0, 0x00, 0x00, 0x00, 0x00, 0x07, 0xFF, 0x00, 0x00, 0x00, 0x00,
    0x00, 0xBF, 0xD0, 0x00, 0x00, 0x00, 0x00, 0x0F, 0xFC, 0x00, 0x00, 0x00, 0x00, 0x01, 0xFF, 0xC0,
    0x00, 0x00, 0x00, 0x00, 0x2F, 0xF8, 0x00, 0x00, 0x00, 0x00, 0x03, 0xFF, 0x40, 0x00, 0x00, 0x00,
    0x00, 0x3F, 0xF0, 0x00, 0x00, 0x00, 0x00, 0x07, 0xFF, 0x00, 0x00, 0x00, 0x00, 0x00, 0xBF, 0xE0,
    0x00, 0x00, 0x00, 0x00, 0x0F, 0xFE, 0x00, 0x00, 0x00, 0x00, 0x00, 0xFF, 0xD0, 0x00, 0x00, 0x00,
    0x00, 0x0F, 0xFD, 0x00, 0x00, 0x00, 0x00, 0x00, 0xFF, 0xD0, 0x00, 0x00, 0x00, 0x00, 0x1F, 0xFC,
    0x00, 0x00, 0x00, 0x00, 0x01, 0xFF, 0xC0, 0x00, 0x00, 0x00, 0x00, 0x1F, 0xFC, 0x00, 0x00, 0x00,
    0x00, 0x00, 0x00, 0x15, 0x00, 0x00, 0x00, 0x00, 0x00, 0x0B, 0xFF, 0xFF, 0x90, 0x00, 0x00, 0x00,
    0x2F, 0xFF, 0xFF, 0xFF, 0x00, 0x00, 0x00, 0x7F, 0xFF, 0xFF, 0xFF, 0xF4, 0x00, 0x00, 0x3F, 0xFF,
    0xFF, 0xFF, 0xFF, 0x40, 0x00, 0x3F, 0xFF, 0xFA, 0xAF, 0xFF, 0xF0, 0x00, 0x2F, 0xFF, 0x80, 0x00,
    0x7F, 0xFF, 0x00, 0x0F, 0xFF, 0x40, 0x00, 0x03, 0xFF, 0xC0, 0x03, 0xFF, 0x80, 0x00, 0x00, 0x7F,
    0xF4, 0x01, 0xFF, 0xD0, 0x00, 0x00, 0x0F, 0xFE, 0x00, 0x7F, 0xF0, 0x00, 0x00, 0x03, 0xFF, 0x80,
    0x1F, 0xFD, 0x00, 0x00, 0x00, 0xFF, 0xE0, 0x03, 0xFF, 0x40, 0x00, 0x00, 0x3F, 0xF4, 0x00, 0xFF,
    0xF0, 0x00, 0x00, 0x2F, 0xFC, 0x00, 0x1F, 0xFE, 0x00, 0x00, 0x2F, 0xFE, 0x00, 0x02, 0xFF, 0xF9,
    0x00, 0x7F, 0xFF, 0x00, 0x00, 0x2F, 0xFF, 0xFF, 0xFF, 0xFE, 0x00, 0x00, 0x00, 0xBF, 0xFF, 0xFF,
    0xFD, 0x00, 0x00, 0x00, 0x7F, 0xFF, 0xFF, 0xFF, 0x80, 0x00, 0x01, 0xFF, 0xFF, 0xFF, 0xFF, 0xFD,
    0x00, 0x01, 0xFF, 0xFE, 0x55, 0x6F, 0xFF, 0xE0, 0x00, 0xFF, 0xF4, 0x00, 0x00, 0x7F, 0xFE, 0x00,
    0xFF, 0xF0, 0x00, 0x00, 0x03, 0xFF, 0xC0, 0x7F, 0xF4, 0x00, 0x00, 0x00, 0x3F, 0xF8, 0x2F, 0xFC,
    0x00, 0x00, 0x00, 0x0B, 0xFF, 0x0F, 0xFE, 0x00, 0x00, 0x00, 0x01, 0xFF, 0xC3, 0xFF, 0x80, 0x00,
    0x00, 0x00, 0x7F, 0xF4, 0xFF, 0xE0, 0x00, 0x00, 0x00, 0x1F, 0xFD, 0x3F, 0xFC, 0x00, 0x00, 0x00,
    0x0B, 0xFF, 0x4F, 0xFF, 0x00, 0x00, 0x00, 0x03, 0xFF, 0xC2, 0xFF, 0xF0, 0x00, 0x00, 0x02, 0xFF,
    0xF0, 0x3F, 0xFF, 0x00, 0x00, 0x02, 0xFF, 0xF8, 0x0B, 0xFF, 0xFE, 0x40, 0x5B, 0xFF, 0xFC, 0x00,
    0xFF, 0xFF, 0xFF, 0xFF, 0xFF, 0xFD, 0x00, 0x0F, 0xFF, 0xFF, 0xFF, 0xFF, 0xFD, 0x00, 0x00, 0xBF,
    0xFF, 0xFF, 0xFF, 0xFC, 0x00, 0x00, 0x02, 0xFF, 0xFF, 0xFF, 0xE4, 0x00, 0x00, 0x00, 0x01, 0xAF,
    0xE9, 0x40, 0x00, 0x00, 0x00, 0x00, 0x00, 0x54, 0x00, 0x00, 0x00, 0x00, 0x01, 0xFF, 0xFF, 0xE0,
    0x00, 0x00, 0x00, 0x7F, 0xFF, 0xFF, 0xF8, 0x00, 0x00, 0x0F, 0xFF, 0xFF, 0xFF, 0xFC, 0x00, 0x00,
    0xFF, 0xFF, 0xFF, 0xFF, 0xFC, 0x00, 0x0B, 0xFF, 0xFE, 0xAB, 0xFF, 0xFC, 0x00, 0x7F, 0xFE, 0x00,
    0x01, 0xFF, 0xF8, 0x03, 0xFF, 0xE0, 0x00, 0x00, 0xFF, 0xF0, 0x1F, 0xFF, 0x00, 0x00, 0x01, 0xFF,
    0xD0, 0xBF, 0xF0, 0x00, 0x00, 0x03, 0xFF, 0xC3, 0xFF, 0xC0, 0x00, 0x00, 0x07, 0xFF, 0x0F, 0xFE,
    0x00, 0x00, 0x00, 0x0F, 0xFD, 0x3F, 0xF4, 0x00, 0x00, 0x00, 0x3F, 0xF8, 0xFF, 0xD0, 0x00, 0x00,
    0x00, 0xFF, 0xE3, 0xFF, 0x80, 0x00, 0x00, 0x03, 0xFF, 0xCF, 0xFE, 0x00, 0x00, 0x00, 0x0F, 0xFF,
    0x2F, 0xFC, 0x00, 0x00, 0x00, 0x7F, 0xFC, 0x7F, 0xF4, 0x00, 0x00, 0x03, 0xFF, 0xF0, 0xFF, 0xF0,
    0x00, 0x00, 0x2F, 0xFF, 0xC2, 0xFF, 0xF0, 0x00, 0x02, 0xFF, 0xFF, 0x03, 0xFF, 0xF9, 0x01, 0xBF,
    0xFF, 0xFC, 0x07, 0xFF, 0xFF, 0xFF, 0xFF, 0xFF, 0xE0, 0x07, 0xFF, 0xFF, 0xFF, 0xF6, 0xFF, 0x80,
    0x07, 0xFF, 0xFF, 0xFF, 0x4F, 0xFE, 0x00, 0x02, 0xFF, 0xFF, 0xE0, 0x3F, 0xF4, 0x00, 0x00, 0x1A,
    0x94, 0x00, 0xFF, 0xC0, 0x00, 0x00, 0x00, 0x00, 0x07, 0xFF, 0x00, 0x00, 0x00, 0x00, 0x00, 0x3F,
    0xF8, 0x00, 0x00, 0x00, 0x00, 0x00, 0xFF, 0xD0, 0x15, 0xA0, 0x00, 0x00, 0x0B, 0xFF, 0x01, 0xFF,
    0xD0, 0x00, 0x00, 0x7F, 0xF8, 0x03, 0xFF, 0xD0, 0x00, 0x0B, 0xFF, 0xC0, 0x07, 0xFF, 0xF4, 0x06,
    0xFF, 0xFD, 0x00, 0x0B, 0xFF, 0xFF, 0xFF, 0xFF, 0xE0, 0x00, 0x0F, 0xFF, 0xFF, 0xFF, 0xFF, 0x00,
    0x00, 0x0B, 0xFF, 0xFF, 0xFF, 0xE0, 0x00, 0x00, 0x07, 0xFF, 0xFF, 0xF8, 0x00, 0x00, 0x00, 0x00,
    0x6B, 0xE9, 0x00, 0x00, 0x00, 0x15, 0x52, 0xFF, 0xFB, 0xFF, 0xEF, 0xFF, 0xBF, 0xFE, 0xFF, 0xFB,
    0xFF, 0xC0, 0x00, 0x00, 0x00, 0x00, 0x00, 0x00, 0x00, 0x00, 0x00, 0x00, 0x00, 0x00, 0x00, 0x00,
    0x00, 0x00, 0x00, 0x00, 0x00, 0x00, 0x05, 0x54, 0xBF, 0xFE, 0xFF, 0xFB, 0xFF, 0xEF, 0xFF, 0xBF,
    0xFE, 0xFF, 0xF0, 0x15, 0x52, 0xFF, 0xFB, 0xFF, 0xEF, 0xFF, 0xBF, 0xFE, 0xFF, 0xFB, 0xFF, 0xC0,
    0x00, 0x00, 0x00, 0x00, 0x00, 0x00, 0x00, 0x00, 0x00, 0x00, 0x00, 0x00, 0x00, 0x00, 0x00, 0x00,
    0x00, 0x00, 0x00, 0x00, 0x05, 0x54, 0xBF, 0xFE, 0xFF, 0xFB, 0xFF, 0xEF, 0xFF, 0xBF, 0xFE, 0xFF,
    0xE0, 0x3F, 0x41, 0xFC, 0x0F, 0xE0, 0x3F, 0x01, 0xFC, 0x0B, 0xD0, 0x3F, 0x01, 0xF8, 0x00, 0x00,
    0x00, 0x00, 0x00, 0x00, 0x04, 0x00, 0x00, 0x00, 0x00, 0x02, 0xF0, 0x00, 0x00, 0x00, 0x00, 0xBF,
    0xC0, 0x00, 0x00, 0x00, 0x7F, 0xFF, 0x00, 0x00, 0x00, 0x1F, 0xFF, 0xFC, 0x00, 0x00, 0x0B, 0xFF,
    0xFF, 0xD0, 0x00, 0x02, 0xFF, 0xFF, 0xF4, 0x00, 0x01, 0xFF, 0xFF, 0xF9, 0x00, 0x00, 0x7F, 0xFF,
    0xFE, 0x00, 0x00, 0x2F, 0xFF, 0xFF, 0x40, 0x00, 0x0B, 0xFF, 0xFF, 0xD0, 0x00, 0x00, 0x3F, 0xFF,
    0xE4, 0x00, 0x00, 0x00, 0xFF, 0xF8, 0x00, 0x00, 0x00, 0x03, 0xFF, 0x00, 0x00, 0x00, 0x00, 0x0F,
    0xFF, 0x80, 0x00, 0x00, 0x00, 0x3F, 0xFF, 0xE4, 0x00, 0x00, 0x00, 0xBF, 0xFF, 0xFD, 0x00, 0x00,
    0x00, 0x2F, 0xFF, 0xFF, 0x40, 0x00, 0x00, 0x07, 0xFF, 0xFF, 0xE0, 0x00, 0x00, 0x01, 0xFF, 0xFF,
    0xF9, 0x00, 0x00, 0x00, 0x2F, 0xFF, 0xFF, 0x40, 0x00, 0x00, 0x0B, 0xFF, 0xFF, 0xD0, 0x00, 0x00,
    0x01, 0xFF, 0xFF, 0xC0, 0x00, 0x00, 0x00, 0x7F, 0xFF, 0x00, 0x00, 0x00, 0x00, 0x0B, 0xFC, 0x00,
    0x00, 0x00, 0x00, 0x02, 0xF0, 0x00, 0x00, 0x00, 0x00, 0x00, 0x40, 0xAA, 0xAA, 0xAA, 0xAA, 0xAA,
    0xA8, 0xFF, 0xFF, 0xFF, 0xFF, 0xFF, 0xFC, 0xFF, 0xFF, 0xFF, 0xFF, 0xFF, 0xFC, 0xFF, 0xFF, 0xFF,
    0xFF, 0xFF, 0xFC, 0xFF, 0xFF, 0xFF, 0xFF, 0xFF, 0xFC, 0x00, 0x00, 0x00, 0x00, 0x00, 0x00, 0x00,
    0x00, 0x00, 0x00, 0x00, 0x00, 0x00, 0x00, 0x00, 0x00, 0x00, 0x00, 0x00, 0x00, 0x00, 0x00, 0x00,
    0x00, 0x00, 0x00, 0x00, 0x00, 0x00, 0x00, 0x00, 0x00, 0x00, 0x00, 0x00, 0x00, 0xFF, 0xFF, 0xFF,
    0xFF, 0xFF, 0xFC, 0xFF, 0xFF, 0xFF, 0xFF, 0xFF, 0xFC, 0xFF, 0xFF, 0xFF, 0xFF, 0xFF, 0xFC, 0xFF,
    0xFF, 0xFF, 0xFF, 0xFF, 0xFC, 0xFF, 0xFF, 0xFF, 0xFF, 0xFF, 0xFC, 0x00, 0x00, 0x00, 0x00, 0x00,
    0x00, 0xB8, 0x00, 0x00, 0x00, 0x00, 0x00, 0xBF, 0xD0, 0x00, 0x00, 0x00, 0x00, 0xBF, 0xFD, 0x00,
    0x00, 0x00, 0x00, 0xBF, 0xFF, 0xE0, 0x00, 0x00, 0x00, 0x7F, 0xFF, 0xFE, 0x40, 0x00, 0x00, 0x06,
    0xFF, 0xFF, 0xF4, 0x00, 0x00, 0x00, 0x2F, 0xFF, 0xFF, 0x40, 0x00, 0x00, 0x01, 0xFF, 0xFF, 0xF8,
    0x00, 0x00, 0x00, 0x1F, 0xFF, 0xFF, 0x90, 0x00, 0x00, 0x00, 0xBF, 0xFF, 0xFC, 0x00, 0x00, 0x00,
    0x0B, 0xFF, 0xFD, 0x00, 0x00, 0x00, 0x00, 0x7F, 0xFD, 0x00, 0x00, 0x00, 0x00, 0x0B, 0xFD, 0x00,
    0x00, 0x00, 0x00, 0x7F, 0xFD, 0x00, 0x00, 0x00, 0x0B, 0xFF, 0xFD, 0x00, 0x00, 0x00, 0xBF, 0xFF,
    0xFC, 0x00, 0x00, 0x1F, 0xFF, 0xFF, 0x90, 0x00, 0x01, 0xFF, 0xFF, 0xF8, 0x00, 0x00, 0x2F, 0xFF,
    0xFF, 0x40, 0x00, 0x06, 0xFF, 0xFF, 0xF4, 0x00, 0x00, 0x7F, 0xFF, 0xFE, 0x40, 0x00, 0x00, 0xBF,
    0xFF, 0xE0, 0x00, 0x00, 0x00, 0xBF, 0xFD, 0x00, 0x00, 0x00, 0x00, 0xBF, 0xD0, 0x00, 0x00, 0x00,
    0x00, 0xB8, 0x00, 0x00, 0x00, 0x00, 0x00, 0x00, 0x00, 0x00, 0x00, 0x00, 0x00, 0x00, 0x00, 0x00,
    0x50, 0x00, 0x00, 0x00, 0x00, 0x6F, 0xFF, 0xF8, 0x00, 0x00, 0x01, 0xFF, 0xFF, 0xFF, 0xE0, 0x00,
    0x02, 0xFF, 0xFF, 0xFF, 0xFF, 0x40, 0x02, 0xFF, 0xFF, 0xFF, 0xFF, 0xF0, 0x02, 0xFF, 0xFF, 0xAA,
    0xFF, 0xFF, 0x00, 0xFF, 0xFC, 0x00, 0x07, 0xFF, 0xD0, 0xBF, 0xF8, 0x00, 0x00, 0x7F, 0xFC, 0x3F,
    0xFC, 0x00, 0x00, 0x0B, 0xFF, 0x1F, 0xFD, 0x00, 0x00, 0x01, 0xFF, 0xDB, 0xFF, 0x00, 0x00, 0x00,
    0x3F, 0xF7, 0xFF, 0xC0, 0x00, 0x00, 0x0F, 0xFD, 0x00, 0x00, 0x00, 0x00, 0x07, 0xFF, 0x40, 0x00,
    0x00, 0x00, 0x02, 0xFF, 0xC0, 0x00, 0x00, 0x00, 0x00, 0xFF, 0xF0, 0x00, 0x00, 0x00, 0x01, 0xFF,
    0xF4, 0x00, 0x00, 0x00, 0x02, 0xFF, 0xF8, 0x00, 0x00, 0x00, 0x07, 0xFF, 0xF8, 0x00, 0x00, 0x00,
    0x0B, 0xFF, 0xF4, 0x00, 0x00, 0x00, 0x0B, 0xFF, 0xF0, 0x00, 0x00, 0x00, 0x07, 0xFF, 0xD0, 0x00,
    0x00, 0x00, 0x03, 0xFF, 0xD0, 0x00, 0x00, 0x00, 0x00, 0xFF, 0xE0, 0x00, 0x00, 0x00, 0x00, 0x7F,
    0xF0, 0x00, 0x00, 0x00, 0x00, 0x1F, 0xFC, 0x00, 0x00, 0x00, 0x00, 0x0B, 0xFF, 0x00, 0x00, 0x00,
    0x00, 0x01, 0xAA, 0x40, 0x00, 0x00, 0x00, 0x00, 0x00, 0x00, 0x00, 0x00, 0x00, 0x00, 0x00, 0x00,
    0x00, 0x00, 0x00, 0x00, 0x00, 0x00, 0x00, 0x00, 0x00, 0x00, 0x01, 0x55, 0x40, 0x00, 0x00, 0x00,
    0x01, 0xFF, 0xF0, 0x00, 0x00, 0x00, 0x00, 0x7F, 0xFC, 0x00, 0x00, 0x00, 0x00, 0x1F, 0xFF, 0x00,
    0x00, 0x00, 0x00, 0x07, 0xFF, 0xC0, 0x00, 0x00, 0x00, 0x01, 0xFF, 0xF0, 0x00, 0x00, 0x00, 0x00,
    0x7F, 0xFC, 0x00, 0x00, 0x00, 0x00, 0x00, 0x00, 0x00, 0x01, 0x55, 0x54, 0x00, 0x00, 0x00, 0x00,
    0x00, 0x00, 0x00, 0x07, 0xFF, 0xFF, 0xFF, 0x90, 0x00, 0x00, 0x00, 0x00, 0x00, 0x07, 0xFF, 0xFF,
    0xFF, 0xFF, 0xF8, 0x00, 0x00, 0x00, 0x00, 0x01, 0xFF, 0xFF, 0xFF, 0xFF, 0xFF, 0xFD, 0x00, 0x00,
    0x00, 0x00, 0x2F, 0xFF, 0xFA, 0x55, 0x5B, 0xFF, 0xFE, 0x00, 0x00, 0x00, 0x03, 0xFF, 0xF8, 0x00,
    0x00, 0x00, 0x6F, 0xFF, 0x00, 0x00, 0x00, 0x3F, 0xFD, 0x00, 0x00, 0x00, 0x00, 0x0B, 0xFF, 0x00,
    0x00, 0x03, 0xFF, 0x80, 0x00, 0x00, 0x00, 0x00, 0x07, 0xFE, 0x00, 0x00, 0x3F, 0xF4, 0x00, 0x00,
    0x00, 0x00, 0x00, 0x07, 0xFD, 0x00, 0x02, 0xFF, 0x40, 0x00, 0x00, 0x00, 0x00, 0x00, 0x0B, 0xFC,
    0x00, 0x1F, 0xF4, 0x00, 0x00, 0x00, 0x00, 0x00, 0x00, 0x0F, 0xF4, 0x00, 0xFF, 0x80, 0x00, 0x1B,
    0xFF, 0x80, 0xFF, 0x40, 0x1F, 0xF0, 0x07, 0xFC, 0x00, 0x03, 0xFF, 0xFF, 0xE3, 0xFD, 0x00, 0x3F,
    0xC0, 0x3F, 0xD0, 0x00, 0x7F, 0xFF, 0xFF, 0xEF, 0xF4, 0x00, 0xBF, 0x81, 0xFF, 0x00, 0x03, 0xFF,
    0xFF, 0xFF, 0xFF, 0xC0, 0x01, 0xFE, 0x0B, 0xF8, 0x00, 0x3F, 0xFD, 0x00, 0x2F, 0xFF, 0x00, 0x03,
    0xFC, 0x3F, 0xC0, 0x02, 0xFF, 0xC0, 0x00, 0x2F, 0xFC, 0x00, 0x0F, 0xF0, 0xFF, 0x00, 0x0F, 0xFC,
    0x00, 0x00, 0x3F, 0xF0, 0x00, 0x3F, 0xC7, 0xF8, 0x00, 0x7F, 0xE0, 0x00, 0x00, 0xFF, 0xC0, 0x00,
    0xFF, 0x2F, 0xE0, 0x02, 0xFF, 0x40, 0x00, 0x02, 0xFF, 0x00, 0x03, 0xFC, 0xBF, 0x40, 0x0F, 0xFC,
    0x00, 0x00, 0x0B, 0xF8, 0x00, 0x0F, 0xF2, 0xFD, 0x00, 0x3F, 0xF0, 0x00, 0x00, 0x2F, 0xE0, 0x00,
    0x3F, 0xCF, 0xF0, 0x00, 0xFF, 0xC0, 0x00, 0x00, 0xBF, 0x80, 0x01, 0xFE, 0x3F, 0xC0, 0x03, 0xFF,
    0x00, 0x00, 0x03, 0xFD, 0x00, 0x0B, 0xF4, 0xFF, 0x00, 0x0F, 0xFC, 0x00, 0x00, 0x1F, 0xF4, 0x00,
    0x3F, 0xC2, 0xFD, 0x00, 0x3F, 0xF4, 0x00, 0x00, 0xFF, 0xD0, 0x01, 0xFF, 0x0B, 0xF4, 0x00, 0x7F,
    0xF0, 0x00, 0x0B, 0xFF, 0x40, 0x0F, 0xF4, 0x1F, 0xE0, 0x00, 0xFF, 0xE0, 0x00, 0xBF, 0xFF, 0x00,
    0xFF, 0xC0, 0x7F, 0xC0, 0x02, 0xFF, 0xFE, 0xBF, 0xF7, 0xFF, 0xBF, 0xFC, 0x00, 0xFF, 0x00, 0x03,
    0xFF, 0xFF, 0xFF, 0x4B, 0xFF, 0xFF, 0xC0, 0x03, 0xFE, 0x00, 0x02, 0xFF, 0xFF, 0xF4, 0x0F, 0xFF,
    0xFC, 0x00, 0x07, 0xFC, 0x00, 0x00, 0xBF, 0xFD, 0x00, 0x06, 0xFE, 0x40, 0x00, 0x0F, 0xF8, 0x00,
    0x00, 0x00, 0x00, 0x00, 0x00, 0x00, 0x00, 0x00, 0x1F, 0xF4, 0x00, 0x00, 0x00, 0x00, 0x00, 0x00,
    0x00, 0x00, 0x00, 0x3F, 0xF4, 0x00, 0x00, 0x00, 0x00, 0x00, 0x00, 0x00, 0x00, 0x00, 0x3F, 0xF8,
    0x00, 0x00, 0x00, 0x00, 0x00, 0x00, 0x00, 0x00, 0x00, 0x7F, 0xFE, 0x00, 0x00, 0x00, 0x01, 0xE0,
    0x00, 0x00, 0x00, 0x00, 0x7F, 0xFF, 0xE4, 0x00, 0x16, 0xFF, 0xC0, 0x00, 0x00, 0x00, 0x00, 0x3F,
    0xFF, 0xFF, 0xFF, 0xFF, 0xFF, 0x00, 0x00, 0x00, 0x00, 0x00, 0x1F, 0xFF, 0xFF, 0xFF, 0xFF, 0xFC,
    0x00, 0x00, 0x00, 0x00, 0x00, 0x06, 0xFF, 0xFF, 0xFF, 0xFE, 0x00, 0x00, 0x00, 0x00, 0x00, 0x00,
    0x00, 0x1A, 0xAA, 0xA4, 0x00, 0x00, 0x00, 0x00, 0x00, 0x00, 0x00, 0x00, 0x2A, 0xA9, 0x00, 0x00,
    0x00, 0x00, 0x00, 0x00, 0x2F, 0xFF, 0xC0, 0x00, 0x00, 0x00, 0x00, 0x00, 0x0F, 0xFF, 0xF4, 0x00,
    0x00, 0x00, 0x00, 0x00, 0x07, 0xFF, 0xFE, 0x00, 0x00, 0x00, 0x00, 0x00, 0x02, 0xFF, 0xFF, 0xC0,
    0x00, 0x00, 0x00, 0x00, 0x00, 0xFF, 0xFF, 0xF4, 0x00, 0x00, 0x00, 0x00, 0x00, 0x7F, 0xFB, 0xFF,
    0x00, 0x00, 0x00, 0x00, 0x00, 0x2F, 0xF8, 0xFF, 0xC0, 0x00, 0x00, 0x00, 0x00, 0x0F, 0xFC, 0x3F,
    0xF8, 0x00, 0x00, 0x00, 0x00, 0x07, 0xFF, 0x07, 0xFF, 0x00, 0x00, 0x00, 0x00, 0x03, 0xFF, 0x80,
    0xFF, 0xD0, 0x00, 0x00, 0x00, 0x00, 0xFF, 0xC0, 0x3F, 0xF8, 0x00, 0x00, 0x00, 0x00, 0xBF, 0xF0,
    0x07, 0xFF, 0x00, 0x00, 0x00, 0x00, 0x3F, 0xF8, 0x00, 0xFF, 0xD0, 0x00, 0x00, 0x00, 0x1F, 0xFC,
    0x00, 0x2F, 0xF8, 0x00, 0x00, 0x00, 0x0B, 0xFF, 0x00, 0x07, 0xFF, 0x00, 0x00, 0x00, 0x03, 0xFF,
    0x40, 0x00, 0xFF, 0xD0, 0x00, 0x00, 0x01, 0xFF, 0xC0, 0x00, 0x2F, 0xFC, 0x00, 0x00, 0x00, 0xBF,
    0xF0, 0x00, 0x07, 0xFF, 0x00, 0x00, 0x00, 0x3F, 0xF4, 0x00, 0x00, 0xFF, 0xE0, 0x00, 0x00, 0x1F,
    0xFC, 0x00, 0x00, 0x2F, 0xFC, 0x00, 0x00, 0x0F, 0xFF, 0x00, 0x00, 0x07, 0xFF, 0x00, 0x00, 0x03,
    0xFF, 0xFF, 0xFF, 0xFF, 0xFF, 0xE0, 0x00, 0x01, 0xFF, 0xFF, 0xFF, 0xFF, 0xFF, 0xFC, 0x00, 0x00,
    0xFF, 0xFF, 0xFF, 0xFF, 0xFF, 0xFF, 0x40, 0x00, 0x3F, 0xFF, 0xFF, 0xFF, 0xFF, 0xFF, 0xE0, 0x00,
    0x2F, 0xFF, 0xFF, 0xFF, 0xFF, 0xFF, 0xFC, 0x00, 0x0F, 0xFE, 0x00, 0x00, 0x00, 0x07, 0xFF, 0x40,
    0x07, 0xFF, 0x40, 0x00, 0x00, 0x00, 0xFF, 0xF0, 0x02, 0xFF, 0xC0, 0x00, 0x00, 0x00, 0x2F, 0xFC,
    0x00, 0xFF, 0xE0, 0x00, 0x00, 0x00, 0x03, 0xFF, 0x40, 0x7F, 0xF4, 0x00, 0x00, 0x00, 0x00, 0xFF,
    0xF0, 0x2F, 0xFC, 0x00, 0x00, 0x00, 0x00, 0x2F, 0xFC, 0x0F, 0xFE, 0x00, 0x00, 0x00, 0x00, 0x03,
    0xFF, 0x87, 0xFF, 0x40, 0x00, 0x00, 0x00, 0x00, 0xFF, 0xF3, 0xFF, 0xC0, 0x00, 0x00, 0x00, 0x00,
    0x1F, 0xFD, 0x6A, 0xAA, 0xAA, 0x95, 0x40, 0x00, 0x00, 0xBF, 0xFF, 0xFF, 0xFF, 0xFE, 0x40, 0x00,
    0xBF, 0xFF, 0xFF, 0xFF, 0xFF, 0xF4, 0x00, 0xBF, 0xFF, 0xFF, 0xFF, 0xFF, 0xFE, 0x00, 0xBF, 0xFF,
    0xFF, 0xFF, 0xFF, 0xFF, 0x40, 0xBF, 0xF5, 0x55, 0x56, 0xFF, 0xFF, 0xC0, 0xBF, 0xE0, 0x00, 0x00,
    0x0B, 0xFF, 0xD0, 0xBF, 0xE0, 0x00, 0x00, 0x02, 0xFF, 0xE0, 0xBF, 0xE0, 0x00, 0x00, 0x00, 0xFF,
    0xF0, 0xBF, 0xE0, 0x00, 0x00, 0x00, 0xBF, 0xF0, 0xBF, 0xE0, 0x00, 0x00, 0x00, 0xBF, 0xF0, 0xBF,
    0xE0, 0x00, 0x00, 0x00, 0xBF, 0xF0, 0xBF, 0xE0, 0x00, 0x00, 0x00, 0xFF, 0xE0, 0xBF, 0xE0, 0x00,
    0x00, 0x02, 0xFF, 0xD0, 0xBF, 0xE0, 0x00, 0x00, 0x0B, 0xFF, 0x80, 0xBF, 0xF5, 0x55, 0x56, 0xFF,
    0xFF, 0x00, 0xBF, 0xFF, 0xFF, 0xFF, 0xFF, 0xF8, 0x00, 0xBF, 0xFF, 0xFF, 0xFF, 0xFF, 0x80, 0x00,
    0xBF, 0xFF, 0xFF, 0xFF, 0xFF, 0xF8, 0x00, 0xBF, 0xFF, 0xFF, 0xFF, 0xFF, 0xFF, 0x40, 0xBF, 0xF5,
    0x55, 0x55, 0x6F, 0xFF, 0xD0, 0xBF, 0xE0, 0x00, 0x00, 0x01, 0xFF, 0xF0, 0xBF, 0xE0, 0x00, 0x00,
    0x00, 0x3F, 0xF8, 0xBF, 0xE0, 0x00, 0x00, 0x00, 0x2F, 0xFC, 0xBF, 0xE0, 0x00, 0x00, 0x00, 0x0F,
    0xFD, 0xBF, 0xE0, 0x00, 0x00, 0x00, 0x0F, 0xFD, 0xBF, 0xE0, 0x00, 0x00, 0x00, 0x0F, 0xFD, 0xBF,
    0xE0, 0x00, 0x00, 0x00, 0x1F, 0xFD, 0xBF, 0xE0, 0x00, 0x00, 0x00, 0x3F, 0xFC, 0xBF, 0xE0, 0x00,
    0x00, 0x00, 0xBF, 0xFC, 0xBF, 0xE0, 0x00, 0x00, 0x07, 0xFF, 0xF8, 0xBF, 0xFF, 0xFF, 0xFF, 0xFF,
    0xFF, 0xF0, 0xBF, 0xFF, 0xFF, 0xFF, 0xFF, 0xFF, 0xD0, 0xBF, 0xFF, 0xFF, 0xFF, 0xFF, 0xFF, 0x40,
    0xBF, 0xFF, 0xFF, 0xFF, 0xFF, 0xF8, 0x00, 0xBF, 0xFF, 0xFF, 0xFF, 0xFA, 0x40, 0x00, 0x00, 0x00,
    0x00, 0x01, 0x50, 0x00, 0x00, 0x00, 0x00, 0x00, 0x06, 0xFF, 0xFF, 0xE4, 0x00, 0x00, 0x00, 0x00,
    0x7F, 0xFF, 0xFF, 0xFF, 0x80, 0x00, 0x00, 0x03, 0xFF, 0xFF, 0xFF, 0xFF, 0xF0, 0x00, 0x00, 0x0F,
    0xFF, 0xFF, 0xFF, 0xFF, 0xFC, 0x00, 0x00, 0x3F, 0xFF, 0xFE, 0xAF, 0xFF, 0xFF, 0x00, 0x00, 0xFF,
    0xFF, 0x40, 0x00, 0x7F, 0xFF, 0xC0, 0x02, 0xFF, 0xF8, 0x00, 0x00, 0x07, 0xFF, 0xD0, 0x07, 0xFF,
    0xD0, 0x00, 0x00, 0x01, 0xFF, 0xF0, 0x0F, 0xFF, 0x80, 0x00, 0x00, 0x00, 0xBF, 0xF4, 0x0F, 0xFF,
    0x00, 0x00, 0x00, 0x00, 0x3F, 0xFC, 0x2F, 0xFD, 0x00, 0x00, 0x00, 0x00, 0x2F, 0xFC, 0x3F, 0xFC,
    0x00, 0x00, 0x00, 0x00, 0x1F, 0xFD, 0x3F, 0xF8, 0x00, 0x00, 0x00, 0x00, 0x05, 0x50, 0x7F, 0xF4,
    0x00, 0x00, 0x00, 0x00, 0x00, 0x00, 0xBF, 0xF0, 0x00, 0x00, 0x00, 0x00, 0x00, 0x00, 0xBF, 0xF0,
    0x00, 0x00, 0x00, 0x00, 0x00, 0x00, 0xBF, 0xF0, 0x00, 0x00, 0x00, 0x00, 0x00, 0x00, 0xFF, 0xF0,
    0x00, 0x00, 0x00, 0x00, 0x00, 0x00, 0xFF, 0xF0, 0x00, 0x00, 0x00, 0x00, 0x00, 0x00, 0xFF, 0xF0,
    0x00, 0x00, 0x00, 0x00, 0x00, 0x00, 0xBF, 0xF0, 0x00, 0x00, 0x00, 0x00, 0x00, 0x00, 0xBF, 0xF0,
    0x00, 0x00, 0x00, 0x00, 0x00, 0x00, 0x7F, 0xF0, 0x00, 0x00, 0x00, 0x00, 0x00, 0x00, 0x7F, 0xF4,
    0x00, 0x00, 0x00, 0x00, 0x0A, 0xA5, 0x3F, 0xF8, 0x00, 0x00, 0x00, 0x00, 0x0F, 0xFE, 0x3F, 0xFC,
    0x00, 0x00, 0x00, 0x00, 0x1F, 0xFD, 0x1F, 0xFE, 0x00, 0x00, 0x00, 0x00, 0x3F, 0xFC, 0x0F, 0xFF,
    0x00, 0x00, 0x00, 0x00, 0x7F, 0xF8, 0x0B, 0xFF, 0xC0, 0x00, 0x00, 0x00, 0xFF, 0xF4, 0x03, 0xFF,
    0xF0, 0x00, 0x00, 0x03, 0xFF, 0xF0, 0x01, 0xFF, 0xFD, 0x00, 0x00, 0x1F, 0xFF, 0xC0, 0x00, 0xBF,
    0xFF, 0xE4, 0x06, 0xFF, 0xFF, 0x40, 0x00, 0x2F, 0xFF, 0xFF, 0xFF, 0xFF, 0xFE, 0x00, 0x00, 0x0B,
    0xFF, 0xFF, 0xFF, 0xFF, 0xF4, 0x00, 0x00, 0x01, 0xFF, 0xFF, 0xFF, 0xFF, 0xD0, 0x00, 0x00, 0x00,
    0x1F, 0xFF, 0xFF, 0xFD, 0x00, 0x00, 0x00, 0x00, 0x00, 0x6B, 0xFA, 0x40, 0x00, 0x00, 0x6A, 0xAA,
    0xAA, 0x54, 0x00, 0x00, 0x00, 0x0B, 0xFF, 0xFF, 0xFF, 0xFF, 0x80, 0x00, 0x00, 0xBF, 0xFF, 0xFF,
    0xFF, 0xFF, 0x80, 0x00, 0x0B, 0xFF, 0xFF, 0xFF, 0xFF, 0xFF, 0x80, 0x00, 0xBF, 0xFF, 0xFF, 0xFF,
    0xFF, 0xFF, 0x00, 0x0B, 0xFF, 0x55, 0x56, 0xBF, 0xFF, 0xFC, 0x00, 0xBF, 0xE0, 0x00, 0x00, 0x2F,
    0xFF, 0xE0, 0x0B, 0xFE, 0x00, 0x00, 0x00, 0x2F, 0xFF, 0x40, 0xBF, 0xE0, 0x00, 0x00, 0x00, 0xBF,
    0xFC, 0x0B, 0xFE, 0x00, 0x00, 0x00, 0x03, 0xFF, 0xD0, 0xBF, 0xE0, 0x00, 0x00, 0x00, 0x0F, 0xFF,
    0x0B, 0xFE, 0x00, 0x00, 0x00, 0x00, 0xBF, 0xF0, 0xBF, 0xE0, 0x00, 0x00, 0x00, 0x07, 0xFF, 0x4B,
    0xFE, 0x00, 0x00, 0x00, 0x00, 0x3F, 0xF8, 0xBF, 0xE0, 0x00, 0x00, 0x00, 0x03, 0xFF, 0xCB, 0xFE,
    0x00, 0x00, 0x00, 0x00, 0x2F, 0xFC, 0xBF, 0xE0, 0x00, 0x00, 0x00, 0x02, 0xFF, 0xCB, 0xFE, 0x00,
    0x00, 0x00, 0x00, 0x2F, 0xFC, 0xBF, 0xE0, 0x00, 0x00, 0x00, 0x02, 0xFF, 0xCB, 0xFE, 0x00, 0x00,
    0x00, 0x00, 0x2F, 0xFC, 0xBF, 0xE0, 0x00, 0x00, 0x00, 0x02, 0xFF, 0xCB, 0xFE, 0x00, 0x00, 0x00,
    0x00, 0x3F, 0xFC, 0xBF, 0xE0, 0x00, 0x00, 0x00, 0x03, 0xFF, 0x8B, 0xFE, 0x00, 0x00, 0x00, 0x00,
    0x3F, 0xF8, 0xBF, 0xE0, 0x00, 0x00, 0x00, 0x07, 0xFF, 0x4B, 0xFE, 0x00, 0x00, 0x00, 0x00, 0xFF,
    0xF0, 0xBF, 0xE0, 0x00, 0x00, 0x00, 0x1F, 0xFE, 0x0B, 0xFE, 0x00, 0x00, 0x00, 0x03, 0xFF, 0xD0,
    0xBF, 0xE0, 0x00, 0x00, 0x00, 0xFF, 0xFC, 0x0B, 0xFE, 0x00, 0x00, 0x00, 0xBF, 0xFF, 0x00, 0xBF,
    0xE0, 0x00, 0x01, 0xBF, 0xFF, 0xD0, 0x0B, 0xFF, 0xFF, 0xFF, 0xFF, 0xFF, 0xF8, 0x00, 0xBF, 0xFF,
    0xFF, 0xFF, 0xFF, 0xFD, 0x00, 0x0B, 0xFF, 0xFF, 0xFF, 0xFF, 0xFF, 0x00, 0x00, 0xBF, 0xFF, 0xFF,
    0xFF, 0xFF, 0x40, 0x00, 0x0B, 0xFF, 0xFF, 0xFF, 0xF9, 0x00, 0x00, 0x00, 0x6A, 0xAA, 0xAA, 0xAA,
    0xAA, 0xA8, 0xBF, 0xFF, 0xFF, 0xFF, 0xFF, 0xFD, 0xBF, 0xFF, 0xFF, 0xFF, 0xFF, 0xFD, 0xBF, 0xFF,
    0xFF, 0xFF, 0xFF, 0xFD, 0xBF, 0xFF, 0xFF, 0xFF, 0xFF, 0xFD, 0xBF, 0xF5, 0x55, 0x55, 0x55, 0x54,
    0xBF, 0xE0, 0x00, 0x00, 0x00, 0x00, 0xBF, 0xE0, 0x00, 0x00, 0x00, 0x00, 0xBF, 0xE0, 0x00, 0x00,
    0x00, 0x00, 0xBF, 0xE0, 0x00, 0x00, 0x00, 0x00, 0xBF, 0xE0, 0x00, 0x00, 0x00, 0x00, 0xBF, 0xE0,
    0x00, 0x00, 0x00, 0x00, 0xBF, 0xE0, 0x00, 0x00, 0x00, 0x00, 0xBF, 0xE0, 0x00, 0x00, 0x00, 0x00,
    0xBF, 0xE0, 0x00, 0x00, 0x00, 0x00, 0xBF, 0xF0, 0x00, 0x00, 0x00, 0x00, 0xBF, 0xFF, 0xFF, 0xFF,
    0xFF, 0xFC, 0xBF, 0xFF, 0xFF, 0xFF, 0xFF, 0xFC, 0xBF, 0xFF, 0xFF, 0xFF, 0xFF, 0xFC, 0xBF, 0xFF,
    0xFF, 0xFF, 0xFF, 0xFC, 0xBF, 0xFA, 0xAA, 0xAA, 0xAA, 0xA4, 0xBF, 0xE0, 0x00, 0x00, 0x00, 0x00,
    0xBF, 0xE0, 0x00, 0x00, 0x00, 0x00, 0xBF, 0xE0, 0x00, 0x00, 0x00, 0x00, 0xBF, 0xE0, 0x00, 0x00,
    0x00, 0x00, 0xBF, 0xE0, 0x00, 0x00, 0x00, 0x00, 0xBF, 0xE0, 0x00, 0x00, 0x00, 0x00, 0xBF, 0xE0,
    0x00, 0x00, 0x00, 0x00, 0xBF, 0xE0, 0x00, 0x00, 0x00, 0x00, 0xBF, 0xE0, 0x00, 0x00, 0x00, 0x00,
    0xBF, 0xE0, 0x00, 0x00, 0x00, 0x00, 0xBF, 0xFF, 0xFF, 0xFF, 0xFF, 0xFF, 0xBF, 0xFF, 0xFF, 0xFF,
    0xFF, 0xFF, 0xBF, 0xFF, 0xFF, 0xFF, 0xFF, 0xFF, 0xBF, 0xFF, 0xFF, 0xFF, 0xFF, 0xFF, 0xBF, 0xFF,
    0xFF, 0xFF, 0xFF, 0xFF, 0x6A, 0xAA, 0xAA, 0xAA, 0xAA, 0xA8, 0xBF, 0xFF, 0xFF, 0xFF, 0xFF, 0xFD,
    0xBF, 0xFF, 0xFF, 0xFF, 0xFF, 0xFD, 0xBF, 0xFF, 0xFF, 0xFF, 0xFF, 0xFD, 0xBF, 0xFF, 0xFF, 0xFF,
    0xFF, 0xFD, 0xBF, 0xF5, 0x55, 0x55, 0x55, 0x54, 0xBF, 0xE0, 0x00, 0x00, 0x00, 0x00, 0xBF, 0xE0,
    0x00, 0x00, 0x00, 0x00, 0xBF, 0xE0, 0x00, 0x00, 0x00, 0x00, 0xBF, 0xE0, 0x00, 0x00, 0x00, 0x00,
    0xBF, 0xE0, 0x00, 0x00, 0x00, 0x00, 0xBF, 0xE0, 0x00, 0x00, 0x00, 0x00, 0xBF, 0xE0, 0x00, 0x00,
    0x00, 0x00, 0xBF, 0xE0, 0x00, 0x00, 0x00, 0x00, 0xBF, 0xE0, 0x00, 0x00, 0x00, 0x00, 0xBF, 0xE0,
    0x00, 0x00, 0x00, 0x00, 0xBF, 0xFF, 0xFF, 0xFF, 0xFF, 0xF4, 0xBF, 0xFF, 0xFF, 0xFF, 0xFF, 0xF4,
    0xBF, 0xFF, 0xFF, 0xFF, 0xFF, 0xF4, 0xBF, 0xFF, 0xFF, 0xFF, 0xFF, 0xF4, 0xBF, 0xFF, 0xFF, 0xFF,
    0xFF, 0xF4, 0xBF, 0xE0, 0x00, 0x00, 0x00, 0x00, 0xBF, 0xE0, 0x00, 0x00, 0x00, 0x00, 0xBF, 0xE0,
    0x00, 0x00, 0x00, 0x00, 0xBF, 0xE0, 0x00, 0x00, 0x00, 0x00, 0xBF, 0xE0, 0x00, 0x00, 0x00, 0x00,
    0xBF, 0xE0, 0x00, 0x00, 0x00, 0x00, 0xBF, 0xE0, 0x00, 0x00, 0x00, 0x00, 0xBF, 0xE0, 0x00, 0x00,
    0x00, 0x00, 0xBF, 0xE0, 0x00, 0x00, 0x00, 0x00, 0xBF, 0xE0, 0x00, 0x00, 0x00, 0x00, 0xBF, 0xE0,
    0x00, 0x00, 0x00, 0x00, 0xBF, 0xE0, 0x00, 0x00, 0x00, 0x00, 0xBF, 0xE0, 0x00, 0x00, 0x00, 0x00,
    0xBF, 0xE0, 0x00, 0x00, 0x00, 0x00, 0xBF, 0xE0, 0x00, 0x00, 0x00, 0x00, 0x00, 0x00, 0x00, 0x01,
    0x50, 0x00, 0x00, 0x00, 0x00, 0x00, 0x06, 0xFF, 0xFF, 0xE4, 0x00, 0x00, 0x00, 0x00, 0x7F, 0xFF,
    0xFF, 0xFF, 0x40, 0x00, 0x00, 0x02, 0xFF, 0xFF, 0xFF, 0xFF, 0xE0, 0x00, 0x00, 0x0F, 0xFF, 0xFF,
    0xFF, 0xFF, 0xFC, 0x00, 0x00, 0x3F, 0xFF, 0xFE, 0xAF, 0xFF, 0xFF, 0x00, 0x00, 0xFF, 0xFF, 0x40,
    0x00, 0x7F, 0xFF, 0x80, 0x02, 0xFF, 0xF4, 0x00, 0x00, 0x07, 0xFF, 0xC0, 0x03, 0xFF, 0xD0, 0x00,
    0x00, 0x02, 0xFF, 0xE0, 0x0B, 0xFF, 0x40, 0x00, 0x00, 0x00, 0xFF, 0xF0, 0x0F, 0xFF, 0x00, 0x00,
    0x00, 0x00, 0x7F, 0xF8, 0x2F, 0xFD, 0x00, 0x00, 0x00, 0x00, 0x3F, 0xFC, 0x3F, 0xFC, 0x00, 0x00,
    0x00, 0x00, 0x2F, 0xE8, 0x3F, 0xF8, 0x00, 0x00, 0x00, 0x00, 0x00, 0x00, 0x7F, 0xF4, 0x00, 0x00,
    0x00, 0x00, 0x00, 0x00, 0xBF, 0xF0, 0x00, 0x00, 0x00, 0x00, 0x00, 0x00, 0xBF, 0xF0, 0x00, 0x00,
    0x00, 0x00, 0x00, 0x00, 0xBF, 0xF0, 0x00, 0x00, 0x00, 0x00, 0x00, 0x00, 0xFF, 0xF0, 0x00, 0x00,
    0x00, 0x00, 0x00, 0x00, 0xFF, 0xF0, 0x00, 0x00, 0x7F, 0xFF, 0xFF, 0xFC, 0xFF, 0xF0, 0x00, 0x00,
    0x7F, 0xFF, 0xFF, 0xFC, 0xBF, 0xF0, 0x00, 0x00, 0x7F, 0xFF, 0xFF, 0xFC, 0xBF, 0xF0, 0x00, 0x00,
    0x7F, 0xFF, 0xFF, 0xFC, 0x7F, 0xF0, 0x00, 0x00, 0x15, 0x55, 0x5F, 0xFC, 0x7F, 0xF4, 0x00, 0x00,
    0x00, 0x00, 0x0F, 0xFC, 0x3F, 0xF8, 0x00, 0x00, 0x00, 0x00, 0x0F, 0xFC, 0x3F, 0xFC, 0x00, 0x00,
    0x00, 0x00, 0x1F, 0xFC, 0x1F, 0xFD, 0x00, 0x00, 0x00, 0x00, 0x3F, 0xFC, 0x0F, 0xFF, 0x00, 0x00,
    0x00, 0x00, 0x7F, 0xFC, 0x0B, 0xFF, 0xC0, 0x00, 0x00, 0x00, 0xFF, 0xFC, 0x03, 0xFF, 0xE0, 0x00,
    0x00, 0x03, 0xFF, 0xFC, 0x01, 0xFF, 0xFD, 0x00, 0x00, 0x1F, 0xFF, 0xFC, 0x00, 0xBF, 0xFF, 0xE4,
    0x06, 0xFF, 0xFA, 0xFC, 0x00, 0x2F, 0xFF, 0xFF, 0xFF, 0xFF, 0xF2, 0xFC, 0x00, 0x0B, 0xFF, 0xFF,
    0xFF, 0xFF, 0xC2, 0xFC, 0x00, 0x01, 0xFF, 0xFF, 0xFF, 0xFE, 0x02, 0xFC, 0x00, 0x00, 0x1F, 0xFF,
    0xFF, 0xE0, 0x02, 0xFC, 0x00, 0x00, 0x00, 0x6B, 0xE9, 0x00, 0x00, 0x00, 0x6A, 0x90, 0x00, 0x00,
    0x00, 0x06, 0xA9, 0xBF, 0xE0, 0x00, 0x00, 0x00, 0x0F, 0xFE, 0xBF, 0xE0, 0x00, 0x00, 0x00, 0x0F,
    0xFE, 0xBF, 0xE0, 0x00, 0x00, 0x00, 0x0F, 0xFE, 0xBF, 0xE0, 0x00, 0x00, 0x00, 0x0F, 0xFE, 0xBF,
    0xE0, 0x00, 0x00, 0x00, 0x0F, 0xFE, 0xBF, 0xE0, 0x00, 0x00, 0x00, 0x0F, 0xFE, 0xBF, 0xE0, 0x00,
    0x00, 0x00, 0x0F, 0xFE, 0xBF, 0xE0, 0x00, 0x00, 0x00, 0x0F, 0xFE, 0xBF, 0xE0, 0x00, 0x00, 0x00,
    0x0F, 0xFE, 0xBF, 0xE0, 0x00, 0x00, 0x00, 0x0F, 0xFE, 0xBF, 0xE0, 0x00, 0x00, 0x00, 0x0F, 0xFE,
    0xBF, 0xE0, 0x00, 0x00, 0x00, 0x0F, 0xFE, 0xBF, 0xE0, 0x00, 0x00, 0x00, 0x0F, 0xFE, 0xBF, 0xE0,
    0x00, 0x00, 0x00, 0x0F, 0xFE, 0xBF, 0xF5, 0x55, 0x55, 0x55, 0x5F, 0xFE, 0xBF, 0xFF, 0xFF, 0xFF,
    0xFF, 0xFF, 0xFE, 0xBF, 0xFF, 0xFF, 0xFF, 0xFF, 0xFF, 0xFE, 0xBF, 0xFF, 0xFF, 0xFF, 0xFF, 0xFF,
    0xFE, 0xBF, 0xFF, 0xFF, 0xFF, 0xFF, 0xFF, 0xFE, 0xBF, 0xFA, 0xAA, 0xAA, 0xAA, 0xAF, 0xFE, 0xBF,
    0xE0, 0x00, 0x00, 0x00, 0x0F, 0xFE, 0xBF, 0xE0, 0x00, 0x00, 0x00, 0x0F, 0xFE, 0xBF, 0xE0, 0x00,
    0x00, 0x00, 0x0F, 0xFE, 0xBF, 0xE0, 0x00, 0x00, 0x00, 0x0F, 0xFE, 0xBF, 0xE0, 0x00, 0x00, 0x00,
    0x0F, 0xFE, 0xBF, 0xE0, 0x00, 0x00, 0x00, 0x0F, 0xFE, 0xBF, 0xE0, 0x00, 0x00, 0x00, 0x0F, 0xFE,
    0xBF, 0xE0, 0x00, 0x00, 0x00, 0x0F, 0xFE, 0xBF, 0xE0, 0x00, 0x00, 0x00, 0x0F, 0xFE, 0xBF, 0xE0,
    0x00, 0x00, 0x00, 0x0F, 0xFE, 0xBF, 0xE0, 0x00, 0x00, 0x00, 0x0F, 0xFE, 0xBF, 0xE0, 0x00, 0x00,
    0x00, 0x0F, 0xFE, 0xBF, 0xE0, 0x00, 0x00, 0x00, 0x0F, 0xFE, 0xBF, 0xE0, 0x00, 0x00, 0x00, 0x0F,
    0xFE, 0xBF, 0xE0, 0x00, 0x00, 0x00, 0x0F, 0xFE, 0x6A, 0x9B, 0xFE, 0xBF, 0xEB, 0xFE, 0xBF, 0xEB,
    0xFE, 0xBF, 0xEB, 0xFE, 0xBF, 0xEB, 0xFE, 0xBF, 0xEB, 0xFE, 0xBF, 0xEB, 0xFE, 0xBF, 0xEB, 0xFE,
    0xBF, 0xEB, 0xFE, 0xBF, 0xEB, 0xFE, 0xBF, 0xEB, 0xFE, 0xBF, 0xEB, 0xFE, 0xBF, 0xEB, 0xFE, 0xBF,
    0xEB, 0xFE, 0xBF, 0xEB, 0xFE, 0xBF, 0xEB, 0xFE, 0xBF, 0xEB, 0xFE, 0xBF, 0xEB, 0xFE, 0x00, 0x00,
    0x00, 0x00, 0x06, 0xA9, 0x00, 0x00, 0x00, 0x00, 0x0B, 0xFF, 0x00, 0x00, 0x00, 0x00, 0x0B, 0xFF,
    0x00, 0x00, 0x00, 0x00, 0x0B, 0xFF, 0x00, 0x00, 0x00, 0x00, 0x0B, 0xFF, 0x00, 0x00, 0x00, 0x00,
    0x0B, 0xFF, 0x00, 0x00, 0x00, 0x00, 0x0B, 0xFF, 0x00, 0x00, 0x00, 0x00, 0x0B, 0xFF, 0x00, 0x00,
    0x00, 0x00, 0x0B, 0xFF, 0x00, 0x00, 0x00, 0x00, 0x0B, 0xFF, 0x00, 0x00, 0x00, 0x00, 0x0B, 0xFF,
    0x00, 0x00, 0x00, 0x00, 0x0B, 0xFF, 0x00, 0x00, 0x00, 0x00, 0x0B, 0xFF, 0x00, 0x00, 0x00, 0x00,
    0x0B, 0xFF, 0x00, 0x00, 0x00, 0x00, 0x0B, 0xFF, 0x00, 0x00, 0x00, 0x00, 0x0B, 0xFF, 0x00, 0x00,
    0x00, 0x00, 0x0B, 0xFF, 0x00, 0x00, 0x00, 0x00, 0x0B, 0xFF, 0x00, 0x00, 0x00, 0x00, 0x0B, 0xFF,
    0x00, 0x00, 0x00, 0x00, 0x0B, 0xFF, 0x00, 0x00, 0x00, 0x00, 0x0B, 0xFF, 0x00, 0x00, 0x00, 0x00,
    0x0B, 0xFF, 0x00, 0x00, 0x00, 0x00, 0x0B, 0xFF, 0x00, 0x00, 0x00, 0x00, 0x0B, 0xFF, 0xFF, 0xE0,
    0x00, 0x00, 0x0B, 0xFF, 0xFF, 0xE0, 0x00, 0x00, 0x0B, 0xFE, 0xFF, 0xF0, 0x00, 0x00, 0x0F, 0xFE,
    0xBF, 0xF0, 0x00, 0x00, 0x0F, 0xFD, 0x7F, 0xF4, 0x00, 0x00, 0x2F, 0xFC, 0x3F, 0xFC, 0x00, 0x00,
    0x3F, 0xFC, 0x2F, 0xFF, 0x00, 0x00, 0xFF, 0xF4, 0x0F, 0xFF, 0xE4, 0x1B, 0xFF, 0xF0, 0x07, 0xFF,
    0xFF, 0xFF, 0xFF, 0xC0, 0x01, 0xFF, 0xFF, 0xFF, 0xFF, 0x40, 0x00, 0x7F, 0xFF, 0xFF, 0xFC, 0x00,
    0x00, 0x0B, 0xFF, 0xFF, 0xE0, 0x00, 0x00, 0x00, 0x6B, 0xE9, 0x00, 0x00, 0x6A, 0x90, 0x00, 0x00,
    0x00, 0x6A, 0xA4, 0x2F, 0xF8, 0x00, 0x00, 0x00, 0x7F, 0xFD, 0x0B, 0xFE, 0x00, 0x00, 0x00, 0x3F,
    0xFD, 0x02, 0xFF, 0x80, 0x00, 0x00, 0x3F, 0xFE, 0x00, 0xBF, 0xE0, 0x00, 0x00, 0x3F, 0xFE, 0x00,
    0x2F, 0xF8, 0x00, 0x00, 0x2F, 0xFF, 0x00, 0x0B, 0xFE, 0x00, 0x00, 0x2F, 0xFF, 0x00, 0x02, 0xFF,
    0x80, 0x00, 0x2F, 0xFF, 0x00, 0x00, 0xBF, 0xE0, 0x00, 0x1F, 0xFF, 0x00, 0x00, 0x2F, 0xF8, 0x00,
    0x1F, 0xFF, 0x40, 0x00, 0x0B, 0xFE, 0x00, 0x0F, 0xFF, 0x40, 0x00, 0x02, 0xFF, 0x80, 0x0F, 0xFF,
    0x80, 0x00, 0x00, 0xBF, 0xE0, 0x0F, 0xFF, 0x80, 0x00, 0x00, 0x2F, 0xF8, 0x0F, 0xFF, 0xC0, 0x00,
    0x00, 0x0B, 0xFE, 0x0B, 0xFF, 0xC0, 0x00, 0x00, 0x02, 0xFF, 0x8B, 0xFF, 0xC0, 0x00, 0x00, 0x00,
    0xBF, 0xE7, 0xFF, 0xF0, 0x00, 0x00, 0x00, 0x2F, 0xFF, 0xFF, 0xFE, 0x00, 0x00, 0x00, 0x0B, 0xFF,
    0xFF, 0xFF, 0xD0, 0x00, 0x00, 0x02, 0xFF, 0xFF, 0xFF, 0xFC, 0x00, 0x00, 0x00, 0xBF, 0xFF, 0xD7,
    0xFF, 0xC0, 0x00, 0x00, 0x2F, 0xFF, 0xD0, 0xFF, 0xF8, 0x00, 0x00, 0x0B, 0xFF, 0xE0, 0x0F, 0xFF,
    0x40, 0x00, 0x02, 0xFF, 0xE0, 0x01, 0xFF, 0xF0, 0x00, 0x00, 0xBF, 0xF0, 0x00, 0x2F, 0xFE, 0x00,
    0x00, 0x2F, 0xF8, 0x00, 0x03, 0xFF, 0xD0, 0x00, 0x0B, 0xFE, 0x00, 0x00, 0x3F, 0xFC, 0x00, 0x02,
    0xFF, 0x80, 0x00, 0x07, 0xFF, 0xC0, 0x00, 0xBF, 0xE0, 0x00, 0x00, 0xBF, 0xF8, 0x00, 0x2F, 0xF8,
    0x00, 0x00, 0x0F, 0xFF, 0x40, 0x0B, 0xFE, 0x00, 0x00, 0x01, 0xFF, 0xF0, 0x02, 0xFF, 0x80, 0x00,
    0x00, 0x2F, 0xFF, 0x00, 0xBF, 0xE0, 0x00, 0x00, 0x03, 0xFF, 0xE0, 0x2F, 0xF8, 0x00, 0x00, 0x00,
    0x3F, 0xFD, 0x0B, 0xFE, 0x00, 0x00, 0x00, 0x07, 0xFF, 0xC2, 0xFF, 0x80, 0x00, 0x00, 0x00, 0xBF,
    0xF8, 0x6A, 0x90, 0x00, 0x00, 0x00, 0x02, 0xFF, 0x80, 0x00, 0x00, 0x00, 0x0B, 0xFE, 0x00, 0x00,
    0x00, 0x00, 0x2F, 0xF8, 0x00, 0x00, 0x00, 0x00, 0xBF, 0xE0, 0x00, 0x00, 0x00, 0x02, 0xFF, 0x80,
    0x00, 0x00, 0x00, 0x0B, 0xFE, 0x00, 0x00, 0x00, 0x00, 0x2F, 0xF8, 0x00, 0x00, 0x00, 0x00, 0xBF,
    0xE0, 0x00, 0x00, 0x00, 0x02, 0xFF, 0x80, 0x00, 0x00, 0x00, 0x0B, 0xFE, 0x00, 0x00, 0x00, 0x00,
    0x2F, 0xF8, 0x00, 0x00, 0x00, 0x00, 0xBF, 0xE0, 0x00, 0x00, 0x00, 0x02, 0xFF, 0x80, 0x00, 0x00,
    0x00, 0x0B, 0xFE, 0x00, 0x00, 0x00, 0x00, 0x2F, 0xF8, 0x00, 0x00, 0x00, 0x00, 0xBF, 0xE0, 0x00,
    0x00, 0x00, 0x02, 0xFF, 0x80, 0x00, 0x00, 0x00, 0x0B, 0xFE, 0x00, 0x00, 0x00, 0x00, 0x2F, 0xF8,
    0x00, 0x00, 0x00, 0x00, 0xBF, 0xE0, 0x00, 0x00, 0x00, 0x02, 0xFF, 0x80, 0x00, 0x00, 0x00, 0x0B,
    0xFE, 0x00, 0x00, 0x00, 0x00, 0x2F, 0xF8, 0x00, 0x00, 0x00, 0x00, 0xBF, 0xE0, 0x00, 0x00, 0x00,
    0x02, 0xFF, 0x80, 0x00, 0x00, 0x00, 0x0B, 0xFE, 0x00, 0x00, 0x00, 0x00, 0x2F, 0xF8, 0x00, 0x00,
    0x00, 0x00, 0xBF, 0xE0, 0x00, 0x00, 0x00, 0x02, 0xFF, 0x80, 0x00, 0x00, 0x00, 0x0B, 0xFE, 0x00,
    0x00, 0x00, 0x00, 0x2F, 0xFF, 0xFF, 0xFF, 0xFF, 0xFF, 0xBF, 0xFF, 0xFF, 0xFF, 0xFF, 0xFE, 0xFF,
    0xFF, 0xFF, 0xFF, 0xFF, 0xFB, 0xFF, 0xFF, 0xFF, 0xFF, 0xFF, 0xEF, 0xFF, 0xFF, 0xFF, 0xFF, 0xFF,
    0x6A, 0xA9, 0x00, 0x00, 0x00, 0x00, 0x00, 0x2A, 0xAA, 0x2F, 0xFF, 0xC0, 0x00, 0x00, 0x00, 0x00,
    0x2F, 0xFF, 0xCB, 0xFF, 0xF4, 0x00, 0x00, 0x00, 0x00, 0x0F, 0xFF, 0xF2, 0xFF, 0xFF, 0x00, 0x00,
    0x00, 0x00, 0x07, 0xFF, 0xFC, 0xBF, 0xFF, 0xC0, 0x00, 0x00, 0x00, 0x02, 0xFF, 0xFF, 0x2F, 0xFF,
    0xF8, 0x00, 0x00, 0x00, 0x00, 0xFF, 0xFF, 0xCB, 0xFF, 0xFF, 0x00, 0x00, 0x00, 0x00, 0x7F, 0xFF,
    0xF2, 0xFF, 0xFF, 0xC0, 0x00, 0x00, 0x00, 0x2F, 0xFF, 0xFC, 0xBF, 0xFF, 0xF8, 0x00, 0x00, 0x00,
    0x0F, 0xFF, 0xFF, 0x2F, 0xFF, 0xFF, 0x00, 0x00, 0x00, 0x07, 0xFF, 0xFF, 0xCB, 0xFF, 0xFF, 0xD0,
    0x00, 0x00, 0x03, 0xFF, 0xFF, 0xF2, 0xFF, 0xBF, 0xF8, 0x00, 0x00, 0x00, 0xFF, 0xDF, 0xFC, 0xBF,
    0xE7, 0xFF, 0x00, 0x00, 0x00, 0xBF, 0xF3, 0xFF, 0x2F, 0xF8, 0xFF, 0xD0, 0x00, 0x00, 0x3F, 0xF8,
    0xFF, 0xCB, 0xFE, 0x2F, 0xFC, 0x00, 0x00, 0x1F, 0xFC, 0x3F, 0xF2, 0xFF, 0x87, 0xFF, 0x00, 0x00,
    0x0B, 0xFF, 0x0F, 0xFC, 0xBF, 0xE0, 0xFF, 0xD0, 0x00, 0x03, 0xFF, 0x43, 0xFF, 0x2F, 0xF8, 0x2F,
    0xFC, 0x00, 0x01, 0xFF, 0xC0, 0xFF, 0xCB, 0xFE, 0x03, 0xFF, 0x00, 0x00, 0xBF, 0xE0, 0x3F, 0xF2,
    0xFF, 0x80, 0xFF, 0xE0, 0x00, 0x3F, 0xF4, 0x0F, 0xFC, 0xBF, 0xE0, 0x1F, 0xFC, 0x00, 0x1F, 0xFC,
    0x03, 0xFF, 0x2F, 0xF8, 0x03, 0xFF, 0x40, 0x0F, 0xFE, 0x00, 0xFF, 0xCB, 0xFE, 0x00, 0xBF, 0xE0,
    0x03, 0xFF, 0x00, 0x3F, 0xF2, 0xFF, 0x80, 0x1F, 0xFC, 0x02, 0xFF, 0xC0, 0x0F, 0xFC, 0xBF, 0xE0,
    0x03, 0xFF, 0x40, 0xFF, 0xD0, 0x03, 0xFF, 0x2F, 0xF8, 0x00, 0xBF, 0xE0, 0x7F, 0xF0, 0x00, 0xFF,
    0xCB, 0xFE, 0x00, 0x0F, 0xFC, 0x2F, 0xF8, 0x00, 0x3F, 0xF2, 0xFF, 0x80, 0x03, 0xFF, 0x4F, 0xFD,
    0x00, 0x0F, 0xFC, 0xBF, 0xE0, 0x00, 0x7F, 0xF7, 0xFF, 0x00, 0x03, 0xFF, 0x2F, 0xF8, 0x00, 0x0F,
    0xFF, 0xFF, 0x80, 0x00, 0xFF, 0xCB, 0xFE, 0x00, 0x03, 0xFF, 0xFF, 0xD0, 0x00, 0x3F, 0xF2, 0xFF,
    0x80, 0x00, 0x7F, 0xFF, 0xF0, 0x00, 0x0F, 0xFC, 0xBF, 0xE0, 0x00, 0x0F, 0xFF, 0xF8, 0x00, 0x03,
    0xFF, 0x2F, 0xF8, 0x00, 0x02, 0xFF, 0xFC, 0x00, 0x00, 0xFF, 0xCB, 0xFE, 0x00, 0x00, 0x7F, 0xFF,
    0x00, 0x00, 0x3F, 0xF2, 0xFF, 0x80, 0x00, 0x0F, 0xFF, 0x40, 0x00, 0x0F, 0xFC, 0x6A, 0xA8, 0x00,
    0x00, 0x00, 0x00, 0xAA, 0x6F, 0xFF, 0x80, 0x00, 0x00, 0x00, 0x7F, 0xFB, 0xFF, 0xF4, 0x00, 0x00,
    0x00, 0x1F, 0xFE, 0xFF, 0xFF, 0x00, 0x00, 0x00, 0x07, 0xFF, 0xBF, 0xFF, 0xD0, 0x00, 0x00, 0x01,
    0xFF, 0xEF, 0xFF, 0xFC, 0x00, 0x00, 0x00, 0x7F, 0xFB, 0xFF, 0xFF, 0x80, 0x00, 0x00, 0x1F, 0xFE,
    0xFF, 0xFF, 0xF0, 0x00, 0x00, 0x07, 0xFF, 0xBF, 0xEF, 0xFE, 0x00, 0x00, 0x01, 0xFF, 0xEF, 0xF9,
    0xFF, 0xD0, 0x00, 0x00, 0x7F, 0xFB, 0xFE, 0x2F, 0xFC, 0x00, 0x00, 0x1F, 0xFE, 0xFF, 0x83, 0xFF,
    0x40, 0x00, 0x07, 0xFF, 0xBF, 0xE0, 0xBF, 0xF0, 0x00, 0x01, 0xFF, 0xEF, 0xF8, 0x0F, 0xFE, 0x00,
    0x00, 0x7F, 0xFB, 0xFE, 0x01, 0xFF, 0xC0, 0x00, 0x1F, 0xFE, 0xFF, 0x80, 0x3F, 0xF8, 0x00, 0x07,
    0xFF, 0xBF, 0xE0, 0x07, 0xFF, 0x00, 0x01, 0xFF, 0xEF, 0xF8, 0x00, 0xBF, 0xF0, 0x00, 0x7F, 0xFB,
    0xFE, 0x00, 0x0F, 0xFD, 0x00, 0x1F, 0xFE, 0xFF, 0x80, 0x02, 0xFF, 0xC0, 0x07, 0xFF, 0xBF, 0xE0,
    0x00, 0x3F, 0xF4, 0x01, 0xFF, 0xEF, 0xF8, 0x00, 0x07, 0xFF, 0x00, 0x7F, 0xFB, 0xFE, 0x00, 0x00,
    0xFF, 0xE0, 0x1F, 0xFE, 0xFF, 0x80, 0x00, 0x1F, 0xFC, 0x07, 0xFF, 0xBF, 0xE0, 0x00, 0x02, 0xFF,
    0x81, 0xFF, 0xEF, 0xF8, 0x00, 0x00, 0x3F, 0xF4, 0x7F, 0xFB, 0xFE, 0x00, 0x00, 0x0B, 0xFF, 0x1F,
    0xFE, 0xFF, 0x80, 0x00, 0x00, 0xFF, 0xD7, 0xFF, 0xBF, 0xE0, 0x00, 0x00, 0x1F, 0xFE, 0xFF, 0xEF,
    0xF8, 0x00, 0x00, 0x03, 0xFF, 0xFF, 0xFB, 0xFE, 0x00, 0x00, 0x00, 0x7F, 0xFF, 0xFE, 0xFF, 0x80,
    0x00, 0x00, 0x0B, 0xFF, 0xFF, 0xBF, 0xE0, 0x00, 0x00, 0x00, 0xFF, 0xFF, 0xEF, 0xF8, 0x00, 0x00,
    0x00, 0x2F, 0xFF, 0xFB, 0xFE, 0x00, 0x00, 0x00, 0x03, 0xFF, 0xFE, 0xFF, 0x80, 0x00, 0x00, 0x00,
    0x7F, 0xFF, 0x00, 0x00, 0x00, 0x01, 0x50, 0x00, 0x00, 0x00, 0x00, 0x00, 0x00, 0x6F, 0xFF, 0xFE,
    0x40, 0x00, 0x00, 0x00, 0x00, 0x7F, 0xFF, 0xFF, 0xFF, 0x80, 0x00, 0x00, 0x00, 0x3F, 0xFF, 0xFF,
    0xFF, 0xFF, 0x80, 0x00, 0x00, 0x0F, 0xFF, 0xFF, 0xFF, 0xFF, 0xFE, 0x00, 0x00, 0x03, 0xFF, 0xFF,
    0xEA, 0xFF, 0xFF, 0xFC, 0x00, 0x00, 0xFF, 0xFF, 0x40, 0x00, 0x2F, 0xFF, 0xE0, 0x00, 0x2F, 0xFF,
    0x80, 0x00, 0x00, 0x3F, 0xFF, 0x40, 0x07, 0xFF, 0xD0, 0x00, 0x00, 0x00, 0xFF, 0xFC, 0x00, 0xFF,
    0xF8, 0x00, 0x00, 0x00, 0x03, 0xFF, 0xD0, 0x1F, 0xFF, 0x00, 0x00, 0x00, 0x00, 0x1F, 0xFF, 0x02,
    0xFF, 0xD0, 0x00, 0x00, 0x00, 0x00, 0xFF, 0xF0, 0x3F, 0xFC, 0x00, 0x00, 0x00, 0x00, 0x07, 0xFF,
    0x83, 0xFF, 0x80, 0x00, 0x00, 0x00, 0x00, 0x3F, 0xFC, 0x7F, 0xF4, 0x00, 0x00, 0x00, 0x00, 0x02,
    0xFF, 0xCB, 0xFF, 0x00, 0x00, 0x00, 0x00, 0x00, 0x2F, 0xFC, 0xBF, 0xF0, 0x00, 0x00, 0x00, 0x00,
    0x01, 0xFF, 0xCB, 0xFF, 0x00, 0x00, 0x00, 0x00, 0x00, 0x1F, 0xFD, 0xFF, 0xF0, 0x00, 0x00, 0x00,
    0x00, 0x01, 0xFF, 0xDF, 0xFF, 0x00, 0x00, 0x00, 0x00, 0x00, 0x1F, 0xFD, 0xFF, 0xF0, 0x00, 0x00,
    0x00, 0x00, 0x01, 0xFF, 0xDB, 0xFF, 0x00, 0x00, 0x00, 0x00, 0x00, 0x1F, 0xFD, 0xBF, 0xF0, 0x00,
    0x00, 0x00, 0x00, 0x01, 0xFF, 0xC7, 0xFF, 0x00, 0x00, 0x00, 0x00, 0x00, 0x2F, 0xFC, 0x7F, 0xF4,
    0x00, 0x00, 0x00, 0x00, 0x03, 0xFF, 0xC3, 0xFF, 0x80, 0x00, 0x00, 0x00, 0x00, 0x3F, 0xF8, 0x3F,
    0xFC, 0x00, 0x00, 0x00, 0x00, 0x0B, 0xFF, 0x42, 0xFF, 0xE0, 0x00, 0x00, 0x00, 0x00, 0xFF, 0xF0,
    0x0F, 0xFF, 0x00, 0x00, 0x00, 0x00, 0x2F, 0xFE, 0x00, 0xBF, 0xFC, 0x00, 0x00, 0x00, 0x07, 0xFF,
    0xC0, 0x03, 0xFF, 0xF0, 0x00, 0x00, 0x01, 0xFF, 0xF8, 0x00, 0x1F, 0xFF, 0xD0, 0x00, 0x00, 0xBF,
    0xFF, 0x00, 0x00, 0xBF, 0xFF, 0xE4, 0x05, 0xBF, 0xFF, 0xD0, 0x00, 0x02, 0xFF, 0xFF, 0xFF, 0xFF,
    0xFF, 0xF4, 0x00, 0x00, 0x0B, 0xFF, 0xFF, 0xFF, 0xFF, 0xFD, 0x00, 0x00, 0x00, 0x1F, 0xFF, 0xFF,
    0xFF, 0xFE, 0x00, 0x00, 0x00, 0x00, 0x1F, 0xFF, 0xFF, 0xFE, 0x00, 0x00, 0x00, 0x00, 0x00, 0x06,
    0xBF, 0xA5, 0x00, 0x00, 0x00, 0x6A, 0xAA, 0xAA, 0x95, 0x40, 0x00, 0x02, 0xFF, 0xFF, 0xFF, 0xFF,
    0xF8, 0x00, 0x0B, 0xFF, 0xFF, 0xFF, 0xFF, 0xFE, 0x00, 0x2F, 0xFF, 0xFF, 0xFF, 0xFF, 0xFF, 0x00,
    0xBF, 0xFF, 0xFF, 0xFF, 0xFF, 0xFF, 0x02, 0xFF, 0xD5, 0x55, 0x5B, 0xFF, 0xFF, 0x0B, 0xFE, 0x00,
    0x00, 0x00, 0xBF, 0xFD, 0x2F, 0xF8, 0x00, 0x00, 0x00, 0xBF, 0xFC, 0xBF, 0xE0, 0x00, 0x00, 0x00,
    0xFF, 0xF2, 0xFF, 0x80, 0x00, 0x00, 0x01, 0xFF, 0xDB, 0xFE, 0x00, 0x00, 0x00, 0x03, 0xFF, 0x6F,
    0xF8, 0x00, 0x00, 0x00, 0x0F, 0xFD, 0xBF, 0xE0, 0x00, 0x00, 0x00, 0x3F, 0xF6, 0xFF, 0x80, 0x00,
    0x00, 0x01, 0xFF, 0xDB, 0xFE, 0x00, 0x00, 0x00, 0x0B, 0xFF, 0x2F, 0xF8, 0x00, 0x00, 0x00, 0x7F,
    0xFC, 0xBF, 0xE0, 0x00, 0x00, 0x07, 0xFF, 0xD2, 0xFF, 0xC0, 0x00, 0x06, 0xFF, 0xFF, 0x0B, 0xFF,
    0xFF, 0xFF, 0xFF, 0xFF, 0xF0, 0x2F, 0xFF, 0xFF, 0xFF, 0xFF, 0xFF, 0x40, 0xBF, 0xFF, 0xFF, 0xFF,
    0xFF, 0xF0, 0x02, 0xFF, 0xFF, 0xFF, 0xFF, 0xFD, 0x00, 0x0B, 0xFF, 0xAA, 0xAA, 0xA5, 0x00, 0x00,
    0x2F, 0xF8, 0x00, 0x00, 0x00, 0x00, 0x00, 0xBF, 0xE0, 0x00, 0x00, 0x00, 0x00, 0x02, 0xFF, 0x80,
    0x00, 0x00, 0x00, 0x00, 0x0B, 0xFE, 0x00, 0x00, 0x00, 0x00, 0x00, 0x2F, 0xF8, 0x00, 0x00, 0x00,
    0x00, 0x00, 0xBF, 0xE0, 0x00, 0x00, 0x00, 0x00, 0x02, 0xFF, 0x80, 0x00, 0x00, 0x00, 0x00, 0x0B,
    0xFE, 0x00, 0x00, 0x00, 0x00, 0x00, 0x2F, 0xF8, 0x00, 0x00, 0x00, 0x00, 0x00, 0xBF, 0xE0, 0x00,
    0x00, 0x00, 0x00, 0x02, 0xFF, 0x80, 0x00, 0x00, 0x00, 0x00, 0x0B, 0xFE, 0x00, 0x00, 0x00, 0x00,
    0x00, 0x2F, 0xF8, 0x00, 0x00, 0x00, 0x00, 0x00, 0x00, 0x00, 0x00, 0x01, 0x50, 0x00, 0x00, 0x00,
    0x00, 0x00, 0x00, 0x6F, 0xFF, 0xFE, 0x40, 0x00, 0x00, 0x00, 0x00, 0x7F, 0xFF, 0xFF, 0xFF, 0x40,
    0x00, 0x00, 0x00, 0x2F, 0xFF, 0xFF, 0xFF, 0xFF, 0x00, 0x00, 0x00, 0x0F, 0xFF, 0xFF, 0xFF, 0xFF,
    0xFD, 0x00, 0x00, 0x03, 0xFF, 0xFF, 0xEA, 0xFF, 0xFF, 0xF4, 0x00, 0x00, 0xFF, 0xFF, 0x40, 0x00,
    0x7F, 0xFF, 0xC0, 0x00, 0x2F, 0xFF, 0x80, 0x00, 0x00, 0x7F, 0xFF, 0x00, 0x03, 0xFF, 0xD0, 0x00,
    0x00, 0x01, 0xFF, 0xF4, 0x00, 0xBF, 0xF8, 0x00, 0x00, 0x00, 0x07, 0xFF, 0xC0, 0x0F, 0xFF, 0x00,
    0x00, 0x00, 0x00, 0x2F, 0xFD, 0x02, 0xFF, 0xD0, 0x00, 0x00, 0x00, 0x00, 0xFF, 0xF0, 0x3F, 0xFC,
    0x00, 0x00, 0x00, 0x00, 0x0B, 0xFF, 0x03, 0xFF, 0x80, 0x00, 0x00, 0x00, 0x00, 0x7F, 0xF4, 0x7F,
    0xF4, 0x00, 0x00, 0x00, 0x00, 0x03, 0xFF, 0x8B, 0xFF, 0x00, 0x00, 0x00, 0x00, 0x00, 0x3F, 0xFC,
    0xBF, 0xF0, 0x00, 0x00, 0x00, 0x00, 0x02, 0xFF, 0xCB, 0xFF, 0x00, 0x00, 0x00, 0x00, 0x00, 0x2F,
    0xFC, 0xFF, 0xF0, 0x00, 0x00, 0x00, 0x00, 0x02, 0xFF, 0xCF, 0xFF, 0x00, 0x00, 0x00, 0x00, 0x00,
    0x2F, 0xFC, 0xFF, 0xF0, 0x00, 0x00, 0x00, 0x00, 0x02, 0xFF, 0xCB, 0xFF, 0x00, 0x00, 0x00, 0x00,
    0x00, 0x2F, 0xFC, 0xBF, 0xF0, 0x00, 0x00, 0x00, 0x00, 0x03, 0xFF, 0xC7, 0xFF, 0x00, 0x00, 0x00,
    0x00, 0x00, 0x3F, 0xF8, 0x3F, 0xF4, 0x00, 0x00, 0x00, 0x00, 0x03, 0xFF, 0x83, 0xFF, 0xC0, 0x00,
    0x00, 0x00, 0x00, 0x7F, 0xF4, 0x2F, 0xFC, 0x00, 0x03, 0xFF, 0x00, 0x0F, 0xFF, 0x01, 0xFF, 0xE0,
    0x00, 0x1F, 0xFC, 0x01, 0xFF, 0xE0, 0x0F, 0xFF, 0x00, 0x00, 0x7F, 0xE0, 0x3F, 0xFC, 0x00, 0x7F,
    0xFC, 0x00, 0x02, 0xFF, 0x4B, 0xFF, 0x80, 0x03, 0xFF, 0xF0, 0x00, 0x0F, 0xFF, 0xFF, 0xF0, 0x00,
    0x0F, 0xFF, 0xD0, 0x00, 0x3F, 0xFF, 0xFD, 0x00, 0x00, 0x7F, 0xFF, 0xE4, 0x06, 0xFF, 0xFF, 0x80,
    0x00, 0x01, 0xFF, 0xFF, 0xFF, 0xFF, 0xFF, 0xE0, 0x00, 0x00, 0x07, 0xFF, 0xFF, 0xFF, 0xFF, 0xF8,
    0x00, 0x00, 0x00, 0x0F, 0xFF, 0xFF, 0xFF, 0xFF, 0xC0, 0x00, 0x00, 0x00, 0x1B, 0xFF, 0xFF, 0xFF,
    0xFF, 0x00, 0x00, 0x00, 0x00, 0x06, 0xBF, 0xA4, 0x2F, 0xF8, 0x00, 0x00, 0x00, 0x00, 0x00, 0x00,
    0x00, 0xBF, 0xD0, 0x00, 0x00, 0x00, 0x00, 0x00, 0x00, 0x03, 0xFF, 0x00, 0x00, 0x00, 0x00, 0x00,
    0x00, 0x00, 0x05, 0x50, 0x00, 0x6A, 0xAA, 0xAA, 0xA5, 0x50, 0x00, 0x00, 0xBF, 0xFF, 0xFF, 0xFF,
    0xFF, 0x40, 0x00, 0xBF, 0xFF, 0xFF, 0xFF, 0xFF, 0xF4, 0x00, 0xBF, 0xFF, 0xFF, 0xFF, 0xFF, 0xFE,
    0x00, 0xBF, 0xFF, 0xFF, 0xFF, 0xFF, 0xFF, 0x80, 0xBF, 0xF5, 0x55, 0x56, 0xBF, 0xFF, 0xC0, 0xBF,
    0xE0, 0x00, 0x00, 0x07, 0xFF, 0xF0, 0xBF, 0xE0, 0x00, 0x00, 0x00, 0xFF, 0xF0, 0xBF, 0xE0, 0x00,
    0x00, 0x00, 0x7F, 0xF4, 0xBF, 0xE0, 0x00, 0x00, 0x00, 0x3F, 0xF8, 0xBF, 0xE0, 0x00, 0x00, 0x00,
    0x3F, 0xF8, 0xBF, 0xE0, 0x00, 0x00, 0x00, 0x3F, 0xF8, 0xBF, 0xE0, 0x00, 0x00, 0x00, 0x3F, 0xF8,
    0xBF, 0xE0, 0x00, 0x00, 0x00, 0x3F, 0xF4, 0xBF, 0xE0, 0x00, 0x00, 0x00, 0xBF, 0xF0, 0xBF, 0xE0,
    0x00, 0x00, 0x01, 0xFF, 0xE0, 0xBF, 0xE0, 0x00, 0x00, 0x1B, 0xFF, 0xC0, 0xBF, 0xFF, 0xFF, 0xFF,
    0xFF, 0xFF, 0x00, 0xBF, 0xFF, 0xFF, 0xFF, 0xFF, 0xF8, 0x00, 0xBF, 0xFF, 0xFF, 0xFF, 0xFF, 0xE0,
    0x00, 0xBF, 0xFF, 0xFF, 0xFF, 0xFF, 0xFD, 0x00, 0xBF, 0xFF, 0xFF, 0xFF, 0xFF, 0xFF, 0x80, 0xBF,
    0xF0, 0x00, 0x00, 0x1B, 0xFF, 0xD0, 0xBF, 0xE0, 0x00, 0x00, 0x01, 0xFF, 0xE0, 0xBF, 0xE0, 0x00,
    0x00, 0x00, 0xBF, 0xF0, 0xBF, 0xE0, 0x00, 0x00, 0x00, 0x7F, 0xF0, 0xBF, 0xE0, 0x00, 0x00, 0x00,
    0x3F, 0xF0, 0xBF, 0xE0, 0x00, 0x00, 0x00, 0x3F, 0xF4, 0xBF, 0xE0, 0x00, 0x00, 0x00, 0x3F, 0xF4,
    0xBF, 0xE0, 0x00, 0x00, 0x00, 0x3F, 0xF8, 0xBF, 0xE0, 0x00, 0x00, 0x00, 0x3F, 0xF8, 0xBF, 0xE0,
    0x00, 0x00, 0x00, 0x2F, 0xF8, 0xBF, 0xE0, 0x00, 0x00, 0x00, 0x2F, 0xFC, 0xBF, 0xE0, 0x00, 0x00,
    0x00, 0x2F, 0xFC, 0xBF, 0xE0, 0x00, 0x00, 0x00, 0x1F, 0xFC, 0xBF, 0xE0, 0x00, 0x00, 0x00, 0x1F,
    0xFC, 0x00, 0x00, 0x00, 0x54, 0x00, 0x00, 0x00, 0x00, 0x00, 0xBF, 0xFF, 0xF9, 0x00, 0x00, 0x00,
    0x0B, 0xFF, 0xFF, 0xFF, 0xD0, 0x00, 0x00, 0x7F, 0xFF, 0xFF, 0xFF, 0xF8, 0x00, 0x00, 0xFF, 0xFF,
    0xFF, 0xFF, 0xFE, 0x00, 0x03, 0xFF, 0xFF, 0xAB, 0xFF, 0xFF, 0x80, 0x0B, 0xFF, 0xE0, 0x00, 0x1F,
    0xFF, 0xD0, 0x0F, 0xFF, 0x40, 0x00, 0x02, 0xFF, 0xF0, 0x1F, 0xFE, 0x00, 0x00, 0x00, 0xFF, 0xF4,
    0x1F, 0xFC, 0x00, 0x00, 0x00, 0x3F, 0xF8, 0x2F, 0xFC, 0x00, 0x00, 0x00, 0x2F, 0xFC, 0x2F, 0xFC,
    0x00, 0x00, 0x00, 0x1F, 0xFC, 0x1F, 0xFD, 0x00, 0x00, 0x00, 0x09, 0x54, 0x1F, 0xFF, 0x00, 0x00,
    0x00, 0x00, 0x00, 0x0F, 0xFF, 0xD0, 0x00, 0x00, 0x00, 0x00, 0x07, 0xFF, 0xFD, 0x00, 0x00, 0x00,
    0x00, 0x03, 0xFF, 0xFF, 0xF9, 0x00, 0x00, 0x00, 0x00, 0xBF, 0xFF, 0xFF, 0xF8, 0x00, 0x00, 0x00,
    0x1F, 0xFF, 0xFF, 0xFF, 0xD0, 0x00, 0x00, 0x01, 0xBF, 0xFF, 0xFF, 0xFD, 0x00, 0x00, 0x00, 0x06,
    0xFF, 0xFF, 0xFF, 0x80, 0x00, 0x00, 0x00, 0x06, 0xFF, 0xFF, 0xF0, 0x00, 0x00, 0x00, 0x00, 0x1F,
    0xFF, 0xF8, 0x00, 0x00, 0x00, 0x00, 0x01, 0xFF, 0xFC, 0x00, 0x00, 0x00, 0x00, 0x00, 0x2F, 0xFE,
    0x2A, 0xB4, 0x00, 0x00, 0x00, 0x0F, 0xFF, 0x3F, 0xF8, 0x00, 0x00, 0x00, 0x0B, 0xFF, 0x3F, 0xFC,
    0x00, 0x00, 0x00, 0x0B, 0xFF, 0x3F, 0xFC, 0x00, 0x00, 0x00, 0x0B, 0xFF, 0x1F, 0xFF, 0x00, 0x00,
    0x00, 0x0F, 0xFF, 0x0F, 0xFF, 0x80, 0x00, 0x00, 0x1F, 0xFE, 0x07, 0xFF, 0xE0, 0x00, 0x00, 0x7F,
    0xFC, 0x03, 0xFF, 0xFE, 0x40, 0x17, 0xFF, 0xF8, 0x00, 0xFF, 0xFF, 0xFF, 0xFF, 0xFF, 0xF0, 0x00,
    0x3F, 0xFF, 0xFF, 0xFF, 0xFF, 0xC0, 0x00, 0x0B, 0xFF, 0xFF, 0xFF, 0xFE, 0x00, 0x00, 0x00, 0xBF,
    0xFF, 0xFF, 0xE0, 0x00, 0x00, 0x00, 0x05, 0xAF, 0xA9, 0x00, 0x00, 0x2A, 0xAA, 0xAA, 0xAA, 0xAA,
    0xAA, 0xA9, 0x7F, 0xFF, 0xFF, 0xFF, 0xFF, 0xFF, 0xFF, 0x7F, 0xFF, 0xFF, 0xFF, 0xFF, 0xFF, 0xFF,
    0x7F, 0xFF, 0xFF, 0xFF, 0xFF, 0xFF, 0xFF, 0x7F, 0xFF, 0xFF, 0xFF, 0xFF, 0xFF, 0xFF, 0x15, 0x55,
    0x56, 0xFF, 0xD5, 0x55, 0x55, 0x00, 0x00, 0x02, 0xFF, 0xC0, 0x00, 0x00, 0x00, 0x00, 0x02, 0xFF,
    0xC0, 0x00, 0x00, 0x00, 0x00, 0x02, 0xFF, 0xC0, 0x00, 0x00, 0x00, 0x00, 0x02, 0xFF, 0xC0, 0x00,
    0x00, 0x00, 0x00, 0x02, 0xFF, 0xC0, 0x00, 0x00, 0x00, 0x00, 0x02, 0xFF, 0xC0, 0x00, 0x00, 0x00,
    0x00, 0x02, 0xFF, 0xC0, 0x00, 0x00, 0x00, 0x00, 0x02, 0xFF, 0xC0, 0x00, 0x00, 0x00, 0x00, 0x02,
    0xFF, 0xC0, 0x00, 0x00, 0x00, 0x00, 0x02, 0xFF, 0xC0, 0x00, 0x00, 0x00, 0x00, 0x02, 0xFF, 0xC0,
    0x00, 0x00, 0x00, 0x00, 0x02, 0xFF, 0xC0, 0x00, 0x00, 0x00, 0x00, 0x02, 0xFF, 0xC0, 0x00, 0x00,
    0x00, 0x00, 0x02, 0xFF, 0xC0, 0x00, 0x00, 0x00, 0x00, 0x02, 0xFF, 0xC0, 0x00, 0x00, 0x00, 0x00,
    0x02, 0xFF, 0xC0, 0x00, 0x00, 0x00, 0x00, 0x02, 0xFF, 0xC0, 0x00, 0x00, 0x00, 0x00, 0x02, 0xFF,
    0xC0, 0x00, 0x00, 0x00, 0x00, 0x02, 0xFF, 0xC0, 0x00, 0x00, 0x00, 0x00, 0x02, 0xFF, 0xC0, 0x00,
    0x00, 0x00, 0x00, 0x02, 0xFF, 0xC0, 0x00, 0x00, 0x00, 0x00, 0x02, 0xFF, 0xC0, 0x00, 0x00, 0x00,
    0x00, 0x02, 0xFF, 0xC0, 0x00, 0x00, 0x00, 0x00, 0x02, 0xFF, 0xC0, 0x00, 0x00, 0x00, 0x00, 0x02,
    0xFF, 0xC0, 0x00, 0x00, 0x00, 0x00, 0x02, 0xFF, 0xC0, 0x00, 0x00, 0x00, 0x00, 0x02, 0xFF, 0xC0,
    0x00, 0x00, 0x00, 0x00, 0x02, 0xFF, 0xC0, 0x00, 0x00, 0x00, 0x00, 0x02, 0xFF, 0xC0, 0x00, 0x00,
    0x00, 0x00, 0x02, 0xFF, 0xC0, 0x00, 0x00, 0x2A, 0xA0, 0x00, 0x00, 0x00, 0x02, 0xAA, 0x1F, 0xFC,
    0x00, 0x00, 0x00, 0x01, 0xFF, 0xC7, 0xFF, 0x00, 0x00, 0x00, 0x00, 0x7F, 0xF1, 0xFF, 0xC0, 0x00,
    0x00, 0x00, 0x1F, 0xFC, 0x7F, 0xF0, 0x00, 0x00, 0x00, 0x07, 0xFF, 0x1F, 0xFC, 0x00, 0x00, 0x00,
    0x01, 0xFF, 0xC7, 0xFF, 0x00, 0x00, 0x00, 0x00, 0x7F, 0xF1, 0xFF, 0xC0, 0x00, 0x00, 0x00, 0x1F,
    0xFC, 0x7F, 0xF0, 0x00, 0x00, 0x00, 0x07, 0xFF, 0x1F, 0xFC, 0x00, 0x00, 0x00, 0x01, 0xFF, 0xC7,
    0xFF, 0x00, 0x00, 0x00, 0x00, 0x7F, 0xF1, 0xFF, 0xC0, 0x00, 0x00, 0x00, 0x1F, 0xFC, 0x7F, 0xF0,
    0x00, 0x00, 0x00, 0x07, 0xFF, 0x1F, 0xFC, 0x00, 0x00, 0x00, 0x01, 0xFF, 0xC7, 0xFF, 0x00, 0x00,
    0x00, 0x00, 0x7F, 0xF1, 0xFF, 0xC0, 0x00, 0x00, 0x00, 0x1F, 0xFC, 0x7F, 0xF0, 0x00, 0x00, 0x00,
    0x07, 0xFF, 0x1F, 0xFC, 0x00, 0x00, 0x00, 0x01, 0xFF, 0xC7, 0xFF, 0x00, 0x00, 0x00, 0x00, 0x7F,
    0xF1, 0xFF, 0xC0, 0x00, 0x00, 0x00, 0x1F, 0xFC, 0x7F, 0xF0, 0x00, 0x00, 0x00, 0x07, 0xFF, 0x1F,
    0xFC, 0x00, 0x00, 0x00, 0x01, 0xFF, 0xC7, 0xFF, 0x00, 0x00, 0x00, 0x00, 0x7F, 0xF1, 0xFF, 0xC0,
    0x00, 0x00, 0x00, 0x1F, 0xFC, 0x7F, 0xF0, 0x00, 0x00, 0x00, 0x07, 0xFF, 0x1F, 0xFC, 0x00, 0x00,
    0x00, 0x01, 0xFF, 0xC3, 0xFF, 0x40, 0x00, 0x00, 0x00, 0xBF, 0xF0, 0xFF, 0xE0, 0x00, 0x00, 0x00,
    0x3F, 0xF8, 0x2F, 0xFC, 0x00, 0x00, 0x00, 0x2F, 0xFD, 0x07, 0xFF, 0xC0, 0x00, 0x00, 0x1F, 0xFF,
    0x00, 0xFF, 0xFD, 0x00, 0x00, 0x2F, 0xFF, 0x40, 0x0F, 0xFF, 0xF5, 0x01, 0xBF, 0xFF, 0xC0, 0x01,
    0xFF, 0xFF, 0xFF, 0xFF, 0xFF, 0xC0, 0x00, 0x1F, 0xFF, 0xFF, 0xFF, 0xFF, 0xC0, 0x00, 0x00, 0xFF,
    0xFF, 0xFF, 0xFF, 0x80, 0x00, 0x00, 0x07, 0xFF, 0xFF, 0xFE, 0x40, 0x00, 0x00, 0x00, 0x06, 0xBF,
    0xA4, 0x00, 0x00, 0x00, 0x6A, 0x90, 0x00, 0x00, 0x00, 0x00, 0x02, 0xAA, 0x2F, 0xFC, 0x00, 0x00,
    0x00, 0x00, 0x02, 0xFF, 0xC7, 0xFF, 0x40, 0x00, 0x00, 0x00, 0x00, 0xFF, 0xE0, 0xFF, 0xF0, 0x00,
    0x00, 0x00, 0x00, 0x7F, 0xF4, 0x2F, 0xFC, 0x00, 0x00, 0x00, 0x00, 0x3F, 0xFC, 0x03, 0xFF, 0x80,
    0x00, 0x00, 0x00, 0x0F, 0xFE, 0x00, 0xFF, 0xF0, 0x00, 0x00, 0x00, 0x07, 0xFF, 0x00, 0x1F, 0xFC,
    0x00, 0x00, 0x00, 0x03, 0xFF, 0xC0, 0x03, 0xFF, 0x80, 0x00, 0x00, 0x00, 0xFF, 0xE0, 0x00, 0xFF,
    0xF0, 0x00, 0x00, 0x00, 0xBF, 0xF0, 0x00, 0x1F, 0xFD, 0x00, 0x00, 0x00, 0x3F, 0xFC, 0x00, 0x03,
    0xFF, 0x80, 0x00, 0x00, 0x0F, 0xFD, 0x00, 0x00, 0xBF, 0xF0, 0x00, 0x00, 0x0B, 0xFF, 0x00, 0x00,
    0x1F, 0xFD, 0x00, 0x00, 0x03, 0xFF, 0x80, 0x00, 0x03, 0xFF, 0x80, 0x00, 0x01, 0xFF, 0xD0, 0x00,
    0x00, 0xBF, 0xF0, 0x00, 0x00, 0xBF, 0xF0, 0x00, 0x00, 0x0F, 0xFD, 0x00, 0x00, 0x3F, 0xF8, 0x00,
    0x00, 0x03, 0xFF, 0xC0, 0x00, 0x1F, 0xFD, 0x00, 0x00, 0x00, 0xBF, 0xF0, 0x00, 0x0B, 0xFF, 0x00,
    0x00, 0x00, 0x0F, 0xFD, 0x00, 0x03, 0xFF, 0x80, 0x00, 0x00, 0x03, 0xFF, 0xC0, 0x01, 0xFF, 0xC0,
    0x00, 0x00, 0x00, 0x7F, 0xF0, 0x00, 0xFF, 0xF0, 0x00, 0x00, 0x00, 0x0F, 0xFE, 0x00, 0x3F, 0xF4,
    0x00, 0x00, 0x00, 0x02, 0xFF, 0xC0, 0x1F, 0xFC, 0x00, 0x00, 0x00, 0x00, 0x7F, 0xF4, 0x0F, 0xFE,
    0x00, 0x00, 0x00, 0x00, 0x0F, 0xFE, 0x03, 0xFF, 0x40, 0x00, 0x00, 0x00, 0x02, 0xFF, 0xC2, 0xFF,
    0xC0, 0x00, 0x00, 0x00, 0x00, 0x7F, 0xF4, 0xFF, 0xE0, 0x00, 0x00, 0x00, 0x00, 0x0F, 0xFE, 0x7F,
    0xF4, 0x00, 0x00, 0x00, 0x00, 0x02, 0xFF, 0xEF, 0xFC, 0x00, 0x00, 0x00, 0x00, 0x00, 0x3F, 0xFF,
    0xFE, 0x00, 0x00, 0x00, 0x00, 0x00, 0x0F, 0xFF, 0xFF, 0x00, 0x00, 0x00, 0x00, 0x00, 0x01, 0xFF,
    0xFF, 0xC0, 0x00, 0x00, 0x00, 0x00, 0x00, 0x3F, 0xFF, 0xD0, 0x00, 0x00, 0x00, 0x00, 0x00, 0x0B,
    0xFF, 0xF0, 0x00, 0x00, 0x00, 0x00, 0x00, 0x01, 0xFF, 0xF8, 0x00, 0x00, 0x00, 0x1A, 0xA4, 0x00,
    0x00, 0x00, 0x6A, 0x90, 0x00, 0x00, 0x00, 0xAA, 0x83, 0xFF, 0xC0, 0x00, 0x00, 0x0F, 0xFF, 0x00,
    0x00, 0x00, 0x2F, 0xFD, 0x2F, 0xFC, 0x00, 0x00, 0x00, 0xFF, 0xF4, 0x00, 0x00, 0x03, 0xFF, 0xC1,
    0xFF, 0xD0, 0x00, 0x00, 0x1F, 0xFF, 0x80, 0x00, 0x00, 0x3F, 0xF8, 0x0F, 0xFE, 0x00, 0x00, 0x02,
    0xFF, 0xFC, 0x00, 0x00, 0x07, 0xFF, 0x40, 0xFF, 0xF0, 0x00, 0x00, 0x3F, 0xFF, 0xC0, 0x00, 0x00,
    0xBF, 0xF0, 0x0B, 0xFF, 0x00, 0x00, 0x03, 0xFF, 0xFD, 0x00, 0x00, 0x0F, 0xFF, 0x00, 0x3F, 0xF4,
    0x00, 0x00, 0x7F, 0xFF, 0xE0, 0x00, 0x00, 0xFF, 0xE0, 0x03, 0xFF, 0x80, 0x00, 0x0B, 0xFF, 0xFF,
    0x00, 0x00, 0x1F, 0xFD, 0x00, 0x2F, 0xFC, 0x00, 0x00, 0xFF, 0xFF, 0xF0, 0x00, 0x02, 0xFF, 0xC0,
    0x01, 0xFF, 0xC0, 0x00, 0x0F, 0xFF, 0xFF, 0x40, 0x00, 0x2F, 0xFC, 0x00, 0x0F, 0xFD, 0x00, 0x01,
    0xFF, 0xDF, 0xF8, 0x00, 0x03, 0xFF, 0x80, 0x00, 0xFF, 0xE0, 0x00, 0x2F, 0xF8, 0xFF, 0xC0, 0x00,
    0x3F, 0xF4, 0x00, 0x0B, 0xFF, 0x00, 0x03, 0xFF, 0x4F, 0xFC, 0x00, 0x07, 0xFF, 0x00, 0x00, 0x7F,
    0xF0, 0x00, 0x3F, 0xF0, 0xBF, 0xD0, 0x00, 0xBF, 0xF0, 0x00, 0x03, 0xFF, 0x40, 0x03, 0xFF, 0x07,
    0xFE, 0x00, 0x0F, 0xFE, 0x00, 0x00, 0x3F, 0xF8, 0x00, 0x7F, 0xE0, 0x3F, 0xF0, 0x00, 0xFF, 0xD0,
    0x00, 0x02, 0xFF, 0xC0, 0x0B, 0xFD, 0x03, 0xFF, 0x00, 0x1F, 0xFC, 0x00, 0x00, 0x1F, 0xFC, 0x00,
    0xFF, 0xC0, 0x2F, 0xF4, 0x02, 0xFF, 0xC0, 0x00, 0x00, 0xFF, 0xD0, 0x0F, 0xFC, 0x01, 0xFF, 0x80,
    0x3F, 0xF4, 0x00, 0x00, 0x0F, 0xFE, 0x01, 0xFF, 0x80, 0x0F, 0xFC, 0x03, 0xFF, 0x00, 0x00, 0x00,
    0xBF, 0xF0, 0x2F, 0xF4, 0x00, 0xFF, 0xC0, 0x7F, 0xF0, 0x00, 0x00, 0x07, 0xFF, 0x03, 0xFF, 0x00,
    0x0B, 0xFD, 0x0B, 0xFE, 0x00, 0x00, 0x00, 0x3F, 0xF4, 0x3F, 0xF0, 0x00, 0x7F, 0xE0, 0xFF, 0xD0,
    0x00, 0x00, 0x02, 0xFF, 0x87, 0xFE, 0x00, 0x03, 0xFF, 0x0F, 0xFC, 0x00, 0x00, 0x00, 0x1F, 0xFC,
    0xBF, 0xD0, 0x00, 0x3F, 0xF1, 0xFF, 0xC0, 0x00, 0x00, 0x00, 0xFF, 0xCF, 0xFC, 0x00, 0x02, 0xFF,
    0x6F, 0xF8, 0x00, 0x00, 0x00, 0x0F, 0xFD, 0xFF, 0xC0, 0x00, 0x1F, 0xFB, 0xFF, 0x40, 0x00, 0x00,
    0x00, 0xBF, 0xFF, 0xF8, 0x00, 0x00, 0xFF, 0xFF, 0xF0, 0x00, 0x00, 0x00, 0x07, 0xFF, 0xFF, 0x40,
    0x00, 0x0F, 0xFF, 0xFF, 0x00, 0x00, 0x00, 0x00, 0x3F, 0xFF, 0xF0, 0x00, 0x00, 0xBF, 0xFF, 0xE0,
    0x00, 0x00, 0x00, 0x03, 0xFF, 0xFE, 0x00, 0x00, 0x07, 0xFF, 0xFD, 0x00, 0x00, 0x00, 0x00, 0x2F,
    0xFF, 0xD0, 0x00, 0x00, 0x3F, 0xFF, 0xC0, 0x00, 0x00, 0x00, 0x01, 0xFF, 0xFC, 0x00, 0x00, 0x03,
    0xFF, 0xFC, 0x00, 0x00, 0x00, 0x00, 0x0F, 0xFF, 0xC0, 0x00, 0x00, 0x2F, 0xFF, 0x40, 0x00, 0x00,
    0x00, 0x00, 0xFF, 0xF8, 0x00, 0x00, 0x01, 0xFF, 0xF0, 0x00, 0x00, 0x1A, 0xA8, 0x00, 0x00, 0x00,
    0x00, 0x6A, 0xA4, 0xBF, 0xFC, 0x00, 0x00, 0x00, 0x03, 0xFF, 0xC0, 0xFF, 0xF4, 0x00, 0x00, 0x00,
    0x3F, 0xFD, 0x00, 0xFF, 0xF0, 0x00, 0x00, 0x01, 0xFF, 0xF0, 0x02, 0xFF, 0xE0, 0x00, 0x00, 0x0F,
    0xFF, 0x00, 0x03, 0xFF, 0xD0, 0x00, 0x00, 0xBF, 0xF4, 0x00, 0x03, 0xFF, 0xC0, 0x00, 0x07, 0xFF,
    0xC0, 0x00, 0x0B, 0xFF, 0x80, 0x00, 0x3F, 0xFC, 0x00, 0x00, 0x0F, 0xFF, 0x40, 0x02, 0xFF, 0xD0,
    0x00, 0x00, 0x1F, 0xFF, 0x00, 0x0F, 0xFF, 0x00, 0x00, 0x00, 0x2F, 0xFE, 0x00, 0xFF, 0xF0, 0x00,
    0x00, 0x00, 0x3F, 0xFD, 0x0B, 0xFF, 0x40, 0x00, 0x00, 0x00, 0x7F, 0xFC, 0x3F, 0xFC, 0x00, 0x00,
    0x00, 0x00, 0xBF, 0xFB, 0xFF, 0xC0, 0x00, 0x00, 0x00, 0x00, 0xFF, 0xFF, 0xFD, 0x00, 0x00, 0x00,
    0x00, 0x01, 0xFF, 0xFF, 0xF0, 0x00, 0x00, 0x00, 0x00, 0x02, 0xFF, 0xFF, 0x00, 0x00, 0x00, 0x00,
    0x00, 0x03, 0xFF, 0xF4, 0x00, 0x00, 0x00, 0x00, 0x00, 0x0B, 0xFF, 0xD0, 0x00, 0x00, 0x00, 0x00,
    0x00, 0x7F, 0xFF, 0xC0, 0x00, 0x00, 0x00, 0x00, 0x03, 0xFF, 0xFF, 0x80, 0x00, 0x00, 0x00, 0x00,
    0x2F, 0xFF, 0xFF, 0x40, 0x00, 0x00, 0x00, 0x01, 0xFF, 0xEF, 0xFF, 0x00, 0x00, 0x00, 0x00, 0x0F,
    0xFF, 0x1F, 0xFE, 0x00, 0x00, 0x00, 0x00, 0xBF, 0xF4, 0x3F, 0xFD, 0x00, 0x00, 0x00, 0x07, 0xFF,
    0x80, 0x3F, 0xFC, 0x00, 0x00, 0x00, 0x3F, 0xFC, 0x00, 0xBF, 0xF8, 0x00, 0x00, 0x02, 0xFF, 0xD0,
    0x00, 0xFF, 0xF4, 0x00, 0x00, 0x1F, 0xFF, 0x00, 0x00, 0xFF, 0xF0, 0x00, 0x00, 0xFF, 0xF0, 0x00,
    0x02, 0xFF, 0xE0, 0x00, 0x0B, 0xFF, 0x80, 0x00, 0x03, 0xFF, 0xD0, 0x00, 0x7F, 0xFC, 0x00, 0x00,
    0x07, 0xFF, 0xC0, 0x03, 0xFF, 0xD0, 0x00, 0x00, 0x0B, 0xFF, 0x80, 0x2F, 0xFE, 0x00, 0x00, 0x00,
    0x0F, 0xFF, 0x41, 0xFF, 0xF0, 0x00, 0x00, 0x00, 0x1F, 0xFF, 0x0F, 0xFF, 0x40, 0x00, 0x00, 0x00,
    0x2F, 0xFE, 0x2A, 0xA4, 0x00, 0x00, 0x00, 0x00, 0x2A, 0xA4, 0x2F, 0xFD, 0x00, 0x00, 0x00, 0x00,
    0xBF, 0xF4, 0x0F, 0xFF, 0x00, 0x00, 0x00, 0x01, 0xFF, 0xF0, 0x0B, 0xFF, 0x80, 0x00, 0x00, 0x03,
    0xFF, 0xD0, 0x03, 0xFF, 0xC0, 0x00, 0x00, 0x07, 0xFF, 0x80, 0x01, 0xFF, 0xE0, 0x00, 0x00, 0x0F,
    0xFF, 0x00, 0x00, 0xFF, 0xF4, 0x00, 0x00, 0x2F, 0xFE, 0x00, 0x00, 0x3F, 0xFC, 0x00, 0x00, 0x3F,
    0xFC, 0x00, 0x00, 0x2F, 0xFD, 0x00, 0x00, 0xBF, 0xF4, 0x00, 0x00, 0x0F, 0xFF, 0x00, 0x01, 0xFF,
    0xF0, 0x00, 0x00, 0x07, 0xFF, 0x80, 0x03, 0xFF, 0xC0, 0x00, 0x00, 0x03, 0xFF, 0xC0, 0x07, 0xFF,
    0x80, 0x00, 0x00, 0x01, 0xFF, 0xE0, 0x0F, 0xFF, 0x00, 0x00, 0x00, 0x00, 0xBF, 0xF0, 0x2F, 0xFD,
    0x00, 0x00, 0x00, 0x00, 0x3F, 0xFC, 0x3F, 0xFC, 0x00, 0x00, 0x00, 0x00, 0x2F, 0xFD, 0xBF, 0xF0,
    0x00, 0x00, 0x00, 0x00, 0x0F, 0xFF, 0xFF, 0xE0, 0x00, 0x00, 0x00, 0x00, 0x07, 0xFF, 0xFF, 0xC0,
    0x00, 0x00, 0x00, 0x00, 0x03, 0xFF, 0xFF, 0x40, 0x00, 0x00, 0x00, 0x00, 0x00, 0xFF, 0xFF, 0x00,
    0x00, 0x00, 0x00, 0x00, 0x00, 0xBF, 0xFD, 0x00, 0x00, 0x00, 0x00, 0x00, 0x00, 0x3F, 0xF8, 0x00,
    0x00, 0x00, 0x00, 0x00, 0x00, 0x3F, 0xF8, 0x00, 0x00, 0x00, 0x00, 0x00, 0x00, 0x3F, 0xF8, 0x00,
    0x00, 0x00, 0x00, 0x00, 0x00, 0x3F, 0xF8, 0x00, 0x00, 0x00, 0x00, 0x00, 0x00, 0x3F, 0xF8, 0x00,
    0x00, 0x00, 0x00, 0x00, 0x00, 0x3F, 0xF8, 0x00, 0x00, 0x00, 0x00, 0x00, 0x00, 0x3F, 0xF8, 0x00,
    0x00, 0x00, 0x00, 0x00, 0x00, 0x3F, 0xF8, 0x00, 0x00, 0x00, 0x00, 0x00, 0x00, 0x3F, 0xF8, 0x00,
    0x00, 0x00, 0x00, 0x00, 0x00, 0x3F, 0xF8, 0x00, 0x00, 0x00, 0x00, 0x00, 0x00, 0x3F, 0xF8, 0x00,
    0x00, 0x00, 0x00, 0x00, 0x00, 0x3F, 0xF8, 0x00, 0x00, 0x00, 0x00, 0x00, 0x00, 0x3F, 0xF8, 0x00,
    0x00, 0x00, 0x00, 0x00, 0x00, 0x3F, 0xF8, 0x00, 0x00, 0x00, 0x00, 0x00, 0x00, 0x3F, 0xF8, 0x00,
    0x00, 0x00, 0x1A, 0xAA, 0xAA, 0xAA, 0xAA, 0xAA, 0x83, 0xFF, 0xFF, 0xFF, 0xFF, 0xFF, 0xFC, 0x3F,
    0xFF, 0xFF, 0xFF, 0xFF, 0xFF, 0xC3, 0xFF, 0xFF, 0xFF, 0xFF, 0xFF, 0xFC, 0x3F, 0xFF, 0xFF, 0xFF,
    0xFF, 0xFF, 0xC1, 0x55, 0x55, 0x55, 0x55, 0xBF, 0xFC, 0x00, 0x00, 0x00, 0x00, 0x0F, 0xFF, 0x40,
    0x00, 0x00, 0x00, 0x03, 0xFF, 0xE0, 0x00, 0x00, 0x00, 0x00, 0x7F, 0xFC, 0x00, 0x00, 0x00, 0x00,
    0x0F, 0xFF, 0x00, 0x00, 0x00, 0x00, 0x03, 0xFF, 0xD0, 0x00, 0x00, 0x00, 0x00, 0xBF, 0xFC, 0x00,
    0x00, 0x00, 0x00, 0x1F, 0xFF, 0x00, 0x00, 0x00, 0x00, 0x03, 0xFF, 0xD0, 0x00, 0x00, 0x00, 0x00,
    0xFF, 0xF8, 0x00, 0x00, 0x00, 0x00, 0x1F, 0xFF, 0x00, 0x00, 0x00, 0x00, 0x03, 0xFF, 0xC0, 0x00,
    0x00, 0x00, 0x00, 0xFF, 0xF4, 0x00, 0x00, 0x00, 0x00, 0x2F, 0xFE, 0x00, 0x00, 0x00, 0x00, 0x07,
    0xFF, 0xC0, 0x00, 0x00, 0x00, 0x00, 0xFF, 0xF4, 0x00, 0x00, 0x00, 0x00, 0x3F, 0xFE, 0x00, 0x00,
    0x00, 0x00, 0x0B, 0xFF, 0xC0, 0x00, 0x00, 0x00, 0x00, 0xFF, 0xF0, 0x00, 0x00, 0x00, 0x00, 0x3F,
    0xFD, 0x00, 0x00, 0x00, 0x00, 0x0B, 0xFF, 0x80, 0x00, 0x00, 0x00, 0x01, 0xFF, 0xF0, 0x00, 0x00,
    0x00, 0x00, 0x3F, 0xFD, 0x00, 0x00, 0x00, 0x00, 0x0F, 0xFF, 0x80, 0x00, 0x00, 0x00, 0x02, 0xFF,
    0xF0, 0x00, 0x00, 0x00, 0x00, 0x7F, 0xFC, 0x00, 0x00, 0x00, 0x00, 0x0B, 0xFF, 0xFF, 0xFF, 0xFF,
    0xFF, 0xFE, 0xBF, 0xFF, 0xFF, 0xFF, 0xFF, 0xFF, 0xEB, 0xFF, 0xFF, 0xFF, 0xFF, 0xFF, 0xFE, 0xBF,
    0xFF, 0xFF, 0xFF, 0xFF, 0xFF, 0xEB, 0xFF, 0xFF, 0xFF, 0xFF, 0xFF, 0xFE, 0x6A, 0xAA, 0xAA, 0x8B,
    0xFF, 0xFF, 0xFD, 0xBF, 0xFF, 0xFF, 0xDB, 0xFF, 0xFF, 0xFD, 0xBF, 0xFF, 0xFF, 0xDB, 0xFD, 0x00,
    0x00, 0xBF, 0xD0, 0x00, 0x0B, 0xFD, 0x00, 0x00, 0xBF, 0xD0, 0x00, 0x0B, 0xFD, 0x00, 0x00, 0xBF,
    0xD0, 0x00, 0x0B, 0xFD, 0x00, 0x00, 0xBF, 0xD0, 0x00, 0x0B, 0xFD, 0x00, 0x00, 0xBF, 0xD0, 0x00,
    0x0B, 0xFD, 0x00, 0x00, 0xBF, 0xD0, 0x00, 0x0B, 0xFD, 0x00, 0x00, 0xBF, 0xD0, 0x00, 0x0B, 0xFD,
    0x00, 0x00, 0xBF, 0xD0, 0x00, 0x0B, 0xFD, 0x00, 0x00, 0xBF, 0xD0, 0x00, 0x0B, 0xFD, 0x00, 0x00,
    0xBF, 0xD0, 0x00, 0x0B, 0xFD, 0x00, 0x00, 0xBF, 0xD0, 0x00, 0x0B, 0xFD, 0x00, 0x00, 0xBF, 0xD0,
    0x00, 0x0B, 0xFD, 0x00, 0x00, 0xBF, 0xD0, 0x00, 0x0B, 0xFD, 0x00, 0x00, 0xBF, 0xD0, 0x00, 0x0B,
    0xFD, 0x00, 0x00, 0xBF, 0xD0, 0x00, 0x0B, 0xFD, 0x00, 0x00, 0xBF, 0xD0, 0x00, 0x0B, 0xFD, 0x00,
    0x00, 0xBF, 0xD0, 0x00, 0x0B, 0xFF, 0xFF, 0xFD, 0xBF, 0xFF, 0xFF, 0xDB, 0xFF, 0xFF, 0xFD, 0xBF,
    0xFF, 0xFF, 0xD6, 0xAA, 0xAA, 0xA8, 0x2A, 0x90, 0x00, 0x00, 0x00, 0x0F, 0xFD, 0x00, 0x00, 0x00,
    0x02, 0xFF, 0x80, 0x00, 0x00, 0x00, 0x3F, 0xF0, 0x00, 0x00, 0x00, 0x0F, 0xFD, 0x00, 0x00, 0x00,
    0x01, 0xFF, 0x80, 0x00, 0x00, 0x00, 0x3F, 0xF0, 0x00, 0x00, 0x00, 0x0F, 0xFD, 0x00, 0x00, 0x00,
    0x01, 0xFF, 0x80, 0x00, 0x00, 0x00, 0x3F, 0xF0, 0x00, 0x00, 0x00, 0x0F, 0xFD, 0x00, 0x00, 0x00,
    0x01, 0xFF, 0x80, 0x00, 0x00, 0x00, 0x3F, 0xF0, 0x00, 0x00, 0x00, 0x0B, 0xFD, 0x00, 0x00, 0x00,
    0x01, 0xFF, 0xC0, 0x00, 0x00, 0x00, 0x3F, 0xF0, 0x00, 0x00, 0x00, 0x0B, 0xFD, 0x00, 0x00, 0x00,
    0x01, 0xFF, 0xC0, 0x00, 0x00, 0x00, 0x3F, 0xF0, 0x00, 0x00, 0x00, 0x0B, 0xFD, 0x00, 0x00, 0x00,
    0x01, 0xFF, 0xC0, 0x00, 0x00, 0x00, 0x3F, 0xF0, 0x00, 0x00, 0x00, 0x0B, 0xFE, 0x00, 0x00, 0x00,
    0x01, 0xFF, 0xC0, 0x00, 0x00, 0x00, 0x3F, 0xF0, 0x00, 0x00, 0x00, 0x0B, 0xFE, 0x00, 0x00, 0x00,
    0x01, 0xFF, 0xC0, 0x00, 0x00, 0x00, 0x3F, 0xF0, 0x00, 0x00, 0x00, 0x0B, 0xFE, 0x00, 0x00, 0x00,
    0x01, 0xFF, 0xC0, 0x00, 0x00, 0x00, 0x3F, 0xF0, 0x00, 0x00, 0x00, 0x0B, 0xFE, 0x00, 0x00, 0x00,
    0x00, 0xFF, 0xC0, 0x00, 0x00, 0x00, 0x3F, 0xF4, 0x00, 0x00, 0x00, 0x0B, 0xFE, 0x00, 0x00, 0x00,
    0x00, 0xFF, 0xC0, 0x00, 0x00, 0x00, 0x3F, 0xF4, 0x00, 0x00, 0x00, 0x0B, 0xFE, 0x00, 0x00, 0x00,
    0x00, 0xFF, 0xC0, 0x00, 0x00, 0x00, 0x3F, 0xF4, 0x00, 0x00, 0x00, 0x07, 0xFE, 0x00, 0x00, 0x00,
    0x00, 0xFF, 0xC0, 0x00, 0x00, 0x00, 0x3F, 0xF4, 0x00, 0x00, 0x00, 0x06, 0xA9, 0x2A, 0xAA, 0xAA,
    0x97, 0xFF, 0xFF, 0xFF, 0x7F, 0xFF, 0xFF, 0xF7, 0xFF, 0xFF, 0xFF, 0x3F, 0xFF, 0xFF, 0xF0, 0x00,
    0x07, 0xFF, 0x00, 0x00, 0x7F, 0xF0, 0x00, 0x07, 0xFF, 0x00, 0x00, 0x7F, 0xF0, 0x00, 0x07, 0xFF,
    0x00, 0x00, 0x7F, 0xF0, 0x00, 0x07, 0xFF, 0x00, 0x00, 0x7F, 0xF0, 0x00, 0x07, 0xFF, 0x00, 0x00,
    0x7F, 0xF0, 0x00, 0x07, 0xFF, 0x00, 0x00, 0x7F, 0xF0, 0x00, 0x07, 0xFF, 0x00, 0x00, 0x7F, 0xF0,
    0x00, 0x07, 0xFF, 0x00, 0x00, 0x7F, 0xF0, 0x00, 0x07, 0xFF, 0x00, 0x00, 0x7F, 0xF0, 0x00, 0x07,
    0xFF, 0x00, 0x00, 0x7F, 0xF0, 0x00, 0x07, 0xFF, 0x00, 0x00, 0x7F, 0xF0, 0x00, 0x07, 0xFF, 0x00,
    0x00, 0x7F, 0xF0, 0x00, 0x07, 0xFF, 0x00, 0x00, 0x7F, 0xF0, 0x00, 0x07, 0xFF, 0x00, 0x00, 0x7F,
    0xF0, 0x00, 0x07, 0xFF, 0x00, 0x00, 0x7F, 0xF0, 0x00, 0x07, 0xFF, 0x00, 0x00, 0x7F, 0xF0, 0x00,
    0x07, 0xFF, 0x00, 0x00, 0x7F, 0xF3, 0xFF, 0xFF, 0xFF, 0x7F, 0xFF, 0xFF, 0xF7, 0xFF, 0xFF, 0xFF,
    0x7F, 0xFF, 0xFF, 0xF2, 0xAA, 0xAA, 0xA9, 0x00, 0x0A, 0xAA, 0x00, 0x00, 0x01, 0xFF, 0xF4, 0x00,
    0x00, 0x3F, 0xFF, 0xC0, 0x00, 0x07, 0xFF, 0xFC, 0x00, 0x00, 0xBF, 0xFF, 0xE0, 0x00, 0x0F, 0xFA,
    0xFF, 0x00, 0x02, 0xFF, 0x0F, 0xF4, 0x00, 0x3F, 0xE0, 0xFF, 0xC0, 0x07, 0xFC, 0x07, 0xFD, 0x00,
    0xFF, 0xC0, 0x3F, 0xE0, 0x0F, 0xF4, 0x01, 0xFF, 0x02, 0xFF, 0x00, 0x0F, 0xF8, 0x3F, 0xE0, 0x00,
    0xBF, 0xC7, 0xFC, 0x00, 0x03, 0xFD, 0xBF, 0x80, 0x00, 0x2F, 0xE0, 0xFF, 0xFF, 0xFF, 0xFF, 0xFF,
    0xFF, 0xFF, 0xFF, 0xFF, 0xFF, 0xFF, 0xFF, 0xFF, 0xFF, 0xFF, 0xFF, 0xFF, 0xFF, 0xFF, 0xFF, 0xFF,
    0xFF, 0xFF, 0xFF, 0xAA, 0xAA, 0xAA, 0xAA, 0xAA, 0xAA, 0xBF, 0xE0, 0x0F, 0xFD, 0x01, 0xFF, 0x80,
    0x2F, 0xF0, 0x03, 0xFE, 0x00, 0x7F, 0xC0, 0x0B, 0xF8, 0x00, 0x00, 0x00, 0x00, 0x00, 0x00, 0x00,
    0x00, 0x2F, 0xFF, 0xF8, 0x00, 0x00, 0x00, 0x2F, 0xFF, 0xFF, 0xF8, 0x00, 0x00, 0x1F, 0xFF, 0xFF,
    0xFF, 0xF0, 0x00, 0x03, 0xFF, 0xFF, 0xFF, 0xFF, 0xC0, 0x00, 0xFF, 0xFE, 0x55, 0xBF, 0xFE, 0x00,
    0x1F, 0xFF, 0x00, 0x00, 0xFF, 0xF0, 0x03, 0xFF, 0xC0, 0x00, 0x03, 0xFF, 0x40, 0x3F, 0xF4, 0x00,
    0x00, 0x2F, 0xF8, 0x01, 0xAA, 0x00, 0x00, 0x01, 0xFF, 0xC0, 0x00, 0x00, 0x00, 0x00, 0x1F, 0xFC,
    0x00, 0x00, 0x00, 0x00, 0x06, 0xFF, 0xC0, 0x00, 0x00, 0x01, 0xAF, 0xFF, 0xFC, 0x00, 0x00, 0x6F,
    0xFF, 0xFF, 0xFF, 0xC0, 0x00, 0xBF, 0xFF, 0xFF, 0xFF, 0xFC, 0x00, 0x7F, 0xFF, 0xFF, 0xFA, 0xFF,
    0xC0, 0x1F, 0xFF, 0xFE, 0x50, 0x1F, 0xFC, 0x03, 0xFF, 0xE4, 0x00, 0x01, 0xFF, 0xC0, 0x7F, 0xF4,
    0x00, 0x00, 0x1F, 0xFC, 0x0B, 0xFF, 0x00, 0x00, 0x02, 0xFF, 0xC0, 0xFF, 0xE0, 0x00, 0x00, 0x3F,
    0xFC, 0x0F, 0xFE, 0x00, 0x00, 0x0B, 0xFF, 0xC0, 0xFF, 0xF0, 0x00, 0x02, 0xFF, 0xFC, 0x0B, 0xFF,
    0xC0, 0x00, 0xBF, 0xFF, 0xE0, 0x3F, 0xFF, 0xEA, 0xFF, 0xFB, 0xFF, 0xD2, 0xFF, 0xFF, 0xFF, 0xFC,
    0x7F, 0xFD, 0x0B, 0xFF, 0xFF, 0xFF, 0x03, 0xFF, 0xD0, 0x1F, 0xFF, 0xFF, 0x40, 0x0B, 0xFD, 0x00,
    0x05, 0xA9, 0x00, 0x00, 0x00, 0x00, 0x2A, 0xA0, 0x00, 0x00, 0x00, 0x00, 0x07, 0xFF, 0x00, 0x00,
    0x00, 0x00, 0x00, 0x7F, 0xF0, 0x00, 0x00, 0x00, 0x00, 0x07, 0xFF, 0x00, 0x00, 0x00, 0x00, 0x00,
    0x7F, 0xF0, 0x00, 0x00, 0x00, 0x00, 0x07, 0xFF, 0x00, 0x00, 0x00, 0x00, 0x00, 0x7F, 0xF0, 0x00,
    0x00, 0x00, 0x00, 0x07, 0xFF, 0x00, 0x00, 0x00, 0x00, 0x00, 0x7F, 0xF0, 0x00, 0x00, 0x00, 0x00,
    0x07, 0xFF, 0x00, 0xBF, 0xFE, 0x40, 0x00, 0x7F, 0xF0, 0x7F, 0xFF, 0xFF, 0x00, 0x07, 0xFF, 0x2F,
    0xFF, 0xFF, 0xFD, 0x00, 0x7F, 0xFB, 0xFF, 0xFF, 0xFF, 0xF0, 0x07, 0xFF, 0xFF, 0xE5, 0xBF, 0xFF,
    0xC0, 0x7F, 0xFF, 0xD0, 0x00, 0x7F, 0xFE, 0x07, 0xFF, 0xF4, 0x00, 0x01, 0xFF, 0xF0, 0x7F, 0xFE,
    0x00, 0x00, 0x0B, 0xFF, 0x47, 0xFF, 0xC0, 0x00, 0x00, 0x3F, 0xF8, 0x7F, 0xF8, 0x00, 0x00, 0x03,
    0xFF, 0xC7, 0xFF, 0x40, 0x00, 0x00, 0x2F, 0xFC, 0x7F, 0xF0, 0x00, 0x00, 0x01, 0xFF, 0xC7, 0xFF,
    0x00, 0x00, 0x00, 0x0F, 0xFD, 0x7F, 0xF0, 0x00, 0x00, 0x00, 0xFF, 0xD7, 0xFF, 0x00, 0x00, 0x00,
    0x0F, 0xFD, 0x7F, 0xF0, 0x00, 0x00, 0x01, 0xFF, 0xC7, 0xFF, 0x40, 0x00, 0x00, 0x1F, 0xFC, 0x7F,
    0xF8, 0x00, 0x00, 0x02, 0xFF, 0xC7, 0xFF, 0xC0, 0x00, 0x00, 0x3F, 0xFC, 0x7F, 0xFD, 0x00, 0x00,
    0x07, 0xFF, 0x87, 0xFF, 0xF0, 0x00, 0x00, 0xFF, 0xF0, 0x7F, 0xFF, 0xC0, 0x00, 0x3F, 0xFE, 0x07,
    0xFF, 0xFF, 0x80, 0x1F, 0xFF, 0xC0, 0x7F, 0xFF, 0xFF, 0xFF, 0xFF, 0xF8, 0x07, 0xFF, 0x3F, 0xFF,
    0xFF, 0xFE, 0x00, 0x7F, 0xF0, 0xFF, 0xFF, 0xFF, 0x80, 0x07, 0xFE, 0x02, 0xFF, 0xFF, 0x80, 0x00,
    0x00, 0x00, 0x01, 0x6A, 0x40, 0x00, 0x00, 0x00, 0x00, 0x00, 0x00, 0x00, 0x00, 0x00, 0x00, 0x2F,
    0xFF, 0xF4, 0x00, 0x00, 0x00, 0xBF, 0xFF, 0xFF, 0xE0, 0x00, 0x01, 0xFF, 0xFF, 0xFF, 0xFF, 0x00,
    0x01, 0xFF, 0xFF, 0xFF, 0xFF, 0xF0, 0x00, 0xFF, 0xFE, 0x96, 0xFF, 0xFF, 0x00, 0xFF, 0xFC, 0x00,
    0x07, 0xFF, 0xD0, 0x7F, 0xFC, 0x00, 0x00, 0x7F, 0xFC, 0x3F, 0xFC, 0x00, 0x00, 0x0B, 0xFF, 0x0F,
    0xFE, 0x00, 0x00, 0x01, 0xFF, 0xD7, 0xFF, 0x00, 0x00, 0x00, 0x2A, 0xA6, 0xFF, 0xC0, 0x00, 0x00,
    0x00, 0x00, 0xFF, 0xE0, 0x00, 0x00, 0x00, 0x00, 0x3F, 0xF8, 0x00, 0x00, 0x00, 0x00, 0x0F, 0xFE,
    0x00, 0x00, 0x00, 0x00, 0x03, 0xFF, 0x80, 0x00, 0x00, 0x00, 0x00, 0xFF, 0xE0, 0x00, 0x00, 0x00,
    0x00, 0x2F, 0xFC, 0x00, 0x00, 0x00, 0x00, 0x0B, 0xFF, 0x00, 0x00, 0x00, 0x2A, 0xA5, 0xFF, 0xD0,
    0x00, 0x00, 0x0F, 0xFD, 0x3F, 0xFC, 0x00, 0x00, 0x0B, 0xFF, 0x0B, 0xFF, 0x40, 0x00, 0x03, 0xFF,
    0xC0, 0xFF, 0xF4, 0x00, 0x03, 0xFF, 0xD0, 0x2F, 0xFF, 0x90, 0x0B, 0xFF, 0xF0, 0x02, 0xFF, 0xFF,
    0xFF, 0xFF, 0xF0, 0x00, 0x3F, 0xFF, 0xFF, 0xFF, 0xF0, 0x00, 0x02, 0xFF, 0xFF, 0xFF, 0xF0, 0x00,
    0x00, 0x0B, 0xFF, 0xFF, 0xD0, 0x00, 0x00, 0x00, 0x06, 0xA5, 0x00, 0x00, 0x00, 0x00, 0x00, 0x00,
    0x00, 0x01, 0xAA, 0x40, 0x00, 0x00, 0x00, 0x00, 0xBF, 0xE0, 0x00, 0x00, 0x00, 0x00, 0x2F, 0xF8,
    0x00, 0x00, 0x00, 0x00, 0x0B, 0xFE, 0x00, 0x00, 0x00, 0x00, 0x02, 0xFF, 0x80, 0x00, 0x00, 0x00,
    0x00, 0xBF, 0xE0, 0x00, 0x00, 0x00, 0x00, 0x2F, 0xF8, 0x00, 0x00, 0x00, 0x00, 0x0B, 0xFE, 0x00,
    0x00, 0x00, 0x00, 0x02, 0xFF, 0x80, 0x00, 0xBF, 0xFE, 0x40, 0xBF, 0xE0, 0x02, 0xFF, 0xFF, 0xFC,
    0x2F, 0xF8, 0x03, 0xFF, 0xFF, 0xFF, 0xCB, 0xFE, 0x03, 0xFF, 0xFF, 0xFF, 0xFE, 0xFF, 0x82, 0xFF,
    0xFE, 0x56, 0xFF, 0xFF, 0xE0, 0xFF, 0xFC, 0x00, 0x0B, 0xFF, 0xF8, 0xBF, 0xFC, 0x00, 0x00, 0xBF,
    0xFE, 0x3F, 0xFC, 0x00, 0x00, 0x0F, 0xFF, 0x9F, 0xFE, 0x00, 0x00, 0x02, 0xFF, 0xEB, 0xFF, 0x00,
    0x00, 0x00, 0x3F, 0xFA, 0xFF, 0xC0, 0x00, 0x00, 0x0F, 0xFE, 0xFF, 0xE0, 0x00, 0x00, 0x03, 0xFF,
    0xBF, 0xF8, 0x00, 0x00, 0x00, 0xBF, 0xEF, 0xFE, 0x00, 0x00, 0x00, 0x2F, 0xFB, 0xFF, 0x80, 0x00,
    0x00, 0x0B, 0xFE, 0xFF, 0xE0, 0x00, 0x00, 0x03, 0xFF, 0xAF, 0xFC, 0x00, 0x00, 0x00, 0xFF, 0xEB,
    0xFF, 0x00, 0x00, 0x00, 0x3F, 0xF9, 0xFF, 0xD0, 0x00, 0x00, 0x1F, 0xFE, 0x3F, 0xFC, 0x00, 0x00,
    0x0F, 0xFF, 0x8F, 0xFF, 0x80, 0x00, 0x07, 0xFF, 0xE1, 0xFF, 0xF4, 0x00, 0x07, 0xFF, 0xF8, 0x3F,
    0xFF, 0xD0, 0x1B, 0xFF, 0xFE, 0x03, 0xFF, 0xFF, 0xFF, 0xFE, 0xFF, 0x80, 0x7F, 0xFF, 0xFF, 0xFE,
    0x7F, 0xE0, 0x07, 0xFF, 0xFF, 0xFE, 0x1F, 0xF8, 0x00, 0x2F, 0xFF, 0xF8, 0x07, 0xFE, 0x00, 0x00,
    0x5A, 0x90, 0x00, 0x00, 0x00, 0x00, 0x00, 0x00, 0x00, 0x00, 0x00, 0x00, 0x00, 0x6F, 0xFF, 0xE0,
    0x00, 0x00, 0x00, 0xFF, 0xFF, 0xFF, 0xC0, 0x00, 0x01, 0xFF, 0xFF, 0xFF, 0xFD, 0x00, 0x01, 0xFF,
    0xFF, 0xFF, 0xFF, 0xD0, 0x01, 0xFF, 0xFE, 0x56, 0xFF, 0xFC, 0x00, 0xFF, 0xF8, 0x00, 0x0B, 0xFF,
    0x80, 0x7F, 0xF4, 0x00, 0x00, 0xBF, 0xF4, 0x3F, 0xFC, 0x00, 0x00, 0x0F, 0xFE, 0x0F, 0xFD, 0x00,
    0x00, 0x01, 0xFF, 0xC7, 0xFF, 0x00, 0x00, 0x00, 0x3F, 0xF6, 0xFF, 0x80, 0x00, 0x00, 0x0F, 0xFD,
    0xFF, 0xFF, 0xFF, 0xFF, 0xFF, 0xFF, 0xBF, 0xFF, 0xFF, 0xFF, 0xFF, 0xFF, 0xEF, 0xFF, 0xFF, 0xFF,
    0xFF, 0xFF, 0xFB, 0xFF, 0xFF, 0xFF, 0xFF, 0xFF, 0xFE, 0xFF, 0xE5, 0x55, 0x55, 0x55, 0x55, 0x2F,
    0xF8, 0x00, 0x00, 0x00, 0x00, 0x0B, 0xFF, 0x00, 0x00, 0x00, 0x00, 0x01, 0xFF, 0xC0, 0x00, 0x00,
    0x00, 0x00, 0x3F, 0xF8, 0x00, 0x00, 0x07, 0xFE, 0x0B, 0xFF, 0x00, 0x00, 0x03, 0xFF, 0xC0, 0xFF,
    0xF0, 0x00, 0x03, 0xFF, 0xD0, 0x2F, 0xFF, 0x90, 0x07, 0xFF, 0xF0, 0x03, 0xFF, 0xFF, 0xFF, 0xFF,
    0xF0, 0x00, 0x3F, 0xFF, 0xFF, 0xFF, 0xF0, 0x00, 0x02, 0xFF, 0xFF, 0xFF, 0xF0, 0x00, 0x00, 0x0B,
    0xFF, 0xFF, 0xD0, 0x00, 0x00, 0x00, 0x16, 0xA5, 0x00, 0x00, 0x00, 0x00, 0x00, 0x05, 0xAA, 0x40,
    0x00, 0x7F, 0xFF, 0xF0, 0x00, 0xBF, 0xFF, 0xFC, 0x00, 0x7F, 0xFF, 0xFF, 0x00, 0x3F, 0xFF, 0xFF,
    0x80, 0x1F, 0xFE, 0x00, 0x00, 0x07, 0xFF, 0x00, 0x00, 0x02, 0xFF, 0xC0, 0x00, 0x00, 0xBF, 0xF0,
    0x00, 0x05, 0x6F, 0xFD, 0x55, 0x47, 0xFF, 0xFF, 0xFF, 0xF5, 0xFF, 0xFF, 0xFF, 0xFD, 0x7F, 0xFF,
    0xFF, 0xFF, 0x5F, 0xFF, 0xFF, 0xFF, 0xD0, 0x0B, 0xFF, 0x00, 0x00, 0x02, 0xFF, 0xC0, 0x00, 0x00,
    0xBF, 0xF0, 0x00, 0x00, 0x2F, 0xFC, 0x00, 0x00, 0x0B, 0xFF, 0x00, 0x00, 0x02, 0xFF, 0xC0, 0x00,
    0x00, 0xBF, 0xF0, 0x00, 0x00, 0x2F, 0xFC, 0x00, 0x00, 0x0B, 0xFF, 0x00, 0x00, 0x02, 0xFF, 0xC0,
    0x00, 0x00, 0xBF, 0xF0, 0x00, 0x00, 0x2F, 0xFC, 0x00, 0x00, 0x0B, 0xFF, 0x00, 0x00, 0x02, 0xFF,
    0xC0, 0x00, 0x00, 0xBF, 0xF0, 0x00, 0x00, 0x2F, 0xFC, 0x00, 0x00, 0x0B, 0xFF, 0x00, 0x00, 0x02,
    0xFF, 0xC0, 0x00, 0x00, 0xBF, 0xF0, 0x00, 0x00, 0x2F, 0xFC, 0x00, 0x00, 0x0B, 0xFF, 0x00, 0x00,
    0x02, 0xFF, 0xC0, 0x00, 0x00, 0x00, 0x00, 0x00, 0x00, 0x00, 0x00, 0x00, 0xBF, 0xFE, 0x40, 0x6A,
    0x90, 0x02, 0xFF, 0xFF, 0xFC, 0x2F, 0xF8, 0x03, 0xFF, 0xFF, 0xFF, 0xCB, 0xFE, 0x03, 0xFF, 0xFF,
    0xFF, 0xFE, 0xFF, 0x82, 0xFF, 0xFE, 0x56, 0xFF, 0xFF, 0xE0, 0xFF, 0xF4, 0x00, 0x0B, 0xFF, 0xF8,
    0xBF, 0xF4, 0x00, 0x00, 0xBF, 0xFE, 0x3F, 0xFC, 0x00, 0x00, 0x0F, 0xFF, 0x9F, 0xFD, 0x00, 0x00,
    0x01, 0xFF, 0xEB, 0xFF, 0x00, 0x00, 0x00, 0x3F, 0xFB, 0xFF, 0xC0, 0x00, 0x00, 0x0F, 0xFE, 0xFF,
    0xE0, 0x00, 0x00, 0x02, 0xFF, 0xBF, 0xF8, 0x00, 0x00, 0x00, 0xBF, 0xEF, 0xFE, 0x00, 0x00, 0x00,
    0x2F, 0xFB, 0xFF, 0x80, 0x00, 0x00, 0x0F, 0xFE, 0xBF, 0xF0, 0x00, 0x00, 0x03, 0xFF, 0x9F, 0xFC,
    0x00, 0x00, 0x01, 0xFF, 0xE3, 0xFF, 0x80, 0x00, 0x00, 0xBF, 0xF8, 0xFF, 0xF0, 0x00, 0x00, 0x7F,
    0xFE, 0x1F, 0xFF, 0x00, 0x00, 0x7F, 0xFF, 0x83, 0xFF, 0xF4, 0x00, 0xBF, 0xFF, 0xE0, 0x3F, 0xFF,
    0xFF, 0xFF, 0xFF, 0xF8, 0x07, 0xFF, 0xFF, 0xFF, 0xDB, 0xFE, 0x00, 0x3F, 0xFF, 0xFF, 0xE2, 0xFF,
    0x80, 0x02, 0xFF, 0xFF, 0xD0, 0xBF, 0xE0, 0x00, 0x05, 0xA9, 0x00, 0x2F, 0xF8, 0x00, 0x00, 0x00,
    0x00, 0x0F, 0xFD, 0x2A, 0xF4, 0x00, 0x00, 0x03, 0xFF, 0x4F, 0xFF, 0x00, 0x00, 0x02, 0xFF, 0xC1,
    0xFF, 0xF0, 0x00, 0x02, 0xFF, 0xE0, 0x3F, 0xFF, 0x95, 0x5B, 0xFF, 0xF0, 0x03, 0xFF, 0xFF, 0xFF,
    0xFF, 0xF4, 0x00, 0x3F, 0xFF, 0xFF, 0xFF, 0xF4, 0x00, 0x01, 0xFF, 0xFF, 0xFF, 0xE0, 0x00, 0x00,
    0x06, 0xFF, 0xFE, 0x40, 0x00, 0x00, 0x00, 0x00, 0x00, 0x00, 0x00, 0x00, 0x2A, 0xA0, 0x00, 0x00,
    0x00, 0x01, 0xFF, 0xC0, 0x00, 0x00, 0x00, 0x07, 0xFF, 0x00, 0x00, 0x00, 0x00, 0x1F, 0xFC, 0x00,
    0x00, 0x00, 0x00, 0x7F, 0xF0, 0x00, 0x00, 0x00, 0x01, 0xFF, 0xC0, 0x00, 0x00, 0x00, 0x07, 0xFF,
    0x00, 0x00, 0x00, 0x00, 0x1F, 0xFC, 0x00, 0x00, 0x00, 0x00, 0x7F, 0xF0, 0x00, 0x00, 0x00, 0x01,
    0xFF, 0xC0, 0x6F, 0xFF, 0x80, 0x07, 0xFF, 0x0B, 0xFF, 0xFF, 0xD0, 0x1F, 0xFC, 0xFF, 0xFF, 0xFF,
    0xD0, 0x7F, 0xFB, 0xFF, 0xFF, 0xFF, 0xC1, 0xFF, 0xFF, 0xE5, 0x6F, 0xFF, 0x87, 0xFF, 0xF4, 0x00,
    0x0F, 0xFF, 0x1F, 0xFF, 0x40, 0x00, 0x1F, 0xFD, 0x7F, 0xFC, 0x00, 0x00, 0x3F, 0xF9, 0xFF, 0xD0,
    0x00, 0x00, 0xBF, 0xE7, 0xFF, 0x00, 0x00, 0x02, 0xFF, 0xDF, 0xFC, 0x00, 0x00, 0x0B, 0xFF, 0x7F,
    0xF0, 0x00, 0x00, 0x2F, 0xFD, 0xFF, 0xC0, 0x00, 0x00, 0xBF, 0xF7, 0xFF, 0x00, 0x00, 0x02, 0xFF,
    0xDF, 0xFC, 0x00, 0x00, 0x0B, 0xFF, 0x7F, 0xF0, 0x00, 0x00, 0x2F, 0xFD, 0xFF, 0xC0, 0x00, 0x00,
    0xBF, 0xF7, 0xFF, 0x00, 0x00, 0x02, 0xFF, 0xDF, 0xFC, 0x00, 0x00, 0x0B, 0xFF, 0x7F, 0xF0, 0x00,
    0x00, 0x2F, 0xFD, 0xFF, 0xC0, 0x00, 0x00, 0xBF, 0xF7, 0xFF, 0x00, 0x00, 0x02, 0xFF, 0xDF, 0xFC,
    0x00, 0x00, 0x0B, 0xFF, 0x7F, 0xF0, 0x00, 0x00, 0x2F, 0xFD, 0xFF, 0xC0, 0x00, 0x00, 0xBF, 0xF7,
    0xFF, 0x00, 0x00, 0x02, 0xFF, 0xDF, 0xFC, 0x00, 0x00, 0x0B, 0xFF, 0x7F, 0xF1, 0xFF, 0xC7, 0xFF,
    0x1F, 0xFC, 0x7F, 0xF0, 0xAA, 0x80, 0x00, 0x00, 0x00, 0x00, 0x00, 0xAA, 0x87, 0xFF, 0x1F, 0xFC,
    0x7F, 0xF1, 0xFF, 0xC7, 0xFF, 0x1F, 0xFC, 0x7F, 0xF1, 0xFF, 0xC7, 0xFF, 0x1F, 0xFC, 0x7F, 0xF1,
    0xFF, 0xC7, 0xFF, 0x1F, 0xFC, 0x7F, 0xF1, 0xFF, 0xC7, 0xFF, 0x1F, 0xFC, 0x7F, 0xF1, 0xFF, 0xC7,
    0xFF, 0x1F, 0xFC, 0x7F, 0xF1, 0xFF, 0xC7, 0xFF, 0x1F, 0xFC, 0x00, 0x0B, 0xFD, 0x00, 0x0F, 0xFE,
    0x00, 0x0F, 0xFE, 0x00, 0x0F, 0xFE, 0x00, 0x0F, 0xFE, 0x00, 0x0A, 0xA9, 0x00, 0x00, 0x00, 0x00,
    0x00, 0x00, 0x00, 0x00, 0x00, 0x00, 0x0A, 0xA9, 0x00, 0x0F, 0xFD, 0x00, 0x0F, 0xFD, 0x00, 0x0F,
    0xFD, 0x00, 0x0F, 0xFD, 0x00, 0x0F, 0xFD, 0x00, 0x0F, 0xFD, 0x00, 0x0F, 0xFD, 0x00, 0x0F, 0xFD,
    0x00, 0x0F, 0xFD, 0x00, 0x0F, 0xFD, 0x00, 0x0F, 0xFD, 0x00, 0x0F, 0xFD, 0x00, 0x0F, 0xFD, 0x00,
    0x0F, 0xFD, 0x00, 0x0F, 0xFD, 0x00, 0x0F, 0xFD, 0x00, 0x0F, 0xFD, 0x00, 0x0F, 0xFD, 0x00, 0x0F,
    0xFD, 0x00, 0x0F, 0xFD, 0x00, 0x0F, 0xFD, 0x00, 0x0F, 0xFD, 0x00, 0x0F, 0xFD, 0x00, 0x0F, 0xFD,
    0x00, 0x0F, 0xFD, 0x00, 0x0F, 0xFD, 0x00, 0x0F, 0xFD, 0x00, 0x0F, 0xFD, 0x00, 0x2F, 0xFD, 0x3F,
    0xFF, 0xFC, 0x3F, 0xFF, 0xF8, 0x3F, 0xFF, 0xF0, 0x3F, 0xFF, 0x80, 0x2A, 0x54, 0x00, 0x2A, 0xA0,
    0x00, 0x00, 0x00, 0x00, 0x07, 0xFF, 0x00, 0x00, 0x00, 0x00, 0x00, 0x7F, 0xF0, 0x00, 0x00, 0x00,
    0x00, 0x07, 0xFF, 0x00, 0x00, 0x00, 0x00, 0x00, 0x7F, 0xF0, 0x00, 0x00, 0x00, 0x00, 0x07, 0xFF,
    0x00, 0x00, 0x00, 0x00, 0x00, 0x7F, 0xF0, 0x00, 0x00, 0x00, 0x00, 0x07, 0xFF, 0x00, 0x00, 0x00,
    0x00, 0x00, 0x7F, 0xF0, 0x00, 0x00, 0x00, 0x00, 0x07, 0xFF, 0x00, 0x00, 0x00, 0xAA, 0xA4, 0x7F,
    0xF0, 0x00, 0x00, 0x3F, 0xFE, 0x07, 0xFF, 0x00, 0x00, 0x0F, 0xFF, 0x80, 0x7F, 0xF0, 0x00, 0x03,
    0xFF, 0xF0, 0x07, 0xFF, 0x00, 0x00, 0xBF, 0xFC, 0x00, 0x7F, 0xF0, 0x00, 0x2F, 0xFF, 0x00, 0x07,
    0xFF, 0x00, 0x0B, 0xFF, 0xC0, 0x00, 0x7F, 0xF0, 0x01, 0xFF, 0xF0, 0x00, 0x07, 0xFF, 0x00, 0x7F,
    0xFC, 0x00, 0x00, 0x7F, 0xF0, 0x1F, 0xFF, 0x40, 0x00, 0x07, 0xFF, 0x03, 0xFF, 0xD0, 0x00, 0x00,
    0x7F, 0xF0, 0xFF, 0xF8, 0x00, 0x00, 0x07, 0xFF, 0x3F, 0xFF, 0xC0, 0x00, 0x00, 0x7F, 0xFF, 0xFF,
    0xFE, 0x00, 0x00, 0x07, 0xFF, 0xFF, 0xFF, 0xF4, 0x00, 0x00, 0x7F, 0xFF, 0xF7, 0xFF, 0xC0, 0x00,
    0x07, 0xFF, 0xFD, 0x0F, 0xFE, 0x00, 0x00, 0x7F, 0xFF, 0x40, 0x7F, 0xF4, 0x00, 0x07, 0xFF, 0xD0,
    0x03, 0xFF, 0xC0, 0x00, 0x7F, 0xF4, 0x00, 0x0F, 0xFF, 0x00, 0x07, 0xFF, 0x00, 0x00, 0x7F, 0xF8,
    0x00, 0x7F, 0xF0, 0x00, 0x03, 0xFF, 0xD0, 0x07, 0xFF, 0x00, 0x00, 0x0F, 0xFF, 0x00, 0x7F, 0xF0,
    0x00, 0x00, 0x7F, 0xF8, 0x07, 0xFF, 0x00, 0x00, 0x02, 0xFF, 0xD0, 0x7F, 0xF0, 0x00, 0x00, 0x0F,
    0xFF, 0x07, 0xFF, 0x00, 0x00, 0x00, 0x7F, 0xF8, 0x2A, 0xA0, 0x07, 0xFF, 0x00, 0x7F, 0xF0, 0x07,
    0xFF, 0x00, 0x7F, 0xF0, 0x07, 0xFF, 0x00, 0x7F, 0xF0, 0x07, 0xFF, 0x00, 0x7F, 0xF0, 0x07, 0xFF,
    0x00, 0x7F, 0xF0, 0x07, 0xFF, 0x00, 0x7F, 0xF0, 0x07, 0xFF, 0x00, 0x7F, 0xF0, 0x07, 0xFF, 0x00,
    0x7F, 0xF0, 0x07, 0xFF, 0x00, 0x7F, 0xF0, 0x07, 0xFF, 0x00, 0x7F, 0xF0, 0x07, 0xFF, 0x00, 0x7F,
    0xF0, 0x07, 0xFF, 0x00, 0x7F, 0xF0, 0x07, 0xFF, 0x00, 0x7F, 0xF0, 0x07, 0xFF, 0x00, 0x7F, 0xF0,
    0x07, 0xFF, 0x00, 0x3F, 0xF0, 0x03, 0xFF, 0xD5, 0x3F, 0xFF, 0xF2, 0xFF, 0xFF, 0x0B, 0xFF, 0xF0,
    0x1B, 0xFF, 0x00, 0x00, 0x00, 0x00, 0x00, 0x00, 0x00, 0x00, 0x00, 0x02, 0xA9, 0x01, 0xFF, 0xF8,
    0x00, 0x02, 0xFF, 0xF4, 0x00, 0x7F, 0xE0, 0xBF, 0xFF, 0xF4, 0x02, 0xFF, 0xFF, 0xF4, 0x07, 0xFE,
    0x3F, 0xFF, 0xFF, 0xD0, 0xBF, 0xFF, 0xFF, 0xC0, 0x7F, 0xEB, 0xFF, 0xFF, 0xFF, 0x0F, 0xFF, 0xFF,
    0xFF, 0x07, 0xFF, 0xFE, 0x56, 0xFF, 0xFA, 0xFE, 0x57, 0xFF, 0xF4, 0x7F, 0xFF, 0x40, 0x03, 0xFF,
    0xFE, 0x00, 0x0B, 0xFF, 0xC7, 0xFF, 0xD0, 0x00, 0x1F, 0xFF, 0xC0, 0x00, 0x3F, 0xFC, 0x7F, 0xFC,
    0x00, 0x00, 0xFF, 0xF4, 0x00, 0x01, 0xFF, 0xD7, 0xFF, 0x40, 0x00, 0x0B, 0xFF, 0x00, 0x00, 0x0F,
    0xFD, 0x7F, 0xF0, 0x00, 0x00, 0xBF, 0xE0, 0x00, 0x00, 0xFF, 0xD7, 0xFF, 0x00, 0x00, 0x07, 0xFE,
    0x00, 0x00, 0x0F, 0xFD, 0x7F, 0xF0, 0x00, 0x00, 0x7F, 0xE0, 0x00, 0x00, 0xFF, 0xD7, 0xFF, 0x00,
    0x00, 0x07, 0xFE, 0x00, 0x00, 0x0F, 0xFD, 0x7F, 0xF0, 0x00, 0x00, 0x7F, 0xE0, 0x00, 0x00, 0xFF,
    0xD7, 0xFF, 0x00, 0x00, 0x07, 0xFE, 0x00, 0x00, 0x0F, 0xFD, 0x7F, 0xF0, 0x00, 0x00, 0x7F, 0xE0,
    0x00, 0x00, 0xFF, 0xD7, 0xFF, 0x00, 0x00, 0x07, 0xFE, 0x00, 0x00, 0x0F, 0xFD, 0x7F, 0xF0, 0x00,
    0x00, 0x7F, 0xE0, 0x00, 0x00, 0xFF, 0xD7, 0xFF, 0x00, 0x00, 0x07, 0xFE, 0x00, 0x00, 0x0F, 0xFD,
    0x7F, 0xF0, 0x00, 0x00, 0x7F, 0xE0, 0x00, 0x00, 0xFF, 0xD7, 0xFF, 0x00, 0x00, 0x07, 0xFE, 0x00,
    0x00, 0x0F, 0xFD, 0x7F, 0xF0, 0x00, 0x00, 0x7F, 0xE0, 0x00, 0x00, 0xFF, 0xD7, 0xFF, 0x00, 0x00,
    0x07, 0xFE, 0x00, 0x00, 0x0F, 0xFD, 0x7F, 0xF0, 0x00, 0x00, 0x7F, 0xE0, 0x00, 0x00, 0xFF, 0xD7,
    0xFF, 0x00, 0x00, 0x07, 0xFE, 0x00, 0x00, 0x0F, 0xFD, 0x7F, 0xF0, 0x00, 0x00, 0x7F, 0xE0, 0x00,
    0x00, 0xFF, 0xD7, 0xFF, 0x00, 0x00, 0x07, 0xFE, 0x00, 0x00, 0x0F, 0xFD, 0x00, 0x00, 0x00, 0x00,
    0x00, 0x00, 0xAA, 0x40, 0x2F, 0xFF, 0x80, 0x07, 0xFE, 0x0B, 0xFF, 0xFF, 0xD0, 0x1F, 0xF8, 0xBF,
    0xFF, 0xFF, 0xD0, 0x7F, 0xEB, 0xFF, 0xFF, 0xFF, 0xC1, 0xFF, 0xFF, 0xD5, 0x6F, 0xFF, 0x87, 0xFF,
    0xF4, 0x00, 0x1F, 0xFF, 0x1F, 0xFF, 0x40, 0x00, 0x1F, 0xFD, 0x7F, 0xFC, 0x00, 0x00, 0x3F, 0xF9,
    0xFF, 0xD0, 0x00, 0x00, 0xFF, 0xE7, 0xFF, 0x00, 0x00, 0x02, 0xFF, 0xDF, 0xFC, 0x00, 0x00, 0x0B,
    0xFF, 0x7F, 0xF0, 0x00, 0x00, 0x2F, 0xFD, 0xFF, 0xC0, 0x00, 0x00, 0xBF, 0xF7, 0xFF, 0x00, 0x00,
    0x02, 0xFF, 0xDF, 0xFC, 0x00, 0x00, 0x0B, 0xFF, 0x7F, 0xF0, 0x00, 0x00, 0x2F, 0xFD, 0xFF, 0xC0,
    0x00, 0x00, 0xBF, 0xF7, 0xFF, 0x00, 0x00, 0x02, 0xFF, 0xDF, 0xFC, 0x00, 0x00, 0x0B, 0xFF, 0x7F,
    0xF0, 0x00, 0x00, 0x2F, 0xFD, 0xFF, 0xC0, 0x00, 0x00, 0xBF, 0xF7, 0xFF, 0x00, 0x00, 0x02, 0xFF,
    0xDF, 0xFC, 0x00, 0x00, 0x0B, 0xFF, 0x7F, 0xF0, 0x00, 0x00, 0x2F, 0xFD, 0xFF, 0xC0, 0x00, 0x00,
    0xBF, 0xF7, 0xFF, 0x00, 0x00, 0x02, 0xFF, 0xDF, 0xFC, 0x00, 0x00, 0x0B, 0xFF, 0x00, 0x00, 0x00,
    0x00, 0x00, 0x00, 0x00, 0x00, 0x0B, 0xFF, 0xF9, 0x00, 0x00, 0x00, 0x0B, 0xFF, 0xFF, 0xFD, 0x00,
    0x00, 0x07, 0xFF, 0xFF, 0xFF, 0xF8, 0x00, 0x01, 0xFF, 0xFF, 0xFF, 0xFF, 0xE0, 0x00, 0x3F, 0xFF,
    0xA5, 0xBF, 0xFF, 0x80, 0x0F, 0xFF, 0xC0, 0x00, 0xBF, 0xFD, 0x01, 0xFF, 0xF0, 0x00, 0x01, 0xFF,
    0xF0, 0x3F, 0xFC, 0x00, 0x00, 0x0B, 0xFF, 0x03, 0xFF, 0x80, 0x00, 0x00, 0x3F, 0xF8, 0x7F, 0xF0,
    0x00, 0x00, 0x03, 0xFF, 0xCB, 0xFF, 0x00, 0x00, 0x00, 0x2F, 0xFC, 0xFF, 0xE0, 0x00, 0x00, 0x01,
    0xFF, 0xCF, 0xFE, 0x00, 0x00, 0x00, 0x0F, 0xFD, 0xFF, 0xE0, 0x00, 0x00, 0x00, 0xFF, 0xDF, 0xFE,
    0x00, 0x00, 0x00, 0x0F, 0xFD, 0xFF, 0xE0, 0x00, 0x00, 0x01, 0xFF, 0xCB, 0xFF, 0x00, 0x00, 0x00,
    0x1F, 0xFC, 0xBF, 0xF0, 0x00, 0x00, 0x02, 0xFF, 0xC7, 0xFF, 0x40, 0x00, 0x00, 0x3F, 0xF8, 0x3F,
    0xFC, 0x00, 0x00, 0x07, 0xFF, 0x42, 0xFF, 0xD0, 0x00, 0x00, 0xFF, 0xF0, 0x0F, 0xFF, 0x40, 0x00,
    0x3F, 0xFE, 0x00, 0xBF, 0xFE, 0x40, 0x2F, 0xFF, 0xC0, 0x02, 0xFF, 0xFF, 0xFF, 0xFF, 0xF0, 0x00,
    0x0F, 0xFF, 0xFF, 0xFF, 0xFD, 0x00, 0x00, 0x2F, 0xFF, 0xFF, 0xFF, 0x00, 0x00, 0x00, 0x2F, 0xFF,
    0xFF, 0x40, 0x00, 0x00, 0x00, 0x06, 0xA5, 0x00, 0x00, 0x00, 0x00, 0x00, 0x00, 0x00, 0x00, 0x00,
    0x02, 0xA9, 0x00, 0xBF, 0xFE, 0x40, 0x00, 0x7F, 0xF0, 0xBF, 0xFF, 0xFF, 0x00, 0x07, 0xFF, 0x2F,
    0xFF, 0xFF, 0xFD, 0x00, 0x7F, 0xFB, 0xFF, 0xFF, 0xFF, 0xF0, 0x07, 0xFF, 0xFF, 0xE5, 0xBF, 0xFF,
    0xC0, 0x7F, 0xFF, 0xD0, 0x00, 0x7F, 0xFD, 0x07, 0xFF, 0xF0, 0x00, 0x01, 0xFF, 0xF0, 0x7F, 0xFD,
    0x00, 0x00, 0x0B, 0xFF, 0x47, 0xFF, 0xC0, 0x00, 0x00, 0x3F, 0xF8, 0x7F, 0xF8, 0x00, 0x00, 0x02,
    0xFF, 0xC7, 0xFF, 0x40, 0x00, 0x00, 0x2F, 0xFC, 0x7F, 0xF0, 0x00, 0x00, 0x01, 0xFF, 0xC7, 0xFF,
    0x00, 0x00, 0x00, 0x0F, 0xFD, 0x7F, 0xF0, 0x00, 0x00, 0x00, 0xFF, 0xD7, 0xFF, 0x00, 0x00, 0x00,
    0x0F, 0xFD, 0x7F, 0xF0, 0x00, 0x00, 0x01, 0xFF, 0xC7, 0xFF, 0x40, 0x00, 0x00, 0x1F, 0xFC, 0x7F,
    0xF4, 0x00, 0x00, 0x02, 0xFF, 0xC7, 0xFF, 0xC0, 0x00, 0x00, 0x3F, 0xF8, 0x7F, 0xFC, 0x00, 0x00,
    0x07, 0xFF, 0x47, 0xFF, 0xF0, 0x00, 0x00, 0xFF, 0xF0, 0x7F, 0xFF, 0x80, 0x00, 0x3F, 0xFE, 0x07,
    0xFF, 0xFF, 0x40, 0x1F, 0xFF, 0xC0, 0x7F, 0xFF, 0xFF, 0xFF, 0xFF, 0xF4, 0x07, 0xFF, 0x7F, 0xFF,
    0xFF, 0xFE, 0x00, 0x7F, 0xF1, 0xFF, 0xFF, 0xFF, 0x80, 0x07, 0xFF, 0x02, 0xFF, 0xFF, 0x80, 0x00,
    0x7F, 0xF0, 0x01, 0x69, 0x40, 0x00, 0x07, 0xFF, 0x00, 0x00, 0x00, 0x00, 0x00, 0x7F, 0xF0, 0x00,
    0x00, 0x00, 0x00, 0x07, 0xFF, 0x00, 0x00, 0x00, 0x00, 0x00, 0x7F, 0xF0, 0x00, 0x00, 0x00, 0x00,
    0x07, 0xFF, 0x00, 0x00, 0x00, 0x00, 0x00, 0x7F, 0xF0, 0x00, 0x00, 0x00, 0x00, 0x02, 0xAA, 0x00,
    0x00, 0x00, 0x00, 0x00, 0x00, 0x00, 0x00, 0x00, 0x00, 0x00, 0x00, 0x00, 0xBF, 0xFF, 0x40, 0x2A,
    0x90, 0x02, 0xFF, 0xFF, 0xFC, 0x1F, 0xF8, 0x03, 0xFF, 0xFF, 0xFF, 0xD7, 0xFE, 0x02, 0xFF, 0xFF,
    0xFF, 0xFE, 0xFF, 0x81, 0xFF, 0xFE, 0x56, 0xFF, 0xFF, 0xE0, 0xFF, 0xF8, 0x00, 0x0B, 0xFF, 0xF8,
    0xBF, 0xF8, 0x00, 0x00, 0xBF, 0xFE, 0x3F, 0xFC, 0x00, 0x00, 0x0F, 0xFF, 0x8F, 0xFE, 0x00, 0x00,
    0x02, 0xFF, 0xE7, 0xFF, 0x00, 0x00, 0x00, 0x3F, 0xFA, 0xFF, 0xC0, 0x00, 0x00, 0x0F, 0xFE, 0xFF,
    0xE0, 0x00, 0x00, 0x03, 0xFF, 0xBF, 0xF8, 0x00, 0x00, 0x00, 0xBF, 0xEF, 0xFE, 0x00, 0x00, 0x00,
    0x2F, 0xFB, 0xFF, 0x80, 0x00, 0x00, 0x0B, 0xFE, 0xFF, 0xE0, 0x00, 0x00, 0x03, 0xFF, 0xAF, 0xFC,
    0x00, 0x00, 0x00, 0xFF, 0xEB, 0xFF, 0x00, 0x00, 0x00, 0x3F, 0xF9, 0xFF, 0xD0, 0x00, 0x00, 0x1F,
    0xFE, 0x3F, 0xFC, 0x00, 0x00, 0x0F, 0xFF, 0x8B, 0xFF, 0x40, 0x00, 0x07, 0xFF, 0xE1, 0xFF, 0xF4,
    0x00, 0x07, 0xFF, 0xF8, 0x2F, 0xFF, 0x90, 0x1B, 0xFF, 0xFE, 0x03, 0xFF, 0xFF, 0xFF, 0xFF, 0xFF,
    0x80, 0x7F, 0xFF, 0xFF, 0xFE, 0xBF, 0xE0, 0x03, 0xFF, 0xFF, 0xFE, 0x2F, 0xF8, 0x00, 0x2F, 0xFF,
    0xFD, 0x0B, 0xFE, 0x00, 0x00, 0x5A, 0x90, 0x02, 0xFF, 0x80, 0x00, 0x00, 0x00, 0x00, 0xBF, 0xE0,
    0x00, 0x00, 0x00, 0x00, 0x2F, 0xF8, 0x00, 0x00, 0x00, 0x00, 0x0B, 0xFE, 0x00, 0x00, 0x00, 0x00,
    0x02, 0xFF, 0x80, 0x00, 0x00, 0x00, 0x00, 0xBF, 0xE0, 0x00, 0x00, 0x00, 0x00, 0x2F, 0xF8, 0x00,
    0x00, 0x00, 0x00, 0x06, 0xA9, 0x2A, 0x90, 0x06, 0xA5, 0xFF, 0x82, 0xFF, 0xE7, 0xFE, 0x3F, 0xFF,
    0x9F, 0xF9, 0xFF, 0xFE, 0x7F, 0xEF, 0xFF, 0xF9, 0xFF, 0xFF, 0x90, 0x07, 0xFF, 0xE0, 0x00, 0x1F,
    0xFF, 0x00, 0x00, 0x7F, 0xF4, 0x00, 0x01, 0xFF, 0xC0, 0x00, 0x07, 0xFF, 0x00, 0x00, 0x1F, 0xFC,
    0x00, 0x00, 0x7F, 0xF0, 0x00, 0x01, 0xFF, 0xC0, 0x00, 0x07, 0xFF, 0x00, 0x00, 0x1F, 0xFC, 0x00,
    0x00, 0x7F, 0xF0, 0x00, 0x01, 0xFF, 0xC0, 0x00, 0x07, 0xFF, 0x00, 0x00, 0x1F, 0xFC, 0x00, 0x00,
    0x7F, 0xF0, 0x00, 0x01, 0xFF, 0xC0, 0x00, 0x07, 0xFF, 0x00, 0x00, 0x1F, 0xFC, 0x00, 0x00, 0x7F,
    0xF0, 0x00, 0x01, 0xFF, 0xC0, 0x00, 0x07, 0xFF, 0x00, 0x00, 0x00, 0x00, 0x00, 0x00, 0x00, 0x00,
    0x00, 0x00, 0x2F, 0xFF, 0xF9, 0x00, 0x00, 0x0B, 0xFF, 0xFF, 0xFF, 0x00, 0x00, 0xFF, 0xFF, 0xFF,
    0xFF, 0x40, 0x0F, 0xFF, 0xFF, 0xFF, 0xFF, 0x40, 0x7F, 0xFE, 0x55, 0xBF, 0xFF, 0x03, 0xFF, 0xD0,
    0x00, 0x2F, 0xFE, 0x0F, 0xFE, 0x00, 0x00, 0x3F, 0xFC, 0x3F, 0xF4, 0x00, 0x00, 0x7F, 0xF4, 0xFF,
    0xD0, 0x00, 0x00, 0xFA, 0x93, 0xFF, 0x80, 0x00, 0x00, 0x00, 0x0F, 0xFF, 0x80, 0x00, 0x00, 0x00,
    0x1F, 0xFF, 0xE5, 0x00, 0x00, 0x00, 0x2F, 0xFF, 0xFF, 0xE4, 0x00, 0x00, 0x2F, 0xFF, 0xFF, 0xFF,
    0x40, 0x00, 0x0B, 0xFF, 0xFF, 0xFF, 0xD0, 0x00, 0x01, 0xBF, 0xFF, 0xFF, 0xD0, 0x00, 0x00, 0x01,
    0xBF, 0xFF, 0xC0, 0x00, 0x00, 0x00, 0x0F, 0xFF, 0x96, 0xA4, 0x00, 0x00, 0x0F, 0xFF, 0xFF, 0xF0,
    0x00, 0x00, 0x2F, 0xFE, 0xFF, 0xD0, 0x00, 0x00, 0xBF, 0xF3, 0xFF, 0xC0, 0x00, 0x03, 0xFF, 0x8F,
    0xFF, 0xD0, 0x00, 0x7F, 0xFD, 0x0F, 0xFF, 0xFF, 0xFF, 0xFF, 0xF0, 0x1F, 0xFF, 0xFF, 0xFF, 0xFF,
    0x00, 0x0F, 0xFF, 0xFF, 0xFF, 0xF0, 0x00, 0x07, 0xFF, 0xFF, 0xF9, 0x00, 0x00, 0x00, 0x5A, 0xA5,
    0x00, 0x00, 0x00, 0x7F, 0xE0, 0x00, 0x00, 0x1F, 0xFC, 0x00, 0x00, 0x07, 0xFF, 0x00, 0x00, 0x01,
    0xFF, 0xC0, 0x00, 0x00, 0x7F, 0xF0, 0x00, 0x00, 0x1F, 0xFC, 0x00, 0x06, 0xAF, 0xFF, 0xAA, 0xAA,
    0xFF, 0xFF, 0xFF, 0xFF, 0xBF, 0xFF, 0xFF, 0xFF, 0xEF, 0xFF, 0xFF, 0xFF, 0xF7, 0xFF, 0xFF, 0xFF,
    0xF8, 0x01, 0xFF, 0xC0, 0x00, 0x00, 0x7F, 0xF0, 0x00, 0x00, 0x1F, 0xFC, 0x00, 0x00, 0x07, 0xFF,
    0x00, 0x00, 0x01, 0xFF, 0xC0, 0x00, 0x00, 0x7F, 0xF0, 0x00, 0x00, 0x1F, 0xFC, 0x00, 0x00, 0x07,
    0xFF, 0x00, 0x00, 0x01, 0xFF, 0xC0, 0x00, 0x00, 0x7F, 0xF0, 0x00, 0x00, 0x1F, 0xFC, 0x00, 0x00,
    0x07, 0xFF, 0x00, 0x00, 0x01, 0xFF, 0xC0, 0x00, 0x00, 0x7F, 0xF0, 0x00, 0x00, 0x1F, 0xFC, 0x00,
    0x00, 0x07, 0xFF, 0x00, 0x00, 0x01, 0xFF, 0xD0, 0x00, 0x00, 0x3F, 0xFE, 0x55, 0x40, 0x0F, 0xFF,
    0xFF, 0xF0, 0x01, 0xFF, 0xFF, 0xFC, 0x00, 0x1F, 0xFF, 0xFF, 0x00, 0x00, 0xBF, 0xFF, 0xC0, 0x2A,
    0xA0, 0x00, 0x00, 0x1A, 0xA5, 0xFF, 0xC0, 0x00, 0x00, 0xFF, 0xE7, 0xFF, 0x00, 0x00, 0x03, 0xFF,
    0x9F, 0xFC, 0x00, 0x00, 0x0F, 0xFE, 0x7F, 0xF0, 0x00, 0x00, 0x3F, 0xF9, 0xFF, 0xC0, 0x00, 0x00,
    0xFF, 0xE7, 0xFF, 0x00, 0x00, 0x03, 0xFF, 0x9F, 0xFC, 0x00, 0x00, 0x0F, 0xFE, 0x7F, 0xF0, 0x00,
    0x00, 0x3F, 0xF9, 0xFF, 0xC0, 0x00, 0x00, 0xFF, 0xE7, 0xFF, 0x00, 0x00, 0x03, 0xFF, 0x9F, 0xFC,
    0x00, 0x00, 0x0F, 0xFE, 0x7F, 0xF0, 0x00, 0x00, 0x3F, 0xF9, 0xFF, 0xC0, 0x00, 0x00, 0xFF, 0xE7,
    0xFF, 0x00, 0x00, 0x03, 0xFF, 0x9F, 0xFC, 0x00, 0x00, 0x0F, 0xFE, 0x7F, 0xF0, 0x00, 0x00, 0x3F,
    0xF8, 0xFF, 0xC0, 0x00, 0x00, 0xFF, 0xE3, 0xFF, 0x00, 0x00, 0x03, 0xFF, 0x8F, 0xFD, 0x00, 0x00,
    0x1F, 0xFE, 0x3F, 0xFC, 0x00, 0x00, 0xFF, 0xF8, 0xBF, 0xF4, 0x00, 0x0B, 0xFF, 0xE1, 0xFF, 0xF4,
    0x01, 0xFF, 0xFF, 0x83, 0xFF, 0xFF, 0xFF, 0xFB, 0xFE, 0x03, 0xFF, 0xFF, 0xFF, 0x5F, 0xF8, 0x07,
    0xFF, 0xFF, 0xF8, 0x7F, 0xE0, 0x02, 0xFF, 0xFF, 0x41, 0xFF, 0x80, 0x00, 0x6A, 0x40, 0x00, 0x00,
    0x6A, 0xA0, 0x00, 0x00, 0x00, 0xAA, 0xAB, 0xFF, 0x00, 0x00, 0x00, 0x0F, 0xFE, 0x3F, 0xF4, 0x00,
    0x00, 0x01, 0xFF, 0xC3, 0xFF, 0xC0, 0x00, 0x00, 0x3F, 0xFC, 0x1F, 0xFC, 0x00, 0x00, 0x03, 0xFF,
    0x40, 0xFF, 0xD0, 0x00, 0x00, 0x7F, 0xF0, 0x0B, 0xFF, 0x00, 0x00, 0x0F, 0xFE, 0x00, 0x7F, 0xF0,
    0x00, 0x00, 0xFF, 0xD0, 0x03, 0xFF, 0x80, 0x00, 0x2F, 0xFC, 0x00, 0x2F, 0xFC, 0x00, 0x03, 0xFF,
    0x80, 0x00, 0xFF, 0xC0, 0x00, 0x3F, 0xF4, 0x00, 0x0F, 0xFE, 0x00, 0x0B, 0xFF, 0x00, 0x00, 0x7F,
    0xF0, 0x00, 0xFF, 0xE0, 0x00, 0x03, 0xFF, 0x00, 0x0F, 0xFC, 0x00, 0x00, 0x3F, 0xF8, 0x02, 0xFF,
    0xC0, 0x00, 0x01, 0xFF, 0xC0, 0x3F, 0xF4, 0x00, 0x00, 0x0F, 0xFD, 0x07, 0xFF, 0x00, 0x00, 0x00,
    0xBF, 0xE0, 0xBF, 0xE0, 0x00, 0x00, 0x07, 0xFF, 0x0F, 0xFD, 0x00, 0x00, 0x00, 0x3F, 0xF5, 0xFF,
    0xC0, 0x00, 0x00, 0x02, 0xFF, 0xAF, 0xF8, 0x00, 0x00, 0x00, 0x0F, 0xFF, 0xFF, 0x00, 0x00, 0x00,
    0x00, 0xFF, 0xFF, 0xF0, 0x00, 0x00, 0x00, 0x07, 0xFF, 0xFD, 0x00, 0x00, 0x00, 0x00, 0x3F, 0xFF,
    0xC0, 0x00, 0x00, 0x00, 0x03, 0xFF, 0xFC, 0x00, 0x00, 0x00, 0x00, 0x1F, 0xFF, 0x40, 0x00, 0x00,
    0x6A, 0x90, 0x00, 0x00, 0x2A, 0xA0, 0x00, 0x00, 0x0A, 0xA8, 0xBF, 0xF0, 0x00, 0x00, 0x3F, 0xF8,
    0x00, 0x00, 0x2F, 0xFC, 0x7F, 0xF0, 0x00, 0x00, 0x7F, 0xFC, 0x00, 0x00, 0x3F, 0xF8, 0x3F, 0xF8,
    0x00, 0x00, 0xBF, 0xFC, 0x00, 0x00, 0x3F, 0xF4, 0x2F, 0xFC, 0x00, 0x00, 0xFF, 0xFD, 0x00, 0x00,
    0x7F, 0xF0, 0x1F, 0xFC, 0x00, 0x00, 0xFF, 0xFE, 0x00, 0x00, 0xBF, 0xF0, 0x0F, 0xFD, 0x00, 0x02,
    0xFF, 0xFF, 0x00, 0x00, 0xFF, 0xD0, 0x0B, 0xFE, 0x00, 0x03, 0xFF, 0xFF, 0x00, 0x00, 0xFF, 0xC0,
    0x07, 0xFF, 0x00, 0x03, 0xFE, 0xFF, 0x40, 0x01, 0xFF, 0xC0, 0x03, 0xFF, 0x00, 0x07, 0xFD, 0xFF,
    0xC0, 0x02, 0xFF, 0x80, 0x03, 0xFF, 0x40, 0x0B, 0xFC, 0xBF, 0xC0, 0x03, 0xFF, 0x40, 0x02, 0xFF,
    0x80, 0x0F, 0xF8, 0x7F, 0xD0, 0x07, 0xFF, 0x00, 0x00, 0xFF, 0xC0, 0x0F, 0xF4, 0x3F, 0xE0, 0x0B,
    0xFE, 0x00, 0x00, 0xFF, 0xC0, 0x1F, 0xF0, 0x2F, 0xF0, 0x0F, 0xFD, 0x00, 0x00, 0xBF, 0xE0, 0x3F,
    0xF0, 0x1F, 0xF0, 0x0F, 0xFC, 0x00, 0x00, 0x7F, 0xF0, 0x3F, 0xD0, 0x0F, 0xF4, 0x1F, 0xFC, 0x00,
    0x00, 0x3F, 0xF0, 0x7F, 0xC0, 0x0F, 0xF8, 0x2F, 0xF4, 0x00, 0x00, 0x2F, 0xF4, 0xBF, 0xC0, 0x0B,
    0xFC, 0x3F, 0xF0, 0x00, 0x00, 0x1F, 0xF8, 0xFF, 0x80, 0x03, 0xFD, 0x3F, 0xF0, 0x00, 0x00, 0x0F,
    0xFC, 0xFF, 0x40, 0x03, 0xFE, 0x7F, 0xE0, 0x00, 0x00, 0x0F, 0xFE, 0xFF, 0x00, 0x02, 0xFF, 0xFF,
    0xC0, 0x00, 0x00, 0x07, 0xFF, 0xFE, 0x00, 0x01, 0xFF, 0xFF, 0xC0, 0x00, 0x00, 0x03, 0xFF, 0xFD,
    0x00, 0x00, 0xFF, 0xFF, 0x80, 0x00, 0x00, 0x03, 0xFF, 0xFC, 0x00, 0x00, 0xBF, 0xFF, 0x40, 0x00,
    0x00, 0x02, 0xFF, 0xFC, 0x00, 0x00, 0x7F, 0xFF, 0x00, 0x00, 0x00, 0x01, 0xFF, 0xF8, 0x00, 0x00,
    0x3F, 0xFE, 0x00, 0x00, 0x00, 0x00, 0xFF, 0xF0, 0x00, 0x00, 0x3F, 0xFD, 0x00, 0x00, 0x2A, 0xA8,
    0x00, 0x00, 0x01, 0xAA, 0x81, 0xFF, 0xD0, 0x00, 0x00, 0x3F, 0xFC, 0x0B, 0xFF, 0x00, 0x00, 0x0F,
    0xFF, 0x00, 0x3F, 0xFC, 0x00, 0x02, 0xFF, 0xD0, 0x01, 0xFF, 0xD0, 0x00, 0x3F, 0xF8, 0x00, 0x0B,
    0xFF, 0x00, 0x0F, 0xFF, 0x00, 0x00, 0x3F, 0xFC, 0x02, 0xFF, 0xD0, 0x00, 0x00, 0xFF, 0xE0, 0x3F,
    0xF8, 0x00, 0x00, 0x07, 0xFF, 0x0F, 0xFF, 0x00, 0x00, 0x00, 0x3F, 0xFE, 0xFF, 0xD0, 0x00, 0x00,
    0x00, 0xFF, 0xFF, 0xF8, 0x00, 0x00, 0x00, 0x07, 0xFF, 0xFF, 0x00, 0x00, 0x00, 0x00, 0x2F, 0xFF,
    0xC0, 0x00, 0x00, 0x00, 0x00, 0xFF, 0xF8, 0x00, 0x00, 0x00, 0x00, 0x3F, 0xFF, 0xC0, 0x00, 0x00,
    0x00, 0x07, 0xFF, 0xFF, 0x00, 0x00, 0x00, 0x00, 0xFF, 0xFF, 0xF8, 0x00, 0x00, 0x00, 0x3F, 0xFD,
    0xFF, 0xD0, 0x00, 0x00, 0x0B, 0xFF, 0x0B, 0xFF, 0x00, 0x00, 0x01, 0xFF, 0xD0, 0x3F, 0xF8, 0x00,
    0x00, 0x3F, 0xFC, 0x01, 0xFF, 0xD0, 0x00, 0x0B, 0xFF, 0x00, 0x0B, 0xFF, 0x00, 0x01, 0xFF, 0xD0,
    0x00, 0x3F, 0xFC, 0x00, 0x3F, 0xF8, 0x00, 0x01, 0xFF, 0xE0, 0x0F, 0xFF, 0x00, 0x00, 0x0B, 0xFF,
    0x02, 0xFF, 0xD0, 0x00, 0x00, 0x3F, 0xFC, 0x7F, 0xF8, 0x00, 0x00, 0x01, 0xFF, 0xE0, 0x6A, 0x90,
    0x00, 0x00, 0x00, 0xAA, 0x9B, 0xFF, 0x00, 0x00, 0x00, 0x1F, 0xFC, 0x3F, 0xF4, 0x00, 0x00, 0x02,
    0xFF, 0xC3, 0xFF, 0xC0, 0x00, 0x00, 0x3F, 0xF4, 0x1F, 0xFC, 0x00, 0x00, 0x07, 0xFF, 0x00, 0xFF,
    0xD0, 0x00, 0x00, 0xBF, 0xF0, 0x0B, 0xFF, 0x00, 0x00, 0x0F, 0xFD, 0x00, 0x7F, 0xF0, 0x00, 0x01,
    0xFF, 0xC0, 0x03, 0xFF, 0x80, 0x00, 0x2F, 0xF8, 0x00, 0x2F, 0xFC, 0x00, 0x03, 0xFF, 0x40, 0x00,
    0xFF, 0xC0, 0x00, 0x7F, 0xF0, 0x00, 0x0F, 0xFE, 0x00, 0x0B, 0xFE, 0x00, 0x00, 0x7F, 0xF0, 0x00,
    0xFF, 0xD0, 0x00, 0x03, 0xFF, 0x40, 0x1F, 0xFC, 0x00, 0x00, 0x2F, 0xF8, 0x02, 0xFF, 0x80, 0x00,
    0x01, 0xFF, 0xC0, 0x3F, 0xF0, 0x00, 0x00, 0x0F, 0xFD, 0x07, 0xFF, 0x00, 0x00, 0x00, 0xBF, 0xE0,
    0xBF, 0xD0, 0x00, 0x00, 0x03, 0xFF, 0x0F, 0xFC, 0x00, 0x00, 0x00, 0x3F, 0xF5, 0xFF, 0xC0, 0x00,
    0x00, 0x01, 0xFF, 0xAF, 0xF4, 0x00, 0x00, 0x00, 0x0F, 0xFF, 0xFF, 0x00, 0x00, 0x00, 0x00, 0xBF,
    0xFF, 0xE0, 0x00, 0x00, 0x00, 0x07, 0xFF, 0xFD, 0x00, 0x00, 0x00, 0x00, 0x3F, 0xFF, 0xC0, 0x00,
    0x00, 0x00, 0x02, 0xFF, 0xF8, 0x00, 0x00, 0x00, 0x00, 0x03, 0xFF, 0x40, 0x00, 0x00, 0x00, 0x00,
    0x3F, 0xF0, 0x00, 0x00, 0x00, 0x00, 0x0B, 0xFE, 0x00, 0x00, 0x00, 0x00, 0x01, 0xFF, 0xC0, 0x00,
    0x00, 0x00, 0xBF, 0xFF, 0xFC, 0x00, 0x00, 0x00, 0x0F, 0xFF, 0xFF, 0x40, 0x00, 0x00, 0x00, 0xFF,
    0xFF, 0xE0, 0x00, 0x00, 0x00, 0x0F, 0xFF, 0xF8, 0x00, 0x00, 0x00, 0x00, 0x6A, 0x54, 0x00, 0x00,
    0x00, 0x00, 0x1A, 0xAA, 0xAA, 0xAA, 0xAA, 0xA8, 0x2F, 0xFF, 0xFF, 0xFF, 0xFF, 0xFC, 0x2F, 0xFF,
    0xFF, 0xFF, 0xFF, 0xFC, 0x2F, 0xFF, 0xFF, 0xFF, 0xFF, 0xFC, 0x1F, 0xFF, 0xFF, 0xFF, 0xFF, 0xFC,
    0x00, 0x00, 0x00, 0x00, 0xFF, 0xF8, 0x00, 0x00, 0x00, 0x02, 0xFF, 0xE0, 0x00, 0x00, 0x00, 0x0B,
    0xFF, 0xC0, 0x00, 0x00, 0x00, 0x2F, 0xFF, 0x00, 0x00, 0x00, 0x00, 0x7F, 0xFC, 0x00, 0x00, 0x00,
    0x01, 0xFF, 0xF0, 0x00, 0x00, 0x00, 0x07, 0xFF, 0xC0, 0x00, 0x00, 0x00, 0x0F, 0xFF, 0x00, 0x00,
    0x00, 0x00, 0x3F, 0xFD, 0x00, 0x00, 0x00, 0x00, 0xFF, 0xF4, 0x00, 0x00, 0x00, 0x03, 0xFF, 0xD0,
    0x00, 0x00, 0x00, 0x0F, 0xFF, 0x40, 0x00, 0x00, 0x00, 0x3F, 0xFE, 0x00, 0x00, 0x00, 0x00, 0xBF,
    0xF8, 0x00, 0x00, 0x00, 0x02, 0xFF, 0xE0, 0x00, 0x00, 0x00, 0x0B, 0xFF, 0xC0, 0x00, 0x00, 0x00,
    0x1F, 0xFF, 0x00, 0x00, 0x00, 0x00, 0x3F, 0xFD, 0x55, 0x55, 0x55, 0x54, 0x3F, 0xFF, 0xFF, 0xFF,
    0xFF, 0xFD, 0x3F, 0xFF, 0xFF, 0xFF, 0xFF, 0xFD, 0x3F, 0xFF, 0xFF, 0xFF, 0xFF, 0xFD, 0x3F, 0xFF,
    0xFF, 0xFF, 0xFF, 0xFD, 0x00, 0x00, 0x01, 0xAA, 0x80, 0x00, 0x02, 0xFF, 0xFC, 0x00, 0x00, 0xFF,
    0xFF, 0xC0, 0x00, 0x3F, 0xFF, 0xFC, 0x00, 0x0B, 0xFF, 0xFF, 0xC0, 0x00, 0xFF, 0xF9, 0x00, 0x00,
    0x1F, 0xFD, 0x00, 0x00, 0x02, 0xFF, 0x80, 0x00, 0x00, 0x3F, 0xF4, 0x00, 0x00, 0x03, 0xFF, 0x00,
    0x00, 0x00, 0x3F, 0xF0, 0x00, 0x00, 0x03, 0xFF, 0x00, 0x00, 0x00, 0x3F, 0xF0, 0x00, 0x00, 0x03,
    0xFF, 0x00, 0x00, 0x00, 0x3F, 0xF0, 0x00, 0x00, 0x03, 0xFF, 0x00, 0x00, 0x00, 0x7F, 0xF0, 0x00,
    0x00, 0x0B, 0xFE, 0x00, 0x00, 0x01, 0xFF, 0xC0, 0x00, 0x01, 0xFF, 0xF8, 0x00, 0x00, 0xFF, 0xFE,
    0x00, 0x00, 0x0F, 0xFE, 0x40, 0x00, 0x00, 0xFF, 0xE0, 0x00, 0x00, 0x0F, 0xFF, 0xD0, 0x00, 0x00,
    0x6F, 0xFF, 0x40, 0x00, 0x00, 0x2F, 0xFC, 0x00, 0x00, 0x00, 0xFF, 0xE0, 0x00, 0x00, 0x07, 0xFF,
    0x00, 0x00, 0x00, 0x3F, 0xF0, 0x00, 0x00, 0x03, 0xFF, 0x00, 0x00, 0x00, 0x3F, 0xF0, 0x00, 0x00,
    0x03, 0xFF, 0x00, 0x00, 0x00, 0x3F, 0xF0, 0x00, 0x00, 0x03, 0xFF, 0x00, 0x00, 0x00, 0x3F, 0xF0,
    0x00, 0x00, 0x03, 0xFF, 0x40, 0x00, 0x00, 0x3F, 0xF4, 0x00, 0x00, 0x02, 0xFF, 0xC0, 0x00, 0x00,
    0x1F, 0xFF, 0x40, 0x00, 0x00, 0xFF, 0xFF, 0xFC, 0x00, 0x03, 0xFF, 0xFF, 0xC0, 0x00, 0x1F, 0xFF,
    0xFC, 0x00, 0x00, 0x7F, 0xFF, 0xC0, 0x00, 0x00, 0x6F, 0xFC, 0x6A, 0x8B, 0xFD, 0xBF, 0xDB, 0xFD,
    0xBF, 0xDB, 0xFD, 0xBF, 0xDB, 0xFD, 0xBF, 0xDB, 0xFD, 0xBF, 0xDB, 0xFD, 0xBF, 0xDB, 0xFD, 0xBF,
    0xDB, 0xFD, 0xBF, 0xDB, 0xFD, 0xBF, 0xDB, 0xFD, 0xBF, 0xDB, 0xFD, 0xBF, 0xDB, 0xFD, 0xBF, 0xDB,
    0xFD, 0xBF, 0xDB, 0xFD, 0xBF, 0xDB, 0xFD, 0xBF, 0xDB, 0xFD, 0xBF, 0xDB, 0xFD, 0xBF, 0xDB, 0xFD,
    0xBF, 0xDB, 0xFD, 0xBF, 0xDB, 0xFD, 0xBF, 0xDB, 0xFD, 0xBF, 0xD6, 0xA8, 0x2A, 0xA4, 0x00, 0x00,
    0x07, 0xFF, 0xF8, 0x00, 0x00, 0x7F, 0xFF, 0xF0, 0x00, 0x07, 0xFF, 0xFF, 0xC0, 0x00, 0x7F, 0xFF,
    0xFD, 0x00, 0x00, 0x07, 0xFF, 0xF0, 0x00, 0x00, 0x07, 0xFF, 0x40, 0x00, 0x00, 0x3F, 0xF4, 0x00,
    0x00, 0x02, 0xFF, 0x80, 0x00, 0x00, 0x1F, 0xF8, 0x00, 0x00, 0x01, 0xFF, 0x80, 0x00, 0x00, 0x1F,
    0xF8, 0x00, 0x00, 0x01, 0xFF, 0x80, 0x00, 0x00, 0x1F, 0xF8, 0x00, 0x00, 0x01, 0xFF, 0x80, 0x00,
    0x00, 0x1F, 0xFC, 0x00, 0x00, 0x00, 0xFF, 0xC0, 0x00, 0x00, 0x0F, 0xFD, 0x00, 0x00, 0x00, 0x7F,
    0xF4, 0x00, 0x00, 0x02, 0xFF, 0xE4, 0x00, 0x00, 0x0B, 0xFF, 0xE0, 0x00, 0x00, 0x1F, 0xFE, 0x00,
    0x00, 0x00, 0xBF, 0xE0, 0x00, 0x00, 0xBF, 0xFE, 0x00, 0x00, 0x2F, 0xFF, 0x90, 0x00, 0x07, 0xFF,
    0x40, 0x00, 0x00, 0xFF, 0xE0, 0x00, 0x00, 0x0F, 0xFC, 0x00, 0x00, 0x01, 0xFF, 0xC0, 0x00, 0x00,
    0x1F, 0xF8, 0x00, 0x00, 0x01, 0xFF, 0x80, 0x00, 0x00, 0x1F, 0xF8, 0x00, 0x00, 0x01, 0xFF, 0x80,
    0x00, 0x00, 0x1F, 0xF8, 0x00, 0x00, 0x01, 0xFF, 0x80, 0x00, 0x00, 0x2F, 0xF8, 0x00, 0x00, 0x02,
    0xFF, 0x80, 0x00, 0x00, 0x7F, 0xF4, 0x00, 0x00, 0x1F, 0xFF, 0x00, 0x03, 0xFF, 0xFF, 0xE0, 0x00,
    0x7F, 0xFF, 0xFC, 0x00, 0x07, 0xFF, 0xFF, 0x00, 0x00, 0x7F, 0xFF, 0xC0, 0x00, 0x07, 0xFF, 0x80,
    0x00, 0x00, 0x00, 0x15, 0x00, 0x00, 0x00, 0x00, 0x0B, 0xFF, 0xC0, 0x00, 0x7F, 0xC0, 0xBF, 0xFF,
    0xC0, 0x01, 0xFF, 0x07, 0xFF, 0xFF, 0xC0, 0x07, 0xFC, 0x3F, 0xFF, 0xFF, 0xC0, 0x3F, 0xE1, 0xFF,
    0x41, 0xFF, 0xC2, 0xFF, 0x4B, 0xFC, 0x01, 0xFF, 0xFF, 0xFC, 0x3F, 0xE0, 0x02, 0xFF, 0xFF, 0xD0,
    0xFF, 0x40, 0x02, 0xFF, 0xFE, 0x02, 0xA9, 0x00, 0x01, 0xFF, 0xD0, 0x00, 0x00, 0x00, 0x00, 0x00,
    0x00, 0x00, 0x00, 0x01, 0x40, 0x00, 0x00, 0x1F, 0xFF, 0x80, 0x00, 0x3F, 0xFF, 0xFD, 0x00, 0x3F,
    0xFF, 0xFF, 0xE0, 0x2F, 0xFF, 0xFF, 0xFD, 0x0F, 0xFC, 0x01, 0xFF, 0xCB, 0xFC, 0x00, 0x1F, 0xF3,
    0xFE, 0x00, 0x03, 0xFD, 0xFF, 0x40, 0x00, 0xBF, 0x7F, 0xD0, 0x00, 0x3F, 0xDF, 0xF8, 0x00, 0x0F,
    0xF6, 0xFF, 0x00, 0x0B, 0xFC, 0x3F, 0xF4, 0x0B, 0xFE, 0x0B, 0xFF, 0xFF, 0xFF, 0x00, 0xBF, 0xFF,
    0xFF, 0x40, 0x0B, 0xFF, 0xFF, 0x40, 0x00, 0x2F, 0xFE, 0x00, 0x00, 0x00, 0x00, 0x00, 0x00, 0x55,
    0x53, 0xFF, 0xEF, 0xFF, 0xBF, 0xFE, 0xFF, 0xFB, 0xFF, 0xEF, 0xFF, 0x80, 0xFF, 0xFF, 0xFF, 0xFF,
    0xFF, 0xFF, 0xDF, 0xFF, 0xFF, 0xFF, 0xFF, 0xFF, 0xFE, 0xFF, 0xFF, 0xFF, 0xFF, 0xFF, 0xFF, 0xEF,
    0xFF, 0xFF, 0xFF, 0xFF, 0xFF, 0xFE, 0xAA, 0xAA, 0xAA, 0xAA, 0xAA, 0xAA, 0x90, 0xFF, 0xFF, 0xFF,
    0xFF, 0xFF, 0xFF, 0xFF, 0xFF, 0xFF, 0xFF, 0xDF, 0xFF, 0xFF, 0xFF, 0xFF, 0xFF, 0xFF, 0xFF, 0xFF,
    0xFF, 0xFD, 0xFF, 0xFF, 0xFF, 0xFF, 0xFF, 0xFF, 0xFF, 0xFF, 0xFF, 0xFF, 0xDF, 0xFF, 0xFF, 0xFF,
    0xFF, 0xFF, 0xFF, 0xFF, 0xFF, 0xFF, 0xFD, 0xAA, 0xAA, 0xAA, 0xAA, 0xAA, 0xAA, 0xAA, 0xAA, 0xAA,
    0xAA, 0x80, 0x00, 0x15, 0x00, 0x01, 0xFF, 0xF8, 0x01, 0xFF, 0xFF, 0xC0, 0xFF, 0xFF, 0xF8, 0xBF,
    0xFF, 0xFF, 0x3F, 0xFF, 0xFF, 0xDF, 0xFF, 0xFF, 0xF7, 0xFF, 0xFF, 0xFD, 0xBF, 0xFF, 0xFF, 0x0F,
    0xFF, 0xFF, 0x82, 0xFF, 0xFF, 0xC0, 0x1F, 0xFF, 0x80, 0x00, 0x69, 0x00, 0x00, 0x55, 0x50, 0x05,
    0x55, 0x00, 0x55, 0x53, 0xFF, 0xE0, 0x3F, 0xFE, 0x03, 0xFF, 0xEF, 0xFF, 0x80, 0xFF, 0xF8, 0x0F,
    0xFF, 0xBF, 0xFE, 0x03, 0xFF, 0xE0, 0x3F, 0xFE, 0xFF, 0xF8, 0x0F, 0xFF, 0x80, 0xFF, 0xFB, 0xFF,
    0xE0, 0x3F, 0xFE, 0x03, 0xFF, 0xEF, 0xFF, 0x80, 0xFF, 0xF8, 0x0F, 0xFF, 0x80,
};

static const EpdGlyph geist_24_mediumGlyphs[] = {
    { 0, 0, 194, 0, 0, 0, 0 }, // U+0020
    { 7, 36, 182, 2, 36, 63, 0 }, // !
    { 14, 14, 289, 2, 36, 49, 63 }, // "
    { 27, 36, 412, -1, 36, 243, 112 }, // #
    { 28, 45, 514, 2, 40, 315, 355 }, // $
    { 37, 37, 648, 2, 36, 343, 670 }, // %
    { 31, 38, 520, 1, 37, 295, 1013 }, // &
    { 6, 14, 149, 2, 36, 21, 1308 }, // '
    { 12, 44, 232, 2, 38, 132, 1329 }, // (
    { 13, 44, 232, 0, 38, 143, 1461 }, // )
    { 18, 18, 342, 2, 36, 81, 1604 }, // *
    { 25, 25, 450, 2, 27, 157, 1685 }, // +
    { 7, 15, 170, 2, 7, 27, 1842 }, // ,
    { 17, 5, 334, 2, 17, 22, 1869 }, // -
    { 7, 7, 170, 2, 7, 13, 1891 }, // .
    { 21, 44, 395, 1, 38, 231, 1904 }, // /
    { 30, 38, 540, 2, 37, 285, 2135 }, // 0
    { 14, 36, 325, 1, 36, 126, 2420 }, // 1
    { 27, 37, 504, 2, 37, 250, 2546 }, // 2
    { 27, 38, 500, 2, 37, 257, 2796 }, // 3
    { 29, 36, 503, 1, 36, 261, 3053 }, // 4
    { 28, 37, 513, 2, 36, 259, 3314 }, // 5
    { 27, 38, 509, 2, 37, 257, 3573 }, // 6
    { 26, 36, 425, 1, 36, 234, 3830 }, // 7
    { 29, 38, 500, 1, 37, 276, 4064 }, // 8
    { 27, 38, 510, 2, 37, 257, 4340 }, // 9
    { 7, 26, 242, 4, 26, 46, 4597 }, // :
    { 7, 34, 242, 4, 26, 60, 4643 }, // ;
    { 23, 27, 437, 2, 28, 156, 4703 }, // <
    { 24, 16, 435, 2, 23, 96, 4859 }, // =
    { 24, 27, 437, 2, 28, 162, 4955 }, // >
    { 25, 37, 456, 2, 37, 232, 5117 }, // ?
    { 43, 42, 740, 2, 36, 452, 5349 }, // @
    { 33, 36, 551, 1, 36, 297, 5801 }, // A
    { 28, 36, 550, 4, 36, 252, 6098 }, // B
    { 32, 38, 570, 2, 37, 304, 6350 }, // C
    { 30, 36, 564, 4, 36, 270, 6654 }, // D
    { 24, 36, 487, 4, 36, 216, 6924 }, // E
    { 24, 36, 476, 4, 36, 216, 7140 }, // F
    { 32, 38, 570, 2, 37, 304, 7356 }, // G
    { 28, 36, 573, 4, 36, 252, 7660 }, // H
    { 6, 36, 224, 4, 36, 54, 7912 }, // I
    { 24, 37, 486, 3, 36, 222, 7966 }, // J
    { 29, 36, 525, 4, 36, 261, 8188 }, // K
    { 23, 36, 466, 4, 36, 207, 8449 }, // L
    { 37, 36, 712, 4, 36, 333, 8656 }, // M
    { 29, 36, 596, 4, 36, 261, 8989 }, // N
    { 34, 38, 601, 2, 37, 323, 9250 }, // O
    { 27, 36, 526, 4, 36, 243, 9573 }, // P
    { 34, 41, 596, 2, 37, 349, 9816 }, // Q
    { 28, 36, 544, 4, 36, 252, 10165 }, // R
    { 28, 38, 523, 2, 37, 266, 10417 }, // S
    { 28, 36, 454, 0, 36, 252, 10683 }, // T
    { 29, 37, 555, 3, 36, 269, 10935 }, // U
    { 33, 36, 550, 1, 36, 297, 11204 }, // V
    { 46, 36, 774, 1, 36, 414, 11501 }, // W
    { 31, 36, 506, 0, 36, 279, 11915 }, // X
    { 32, 36, 475, -1, 36, 288, 12194 }, // Y
    { 26, 36, 449, 1, 36, 234, 12482 }, // Z
    { 14, 44, 289, 4, 38, 154, 12716 }, // [
    { 21, 44, 376, 1, 38, 231, 12870 }, // <backslash>
    { 14, 44, 289, 0, 38, 154, 13101 }, // ]
    { 18, 15, 350, 2, 34, 68, 13255 }, // ^
    { 24, 5, 446, 2, 0, 30, 13323 }, // _
    { 9, 7, 206, 2, 37, 16, 13353 }, // `
    { 26, 29, 452, 2, 28, 189, 13369 }, // a
    { 26, 37, 486, 3, 36, 241, 13558 }, // b
    { 25, 29, 450, 2, 28, 182, 13799 }, // c
    { 25, 37, 486, 2, 36, 232, 13981 }, // d
    { 25, 29, 461, 2, 28, 182, 14213 }, // e
    { 17, 36, 330, 2, 36, 153, 14395 }, // f
    { 25, 37, 486, 2, 28, 232, 14548 }, // g
    { 23, 36, 473, 3, 36, 207, 14780 }, // h
    { 7, 36, 205, 3, 36, 63, 14987 }, // i
    { 12, 44, 227, -1, 36, 132, 15050 }, // j
    { 26, 36, 487, 3, 36, 234, 15182 }, // k
    { 10, 36, 226, 3, 36, 90, 15416 }, // l
    { 38, 28, 708, 3, 28, 266, 15506 }, // m
    { 23, 28, 473, 3, 28, 161, 15772 }, // n
    { 26, 29, 470, 2, 28, 189, 15933 }, // o
    { 26, 36, 486, 3, 28, 234, 16122 }, // p
    { 25, 36, 486, 2, 28, 225, 16356 }, // q
    { 15, 27, 315, 3, 27, 102, 16581 }, // r
    { 23, 29, 432, 2, 28, 167, 16683 }, // s
    { 17, 33, 328, 2, 33, 141, 16850 }, // t
    { 23, 28, 469, 3, 27, 161, 16991 }, // u
    { 26, 27, 448, 1, 27, 176, 17152 }, // v
    { 40, 27, 663, 1, 27, 270, 17328 }, // w
    { 26, 27, 486, 2, 27, 176, 17598 }, // x
    { 26, 35, 442, 1, 27, 228, 17774 }, // y
    { 24, 27, 451, 2, 27, 162, 18002 }, // z
    { 18, 44, 316, 2, 38, 198, 18164 }, // {
    { 6, 44, 219, 4, 38, 66, 18362 }, // |
    { 18, 44, 316, 0, 38, 198, 18428 }, // }
    { 23, 11, 418, 2, 22, 64, 18626 }, // ~
    { 17, 18, 330, 2, 37, 77, 18690 }, // U+00B0
    { 7, 7, 170, 2, 19, 13, 18767 }, // U+00B7
    { 26, 5, 474, 2, 17, 33, 18780 }, // U+2013
    { 42, 5, 726, 2, 17, 53, 18813 }, // U+2014
    { 13, 13, 263, 2, 22, 43, 18866 }, // U+2022
    { 27, 7, 490, 2, 7, 48, 18909 }, // U+2026
};

static const EpdUnicodeInterval geist_24_mediumIntervals[] = {
    { 0x20, 0x7E, 0x0 },
    { 0xB0, 0xB0, 0x5F },
    { 0xB7, 0xB7, 0x60 },
    { 0x2013, 0x2014, 0x61 },
    { 0x2022, 0x2022, 0x63 },
    { 0x2026, 0x2026, 0x64 },
};

static const uint16_t geist_24_mediumKernLeftCodepoints[] = {
    0x0022, 0x0026, 0x0027, 0x0028, 0x002A, 0x002B, 0x002C, 0x002D, 0x002E, 0x002F, 0x0030, 0x0031,
    0x0032, 0x0033, 0x0034, 0x0035, 0x0036, 0x0037, 0x0038, 0x0039, 0x003A, 0x003B, 0x003C, 0x003D,
    0x003E, 0x0041, 0x0042, 0x0043, 0x0044, 0x0045, 0x0046, 0x0047, 0x0048, 0x0049, 0x004A, 0x004B,
    0x004C, 0x004D, 0x004E, 0x004F, 0x0050, 0x0051, 0x0052, 0x0053, 0x0054, 0x0055, 0x0056, 0x0057,
    0x0058, 0x0059, 0x005A, 0x005B, 0x005C, 0x005E, 0x0061, 0x0062, 0x0063, 0x0064, 0x0065, 0x0066,
    0x0067, 0x0068, 0x0069, 0x006A, 0x006B, 0x006C, 0x006D, 0x006E, 0x006F, 0x0070, 0x0071, 0x0072,
    0x0073, 0x0074, 0x0075, 0x0076, 0x0077, 0x0078, 0x0079, 0x007A, 0x007B, 0x007E, 0x2026,
};

static const uint8_t geist_24_mediumKernLeftClassIds[] = {
      1,   2,   1,   3,   4,   5,   6,   7,   6,   8,   9,  10,  11,  12,  13,  14,
     15,  16,  17,   9,  18,  18,   5,   5,   5,  19,  20,  21,   9,  22,  23,  24,
     25,  25,  26,  27,  28,  25,  25,   9,  29,   9,  30,   9,  31,  26,   8,   8,
     27,  32,  33,  34,  19,   5,  35,  36,  36,  25,  36,  37,  38,  39,  25,  25,
     40,  35,  39,  39,  36,  36,  38,  41,  36,  42,  38,  43,  43,  44,  43,  45,
     46,   5,   6,
};

static const uint16_t geist_24_mediumKernRightCodepoints[] = {
    0x0021, 0x0022, 0x0025, 0x0026, 0x0027, 0x0029, 0x002A, 0x002B, 0x002C, 0x002D, 0x002E, 0x002F,
    0x0030, 0x0031, 0x0032, 0x0033, 0x0034, 0x0035, 0x0036, 0x0037, 0x0038, 0x003A, 0x003B, 0x003C,
    0x003D, 0x003E, 0x003F, 0x0041, 0x0042, 0x0043, 0x0044, 0x0045, 0x0046, 0x0047, 0x0048, 0x0049,
    0x004A, 0x004B, 0x004C, 0x004D, 0x004E, 0x004F, 0x0050, 0x0051, 0x0052, 0x0053, 0x0054, 0x0055,
    0x0056, 0x0057, 0x0058, 0x0059, 0x005A, 0x005C, 0x005D, 0x005E, 0x0061, 0x0062, 0x0063, 0x0064,
    0x0065, 0x0066, 0x0067, 0x0068, 0x0069, 0x006A, 0x006B, 0x006C, 0x006D, 0x006E, 0x006F, 0x0070,
    0x0071, 0x0072, 0x0073, 0x0074, 0x0075, 0x0076, 0x0077, 0x0078, 0x0079, 0x007A, 0x007D, 0x007E,
    0x2026,
};

static const uint8_t geist_24_mediumKernRightClassIds[] = {
      1,   2,   3,   4,   2,   5,   6,   7,   8,   9,   8,  10,  11,  12,  13,  14,
     15,  16,  11,  17,  18,  19,  19,   7,   7,   7,  20,  10,  21,  11,  21,  22,
     21,  11,  21,  21,  23,  24,  24,  21,  25,  11,  21,  11,  21,  11,  17,  26,
     27,  27,  28,  29,  30,  27,  31,   7,  32,  21,  33,  33,  33,  34,  33,  21,
     21,  35,  21,  36,  37,  37,  33,  37,  33,  37,  33,  38,  39,  40,  40,  41,
     40,  42,  43,   7,   8,
};

static const uint16_t geist_24_mediumKernRowOffsets[] = {
        0,     4,     6,    12,    15,    17,    27,    33,    60,    84,    96,   101,   104,   109,   111,   113,
      124,   126,   137,   163,   184,   203,   218,   241,   252,   275,   286,   308,   335,   357,   373,   404,
      426,   448,   450,   467,   489,   507,   521,   541,   563,   582,   600,   621,   643,   661,   662,
};

static const uint8_t geist_24_mediumKernSparseCols[] = {
      9,  14,  16,  32,  16,  26,  10,  12,  13,  14,  15,  17,   7,   9,  16,  16,
     28,   5,  10,  11,  16,  22,  26,  33,  34,  35,  39,  11,  14,  16,  33,  39,
     40,   0,   3,   7,   9,  10,  16,  18,  19,  20,  21,  22,  23,  24,  26,  27,
     29,  31,  32,  33,  34,  35,  36,  37,  38,  39,  40,  41,   4,   5,   7,   9,
     12,  16,  18,  19,  20,  21,  22,  23,  24,  26,  27,  28,  29,  31,  32,  33,
     34,  37,  39,  40,   8,   9,  10,  11,  12,  14,  16,  17,  23,  31,  32,  38,
      8,  10,  13,  14,  16,   4,   9,  16,   1,   2,   8,  16,  18,   4,  16,  11,
     12,   2,   7,   8,  10,  11,  14,  16,  17,  18,  30,  42,   4,  16,   9,  10,
     14,  16,  26,  27,  33,  37,  39,  40,  41,   0,   1,   5,  10,  13,  16,  18,
     19,  20,  21,  22,  23,  24,  25,  26,  28,  29,  32,  33,  35,  36,  37,  38,
     39,  40,  41,   9,  10,  16,  18,  19,  20,  21,  24,  26,  28,  31,  32,  33,
     34,  35,  36,  37,  38,  39,  40,  41,   9,  16,  20,  21,  23,  24,  26,  27,
     28,  31,  32,  33,  35,  36,  37,  38,  39,  40,  41,  18,  19,  20,  21,  24,
     26,  28,  31,  32,  33,  34,  37,  39,  40,  41,   7,   9,  18,  19,  20,  21,
     22,  23,  24,  27,  28,  29,  31,  32,  33,  34,  35,  36,  37,  38,  39,  40,
     41,  16,  26,  27,  28,  31,  32,  33,  37,  39,  40,  41,   9,  10,  16,  19,
     20,  21,  22,  24,  25,  26,  27,  28,  29,  31,  32,  33,  34,  35,  36,  37,
     38,  39,  40,   9,  20,  21,  22,  24,  28,  33,  37,  39,  40,  41,   5,  10,
     16,  18,  19,  20,  21,  22,  23,  24,  25,  26,  29,  31,  32,  33,  34,  36,
     37,  38,  39,  40,   0,   1,   5,   7,   9,  10,  16,  18,  19,  20,  21,  22,
     23,  24,  25,  26,  28,  29,  32,  33,  34,  35,  37,  38,  39,  40,  41,   0,
      7,   8,   9,  10,  18,  19,  20,  21,  22,  24,  26,  27,  28,  29,  31,  32,
     36,  38,  39,  40,  41,   9,  10,  16,  18,  19,  23,  26,  28,  31,  32,  33,
     34,  37,  38,  39,  40,   1,   3,   5,   7,   8,   9,  10,  14,  16,  18,  19,
     20,  21,  22,  23,  24,  26,  27,  28,  30,  31,  32,  33,  34,  35,  36,  37,
     38,  39,  40,  41,   6,   9,  10,  16,  20,  21,  22,  24,  25,  28,  29,  31,
     32,  33,  34,  35,  36,  37,  38,  39,  40,  41,   8,   9,  10,  19,  20,  21,
     22,  24,  26,  27,  28,  31,  32,  33,  34,  35,  36,  37,  38,  39,  40,  41,
     16,  34,   5,   7,  19,  20,  21,  24,  31,  32,  33,  34,  35,  36,  37,  38,
     39,  40,  41,   1,   5,   9,  16,  19,  20,  21,  24,  26,  27,  28,  31,  32,
     33,  34,  35,  36,  37,  38,  39,  40,  41,   5,   7,   8,   9,  18,  20,  21,
     24,  30,  31,  32,  33,  34,  35,  36,  37,  40,  41,  16,  19,  20,  21,  24,
     26,  28,  32,  33,  34,  37,  39,  40,  41,   5,  16,  19,  20,  21,  24,  26,
     27,  28,  31,  32,  33,  34,  35,  36,  37,  38,  39,  40,  41,   0,   5,   7,
      8,  10,  16,  18,  19,  20,  21,  24,  31,  32,  33,  34,  35,  36,  37,  38,
     39,  40,  41,   7,   8,   9,  16,  18,  20,  21,  24,  31,  32,  33,  34,  35,
     36,  37,  38,  39,  40,  41,   7,   8,   9,  20,  21,  24,  26,  29,  31,  32,
     33,  34,  36,  37,  38,  39,  40,  41,   7,   8,   9,  10,  16,  18,  20,  21,
     22,  24,  27,  31,  32,  33,  34,  35,  36,  37,  38,  40,  41,   0,   5,   7,
      8,  10,  16,  18,  19,  20,  21,  24,  31,  32,  33,  34,  35,  36,  37,  38,
     39,  40,  41,  18,  19,  20,  21,  24,  26,  27,  31,  32,  33,  34,  35,  36,
     37,  38,  39,  40,  41,  16,
};

static const int8_t geist_24_mediumKernSparseValues[] = {
     -40,  -24,    8,   -8,  -46,  -33,  -12,   -6,   -5,  -28,   -1,   -6,  -32,  -58,   10,  -16,
     -16,  -32,  -16,  -61,  -48,   -5,  -62,  -27,    8,   -8,  -34,  -16,    8,  -32,   -8,   -8,
     -40,  -26,  -17,  -62,  -87,  -29,   -8,  -26,  -26,  -19,  -19,  -64,  -12,  -19,   -8,   -8,
     -10,  -40,  -35,  -40,  -38,  -22,  -27,  -32,  -42,  -34,  -51,  -30,  -15,   -8,  -16,  -27,
      -9,  -32,   -8,  -16,  -12,  -12,   -9,   -9,  -12,  -29,  -26,  -34,   -8,    6,   10,   -8,
     -16,  -18,  -14,  -19,   -8,   -7,  -10,  -32,   -8,  -16,   -2,  -16,  -11,   -4,  -15,   -6,
     -24,   -9,  -17,  -19,  -11,   -5,  -26,  -16,   -8,  -16,   -8,  -16,  -16,   -9,  -32,  -16,
      -9,   10,  -77,  -29,   -8,    8,  -22,   16,   -7,  -16,   24,   24,   -6,  -16,  -16,   -8,
     -16,  -46,  -26,  -16,  -22,  -22,  -16,  -34,  -16,   -8,  -40,  -58,  -27,  -27,  -74,  -16,
     -42,  -18,  -18,  -24,  -13,  -18,  -14,  -87,  -59,   -8,  -16,  -34,  -18,  -16,  -51,  -17,
     -50,  -24,  -10,  -18,   -8,  -30,  -16,  -22,   -6,  -19,   -6,  -27,  -35,   -6,   -3,  -16,
     -11,  -10,   -8,  -16,  -10,  -27,  -35,  -18,  -21,  -12,   -2,   -2,   -7,   -2,  -18,  -16,
     -18,   -5,   -6,  -16,   -9,   -6,   -8,  -10,  -10,  -26,   -8,   -8,  -16,   -6,   -6,  -14,
      10,  -16,   -8,  -14,  -26,  -10,  -30,  -18,  -24,   -3,  -64,  -66,  -24,  -14,  -14,  -14,
     -48,  -22,  -14,  -16,  -14,  -14,  -18,  -22,  -30,  -26,  -16,  -22,  -29,  -24,  -32,  -38,
     -24,  -16,  -26,  -10,  -16,    2,    8,  -11,  -10,   -6,  -13,    2,   -8,  -12,  -29,   -8,
     -14,  -14,  -14,  -14,   12,  -18,   -8,  -16,   -3,   -8,   -8,  -26,  -13,   -6,    7,  -29,
     -15,   -8,  -40,  -14,   12,   12,  -21,   12,  -14,  -15,  -14,  -16,  -24,  -16,  -10,  -32,
      -3,  -16,  -18,   -8,   -8,  -24,  -15,   -8,  -16,   -8,   -8,  -13,  -39,  -42,   -8,  -15,
     -40,  -24,  -26,  -26,  -14,  -77,  -96,   -6,  -16,  -38, -109,  -14,  -64,  -35,  -35,  -42,
     -22,  -35,  -37, -122, -128,  -14,  -29,  -45,  -14,  -29,  -61,  -29,  -64,  -38,  -16,   -8,
     -86,  -22,  -59,  -10,  -16,  -14,  -16,  -16,  -64,  -16,  -34,  -32,  -32,  -18,  -18,  -22,
      -7,  -22,  -16,  -32,  -24,   -8,  -12,  -15,   -7,  -16,  -11,  -40,  -18,   -4,  -22,  -22,
      -9,  -24,   -8,  -18,  -19,    8,  -20,   10,  -77,  -30,  -74,  -32,  -23,    8,  -46,  -16,
     -21,  -21,  -96,  -29,  -21,   -8,   -2,    6,   16,  -56,  -64,  -30,  -35,  -14,  -38,  -29,
     -51,  -35,  -45,  -38,  -16,  -59,  -34,    6,  -16,  -16,  -99,  -16,  -14,   16,   -8,  -51,
     -56,  -43,  -35,  -14,  -48,  -48,  -48,  -32,  -48,  -58,  -14,  -16,  -16,  -16,   -3,   -3,
     -22,   -3,  -10,   -8,   -8,   -8,  -26,  -34,  -13,   -5,   -8,  -24,  -14,  -26,  -32,  -16,
      16,   24,  -18,   16,  -17,   -6,   -6,   -6,   -1,   -6,  -24,    2,   -8,   -2,  -24,   -7,
     -22,  -22,   -8,   -8,  -18,   -8,  -56,  -32,   -8,   -8,   -8,  -40,  -16,  -40,    1,   -8,
     -24,  -14,   -4,   -8,  -23,   -8,  -21,  -43,  -19,   10,  -48,  -22,  -33,  -21,  -12,  -12,
     -12,   11,  -24,  -34,  -30,  -37,  -14,  -22,  -29,  -32,  -10,  -42,  -16,  -10,  -10,  -10,
     -18,  -16,   -8,  -16,   -2,  -21,  -16,  -14,   -8,  -14,  -32,  -16,   -8,   -8,   -8,  -16,
      -8,  -32,   -9,  -10,  -25,  -26,  -10,  -15,  -30,  -11,  -26,  -40,  -13,  -16,  -14,  -16,
     -53,   -8,  -16,  -34,  -24,  -40,  -40,  -40,  -38,  -89,  -46,  -23,  -32,  -34,  -41,  -16,
     -40,  -34,  -26,  -46,  -29,  -24,  -29,  -37,  -22,  -22,  -22,  -30,  -32,  -35,  -38,  -22,
     -29,  -35,  -14,  -19,  -32,  -24,   22,  -22,    8,   -5,   -5,   -5,  -10,   22,   -7,  -12,
     -23,   -8,    4,   -8,   -3,   -9,  -26,    2,  -46,   -8,  -40,  -12,  -29,  -16,   -8,   -8,
     -30,   -8,   -3,  -19,  -22,   -8,  -21,   -8,  -18,  -18,  -16,  -37,  -21,  -16,  -14,  -16,
     -53,   -8,  -16,  -34,  -24,  -40,  -40,  -40,  -38,  -43,  -46,  -23,  -32,  -34,  -41,  -16,
     -40,  -34,  -26,  -16,   -8,  -10,  -10,  -10,  -24,   -8,  -13,  -24,  -16,  -18,  -13,  -13,
     -22,  -15,  -24,  -40,  -14,   10,
};

static const EpdFontData geist_24_medium = {
    geist_24_mediumBitmaps,
    geist_24_mediumGlyphs,
    geist_24_mediumIntervals,
    6,
    65,
    51,
    -15,
    true,
    nullptr,
    0,
    nullptr,
    nullptr,  // kernLeftClasses: built-in fonts use the split arrays below
    nullptr,  // kernRightClasses
    geist_24_mediumKernLeftCodepoints,
    geist_24_mediumKernLeftClassIds,
    geist_24_mediumKernRightCodepoints,
    geist_24_mediumKernRightClassIds,
    nullptr,  // kernMatrix: built-in fonts use the sparse form below
    geist_24_mediumKernRowOffsets,
    geist_24_mediumKernSparseCols,
    geist_24_mediumKernSparseValues,
    83,
    85,
    46,
    43,
    nullptr,
    0,
};
