/**
 * generated by fontconvert.py
 * name: geist_24_bold
 * size: 24
 * mode: 2-bit
 * Command used: fontconvert.py geist_24_bold 24 ../fontsrc/Geist-Bold.ttf --2bit --no-default-intervals --additional-intervals 0x0020,0x007E --additional-intervals 0x00B0,0x00B0 --additional-intervals 0x00B7,0x00B7 --additional-intervals 0x2013,0x2014 --additional-intervals 0x2022,0x2022 --additional-intervals 0x2026,0x2026
 */
#pragma once
#include "EpdFontData.h"

static const uint8_t geist_24_boldBitmaps[20593] = {
    0x2A, 0xAA, 0x1F, 0xFF, 0xD7, 0xFF, 0xF5, 0xFF, 0xFD, 0x7F, 0xFF, 0x5F, 0xFF, 0xD7, 0xFF, 0xF5,
    0xFF, 0xFD, 0x7F, 0xFF, 0x5F, 0xFF, 0xD7, 0xFF, 0xF5, 0xFF, 0xFD, 0x3F, 0xFF, 0x4F, 0xFF, 0xC3,
    0xFF, 0xF0, 0xFF, 0xFC, 0x3F, 0xFF, 0x0F, 0xFF, 0xC3, 0xFF, 0xF0, 0xBF, 0xF8, 0x2F, 0xFE, 0x07,
    0xFF, 0x81, 0xFF, 0xD0, 0x3F, 0xF4, 0x0A, 0xA8, 0x00, 0x00, 0x00, 0x00, 0x00, 0x00, 0x00, 0x6A,
    0xAA, 0x6F, 0xFF, 0xEB, 0xFF, 0xFA, 0xFF, 0xFE, 0xBF, 0xFF, 0xAF, 0xFF, 0xEB, 0xFF, 0xFA, 0xFF,
    0xFE, 0x6A, 0xA0, 0x1A, 0xA8, 0xFF, 0xF0, 0x2F, 0xFD, 0xFF, 0xF0, 0x1F, 0xFD, 0xFF, 0xF0, 0x1F,
    0xFD, 0xFF, 0xF0, 0x1F, 0xFD, 0xFF, 0xF0, 0x1F, 0xFD, 0xBF, 0xF0, 0x1F, 0xFC, 0xBF, 0xF0, 0x1F,
    0xFC, 0x7F, 0xF0, 0x1F, 0xFC, 0x7F, 0xF0, 0x1F, 0xFC, 0x7F, 0xF0, 0x1F, 0xFC, 0x3F, 0xF0, 0x1F,
    0xF8, 0x3F, 0xF0, 0x1F, 0xF8, 0x3F, 0xE0, 0x0F, 0xF4, 0x15, 0x50, 0x05, 0x50, 0x00, 0x00, 0xAA,
    0xA4, 0x00, 0xAA, 0xA4, 0x00, 0x00, 0x0F, 0xFF, 0x80, 0x0F, 0xFF, 0x80, 0x00, 0x01, 0xFF, 0xF8,
    0x01, 0xFF, 0xF4, 0x00, 0x00, 0x1F, 0xFF, 0x40, 0x2F, 0xFF, 0x40, 0x00, 0x02, 0xFF, 0xF0, 0x02,
    0xFF, 0xF0, 0x00, 0x00, 0x3F, 0xFF, 0x00, 0x3F, 0xFF, 0x00, 0x00, 0x03, 0xFF, 0xF0, 0x03, 0xFF,
    0xF0, 0x00, 0x00, 0x3F, 0xFF, 0x00, 0x3F, 0xFE, 0x00, 0x00, 0x03, 0xFF, 0xE0, 0x07, 0xFF, 0xE0,
    0x00, 0x3F, 0xFF, 0xFF, 0xFF, 0xFF, 0xFF, 0xFC, 0x07, 0xFF, 0xFF, 0xFF, 0xFF, 0xFF, 0xFF, 0xC0,
    0x7F, 0xFF, 0xFF, 0xFF, 0xFF, 0xFF, 0xFC, 0x0B, 0xFF, 0xFF, 0xFF, 0xFF, 0xFF, 0xFF, 0x80, 0xBF,
    0xFF, 0xFF, 0xFF, 0xFF, 0xFF, 0xF8, 0x0F, 0xFF, 0xFF, 0xFF, 0xFF, 0xFF, 0xFF, 0x40, 0x01, 0xFF,
    0xF8, 0x01, 0xFF, 0xF4, 0x00, 0x00, 0x1F, 0xFF, 0x40, 0x2F, 0xFF, 0x40, 0x00, 0x02, 0xFF, 0xF0,
    0x02, 0xFF, 0xF0, 0x00, 0x00, 0x3F, 0xFF, 0x00, 0x3F, 0xFF, 0x00, 0x00, 0x03, 0xFF, 0xF0, 0x03,
    0xFF, 0xF0, 0x00, 0x00, 0x3F, 0xFE, 0x00, 0x3F, 0xFE, 0x00, 0x00, 0x07, 0xFF, 0xE0, 0x07, 0xFF,
    0xE0, 0x00, 0x3F, 0xFF, 0xFF, 0xFF, 0xFF, 0xFF, 0xFC, 0x03, 0xFF, 0xFF, 0xFF, 0xFF, 0xFF, 0xFF,
    0xC0, 0x7F, 0xFF, 0xFF, 0xFF, 0xFF, 0xFF, 0xFC, 0x0B, 0xFF, 0xFF, 0xFF, 0xFF, 0xFF, 0xFF, 0xC0,
    0xBF, 0xFF, 0xFF, 0xFF, 0xFF, 0xFF, 0xF8, 0x0B, 0xFF, 0xFF, 0xFF, 0xFF, 0xFF, 0xFF, 0x40, 0x01,
    0xFF, 0xF8, 0x01, 0xFF, 0xF4, 0x00, 0x00, 0x1F, 0xFF, 0x40, 0x2F, 0xFF, 0x40, 0x00, 0x02, 0xFF,
    0xF0, 0x02, 0xFF, 0xF0, 0x00, 0x00, 0x3F, 0xFF, 0x00, 0x3F, 0xFF, 0x00, 0x00, 0x03, 0xFF, 0xF0,
    0x03, 0xFF, 0xF0, 0x00, 0x00, 0x3F, 0xFE, 0x00, 0x3F, 0xFE, 0x00, 0x00, 0x07, 0xFF, 0xE0, 0x07,
    0xFF, 0xE0, 0x00, 0x00, 0x7F, 0xFD, 0x00, 0x7F, 0xFD, 0x00, 0x00, 0x00, 0x00, 0x00, 0x3F, 0xC0,
    0x00, 0x00, 0x00, 0x00, 0x00, 0x0F, 0xF0, 0x00, 0x00, 0x00, 0x00, 0x00, 0x03, 0xFC, 0x00, 0x00,
    0x00, 0x00, 0x00, 0x00, 0xFF, 0x00, 0x00, 0x00, 0x00, 0x00, 0x06, 0xBF, 0xE4, 0x00, 0x00, 0x00,
    0x00, 0xBF, 0xFF, 0xFF, 0xF4, 0x00, 0x00, 0x01, 0xFF, 0xFF, 0xFF, 0xFF, 0xC0, 0x00, 0x02, 0xFF,
    0xFF, 0xFF, 0xFF, 0xFD, 0x00, 0x02, 0xFF, 0xFF, 0xFF, 0xFF, 0xFF, 0xD0, 0x01, 0xFF, 0xFF, 0xFF,
    0xFF, 0xFF, 0xFC, 0x00, 0xFF, 0xFF, 0xFB, 0xFF, 0xFF, 0xFF, 0x80, 0x3F, 0xFF, 0xD0, 0xFF, 0x2F,
    0xFF, 0xF0, 0x1F, 0xFF, 0xD0, 0x3F, 0xC2, 0xFF, 0xFE, 0x0B, 0xFF, 0xF0, 0x0F, 0xF0, 0x3F, 0xFF,
    0xC2, 0xFF, 0xFC, 0x03, 0xFC, 0x0B, 0xFF, 0xF0, 0xBF, 0xFF, 0x00, 0xFF, 0x00, 0xFF, 0xFD, 0x2F,
    0xFF, 0xD0, 0x3F, 0xC0, 0x10, 0x00, 0x07, 0xFF, 0xFD, 0x0F, 0xF0, 0x00, 0x00, 0x00, 0xFF, 0xFF,
    0xFB, 0xFC, 0x00, 0x00, 0x00, 0x1F, 0xFF, 0xFF, 0xFF, 0x40, 0x00, 0x00, 0x02, 0xFF, 0xFF, 0xFF,
    0xFF, 0x80, 0x00, 0x00, 0x2F, 0xFF, 0xFF, 0xFF, 0xFF, 0x40, 0x00, 0x01, 0xFF, 0xFF, 0xFF, 0xFF,
    0xFC, 0x00, 0x00, 0x02, 0xFF, 0xFF, 0xFF, 0xFF, 0xD0, 0x00, 0x00, 0x06, 0xFF, 0xFF, 0xFF, 0xFC,
    0x00, 0x00, 0x00, 0x0F, 0xFF, 0xFF, 0xFF, 0xC0, 0x00, 0x00, 0x03, 0xFC, 0xBF, 0xFF, 0xF4, 0x00,
    0x00, 0x00, 0xFF, 0x03, 0xFF, 0xFE, 0x6F, 0xFF, 0x00, 0x3F, 0xC0, 0x3F, 0xFF, 0xDF, 0xFF, 0xD0,
    0x0F, 0xF0, 0x0F, 0xFF, 0xF3, 0xFF, 0xFC, 0x03, 0xFC, 0x02, 0xFF, 0xFC, 0xFF, 0xFF, 0x40, 0xFF,
    0x00, 0xFF, 0xFF, 0x1F, 0xFF, 0xF0, 0x3F, 0xC0, 0x7F, 0xFF, 0x83, 0xFF, 0xFF, 0x8F, 0xF0, 0x7F,
    0xFF, 0xD0, 0x7F, 0xFF, 0xFF, 0xFF, 0xFF, 0xFF, 0xF0, 0x0F, 0xFF, 0xFF, 0xFF, 0xFF, 0xFF, 0xF4,
    0x00, 0xFF, 0xFF, 0xFF, 0xFF, 0xFF, 0xF8, 0x00, 0x0B, 0xFF, 0xFF, 0xFF, 0xFF, 0xF8, 0x00, 0x00,
    0x7F, 0xFF, 0xFF, 0xFF, 0xF4, 0x00, 0x00, 0x01, 0xBF, 0xFF, 0xFF, 0x90, 0x00, 0x00, 0x00, 0x00,
    0x7F, 0xD4, 0x00, 0x00, 0x00, 0x00, 0x00, 0x0F, 0xF0, 0x00, 0x00, 0x00, 0x00, 0x00, 0x03, 0xFC,
    0x00, 0x00, 0x00, 0x00, 0x00, 0x00, 0xFF, 0x00, 0x00, 0x00, 0x00, 0x00, 0x00, 0x2A, 0x80, 0x00,
    0x00, 0x00, 0x00, 0x0B, 0xFE, 0x40, 0x00, 0x00, 0x00, 0x1A, 0x90, 0x00, 0x02, 0xFF, 0xFF, 0xC0,
    0x00, 0x00, 0x02, 0xFF, 0x00, 0x00, 0x3F, 0xFF, 0xFF, 0xD0, 0x00, 0x00, 0x0F, 0xF4, 0x00, 0x03,
    0xFF, 0xFF, 0xFF, 0xC0, 0x00, 0x00, 0xFF, 0xC0, 0x00, 0x1F, 0xFD, 0x03, 0xFF, 0x80, 0x00, 0x0B,
    0xFC, 0x00, 0x00, 0xBF, 0xE0, 0x07, 0xFF, 0x00, 0x00, 0x3F, 0xD0, 0x00, 0x03, 0xFF, 0x00, 0x0F,
    0xFC, 0x00, 0x03, 0xFF, 0x00, 0x00, 0x0F, 0xFC, 0x00, 0x2F, 0xF4, 0x00, 0x2F, 0xF0, 0x00, 0x00,
    0x3F, 0xF0, 0x00, 0xBF, 0xD0, 0x00, 0xFF, 0x40, 0x00, 0x00, 0xFF, 0xC0, 0x02, 0xFF, 0x40, 0x0F,
    0xFC, 0x00, 0x00, 0x03, 0xFF, 0x00, 0x0F, 0xFD, 0x00, 0x7F, 0xC0, 0x00, 0x00, 0x0F, 0xFD, 0x00,
    0x3F, 0xF0, 0x03, 0xFD, 0x00, 0x00, 0x00, 0x2F, 0xF8, 0x01, 0xFF, 0xC0, 0x3F, 0xF0, 0x00, 0x00,
    0x00, 0x7F, 0xF8, 0x1F, 0xFE, 0x01, 0xFF, 0x00, 0x00, 0x00, 0x00, 0xBF, 0xFF, 0xFF, 0xF0, 0x0F,
    0xF4, 0x00, 0x00, 0x00, 0x00, 0xFF, 0xFF, 0xFF, 0x00, 0xFF, 0xC0, 0x00, 0x00, 0x00, 0x00, 0x7F,
    0xFF, 0xE0, 0x07, 0xFC, 0x00, 0x00, 0x00, 0x00, 0x00, 0x1A, 0xA4, 0x00, 0x3F, 0xD0, 0x00, 0x00,
    0x00, 0x00, 0x00, 0x00, 0x00, 0x03, 0xFF, 0x00, 0x00, 0x00, 0x00, 0x00, 0x00, 0x00, 0x00, 0x1F,
    0xF0, 0x02, 0xFF, 0xF8, 0x00, 0x00, 0x00, 0x00, 0x00, 0xFF, 0x40, 0x7F, 0xFF, 0xFE, 0x00, 0x00,
    0x00, 0x00, 0x0F, 0xFC, 0x07, 0xFF, 0xFF, 0xFE, 0x00, 0x00, 0x00, 0x00, 0x7F, 0xC0, 0x3F, 0xFE,
    0xBF, 0xFD, 0x00, 0x00, 0x00, 0x03, 0xFD, 0x01, 0xFF, 0xC0, 0x2F, 0xFC, 0x00, 0x00, 0x00, 0x3F,
    0xF0, 0x0F, 0xFD, 0x00, 0x3F, 0xF0, 0x00, 0x00, 0x01, 0xFF, 0x00, 0x3F, 0xF0, 0x00, 0xFF, 0xD0,
    0x00, 0x00, 0x0F, 0xF4, 0x00, 0xFF, 0xC0, 0x02, 0xFF, 0x40, 0x00, 0x00, 0xFF, 0xC0, 0x03, 0xFF,
    0x00, 0x0B, 0xFD, 0x00, 0x00, 0x07, 0xFC, 0x00, 0x0F, 0xFC, 0x00, 0x2F, 0xF4, 0x00, 0x00, 0x3F,
    0xD0, 0x00, 0x3F, 0xF0, 0x00, 0xFF, 0xD0, 0x00, 0x03, 0xFF, 0x00, 0x00, 0xFF, 0xD0, 0x03, 0xFF,
    0x00, 0x00, 0x1F, 0xF0, 0x00, 0x02, 0xFF, 0xC0, 0x2F, 0xFC, 0x00, 0x00, 0xFF, 0x40, 0x00, 0x03,
    0xFF, 0xD6, 0xFF, 0xD0, 0x00, 0x0F, 0xFC, 0x00, 0x00, 0x07, 0xFF, 0xFF, 0xFE, 0x00, 0x00, 0x7F,
    0xC0, 0x00, 0x00, 0x07, 0xFF, 0xFF, 0xE0, 0x00, 0x03, 0xFD, 0x00, 0x00, 0x00, 0x02, 0xFF, 0xFD,
    0x00, 0x00, 0x00, 0x00, 0x00, 0x00, 0x00, 0x00, 0x55, 0x00, 0x00, 0x00, 0x00, 0x00, 0x05, 0x40,
    0x00, 0x00, 0x00, 0x00, 0x00, 0x00, 0xBF, 0xFF, 0xF4, 0x00, 0x00, 0x00, 0x00, 0x00, 0xBF, 0xFF,
    0xFF, 0xF4, 0x00, 0x00, 0x00, 0x00, 0x3F, 0xFF, 0xFF, 0xFF, 0xE0, 0x00, 0x00, 0x00, 0x0F, 0xFF,
    0xFF, 0xFF, 0xFF, 0x80, 0x00, 0x00, 0x02, 0xFF, 0xFF, 0xFF, 0xFF, 0xFC, 0x00, 0x00, 0x00, 0x3F,
    0xFF, 0xFF, 0xFF, 0xFF, 0xE0, 0x00, 0x00, 0x07, 0xFF, 0xFE, 0x07, 0xFF, 0xFF, 0x00, 0x00, 0x00,
    0x7F, 0xFF, 0x80, 0x0F, 0xFF, 0xF0, 0x00, 0x00, 0x07, 0xFF, 0xF4, 0x00, 0xBF, 0xFF, 0x00, 0x00,
    0x00, 0x7F, 0xFF, 0x40, 0x0F, 0xFF, 0xF0, 0x00, 0x00, 0x07, 0xFF, 0xF4, 0x00, 0xFF, 0xFE, 0x00,
    0x00, 0x00, 0x3F, 0xFF, 0xC0, 0x3F, 0xFF, 0xD0, 0x00, 0x00, 0x02, 0xFF, 0xFE, 0x0F, 0xFF, 0xFC,
    0x00, 0x00, 0x00, 0x0F, 0xFF, 0xFB, 0xFF, 0xFF, 0x00, 0x00, 0x00, 0x00, 0x7F, 0xFF, 0xFF, 0xFF,
    0xC0, 0x00, 0x00, 0x00, 0x02, 0xFF, 0xFF, 0xFF, 0xF0, 0x00, 0x00, 0x00, 0x00, 0x0F, 0xFF, 0xFF,
    0xF8, 0x00, 0x00, 0x00, 0x00, 0x07, 0xFF, 0xFF, 0xFC, 0x00, 0x00, 0x00, 0x00, 0x02, 0xFF, 0xFF,
    0xFF, 0xC0, 0x00, 0x00, 0x00, 0x00, 0xFF, 0xFF, 0xFF, 0xFE, 0x00, 0x14, 0x00, 0x00, 0x3F, 0xFF,
    0xFF, 0xFF, 0xF4, 0x03, 0xFF, 0xF8, 0x0B, 0xFF, 0xFE, 0xBF, 0xFF, 0xC0, 0x3F, 0xFF, 0x80, 0xFF,
    0xFF, 0x42, 0xFF, 0xFF, 0x03, 0xFF, 0xF8, 0x2F, 0xFF, 0xE0, 0x0F, 0xFF, 0xFC, 0x7F, 0xFF, 0x43,
    0xFF, 0xFC, 0x00, 0x3F, 0xFF, 0xEF, 0xFF, 0xF0, 0x3F, 0xFF, 0x80, 0x01, 0xFF, 0xFF, 0xFF, 0xFE,
    0x03, 0xFF, 0xF8, 0x00, 0x07, 0xFF, 0xFF, 0xFF, 0xD0, 0x3F, 0xFF, 0xC0, 0x00, 0x2F, 0xFF, 0xFF,
    0xFC, 0x03, 0xFF, 0xFD, 0x00, 0x00, 0xFF, 0xFF, 0xFF, 0x40, 0x3F, 0xFF, 0xF4, 0x00, 0x1F, 0xFF,
    0xFF, 0xE0, 0x02, 0xFF, 0xFF, 0xFE, 0xBF, 0xFF, 0xFF, 0xFC, 0x00, 0x1F, 0xFF, 0xFF, 0xFF, 0xFF,
    0xFF, 0xFF, 0xF0, 0x00, 0xBF, 0xFF, 0xFF, 0xFF, 0xFF, 0xFF, 0xFF, 0x80, 0x03, 0xFF, 0xFF, 0xFF,
    0xFF, 0xFF, 0xFF, 0xFE, 0x00, 0x0B, 0xFF, 0xFF, 0xFF, 0xFF, 0xEF, 0xFF, 0xF4, 0x00, 0x0B, 0xFF,
    0xFF, 0xFF, 0xD0, 0xBF, 0xFF, 0xD0, 0x00, 0x05, 0xAF, 0xEA, 0x40, 0x00, 0x00, 0x00, 0x6A, 0xA3,
    0xFF, 0xCF, 0xFF, 0x3F, 0xFC, 0xFF, 0xF3, 0xFF, 0xCF, 0xFF, 0x2F, 0xFC, 0xBF, 0xF2, 0xFF, 0x87,
    0xFE, 0x1F, 0xF8, 0x7F, 0xD0, 0xFF, 0x41, 0x54, 0x00, 0x00, 0x02, 0xAA, 0x80, 0x00, 0xFF, 0xFC,
    0x00, 0x1F, 0xFF, 0x40, 0x03, 0xFF, 0xF0, 0x00, 0x7F, 0xFE, 0x00, 0x0F, 0xFF, 0xC0, 0x01, 0xFF,
    0xF8, 0x00, 0x3F, 0xFF, 0x40, 0x07, 0xFF, 0xF0, 0x00, 0xBF, 0xFE, 0x00, 0x0F, 0xFF, 0xC0, 0x01,
    0xFF, 0xFC, 0x00, 0x2F, 0xFF, 0x80, 0x03, 0xFF, 0xF4, 0x00, 0x3F, 0xFF, 0x00, 0x07, 0xFF, 0xF0,
    0x00, 0x7F, 0xFF, 0x00, 0x0B, 0xFF, 0xF0, 0x00, 0xBF, 0xFE, 0x00, 0x0F, 0xFF, 0xE0, 0x00, 0xFF,
    0xFE, 0x00, 0x0F, 0xFF, 0xE0, 0x00, 0xFF, 0xFE, 0x00, 0x0F, 0xFF, 0xE0, 0x00, 0xFF, 0xFE, 0x00,
    0x0B, 0xFF, 0xE0, 0x00, 0xBF, 0xFF, 0x00, 0x07, 0xFF, 0xF0, 0x00, 0x7F, 0xFF, 0x00, 0x03, 0xFF,
    0xF4, 0x00, 0x3F, 0xFF, 0x40, 0x02, 0xFF, 0xF8, 0x00, 0x1F, 0xFF, 0xC0, 0x00, 0xFF, 0xFD, 0x00,
    0x0B, 0xFF, 0xE0, 0x00, 0x7F, 0xFF, 0x00, 0x03, 0xFF, 0xF4, 0x00, 0x1F, 0xFF, 0x80, 0x00, 0xFF,
    0xFC, 0x00, 0x07, 0xFF, 0xE0, 0x00, 0x3F, 0xFF, 0x00, 0x01, 0xFF, 0xF4, 0x00, 0x0F, 0xFF, 0xC0,
    0x00, 0x2A, 0xA8, 0x2A, 0xA8, 0x00, 0x00, 0xFF, 0xFC, 0x00, 0x01, 0xFF, 0xF4, 0x00, 0x03, 0xFF,
    0xF0, 0x00, 0x07, 0xFF, 0xE0, 0x00, 0x0F, 0xFF, 0xC0, 0x00, 0x2F, 0xFF, 0x80, 0x00, 0x3F, 0xFF,
    0x00, 0x00, 0xBF, 0xFD, 0x00, 0x01, 0xFF, 0xFC, 0x00, 0x03, 0xFF, 0xF0, 0x00, 0x0F, 0xFF, 0xD0,
    0x00, 0x2F, 0xFF, 0x80, 0x00, 0x7F, 0xFF, 0x00, 0x00, 0xFF, 0xFC, 0x00, 0x03, 0xFF, 0xF4, 0x00,
    0x0B, 0xFF, 0xE0, 0x00, 0x2F, 0xFF, 0xC0, 0x00, 0xBF, 0xFF, 0x00, 0x01, 0xFF, 0xFC, 0x00, 0x07,
    0xFF, 0xF0, 0x00, 0x1F, 0xFF, 0xC0, 0x00, 0x7F, 0xFF, 0x00, 0x01, 0xFF, 0xFC, 0x00, 0x07, 0xFF,
    0xF0, 0x00, 0x2F, 0xFF, 0xC0, 0x00, 0xBF, 0xFE, 0x00, 0x02, 0xFF, 0xF8, 0x00, 0x0F, 0xFF, 0xD0,
    0x00, 0x3F, 0xFF, 0x00, 0x01, 0xFF, 0xFC, 0x00, 0x0B, 0xFF, 0xE0, 0x00, 0x3F, 0xFF, 0x40, 0x00,
    0xFF, 0xFC, 0x00, 0x07, 0xFF, 0xF0, 0x00, 0x2F, 0xFF, 0x40, 0x00, 0xFF, 0xFC, 0x00, 0x07, 0xFF,
    0xE0, 0x00, 0x3F, 0xFF, 0x00, 0x01, 0xFF, 0xF8, 0x00, 0x0F, 0xFF, 0xC0, 0x00, 0x7F, 0xFD, 0x00,
    0x03, 0xFF, 0xF0, 0x00, 0x0A, 0xAA, 0x00, 0x00, 0x00, 0x00, 0x00, 0x00, 0x00, 0x00, 0x74, 0x03,
    0x40, 0x00, 0x0B, 0xF0, 0x3F, 0xD0, 0x00, 0xBF, 0xE1, 0xFF, 0x80, 0x00, 0xFF, 0xCF, 0xFC, 0x00,
    0x01, 0xFF, 0xFF, 0xD0, 0x00, 0x02, 0xFF, 0xFF, 0x00, 0x0A, 0xAB, 0xFF, 0xFA, 0xA8, 0x3F, 0xFF,
    0xFF, 0xFF, 0xF4, 0xFF, 0xFF, 0xFF, 0xFF, 0xD3, 0xFF, 0xFF, 0xFF, 0xFF, 0x4F, 0xFF, 0xFF, 0xFF,
    0xFD, 0x15, 0x5F, 0xFF, 0xE5, 0x50, 0x00, 0xFF, 0xFF, 0xC0, 0x00, 0x0B, 0xFE, 0xFF, 0x80, 0x00,
    0x3F, 0xF3, 0xFF, 0x40, 0x02, 0xFF, 0x43, 0xFF, 0x00, 0x01, 0xFC, 0x0B, 0xD0, 0x00, 0x00, 0x80,
    0x08, 0x00, 0x00, 0x00, 0x00, 0x1A, 0xA8, 0x00, 0x00, 0x00, 0x00, 0x0F, 0xFF, 0x40, 0x00, 0x00,
    0x00, 0x03, 0xFF, 0xD0, 0x00, 0x00, 0x00, 0x00, 0xFF, 0xF4, 0x00, 0x00, 0x00, 0x00, 0x3F, 0xFD,
    0x00, 0x00, 0x00, 0x00, 0x0F, 0xFF, 0x40, 0x00, 0x00, 0x00, 0x03, 0xFF, 0xD0, 0x00, 0x00, 0x00,
    0x00, 0xFF, 0xF4, 0x00, 0x00, 0x00, 0x00, 0x3F, 0xFD, 0x00, 0x00, 0x15, 0x55, 0x5F, 0xFF, 0x95,
    0x55, 0x4F, 0xFF, 0xFF, 0xFF, 0xFF, 0xFF, 0xFB, 0xFF, 0xFF, 0xFF, 0xFF, 0xFF, 0xFE, 0xFF, 0xFF,
    0xFF, 0xFF, 0xFF, 0xFF, 0xBF, 0xFF, 0xFF, 0xFF, 0xFF, 0xFF, 0xEF, 0xFF, 0xFF, 0xFF, 0xFF, 0xFF,
    0xFA, 0xAA, 0xAA, 0xFF, 0xFE, 0xAA, 0xA9, 0x00, 0x00, 0x3F, 0xFD, 0x00, 0x00, 0x00, 0x00, 0x0F,
    0xFF, 0x40, 0x00, 0x00, 0x00, 0x03, 0xFF, 0xD0, 0x00, 0x00, 0x00, 0x00, 0xFF, 0xF4, 0x00, 0x00,
    0x00, 0x00, 0x3F, 0xFD, 0x00, 0x00, 0x00, 0x00, 0x0F, 0xFF, 0x40, 0x00, 0x00, 0x00, 0x03, 0xFF,
    0xD0, 0x00, 0x00, 0x00, 0x00, 0xFF, 0xF4, 0x00, 0x00, 0x00, 0x00, 0x2F, 0xFD, 0x00, 0x00, 0x00,
    0x2A, 0xAA, 0x8F, 0xFF, 0xF3, 0xFF, 0xFC, 0xFF, 0xFF, 0x3F, 0xFF, 0xCF, 0xFF, 0xF3, 0xFF, 0xFC,
    0xFF, 0xFF, 0x00, 0xFF, 0x40, 0x7F, 0xC0, 0x3F, 0xE0, 0x0F, 0xF4, 0x07, 0xFC, 0x03, 0xFD, 0x00,
    0xFF, 0x00, 0x7F, 0x80, 0x2A, 0xAA, 0xAA, 0xAA, 0xA3, 0xFF, 0xFF, 0xFF, 0xFF, 0x3F, 0xFF, 0xFF,
    0xFF, 0xF3, 0xFF, 0xFF, 0xFF, 0xFF, 0x3F, 0xFF, 0xFF, 0xFF, 0xF3, 0xFF, 0xFF, 0xFF, 0xFF, 0x2A,
    0xAA, 0xAA, 0xAA, 0xA0, 0x2A, 0xAA, 0x8F, 0xFF, 0xF3, 0xFF, 0xFC, 0xFF, 0xFF, 0x3F, 0xFF, 0xCF,
    0xFF, 0xF3, 0xFF, 0xFC, 0xFF, 0xFF, 0x00, 0x00, 0x00, 0x01, 0xAA, 0xA4, 0x00, 0x00, 0x00, 0x0F,
    0xFF, 0xD0, 0x00, 0x00, 0x00, 0x7F, 0xFF, 0x00, 0x00, 0x00, 0x02, 0xFF, 0xFC, 0x00, 0x00, 0x00,
    0x0F, 0xFF, 0xD0, 0x00, 0x00, 0x00, 0x7F, 0xFF, 0x00, 0x00, 0x00, 0x02, 0xFF, 0xF8, 0x00, 0x00,
    0x00, 0x0F, 0xFF, 0xD0, 0x00, 0x00, 0x00, 0x7F, 0xFF, 0x00, 0x00, 0x00, 0x02, 0xFF, 0xF8, 0x00,
    0x00, 0x00, 0x0F, 0xFF, 0xD0, 0x00, 0x00, 0x00, 0x7F, 0xFF, 0x00, 0x00, 0x00, 0x02, 0xFF, 0xF8,
    0x00, 0x00, 0x00, 0x0F, 0xFF, 0xD0, 0x00, 0x00, 0x00, 0x7F, 0xFF, 0x00, 0x00, 0x00, 0x03, 0xFF,
    0xF8, 0x00, 0x00, 0x00, 0x0F, 0xFF, 0xD0, 0x00, 0x00, 0x00, 0x7F, 0xFF, 0x00, 0x00, 0x00, 0x03,
    0xFF, 0xF8, 0x00, 0x00, 0x00, 0x0F, 0xFF, 0xD0, 0x00, 0x00, 0x00, 0x7F, 0xFF, 0x00, 0x00, 0x00,
    0x03, 0xFF, 0xF8, 0x00, 0x00, 0x00, 0x0F, 0xFF, 0xC0, 0x00, 0x00, 0x00, 0xBF, 0xFF, 0x00, 0x00,
    0x00, 0x03, 0xFF, 0xF8, 0x00, 0x00, 0x00, 0x0F, 0xFF, 0xC0, 0x00, 0x00, 0x00, 0xBF, 0xFF, 0x00,
    0x00, 0x00, 0x03, 0xFF, 0xF8, 0x00, 0x00, 0x00, 0x0F, 0xFF, 0xC0, 0x00, 0x00, 0x00, 0xBF, 0xFF,
    0x00, 0x00, 0x00, 0x03, 0xFF, 0xF4, 0x00, 0x00, 0x00, 0x1F, 0xFF, 0xC0, 0x00, 0x00, 0x00, 0xBF,
    0xFF, 0x00, 0x00, 0x00, 0x03, 0xFF, 0xF4, 0x00, 0x00, 0x00, 0x1F, 0xFF, 0xC0, 0x00, 0x00, 0x00,
    0xBF, 0xFF, 0x00, 0x00, 0x00, 0x03, 0xFF, 0xF4, 0x00, 0x00, 0x00, 0x1F, 0xFF, 0xC0, 0x00, 0x00,
    0x00, 0xBF, 0xFE, 0x00, 0x00, 0x00, 0x03, 0xFF, 0xF4, 0x00, 0x00, 0x00, 0x1F, 0xFF, 0xC0, 0x00,
    0x00, 0x00, 0xBF, 0xFE, 0x00, 0x00, 0x00, 0x03, 0xFF, 0xF4, 0x00, 0x00, 0x00, 0x0A, 0xAA, 0x80,
    0x00, 0x00, 0x00, 0x00, 0x00, 0x00, 0x05, 0x40, 0x00, 0x00, 0x00, 0x00, 0x00, 0x2F, 0xFF, 0xFE,
    0x00, 0x00, 0x00, 0x00, 0x0B, 0xFF, 0xFF, 0xFF, 0x80, 0x00, 0x00, 0x01, 0xFF, 0xFF, 0xFF, 0xFF,
    0xD0, 0x00, 0x00, 0x1F, 0xFF, 0xFF, 0xFF, 0xFF, 0xD0, 0x00, 0x01, 0xFF, 0xFF, 0xFF, 0xFF, 0xFF,
    0xD0, 0x00, 0x0F, 0xFF, 0xFF, 0xFF, 0xFF, 0xFF, 0xC0, 0x00, 0xFF, 0xFF, 0xF4, 0x07, 0xFF, 0xFF,
    0xC0, 0x07, 0xFF, 0xFD, 0x00, 0x02, 0xFF, 0xFF, 0x40, 0x3F, 0xFF, 0xE0, 0x00, 0x02, 0xFF, 0xFF,
    0x01, 0xFF, 0xFF, 0x00, 0x00, 0x03, 0xFF, 0xFC, 0x0B, 0xFF, 0xF4, 0x00, 0x00, 0x07, 0xFF, 0xF8,
    0x3F, 0xFF, 0xC0, 0x00, 0x00, 0x0F, 0xFF, 0xF0, 0xFF, 0xFF, 0x00, 0x00, 0x00, 0x3F, 0xFF, 0xC7,
    0xFF, 0xF8, 0x00, 0x00, 0x00, 0xBF, 0xFF, 0x1F, 0xFF, 0xD0, 0x00, 0x00, 0x01, 0xFF, 0xFD, 0xBF,
    0xFF, 0x40, 0x00, 0x00, 0x07, 0xFF, 0xF6, 0xFF, 0xFD, 0x00, 0x00, 0x00, 0x1F, 0xFF, 0xEB, 0xFF,
    0xF0, 0x00, 0x00, 0x00, 0x7F, 0xFF, 0xAF, 0xFF, 0xC0, 0x00, 0x00, 0x01, 0xFF, 0xFE, 0xBF, 0xFF,
    0x00, 0x00, 0x00, 0x07, 0xFF, 0xFA, 0xFF, 0xFD, 0x00, 0x00, 0x00, 0x1F, 0xFF, 0xE7, 0xFF, 0xF4,
    0x00, 0x00, 0x00, 0x7F, 0xFF, 0x5F, 0xFF, 0xD0, 0x00, 0x00, 0x02, 0xFF, 0xFD, 0x3F, 0xFF, 0x80,
    0x00, 0x00, 0x0B, 0xFF, 0xF0, 0xFF, 0xFF, 0x00, 0x00, 0x00, 0x3F, 0xFF, 0xC3, 0xFF, 0xFC, 0x00,
    0x00, 0x01, 0xFF, 0xFE, 0x07, 0xFF, 0xF8, 0x00, 0x00, 0x0B, 0xFF, 0xF4, 0x0F, 0xFF, 0xF0, 0x00,
    0x00, 0x3F, 0xFF, 0xC0, 0x2F, 0xFF, 0xF0, 0x00, 0x03, 0xFF, 0xFE, 0x00, 0x3F, 0xFF, 0xF4, 0x00,
    0x7F, 0xFF, 0xF0, 0x00, 0xBF, 0xFF, 0xFE, 0xAF, 0xFF, 0xFF, 0x80, 0x00, 0xFF, 0xFF, 0xFF, 0xFF,
    0xFF, 0xFC, 0x00, 0x00, 0xFF, 0xFF, 0xFF, 0xFF, 0xFF, 0xC0, 0x00, 0x00, 0xFF, 0xFF, 0xFF, 0xFF,
    0xFC, 0x00, 0x00, 0x00, 0xBF, 0xFF, 0xFF, 0xFF, 0x80, 0x00, 0x00, 0x00, 0x2F, 0xFF, 0xFF, 0xE0,
    0x00, 0x00, 0x00, 0x00, 0x06, 0xBF, 0xA4, 0x00, 0x00, 0x00, 0x00, 0x00, 0x06, 0xAA, 0x00, 0x00,
    0x03, 0xFF, 0xC0, 0x00, 0x00, 0xFF, 0xF0, 0x00, 0x00, 0x3F, 0xFC, 0x00, 0x00, 0x2F, 0xFF, 0x00,
    0x00, 0x0F, 0xFF, 0xC0, 0x00, 0x2F, 0xFF, 0xF0, 0xFF, 0xFF, 0xFF, 0xFC, 0x3F, 0xFF, 0xFF, 0xFF,
    0x0F, 0xFF, 0xFF, 0xFF, 0xC3, 0xFF, 0xFF, 0xFF, 0xF0, 0xFF, 0xFF, 0xFF, 0xFC, 0x2A, 0xAA, 0xFF,
    0xFF, 0x00, 0x00, 0x1F, 0xFF, 0xC0, 0x00, 0x07, 0xFF, 0xF0, 0x00, 0x01, 0xFF, 0xFC, 0x00, 0x00,
    0x7F, 0xFF, 0x00, 0x00, 0x1F, 0xFF, 0xC0, 0x00, 0x07, 0xFF, 0xF0, 0x00, 0x01, 0xFF, 0xFC, 0x00,
    0x00, 0x7F, 0xFF, 0x00, 0x00, 0x1F, 0xFF, 0xC0, 0x00, 0x07, 0xFF, 0xF0, 0x00, 0x01, 0xFF, 0xFC,
    0x00, 0x00, 0x7F, 0xFF, 0x00, 0x00, 0x1F, 0xFF, 0xC0, 0x00, 0x07, 0xFF, 0xF0, 0x00, 0x01, 0xFF,
    0xFC, 0x00, 0x00, 0x7F, 0xFF, 0x00, 0x00, 0x1F, 0xFF, 0xC0, 0x00, 0x07, 0xFF, 0xF0, 0x00, 0x01,
    0xFF, 0xFC, 0x00, 0x00, 0x7F, 0xFF, 0x00, 0x00, 0x1F, 0xFF, 0xC0, 0x00, 0x07, 0xFF, 0xF0, 0x00,
    0x01, 0xFF, 0xFC, 0x00, 0x00, 0x00, 0x05, 0x00, 0x00, 0x00, 0x00, 0x00, 0x2F, 0xFF, 0xFF, 0x40,
    0x00, 0x00, 0x02, 0xFF, 0xFF, 0xFF, 0xF8, 0x00, 0x00, 0x1F, 0xFF, 0xFF, 0xFF, 0xFF, 0x40, 0x00,
    0x7F, 0xFF, 0xFF, 0xFF, 0xFF, 0xD0, 0x01, 0xFF, 0xFF, 0xFF, 0xFF, 0xFF, 0xF0, 0x03, 0xFF, 0xFF,
    0xFF, 0xFF, 0xFF, 0xF8, 0x0B, 0xFF, 0xFF, 0x80, 0x6F, 0xFF, 0xFC, 0x0F, 0xFF, 0xFC, 0x00, 0x03,
    0xFF, 0xFD, 0x1F, 0xFF, 0xF0, 0x00, 0x01, 0xFF, 0xFE, 0x2F, 0xFF, 0xE0, 0x00, 0x00, 0xFF, 0xFF,
    0x3F, 0xFF, 0xC0, 0x00, 0x00, 0xFF, 0xFF, 0x3F, 0xFF, 0xC0, 0x00, 0x00, 0xFF, 0xFE, 0x00, 0x00,
    0x00, 0x00, 0x01, 0xFF, 0xFE, 0x00, 0x00, 0x00, 0x00, 0x03, 0xFF, 0xFD, 0x00, 0x00, 0x00, 0x00,
    0x1F, 0xFF, 0xFC, 0x00, 0x00, 0x00, 0x00, 0xBF, 0xFF, 0xF8, 0x00, 0x00, 0x00, 0x07, 0xFF, 0xFF,
    0xF0, 0x00, 0x00, 0x00, 0x7F, 0xFF, 0xFF, 0xC0, 0x00, 0x00, 0x03, 0xFF, 0xFF, 0xFF, 0x00, 0x00,
    0x00, 0x2F, 0xFF, 0xFF, 0xF8, 0x00, 0x00, 0x00, 0xFF, 0xFF, 0xFF, 0xD0, 0x00, 0x00, 0x07, 0xFF,
    0xFF, 0xFD, 0x00, 0x00, 0x00, 0x1F, 0xFF, 0xFF, 0xE0, 0x00, 0x00, 0x00, 0x3F, 0xFF, 0xFE, 0x00,
    0x00, 0x00, 0x00, 0xFF, 0xFF, 0xF4, 0x00, 0x00, 0x00, 0x02, 0xFF, 0xFF, 0xC0, 0x00, 0x00, 0x00,
    0x03, 0xFF, 0xFF, 0x00, 0x00, 0x00, 0x00, 0x0B, 0xFF, 0xFC, 0x00, 0x00, 0x00, 0x00, 0x0F, 0xFF,
    0xF4, 0x00, 0x00, 0x00, 0x00, 0x1F, 0xFF, 0xF5, 0x55, 0x55, 0x55, 0x55, 0x2F, 0xFF, 0xFF, 0xFF,
    0xFF, 0xFF, 0xFF, 0x2F, 0xFF, 0xFF, 0xFF, 0xFF, 0xFF, 0xFF, 0x3F, 0xFF, 0xFF, 0xFF, 0xFF, 0xFF,
    0xFF, 0x3F, 0xFF, 0xFF, 0xFF, 0xFF, 0xFF, 0xFF, 0x3F, 0xFF, 0xFF, 0xFF, 0xFF, 0xFF, 0xFF, 0x3F,
    0xFF, 0xFF, 0xFF, 0xFF, 0xFF, 0xFF, 0x00, 0x00, 0x00, 0x15, 0x00, 0x00, 0x00, 0x00, 0x00, 0x2F,
    0xFF, 0xFF, 0x90, 0x00, 0x00, 0x00, 0xBF, 0xFF, 0xFF, 0xFF, 0x40, 0x00, 0x01, 0xFF, 0xFF, 0xFF,
    0xFF, 0xFC, 0x00, 0x01, 0xFF, 0xFF, 0xFF, 0xFF, 0xFF, 0xC0, 0x01, 0xFF, 0xFF, 0xFF, 0xFF, 0xFF,
    0xF8, 0x00, 0xFF, 0xFF, 0xFF, 0xFF, 0xFF, 0xFF, 0x00, 0x7F, 0xFF, 0xF4, 0x01, 0xFF, 0xFF, 0xE0,
    0x3F, 0xFF, 0xE0, 0x00, 0x0B, 0xFF, 0xFC, 0x0F, 0xFF, 0xF0, 0x00, 0x00, 0xFF, 0xFF, 0x02, 0xBF,
    0xF8, 0x00, 0x00, 0x3F, 0xFF, 0xC0, 0x00, 0x00, 0x00, 0x00, 0x0B, 0xFF, 0xF0, 0x00, 0x00, 0x00,
    0x00, 0x03, 0xFF, 0xFC, 0x00, 0x00, 0x00, 0x00, 0x00, 0xFF, 0xFE, 0x00, 0x00, 0x00, 0x00, 0x00,
    0xFF, 0xFF, 0x00, 0x00, 0x00, 0x05, 0x56, 0xFF, 0xFF, 0x40, 0x00, 0x00, 0x03, 0xFF, 0xFF, 0xFF,
    0x40, 0x00, 0x00, 0x00, 0xFF, 0xFF, 0xFE, 0x00, 0x00, 0x00, 0x00, 0x3F, 0xFF, 0xFE, 0x40, 0x00,
    0x00, 0x00, 0x0F, 0xFF, 0xFF, 0xFD, 0x00, 0x00, 0x00, 0x03, 0xFF, 0xFF, 0xFF, 0xE0, 0x00, 0x00,
    0x00, 0x55, 0xAF, 0xFF, 0xFD, 0x00, 0x00, 0x00, 0x00, 0x00, 0xBF, 0xFF, 0xC0, 0x00, 0x00, 0x00,
    0x00, 0x07, 0xFF, 0xF8, 0x00, 0x00, 0x00, 0x00, 0x00, 0xFF, 0xFF, 0x00, 0x00, 0x00, 0x00, 0x00,
    0x2F, 0xFF, 0xC5, 0x6A, 0xA0, 0x00, 0x00, 0x0B, 0xFF, 0xF6, 0xFF, 0xFC, 0x00, 0x00, 0x02, 0xFF,
    0xFD, 0xBF, 0xFF, 0x80, 0x00, 0x00, 0xFF, 0xFF, 0x1F, 0xFF, 0xF0, 0x00, 0x00, 0xBF, 0xFF, 0xC3,
    0xFF, 0xFF, 0x40, 0x00, 0xBF, 0xFF, 0xE0, 0xBF, 0xFF, 0xFE, 0xAB, 0xFF, 0xFF, 0xF4, 0x0F, 0xFF,
    0xFF, 0xFF, 0xFF, 0xFF, 0xFC, 0x01, 0xFF, 0xFF, 0xFF, 0xFF, 0xFF, 0xFC, 0x00, 0x1F, 0xFF, 0xFF,
    0xFF, 0xFF, 0xFC, 0x00, 0x00, 0xFF, 0xFF, 0xFF, 0xFF, 0xF8, 0x00, 0x00, 0x06, 0xFF, 0xFF, 0xFF,
    0xE0, 0x00, 0x00, 0x00, 0x06, 0xAF, 0xE9, 0x00, 0x00, 0x00, 0x00, 0x00, 0x00, 0x00, 0x6A, 0xAA,
    0x80, 0x00, 0x00, 0x00, 0x00, 0x1F, 0xFF, 0xFD, 0x00, 0x00, 0x00, 0x00, 0x03, 0xFF, 0xFF, 0xD0,
    0x00, 0x00, 0x00, 0x00, 0xBF, 0xFF, 0xFD, 0x00, 0x00, 0x00, 0x00, 0x1F, 0xFF, 0xFF, 0xD0, 0x00,
    0x00, 0x00, 0x03, 0xFF, 0xFF, 0xFD, 0x00, 0x00, 0x00, 0x00, 0xFF, 0xFF, 0xFF, 0xD0, 0x00, 0x00,
    0x00, 0x2F, 0xFF, 0xFF, 0xFD, 0x00, 0x00, 0x00, 0x07, 0xFF, 0xFF, 0xFF, 0xD0, 0x00, 0x00, 0x00,
    0xFF, 0xFF, 0xFF, 0xFD, 0x00, 0x00, 0x00, 0x2F, 0xFF, 0xEF, 0xFF, 0xD0, 0x00, 0x00, 0x07, 0xFF,
    0xF8, 0xFF, 0xFD, 0x00, 0x00, 0x00, 0xFF, 0xFF, 0x0F, 0xFF, 0xD0, 0x00, 0x00, 0x3F, 0xFF, 0xC0,
    0xFF, 0xFD, 0x00, 0x00, 0x0B, 0xFF, 0xF4, 0x0F, 0xFF, 0xD0, 0x00, 0x01, 0xFF, 0xFE, 0x00, 0xFF,
    0xFD, 0x00, 0x00, 0x3F, 0xFF, 0xC0, 0x0F, 0xFF, 0xD0, 0x00, 0x0B, 0xFF, 0xF0, 0x00, 0xFF, 0xFD,
    0x00, 0x01, 0xFF, 0xFD, 0x00, 0x0F, 0xFF, 0xD0, 0x00, 0x3F, 0xFF, 0x80, 0x00, 0xFF, 0xFD, 0x00,
    0x0F, 0xFF, 0xF0, 0x00, 0x0F, 0xFF, 0xD0, 0x02, 0xFF, 0xFD, 0x00, 0x00, 0xFF, 0xFD, 0x00, 0x7F,
    0xFF, 0x80, 0x00, 0x1F, 0xFF, 0xE0, 0x0F, 0xFF, 0xFF, 0xFF, 0xFF, 0xFF, 0xFF, 0xFE, 0xFF, 0xFF,
    0xFF, 0xFF, 0xFF, 0xFF, 0xFF, 0xEF, 0xFF, 0xFF, 0xFF, 0xFF, 0xFF, 0xFF, 0xFE, 0xFF, 0xFF, 0xFF,
    0xFF, 0xFF, 0xFF, 0xFF, 0xEF, 0xFF, 0xFF, 0xFF, 0xFF, 0xFF, 0xFF, 0xFE, 0xFF, 0xFF, 0xFF, 0xFF,
    0xFF, 0xFF, 0xFF, 0xE1, 0x55, 0x55, 0x55, 0x55, 0xFF, 0xFE, 0x54, 0x00, 0x00, 0x00, 0x00, 0x0F,
    0xFF, 0xD0, 0x00, 0x00, 0x00, 0x00, 0x00, 0xFF, 0xFD, 0x00, 0x00, 0x00, 0x00, 0x00, 0x0F, 0xFF,
    0xD0, 0x00, 0x00, 0x00, 0x00, 0x00, 0xFF, 0xFD, 0x00, 0x00, 0x00, 0x00, 0x00, 0x0F, 0xFF, 0xD0,
    0x00, 0x00, 0x00, 0x00, 0x00, 0xFF, 0xFD, 0x00, 0x00, 0xAA, 0xAA, 0xAA, 0xAA, 0xAA, 0xA0, 0x00,
    0x7F, 0xFF, 0xFF, 0xFF, 0xFF, 0xFD, 0x00, 0x2F, 0xFF, 0xFF, 0xFF, 0xFF, 0xFF, 0x40, 0x0B, 0xFF,
    0xFF, 0xFF, 0xFF, 0xFF, 0xD0, 0x03, 0xFF, 0xFF, 0xFF, 0xFF, 0xFF, 0xF4, 0x00, 0xFF, 0xFF, 0xFF,
    0xFF, 0xFF, 0xFD, 0x00, 0x3F, 0xFF, 0xFF, 0xFF, 0xFF, 0xFF, 0x40, 0x0F, 0xFF, 0xC0, 0x00, 0x00,
    0x00, 0x00, 0x07, 0xFF, 0xF0, 0x00, 0x00, 0x00, 0x00, 0x01, 0xFF, 0xFC, 0x00, 0x00, 0x00, 0x00,
    0x00, 0xBF, 0xFE, 0x00, 0x00, 0x00, 0x00, 0x00, 0x2F, 0xFF, 0x80, 0x00, 0x00, 0x00, 0x00, 0x0F,
    0xFF, 0xD0, 0x1A, 0xA9, 0x00, 0x00, 0x03, 0xFF, 0xF4, 0xBF, 0xFF, 0xFD, 0x00, 0x00, 0xFF, 0xFD,
    0xFF, 0xFF, 0xFF, 0xF4, 0x00, 0x3F, 0xFF, 0xFF, 0xFF, 0xFF, 0xFF, 0x40, 0x0F, 0xFF, 0xFF, 0xFF,
    0xFF, 0xFF, 0xF4, 0x07, 0xFF, 0xFF, 0xFF, 0xFF, 0xFF, 0xFF, 0x01, 0xFF, 0xFF, 0xE0, 0x01, 0xFF,
    0xFF, 0xD0, 0xBF, 0xFF, 0xC0, 0x00, 0x0F, 0xFF, 0xFC, 0x2F, 0xFF, 0xC0, 0x00, 0x00, 0xFF, 0xFF,
    0x41, 0x55, 0x40, 0x00, 0x00, 0x2F, 0xFF, 0xD0, 0x00, 0x00, 0x00, 0x00, 0x03, 0xFF, 0xF8, 0x00,
    0x00, 0x00, 0x00, 0x00, 0xFF, 0xFE, 0x00, 0x00, 0x00, 0x00, 0x00, 0x3F, 0xFF, 0x80, 0x00, 0x00,
    0x00, 0x00, 0x0F, 0xFF, 0xE3, 0xFF, 0xF8, 0x00, 0x00, 0x07, 0xFF, 0xF8, 0xFF, 0xFF, 0x00, 0x00,
    0x03, 0xFF, 0xFD, 0x3F, 0xFF, 0xE0, 0x00, 0x02, 0xFF, 0xFF, 0x07, 0xFF, 0xFE, 0x00, 0x02, 0xFF,
    0xFF, 0x80, 0xFF, 0xFF, 0xFE, 0xAF, 0xFF, 0xFF, 0xC0, 0x2F, 0xFF, 0xFF, 0xFF, 0xFF, 0xFF, 0xE0,
    0x02, 0xFF, 0xFF, 0xFF, 0xFF, 0xFF, 0xF0, 0x00, 0x3F, 0xFF, 0xFF, 0xFF, 0xFF, 0xE0, 0x00, 0x02,
    0xFF, 0xFF, 0xFF, 0xFF, 0xD0, 0x00, 0x00, 0x0B, 0xFF, 0xFF, 0xFF, 0x80, 0x00, 0x00, 0x00, 0x06,
    0xBF, 0xA4, 0x00, 0x00, 0x00, 0x00, 0x00, 0x00, 0x01, 0x40, 0x00, 0x00, 0x00, 0x00, 0x01, 0xBF,
    0xFF, 0xE4, 0x00, 0x00, 0x00, 0x07, 0xFF, 0xFF, 0xFF, 0xC0, 0x00, 0x00, 0x0B, 0xFF, 0xFF, 0xFF,
    0xFD, 0x00, 0x00, 0x0F, 0xFF, 0xFF, 0xFF, 0xFF, 0xD0, 0x00, 0x0F, 0xFF, 0xFF, 0xFF, 0xFF, 0xFC,
    0x00, 0x0B, 0xFF, 0xFF, 0xFF, 0xFF, 0xFF, 0x80, 0x03, 0xFF, 0xFF, 0x40, 0x1F, 0xFF, 0xF0, 0x02,
    0xFF, 0xFE, 0x00, 0x00, 0xFF, 0xFE, 0x00, 0xFF, 0xFE, 0x00, 0x00, 0x1F, 0xFF, 0xC0, 0xBF, 0xFF,
    0x00, 0x00, 0x01, 0x54, 0x00, 0x3F, 0xFF, 0x80, 0x00, 0x00, 0x00, 0x00, 0x0F, 0xFF, 0xC0, 0x00,
    0x00, 0x00, 0x00, 0x07, 0xFF, 0xF0, 0x00, 0x50, 0x00, 0x00, 0x02, 0xFF, 0xF8, 0x1F, 0xFF, 0xF9,
    0x00, 0x00, 0xFF, 0xFD, 0x3F, 0xFF, 0xFF, 0xF4, 0x00, 0x3F, 0xFF, 0xBF, 0xFF, 0xFF, 0xFF, 0x40,
    0x0F, 0xFF, 0xFF, 0xFF, 0xFF, 0xFF, 0xF8, 0x03, 0xFF, 0xFF, 0xFF, 0xFF, 0xFF, 0xFF, 0x40, 0xFF,
    0xFF, 0xFD, 0x01, 0xBF, 0xFF, 0xF0, 0x3F, 0xFF, 0xF8, 0x00, 0x07, 0xFF, 0xFD, 0x0F, 0xFF, 0xF8,
    0x00, 0x00, 0x7F, 0xFF, 0x83, 0xFF, 0xFC, 0x00, 0x00, 0x0F, 0xFF, 0xF0, 0xFF, 0xFE, 0x00, 0x00,
    0x02, 0xFF, 0xFC, 0x3F, 0xFF, 0x80, 0x00, 0x00, 0x7F, 0xFF, 0x0F, 0xFF, 0xD0, 0x00, 0x00, 0x1F,
    0xFF, 0xC2, 0xFF, 0xF8, 0x00, 0x00, 0x07, 0xFF, 0xF0, 0xBF, 0xFE, 0x00, 0x00, 0x02, 0xFF, 0xFC,
    0x1F, 0xFF, 0xC0, 0x00, 0x00, 0xFF, 0xFF, 0x03, 0xFF, 0xF8, 0x00, 0x00, 0xBF, 0xFF, 0x80, 0xBF,
    0xFF, 0x80, 0x00, 0xBF, 0xFF, 0xD0, 0x0F, 0xFF, 0xFE, 0x56, 0xFF, 0xFF, 0xF0, 0x01, 0xFF, 0xFF,
    0xFF, 0xFF, 0xFF, 0xF0, 0x00, 0x2F, 0xFF, 0xFF, 0xFF, 0xFF, 0xF4, 0x00, 0x02, 0xFF, 0xFF, 0xFF,
    0xFF, 0xF4, 0x00, 0x00, 0x2F, 0xFF, 0xFF, 0xFF, 0xF4, 0x00, 0x00, 0x00, 0xBF, 0xFF, 0xFF, 0xD0,
    0x00, 0x00, 0x00, 0x01, 0xAF, 0xE9, 0x00, 0x00, 0x00, 0xAA, 0xAA, 0xAA, 0xAA, 0xAA, 0xAA, 0xA3,
    0xFF, 0xFF, 0xFF, 0xFF, 0xFF, 0xFF, 0xCF, 0xFF, 0xFF, 0xFF, 0xFF, 0xFF, 0xFF, 0x3F, 0xFF, 0xFF,
    0xFF, 0xFF, 0xFF, 0xFC, 0xFF, 0xFF, 0xFF, 0xFF, 0xFF, 0xFF, 0xF3, 0xFF, 0xFF, 0xFF, 0xFF, 0xFF,
    0xFF, 0xCF, 0xFF, 0xFF, 0xFF, 0xFF, 0xFF, 0xFF, 0x00, 0x00, 0x00, 0x00, 0x03, 0xFF, 0xF4, 0x00,
    0x00, 0x00, 0x00, 0x3F, 0xFF, 0x40, 0x00, 0x00, 0x00, 0x02, 0xFF, 0xF8, 0x00, 0x00, 0x00, 0x00,
    0x1F, 0xFF, 0xC0, 0x00, 0x00, 0x00, 0x00, 0xFF, 0xFD, 0x00, 0x00, 0x00, 0x00, 0x0B, 0xFF, 0xE0,
    0x00, 0x00, 0x00, 0x00, 0x7F, 0xFF, 0x00, 0x00, 0x00, 0x00, 0x03, 0xFF, 0xF4, 0x00, 0x00, 0x00,
    0x00, 0x1F, 0xFF, 0x80, 0x00, 0x00, 0x00, 0x00, 0xFF, 0xFC, 0x00, 0x00, 0x00, 0x00, 0x07, 0xFF,
    0xE0, 0x00, 0x00, 0x00, 0x00, 0x3F, 0xFF, 0x40, 0x00, 0x00, 0x00, 0x01, 0xFF, 0xFC, 0x00, 0x00,
    0x00, 0x00, 0x0F, 0xFF, 0xD0, 0x00, 0x00, 0x00, 0x00, 0x3F, 0xFF, 0x00, 0x00, 0x00, 0x00, 0x02,
    0xFF, 0xFC, 0x00, 0x00, 0x00, 0x00, 0x0F, 0xFF, 0xD0, 0x00, 0x00, 0x00, 0x00, 0x3F, 0xFF, 0x00,
    0x00, 0x00, 0x00, 0x01, 0xFF, 0xFC, 0x00, 0x00, 0x00, 0x00, 0x0B, 0xFF, 0xF0, 0x00, 0x00, 0x00,
    0x00, 0x3F, 0xFF, 0x80, 0x00, 0x00, 0x00, 0x00, 0xFF, 0xFD, 0x00, 0x00, 0x00, 0x00, 0x07, 0xFF,
    0xF4, 0x00, 0x00, 0x00, 0x00, 0x1F, 0xFF, 0xC0, 0x00, 0x00, 0x00, 0x00, 0xBF, 0xFF, 0x00, 0x00,
    0x00, 0x00, 0x02, 0xFF, 0xFC, 0x00, 0x00, 0x00, 0x00, 0x0B, 0xFF, 0xF0, 0x00, 0x00, 0x00, 0x00,
    0x3F, 0xFF, 0xC0, 0x00, 0x00, 0x00, 0x00, 0xFF, 0xFF, 0x00, 0x00, 0x00, 0x00, 0x00, 0x00, 0x05,
    0x40, 0x00, 0x00, 0x00, 0x00, 0x00, 0x6F, 0xFF, 0xFF, 0x80, 0x00, 0x00, 0x00, 0x2F, 0xFF, 0xFF,
    0xFF, 0xF0, 0x00, 0x00, 0x07, 0xFF, 0xFF, 0xFF, 0xFF, 0xF8, 0x00, 0x00, 0x7F, 0xFF, 0xFF, 0xFF,
    0xFF, 0xF8, 0x00, 0x03, 0xFF, 0xFF, 0xFF, 0xFF, 0xFF, 0xF4, 0x00, 0x2F, 0xFF, 0xFF, 0xFF, 0xFF,
    0xFF, 0xF0, 0x00, 0xFF, 0xFF, 0xE4, 0x02, 0xFF, 0xFF, 0xD0, 0x07, 0xFF, 0xFD, 0x00, 0x00, 0xFF,
    0xFF, 0x80, 0x1F, 0xFF, 0xE0, 0x00, 0x01, 0xFF, 0xFF, 0x00, 0x7F, 0xFF, 0x40, 0x00, 0x03, 0xFF,
    0xFC, 0x01, 0xFF, 0xFD, 0x00, 0x00, 0x0F, 0xFF, 0xF0, 0x07, 0xFF, 0xF4, 0x00, 0x00, 0x3F, 0xFF,
    0x80, 0x0F, 0xFF, 0xF0, 0x00, 0x01, 0xFF, 0xFD, 0x00, 0x1F, 0xFF, 0xE0, 0x00, 0x1F, 0xFF, 0xF0,
    0x00, 0x2F, 0xFF, 0xFE, 0xAB, 0xFF, 0xFF, 0x00, 0x00, 0x2F, 0xFF, 0xFF, 0xFF, 0xFF, 0xF0, 0x00,
    0x00, 0x0B, 0xFF, 0xFF, 0xFF, 0xFD, 0x00, 0x00, 0x00, 0x7F, 0xFF, 0xFF, 0xFF, 0xF8, 0x00, 0x00,
    0x1F, 0xFF, 0xFF, 0xFF, 0xFF, 0xFE, 0x00, 0x01, 0xFF, 0xFF, 0xFF, 0xFF, 0xFF, 0xFE, 0x00, 0x1F,
    0xFF, 0xF8, 0x00, 0x07, 0xFF, 0xFE, 0x00, 0xFF, 0xFF, 0x40, 0x00, 0x03, 0xFF, 0xFD, 0x07, 0xFF,
    0xF4, 0x00, 0x00, 0x03, 0xFF, 0xFC, 0x3F, 0xFF, 0xC0, 0x00, 0x00, 0x0B, 0xFF, 0xF0, 0xFF, 0xFE,
    0x00, 0x00, 0x00, 0x1F, 0xFF, 0xD3, 0xFF, 0xF8, 0x00, 0x00, 0x00, 0x7F, 0xFF, 0x8F, 0xFF, 0xF0,
    0x00, 0x00, 0x01, 0xFF, 0xFE, 0x3F, 0xFF, 0xC0, 0x00, 0x00, 0x0F, 0xFF, 0xF8, 0xFF, 0xFF, 0xC0,
    0x00, 0x00, 0xBF, 0xFF, 0xD2, 0xFF, 0xFF, 0xD0, 0x00, 0x1F, 0xFF, 0xFF, 0x07, 0xFF, 0xFF, 0xFE,
    0xAB, 0xFF, 0xFF, 0xF8, 0x0F, 0xFF, 0xFF, 0xFF, 0xFF, 0xFF, 0xFF, 0xC0, 0x0F, 0xFF, 0xFF, 0xFF,
    0xFF, 0xFF, 0xFD, 0x00, 0x0F, 0xFF, 0xFF, 0xFF, 0xFF, 0xFF, 0xD0, 0x00, 0x0B, 0xFF, 0xFF, 0xFF,
    0xFF, 0xFC, 0x00, 0x00, 0x02, 0xFF, 0xFF, 0xFF, 0xFE, 0x40, 0x00, 0x00, 0x00, 0x1A, 0xBF, 0xA9,
    0x00, 0x00, 0x00, 0x00, 0x00, 0x00, 0x14, 0x00, 0x00, 0x00, 0x00, 0x00, 0x1B, 0xFF, 0xFF, 0x80,
    0x00, 0x00, 0x00, 0x7F, 0xFF, 0xFF, 0xFE, 0x00, 0x00, 0x00, 0xBF, 0xFF, 0xFF, 0xFF, 0xF4, 0x00,
    0x00, 0xFF, 0xFF, 0xFF, 0xFF, 0xFF, 0x40, 0x00, 0xBF, 0xFF, 0xFF, 0xFF, 0xFF, 0xF0, 0x00, 0x7F,
    0xFF, 0xFF, 0xFF, 0xFF, 0xFF, 0x00, 0x3F, 0xFF, 0xF4, 0x00, 0xBF, 0xFF, 0xD0, 0x1F, 0xFF, 0xF0,
    0x00, 0x07, 0xFF, 0xFC, 0x0B, 0xFF, 0xF4, 0x00, 0x00, 0xBF, 0xFF, 0x03, 0xFF, 0xFC, 0x00, 0x00,
    0x0F, 0xFF, 0xE0, 0xFF, 0xFE, 0x00, 0x00, 0x03, 0xFF, 0xFC, 0x3F, 0xFF, 0x40, 0x00, 0x00, 0xBF,
    0xFF, 0x0F, 0xFF, 0xD0, 0x00, 0x00, 0x2F, 0xFF, 0xC3, 0xFF, 0xF4, 0x00, 0x00, 0x0B, 0xFF, 0xF4,
    0xFF, 0xFE, 0x00, 0x00, 0x03, 0xFF, 0xFD, 0x3F, 0xFF, 0xC0, 0x00, 0x00, 0xFF, 0xFF, 0x4B, 0xFF,
    0xF8, 0x00, 0x00, 0xBF, 0xFF, 0xD1, 0xFF, 0xFF, 0x40, 0x00, 0xBF, 0xFF, 0xF4, 0x3F, 0xFF, 0xF9,
    0x01, 0xFF, 0xFF, 0xFD, 0x07, 0xFF, 0xFF, 0xFF, 0xFF, 0xFF, 0xFF, 0x40, 0xBF, 0xFF, 0xFF, 0xFF,
    0xFF, 0xFF, 0xD0, 0x0B, 0xFF, 0xFF, 0xFF, 0xF7, 0xFF, 0xF0, 0x00, 0x7F, 0xFF, 0xFF, 0xF4, 0xFF,
    0xFC, 0x00, 0x01, 0xFF, 0xFF, 0xE0, 0x7F, 0xFF, 0x00, 0x00, 0x01, 0x55, 0x00, 0x2F, 0xFF, 0x80,
    0x00, 0x00, 0x00, 0x00, 0x0F, 0xFF, 0xE0, 0x00, 0x00, 0x00, 0x00, 0x03, 0xFF, 0xF0, 0x00, 0x15,
    0x40, 0x00, 0x02, 0xFF, 0xFC, 0x07, 0xFF, 0xF0, 0x00, 0x01, 0xFF, 0xFE, 0x00, 0xFF, 0xFF, 0x40,
    0x01, 0xFF, 0xFF, 0x00, 0x2F, 0xFF, 0xFE, 0x5B, 0xFF, 0xFF, 0x80, 0x03, 0xFF, 0xFF, 0xFF, 0xFF,
    0xFF, 0xC0, 0x00, 0x7F, 0xFF, 0xFF, 0xFF, 0xFF, 0xC0, 0x00, 0x07, 0xFF, 0xFF, 0xFF, 0xFF, 0xC0,
    0x00, 0x00, 0x7F, 0xFF, 0xFF, 0xFF, 0xC0, 0x00, 0x00, 0x02, 0xFF, 0xFF, 0xFF, 0x40, 0x00, 0x00,
    0x00, 0x06, 0xBF, 0xA4, 0x00, 0x00, 0x00, 0x2A, 0xAA, 0x9F, 0xFF, 0xF7, 0xFF, 0xFD, 0xFF, 0xFF,
    0x7F, 0xFF, 0xDF, 0xFF, 0xF7, 0xFF, 0xFD, 0xFF, 0xFF, 0x00, 0x00, 0x00, 0x00, 0x00, 0x00, 0x00,
    0x00, 0x00, 0x00, 0x00, 0x00, 0x00, 0x00, 0x00, 0x00, 0x00, 0x00, 0x00, 0x00, 0x00, 0x00, 0x02,
    0xAA, 0xA9, 0xFF, 0xFF, 0x7F, 0xFF, 0xDF, 0xFF, 0xF7, 0xFF, 0xFD, 0xFF, 0xFF, 0x7F, 0xFF, 0xDF,
    0xFF, 0xF0, 0x2A, 0xAA, 0x9F, 0xFF, 0xF7, 0xFF, 0xFD, 0xFF, 0xFF, 0x7F, 0xFF, 0xDF, 0xFF, 0xF7,
    0xFF, 0xFD, 0xFF, 0xFF, 0x00, 0x00, 0x00, 0x00, 0x00, 0x00, 0x00, 0x00, 0x00, 0x00, 0x00, 0x00,
    0x00, 0x00, 0x00, 0x00, 0x00, 0x00, 0x00, 0x00, 0x00, 0x00, 0x02, 0xAA, 0xA9, 0xFF, 0xFF, 0x7F,
    0xFF, 0xDF, 0xFF, 0xF7, 0xFF, 0xFD, 0xFF, 0xFF, 0x7F, 0xFF, 0xDF, 0xFF, 0xE0, 0x0F, 0xF4, 0x0B,
    0xFC, 0x03, 0xFE, 0x01, 0xFF, 0x00, 0xBF, 0x80, 0x3F, 0xD0, 0x1F, 0xF0, 0x0B, 0xF4, 0x00, 0x00,
    0x00, 0x00, 0x00, 0x00, 0x00, 0x00, 0x00, 0x00, 0x00, 0x00, 0x70, 0x00, 0x00, 0x00, 0x00, 0x2F,
    0xC0, 0x00, 0x00, 0x00, 0x1F, 0xFF, 0x00, 0x00, 0x00, 0x07, 0xFF, 0xFC, 0x00, 0x00, 0x02, 0xFF,
    0xFF, 0xF0, 0x00, 0x01, 0xFF, 0xFF, 0xFF, 0xC0, 0x00, 0xBF, 0xFF, 0xFF, 0xFE, 0x00, 0x6F, 0xFF,
    0xFF, 0xFF, 0x40, 0x1F, 0xFF, 0xFF, 0xFF, 0x90, 0x0B, 0xFF, 0xFF, 0xFF, 0xE0, 0x00, 0x3F, 0xFF,
    0xFF, 0xF4, 0x00, 0x00, 0xFF, 0xFF, 0xF8, 0x00, 0x00, 0x03, 0xFF, 0xFE, 0x00, 0x00, 0x00, 0x0F,
    0xFF, 0xC0, 0x00, 0x00, 0x00, 0x3F, 0xFF, 0xE4, 0x00, 0x00, 0x00, 0xFF, 0xFF, 0xFD, 0x00, 0x00,
    0x03, 0xFF, 0xFF, 0xFF, 0x80, 0x00, 0x07, 0xFF, 0xFF, 0xFF, 0xF4, 0x00, 0x00, 0xBF, 0xFF, 0xFF,
    0xFD, 0x00, 0x00, 0x1F, 0xFF, 0xFF, 0xFF, 0x80, 0x00, 0x07, 0xFF, 0xFF, 0xFF, 0xF0, 0x00, 0x00,
    0xBF, 0xFF, 0xFF, 0xC0, 0x00, 0x00, 0x1F, 0xFF, 0xFF, 0x00, 0x00, 0x00, 0x06, 0xFF, 0xFC, 0x00,
    0x00, 0x00, 0x00, 0xBF, 0xF0, 0x00, 0x00, 0x00, 0x00, 0x1F, 0xC0, 0x00, 0x00, 0x00, 0x00, 0x06,
    0x55, 0x55, 0x55, 0x55, 0x55, 0x55, 0xFF, 0xFF, 0xFF, 0xFF, 0xFF, 0xFE, 0xFF, 0xFF, 0xFF, 0xFF,
    0xFF, 0xFE, 0xFF, 0xFF, 0xFF, 0xFF, 0xFF, 0xFE, 0xFF, 0xFF, 0xFF, 0xFF, 0xFF, 0xFE, 0xFF, 0xFF,
    0xFF, 0xFF, 0xFF, 0xFE, 0xAA, 0xAA, 0xAA, 0xAA, 0xAA, 0xA9, 0x00, 0x00, 0x00, 0x00, 0x00, 0x00,
    0x00, 0x00, 0x00, 0x00, 0x00, 0x00, 0x00, 0x00, 0x00, 0x00, 0x00, 0x00, 0x00, 0x00, 0x00, 0x00,
    0x00, 0x00, 0x00, 0x00, 0x00, 0x00, 0x00, 0x00, 0xFF, 0xFF, 0xFF, 0xFF, 0xFF, 0xFE, 0xFF, 0xFF,
    0xFF, 0xFF, 0xFF, 0xFE, 0xFF, 0xFF, 0xFF, 0xFF, 0xFF, 0xFE, 0xFF, 0xFF, 0xFF, 0xFF, 0xFF, 0xFE,
    0xFF, 0xFF, 0xFF, 0xFF, 0xFF, 0xFE, 0xFF, 0xFF, 0xFF, 0xFF, 0xFF, 0xFE, 0x00, 0x00, 0x00, 0x00,
    0x00, 0x00, 0x00, 0x00, 0x00, 0x00, 0x00, 0x00, 0x60, 0x00, 0x00, 0x00, 0x00, 0x00, 0xBF, 0x40,
    0x00, 0x00, 0x00, 0x00, 0xBF, 0xF8, 0x00, 0x00, 0x00, 0x00, 0xBF, 0xFF, 0x90, 0x00, 0x00, 0x00,
    0xBF, 0xFF, 0xFD, 0x00, 0x00, 0x00, 0xBF, 0xFF, 0xFF, 0xE0, 0x00, 0x00, 0x7F, 0xFF, 0xFF, 0xFE,
    0x40, 0x00, 0x06, 0xFF, 0xFF, 0xFF, 0xF4, 0x00, 0x00, 0x2F, 0xFF, 0xFF, 0xFF, 0x80, 0x00, 0x01,
    0xFF, 0xFF, 0xFF, 0xFC, 0x00, 0x00, 0x0B, 0xFF, 0xFF, 0xFE, 0x00, 0x00, 0x00, 0x7F, 0xFF, 0xFE,
    0x00, 0x00, 0x00, 0x06, 0xFF, 0xFE, 0x00, 0x00, 0x00, 0x00, 0x7F, 0xFE, 0x00, 0x00, 0x00, 0x07,
    0xFF, 0xFE, 0x00, 0x00, 0x00, 0xBF, 0xFF, 0xFE, 0x00, 0x00, 0x1F, 0xFF, 0xFF, 0xFE, 0x00, 0x02,
    0xFF, 0xFF, 0xFF, 0xF8, 0x00, 0x6F, 0xFF, 0xFF, 0xFF, 0x40, 0x07, 0xFF, 0xFF, 0xFF, 0xE4, 0x00,
    0x7F, 0xFF, 0xFF, 0xFE, 0x00, 0x00, 0xBF, 0xFF, 0xFF, 0xD0, 0x00, 0x00, 0xBF, 0xFF, 0xF8, 0x00,
    0x00, 0x00, 0xBF, 0xFF, 0x80, 0x00, 0x00, 0x00, 0xBF, 0xF4, 0x00, 0x00, 0x00, 0x00, 0xBE, 0x00,
    0x00, 0x00, 0x00, 0x00, 0x50, 0x00, 0x00, 0x00, 0x00, 0x00, 0x00, 0x00, 0x00, 0x15, 0x00, 0x00,
    0x00, 0x00, 0x01, 0xBF, 0xFF, 0xF8, 0x00, 0x00, 0x00, 0x7F, 0xFF, 0xFF, 0xFF, 0x00, 0x00, 0x0B,
    0xFF, 0xFF, 0xFF, 0xFF, 0x40, 0x00, 0xFF, 0xFF, 0xFF, 0xFF, 0xFF, 0x40, 0x0B, 0xFF, 0xFF, 0xFF,
    0xFF, 0xFF, 0x00, 0x7F, 0xFF, 0xFF, 0xFF, 0xFF, 0xFE, 0x03, 0xFF, 0xFF, 0x80, 0x1F, 0xFF, 0xFC,
    0x1F, 0xFF, 0xF0, 0x00, 0x0F, 0xFF, 0xF4, 0xBF, 0xFF, 0x40, 0x00, 0x0F, 0xFF, 0xE3, 0xFF, 0xFC,
    0x00, 0x00, 0x3F, 0xFF, 0x8F, 0xFF, 0xF0, 0x00, 0x00, 0xFF, 0xFE, 0x00, 0x01, 0x00, 0x00, 0x03,
    0xFF, 0xF8, 0x00, 0x00, 0x00, 0x00, 0x2F, 0xFF, 0xE0, 0x00, 0x00, 0x00, 0x01, 0xFF, 0xFF, 0x00,
    0x00, 0x00, 0x00, 0x3F, 0xFF, 0xF8, 0x00, 0x00, 0x00, 0x0B, 0xFF, 0xFF, 0xC0, 0x00, 0x00, 0x01,
    0xFF, 0xFF, 0xFC, 0x00, 0x00, 0x00, 0x1F, 0xFF, 0xFF, 0x80, 0x00, 0x00, 0x00, 0xFF, 0xFF, 0xF4,
    0x00, 0x00, 0x00, 0x07, 0xFF, 0xFE, 0x00, 0x00, 0x00, 0x00, 0x2F, 0xFF, 0xE0, 0x00, 0x00, 0x00,
    0x00, 0xFF, 0xFF, 0x00, 0x00, 0x00, 0x00, 0x03, 0xFF, 0xF8, 0x00, 0x00, 0x00, 0x00, 0x0F, 0xFF,
    0xD0, 0x00, 0x00, 0x00, 0x00, 0x3F, 0xFF, 0x00, 0x00, 0x00, 0x00, 0x00, 0x00, 0x00, 0x00, 0x00,
    0x00, 0x00, 0x00, 0x00, 0x00, 0x00, 0x00, 0x00, 0x00, 0x00, 0x00, 0x00, 0x00, 0x00, 0x00, 0x00,
    0x6A, 0xAA, 0x40, 0x00, 0x00, 0x00, 0x02, 0xFF, 0xFE, 0x00, 0x00, 0x00, 0x00, 0x0B, 0xFF, 0xF8,
    0x00, 0x00, 0x00, 0x00, 0x2F, 0xFF, 0xE0, 0x00, 0x00, 0x00, 0x00, 0xBF, 0xFF, 0x80, 0x00, 0x00,
    0x00, 0x02, 0xFF, 0xFE, 0x00, 0x00, 0x00, 0x00, 0x0B, 0xFF, 0xF8, 0x00, 0x00, 0x00, 0x00, 0x2F,
    0xFF, 0xE0, 0x00, 0x00, 0x00, 0x00, 0x00, 0x00, 0x00, 0x55, 0x55, 0x00, 0x00, 0x00, 0x00, 0x00,
    0x00, 0x00, 0x01, 0xBF, 0xFF, 0xFF, 0xF9, 0x00, 0x00, 0x00, 0x00, 0x00, 0x00, 0x2F, 0xFF, 0xFF,
    0xFF, 0xFF, 0xE0, 0x00, 0x00, 0x00, 0x00, 0x02, 0xFF, 0xFF, 0xFF, 0xFF, 0xFF, 0xFE, 0x00, 0x00,
    0x00, 0x00, 0x1F, 0xFF, 0xFF, 0xFF, 0xFF, 0xFF, 0xFF, 0xD0, 0x00, 0x00, 0x00, 0xBF, 0xFF, 0xE4,
    0x00, 0x00, 0x6F, 0xFF, 0xF8, 0x00, 0x00, 0x03, 0xFF, 0xFD, 0x00, 0x00, 0x00, 0x00, 0xBF, 0xFE,
    0x00, 0x00, 0x0F, 0xFF, 0xD0, 0x00, 0x00, 0x00, 0x00, 0x0B, 0xFF, 0x40, 0x00, 0x3F, 0xFE, 0x00,
    0x00, 0x00, 0x00, 0x00, 0x02, 0xFF, 0xC0, 0x00, 0xBF, 0xF8, 0x00, 0x00, 0x00, 0x00, 0x00, 0x00,
    0xBF, 0xF0, 0x01, 0xFF, 0xE0, 0x00, 0x00, 0x00, 0x00, 0x00, 0x00, 0x3F, 0xF4, 0x03, 0xFF, 0x80,
    0x00, 0x2F, 0xFF, 0x42, 0xFF, 0xC0, 0x1F, 0xFC, 0x07, 0xFF, 0x00, 0x02, 0xFF, 0xFF, 0xF2, 0xFF,
    0xC0, 0x0F, 0xFC, 0x0F, 0xFD, 0x00, 0x0B, 0xFF, 0xFF, 0xFF, 0xFF, 0xC0, 0x07, 0xFD, 0x1F, 0xFC,
    0x00, 0x2F, 0xFF, 0xFF, 0xFF, 0xFF, 0xC0, 0x03, 0xFE, 0x2F, 0xF4, 0x00, 0x7F, 0xFF, 0xFF, 0xFF,
    0xFF, 0x80, 0x03, 0xFF, 0x3F, 0xF0, 0x00, 0xFF, 0xFE, 0x00, 0x7F, 0xFF, 0x80, 0x03, 0xFF, 0x3F,
    0xE0, 0x01, 0xFF, 0xF8, 0x00, 0x1F, 0xFF, 0x40, 0x03, 0xFF, 0x7F, 0xD0, 0x03, 0xFF, 0xF0, 0x00,
    0x0F, 0xFF, 0x40, 0x02, 0xFF, 0xBF, 0xC0, 0x03, 0xFF, 0xD0, 0x00, 0x0B, 0xFF, 0x40, 0x02, 0xFF,
    0xBF, 0xC0, 0x07, 0xFF, 0xC0, 0x00, 0x0B, 0xFF, 0x00, 0x03, 0xFF, 0xFF, 0xC0, 0x07, 0xFF, 0xC0,
    0x00, 0x0B, 0xFF, 0x00, 0x03, 0xFF, 0xFF, 0xC0, 0x07, 0xFF, 0xC0, 0x00, 0x0B, 0xFF, 0x00, 0x03,
    0xFE, 0xFF, 0xC0, 0x07, 0xFF, 0xC0, 0x00, 0x0F, 0xFF, 0x00, 0x07, 0xFD, 0xFF, 0xC0, 0x07, 0xFF,
    0xD0, 0x00, 0x1F, 0xFF, 0x00, 0x0B, 0xFC, 0xFF, 0xC0, 0x03, 0xFF, 0xE0, 0x00, 0x3F, 0xFF, 0x00,
    0x0F, 0xF8, 0xFF, 0xC0, 0x03, 0xFF, 0xF4, 0x00, 0xFF, 0xFF, 0x00, 0x3F, 0xF0, 0xBF, 0xD0, 0x02,
    0xFF, 0xFF, 0xAF, 0xFF, 0xFF, 0xD6, 0xFF, 0xE0, 0x7F, 0xE0, 0x00, 0xFF, 0xFF, 0xFF, 0xFF, 0xFF,
    0xFF, 0xFF, 0xC0, 0x3F, 0xF0, 0x00, 0x7F, 0xFF, 0xFF, 0xF0, 0xFF, 0xFF, 0xFF, 0x00, 0x3F, 0xF4,
    0x00, 0x1F, 0xFF, 0xFF, 0xC0, 0x7F, 0xFF, 0xF8, 0x00, 0x2F, 0xFC, 0x00, 0x02, 0xFF, 0xFD, 0x00,
    0x0B, 0xFF, 0x80, 0x00, 0x0F, 0xFE, 0x00, 0x00, 0x05, 0x40, 0x00, 0x00, 0x00, 0x00, 0x00, 0x0B,
    0xFF, 0x40, 0x00, 0x00, 0x00, 0x00, 0x00, 0x00, 0x00, 0x00, 0x03, 0xFF, 0xE0, 0x00, 0x00, 0x00,
    0x00, 0x00, 0x00, 0x00, 0x00, 0x01, 0xFF, 0xFC, 0x00, 0x00, 0x00, 0x00, 0x04, 0x00, 0x00, 0x00,
    0x00, 0x7F, 0xFF, 0x90, 0x00, 0x00, 0x01, 0xBC, 0x00, 0x00, 0x00, 0x00, 0x1F, 0xFF, 0xFF, 0x95,
    0x56, 0xBF, 0xFD, 0x00, 0x00, 0x00, 0x00, 0x03, 0xFF, 0xFF, 0xFF, 0xFF, 0xFF, 0xFE, 0x00, 0x00,
    0x00, 0x00, 0x00, 0xBF, 0xFF, 0xFF, 0xFF, 0xFF, 0xFF, 0x00, 0x00, 0x00, 0x00, 0x00, 0x07, 0xFF,
    0xFF, 0xFF, 0xFF, 0xE0, 0x00, 0x00, 0x00, 0x00, 0x00, 0x00, 0x1A, 0xFF, 0xFF, 0xA4, 0x00, 0x00,
    0x00, 0x00, 0x00, 0x00, 0x00, 0x00, 0x00, 0x00, 0x00, 0x00, 0x00, 0x00, 0x00, 0x00, 0x00, 0x00,
    0x0A, 0xAA, 0xA4, 0x00, 0x00, 0x00, 0x00, 0x00, 0x00, 0x2F, 0xFF, 0xFC, 0x00, 0x00, 0x00, 0x00,
    0x00, 0x00, 0x3F, 0xFF, 0xFD, 0x00, 0x00, 0x00, 0x00, 0x00, 0x00, 0x7F, 0xFF, 0xFF, 0x00, 0x00,
    0x00, 0x00, 0x00, 0x00, 0xBF, 0xFF, 0xFF, 0x00, 0x00, 0x00, 0x00, 0x00, 0x00, 0xFF, 0xFF, 0xFF,
    0x80, 0x00, 0x00, 0x00, 0x00, 0x01, 0xFF, 0xFF, 0xFF, 0xC0, 0x00, 0x00, 0x00, 0x00, 0x03, 0xFF,
    0xFF, 0xFF, 0xD0, 0x00, 0x00, 0x00, 0x00, 0x03, 0xFF, 0xFF, 0xFF, 0xE0, 0x00, 0x00, 0x00, 0x00,
    0x07, 0xFF, 0xF7, 0xFF, 0xF0, 0x00, 0x00, 0x00, 0x00, 0x0F, 0xFF, 0xE3, 0xFF, 0xF4, 0x00, 0x00,
    0x00, 0x00, 0x0F, 0xFF, 0xC2, 0xFF, 0xF8, 0x00, 0x00, 0x00, 0x00, 0x2F, 0xFF, 0xC1, 0xFF, 0xFC,
    0x00, 0x00, 0x00, 0x00, 0x3F, 0xFF, 0x80, 0xFF, 0xFD, 0x00, 0x00, 0x00, 0x00, 0x7F, 0xFF, 0x00,
    0xBF, 0xFF, 0x00, 0x00, 0x00, 0x00, 0xBF, 0xFF, 0x00, 0x7F, 0xFF, 0x00, 0x00, 0x00, 0x00, 0xFF,
    0xFE, 0x00, 0x3F, 0xFF, 0x80, 0x00, 0x00, 0x01, 0xFF, 0xFC, 0x00, 0x2F, 0xFF, 0xC0, 0x00, 0x00,
    0x02, 0xFF, 0xFC, 0x00, 0x1F, 0xFF, 0xC0, 0x00, 0x00, 0x03, 0xFF, 0xF4, 0x00, 0x0F, 0xFF, 0xE0,
    0x00, 0x00, 0x07, 0xFF, 0xF0, 0x00, 0x0B, 0xFF, 0xF0, 0x00, 0x00, 0x0F, 0xFF, 0xF0, 0x00, 0x07,
    0xFF, 0xF4, 0x00, 0x00, 0x0F, 0xFF, 0xFF, 0xFF, 0xFF, 0xFF, 0xF8, 0x00, 0x00, 0x2F, 0xFF, 0xFF,
    0xFF, 0xFF, 0xFF, 0xFC, 0x00, 0x00, 0x3F, 0xFF, 0xFF, 0xFF, 0xFF, 0xFF, 0xFD, 0x00, 0x00, 0x7F,
    0xFF, 0xFF, 0xFF, 0xFF, 0xFF, 0xFF, 0x00, 0x00, 0xBF, 0xFF, 0xFF, 0xFF, 0xFF, 0xFF, 0xFF, 0x00,
    0x00, 0xFF, 0xFF, 0xFF, 0xFF, 0xFF, 0xFF, 0xFF, 0x40, 0x01, 0xFF, 0xFE, 0x55, 0x55, 0x55, 0x7F,
    0xFF, 0xC0, 0x02, 0xFF, 0xFC, 0x00, 0x00, 0x00, 0x2F, 0xFF, 0xC0, 0x03, 0xFF, 0xF8, 0x00, 0x00,
    0x00, 0x0F, 0xFF, 0xE0, 0x07, 0xFF, 0xF4, 0x00, 0x00, 0x00, 0x0F, 0xFF, 0xF0, 0x0F, 0xFF, 0xF0,
    0x00, 0x00, 0x00, 0x0B, 0xFF, 0xF4, 0x0F, 0xFF, 0xE0, 0x00, 0x00, 0x00, 0x03, 0xFF, 0xF8, 0x2F,
    0xFF, 0xD0, 0x00, 0x00, 0x00, 0x03, 0xFF, 0xFC, 0x3F, 0xFF, 0xC0, 0x00, 0x00, 0x00, 0x02, 0xFF,
    0xFD, 0x2A, 0xAA, 0xAA, 0xA5, 0x50, 0x00, 0x00, 0x07, 0xFF, 0xFF, 0xFF, 0xFF, 0xFE, 0x00, 0x00,
    0x7F, 0xFF, 0xFF, 0xFF, 0xFF, 0xFF, 0x00, 0x07, 0xFF, 0xFF, 0xFF, 0xFF, 0xFF, 0xFD, 0x00, 0x7F,
    0xFF, 0xFF, 0xFF, 0xFF, 0xFF, 0xF4, 0x07, 0xFF, 0xFF, 0xFF, 0xFF, 0xFF, 0xFF, 0xC0, 0x7F, 0xFF,
    0xEA, 0xAB, 0xFF, 0xFF, 0xFD, 0x07, 0xFF, 0xF4, 0x00, 0x00, 0xBF, 0xFF, 0xF0, 0x7F, 0xFF, 0x40,
    0x00, 0x01, 0xFF, 0xFF, 0x07, 0xFF, 0xF4, 0x00, 0x00, 0x0F, 0xFF, 0xF0, 0x7F, 0xFF, 0x40, 0x00,
    0x00, 0xBF, 0xFF, 0x07, 0xFF, 0xF4, 0x00, 0x00, 0x0B, 0xFF, 0xF0, 0x7F, 0xFF, 0x40, 0x00, 0x00,
    0xFF, 0xFF, 0x07, 0xFF, 0xF4, 0x00, 0x00, 0x2F, 0xFF, 0xD0, 0x7F, 0xFF, 0x40, 0x00, 0x1F, 0xFF,
    0xFC, 0x07, 0xFF, 0xFF, 0xFF, 0xFF, 0xFF, 0xFF, 0x00, 0x7F, 0xFF, 0xFF, 0xFF, 0xFF, 0xFF, 0x80,
    0x07, 0xFF, 0xFF, 0xFF, 0xFF, 0xFF, 0x40, 0x00, 0x7F, 0xFF, 0xFF, 0xFF, 0xFF, 0xFF, 0x80, 0x07,
    0xFF, 0xFF, 0xFF, 0xFF, 0xFF, 0xFF, 0x40, 0x7F, 0xFF, 0xEA, 0xAA, 0xBF, 0xFF, 0xFE, 0x07, 0xFF,
    0xF4, 0x00, 0x00, 0x1F, 0xFF, 0xF4, 0x7F, 0xFF, 0x40, 0x00, 0x00, 0x3F, 0xFF, 0xC7, 0xFF, 0xF4,
    0x00, 0x00, 0x01, 0xFF, 0xFC, 0x7F, 0xFF, 0x40, 0x00, 0x00, 0x0F, 0xFF, 0xD7, 0xFF, 0xF4, 0x00,
    0x00, 0x00, 0xFF, 0xFE, 0x7F, 0xFF, 0x40, 0x00, 0x00, 0x0F, 0xFF, 0xE7, 0xFF, 0xF4, 0x00, 0x00,
    0x02, 0xFF, 0xFE, 0x7F, 0xFF, 0x40, 0x00, 0x00, 0xBF, 0xFF, 0xD7, 0xFF, 0xF4, 0x00, 0x01, 0xBF,
    0xFF, 0xFC, 0x7F, 0xFF, 0xFF, 0xFF, 0xFF, 0xFF, 0xFF, 0x87, 0xFF, 0xFF, 0xFF, 0xFF, 0xFF, 0xFF,
    0xF0, 0x7F, 0xFF, 0xFF, 0xFF, 0xFF, 0xFF, 0xFD, 0x07, 0xFF, 0xFF, 0xFF, 0xFF, 0xFF, 0xFF, 0x40,
    0x7F, 0xFF, 0xFF, 0xFF, 0xFF, 0xFF, 0x40, 0x07, 0xFF, 0xFF, 0xFF, 0xFF, 0xF9, 0x00, 0x00, 0x00,
    0x00, 0x00, 0x00, 0x50, 0x00, 0x00, 0x00, 0x00, 0x00, 0x00, 0xBF, 0xFF, 0xFE, 0x40, 0x00, 0x00,
    0x00, 0x07, 0xFF, 0xFF, 0xFF, 0xFD, 0x00, 0x00, 0x00, 0x0B, 0xFF, 0xFF, 0xFF, 0xFF, 0xF0, 0x00,
    0x00, 0x0F, 0xFF, 0xFF, 0xFF, 0xFF, 0xFF, 0x00, 0x00, 0x0F, 0xFF, 0xFF, 0xFF, 0xFF, 0xFF, 0xF0,
    0x00, 0x0F, 0xFF, 0xFF, 0xFF, 0xFF, 0xFF, 0xFF, 0x00, 0x0B, 0xFF, 0xFF, 0xD0, 0x07, 0xFF, 0xFF,
    0xD0, 0x07, 0xFF, 0xFF, 0x40, 0x00, 0x1F, 0xFF, 0xFC, 0x03, 0xFF, 0xFF, 0x00, 0x00, 0x01, 0xFF,
    0xFF, 0x41, 0xFF, 0xFF, 0x00, 0x00, 0x00, 0x2F, 0xFF, 0xF0, 0xBF, 0xFF, 0x80, 0x00, 0x00, 0x03,
    0xFF, 0xFC, 0x3F, 0xFF, 0xC0, 0x00, 0x00, 0x00, 0xBF, 0xFF, 0x5F, 0xFF, 0xF0, 0x00, 0x00, 0x00,
    0x1F, 0xFF, 0xE7, 0xFF, 0xF4, 0x00, 0x00, 0x00, 0x00, 0x00, 0x02, 0xFF, 0xFD, 0x00, 0x00, 0x00,
    0x00, 0x00, 0x00, 0xFF, 0xFF, 0x00, 0x00, 0x00, 0x00, 0x00, 0x00, 0x3F, 0xFF, 0xC0, 0x00, 0x00,
    0x00, 0x00, 0x00, 0x0F, 0xFF, 0xF0, 0x00, 0x00, 0x00, 0x00, 0x00, 0x03, 0xFF, 0xFC, 0x00, 0x00,
    0x00, 0x00, 0x00, 0x00, 0xFF, 0xFF, 0x00, 0x00, 0x00, 0x00, 0x00, 0x00, 0x3F, 0xFF, 0xC0, 0x00,
    0x00, 0x00, 0x00, 0x00, 0x0B, 0xFF, 0xF0, 0x00, 0x00, 0x00, 0x00, 0x00, 0x02, 0xFF, 0xFD, 0x00,
    0x00, 0x00, 0x00, 0x00, 0x00, 0x7F, 0xFF, 0x80, 0x00, 0x00, 0x00, 0x3F, 0xFF, 0x8F, 0xFF, 0xF0,
    0x00, 0x00, 0x00, 0x1F, 0xFF, 0xE3, 0xFF, 0xFD, 0x00, 0x00, 0x00, 0x0F, 0xFF, 0xF4, 0xBF, 0xFF,
    0xC0, 0x00, 0x00, 0x03, 0xFF, 0xFC, 0x0F, 0xFF, 0xF8, 0x00, 0x00, 0x03, 0xFF, 0xFE, 0x02, 0xFF,
    0xFF, 0x80, 0x00, 0x02, 0xFF, 0xFF, 0x00, 0x3F, 0xFF, 0xFD, 0x00, 0x07, 0xFF, 0xFF, 0x80, 0x07,
    0xFF, 0xFF, 0xFA, 0xAF, 0xFF, 0xFF, 0xC0, 0x00, 0xBF, 0xFF, 0xFF, 0xFF, 0xFF, 0xFF, 0xD0, 0x00,
    0x0B, 0xFF, 0xFF, 0xFF, 0xFF, 0xFF, 0xD0, 0x00, 0x00, 0x7F, 0xFF, 0xFF, 0xFF, 0xFF, 0xD0, 0x00,
    0x00, 0x03, 0xFF, 0xFF, 0xFF, 0xFF, 0x80, 0x00, 0x00, 0x00, 0x1B, 0xFF, 0xFF, 0xFE, 0x00, 0x00,
    0x00, 0x00, 0x00, 0x1A, 0xFE, 0x94, 0x00, 0x00, 0x00, 0x2A, 0xAA, 0xAA, 0x95, 0x40, 0x00, 0x00,
    0x01, 0xFF, 0xFF, 0xFF, 0xFF, 0xF9, 0x00, 0x00, 0x07, 0xFF, 0xFF, 0xFF, 0xFF, 0xFF, 0x80, 0x00,
    0x1F, 0xFF, 0xFF, 0xFF, 0xFF, 0xFF, 0xD0, 0x00, 0x7F, 0xFF, 0xFF, 0xFF, 0xFF, 0xFF, 0xE0, 0x01,
    0xFF, 0xFF, 0xFF, 0xFF, 0xFF, 0xFF, 0xE0, 0x07, 0xFF, 0xFF, 0xFF, 0xFF, 0xFF, 0xFF, 0xD0, 0x1F,
    0xFF, 0xD0, 0x00, 0x1B, 0xFF, 0xFF, 0xC0, 0x7F, 0xFF, 0x40, 0x00, 0x02, 0xFF, 0xFF, 0xC1, 0xFF,
    0xFD, 0x00, 0x00, 0x02, 0xFF, 0xFF, 0x07, 0xFF, 0xF4, 0x00, 0x00, 0x03, 0xFF, 0xFE, 0x1F, 0xFF,
    0xD0, 0x00, 0x00, 0x03, 0xFF, 0xFC, 0x7F, 0xFF, 0x40, 0x00, 0x00, 0x0F, 0xFF, 0xF5, 0xFF, 0xFD,
    0x00, 0x00, 0x00, 0x2F, 0xFF, 0xD7, 0xFF, 0xF4, 0x00, 0x00, 0x00, 0x7F, 0xFF, 0x9F, 0xFF, 0xD0,
    0x00, 0x00, 0x00, 0xFF, 0xFF, 0x7F, 0xFF, 0x40, 0x00, 0x00, 0x03, 0xFF, 0xFD, 0xFF, 0xFD, 0x00,
    0x00, 0x00, 0x0F, 0xFF, 0xF7, 0xFF, 0xF4, 0x00, 0x00, 0x00, 0x3F, 0xFF, 0xDF, 0xFF, 0xD0, 0x00,
    0x00, 0x00, 0xFF, 0xFF, 0x7F, 0xFF, 0x40, 0x00, 0x00, 0x03, 0xFF, 0xFD, 0xFF, 0xFD, 0x00, 0x00,
    0x00, 0x0F, 0xFF, 0xE7, 0xFF, 0xF4, 0x00, 0x00, 0x00, 0x7F, 0xFF, 0x9F, 0xFF, 0xD0, 0x00, 0x00,
    0x02, 0xFF, 0xFD, 0x7F, 0xFF, 0x40, 0x00, 0x00, 0x0F, 0xFF, 0xF1, 0xFF, 0xFD, 0x00, 0x00, 0x00,
    0xBF, 0xFF, 0xC7, 0xFF, 0xF4, 0x00, 0x00, 0x03, 0xFF, 0xFD, 0x1F, 0xFF, 0xD0, 0x00, 0x00, 0x3F,
    0xFF, 0xF0, 0x7F, 0xFF, 0x40, 0x00, 0x0B, 0xFF, 0xFF, 0x81, 0xFF, 0xFE, 0x55, 0x5B, 0xFF, 0xFF,
    0xFC, 0x07, 0xFF, 0xFF, 0xFF, 0xFF, 0xFF, 0xFF, 0xC0, 0x1F, 0xFF, 0xFF, 0xFF, 0xFF, 0xFF, 0xFD,
    0x00, 0x7F, 0xFF, 0xFF, 0xFF, 0xFF, 0xFF, 0xC0, 0x01, 0xFF, 0xFF, 0xFF, 0xFF, 0xFF, 0xF8, 0x00,
    0x07, 0xFF, 0xFF, 0xFF, 0xFF, 0xFE, 0x00, 0x00, 0x1F, 0xFF, 0xFF, 0xFF, 0xF9, 0x00, 0x00, 0x00,
    0x2A, 0xAA, 0xAA, 0xAA, 0xAA, 0xAA, 0x87, 0xFF, 0xFF, 0xFF, 0xFF, 0xFF, 0xFD, 0x7F, 0xFF, 0xFF,
    0xFF, 0xFF, 0xFF, 0xD7, 0xFF, 0xFF, 0xFF, 0xFF, 0xFF, 0xFD, 0x7F, 0xFF, 0xFF, 0xFF, 0xFF, 0xFF,
    0xD7, 0xFF, 0xFF, 0xFF, 0xFF, 0xFF, 0xFD, 0x7F, 0xFF, 0xFF, 0xFF, 0xFF, 0xFF, 0xD7, 0xFF, 0xF4,
    0x00, 0x00, 0x00, 0x00, 0x7F, 0xFF, 0x40, 0x00, 0x00, 0x00, 0x07, 0xFF, 0xF4, 0x00, 0x00, 0x00,
    0x00, 0x7F, 0xFF, 0x40, 0x00, 0x00, 0x00, 0x07, 0xFF, 0xF4, 0x00, 0x00, 0x00, 0x00, 0x7F, 0xFF,
    0x40, 0x00, 0x00, 0x00, 0x07, 0xFF, 0xF4, 0x00, 0x00, 0x00, 0x00, 0x7F, 0xFF, 0x40, 0x00, 0x00,
    0x00, 0x07, 0xFF, 0xFF, 0xFF, 0xFF, 0xFF, 0xFC, 0x7F, 0xFF, 0xFF, 0xFF, 0xFF, 0xFF, 0xC7, 0xFF,
    0xFF, 0xFF, 0xFF, 0xFF, 0xFC, 0x7F, 0xFF, 0xFF, 0xFF, 0xFF, 0xFF, 0xC7, 0xFF, 0xFF, 0xFF, 0xFF,
    0xFF, 0xFC, 0x7F, 0xFF, 0xFF, 0xFF, 0xFF, 0xFF, 0xC7, 0xFF, 0xF9, 0x55, 0x55, 0x55, 0x54, 0x7F,
    0xFF, 0x40, 0x00, 0x00, 0x00, 0x07, 0xFF, 0xF4, 0x00, 0x00, 0x00, 0x00, 0x7F, 0xFF, 0x40, 0x00,
    0x00, 0x00, 0x07, 0xFF, 0xF4, 0x00, 0x00, 0x00, 0x00, 0x7F, 0xFF, 0x40, 0x00, 0x00, 0x00, 0x07,
    0xFF, 0xF4, 0x00, 0x00, 0x00, 0x00, 0x7F, 0xFF, 0x40, 0x00, 0x00, 0x00, 0x07, 0xFF, 0xF9, 0x55,
    0x55, 0x55, 0x55, 0x7F, 0xFF, 0xFF, 0xFF, 0xFF, 0xFF, 0xF7, 0xFF, 0xFF, 0xFF, 0xFF, 0xFF, 0xFF,
    0x7F, 0xFF, 0xFF, 0xFF, 0xFF, 0xFF, 0xF7, 0xFF, 0xFF, 0xFF, 0xFF, 0xFF, 0xFF, 0x7F, 0xFF, 0xFF,
    0xFF, 0xFF, 0xFF, 0xF7, 0xFF, 0xFF, 0xFF, 0xFF, 0xFF, 0xFF, 0x2A, 0xAA, 0xAA, 0xAA, 0xAA, 0xAA,
    0x87, 0xFF, 0xFF, 0xFF, 0xFF, 0xFF, 0xFC, 0x7F, 0xFF, 0xFF, 0xFF, 0xFF, 0xFF, 0xC7, 0xFF, 0xFF,
    0xFF, 0xFF, 0xFF, 0xFC, 0x7F, 0xFF, 0xFF, 0xFF, 0xFF, 0xFF, 0xC7, 0xFF, 0xFF, 0xFF, 0xFF, 0xFF,
    0xFC, 0x7F, 0xFF, 0xFF, 0xFF, 0xFF, 0xFF, 0xC7, 0xFF, 0xF4, 0x00, 0x00, 0x00, 0x00, 0x7F, 0xFF,
    0x40, 0x00, 0x00, 0x00, 0x07, 0xFF, 0xF4, 0x00, 0x00, 0x00, 0x00, 0x7F, 0xFF, 0x40, 0x00, 0x00,
    0x00, 0x07, 0xFF, 0xF4, 0x00, 0x00, 0x00, 0x00, 0x7F, 0xFF, 0x40, 0x00, 0x00, 0x00, 0x07, 0xFF,
    0xF4, 0x00, 0x00, 0x00, 0x00, 0x7F, 0xFF, 0x40, 0x00, 0x00, 0x00, 0x07, 0xFF, 0xFA, 0xAA, 0xAA,
    0xAA, 0xA0, 0x7F, 0xFF, 0xFF, 0xFF, 0xFF, 0xFF, 0x47, 0xFF, 0xFF, 0xFF, 0xFF, 0xFF, 0xF4, 0x7F,
    0xFF, 0xFF, 0xFF, 0xFF, 0xFF, 0x47, 0xFF, 0xFF, 0xFF, 0xFF, 0xFF, 0xF4, 0x7F, 0xFF, 0xFF, 0xFF,
    0xFF, 0xFF, 0x47, 0xFF, 0xFF, 0xFF, 0xFF, 0xFF, 0xF0, 0x7F, 0xFF, 0x40, 0x00, 0x00, 0x00, 0x07,
    0xFF, 0xF4, 0x00, 0x00, 0x00, 0x00, 0x7F, 0xFF, 0x40, 0x00, 0x00, 0x00, 0x07, 0xFF, 0xF4, 0x00,
    0x00, 0x00, 0x00, 0x7F, 0xFF, 0x40, 0x00, 0x00, 0x00, 0x07, 0xFF, 0xF4, 0x00, 0x00, 0x00, 0x00,
    0x7F, 0xFF, 0x40, 0x00, 0x00, 0x00, 0x07, 0xFF, 0xF4, 0x00, 0x00, 0x00, 0x00, 0x7F, 0xFF, 0x40,
    0x00, 0x00, 0x00, 0x07, 0xFF, 0xF4, 0x00, 0x00, 0x00, 0x00, 0x7F, 0xFF, 0x40, 0x00, 0x00, 0x00,
    0x07, 0xFF, 0xF4, 0x00, 0x00, 0x00, 0x00, 0x7F, 0xFF, 0x40, 0x00, 0x00, 0x00, 0x07, 0xFF, 0xF4,
    0x00, 0x00, 0x00, 0x00, 0x00, 0x00, 0x00, 0x00, 0x50, 0x00, 0x00, 0x00, 0x00, 0x00, 0x00, 0xBF,
    0xFF, 0xFE, 0x40, 0x00, 0x00, 0x00, 0x03, 0xFF, 0xFF, 0xFF, 0xFD, 0x00, 0x00, 0x00, 0x0B, 0xFF,
    0xFF, 0xFF, 0xFF, 0xE0, 0x00, 0x00, 0x0F, 0xFF, 0xFF, 0xFF, 0xFF, 0xFF, 0x00, 0x00, 0x0F, 0xFF,
    0xFF, 0xFF, 0xFF, 0xFF, 0xF0, 0x00, 0x0F, 0xFF, 0xFF, 0xFF, 0xFF, 0xFF, 0xFF, 0x00, 0x0B, 0xFF,
    0xFF, 0xD0, 0x06, 0xFF, 0xFF, 0xD0, 0x03, 0xFF, 0xFF, 0x40, 0x00, 0x0F, 0xFF, 0xFC, 0x03, 0xFF,
    0xFF, 0x00, 0x00, 0x00, 0xFF, 0xFF, 0x40, 0xFF, 0xFF, 0x40, 0x00, 0x00, 0x1F, 0xFF, 0xE0, 0xBF,
    0xFF, 0x80, 0x00, 0x00, 0x03, 0xFF, 0xFC, 0x3F, 0xFF, 0xC0, 0x00, 0x00, 0x00, 0xBF, 0xFF, 0x4F,
    0xFF, 0xF0, 0x00, 0x00, 0x00, 0x05, 0x54, 0x07, 0xFF, 0xF8, 0x00, 0x00, 0x00, 0x00, 0x00, 0x02,
    0xFF, 0xFD, 0x00, 0x00, 0x00, 0x00, 0x00, 0x00, 0xFF, 0xFF, 0x00, 0x00, 0x00, 0x00, 0x00, 0x00,
    0x3F, 0xFF, 0xC0, 0x00, 0x00, 0x00, 0x00, 0x00, 0x0F, 0xFF, 0xF0, 0x00, 0x01, 0x55, 0x55, 0x55,
    0x53, 0xFF, 0xFC, 0x00, 0x00, 0xFF, 0xFF, 0xFF, 0xFE, 0xFF, 0xFF, 0x00, 0x00, 0x3F, 0xFF, 0xFF,
    0xFF, 0xBF, 0xFF, 0xC0, 0x00, 0x0F, 0xFF, 0xFF, 0xFF, 0xEB, 0xFF, 0xF0, 0x00, 0x03, 0xFF, 0xFF,
    0xFF, 0xFA, 0xFF, 0xFD, 0x00, 0x00, 0xFF, 0xFF, 0xFF, 0xFE, 0x7F, 0xFF, 0x80, 0x00, 0x00, 0x00,
    0x3F, 0xFF, 0x8F, 0xFF, 0xF0, 0x00, 0x00, 0x00, 0x0F, 0xFF, 0xE3, 0xFF, 0xFD, 0x00, 0x00, 0x00,
    0x07, 0xFF, 0xF8, 0xBF, 0xFF, 0xC0, 0x00, 0x00, 0x03, 0xFF, 0xFE, 0x0F, 0xFF, 0xF8, 0x00, 0x00,
    0x02, 0xFF, 0xFF, 0x82, 0xFF, 0xFF, 0x80, 0x00, 0x01, 0xFF, 0xFF, 0xE0, 0x3F, 0xFF, 0xFD, 0x00,
    0x02, 0xFF, 0xFF, 0xF8, 0x07, 0xFF, 0xFF, 0xFA, 0xAF, 0xFF, 0xFF, 0xFE, 0x00, 0xBF, 0xFF, 0xFF,
    0xFF, 0xFF, 0xFE, 0xFF, 0x80, 0x0B, 0xFF, 0xFF, 0xFF, 0xFF, 0xFE, 0x7F, 0xE0, 0x00, 0xBF, 0xFF,
    0xFF, 0xFF, 0xFE, 0x1F, 0xF8, 0x00, 0x07, 0xFF, 0xFF, 0xFF, 0xFD, 0x03, 0xFE, 0x00, 0x00, 0x1F,
    0xFF, 0xFF, 0xF8, 0x00, 0xFF, 0x80, 0x00, 0x00, 0x1A, 0xFE, 0x90, 0x00, 0x00, 0x00, 0x2A, 0xAA,
    0x00, 0x00, 0x00, 0x0A, 0xAA, 0x87, 0xFF, 0xF4, 0x00, 0x00, 0x01, 0xFF, 0xFD, 0x7F, 0xFF, 0x40,
    0x00, 0x00, 0x1F, 0xFF, 0xD7, 0xFF, 0xF4, 0x00, 0x00, 0x01, 0xFF, 0xFD, 0x7F, 0xFF, 0x40, 0x00,
    0x00, 0x1F, 0xFF, 0xD7, 0xFF, 0xF4, 0x00, 0x00, 0x01, 0xFF, 0xFD, 0x7F, 0xFF, 0x40, 0x00, 0x00,
    0x1F, 0xFF, 0xD7, 0xFF, 0xF4, 0x00, 0x00, 0x01, 0xFF, 0xFD, 0x7F, 0xFF, 0x40, 0x00, 0x00, 0x1F,
    0xFF, 0xD7, 0xFF, 0xF4, 0x00, 0x00, 0x01, 0xFF, 0xFD, 0x7F, 0xFF, 0x40, 0x00, 0x00, 0x1F, 0xFF,
    0xD7, 0xFF, 0xF4, 0x00, 0x00, 0x01, 0xFF, 0xFD, 0x7F, 0xFF, 0x40, 0x00, 0x00, 0x1F, 0xFF, 0xD7,
    0xFF, 0xF4, 0x00, 0x00, 0x01, 0xFF, 0xFD, 0x7F, 0xFF, 0x40, 0x00, 0x00, 0x1F, 0xFF, 0xD7, 0xFF,
    0xFF, 0xFF, 0xFF, 0xFF, 0xFF, 0xFD, 0x7F, 0xFF, 0xFF, 0xFF, 0xFF, 0xFF, 0xFF, 0xD7, 0xFF, 0xFF,
    0xFF, 0xFF, 0xFF, 0xFF, 0xFD, 0x7F, 0xFF, 0xFF, 0xFF, 0xFF, 0xFF, 0xFF, 0xD7, 0xFF, 0xFF, 0xFF,
    0xFF, 0xFF, 0xFF, 0xFD, 0x7F, 0xFF, 0xFF, 0xFF, 0xFF, 0xFF, 0xFF, 0xD7, 0xFF, 0xF9, 0x55, 0x55,
    0x56, 0xFF, 0xFD, 0x7F, 0xFF, 0x40, 0x00, 0x00, 0x1F, 0xFF, 0xD7, 0xFF, 0xF4, 0x00, 0x00, 0x01,
    0xFF, 0xFD, 0x7F, 0xFF, 0x40, 0x00, 0x00, 0x1F, 0xFF, 0xD7, 0xFF, 0xF4, 0x00, 0x00, 0x01, 0xFF,
    0xFD, 0x7F, 0xFF, 0x40, 0x00, 0x00, 0x1F, 0xFF, 0xD7, 0xFF, 0xF4, 0x00, 0x00, 0x01, 0xFF, 0xFD,
    0x7F, 0xFF, 0x40, 0x00, 0x00, 0x1F, 0xFF, 0xD7, 0xFF, 0xF4, 0x00, 0x00, 0x01, 0xFF, 0xFD, 0x7F,
    0xFF, 0x40, 0x00, 0x00, 0x1F, 0xFF, 0xD7, 0xFF, 0xF4, 0x00, 0x00, 0x01, 0xFF, 0xFD, 0x7F, 0xFF,
    0x40, 0x00, 0x00, 0x1F, 0xFF, 0xD7, 0xFF, 0xF4, 0x00, 0x00, 0x01, 0xFF, 0xFD, 0x7F, 0xFF, 0x40,
    0x00, 0x00, 0x1F, 0xFF, 0xD7, 0xFF, 0xF4, 0x00, 0x00, 0x01, 0xFF, 0xFD, 0x2A, 0xAA, 0x1F, 0xFF,
    0xD7, 0xFF, 0xF5, 0xFF, 0xFD, 0x7F, 0xFF, 0x5F, 0xFF, 0xD7, 0xFF, 0xF5, 0xFF, 0xFD, 0x7F, 0xFF,
    0x5F, 0xFF, 0xD7, 0xFF, 0xF5, 0xFF, 0xFD, 0x7F, 0xFF, 0x5F, 0xFF, 0xD7, 0xFF, 0xF5, 0xFF, 0xFD,
    0x7F, 0xFF, 0x5F, 0xFF, 0xD7, 0xFF, 0xF5, 0xFF, 0xFD, 0x7F, 0xFF, 0x5F, 0xFF, 0xD7, 0xFF, 0xF5,
    0xFF, 0xFD, 0x7F, 0xFF, 0x5F, 0xFF, 0xD7, 0xFF, 0xF5, 0xFF, 0xFD, 0x7F, 0xFF, 0x5F, 0xFF, 0xD7,
    0xFF, 0xF5, 0xFF, 0xFD, 0x7F, 0xFF, 0x5F, 0xFF, 0xD7, 0xFF, 0xF5, 0xFF, 0xFD, 0x00, 0x00, 0x00,
    0x00, 0x02, 0xAA, 0xA0, 0x00, 0x00, 0x00, 0x00, 0x0F, 0xFF, 0xD0, 0x00, 0x00, 0x00, 0x00, 0x3F,
    0xFF, 0x40, 0x00, 0x00, 0x00, 0x00, 0xFF, 0xFD, 0x00, 0x00, 0x00, 0x00, 0x03, 0xFF, 0xF4, 0x00,
    0x00, 0x00, 0x00, 0x0F, 0xFF, 0xD0, 0x00, 0x00, 0x00, 0x00, 0x3F, 0xFF, 0x40, 0x00, 0x00, 0x00,
    0x00, 0xFF, 0xFD, 0x00, 0x00, 0x00, 0x00, 0x03, 0xFF, 0xF4, 0x00, 0x00, 0x00, 0x00, 0x0F, 0xFF,
    0xD0, 0x00, 0x00, 0x00, 0x00, 0x3F, 0xFF, 0x40, 0x00, 0x00, 0x00, 0x00, 0xFF, 0xFD, 0x00, 0x00,
    0x00, 0x00, 0x03, 0xFF, 0xF4, 0x00, 0x00, 0x00, 0x00, 0x0F, 0xFF, 0xD0, 0x00, 0x00, 0x00, 0x00,
    0x3F, 0xFF, 0x40, 0x00, 0x00, 0x00, 0x00, 0xFF, 0xFD, 0x00, 0x00, 0x00, 0x00, 0x03, 0xFF, 0xF4,
    0x00, 0x00, 0x00, 0x00, 0x0F, 0xFF, 0xD0, 0x00, 0x00, 0x00, 0x00, 0x3F, 0xFF, 0x40, 0x00, 0x00,
    0x00, 0x00, 0xFF, 0xFD, 0x00, 0x00, 0x00, 0x00, 0x03, 0xFF, 0xF4, 0x00, 0x00, 0x00, 0x00, 0x0F,
    0xFF, 0xD0, 0x00, 0x00, 0x00, 0x00, 0x3F, 0xFF, 0x5B, 0xFF, 0xC0, 0x00, 0x00, 0xFF, 0xFD, 0x7F,
    0xFF, 0x00, 0x00, 0x07, 0xFF, 0xF5, 0xFF, 0xFD, 0x00, 0x00, 0x1F, 0xFF, 0xD3, 0xFF, 0xF8, 0x00,
    0x00, 0xBF, 0xFF, 0x0F, 0xFF, 0xF0, 0x00, 0x03, 0xFF, 0xFC, 0x2F, 0xFF, 0xE0, 0x00, 0x2F, 0xFF,
    0xE0, 0x7F, 0xFF, 0xD0, 0x02, 0xFF, 0xFF, 0x00, 0xFF, 0xFF, 0xFA, 0xBF, 0xFF, 0xF8, 0x01, 0xFF,
    0xFF, 0xFF, 0xFF, 0xFF, 0xC0, 0x02, 0xFF, 0xFF, 0xFF, 0xFF, 0xFD, 0x00, 0x02, 0xFF, 0xFF, 0xFF,
    0xFF, 0xD0, 0x00, 0x01, 0xFF, 0xFF, 0xFF, 0xFD, 0x00, 0x00, 0x00, 0xBF, 0xFF, 0xFF, 0x80, 0x00,
    0x00, 0x00, 0x1A, 0xFE, 0x90, 0x00, 0x00, 0x2A, 0xAA, 0x00, 0x00, 0x00, 0x1A, 0xAA, 0x91, 0xFF,
    0xFD, 0x00, 0x00, 0x02, 0xFF, 0xFF, 0x07, 0xFF, 0xF4, 0x00, 0x00, 0x1F, 0xFF, 0xF4, 0x1F, 0xFF,
    0xD0, 0x00, 0x01, 0xFF, 0xFF, 0x80, 0x7F, 0xFF, 0x40, 0x00, 0x0F, 0xFF, 0xF8, 0x01, 0xFF, 0xFD,
    0x00, 0x00, 0xFF, 0xFF, 0xC0, 0x07, 0xFF, 0xF4, 0x00, 0x0F, 0xFF, 0xFC, 0x00, 0x1F, 0xFF, 0xD0,
    0x00, 0xBF, 0xFF, 0xC0, 0x00, 0x7F, 0xFF, 0x40, 0x07, 0xFF, 0xFD, 0x00, 0x01, 0xFF, 0xFD, 0x00,
    0x7F, 0xFF, 0xE0, 0x00, 0x07, 0xFF, 0xF4, 0x03, 0xFF, 0xFE, 0x00, 0x00, 0x1F, 0xFF, 0xD0, 0x3F,
    0xFF, 0xF0, 0x00, 0x00, 0x7F, 0xFF, 0x43, 0xFF, 0xFF, 0x00, 0x00, 0x01, 0xFF, 0xFD, 0x2F, 0xFF,
    0xF0, 0x00, 0x00, 0x07, 0xFF, 0xF5, 0xFF, 0xFF, 0x40, 0x00, 0x00, 0x1F, 0xFF, 0xEF, 0xFF, 0xF8,
    0x00, 0x00, 0x00, 0x7F, 0xFF, 0xFF, 0xFF, 0xD0, 0x00, 0x00, 0x01, 0xFF, 0xFF, 0xFF, 0xFF, 0xC0,
    0x00, 0x00, 0x07, 0xFF, 0xFF, 0xFF, 0xFF, 0x80, 0x00, 0x00, 0x1F, 0xFF, 0xFF, 0xFF, 0xFF, 0x40,
    0x00, 0x00, 0x7F, 0xFF, 0xFF, 0xFF, 0xFF, 0x00, 0x00, 0x01, 0xFF, 0xFF, 0xFF, 0xFF, 0xFE, 0x00,
    0x00, 0x07, 0xFF, 0xFF, 0xC3, 0xFF, 0xFD, 0x00, 0x00, 0x1F, 0xFF, 0xFC, 0x07, 0xFF, 0xFC, 0x00,
    0x00, 0x7F, 0xFF, 0xC0, 0x0B, 0xFF, 0xFC, 0x00, 0x01, 0xFF, 0xFD, 0x00, 0x0F, 0xFF, 0xF8, 0x00,
    0x07, 0xFF, 0xF4, 0x00, 0x1F, 0xFF, 0xF0, 0x00, 0x1F, 0xFF, 0xD0, 0x00, 0x2F, 0xFF, 0xF0, 0x00,
    0x7F, 0xFF, 0x40, 0x00, 0x3F, 0xFF, 0xE0, 0x01, 0xFF, 0xFD, 0x00, 0x00, 0x7F, 0xFF, 0xD0, 0x07,
    0xFF, 0xF4, 0x00, 0x00, 0xBF, 0xFF, 0xC0, 0x1F, 0xFF, 0xD0, 0x00, 0x00, 0xFF, 0xFF, 0x80, 0x7F,
    0xFF, 0x40, 0x00, 0x00, 0xFF, 0xFF, 0x41, 0xFF, 0xFD, 0x00, 0x00, 0x02, 0xFF, 0xFF, 0x07, 0xFF,
    0xF4, 0x00, 0x00, 0x03, 0xFF, 0xFF, 0x1F, 0xFF, 0xD0, 0x00, 0x00, 0x03, 0xFF, 0xFD, 0x2A, 0xAA,
    0x00, 0x00, 0x00, 0x00, 0x1F, 0xFF, 0xD0, 0x00, 0x00, 0x00, 0x07, 0xFF, 0xF4, 0x00, 0x00, 0x00,
    0x01, 0xFF, 0xFD, 0x00, 0x00, 0x00, 0x00, 0x7F, 0xFF, 0x40, 0x00, 0x00, 0x00, 0x1F, 0xFF, 0xD0,
    0x00, 0x00, 0x00, 0x07, 0xFF, 0xF4, 0x00, 0x00, 0x00, 0x01, 0xFF, 0xFD, 0x00, 0x00, 0x00, 0x00,
    0x7F, 0xFF, 0x40, 0x00, 0x00, 0x00, 0x1F, 0xFF, 0xD0, 0x00, 0x00, 0x00, 0x07, 0xFF, 0xF4, 0x00,
    0x00, 0x00, 0x01, 0xFF, 0xFD, 0x00, 0x00, 0x00, 0x00, 0x7F, 0xFF, 0x40, 0x00, 0x00, 0x00, 0x1F,
    0xFF, 0xD0, 0x00, 0x00, 0x00, 0x07, 0xFF, 0xF4, 0x00, 0x00, 0x00, 0x01, 0xFF, 0xFD, 0x00, 0x00,
    0x00, 0x00, 0x7F, 0xFF, 0x40, 0x00, 0x00, 0x00, 0x1F, 0xFF, 0xD0, 0x00, 0x00, 0x00, 0x07, 0xFF,
    0xF4, 0x00, 0x00, 0x00, 0x01, 0xFF, 0xFD, 0x00, 0x00, 0x00, 0x00, 0x7F, 0xFF, 0x40, 0x00, 0x00,
    0x00, 0x1F, 0xFF, 0xD0, 0x00, 0x00, 0x00, 0x07, 0xFF, 0xF4, 0x00, 0x00, 0x00, 0x01, 0xFF, 0xFD,
    0x00, 0x00, 0x00, 0x00, 0x7F, 0xFF, 0x40, 0x00, 0x00, 0x00, 0x1F, 0xFF, 0xD0, 0x00, 0x00, 0x00,
    0x07, 0xFF, 0xF4, 0x00, 0x00, 0x00, 0x01, 0xFF, 0xFD, 0x00, 0x00, 0x00, 0x00, 0x7F, 0xFF, 0x40,
    0x00, 0x00, 0x00, 0x1F, 0xFF, 0xE5, 0x55, 0x55, 0x55, 0x57, 0xFF, 0xFF, 0xFF, 0xFF, 0xFF, 0xF9,
    0xFF, 0xFF, 0xFF, 0xFF, 0xFF, 0xFE, 0x7F, 0xFF, 0xFF, 0xFF, 0xFF, 0xFF, 0x9F, 0xFF, 0xFF, 0xFF,
    0xFF, 0xFF, 0xE7, 0xFF, 0xFF, 0xFF, 0xFF, 0xFF, 0xF9, 0xFF, 0xFF, 0xFF, 0xFF, 0xFF, 0xFE, 0x2A,
    0xAA, 0xA4, 0x00, 0x00, 0x00, 0x00, 0x2A, 0xAA, 0xA8, 0x7F, 0xFF, 0xFC, 0x00, 0x00, 0x00, 0x00,
    0x7F, 0xFF, 0xFC, 0x7F, 0xFF, 0xFE, 0x00, 0x00, 0x00, 0x00, 0xFF, 0xFF, 0xFC, 0x7F, 0xFF, 0xFF,
    0x00, 0x00, 0x00, 0x00, 0xFF, 0xFF, 0xFC, 0x7F, 0xFF, 0xFF, 0x00, 0x00, 0x00, 0x01, 0xFF, 0xFF,
    0xFC, 0x7F, 0xFF, 0xFF, 0x80, 0x00, 0x00, 0x03, 0xFF, 0xFF, 0xFC, 0x7F, 0xFF, 0xFF, 0xC0, 0x00,
    0x00, 0x03, 0xFF, 0xFF, 0xFC, 0x7F, 0xFF, 0xFF, 0xD0, 0x00, 0x00, 0x0B, 0xFF, 0xFF, 0xFC, 0x7F,
    0xFF, 0xFF, 0xE0, 0x00, 0x00, 0x0F, 0xFF, 0xFF, 0xFC, 0x7F, 0xFF, 0xFF, 0xF0, 0x00, 0x00, 0x0F,
    0xFF, 0xFF, 0xFC, 0x7F, 0xFF, 0xFF, 0xF4, 0x00, 0x00, 0x2F, 0xFF, 0xFF, 0xFC, 0x7F, 0xFF, 0xFF,
    0xF8, 0x00, 0x00, 0x3F, 0xFF, 0xFF, 0xFC, 0x7F, 0xFF, 0xFF, 0xFC, 0x00, 0x00, 0x7F, 0xFF, 0xFF,
    0xFC, 0x7F, 0xFF, 0xFF, 0xFD, 0x00, 0x00, 0xBF, 0xFF, 0xFF, 0xFC, 0x7F, 0xFF, 0x7F, 0xFF, 0x00,
    0x00, 0xFF, 0xFE, 0xFF, 0xFC, 0x7F, 0xFF, 0x7F, 0xFF, 0x00, 0x01, 0xFF, 0xFA, 0xFF, 0xFC, 0x7F,
    0xFF, 0x5F, 0xFF, 0x40, 0x02, 0xFF, 0xF2, 0xFF, 0xFC, 0x7F, 0xFF, 0x4F, 0xFF, 0xC0, 0x03, 0xFF,
    0xF2, 0xFF, 0xFC, 0x7F, 0xFF, 0x4B, 0xFF, 0xC0, 0x07, 0xFF, 0xD2, 0xFF, 0xFC, 0x7F, 0xFF, 0x47,
    0xFF, 0xE0, 0x0B, 0xFF, 0xC2, 0xFF, 0xFC, 0x7F, 0xFF, 0x43, 0xFF, 0xF0, 0x0F, 0xFF, 0x82, 0xFF,
    0xFC, 0x7F, 0xFF, 0x42, 0xFF, 0xF0, 0x1F, 0xFF, 0x42, 0xFF, 0xFC, 0x7F, 0xFF, 0x41, 0xFF, 0xF8,
    0x3F, 0xFF, 0x02, 0xFF, 0xFC, 0x7F, 0xFF, 0x40, 0xFF, 0xFC, 0x3F, 0xFE, 0x02, 0xFF, 0xFC, 0x7F,
    0xFF, 0x40, 0xBF, 0xFD, 0x7F, 0xFD, 0x02, 0xFF, 0xFC, 0x7F, 0xFF, 0x40, 0x3F, 0xFE, 0xFF, 0xFC,
    0x02, 0xFF, 0xFC, 0x7F, 0xFF, 0x40, 0x3F, 0xFF, 0xFF, 0xF8, 0x02, 0xFF, 0xFC, 0x7F, 0xFF, 0x40,
    0x1F, 0xFF, 0xFF, 0xF0, 0x02, 0xFF, 0xFC, 0x7F, 0xFF, 0x40, 0x0F, 0xFF, 0xFF, 0xF0, 0x02, 0xFF,
    0xFC, 0x7F, 0xFF, 0x40, 0x0B, 0xFF, 0xFF, 0xD0, 0x02, 0xFF, 0xFC, 0x7F, 0xFF, 0x40, 0x07, 0xFF,
    0xFF, 0xC0, 0x02, 0xFF, 0xFC, 0x7F, 0xFF, 0x40, 0x03, 0xFF, 0xFF, 0x80, 0x02, 0xFF, 0xFC, 0x7F,
    0xFF, 0x40, 0x02, 0xFF, 0xFF, 0x40, 0x02, 0xFF, 0xFC, 0x7F, 0xFF, 0x40, 0x01, 0xFF, 0xFF, 0x00,
    0x02, 0xFF, 0xFC, 0x7F, 0xFF, 0x40, 0x00, 0xFF, 0xFE, 0x00, 0x02, 0xFF, 0xFC, 0x7F, 0xFF, 0x40,
    0x00, 0xBF, 0xFC, 0x00, 0x02, 0xFF, 0xFC, 0x2A, 0xAA, 0x80, 0x00, 0x00, 0x01, 0xAA, 0xA5, 0xFF,
    0xFF, 0x80, 0x00, 0x00, 0x0F, 0xFF, 0xF7, 0xFF, 0xFF, 0x00, 0x00, 0x00, 0x3F, 0xFF, 0xDF, 0xFF,
    0xFF, 0x00, 0x00, 0x00, 0xFF, 0xFF, 0x7F, 0xFF, 0xFD, 0x00, 0x00, 0x03, 0xFF, 0xFD, 0xFF, 0xFF,
    0xFC, 0x00, 0x00, 0x0F, 0xFF, 0xF7, 0xFF, 0xFF, 0xF8, 0x00, 0x00, 0x3F, 0xFF, 0xDF, 0xFF, 0xFF,
    0xF0, 0x00, 0x00, 0xFF, 0xFF, 0x7F, 0xFF, 0xFF, 0xE0, 0x00, 0x03, 0xFF, 0xFD, 0xFF, 0xFF, 0xFF,
    0xD0, 0x00, 0x0F, 0xFF, 0xF7, 0xFF, 0xFF, 0xFF, 0xC0, 0x00, 0x3F, 0xFF, 0xDF, 0xFF, 0xFF, 0xFF,
    0x40, 0x00, 0xFF, 0xFF, 0x7F, 0xFF, 0xFF, 0xFF, 0x00, 0x03, 0xFF, 0xFD, 0xFF, 0xFD, 0xFF, 0xFE,
    0x00, 0x0F, 0xFF, 0xF7, 0xFF, 0xF5, 0xFF, 0xFC, 0x00, 0x3F, 0xFF, 0xDF, 0xFF, 0xD3, 0xFF, 0xF8,
    0x00, 0xFF, 0xFF, 0x7F, 0xFF, 0x43, 0xFF, 0xF4, 0x03, 0xFF, 0xFD, 0xFF, 0xFD, 0x0B, 0xFF, 0xF0,
    0x0F, 0xFF, 0xF7, 0xFF, 0xF4, 0x0F, 0xFF, 0xD0, 0x3F, 0xFF, 0xDF, 0xFF, 0xD0, 0x1F, 0xFF, 0xC0,
    0xFF, 0xFF, 0x7F, 0xFF, 0x40, 0x3F, 0xFF, 0x83, 0xFF, 0xFD, 0xFF, 0xFD, 0x00, 0x7F, 0xFF, 0x0F,
    0xFF, 0xF7, 0xFF, 0xF4, 0x00, 0xBF, 0xFF, 0x3F, 0xFF, 0xDF, 0xFF, 0xD0, 0x00, 0xFF, 0xFD, 0xFF,
    0xFF, 0x7F, 0xFF, 0x40, 0x02, 0xFF, 0xFF, 0xFF, 0xFD, 0xFF, 0xFD, 0x00, 0x03, 0xFF, 0xFF, 0xFF,
    0xF7, 0xFF, 0xF4, 0x00, 0x07, 0xFF, 0xFF, 0xFF, 0xDF, 0xFF, 0xD0, 0x00, 0x0B, 0xFF, 0xFF, 0xFF,
    0x7F, 0xFF, 0x40, 0x00, 0x0F, 0xFF, 0xFF, 0xFD, 0xFF, 0xFD, 0x00, 0x00, 0x2F, 0xFF, 0xFF, 0xF7,
    0xFF, 0xF4, 0x00, 0x00, 0x3F, 0xFF, 0xFF, 0xDF, 0xFF, 0xD0, 0x00, 0x00, 0x7F, 0xFF, 0xFF, 0x7F,
    0xFF, 0x40, 0x00, 0x00, 0xFF, 0xFF, 0xFD, 0xFF, 0xFD, 0x00, 0x00, 0x00, 0xFF, 0xFF, 0xF7, 0xFF,
    0xF4, 0x00, 0x00, 0x02, 0xFF, 0xFF, 0xDF, 0xFF, 0xD0, 0x00, 0x00, 0x03, 0xFF, 0xFF, 0x00, 0x00,
    0x00, 0x00, 0x54, 0x00, 0x00, 0x00, 0x00, 0x00, 0x00, 0x06, 0xFF, 0xFF, 0xE4, 0x00, 0x00, 0x00,
    0x00, 0x02, 0xFF, 0xFF, 0xFF, 0xFE, 0x00, 0x00, 0x00, 0x00, 0xBF, 0xFF, 0xFF, 0xFF, 0xFF, 0x40,
    0x00, 0x00, 0x0F, 0xFF, 0xFF, 0xFF, 0xFF, 0xFF, 0x80, 0x00, 0x00, 0xFF, 0xFF, 0xFF, 0xFF, 0xFF,
    0xFF, 0xC0, 0x00, 0x0F, 0xFF, 0xFF, 0xFF, 0xFF, 0xFF, 0xFF, 0x80, 0x00, 0xBF, 0xFF, 0xFE, 0x40,
    0x6F, 0xFF, 0xFF, 0x40, 0x07, 0xFF, 0xFF, 0x40, 0x00, 0x0B, 0xFF, 0xFF, 0x00, 0x3F, 0xFF, 0xF0,
    0x00, 0x00, 0x07, 0xFF, 0xFE, 0x01, 0xFF, 0xFF, 0x40, 0x00, 0x00, 0x0B, 0xFF, 0xFC, 0x0B, 0xFF,
    0xF8, 0x00, 0x00, 0x00, 0x0F, 0xFF, 0xF4, 0x3F, 0xFF, 0xC0, 0x00, 0x00, 0x00, 0x1F, 0xFF, 0xF1,
    0xFF, 0xFF, 0x00, 0x00, 0x00, 0x00, 0x3F, 0xFF, 0xC7, 0xFF, 0xF8, 0x00, 0x00, 0x00, 0x00, 0xBF,
    0xFF, 0x6F, 0xFF, 0xD0, 0x00, 0x00, 0x00, 0x01, 0xFF, 0xFD, 0xFF, 0xFF, 0x00, 0x00, 0x00, 0x00,
    0x07, 0xFF, 0xFB, 0xFF, 0xFC, 0x00, 0x00, 0x00, 0x00, 0x0F, 0xFF, 0xEF, 0xFF, 0xF0, 0x00, 0x00,
    0x00, 0x00, 0x3F, 0xFF, 0xBF, 0xFF, 0xC0, 0x00, 0x00, 0x00, 0x00, 0xFF, 0xFE, 0xFF, 0xFF, 0x00,
    0x00, 0x00, 0x00, 0x03, 0xFF, 0xFB, 0xFF, 0xFC, 0x00, 0x00, 0x00, 0x00, 0x1F, 0xFF, 0xEB, 0xFF,
    0xF0, 0x00, 0x00, 0x00, 0x00, 0x7F, 0xFF, 0xAF, 0xFF, 0xD0, 0x00, 0x00, 0x00, 0x02, 0xFF, 0xFD,
    0x7F, 0xFF, 0x80, 0x00, 0x00, 0x00, 0x0F, 0xFF, 0xF0, 0xFF, 0xFF, 0x00, 0x00, 0x00, 0x00, 0x3F,
    0xFF, 0xC3, 0xFF, 0xFD, 0x00, 0x00, 0x00, 0x02, 0xFF, 0xFE, 0x0B, 0xFF, 0xFC, 0x00, 0x00, 0x00,
    0x0F, 0xFF, 0xF4, 0x0F, 0xFF, 0xF8, 0x00, 0x00, 0x00, 0xFF, 0xFF, 0xC0, 0x2F, 0xFF, 0xF8, 0x00,
    0x00, 0x0F, 0xFF, 0xFD, 0x00, 0x3F, 0xFF, 0xFD, 0x00, 0x01, 0xFF, 0xFF, 0xF0, 0x00, 0x7F, 0xFF,
    0xFF, 0xEA, 0xFF, 0xFF, 0xFF, 0x00, 0x00, 0xBF, 0xFF, 0xFF, 0xFF, 0xFF, 0xFF, 0xF4, 0x00, 0x00,
    0xBF, 0xFF, 0xFF, 0xFF, 0xFF, 0xFF, 0x40, 0x00, 0x00, 0x7F, 0xFF, 0xFF, 0xFF, 0xFF, 0xF4, 0x00,
    0x00, 0x00, 0x3F, 0xFF, 0xFF, 0xFF, 0xFE, 0x00, 0x00, 0x00, 0x00, 0x0B, 0xFF, 0xFF, 0xFF, 0x80,
    0x00, 0x00, 0x00, 0x00, 0x01, 0x6B, 0xFA, 0x40, 0x00, 0x00, 0x00, 0x2A, 0xAA, 0xAA, 0xA9, 0x50,
    0x00, 0x00, 0x1F, 0xFF, 0xFF, 0xFF, 0xFF, 0xE4, 0x00, 0x07, 0xFF, 0xFF, 0xFF, 0xFF, 0xFF, 0xD0,
    0x01, 0xFF, 0xFF, 0xFF, 0xFF, 0xFF, 0xFE, 0x00, 0x7F, 0xFF, 0xFF, 0xFF, 0xFF, 0xFF, 0xF0, 0x1F,
    0xFF, 0xFF, 0xFF, 0xFF, 0xFF, 0xFE, 0x07, 0xFF, 0xFF, 0xFF, 0xFF, 0xFF, 0xFF, 0xC1, 0xFF, 0xFD,
    0x00, 0x00, 0x7F, 0xFF, 0xF8, 0x7F, 0xFF, 0x40, 0x00, 0x02, 0xFF, 0xFF, 0x1F, 0xFF, 0xD0, 0x00,
    0x00, 0x3F, 0xFF, 0xD7, 0xFF, 0xF4, 0x00, 0x00, 0x07, 0xFF, 0xF5, 0xFF, 0xFD, 0x00, 0x00, 0x01,
    0xFF, 0xFE, 0x7F, 0xFF, 0x40, 0x00, 0x00, 0x7F, 0xFF, 0x9F, 0xFF, 0xD0, 0x00, 0x00, 0x1F, 0xFF,
    0xD7, 0xFF, 0xF4, 0x00, 0x00, 0x0B, 0xFF, 0xF5, 0xFF, 0xFD, 0x00, 0x00, 0x07, 0xFF, 0xFC, 0x7F,
    0xFF, 0x40, 0x00, 0x0B, 0xFF, 0xFF, 0x1F, 0xFF, 0xFA, 0xAA, 0xBF, 0xFF, 0xFF, 0x47, 0xFF, 0xFF,
    0xFF, 0xFF, 0xFF, 0xFF, 0xC1, 0xFF, 0xFF, 0xFF, 0xFF, 0xFF, 0xFF, 0xC0, 0x7F, 0xFF, 0xFF, 0xFF,
    0xFF, 0xFF, 0xC0, 0x1F, 0xFF, 0xFF, 0xFF, 0xFF, 0xFF, 0x80, 0x07, 0xFF, 0xFF, 0xFF, 0xFF, 0xFE,
    0x00, 0x01, 0xFF, 0xFF, 0xFF, 0xFA, 0x94, 0x00, 0x00, 0x7F, 0xFF, 0x40, 0x00, 0x00, 0x00, 0x00,
    0x1F, 0xFF, 0xD0, 0x00, 0x00, 0x00, 0x00, 0x07, 0xFF, 0xF4, 0x00, 0x00, 0x00, 0x00, 0x01, 0xFF,
    0xFD, 0x00, 0x00, 0x00, 0x00, 0x00, 0x7F, 0xFF, 0x40, 0x00, 0x00, 0x00, 0x00, 0x1F, 0xFF, 0xD0,
    0x00, 0x00, 0x00, 0x00, 0x07, 0xFF, 0xF4, 0x00, 0x00, 0x00, 0x00, 0x01, 0xFF, 0xFD, 0x00, 0x00,
    0x00, 0x00, 0x00, 0x7F, 0xFF, 0x40, 0x00, 0x00, 0x00, 0x00, 0x1F, 0xFF, 0xD0, 0x00, 0x00, 0x00,
    0x00, 0x07, 0xFF, 0xF4, 0x00, 0x00, 0x00, 0x00, 0x01, 0xFF, 0xFD, 0x00, 0x00, 0x00, 0x00, 0x00,
    0x00, 0x00, 0x00, 0x00, 0x54, 0x00, 0x00, 0x00, 0x00, 0x00, 0x00, 0x07, 0xFF, 0xFF, 0xE4, 0x00,
    0x00, 0x00, 0x00, 0x02, 0xFF, 0xFF, 0xFF, 0xFD, 0x00, 0x00, 0x00, 0x00, 0xBF, 0xFF, 0xFF, 0xFF,
    0xFF, 0x40, 0x00, 0x00, 0x0F, 0xFF, 0xFF, 0xFF, 0xFF, 0xFF, 0x40, 0x00, 0x00, 0xFF, 0xFF, 0xFF,
    0xFF, 0xFF, 0xFF, 0x40, 0x00, 0x0F, 0xFF, 0xFF, 0xFF, 0xFF, 0xFF, 0xFF, 0x40, 0x00, 0xBF, 0xFF,
    0xFD, 0x00, 0x6F, 0xFF, 0xFF, 0x00, 0x03, 0xFF, 0xFF, 0x40, 0x00, 0x0F, 0xFF, 0xFE, 0x00, 0x3F,
    0xFF, 0xF4, 0x00, 0x00, 0x0B, 0xFF, 0xFD, 0x00, 0xFF, 0xFF, 0x40, 0x00, 0x00, 0x0F, 0xFF, 0xF8,
    0x0B, 0xFF, 0xF8, 0x00, 0x00, 0x00, 0x1F, 0xFF, 0xF0, 0x3F, 0xFF, 0xC0, 0x00, 0x00, 0x00, 0x3F,
    0xFF, 0xD0, 0xFF, 0xFF, 0x00, 0x00, 0x00, 0x00, 0x7F, 0xFF, 0x87, 0xFF, 0xF8, 0x00, 0x00, 0x00,
    0x00, 0xFF, 0xFF, 0x2F, 0xFF, 0xD0, 0x00, 0x00, 0x00, 0x03, 0xFF, 0xFC, 0xFF, 0xFF, 0x00, 0x00,
    0x00, 0x00, 0x0B, 0xFF, 0xF3, 0xFF, 0xFC, 0x00, 0x00, 0x00, 0x00, 0x2F, 0xFF, 0xDF, 0xFF, 0xF0,
    0x00, 0x00, 0x00, 0x00, 0xBF, 0xFF, 0x7F, 0xFF, 0xC0, 0x00, 0x00, 0x00, 0x02, 0xFF, 0xFD, 0xFF,
    0xFF, 0x00, 0x00, 0x00, 0x00, 0x0B, 0xFF, 0xF7, 0xFF, 0xFC, 0x00, 0x00, 0x00, 0x00, 0x2F, 0xFF,
    0xDB, 0xFF, 0xF0, 0x00, 0x00, 0x00, 0x00, 0xBF, 0xFF, 0x2F, 0xFF, 0xD0, 0x00, 0x00, 0x00, 0x03,
    0xFF, 0xFC, 0x7F, 0xFF, 0x80, 0x00, 0x00, 0x00, 0x0F, 0xFF, 0xF0, 0xFF, 0xFF, 0x00, 0x0F, 0xFF,
    0x00, 0xBF, 0xFF, 0x83, 0xFF, 0xFD, 0x00, 0x0F, 0xFF, 0x03, 0xFF, 0xFD, 0x07, 0xFF, 0xFC, 0x00,
    0x1F, 0xFE, 0x2F, 0xFF, 0xF0, 0x0F, 0xFF, 0xF8, 0x00, 0x2F, 0xFF, 0xFF, 0xFF, 0x40, 0x1F, 0xFF,
    0xF8, 0x00, 0x3F, 0xFF, 0xFF, 0xFC, 0x00, 0x3F, 0xFF, 0xFD, 0x00, 0x3F, 0xFF, 0xFF, 0xD0, 0x00,
    0x3F, 0xFF, 0xFF, 0xAA, 0xFF, 0xFF, 0xFE, 0x00, 0x00, 0x7F, 0xFF, 0xFF, 0xFF, 0xFF, 0xFF, 0xE0,
    0x00, 0x00, 0x7F, 0xFF, 0xFF, 0xFF, 0xFF, 0xFE, 0x00, 0x00, 0x00, 0x7F, 0xFF, 0xFF, 0xFF, 0xFF,
    0xF0, 0x00, 0x00, 0x00, 0x2F, 0xFF, 0xFF, 0xFF, 0xFF, 0xF0, 0x00, 0x00, 0x00, 0x0B, 0xFF, 0xFF,
    0xFF, 0xFF, 0xE0, 0x00, 0x00, 0x00, 0x00, 0x6B, 0xFA, 0x42, 0xFF, 0xE0, 0x00, 0x00, 0x00, 0x00,
    0x00, 0x00, 0x03, 0xFF, 0xD0, 0x00, 0x00, 0x00, 0x00, 0x00, 0x00, 0x03, 0xFF, 0xC0, 0x00, 0x00,
    0x00, 0x00, 0x00, 0x00, 0x00, 0x00, 0x00, 0x2A, 0xAA, 0xAA, 0xAA, 0x54, 0x00, 0x00, 0x07, 0xFF,
    0xFF, 0xFF, 0xFF, 0xFF, 0x40, 0x00, 0x7F, 0xFF, 0xFF, 0xFF, 0xFF, 0xFF, 0x40, 0x07, 0xFF, 0xFF,
    0xFF, 0xFF, 0xFF, 0xFE, 0x00, 0x7F, 0xFF, 0xFF, 0xFF, 0xFF, 0xFF, 0xF8, 0x07, 0xFF, 0xFF, 0xFF,
    0xFF, 0xFF, 0xFF, 0xD0, 0x7F, 0xFF, 0xFF, 0xFF, 0xFF, 0xFF, 0xFF, 0x07, 0xFF, 0xF4, 0x00, 0x00,
    0x7F, 0xFF, 0xF4, 0x7F, 0xFF, 0x40, 0x00, 0x00, 0xFF, 0xFF, 0x87, 0xFF, 0xF4, 0x00, 0x00, 0x07,
    0xFF, 0xFC, 0x7F, 0xFF, 0x40, 0x00, 0x00, 0x3F, 0xFF, 0xC7, 0xFF, 0xF4, 0x00, 0x00, 0x03, 0xFF,
    0xFC, 0x7F, 0xFF, 0x40, 0x00, 0x00, 0x3F, 0xFF, 0xC7, 0xFF, 0xF4, 0x00, 0x00, 0x03, 0xFF, 0xF8,
    0x7F, 0xFF, 0x40, 0x00, 0x00, 0xBF, 0xFF, 0x47, 0xFF, 0xF4, 0x00, 0x00, 0x2F, 0xFF, 0xF0, 0x7F,
    0xFF, 0x95, 0x55, 0x6F, 0xFF, 0xFD, 0x07, 0xFF, 0xFF, 0xFF, 0xFF, 0xFF, 0xFF, 0x40, 0x7F, 0xFF,
    0xFF, 0xFF, 0xFF, 0xFF, 0xD0, 0x07, 0xFF, 0xFF, 0xFF, 0xFF, 0xFF, 0xE0, 0x00, 0x7F, 0xFF, 0xFF,
    0xFF, 0xFF, 0xFF, 0xD0, 0x07, 0xFF, 0xFF, 0xFF, 0xFF, 0xFF, 0xFF, 0x80, 0x7F, 0xFF, 0xFF, 0xFF,
    0xFF, 0xFF, 0xFD, 0x07, 0xFF, 0xF4, 0x00, 0x00, 0x7F, 0xFF, 0xF0, 0x7F, 0xFF, 0x40, 0x00, 0x00,
    0xFF, 0xFF, 0x47, 0xFF, 0xF4, 0x00, 0x00, 0x07, 0xFF, 0xF4, 0x7F, 0xFF, 0x40, 0x00, 0x00, 0x3F,
    0xFF, 0x87, 0xFF, 0xF4, 0x00, 0x00, 0x03, 0xFF, 0xF8, 0x7F, 0xFF, 0x40, 0x00, 0x00, 0x3F, 0xFF,
    0x87, 0xFF, 0xF4, 0x00, 0x00, 0x03, 0xFF, 0xFC, 0x7F, 0xFF, 0x40, 0x00, 0x00, 0x3F, 0xFF, 0xC7,
    0xFF, 0xF4, 0x00, 0x00, 0x02, 0xFF, 0xFC, 0x7F, 0xFF, 0x40, 0x00, 0x00, 0x2F, 0xFF, 0xC7, 0xFF,
    0xF4, 0x00, 0x00, 0x02, 0xFF, 0xFC, 0x7F, 0xFF, 0x40, 0x00, 0x00, 0x2F, 0xFF, 0xC7, 0xFF, 0xF4,
    0x00, 0x00, 0x01, 0xFF, 0xFD, 0x00, 0x00, 0x00, 0x15, 0x00, 0x00, 0x00, 0x00, 0x00, 0x06, 0xFF,
    0xFF, 0xE4, 0x00, 0x00, 0x00, 0x07, 0xFF, 0xFF, 0xFF, 0xF8, 0x00, 0x00, 0x03, 0xFF, 0xFF, 0xFF,
    0xFF, 0xF0, 0x00, 0x00, 0xFF, 0xFF, 0xFF, 0xFF, 0xFF, 0xC0, 0x00, 0x3F, 0xFF, 0xFF, 0xFF, 0xFF,
    0xFF, 0x00, 0x0B, 0xFF, 0xFF, 0xFF, 0xFF, 0xFF, 0xFC, 0x00, 0xFF, 0xFF, 0xE0, 0x02, 0xFF, 0xFF,
    0xD0, 0x1F, 0xFF, 0xF0, 0x00, 0x03, 0xFF, 0xFF, 0x02, 0xFF, 0xFD, 0x00, 0x00, 0x0F, 0xFF, 0xF0,
    0x2F, 0xFF, 0xC0, 0x00, 0x00, 0x7F, 0xFF, 0x82, 0xFF, 0xFC, 0x00, 0x00, 0x03, 0xFF, 0xF8, 0x2F,
    0xFF, 0xC0, 0x00, 0x00, 0x3F, 0xFF, 0x82, 0xFF, 0xFF, 0x00, 0x00, 0x00, 0x00, 0x00, 0x1F, 0xFF,
    0xFD, 0x00, 0x00, 0x00, 0x00, 0x00, 0xFF, 0xFF, 0xFE, 0x40, 0x00, 0x00, 0x00, 0x07, 0xFF, 0xFF,
    0xFF, 0xE4, 0x00, 0x00, 0x00, 0x2F, 0xFF, 0xFF, 0xFF, 0xFE, 0x00, 0x00, 0x00, 0x7F, 0xFF, 0xFF,
    0xFF, 0xFE, 0x00, 0x00, 0x00, 0xBF, 0xFF, 0xFF, 0xFF, 0xFE, 0x00, 0x00, 0x00, 0x7F, 0xFF, 0xFF,
    0xFF, 0xFC, 0x00, 0x00, 0x00, 0x1B, 0xFF, 0xFF, 0xFF, 0xE0, 0x00, 0x00, 0x00, 0x01, 0xBF, 0xFF,
    0xFF, 0x40, 0x00, 0x00, 0x00, 0x00, 0x7F, 0xFF, 0xFC, 0x00, 0x00, 0x00, 0x00, 0x00, 0xBF, 0xFF,
    0xC6, 0xFF, 0xF4, 0x00, 0x00, 0x02, 0xFF, 0xFD, 0x7F, 0xFF, 0x80, 0x00, 0x00, 0x1F, 0xFF, 0xD3,
    0xFF, 0xFC, 0x00, 0x00, 0x00, 0xFF, 0xFD, 0x3F, 0xFF, 0xD0, 0x00, 0x00, 0x1F, 0xFF, 0xD2, 0xFF,
    0xFF, 0x40, 0x00, 0x03, 0xFF, 0xFC, 0x0F, 0xFF, 0xFE, 0x00, 0x00, 0xBF, 0xFF, 0xC0, 0xBF, 0xFF,
    0xFF, 0xAA, 0xFF, 0xFF, 0xF4, 0x03, 0xFF, 0xFF, 0xFF, 0xFF, 0xFF, 0xFF, 0x00, 0x0F, 0xFF, 0xFF,
    0xFF, 0xFF, 0xFF, 0xC0, 0x00, 0x3F, 0xFF, 0xFF, 0xFF, 0xFF, 0xF4, 0x00, 0x00, 0xBF, 0xFF, 0xFF,
    0xFF, 0xFC, 0x00, 0x00, 0x00, 0xBF, 0xFF, 0xFF, 0xF9, 0x00, 0x00, 0x00, 0x00, 0x1A, 0xFE, 0xA4,
    0x00, 0x00, 0x2A, 0xAA, 0xAA, 0xAA, 0xAA, 0xAA, 0xAA, 0x87, 0xFF, 0xFF, 0xFF, 0xFF, 0xFF, 0xFF,
    0xFD, 0x7F, 0xFF, 0xFF, 0xFF, 0xFF, 0xFF, 0xFF, 0xD7, 0xFF, 0xFF, 0xFF, 0xFF, 0xFF, 0xFF, 0xFD,
    0x7F, 0xFF, 0xFF, 0xFF, 0xFF, 0xFF, 0xFF, 0xD7, 0xFF, 0xFF, 0xFF, 0xFF, 0xFF, 0xFF, 0xFD, 0x7F,
    0xFF, 0xFF, 0xFF, 0xFF, 0xFF, 0xFF, 0xD0, 0x00, 0x00, 0x3F, 0xFF, 0xC0, 0x00, 0x00, 0x00, 0x00,
    0x03, 0xFF, 0xFC, 0x00, 0x00, 0x00, 0x00, 0x00, 0x3F, 0xFF, 0xC0, 0x00, 0x00, 0x00, 0x00, 0x03,
    0xFF, 0xFC, 0x00, 0x00, 0x00, 0x00, 0x00, 0x3F, 0xFF, 0xC0, 0x00, 0x00, 0x00, 0x00, 0x03, 0xFF,
    0xFC, 0x00, 0x00, 0x00, 0x00, 0x00, 0x3F, 0xFF, 0xC0, 0x00, 0x00, 0x00, 0x00, 0x03, 0xFF, 0xFC,
    0x00, 0x00, 0x00, 0x00, 0x00, 0x3F, 0xFF, 0xC0, 0x00, 0x00, 0x00, 0x00, 0x03, 0xFF, 0xFC, 0x00,
    0x00, 0x00, 0x00, 0x00, 0x3F, 0xFF, 0xC0, 0x00, 0x00, 0x00, 0x00, 0x03, 0xFF, 0xFC, 0x00, 0x00,
    0x00, 0x00, 0x00, 0x3F, 0xFF, 0xC0, 0x00, 0x00, 0x00, 0x00, 0x03, 0xFF, 0xFC, 0x00, 0x00, 0x00,
    0x00, 0x00, 0x3F, 0xFF, 0xC0, 0x00, 0x00, 0x00, 0x00, 0x03, 0xFF, 0xFC, 0x00, 0x00, 0x00, 0x00,
    0x00, 0x3F, 0xFF, 0xC0, 0x00, 0x00, 0x00, 0x00, 0x03, 0xFF, 0xFC, 0x00, 0x00, 0x00, 0x00, 0x00,
    0x3F, 0xFF, 0xC0, 0x00, 0x00, 0x00, 0x00, 0x03, 0xFF, 0xFC, 0x00, 0x00, 0x00, 0x00, 0x00, 0x3F,
    0xFF, 0xC0, 0x00, 0x00, 0x00, 0x00, 0x03, 0xFF, 0xFC, 0x00, 0x00, 0x00, 0x00, 0x00, 0x3F, 0xFF,
    0xC0, 0x00, 0x00, 0x00, 0x00, 0x03, 0xFF, 0xFC, 0x00, 0x00, 0x00, 0x00, 0x00, 0x3F, 0xFF, 0xC0,
    0x00, 0x00, 0x00, 0x00, 0x03, 0xFF, 0xFC, 0x00, 0x00, 0x00, 0x00, 0x00, 0x3F, 0xFF, 0xC0, 0x00,
    0x00, 0x00, 0x00, 0x03, 0xFF, 0xFC, 0x00, 0x00, 0x00, 0x00, 0x00, 0x3F, 0xFF, 0xC0, 0x00, 0x00,
    0x2A, 0xAA, 0x40, 0x00, 0x00, 0x02, 0xAA, 0xA0, 0xFF, 0xFE, 0x00, 0x00, 0x00, 0x1F, 0xFF, 0xC3,
    0xFF, 0xF8, 0x00, 0x00, 0x00, 0x7F, 0xFF, 0x0F, 0xFF, 0xE0, 0x00, 0x00, 0x01, 0xFF, 0xFC, 0x3F,
    0xFF, 0x80, 0x00, 0x00, 0x07, 0xFF, 0xF0, 0xFF, 0xFE, 0x00, 0x00, 0x00, 0x1F, 0xFF, 0xC3, 0xFF,
    0xF8, 0x00, 0x00, 0x00, 0x7F, 0xFF, 0x0F, 0xFF, 0xE0, 0x00, 0x00, 0x01, 0xFF, 0xFC, 0x3F, 0xFF,
    0x80, 0x00, 0x00, 0x07, 0xFF, 0xF0, 0xFF, 0xFE, 0x00, 0x00, 0x00, 0x1F, 0xFF, 0xC3, 0xFF, 0xF8,
    0x00, 0x00, 0x00, 0x7F, 0xFF, 0x0F, 0xFF, 0xE0, 0x00, 0x00, 0x01, 0xFF, 0xFC, 0x3F, 0xFF, 0x80,
    0x00, 0x00, 0x07, 0xFF, 0xF0, 0xFF, 0xFE, 0x00, 0x00, 0x00, 0x1F, 0xFF, 0xC3, 0xFF, 0xF8, 0x00,
    0x00, 0x00, 0x7F, 0xFF, 0x0F, 0xFF, 0xE0, 0x00, 0x00, 0x01, 0xFF, 0xFC, 0x3F, 0xFF, 0x80, 0x00,
    0x00, 0x07, 0xFF, 0xF0, 0xFF, 0xFE, 0x00, 0x00, 0x00, 0x1F, 0xFF, 0xC3, 0xFF, 0xF8, 0x00, 0x00,
    0x00, 0x7F, 0xFF, 0x0F, 0xFF, 0xE0, 0x00, 0x00, 0x01, 0xFF, 0xFC, 0x3F, 0xFF, 0x80, 0x00, 0x00,
    0x07, 0xFF, 0xF0, 0xFF, 0xFE, 0x00, 0x00, 0x00, 0x1F, 0xFF, 0xC3, 0xFF, 0xF8, 0x00, 0x00, 0x00,
    0x7F, 0xFF, 0x0F, 0xFF, 0xE0, 0x00, 0x00, 0x01, 0xFF, 0xFC, 0x3F, 0xFF, 0x80, 0x00, 0x00, 0x07,
    0xFF, 0xF0, 0xFF, 0xFF, 0x00, 0x00, 0x00, 0x2F, 0xFF, 0xC2, 0xFF, 0xFC, 0x00, 0x00, 0x00, 0xFF,
    0xFF, 0x07, 0xFF, 0xF8, 0x00, 0x00, 0x07, 0xFF, 0xF8, 0x0F, 0xFF, 0xF4, 0x00, 0x00, 0x3F, 0xFF,
    0xD0, 0x2F, 0xFF, 0xF8, 0x00, 0x07, 0xFF, 0xFF, 0x00, 0x3F, 0xFF, 0xFF, 0xAB, 0xFF, 0xFF, 0xF4,
    0x00, 0xBF, 0xFF, 0xFF, 0xFF, 0xFF, 0xFF, 0x80, 0x00, 0xBF, 0xFF, 0xFF, 0xFF, 0xFF, 0xFC, 0x00,
    0x00, 0xBF, 0xFF, 0xFF, 0xFF, 0xFF, 0xC0, 0x00, 0x00, 0x7F, 0xFF, 0xFF, 0xFF, 0xF4, 0x00, 0x00,
    0x00, 0x1F, 0xFF, 0xFF, 0xFE, 0x00, 0x00, 0x00, 0x00, 0x01, 0xAF, 0xE9, 0x00, 0x00, 0x00, 0x1A,
    0xAA, 0x40, 0x00, 0x00, 0x00, 0x00, 0xAA, 0xA8, 0x2F, 0xFF, 0xC0, 0x00, 0x00, 0x00, 0x02, 0xFF,
    0xFC, 0x1F, 0xFF, 0xD0, 0x00, 0x00, 0x00, 0x03, 0xFF, 0xFC, 0x0F, 0xFF, 0xF0, 0x00, 0x00, 0x00,
    0x07, 0xFF, 0xF4, 0x0B, 0xFF, 0xF0, 0x00, 0x00, 0x00, 0x0B, 0xFF, 0xF0, 0x03, 0xFF, 0xF8, 0x00,
    0x00, 0x00, 0x0F, 0xFF, 0xE0, 0x03, 0xFF, 0xFC, 0x00, 0x00, 0x00, 0x1F, 0xFF, 0xD0, 0x02, 0xFF,
    0xFD, 0x00, 0x00, 0x00, 0x3F, 0xFF, 0xC0, 0x00, 0xFF, 0xFE, 0x00, 0x00, 0x00, 0x3F, 0xFF, 0x80,
    0x00, 0xFF, 0xFF, 0x00, 0x00, 0x00, 0x7F, 0xFF, 0x40, 0x00, 0x7F, 0xFF, 0x40, 0x00, 0x00, 0xFF,
    0xFF, 0x00, 0x00, 0x3F, 0xFF, 0x80, 0x00, 0x00, 0xFF, 0xFE, 0x00, 0x00, 0x2F, 0xFF, 0xC0, 0x00,
    0x02, 0xFF, 0xFC, 0x00, 0x00, 0x1F, 0xFF, 0xD0, 0x00, 0x03, 0xFF, 0xFC, 0x00, 0x00, 0x0F, 0xFF,
    0xE0, 0x00, 0x03, 0xFF, 0xF4, 0x00, 0x00, 0x0B, 0xFF, 0xF0, 0x00, 0x0B, 0xFF, 0xF0, 0x00, 0x00,
    0x07, 0xFF, 0xF4, 0x00, 0x0F, 0xFF, 0xF0, 0x00, 0x00, 0x03, 0xFF, 0xFC, 0x00, 0x1F, 0xFF, 0xD0,
    0x00, 0x00, 0x02, 0xFF, 0xFC, 0x00, 0x2F, 0xFF, 0xC0, 0x00, 0x00, 0x00, 0xFF, 0xFD, 0x00, 0x3F,
    0xFF, 0x80, 0x00, 0x00, 0x00, 0xFF, 0xFF, 0x00, 0x7F, 0xFF, 0x40, 0x00, 0x00, 0x00, 0x7F, 0xFF,
    0x00, 0xBF, 0xFF, 0x00, 0x00, 0x00, 0x00, 0x3F, 0xFF, 0x80, 0xFF, 0xFE, 0x00, 0x00, 0x00, 0x00,
    0x3F, 0xFF, 0xC1, 0xFF, 0xFC, 0x00, 0x00, 0x00, 0x00, 0x1F, 0xFF, 0xC2, 0xFF, 0xFC, 0x00, 0x00,
    0x00, 0x00, 0x0F, 0xFF, 0xE3, 0xFF, 0xF8, 0x00, 0x00, 0x00, 0x00, 0x0B, 0xFF, 0xF7, 0xFF, 0xF0,
    0x00, 0x00, 0x00, 0x00, 0x07, 0xFF, 0xFF, 0xFF, 0xF0, 0x00, 0x00, 0x00, 0x00, 0x03, 0xFF, 0xFF,
    0xFF, 0xD0, 0x00, 0x00, 0x00, 0x00, 0x02, 0xFF, 0xFF, 0xFF, 0xC0, 0x00, 0x00, 0x00, 0x00, 0x00,
    0xFF, 0xFF, 0xFF, 0x80, 0x00, 0x00, 0x00, 0x00, 0x00, 0xFF, 0xFF, 0xFF, 0x40, 0x00, 0x00, 0x00,
    0x00, 0x00, 0xBF, 0xFF, 0xFF, 0x00, 0x00, 0x00, 0x00, 0x00, 0x00, 0x3F, 0xFF, 0xFE, 0x00, 0x00,
    0x00, 0x00, 0x00, 0x00, 0x3F, 0xFF, 0xFC, 0x00, 0x00, 0x00, 0x00, 0x00, 0x00, 0x1F, 0xFF, 0xFC,
    0x00, 0x00, 0x00, 0x2A, 0xAA, 0x40, 0x00, 0x00, 0x1A, 0xA9, 0x00, 0x00, 0x00, 0xAA, 0xA9, 0x3F,
    0xFF, 0xC0, 0x00, 0x00, 0x3F, 0xFF, 0x00, 0x00, 0x01, 0xFF, 0xFE, 0x2F, 0xFF, 0xD0, 0x00, 0x00,
    0x7F, 0xFF, 0x00, 0x00, 0x02, 0xFF, 0xFD, 0x1F, 0xFF, 0xE0, 0x00, 0x00, 0xBF, 0xFF, 0x40, 0x00,
    0x03, 0xFF, 0xFC, 0x0F, 0xFF, 0xF0, 0x00, 0x00, 0xFF, 0xFF, 0x80, 0x00, 0x03, 0xFF, 0xFC, 0x0F,
    0xFF, 0xF0, 0x00, 0x00, 0xFF, 0xFF, 0xC0, 0x00, 0x07, 0xFF, 0xF8, 0x0B, 0xFF, 0xF4, 0x00, 0x01,
    0xFF, 0xFF, 0xC0, 0x00, 0x0B, 0xFF, 0xF4, 0x07, 0xFF, 0xF8, 0x00, 0x02, 0xFF, 0xFF, 0xD0, 0x00,
    0x0B, 0xFF, 0xF0, 0x03, 0xFF, 0xFC, 0x00, 0x03, 0xFF, 0xFF, 0xE0, 0x00, 0x0F, 0xFF, 0xF0, 0x02,
    0xFF, 0xFC, 0x00, 0x03, 0xFF, 0xFF, 0xF0, 0x00, 0x0F, 0xFF, 0xD0, 0x01, 0xFF, 0xFC, 0x00, 0x07,
    0xFF, 0xFF, 0xF0, 0x00, 0x1F, 0xFF, 0xC0, 0x00, 0xFF, 0xFD, 0x00, 0x0B, 0xFF, 0xFF, 0xF4, 0x00,
    0x2F, 0xFF, 0xC0, 0x00, 0xFF, 0xFE, 0x00, 0x0F, 0xFF, 0xFF, 0xF8, 0x00, 0x3F, 0xFF, 0x80, 0x00,
    0xBF, 0xFF, 0x00, 0x0F, 0xFF, 0xFF, 0xFC, 0x00, 0x3F, 0xFF, 0x40, 0x00, 0x7F, 0xFF, 0x00, 0x1F,
    0xFF, 0x7F, 0xFC, 0x00, 0x7F, 0xFF, 0x00, 0x00, 0x3F, 0xFF, 0x40, 0x2F, 0xFF, 0x3F, 0xFD, 0x00,
    0xBF, 0xFF, 0x00, 0x00, 0x3F, 0xFF, 0x80, 0x3F, 0xFE, 0x3F, 0xFE, 0x00, 0xFF, 0xFE, 0x00, 0x00,
    0x2F, 0xFF, 0xC0, 0x3F, 0xFD, 0x2F, 0xFF, 0x00, 0xFF, 0xFD, 0x00, 0x00, 0x1F, 0xFF, 0xC0, 0x7F,
    0xFC, 0x1F, 0xFF, 0x01, 0xFF, 0xFC, 0x00, 0x00, 0x0F, 0xFF, 0xD0, 0xBF, 0xFC, 0x0F, 0xFF, 0x42,
    0xFF, 0xFC, 0x00, 0x00, 0x0B, 0xFF, 0xE0, 0xFF, 0xF8, 0x0F, 0xFF, 0x83, 0xFF, 0xF8, 0x00, 0x00,
    0x07, 0xFF, 0xF0, 0xFF, 0xF4, 0x0B, 0xFF, 0xC3, 0xFF, 0xF0, 0x00, 0x00, 0x03, 0xFF, 0xF1, 0xFF,
    0xF0, 0x07, 0xFF, 0xC7, 0xFF, 0xF0, 0x00, 0x00, 0x03, 0xFF, 0xF6, 0xFF, 0xE0, 0x03, 0xFF, 0xDB,
    0xFF, 0xE0, 0x00, 0x00, 0x02, 0xFF, 0xFB, 0xFF, 0xD0, 0x03, 0xFF, 0xEF, 0xFF, 0xD0, 0x00, 0x00,
    0x01, 0xFF, 0xFF, 0xFF, 0xC0, 0x02, 0xFF, 0xFF, 0xFF, 0xC0, 0x00, 0x00, 0x00, 0xFF, 0xFF, 0xFF,
    0xC0, 0x01, 0xFF, 0xFF, 0xFF, 0xC0, 0x00, 0x00, 0x00, 0xFF, 0xFF, 0xFF, 0x80, 0x00, 0xFF, 0xFF,
    0xFF, 0x80, 0x00, 0x00, 0x00, 0xBF, 0xFF, 0xFF, 0x40, 0x00, 0xFF, 0xFF, 0xFF, 0x40, 0x00, 0x00,
    0x00, 0x7F, 0xFF, 0xFF, 0x00, 0x00, 0xBF, 0xFF, 0xFF, 0x00, 0x00, 0x00, 0x00, 0x3F, 0xFF, 0xFF,
    0x00, 0x00, 0x7F, 0xFF, 0xFF, 0x00, 0x00, 0x00, 0x00, 0x3F, 0xFF, 0xFE, 0x00, 0x00, 0x3F, 0xFF,
    0xFE, 0x00, 0x00, 0x00, 0x00, 0x1F, 0xFF, 0xFD, 0x00, 0x00, 0x2F, 0xFF, 0xFD, 0x00, 0x00, 0x00,
    0x00, 0x0F, 0xFF, 0xFC, 0x00, 0x00, 0x1F, 0xFF, 0xFC, 0x00, 0x00, 0x00, 0x00, 0x0F, 0xFF, 0xFC,
    0x00, 0x00, 0x0F, 0xFF, 0xF8, 0x00, 0x00, 0x00, 0x00, 0x0B, 0xFF, 0xF8, 0x00, 0x00, 0x0F, 0xFF,
    0xF4, 0x00, 0x00, 0x2A, 0xAA, 0x90, 0x00, 0x00, 0x00, 0x2A, 0xAA, 0x82, 0xFF, 0xFF, 0x00, 0x00,
    0x00, 0x0F, 0xFF, 0xFC, 0x0F, 0xFF, 0xFC, 0x00, 0x00, 0x01, 0xFF, 0xFF, 0x40, 0x7F, 0xFF, 0xD0,
    0x00, 0x00, 0x3F, 0xFF, 0xE0, 0x02, 0xFF, 0xFF, 0x00, 0x00, 0x0B, 0xFF, 0xFC, 0x00, 0x0F, 0xFF,
    0xF8, 0x00, 0x01, 0xFF, 0xFF, 0x40, 0x00, 0x7F, 0xFF, 0xD0, 0x00, 0x3F, 0xFF, 0xE0, 0x00, 0x02,
    0xFF, 0xFF, 0x00, 0x0B, 0xFF, 0xFC, 0x00, 0x00, 0x0F, 0xFF, 0xF8, 0x01, 0xFF, 0xFF, 0x00, 0x00,
    0x00, 0x3F, 0xFF, 0xD0, 0x3F, 0xFF, 0xE0, 0x00, 0x00, 0x02, 0xFF, 0xFF, 0x0B, 0xFF, 0xFC, 0x00,
    0x00, 0x00, 0x0F, 0xFF, 0xF8, 0xFF, 0xFF, 0x00, 0x00, 0x00, 0x00, 0x3F, 0xFF, 0xFF, 0xFF, 0xE0,
    0x00, 0x00, 0x00, 0x02, 0xFF, 0xFF, 0xFF, 0xFC, 0x00, 0x00, 0x00, 0x00, 0x0F, 0xFF, 0xFF, 0xFF,
    0x00, 0x00, 0x00, 0x00, 0x00, 0x3F, 0xFF, 0xFF, 0xD0, 0x00, 0x00, 0x00, 0x00, 0x01, 0xFF, 0xFF,
    0xFC, 0x00, 0x00, 0x00, 0x00, 0x00, 0x0F, 0xFF, 0xFF, 0x00, 0x00, 0x00, 0x00, 0x00, 0x00, 0xBF,
    0xFF, 0xF0, 0x00, 0x00, 0x00, 0x00, 0x00, 0x0F, 0xFF, 0xFF, 0x80, 0x00, 0x00, 0x00, 0x00, 0x03,
    0xFF, 0xFF, 0xFD, 0x00, 0x00, 0x00, 0x00, 0x00, 0xBF, 0xFF, 0xFF, 0xF0, 0x00, 0x00, 0x00, 0x00,
    0x1F, 0xFF, 0xFF, 0xFF, 0x80, 0x00, 0x00, 0x00, 0x03, 0xFF, 0xFF, 0xFF, 0xFD, 0x00, 0x00, 0x00,
    0x00, 0xBF, 0xFF, 0x9F, 0xFF, 0xF0, 0x00, 0x00, 0x00, 0x1F, 0xFF, 0xF0, 0xFF, 0xFF, 0x80, 0x00,
    0x00, 0x03, 0xFF, 0xFD, 0x03, 0xFF, 0xFD, 0x00, 0x00, 0x00, 0xBF, 0xFF, 0xC0, 0x2F, 0xFF, 0xF0,
    0x00, 0x00, 0x1F, 0xFF, 0xF0, 0x00, 0xFF, 0xFF, 0x80, 0x00, 0x03, 0xFF, 0xFE, 0x00, 0x03, 0xFF,
    0xFD, 0x00, 0x00, 0xBF, 0xFF, 0xC0, 0x00, 0x2F, 0xFF, 0xF0, 0x00, 0x1F, 0xFF, 0xF4, 0x00, 0x00,
    0xFF, 0xFF, 0xC0, 0x03, 0xFF, 0xFE, 0x00, 0x00, 0x07, 0xFF, 0xFD, 0x00, 0xBF, 0xFF, 0xC0, 0x00,
    0x00, 0x2F, 0xFF, 0xF0, 0x1F, 0xFF, 0xF4, 0x00, 0x00, 0x00, 0xFF, 0xFF, 0xC3, 0xFF, 0xFF, 0x00,
    0x00, 0x00, 0x07, 0xFF, 0xFD, 0x2A, 0xAA, 0x80, 0x00, 0x00, 0x00, 0x6A, 0xAA, 0x4F, 0xFF, 0xF8,
    0x00, 0x00, 0x00, 0x3F, 0xFF, 0xD0, 0xFF, 0xFF, 0x00, 0x00, 0x00, 0x2F, 0xFF, 0xF0, 0x2F, 0xFF,
    0xE0, 0x00, 0x00, 0x0F, 0xFF, 0xF0, 0x03, 0xFF, 0xFC, 0x00, 0x00, 0x0B, 0xFF, 0xF8, 0x00, 0xBF,
    0xFF, 0xC0, 0x00, 0x03, 0xFF, 0xFC, 0x00, 0x0F, 0xFF, 0xF4, 0x00, 0x02, 0xFF, 0xFE, 0x00, 0x01,
    0xFF, 0xFF, 0x00, 0x01, 0xFF, 0xFF, 0x00, 0x00, 0x3F, 0xFF, 0xD0, 0x00, 0xFF, 0xFF, 0x40, 0x00,
    0x03, 0xFF, 0xFC, 0x00, 0x7F, 0xFF, 0xC0, 0x00, 0x00, 0xBF, 0xFF, 0x40, 0x3F, 0xFF, 0xC0, 0x00,
    0x00, 0x0F, 0xFF, 0xF0, 0x1F, 0xFF, 0xE0, 0x00, 0x00, 0x02, 0xFF, 0xFE, 0x0F, 0xFF, 0xF0, 0x00,
    0x00, 0x00, 0x3F, 0xFF, 0xCB, 0xFF, 0xF8, 0x00, 0x00, 0x00, 0x07, 0xFF, 0xFB, 0xFF, 0xFC, 0x00,
    0x00, 0x00, 0x00, 0xFF, 0xFF, 0xFF, 0xFD, 0x00, 0x00, 0x00, 0x00, 0x0F, 0xFF, 0xFF, 0xFF, 0x00,
    0x00, 0x00, 0x00, 0x02, 0xFF, 0xFF, 0xFF, 0x40, 0x00, 0x00, 0x00, 0x00, 0x3F, 0xFF, 0xFF, 0x80,
    0x00, 0x00, 0x00, 0x00, 0x0B, 0xFF, 0xFF, 0xC0, 0x00, 0x00, 0x00, 0x00, 0x00, 0xFF, 0xFF, 0xE0,
    0x00, 0x00, 0x00, 0x00, 0x00, 0x1F, 0xFF, 0xF0, 0x00, 0x00, 0x00, 0x00, 0x00, 0x03, 0xFF, 0xF8,
    0x00, 0x00, 0x00, 0x00, 0x00, 0x00, 0xFF, 0xFE, 0x00, 0x00, 0x00, 0x00, 0x00, 0x00, 0x3F, 0xFF,
    0x80, 0x00, 0x00, 0x00, 0x00, 0x00, 0x0F, 0xFF, 0xE0, 0x00, 0x00, 0x00, 0x00, 0x00, 0x03, 0xFF,
    0xF8, 0x00, 0x00, 0x00, 0x00, 0x00, 0x00, 0xFF, 0xFE, 0x00, 0x00, 0x00, 0x00, 0x00, 0x00, 0x3F,
    0xFF, 0x80, 0x00, 0x00, 0x00, 0x00, 0x00, 0x0F, 0xFF, 0xE0, 0x00, 0x00, 0x00, 0x00, 0x00, 0x03,
    0xFF, 0xF8, 0x00, 0x00, 0x00, 0x00, 0x00, 0x00, 0xFF, 0xFE, 0x00, 0x00, 0x00, 0x00, 0x00, 0x00,
    0x3F, 0xFF, 0x80, 0x00, 0x00, 0x00, 0x00, 0x00, 0x0F, 0xFF, 0xE0, 0x00, 0x00, 0x00, 0x00, 0x00,
    0x03, 0xFF, 0xF8, 0x00, 0x00, 0x00, 0x00, 0x00, 0x00, 0xFF, 0xFE, 0x00, 0x00, 0x00, 0x1A, 0xAA,
    0xAA, 0xAA, 0xAA, 0xAA, 0xA4, 0x3F, 0xFF, 0xFF, 0xFF, 0xFF, 0xFF, 0xF8, 0x3F, 0xFF, 0xFF, 0xFF,
    0xFF, 0xFF, 0xF8, 0x3F, 0xFF, 0xFF, 0xFF, 0xFF, 0xFF, 0xF8, 0x3F, 0xFF, 0xFF, 0xFF, 0xFF, 0xFF,
    0xF8, 0x3F, 0xFF, 0xFF, 0xFF, 0xFF, 0xFF, 0xF8, 0x3F, 0xFF, 0xFF, 0xFF, 0xFF, 0xFF, 0xF8, 0x00,
    0x00, 0x00, 0x00, 0x3F, 0xFF, 0xF0, 0x00, 0x00, 0x00, 0x00, 0xFF, 0xFF, 0xD0, 0x00, 0x00, 0x00,
    0x02, 0xFF, 0xFF, 0x80, 0x00, 0x00, 0x00, 0x07, 0xFF, 0xFF, 0x00, 0x00, 0x00, 0x00, 0x0F, 0xFF,
    0xFC, 0x00, 0x00, 0x00, 0x00, 0x3F, 0xFF, 0xF4, 0x00, 0x00, 0x00, 0x00, 0xBF, 0xFF, 0xE0, 0x00,
    0x00, 0x00, 0x01, 0xFF, 0xFF, 0xC0, 0x00, 0x00, 0x00, 0x03, 0xFF, 0xFF, 0x00, 0x00, 0x00, 0x00,
    0x0F, 0xFF, 0xFD, 0x00, 0x00, 0x00, 0x00, 0x2F, 0xFF, 0xF8, 0x00, 0x00, 0x00, 0x00, 0x7F, 0xFF,
    0xF0, 0x00, 0x00, 0x00, 0x00, 0xFF, 0xFF, 0xC0, 0x00, 0x00, 0x00, 0x03, 0xFF, 0xFF, 0x40, 0x00,
    0x00, 0x00, 0x0B, 0xFF, 0xFE, 0x00, 0x00, 0x00, 0x00, 0x1F, 0xFF, 0xFC, 0x00, 0x00, 0x00, 0x00,
    0x3F, 0xFF, 0xF0, 0x00, 0x00, 0x00, 0x00, 0xBF, 0xFF, 0xD0, 0x00, 0x00, 0x00, 0x01, 0xFF, 0xFF,
    0x80, 0x00, 0x00, 0x00, 0x03, 0xFF, 0xFF, 0x00, 0x00, 0x00, 0x00, 0x0F, 0xFF, 0xFC, 0x00, 0x00,
    0x00, 0x00, 0x2F, 0xFF, 0xF4, 0x00, 0x00, 0x00, 0x00, 0x7F, 0xFF, 0xF5, 0x55, 0x55, 0x55, 0x54,
    0xBF, 0xFF, 0xFF, 0xFF, 0xFF, 0xFF, 0xFD, 0xBF, 0xFF, 0xFF, 0xFF, 0xFF, 0xFF, 0xFD, 0xBF, 0xFF,
    0xFF, 0xFF, 0xFF, 0xFF, 0xFD, 0xBF, 0xFF, 0xFF, 0xFF, 0xFF, 0xFF, 0xFD, 0xBF, 0xFF, 0xFF, 0xFF,
    0xFF, 0xFF, 0xFD, 0xBF, 0xFF, 0xFF, 0xFF, 0xFF, 0xFF, 0xFD, 0x2A, 0xAA, 0xAA, 0xA9, 0x7F, 0xFF,
    0xFF, 0xFF, 0x7F, 0xFF, 0xFF, 0xFF, 0x7F, 0xFF, 0xFF, 0xFF, 0x7F, 0xFF, 0xFF, 0xFF, 0x7F, 0xFF,
    0xFF, 0xFF, 0x7F, 0xFF, 0x55, 0x55, 0x7F, 0xFF, 0x00, 0x00, 0x7F, 0xFF, 0x00, 0x00, 0x7F, 0xFF,
    0x00, 0x00, 0x7F, 0xFF, 0x00, 0x00, 0x7F, 0xFF, 0x00, 0x00, 0x7F, 0xFF, 0x00, 0x00, 0x7F, 0xFF,
    0x00, 0x00, 0x7F, 0xFF, 0x00, 0x00, 0x7F, 0xFF, 0x00, 0x00, 0x7F, 0xFF, 0x00, 0x00, 0x7F, 0xFF,
    0x00, 0x00, 0x7F, 0xFF, 0x00, 0x00, 0x7F, 0xFF, 0x00, 0x00, 0x7F, 0xFF, 0x00, 0x00, 0x7F, 0xFF,
    0x00, 0x00, 0x7F, 0xFF, 0x00, 0x00, 0x7F, 0xFF, 0x00, 0x00, 0x7F, 0xFF, 0x00, 0x00, 0x7F, 0xFF,
    0x00, 0x00, 0x7F, 0xFF, 0x00, 0x00, 0x7F, 0xFF, 0x00, 0x00, 0x7F, 0xFF, 0x00, 0x00, 0x7F, 0xFF,
    0x00, 0x00, 0x7F, 0xFF, 0x00, 0x00, 0x7F, 0xFF, 0x00, 0x00, 0x7F, 0xFF, 0x00, 0x00, 0x7F, 0xFF,
    0x00, 0x00, 0x7F, 0xFF, 0x00, 0x00, 0x7F, 0xFF, 0x00, 0x00, 0x7F, 0xFF, 0x00, 0x00, 0x7F, 0xFF,
    0x55, 0x55, 0x7F, 0xFF, 0xFF, 0xFF, 0x7F, 0xFF, 0xFF, 0xFF, 0x7F, 0xFF, 0xFF, 0xFF, 0x7F, 0xFF,
    0xFF, 0xFF, 0x7F, 0xFF, 0xFF, 0xFF, 0x2A, 0xAA, 0xAA, 0xA9, 0x6A, 0xA9, 0x00, 0x00, 0x00, 0x01,
    0xFF, 0xFC, 0x00, 0x00, 0x00, 0x03, 0xFF, 0xF4, 0x00, 0x00, 0x00, 0x0B, 0xFF, 0xF0, 0x00, 0x00,
    0x00, 0x0F, 0xFF, 0xC0, 0x00, 0x00, 0x00, 0x3F, 0xFF, 0x80, 0x00, 0x00, 0x00, 0xBF, 0xFF, 0x00,
    0x00, 0x00, 0x00, 0xFF, 0xFC, 0x00, 0x00, 0x00, 0x03, 0xFF, 0xF8, 0x00, 0x00, 0x00, 0x0B, 0xFF,
    0xF0, 0x00, 0x00, 0x00, 0x0F, 0xFF, 0xD0, 0x00, 0x00, 0x00, 0x3F, 0xFF, 0x80, 0x00, 0x00, 0x00,
    0x7F, 0xFF, 0x00, 0x00, 0x00, 0x00, 0xFF, 0xFD, 0x00, 0x00, 0x00, 0x03, 0xFF, 0xF8, 0x00, 0x00,
    0x00, 0x07, 0xFF, 0xF0, 0x00, 0x00, 0x00, 0x0F, 0xFF, 0xD0, 0x00, 0x00, 0x00, 0x2F, 0xFF, 0x80,
    0x00, 0x00, 0x00, 0x7F, 0xFF, 0x00, 0x00, 0x00, 0x00, 0xFF, 0xFD, 0x00, 0x00, 0x00, 0x02, 0xFF,
    0xF8, 0x00, 0x00, 0x00, 0x07, 0xFF, 0xF0, 0x00, 0x00, 0x00, 0x0F, 0xFF, 0xD0, 0x00, 0x00, 0x00,
    0x2F, 0xFF, 0x80, 0x00, 0x00, 0x00, 0x7F, 0xFF, 0x00, 0x00, 0x00, 0x00, 0xFF, 0xFD, 0x00, 0x00,
    0x00, 0x02, 0xFF, 0xFC, 0x00, 0x00, 0x00, 0x07, 0xFF, 0xF0, 0x00, 0x00, 0x00, 0x0F, 0xFF, 0xD0,
    0x00, 0x00, 0x00, 0x2F, 0xFF, 0xC0, 0x00, 0x00, 0x00, 0x7F, 0xFF, 0x00, 0x00, 0x00, 0x00, 0xFF,
    0xFE, 0x00, 0x00, 0x00, 0x02, 0xFF, 0xFC, 0x00, 0x00, 0x00, 0x03, 0xFF, 0xF0, 0x00, 0x00, 0x00,
    0x0F, 0xFF, 0xE0, 0x00, 0x00, 0x00, 0x2F, 0xFF, 0xC0, 0x00, 0x00, 0x00, 0x3F, 0xFF, 0x00, 0x00,
    0x00, 0x00, 0xFF, 0xFE, 0x00, 0x00, 0x00, 0x02, 0xFF, 0xFC, 0x00, 0x00, 0x00, 0x03, 0xFF, 0xF4,
    0x00, 0x00, 0x00, 0x0F, 0xFF, 0xE0, 0x00, 0x00, 0x00, 0x1F, 0xFF, 0xC0, 0x00, 0x00, 0x00, 0x3F,
    0xFF, 0x40, 0x00, 0x00, 0x00, 0x6A, 0xA9, 0x2A, 0xAA, 0xAA, 0xA9, 0x7F, 0xFF, 0xFF, 0xFF, 0x7F,
    0xFF, 0xFF, 0xFF, 0x7F, 0xFF, 0xFF, 0xFF, 0x7F, 0xFF, 0xFF, 0xFF, 0x7F, 0xFF, 0xFF, 0xFF, 0x15,
    0x55, 0xBF, 0xFF, 0x00, 0x00, 0x7F, 0xFF, 0x00, 0x00, 0x7F, 0xFF, 0x00, 0x00, 0x7F, 0xFF, 0x00,
    0x00, 0x7F, 0xFF, 0x00, 0x00, 0x7F, 0xFF, 0x00, 0x00, 0x7F, 0xFF, 0x00, 0x00, 0x7F, 0xFF, 0x00,
    0x00, 0x7F, 0xFF, 0x00, 0x00, 0x7F, 0xFF, 0x00, 0x00, 0x7F, 0xFF, 0x00, 0x00, 0x7F, 0xFF, 0x00,
    0x00, 0x7F, 0xFF, 0x00, 0x00, 0x7F, 0xFF, 0x00, 0x00, 0x7F, 0xFF, 0x00, 0x00, 0x7F, 0xFF, 0x00,
    0x00, 0x7F, 0xFF, 0x00, 0x00, 0x7F, 0xFF, 0x00, 0x00, 0x7F, 0xFF, 0x00, 0x00, 0x7F, 0xFF, 0x00,
    0x00, 0x7F, 0xFF, 0x00, 0x00, 0x7F, 0xFF, 0x00, 0x00, 0x7F, 0xFF, 0x00, 0x00, 0x7F, 0xFF, 0x00,
    0x00, 0x7F, 0xFF, 0x00, 0x00, 0x7F, 0xFF, 0x00, 0x00, 0x7F, 0xFF, 0x00, 0x00, 0x7F, 0xFF, 0x00,
    0x00, 0x7F, 0xFF, 0x00, 0x00, 0x7F, 0xFF, 0x00, 0x00, 0x7F, 0xFF, 0x15, 0x55, 0xBF, 0xFF, 0x7F,
    0xFF, 0xFF, 0xFF, 0x7F, 0xFF, 0xFF, 0xFF, 0x7F, 0xFF, 0xFF, 0xFF, 0x7F, 0xFF, 0xFF, 0xFF, 0x7F,
    0xFF, 0xFF, 0xFF, 0x2A, 0xAA, 0xAA, 0xA9, 0x00, 0x0A, 0xAA, 0x80, 0x00, 0x00, 0x1F, 0xFF, 0xE0,
    0x00, 0x00, 0x3F, 0xFF, 0xF0, 0x00, 0x00, 0x7F, 0xFF, 0xF4, 0x00, 0x00, 0xBF, 0xFF, 0xFC, 0x00,
    0x00, 0xFF, 0xEF, 0xFC, 0x00, 0x02, 0xFF, 0xCF, 0xFE, 0x00, 0x03, 0xFF, 0x87, 0xFF, 0x00, 0x07,
    0xFF, 0x03, 0xFF, 0x40, 0x0F, 0xFE, 0x02, 0xFF, 0xC0, 0x0F, 0xFD, 0x00, 0xFF, 0xD0, 0x2F, 0xFC,
    0x00, 0xFF, 0xE0, 0x3F, 0xF4, 0x00, 0x7F, 0xF0, 0x7F, 0xF0, 0x00, 0x3F, 0xF4, 0xBF, 0xE0, 0x00,
    0x1F, 0xF8, 0x3F, 0xFF, 0xFF, 0xFF, 0xFF, 0xFF, 0xC3, 0xFF, 0xFF, 0xFF, 0xFF, 0xFF, 0xFC, 0x3F,
    0xFF, 0xFF, 0xFF, 0xFF, 0xFF, 0xC3, 0xFF, 0xFF, 0xFF, 0xFF, 0xFF, 0xFC, 0x3F, 0xFF, 0xFF, 0xFF,
    0xFF, 0xFF, 0xC3, 0xFF, 0xFF, 0xFF, 0xFF, 0xFF, 0xFC, 0x00, 0x00, 0x00, 0x00, 0x00, 0x00, 0x00,
    0x15, 0x55, 0x00, 0x2F, 0xFF, 0x40, 0x0F, 0xFF, 0xC0, 0x07, 0xFF, 0xC0, 0x03, 0xFF, 0xE0, 0x01,
    0xFF, 0xF0, 0x00, 0xBF, 0xF4, 0x00, 0x3F, 0xFC, 0x00, 0x00, 0x00, 0x00, 0x00, 0x01, 0x55, 0x00,
    0x00, 0x00, 0x00, 0x00, 0x6F, 0xFF, 0xFF, 0x80, 0x00, 0x00, 0x01, 0xFF, 0xFF, 0xFF, 0xFE, 0x00,
    0x00, 0x01, 0xFF, 0xFF, 0xFF, 0xFF, 0xF0, 0x00, 0x01, 0xFF, 0xFF, 0xFF, 0xFF, 0xFE, 0x00, 0x00,
    0xFF, 0xFF, 0xFF, 0xFF, 0xFF, 0xD0, 0x00, 0xFF, 0xFF, 0xD0, 0x1F, 0xFF, 0xFC, 0x00, 0x3F, 0xFF,
    0xC0, 0x00, 0xFF, 0xFF, 0x00, 0x1F, 0xFF, 0xD0, 0x00, 0x0F, 0xFF, 0xD0, 0x06, 0xAB, 0xF0, 0x00,
    0x03, 0xFF, 0xF8, 0x00, 0x00, 0x00, 0x00, 0x00, 0xBF, 0xFE, 0x00, 0x00, 0x00, 0x00, 0x01, 0xBF,
    0xFF, 0xC0, 0x00, 0x00, 0x01, 0xBF, 0xFF, 0xFF, 0xF0, 0x00, 0x00, 0x6F, 0xFF, 0xFF, 0xFF, 0xFC,
    0x00, 0x02, 0xFF, 0xFF, 0xFF, 0xFF, 0xFF, 0x00, 0x0B, 0xFF, 0xFF, 0xFF, 0xFF, 0xFF, 0xC0, 0x0B,
    0xFF, 0xFF, 0xFE, 0x4B, 0xFF, 0xF0, 0x07, 0xFF, 0xFF, 0x40, 0x02, 0xFF, 0xFC, 0x02, 0xFF, 0xFE,
    0x00, 0x00, 0xFF, 0xFF, 0x00, 0xFF, 0xFF, 0x00, 0x00, 0x3F, 0xFF, 0xC0, 0x3F, 0xFF, 0x80, 0x00,
    0x1F, 0xFF, 0xF0, 0x0F, 0xFF, 0xE0, 0x00, 0x0F, 0xFF, 0xFC, 0x03, 0xFF, 0xFD, 0x00, 0x1F, 0xFF,
    0xFF, 0x40, 0xFF, 0xFF, 0xFA, 0xBF, 0xFF, 0xFF, 0xFC, 0x1F, 0xFF, 0xFF, 0xFF, 0xFE, 0xFF, 0xFF,
    0x02, 0xFF, 0xFF, 0xFF, 0xFD, 0x3F, 0xFF, 0xC0, 0x2F, 0xFF, 0xFF, 0xFD, 0x07, 0xFF, 0xF0, 0x01,
    0xFF, 0xFF, 0xF8, 0x00, 0x3F, 0xFC, 0x00, 0x01, 0x6A, 0x50, 0x00, 0x00, 0x10, 0x00, 0x6A, 0xA9,
    0x00, 0x00, 0x00, 0x00, 0x02, 0xFF, 0xFC, 0x00, 0x00, 0x00, 0x00, 0x0B, 0xFF, 0xF0, 0x00, 0x00,
    0x00, 0x00, 0x2F, 0xFF, 0xC0, 0x00, 0x00, 0x00, 0x00, 0xBF, 0xFF, 0x00, 0x00, 0x00, 0x00, 0x02,
    0xFF, 0xFC, 0x00, 0x00, 0x00, 0x00, 0x0B, 0xFF, 0xF0, 0x00, 0x00, 0x00, 0x00, 0x2F, 0xFF, 0xC0,
    0x00, 0x00, 0x00, 0x00, 0xBF, 0xFF, 0x00, 0x05, 0x50, 0x00, 0x02, 0xFF, 0xFC, 0x07, 0xFF, 0xFD,
    0x00, 0x0B, 0xFF, 0xF0, 0xFF, 0xFF, 0xFE, 0x00, 0x2F, 0xFF, 0xCF, 0xFF, 0xFF, 0xFF, 0x00, 0xBF,
    0xFF, 0xFF, 0xFF, 0xFF, 0xFF, 0x02, 0xFF, 0xFF, 0xFF, 0xFF, 0xFF, 0xFE, 0x0B, 0xFF, 0xFF, 0xF5,
    0x6F, 0xFF, 0xFC, 0x2F, 0xFF, 0xFD, 0x00, 0x1F, 0xFF, 0xF8, 0xBF, 0xFF, 0xD0, 0x00, 0x1F, 0xFF,
    0xF2, 0xFF, 0xFF, 0x00, 0x00, 0x3F, 0xFF, 0xCB, 0xFF, 0xF4, 0x00, 0x00, 0x7F, 0xFF, 0x6F, 0xFF,
    0xC0, 0x00, 0x00, 0xFF, 0xFE, 0xBF, 0xFF, 0x00, 0x00, 0x03, 0xFF, 0xFE, 0xFF, 0xFC, 0x00, 0x00,
    0x0F, 0xFF, 0xFB, 0xFF, 0xF0, 0x00, 0x00, 0x3F, 0xFF, 0xEF, 0xFF, 0xC0, 0x00, 0x00, 0xFF, 0xFF,
    0xBF, 0xFF, 0x00, 0x00, 0x03, 0xFF, 0xFE, 0xFF, 0xFC, 0x00, 0x00, 0x0F, 0xFF, 0xEB, 0xFF, 0xF4,
    0x00, 0x00, 0x7F, 0xFF, 0xAF, 0xFF, 0xE0, 0x00, 0x02, 0xFF, 0xFD, 0xBF, 0xFF, 0xD0, 0x00, 0x1F,
    0xFF, 0xF2, 0xFF, 0xFF, 0xC0, 0x00, 0xFF, 0xFF, 0x8B, 0xFF, 0xFF, 0xE4, 0x6F, 0xFF, 0xFC, 0x2F,
    0xFF, 0xFF, 0xFF, 0xFF, 0xFF, 0xE0, 0xBF, 0xFE, 0xFF, 0xFF, 0xFF, 0xFF, 0x02, 0xFF, 0xF9, 0xFF,
    0xFF, 0xFF, 0xF0, 0x0B, 0xFF, 0xE1, 0xFF, 0xFF, 0xFF, 0x00, 0x2F, 0xFF, 0x40, 0xBF, 0xFF, 0xE0,
    0x00, 0x00, 0x00, 0x00, 0x1A, 0x94, 0x00, 0x00, 0x00, 0x00, 0x00, 0x55, 0x40, 0x00, 0x00, 0x00,
    0x00, 0x6F, 0xFF, 0xFE, 0x40, 0x00, 0x00, 0x03, 0xFF, 0xFF, 0xFF, 0xF4, 0x00, 0x00, 0x1F, 0xFF,
    0xFF, 0xFF, 0xFE, 0x00, 0x00, 0x7F, 0xFF, 0xFF, 0xFF, 0xFF, 0x80, 0x01, 0xFF, 0xFF, 0xFF, 0xFF,
    0xFF, 0xD0, 0x03, 0xFF, 0xFF, 0x95, 0xFF, 0xFF, 0xF0, 0x0B, 0xFF, 0xFC, 0x00, 0x1F, 0xFF, 0xF8,
    0x0F, 0xFF, 0xF0, 0x00, 0x07, 0xFF, 0xFC, 0x1F, 0xFF, 0xE0, 0x00, 0x02, 0xFF, 0xFD, 0x2F, 0xFF,
    0xC0, 0x00, 0x01, 0xFF, 0xFD, 0x3F, 0xFF, 0xC0, 0x00, 0x00, 0x55, 0x00, 0x3F, 0xFF, 0x80, 0x00,
    0x00, 0x00, 0x00, 0x3F, 0xFF, 0x80, 0x00, 0x00, 0x00, 0x00, 0x3F, 0xFF, 0x80, 0x00, 0x00, 0x00,
    0x00, 0x3F, 0xFF, 0x80, 0x00, 0x00, 0x00, 0x00, 0x3F, 0xFF, 0x80, 0x00, 0x00, 0x00, 0x00, 0x3F,
    0xFF, 0xC0, 0x00, 0x00, 0x55, 0x50, 0x2F, 0xFF, 0xC0, 0x00, 0x01, 0xFF, 0xFD, 0x1F, 0xFF, 0xD0,
    0x00, 0x02, 0xFF, 0xFD, 0x0F, 0xFF, 0xF0, 0x00, 0x03, 0xFF, 0xFC, 0x0B, 0xFF, 0xFC, 0x00, 0x0F,
    0xFF, 0xF8, 0x03, 0xFF, 0xFF, 0x41, 0xBF, 0xFF, 0xF0, 0x01, 0xFF, 0xFF, 0xFF, 0xFF, 0xFF, 0xD0,
    0x00, 0xBF, 0xFF, 0xFF, 0xFF, 0xFF, 0x80, 0x00, 0x2F, 0xFF, 0xFF, 0xFF, 0xFE, 0x00, 0x00, 0x07,
    0xFF, 0xFF, 0xFF, 0xF4, 0x00, 0x00, 0x00, 0x7F, 0xFF, 0xFF, 0x40, 0x00, 0x00, 0x00, 0x01, 0x6A,
    0x50, 0x00, 0x00, 0x00, 0x00, 0x00, 0x00, 0x00, 0xAA, 0xA8, 0x00, 0x00, 0x00, 0x00, 0x00, 0xFF,
    0xFD, 0x00, 0x00, 0x00, 0x00, 0x00, 0xFF, 0xFD, 0x00, 0x00, 0x00, 0x00, 0x00, 0xFF, 0xFD, 0x00,
    0x00, 0x00, 0x00, 0x00, 0xFF, 0xFD, 0x00, 0x00, 0x00, 0x00, 0x00, 0xFF, 0xFD, 0x00, 0x00, 0x00,
    0x00, 0x00, 0xFF, 0xFD, 0x00, 0x00, 0x00, 0x00, 0x00, 0xFF, 0xFD, 0x00, 0x00, 0x05, 0x50, 0x00,
    0xFF, 0xFD, 0x00, 0x02, 0xFF, 0xFF, 0x40, 0xFF, 0xFD, 0x00, 0x1F, 0xFF, 0xFF, 0xE0, 0xFF, 0xFD,
    0x00, 0x7F, 0xFF, 0xFF, 0xFC, 0xFF, 0xFD, 0x01, 0xFF, 0xFF, 0xFF, 0xFE, 0xFF, 0xFD, 0x03, 0xFF,
    0xFF, 0xFF, 0xFF, 0xFF, 0xFD, 0x07, 0xFF, 0xFF, 0x95, 0xFF, 0xFF, 0xFD, 0x0F, 0xFF, 0xFC, 0x00,
    0x1F, 0xFF, 0xFD, 0x1F, 0xFF, 0xF0, 0x00, 0x0B, 0xFF, 0xFD, 0x2F, 0xFF, 0xE0, 0x00, 0x03, 0xFF,
    0xFD, 0x3F, 0xFF, 0xC0, 0x00, 0x02, 0xFF, 0xFD, 0x3F, 0xFF, 0xC0, 0x00, 0x01, 0xFF, 0xFD, 0x3F,
    0xFF, 0x80, 0x00, 0x00, 0xFF, 0xFD, 0x3F, 0xFF, 0x80, 0x00, 0x00, 0xFF, 0xFD, 0x3F, 0xFF, 0x80,
    0x00, 0x00, 0xFF, 0xFD, 0x3F, 0xFF, 0x80, 0x00, 0x00, 0xFF, 0xFD, 0x3F, 0xFF, 0x80, 0x00, 0x00,
    0xFF, 0xFD, 0x3F, 0xFF, 0xC0, 0x00, 0x01, 0xFF, 0xFD, 0x3F, 0xFF, 0xC0, 0x00, 0x02, 0xFF, 0xFD,
    0x2F, 0xFF, 0xE0, 0x00, 0x03, 0xFF, 0xFD, 0x1F, 0xFF, 0xF0, 0x00, 0x07, 0xFF, 0xFD, 0x0F, 0xFF,
    0xFC, 0x00, 0x1F, 0xFF, 0xFD, 0x0B, 0xFF, 0xFF, 0x41, 0xBF, 0xFF, 0xFD, 0x03, 0xFF, 0xFF, 0xFF,
    0xFF, 0xFF, 0xFD, 0x01, 0xFF, 0xFF, 0xFF, 0xFF, 0xFF, 0xFD, 0x00, 0xBF, 0xFF, 0xFF, 0xFC, 0xFF,
    0xFD, 0x00, 0x2F, 0xFF, 0xFF, 0xF0, 0xFF, 0xFD, 0x00, 0x02, 0xFF, 0xFF, 0x80, 0xFF, 0xFD, 0x00,
    0x00, 0x1A, 0x94, 0x00, 0x00, 0x00, 0x00, 0x00, 0x00, 0x55, 0x40, 0x00, 0x00, 0x00, 0x00, 0x6F,
    0xFF, 0xFD, 0x00, 0x00, 0x00, 0x03, 0xFF, 0xFF, 0xFF, 0xD0, 0x00, 0x00, 0x1F, 0xFF, 0xFF, 0xFF,
    0xFC, 0x00, 0x00, 0xBF, 0xFF, 0xFF, 0xFF, 0xFF, 0x00, 0x01, 0xFF, 0xFF, 0xFF, 0xFF, 0xFF, 0x80,
    0x03, 0xFF, 0xFF, 0x41, 0xBF, 0xFF, 0xD0, 0x0B, 0xFF, 0xF8, 0x00, 0x0F, 0xFF, 0xF0, 0x0F, 0xFF,
    0xF0, 0x00, 0x03, 0xFF, 0xF4, 0x1F, 0xFF, 0xC0, 0x00, 0x02, 0xFF, 0xF8, 0x2F, 0xFF, 0xC0, 0x00,
    0x01, 0xFF, 0xFC, 0x3F, 0xFF, 0x80, 0x00, 0x01, 0xFF, 0xFC, 0x3F, 0xFF, 0xFF, 0xFF, 0xFF, 0xFF,
    0xFD, 0x3F, 0xFF, 0xFF, 0xFF, 0xFF, 0xFF, 0xFD, 0x3F, 0xFF, 0xFF, 0xFF, 0xFF, 0xFF, 0xFD, 0x3F,
    0xFF, 0xFF, 0xFF, 0xFF, 0xFF, 0xFD, 0x3F, 0xFF, 0xEA, 0xAA, 0xAA, 0xAA, 0xA9, 0x3F, 0xFF, 0x80,
    0x00, 0x00, 0x00, 0x00, 0x2F, 0xFF, 0xC0, 0x00, 0x00, 0x00, 0x00, 0x1F, 0xFF, 0xC0, 0x00, 0x00,
    0x40, 0x00, 0x0F, 0xFF, 0xE0, 0x00, 0x03, 0xFF, 0xFC, 0x0B, 0xFF, 0xF8, 0x00, 0x0B, 0xFF, 0xF8,
    0x03, 0xFF, 0xFF, 0x40, 0x7F, 0xFF, 0xF0, 0x02, 0xFF, 0xFF, 0xFF, 0xFF, 0xFF, 0xE0, 0x00, 0xBF,
    0xFF, 0xFF, 0xFF, 0xFF, 0x80, 0x00, 0x2F, 0xFF, 0xFF, 0xFF, 0xFE, 0x00, 0x00, 0x07, 0xFF, 0xFF,
    0xFF, 0xF4, 0x00, 0x00, 0x00, 0x7F, 0xFF, 0xFF, 0x40, 0x00, 0x00, 0x00, 0x01, 0x6A, 0x50, 0x00,
    0x00, 0x00, 0x00, 0x05, 0x6A, 0xA4, 0x00, 0x02, 0xFF, 0xFF, 0xF0, 0x00, 0x7F, 0xFF, 0xFF, 0xC0,
    0x07, 0xFF, 0xFF, 0xFF, 0x00, 0x3F, 0xFF, 0xFF, 0xFC, 0x01, 0xFF, 0xFF, 0xFF, 0xF0, 0x0B, 0xFF,
    0xFD, 0x00, 0x00, 0x2F, 0xFF, 0xC0, 0x00, 0x00, 0xFF, 0xFF, 0x00, 0x00, 0x03, 0xFF, 0xF8, 0x00,
    0x0B, 0xFF, 0xFF, 0xFF, 0xFF, 0x6F, 0xFF, 0xFF, 0xFF, 0xFD, 0xBF, 0xFF, 0xFF, 0xFF, 0xF6, 0xFF,
    0xFF, 0xFF, 0xFF, 0xDB, 0xFF, 0xFF, 0xFF, 0xFF, 0x6F, 0xFF, 0xFF, 0xFF, 0xFD, 0x00, 0xFF, 0xFE,
    0x00, 0x00, 0x03, 0xFF, 0xF8, 0x00, 0x00, 0x0F, 0xFF, 0xE0, 0x00, 0x00, 0x3F, 0xFF, 0x80, 0x00,
    0x00, 0xFF, 0xFE, 0x00, 0x00, 0x03, 0xFF, 0xF8, 0x00, 0x00, 0x0F, 0xFF, 0xE0, 0x00, 0x00, 0x3F,
    0xFF, 0x80, 0x00, 0x00, 0xFF, 0xFE, 0x00, 0x00, 0x03, 0xFF, 0xF8, 0x00, 0x00, 0x0F, 0xFF, 0xE0,
    0x00, 0x00, 0x3F, 0xFF, 0x80, 0x00, 0x00, 0xFF, 0xFE, 0x00, 0x00, 0x03, 0xFF, 0xF8, 0x00, 0x00,
    0x0F, 0xFF, 0xE0, 0x00, 0x00, 0x3F, 0xFF, 0x80, 0x00, 0x00, 0xFF, 0xFE, 0x00, 0x00, 0x03, 0xFF,
    0xF8, 0x00, 0x00, 0x0F, 0xFF, 0xE0, 0x00, 0x00, 0x3F, 0xFF, 0x80, 0x00, 0x00, 0x00, 0x05, 0x50,
    0x00, 0x00, 0x00, 0x00, 0x01, 0xFF, 0xFF, 0x40, 0xFF, 0xFD, 0x00, 0x0F, 0xFF, 0xFF, 0xE0, 0xFF,
    0xFD, 0x00, 0x7F, 0xFF, 0xFF, 0xFC, 0xFF, 0xFD, 0x00, 0xFF, 0xFF, 0xFF, 0xFE, 0xFF, 0xFD, 0x03,
    0xFF, 0xFF, 0xFF, 0xFF, 0xFF, 0xFD, 0x0B, 0xFF, 0xFF, 0x40, 0xBF, 0xFF, 0xFD, 0x0F, 0xFF, 0xF8,
    0x00, 0x0F, 0xFF, 0xFD, 0x1F, 0xFF, 0xF0, 0x00, 0x07, 0xFF, 0xFD, 0x2F, 0xFF, 0xD0, 0x00, 0x03,
    0xFF, 0xFD, 0x3F, 0xFF, 0xC0, 0x00, 0x01, 0xFF, 0xFD, 0x3F, 0xFF, 0x80, 0x00, 0x01, 0xFF, 0xFD,
    0x3F, 0xFF, 0x80, 0x00, 0x00, 0xFF, 0xFD, 0x3F, 0xFF, 0x80, 0x00, 0x00, 0xFF, 0xFD, 0x3F, 0xFF,
    0x80, 0x00, 0x00, 0xFF, 0xFD, 0x3F, 0xFF, 0x80, 0x00, 0x00, 0xFF, 0xFD, 0x3F, 0xFF, 0xC0, 0x00,
    0x01, 0xFF, 0xFD, 0x3F, 0xFF, 0xC0, 0x00, 0x02, 0xFF, 0xFD, 0x2F, 0xFF, 0xE0, 0x00, 0x03, 0xFF,
    0xFD, 0x0F, 0xFF, 0xF4, 0x00, 0x0F, 0xFF, 0xFD, 0x0F, 0xFF, 0xFE, 0x00, 0x7F, 0xFF, 0xFD, 0x03,
    0xFF, 0xFF, 0xFF, 0xFF, 0xFF, 0xFD, 0x02, 0xFF, 0xFF, 0xFF, 0xFF, 0xFF, 0xFD, 0x00, 0xBF, 0xFF,
    0xFF, 0xFD, 0xFF, 0xFD, 0x00, 0x2F, 0xFF, 0xFF, 0xF4, 0xFF, 0xFD, 0x00, 0x07, 0xFF, 0xFF, 0xC0,
    0xFF, 0xFD, 0x00, 0x00, 0x1A, 0xA4, 0x00, 0xFF, 0xFD, 0x00, 0x00, 0x00, 0x00, 0x01, 0xFF, 0xFC,
    0x06, 0xAF, 0xE0, 0x00, 0x03, 0xFF, 0xFC, 0x0F, 0xFF, 0xF4, 0x00, 0x0B, 0xFF, 0xF8, 0x0B, 0xFF,
    0xFE, 0x40, 0x7F, 0xFF, 0xF0, 0x03, 0xFF, 0xFF, 0xFF, 0xFF, 0xFF, 0xE0, 0x00, 0xFF, 0xFF, 0xFF,
    0xFF, 0xFF, 0x80, 0x00, 0x3F, 0xFF, 0xFF, 0xFF, 0xFE, 0x00, 0x00, 0x0B, 0xFF, 0xFF, 0xFF, 0xE0,
    0x00, 0x00, 0x00, 0x6F, 0xFF, 0xF9, 0x00, 0x00, 0x00, 0x00, 0x00, 0x00, 0x00, 0x00, 0x00, 0x6A,
    0xA9, 0x00, 0x00, 0x00, 0x00, 0x2F, 0xFF, 0xC0, 0x00, 0x00, 0x00, 0x0B, 0xFF, 0xF0, 0x00, 0x00,
    0x00, 0x02, 0xFF, 0xFC, 0x00, 0x00, 0x00, 0x00, 0xBF, 0xFF, 0x00, 0x00, 0x00, 0x00, 0x2F, 0xFF,
    0xC0, 0x00, 0x00, 0x00, 0x0B, 0xFF, 0xF0, 0x00, 0x00, 0x00, 0x02, 0xFF, 0xFC, 0x00, 0x00, 0x00,
    0x00, 0xBF, 0xFF, 0x00, 0x15, 0x40, 0x00, 0x2F, 0xFF, 0xC0, 0xBF, 0xFF, 0x40, 0x0B, 0xFF, 0xF2,
    0xFF, 0xFF, 0xFC, 0x02, 0xFF, 0xFE, 0xFF, 0xFF, 0xFF, 0xC0, 0xBF, 0xFF, 0xFF, 0xFF, 0xFF, 0xF8,
    0x2F, 0xFF, 0xFF, 0xFF, 0xFF, 0xFF, 0x0B, 0xFF, 0xFF, 0xEA, 0xFF, 0xFF, 0xE2, 0xFF, 0xFF, 0x80,
    0x0B, 0xFF, 0xFC, 0xBF, 0xFF, 0xC0, 0x00, 0xFF, 0xFF, 0x2F, 0xFF, 0xD0, 0x00, 0x2F, 0xFF, 0xCB,
    0xFF, 0xF0, 0x00, 0x07, 0xFF, 0xF2, 0xFF, 0xFC, 0x00, 0x01, 0xFF, 0xFD, 0xBF, 0xFF, 0x00, 0x00,
    0x7F, 0xFF, 0x6F, 0xFF, 0xC0, 0x00, 0x1F, 0xFF, 0xDB, 0xFF, 0xF0, 0x00, 0x07, 0xFF, 0xF6, 0xFF,
    0xFC, 0x00, 0x01, 0xFF, 0xFD, 0xBF, 0xFF, 0x00, 0x00, 0x7F, 0xFF, 0x6F, 0xFF, 0xC0, 0x00, 0x1F,
    0xFF, 0xDB, 0xFF, 0xF0, 0x00, 0x07, 0xFF, 0xF6, 0xFF, 0xFC, 0x00, 0x01, 0xFF, 0xFD, 0xBF, 0xFF,
    0x00, 0x00, 0x7F, 0xFF, 0x6F, 0xFF, 0xC0, 0x00, 0x1F, 0xFF, 0xDB, 0xFF, 0xF0, 0x00, 0x07, 0xFF,
    0xF6, 0xFF, 0xFC, 0x00, 0x01, 0xFF, 0xFD, 0xBF, 0xFF, 0x00, 0x00, 0x7F, 0xFF, 0x6F, 0xFF, 0xC0,
    0x00, 0x1F, 0xFF, 0xDB, 0xFF, 0xF0, 0x00, 0x07, 0xFF, 0xF6, 0xFF, 0xFC, 0x00, 0x01, 0xFF, 0xFD,
    0x00, 0x00, 0xFF, 0xFF, 0xFF, 0xFF, 0xFF, 0xFF, 0xFF, 0xFF, 0xFF, 0xFF, 0xFF, 0xFF, 0x00, 0x00,
    0x00, 0x00, 0x00, 0x00, 0xBF, 0xFE, 0xBF, 0xFF, 0xBF, 0xFF, 0xBF, 0xFF, 0xBF, 0xFF, 0xBF, 0xFF,
    0xBF, 0xFF, 0xBF, 0xFF, 0xBF, 0xFF, 0xBF, 0xFF, 0xBF, 0xFF, 0xBF, 0xFF, 0xBF, 0xFF, 0xBF, 0xFF,
    0xBF, 0xFF, 0xBF, 0xFF, 0xBF, 0xFF, 0xBF, 0xFF, 0xBF, 0xFF, 0xBF, 0xFF, 0xBF, 0xFF, 0xBF, 0xFF,
    0xBF, 0xFF, 0xBF, 0xFF, 0xBF, 0xFF, 0xBF, 0xFF, 0xBF, 0xFF, 0x00, 0x00, 0x00, 0x00, 0x00, 0x1F,
    0xFF, 0xD0, 0x00, 0x7F, 0xFF, 0x40, 0x01, 0xFF, 0xFD, 0x00, 0x07, 0xFF, 0xF4, 0x00, 0x1F, 0xFF,
    0xD0, 0x00, 0x7F, 0xFF, 0x40, 0x00, 0x00, 0x00, 0x00, 0x00, 0x00, 0x00, 0x00, 0x00, 0x00, 0x00,
    0x00, 0x3F, 0xFF, 0x00, 0x01, 0xFF, 0xFD, 0x00, 0x07, 0xFF, 0xF4, 0x00, 0x1F, 0xFF, 0xD0, 0x00,
    0x7F, 0xFF, 0x40, 0x01, 0xFF, 0xFD, 0x00, 0x07, 0xFF, 0xF4, 0x00, 0x1F, 0xFF, 0xD0, 0x00, 0x7F,
    0xFF, 0x40, 0x01, 0xFF, 0xFD, 0x00, 0x07, 0xFF, 0xF4, 0x00, 0x1F, 0xFF, 0xD0, 0x00, 0x7F, 0xFF,
    0x40, 0x01, 0xFF, 0xFD, 0x00, 0x07, 0xFF, 0xF4, 0x00, 0x1F, 0xFF, 0xD0, 0x00, 0x7F, 0xFF, 0x40,
    0x01, 0xFF, 0xFD, 0x00, 0x07, 0xFF, 0xF4, 0x00, 0x1F, 0xFF, 0xD0, 0x00, 0x7F, 0xFF, 0x40, 0x01,
    0xFF, 0xFD, 0x00, 0x07, 0xFF, 0xF4, 0x00, 0x1F, 0xFF, 0xD0, 0x00, 0x7F, 0xFF, 0x40, 0x01, 0xFF,
    0xFD, 0x00, 0x07, 0xFF, 0xF4, 0x00, 0x1F, 0xFF, 0xC0, 0x01, 0xFF, 0xFF, 0x0F, 0xFF, 0xFF, 0xFC,
    0x3F, 0xFF, 0xFF, 0xE0, 0xFF, 0xFF, 0xFF, 0x03, 0xFF, 0xFF, 0xF4, 0x0F, 0xFF, 0xFE, 0x00, 0x2A,
    0x95, 0x00, 0x00, 0x6A, 0xA9, 0x00, 0x00, 0x00, 0x00, 0x00, 0xBF, 0xFF, 0x00, 0x00, 0x00, 0x00,
    0x00, 0xBF, 0xFF, 0x00, 0x00, 0x00, 0x00, 0x00, 0xBF, 0xFF, 0x00, 0x00, 0x00, 0x00, 0x00, 0xBF,
    0xFF, 0x00, 0x00, 0x00, 0x00, 0x00, 0xBF, 0xFF, 0x00, 0x00, 0x00, 0x00, 0x00, 0xBF, 0xFF, 0x00,
    0x00, 0x00, 0x00, 0x00, 0xBF, 0xFF, 0x00, 0x00, 0x00, 0x00, 0x00, 0xBF, 0xFF, 0x00, 0x00, 0x00,
    0x00, 0x00, 0xBF, 0xFF, 0x00, 0x00, 0x1F, 0xFF, 0xF4, 0xBF, 0xFF, 0x00, 0x00, 0x7F, 0xFF, 0xE0,
    0xBF, 0xFF, 0x00, 0x01, 0xFF, 0xFF, 0x80, 0xBF, 0xFF, 0x00, 0x07, 0xFF, 0xFE, 0x00, 0xBF, 0xFF,
    0x00, 0x0F, 0xFF, 0xF8, 0x00, 0xBF, 0xFF, 0x00, 0x3F, 0xFF, 0xE0, 0x00, 0xBF, 0xFF, 0x00, 0xFF,
    0xFF, 0xC0, 0x00, 0xBF, 0xFF, 0x03, 0xFF, 0xFF, 0x00, 0x00, 0xBF, 0xFF, 0x0B, 0xFF, 0xFC, 0x00,
    0x00, 0xBF, 0xFF, 0x2F, 0xFF, 0xF0, 0x00, 0x00, 0xBF, 0xFF, 0xBF, 0xFF, 0xC0, 0x00, 0x00, 0xBF,
    0xFF, 0xFF, 0xFF, 0x80, 0x00, 0x00, 0xBF, 0xFF, 0xFF, 0xFF, 0xC0, 0x00, 0x00, 0xBF, 0xFF, 0xFF,
    0xFF, 0xF0, 0x00, 0x00, 0xBF, 0xFF, 0xFF, 0xFF, 0xF8, 0x00, 0x00, 0xBF, 0xFF, 0xFF, 0xFF, 0xFC,
    0x00, 0x00, 0xBF, 0xFF, 0xF8, 0xFF, 0xFF, 0x00, 0x00, 0xBF, 0xFF, 0xE0, 0x3F, 0xFF, 0x80, 0x00,
    0xBF, 0xFF, 0x80, 0x2F, 0xFF, 0xD0, 0x00, 0xBF, 0xFF, 0x00, 0x0F, 0xFF, 0xF0, 0x00, 0xBF, 0xFF,
    0x00, 0x07, 0xFF, 0xF8, 0x00, 0xBF, 0xFF, 0x00, 0x02, 0xFF, 0xFD, 0x00, 0xBF, 0xFF, 0x00, 0x00,
    0xFF, 0xFF, 0x00, 0xBF, 0xFF, 0x00, 0x00, 0x7F, 0xFF, 0x80, 0xBF, 0xFF, 0x00, 0x00, 0x2F, 0xFF,
    0xD0, 0xBF, 0xFF, 0x00, 0x00, 0x0F, 0xFF, 0xF0, 0xBF, 0xFF, 0x00, 0x00, 0x07, 0xFF, 0xF8, 0x6A,
    0xA9, 0x00, 0xBF, 0xFF, 0x00, 0xBF, 0xFF, 0x00, 0xBF, 0xFF, 0x00, 0xBF, 0xFF, 0x00, 0xBF, 0xFF,
    0x00, 0xBF, 0xFF, 0x00, 0xBF, 0xFF, 0x00, 0xBF, 0xFF, 0x00, 0xBF, 0xFF, 0x00, 0xBF, 0xFF, 0x00,
    0xBF, 0xFF, 0x00, 0xBF, 0xFF, 0x00, 0xBF, 0xFF, 0x00, 0xBF, 0xFF, 0x00, 0xBF, 0xFF, 0x00, 0xBF,
    0xFF, 0x00, 0xBF, 0xFF, 0x00, 0xBF, 0xFF, 0x00, 0xBF, 0xFF, 0x00, 0xBF, 0xFF, 0x00, 0xBF, 0xFF,
    0x00, 0xBF, 0xFF, 0x00, 0xBF, 0xFF, 0x00, 0xBF, 0xFF, 0x00, 0xBF, 0xFF, 0x00, 0xBF, 0xFF, 0x00,
    0xBF, 0xFF, 0x00, 0xBF, 0xFF, 0x00, 0xBF, 0xFF, 0x00, 0xBF, 0xFF, 0xE9, 0x7F, 0xFF, 0xFF, 0x3F,
    0xFF, 0xFF, 0x2F, 0xFF, 0xFF, 0x0B, 0xFF, 0xFF, 0x00, 0xBF, 0xFF, 0x00, 0x00, 0x00, 0x15, 0x00,
    0x00, 0x00, 0x55, 0x00, 0x02, 0xFF, 0xF0, 0x1F, 0xFF, 0xD0, 0x00, 0x7F, 0xFF, 0x80, 0x0B, 0xFF,
    0xC2, 0xFF, 0xFF, 0xF0, 0x0B, 0xFF, 0xFF, 0xE0, 0x2F, 0xFF, 0x2F, 0xFF, 0xFF, 0xF0, 0x7F, 0xFF,
    0xFF, 0xE0, 0xBF, 0xFD, 0xFF, 0xFF, 0xFF, 0xD3, 0xFF, 0xFF, 0xFF, 0xC2, 0xFF, 0xFF, 0xFF, 0xFF,
    0xFF, 0xEF, 0xFF, 0xFF, 0xFF, 0x8B, 0xFF, 0xFF, 0xEB, 0xFF, 0xFF, 0xFF, 0xAF, 0xFF, 0xFF, 0x2F,
    0xFF, 0xF8, 0x01, 0xFF, 0xFF, 0xE0, 0x07, 0xFF, 0xFD, 0xBF, 0xFF, 0xC0, 0x02, 0xFF, 0xFF, 0x00,
    0x0B, 0xFF, 0xFA, 0xFF, 0xFD, 0x00, 0x07, 0xFF, 0xF4, 0x00, 0x0F, 0xFF, 0xEB, 0xFF, 0xF0, 0x00,
    0x0F, 0xFF, 0xC0, 0x00, 0x3F, 0xFF, 0xAF, 0xFF, 0xC0, 0x00, 0x3F, 0xFF, 0x00, 0x00, 0xFF, 0xFE,
    0xBF, 0xFF, 0x00, 0x00, 0xFF, 0xFC, 0x00, 0x03, 0xFF, 0xFA, 0xFF, 0xFC, 0x00, 0x03, 0xFF, 0xF0,
    0x00, 0x0F, 0xFF, 0xEB, 0xFF, 0xF0, 0x00, 0x0F, 0xFF, 0xC0, 0x00, 0x3F, 0xFF, 0xAF, 0xFF, 0xC0,
    0x00, 0x3F, 0xFF, 0x00, 0x00, 0xFF, 0xFE, 0xBF, 0xFF, 0x00, 0x00, 0xFF, 0xFC, 0x00, 0x03, 0xFF,
    0xFA, 0xFF, 0xFC, 0x00, 0x03, 0xFF, 0xF0, 0x00, 0x0F, 0xFF, 0xEB, 0xFF, 0xF0, 0x00, 0x0F, 0xFF,
    0xC0, 0x00, 0x3F, 0xFF, 0xAF, 0xFF, 0xC0, 0x00, 0x3F, 0xFF, 0x00, 0x00, 0xFF, 0xFE, 0xBF, 0xFF,
    0x00, 0x00, 0xFF, 0xFC, 0x00, 0x03, 0xFF, 0xFA, 0xFF, 0xFC, 0x00, 0x03, 0xFF, 0xF0, 0x00, 0x0F,
    0xFF, 0xEB, 0xFF, 0xF0, 0x00, 0x0F, 0xFF, 0xC0, 0x00, 0x3F, 0xFF, 0xAF, 0xFF, 0xC0, 0x00, 0x3F,
    0xFF, 0x00, 0x00, 0xFF, 0xFE, 0xBF, 0xFF, 0x00, 0x00, 0xFF, 0xFC, 0x00, 0x03, 0xFF, 0xFA, 0xFF,
    0xFC, 0x00, 0x03, 0xFF, 0xF0, 0x00, 0x0F, 0xFF, 0xEB, 0xFF, 0xF0, 0x00, 0x0F, 0xFF, 0xC0, 0x00,
    0x3F, 0xFF, 0xAF, 0xFF, 0xC0, 0x00, 0x3F, 0xFF, 0x00, 0x00, 0xFF, 0xFE, 0x00, 0x00, 0x00, 0x15,
    0x40, 0x00, 0x2F, 0xFF, 0x01, 0xFF, 0xFF, 0x40, 0x0B, 0xFF, 0xC2, 0xFF, 0xFF, 0xFC, 0x02, 0xFF,
    0xF2, 0xFF, 0xFF, 0xFF, 0xC0, 0xBF, 0xFD, 0xFF, 0xFF, 0xFF, 0xF8, 0x2F, 0xFF, 0xFF, 0xFF, 0xFF,
    0xFF, 0x0B, 0xFF, 0xFF, 0xEA, 0xFF, 0xFF, 0xE2, 0xFF, 0xFF, 0x80, 0x0B, 0xFF, 0xFC, 0xBF, 0xFF,
    0xC0, 0x00, 0xFF, 0xFF, 0x2F, 0xFF, 0xD0, 0x00, 0x2F, 0xFF, 0xCB, 0xFF, 0xF0, 0x00, 0x07, 0xFF,
    0xF2, 0xFF, 0xFC, 0x00, 0x01, 0xFF, 0xFD, 0xBF, 0xFF, 0x00, 0x00, 0x7F, 0xFF, 0x6F, 0xFF, 0xC0,
    0x00, 0x1F, 0xFF, 0xDB, 0xFF, 0xF0, 0x00, 0x07, 0xFF, 0xF6, 0xFF, 0xFC, 0x00, 0x01, 0xFF, 0xFD,
    0xBF, 0xFF, 0x00, 0x00, 0x7F, 0xFF, 0x6F, 0xFF, 0xC0, 0x00, 0x1F, 0xFF, 0xDB, 0xFF, 0xF0, 0x00,
    0x07, 0xFF, 0xF6, 0xFF, 0xFC, 0x00, 0x01, 0xFF, 0xFD, 0xBF, 0xFF, 0x00, 0x00, 0x7F, 0xFF, 0x6F,
    0xFF, 0xC0, 0x00, 0x1F, 0xFF, 0xDB, 0xFF, 0xF0, 0x00, 0x07, 0xFF, 0xF6, 0xFF, 0xFC, 0x00, 0x01,
    0xFF, 0xFD, 0xBF, 0xFF, 0x00, 0x00, 0x7F, 0xFF, 0x6F, 0xFF, 0xC0, 0x00, 0x1F, 0xFF, 0xDB, 0xFF,
    0xF0, 0x00, 0x07, 0xFF, 0xF6, 0xFF, 0xFC, 0x00, 0x01, 0xFF, 0xFD, 0x00, 0x00, 0x00, 0x55, 0x40,
    0x00, 0x00, 0x00, 0x00, 0x1B, 0xFF, 0xFF, 0x80, 0x00, 0x00, 0x00, 0x3F, 0xFF, 0xFF, 0xFE, 0x00,
    0x00, 0x00, 0x7F, 0xFF, 0xFF, 0xFF, 0xF4, 0x00, 0x00, 0x7F, 0xFF, 0xFF, 0xFF, 0xFF, 0x40, 0x00,
    0x7F, 0xFF, 0xFF, 0xFF, 0xFF, 0xF0, 0x00, 0x3F, 0xFF, 0xF9, 0x5B, 0xFF, 0xFF, 0x00, 0x2F, 0xFF,
    0xF0, 0x00, 0x7F, 0xFF, 0xD0, 0x0F, 0xFF, 0xF0, 0x00, 0x07, 0xFF, 0xFC, 0x07, 0xFF, 0xF8, 0x00,
    0x00, 0xBF, 0xFF, 0x42, 0xFF, 0xFC, 0x00, 0x00, 0x0F, 0xFF, 0xE0, 0xFF, 0xFF, 0x00, 0x00, 0x03,
    0xFF, 0xFC, 0x3F, 0xFF, 0x80, 0x00, 0x00, 0xFF, 0xFF, 0x0F, 0xFF, 0xE0, 0x00, 0x00, 0x2F, 0xFF,
    0xC3, 0xFF, 0xF8, 0x00, 0x00, 0x0B, 0xFF, 0xF0, 0xFF, 0xFE, 0x00, 0x00, 0x02, 0xFF, 0xFC, 0x3F,
    0xFF, 0x80, 0x00, 0x00, 0xFF, 0xFF, 0x0F, 0xFF, 0xF0, 0x00, 0x00, 0x3F, 0xFF, 0xC2, 0xFF, 0xFC,
    0x00, 0x00, 0x0F, 0xFF, 0xE0, 0x7F, 0xFF, 0x40, 0x00, 0x0B, 0xFF, 0xF4, 0x0F, 0xFF, 0xF0, 0x00,
    0x03, 0xFF, 0xFC, 0x02, 0xFF, 0xFF, 0x00, 0x03, 0xFF, 0xFE, 0x00, 0x3F, 0xFF, 0xF4, 0x1B, 0xFF,
    0xFF, 0x00, 0x07, 0xFF, 0xFF, 0xFF, 0xFF, 0xFF, 0x40, 0x00, 0xBF, 0xFF, 0xFF, 0xFF, 0xFF, 0x80,
    0x00, 0x0B, 0xFF, 0xFF, 0xFF, 0xFF, 0x80, 0x00, 0x00, 0x7F, 0xFF, 0xFF, 0xFF, 0x40, 0x00, 0x00,
    0x01, 0xFF, 0xFF, 0xFD, 0x00, 0x00, 0x00, 0x00, 0x01, 0x6A, 0x50, 0x00, 0x00, 0x00, 0x00, 0x00,
    0x00, 0x05, 0x50, 0x00, 0x02, 0xFF, 0xF4, 0x0B, 0xFF, 0xFD, 0x00, 0x0B, 0xFF, 0xE0, 0xFF, 0xFF,
    0xFE, 0x00, 0x2F, 0xFF, 0x8F, 0xFF, 0xFF, 0xFF, 0x00, 0xBF, 0xFE, 0xFF, 0xFF, 0xFF, 0xFF, 0x02,
    0xFF, 0xFF, 0xFF, 0xFF, 0xFF, 0xFE, 0x0B, 0xFF, 0xFF, 0xE5, 0x7F, 0xFF, 0xFC, 0x2F, 0xFF, 0xFD,
    0x00, 0x1F, 0xFF, 0xF8, 0xBF, 0xFF, 0xD0, 0x00, 0x1F, 0xFF, 0xF2, 0xFF, 0xFE, 0x00, 0x00, 0x3F,
    0xFF, 0xCB, 0xFF, 0xF4, 0x00, 0x00, 0x7F, 0xFF, 0x6F, 0xFF, 0xC0, 0x00, 0x00, 0xFF, 0xFE, 0xBF,
    0xFF, 0x00, 0x00, 0x03, 0xFF, 0xFA, 0xFF, 0xFC, 0x00, 0x00, 0x0F, 0xFF, 0xFB, 0xFF, 0xF0, 0x00,
    0x00, 0x3F, 0xFF, 0xEF, 0xFF, 0xC0, 0x00, 0x00, 0xFF, 0xFF, 0xBF, 0xFF, 0x00, 0x00, 0x03, 0xFF,
    0xFE, 0xFF, 0xFC, 0x00, 0x00, 0x0F, 0xFF, 0xEB, 0xFF, 0xF4, 0x00, 0x00, 0x7F, 0xFF, 0x6F, 0xFF,
    0xE0, 0x00, 0x02, 0xFF, 0xFD, 0xBF, 0xFF, 0xC0, 0x00, 0x1F, 0xFF, 0xF2, 0xFF, 0xFF, 0xC0, 0x00,
    0xFF, 0xFF, 0x8B, 0xFF, 0xFF, 0xE4, 0x6F, 0xFF, 0xFC, 0x2F, 0xFF, 0xFF, 0xFF, 0xFF, 0xFF, 0xE0,
    0xBF, 0xFF, 0xFF, 0xFF, 0xFF, 0xFF, 0x02, 0xFF, 0xFD, 0xFF, 0xFF, 0xFF, 0xF0, 0x0B, 0xFF, 0xF1,
    0xFF, 0xFF, 0xFF, 0x00, 0x2F, 0xFF, 0xC0, 0xBF, 0xFF, 0xE0, 0x00, 0xBF, 0xFF, 0x00, 0x1A, 0x90,
    0x00, 0x02, 0xFF, 0xFC, 0x00, 0x00, 0x00, 0x00, 0x0B, 0xFF, 0xF0, 0x00, 0x00, 0x00, 0x00, 0x2F,
    0xFF, 0xC0, 0x00, 0x00, 0x00, 0x00, 0xBF, 0xFF, 0x00, 0x00, 0x00, 0x00, 0x02, 0xFF, 0xFC, 0x00,
    0x00, 0x00, 0x00, 0x0B, 0xFF, 0xF0, 0x00, 0x00, 0x00, 0x00, 0x1A, 0xAA, 0x40, 0x00, 0x00, 0x00,
    0x00, 0x00, 0x00, 0x05, 0x50, 0x00, 0x00, 0x00, 0x00, 0x01, 0xFF, 0xFF, 0x40, 0xBF, 0xFD, 0x00,
    0x0F, 0xFF, 0xFF, 0xF0, 0xFF, 0xFD, 0x00, 0x7F, 0xFF, 0xFF, 0xFC, 0xFF, 0xFD, 0x00, 0xFF, 0xFF,
    0xFF, 0xFE, 0xFF, 0xFD, 0x03, 0xFF, 0xFF, 0xFF, 0xFF, 0xFF, 0xFD, 0x07, 0xFF, 0xFF, 0x95, 0xFF,
    0xFF, 0xFD, 0x0F, 0xFF, 0xFC, 0x00, 0x1F, 0xFF, 0xFD, 0x0F, 0xFF, 0xF0, 0x00, 0x0B, 0xFF, 0xFD,
    0x2F, 0xFF, 0xE0, 0x00, 0x03, 0xFF, 0xFD, 0x3F, 0xFF, 0xC0, 0x00, 0x02, 0xFF, 0xFD, 0x3F, 0xFF,
    0xC0, 0x00, 0x01, 0xFF, 0xFD, 0x3F, 0xFF, 0x80, 0x00, 0x00, 0xFF, 0xFD, 0x3F, 0xFF, 0x80, 0x00,
    0x00, 0xFF, 0xFD, 0x3F, 0xFF, 0x80, 0x00, 0x00, 0xFF, 0xFD, 0x3F, 0xFF, 0x80, 0x00, 0x00, 0xFF,
    0xFD, 0x3F, 0xFF, 0x80, 0x00, 0x00, 0xFF, 0xFD, 0x3F, 0xFF, 0xC0, 0x00, 0x01, 0xFF, 0xFD, 0x3F,
    0xFF, 0xC0, 0x00, 0x02, 0xFF, 0xFD, 0x2F, 0xFF, 0xD0, 0x00, 0x03, 0xFF, 0xFD, 0x1F, 0xFF, 0xF0,
    0x00, 0x07, 0xFF, 0xFD, 0x0F, 0xFF, 0xFC, 0x00, 0x1F, 0xFF, 0xFD, 0x0B, 0xFF, 0xFF, 0x41, 0xBF,
    0xFF, 0xFD, 0x03, 0xFF, 0xFF, 0xFF, 0xFF, 0xFF, 0xFD, 0x01, 0xFF, 0xFF, 0xFF, 0xFF, 0xFF, 0xFD,
    0x00, 0x7F, 0xFF, 0xFF, 0xFC, 0xFF, 0xFD, 0x00, 0x1F, 0xFF, 0xFF, 0xF0, 0xFF, 0xFD, 0x00, 0x02,
    0xFF, 0xFF, 0x80, 0xFF, 0xFD, 0x00, 0x00, 0x16, 0xA4, 0x00, 0xFF, 0xFD, 0x00, 0x00, 0x00, 0x00,
    0x00, 0xFF, 0xFD, 0x00, 0x00, 0x00, 0x00, 0x00, 0xFF, 0xFD, 0x00, 0x00, 0x00, 0x00, 0x00, 0xFF,
    0xFD, 0x00, 0x00, 0x00, 0x00, 0x00, 0xFF, 0xFD, 0x00, 0x00, 0x00, 0x00, 0x00, 0xFF, 0xFD, 0x00,
    0x00, 0x00, 0x00, 0x00, 0xFF, 0xFD, 0x00, 0x00, 0x00, 0x00, 0x00, 0xAA, 0xA8, 0xBF, 0xFD, 0x01,
    0xBF, 0x6F, 0xFF, 0x43, 0xFF, 0xDB, 0xFF, 0xD3, 0xFF, 0xF6, 0xFF, 0xFA, 0xFF, 0xFD, 0xBF, 0xFE,
    0xFF, 0xFF, 0x6F, 0xFF, 0xFF, 0xFF, 0xDB, 0xFF, 0xFF, 0xE5, 0x52, 0xFF, 0xFF, 0x80, 0x00, 0xBF,
    0xFF, 0x80, 0x00, 0x2F, 0xFF, 0xC0, 0x00, 0x0B, 0xFF, 0xF0, 0x00, 0x02, 0xFF, 0xFC, 0x00, 0x00,
    0xBF, 0xFF, 0x00, 0x00, 0x2F, 0xFF, 0xC0, 0x00, 0x0B, 0xFF, 0xF0, 0x00, 0x02, 0xFF, 0xFC, 0x00,
    0x00, 0xBF, 0xFF, 0x00, 0x00, 0x2F, 0xFF, 0xC0, 0x00, 0x0B, 0xFF, 0xF0, 0x00, 0x02, 0xFF, 0xFC,
    0x00, 0x00, 0xBF, 0xFF, 0x00, 0x00, 0x2F, 0xFF, 0xC0, 0x00, 0x0B, 0xFF, 0xF0, 0x00, 0x02, 0xFF,
    0xFC, 0x00, 0x00, 0xBF, 0xFF, 0x00, 0x00, 0x2F, 0xFF, 0xC0, 0x00, 0x0B, 0xFF, 0xF0, 0x00, 0x00,
    0x00, 0x00, 0x01, 0x55, 0x00, 0x00, 0x00, 0x00, 0x2F, 0xFF, 0xFF, 0x90, 0x00, 0x00, 0x2F, 0xFF,
    0xFF, 0xFF, 0xC0, 0x00, 0x0F, 0xFF, 0xFF, 0xFF, 0xFF, 0x40, 0x03, 0xFF, 0xFF, 0xFF, 0xFF, 0xFD,
    0x00, 0xBF, 0xFF, 0xFF, 0xFF, 0xFF, 0xF0, 0x0F, 0xFF, 0xF8, 0x01, 0xFF, 0xFF, 0x81, 0xFF, 0xFE,
    0x00, 0x03, 0xFF, 0xFC, 0x1F, 0xFF, 0xC0, 0x00, 0x1F, 0xFF, 0xD1, 0xFF, 0xFD, 0x00, 0x00, 0xFF,
    0xFD, 0x1F, 0xFF, 0xE0, 0x00, 0x00, 0x00, 0x00, 0xFF, 0xFF, 0xD0, 0x00, 0x00, 0x00, 0x0F, 0xFF,
    0xFF, 0xFE, 0x40, 0x00, 0x00, 0x3F, 0xFF, 0xFF, 0xFF, 0xE4, 0x00, 0x01, 0xFF, 0xFF, 0xFF, 0xFF,
    0xF4, 0x00, 0x02, 0xFF, 0xFF, 0xFF, 0xFF, 0xE0, 0x00, 0x01, 0xBF, 0xFF, 0xFF, 0xFF, 0x80, 0x00,
    0x00, 0x16, 0xFF, 0xFF, 0xFC, 0x00, 0x00, 0x00, 0x00, 0x7F, 0xFF, 0xE1, 0xAA, 0xA4, 0x00, 0x01,
    0xFF, 0xFE, 0x3F, 0xFF, 0xC0, 0x00, 0x0F, 0xFF, 0xE3, 0xFF, 0xFD, 0x00, 0x00, 0xFF, 0xFE, 0x1F,
    0xFF, 0xF4, 0x00, 0x3F, 0xFF, 0xD0, 0xFF, 0xFF, 0xFE, 0xBF, 0xFF, 0xFC, 0x07, 0xFF, 0xFF, 0xFF,
    0xFF, 0xFF, 0x80, 0x1F, 0xFF, 0xFF, 0xFF, 0xFF, 0xE0, 0x00, 0x3F, 0xFF, 0xFF, 0xFF, 0xF4, 0x00,
    0x00, 0x6F, 0xFF, 0xFF, 0xF4, 0x00, 0x00, 0x00, 0x05, 0xAA, 0x50, 0x00, 0x00, 0x00, 0x00, 0x00,
    0x00, 0x00, 0x02, 0xFF, 0xFC, 0x00, 0x00, 0x0B, 0xFF, 0xF0, 0x00, 0x00, 0x2F, 0xFF, 0xC0, 0x00,
    0x00, 0xBF, 0xFF, 0x00, 0x00, 0x02, 0xFF, 0xFC, 0x00, 0x00, 0x0B, 0xFF, 0xF0, 0x00, 0x3F, 0xFF,
    0xFF, 0xFF, 0xFE, 0xFF, 0xFF, 0xFF, 0xFF, 0xFF, 0xFF, 0xFF, 0xFF, 0xFF, 0xFF, 0xFF, 0xFF, 0xFF,
    0xFF, 0xFF, 0xFF, 0xFF, 0xFF, 0xFF, 0xFF, 0xFF, 0xFF, 0xFF, 0xF8, 0x02, 0xFF, 0xFC, 0x00, 0x00,
    0x0B, 0xFF, 0xF0, 0x00, 0x00, 0x2F, 0xFF, 0xC0, 0x00, 0x00, 0xBF, 0xFF, 0x00, 0x00, 0x02, 0xFF,
    0xFC, 0x00, 0x00, 0x0B, 0xFF, 0xF0, 0x00, 0x00, 0x2F, 0xFF, 0xC0, 0x00, 0x00, 0xBF, 0xFF, 0x00,
    0x00, 0x02, 0xFF, 0xFC, 0x00, 0x00, 0x0B, 0xFF, 0xF0, 0x00, 0x00, 0x2F, 0xFF, 0xC0, 0x00, 0x00,
    0xBF, 0xFF, 0x00, 0x00, 0x02, 0xFF, 0xFC, 0x00, 0x00, 0x0B, 0xFF, 0xF0, 0x00, 0x00, 0x2F, 0xFF,
    0xE0, 0x00, 0x00, 0x7F, 0xFF, 0xFA, 0xA8, 0x00, 0xFF, 0xFF, 0xFF, 0xF0, 0x03, 0xFF, 0xFF, 0xFF,
    0xC0, 0x03, 0xFF, 0xFF, 0xFF, 0x00, 0x07, 0xFF, 0xFF, 0xFC, 0x00, 0x01, 0xBF, 0xFF, 0xF0, 0xBF,
    0xFE, 0x00, 0x00, 0x7F, 0xFF, 0x2F, 0xFF, 0xC0, 0x00, 0x1F, 0xFF, 0xCB, 0xFF, 0xF0, 0x00, 0x07,
    0xFF, 0xF2, 0xFF, 0xFC, 0x00, 0x01, 0xFF, 0xFC, 0xBF, 0xFF, 0x00, 0x00, 0x7F, 0xFF, 0x2F, 0xFF,
    0xC0, 0x00, 0x1F, 0xFF, 0xCB, 0xFF, 0xF0, 0x00, 0x07, 0xFF, 0xF2, 0xFF, 0xFC, 0x00, 0x01, 0xFF,
    0xFC, 0xBF, 0xFF, 0x00, 0x00, 0x7F, 0xFF, 0x2F, 0xFF, 0xC0, 0x00, 0x1F, 0xFF, 0xCB, 0xFF, 0xF0,
    0x00, 0x07, 0xFF, 0xF2, 0xFF, 0xFC, 0x00, 0x01, 0xFF, 0xFC, 0xBF, 0xFF, 0x00, 0x00, 0x7F, 0xFF,
    0x2F, 0xFF, 0xC0, 0x00, 0x1F, 0xFF, 0xCB, 0xFF, 0xF0, 0x00, 0x07, 0xFF, 0xF2, 0xFF, 0xFC, 0x00,
    0x01, 0xFF, 0xFC, 0xBF, 0xFF, 0x00, 0x00, 0x7F, 0xFF, 0x2F, 0xFF, 0xC0, 0x00, 0x2F, 0xFF, 0xCB,
    0xFF, 0xF0, 0x00, 0x0F, 0xFF, 0xF2, 0xFF, 0xFD, 0x00, 0x07, 0xFF, 0xFC, 0x7F, 0xFF, 0xC0, 0x03,
    0xFF, 0xFF, 0x0F, 0xFF, 0xFE, 0x5B, 0xFF, 0xFF, 0xC3, 0xFF, 0xFF, 0xFF, 0xFF, 0xFF, 0xF0, 0x7F,
    0xFF, 0xFF, 0xFE, 0xFF, 0xFC, 0x0B, 0xFF, 0xFF, 0xFF, 0x3F, 0xFF, 0x00, 0xBF, 0xFF, 0xFF, 0x0F,
    0xFF, 0xC0, 0x07, 0xFF, 0xFE, 0x03, 0xFF, 0xF0, 0x00, 0x16, 0xA4, 0x00, 0x00, 0x00, 0xBF, 0xFF,
    0x00, 0x00, 0x00, 0x7F, 0xFF, 0x1F, 0xFF, 0xD0, 0x00, 0x00, 0x3F, 0xFF, 0xC3, 0xFF, 0xF8, 0x00,
    0x00, 0x0F, 0xFF, 0xE0, 0xFF, 0xFF, 0x00, 0x00, 0x0B, 0xFF, 0xF0, 0x1F, 0xFF, 0xD0, 0x00, 0x03,
    0xFF, 0xFC, 0x03, 0xFF, 0xF8, 0x00, 0x00, 0xFF, 0xFD, 0x00, 0xBF, 0xFF, 0x00, 0x00, 0xBF, 0xFF,
    0x00, 0x1F, 0xFF, 0xD0, 0x00, 0x3F, 0xFF, 0x80, 0x03, 0xFF, 0xF8, 0x00, 0x0F, 0xFF, 0xD0, 0x00,
    0xBF, 0xFF, 0x00, 0x07, 0xFF, 0xF0, 0x00, 0x0F, 0xFF, 0xD0, 0x03, 0xFF, 0xF8, 0x00, 0x03, 0xFF,
    0xF8, 0x00, 0xFF, 0xFD, 0x00, 0x00, 0x7F, 0xFF, 0x00, 0x7F, 0xFF, 0x00, 0x00, 0x0F, 0xFF, 0xD0,
    0x3F, 0xFF, 0x80, 0x00, 0x02, 0xFF, 0xF8, 0x0F, 0xFF, 0xC0, 0x00, 0x00, 0x7F, 0xFF, 0x07, 0xFF,
    0xF0, 0x00, 0x00, 0x0F, 0xFF, 0xD3, 0xFF, 0xF4, 0x00, 0x00, 0x02, 0xFF, 0xF8, 0xFF, 0xFC, 0x00,
    0x00, 0x00, 0x7F, 0xFF, 0x7F, 0xFE, 0x00, 0x00, 0x00, 0x0F, 0xFF, 0xFF, 0xFF, 0x40, 0x00, 0x00,
    0x02, 0xFF, 0xFF, 0xFF, 0xC0, 0x00, 0x00, 0x00, 0x3F, 0xFF, 0xFF, 0xE0, 0x00, 0x00, 0x00, 0x0F,
    0xFF, 0xFF, 0xF0, 0x00, 0x00, 0x00, 0x01, 0xFF, 0xFF, 0xFC, 0x00, 0x00, 0x00, 0x00, 0x3F, 0xFF,
    0xFD, 0x00, 0x00, 0x00, 0x00, 0x0B, 0xFF, 0xFF, 0x00, 0x00, 0x00, 0x00, 0x01, 0xFF, 0xFF, 0x80,
    0x00, 0x00, 0xBF, 0xFE, 0x00, 0x00, 0x3F, 0xFD, 0x00, 0x00, 0x3F, 0xFF, 0x2F, 0xFF, 0xC0, 0x00,
    0x0F, 0xFF, 0x80, 0x00, 0x1F, 0xFF, 0xC7, 0xFF, 0xF0, 0x00, 0x07, 0xFF, 0xF0, 0x00, 0x0F, 0xFF,
    0xE0, 0xFF, 0xFD, 0x00, 0x02, 0xFF, 0xFC, 0x00, 0x03, 0xFF, 0xF4, 0x2F, 0xFF, 0x80, 0x00, 0xFF,
    0xFF, 0x40, 0x01, 0xFF, 0xFC, 0x07, 0xFF, 0xF0, 0x00, 0x7F, 0xFF, 0xE0, 0x00, 0xBF, 0xFF, 0x00,
    0xFF, 0xFC, 0x00, 0x2F, 0xFF, 0xFC, 0x00, 0x3F, 0xFF, 0x80, 0x3F, 0xFF, 0x40, 0x0F, 0xFF, 0xFF,
    0x00, 0x0F, 0xFF, 0xC0, 0x07, 0xFF, 0xE0, 0x03, 0xFF, 0xFF, 0xE0, 0x07, 0xFF, 0xF0, 0x00, 0xFF,
    0xFC, 0x01, 0xFF, 0xFF, 0xFC, 0x02, 0xFF, 0xF8, 0x00, 0x3F, 0xFF, 0x00, 0xBF, 0xFF, 0xFF, 0x00,
    0xFF, 0xFD, 0x00, 0x0B, 0xFF, 0xD0, 0x3F, 0xFD, 0xFF, 0xD0, 0x3F, 0xFF, 0x00, 0x01, 0xFF, 0xF8,
    0x0F, 0xFE, 0x3F, 0xF8, 0x1F, 0xFF, 0xC0, 0x00, 0x3F, 0xFF, 0x07, 0xFF, 0x0F, 0xFF, 0x0B, 0xFF,
    0xD0, 0x00, 0x0B, 0xFF, 0xC2, 0xFF, 0xC2, 0xFF, 0xC3, 0xFF, 0xF0, 0x00, 0x01, 0xFF, 0xF4, 0xFF,
    0xE0, 0x3F, 0xF4, 0xFF, 0xFC, 0x00, 0x00, 0x3F, 0xFE, 0x7F, 0xF4, 0x0F, 0xFE, 0x7F, 0xFE, 0x00,
    0x00, 0x0F, 0xFF, 0xEF, 0xFC, 0x02, 0xFF, 0xEF, 0xFF, 0x40, 0x00, 0x02, 0xFF, 0xFF, 0xFF, 0x00,
    0x7F, 0xFF, 0xFF, 0xC0, 0x00, 0x00, 0x3F, 0xFF, 0xFF, 0x40, 0x0F, 0xFF, 0xFF, 0xE0, 0x00, 0x00,
    0x0F, 0xFF, 0xFF, 0xC0, 0x03, 0xFF, 0xFF, 0xF4, 0x00, 0x00, 0x02, 0xFF, 0xFF, 0xF0, 0x00, 0x7F,
    0xFF, 0xFC, 0x00, 0x00, 0x00, 0x7F, 0xFF, 0xF8, 0x00, 0x0F, 0xFF, 0xFF, 0x00, 0x00, 0x00, 0x0F,
    0xFF, 0xFD, 0x00, 0x03, 0xFF, 0xFF, 0x40, 0x00, 0x00, 0x02, 0xFF, 0xFF, 0x00, 0x00, 0xBF, 0xFF,
    0xC0, 0x00, 0x00, 0x00, 0x7F, 0xFF, 0x80, 0x00, 0x1F, 0xFF, 0xF0, 0x00, 0x00, 0x00, 0x0F, 0xFF,
    0xD0, 0x00, 0x03, 0xFF, 0xF8, 0x00, 0x00, 0x3F, 0xFF, 0x80, 0x00, 0x01, 0xFF, 0xFE, 0x0B, 0xFF,
    0xF4, 0x00, 0x00, 0xFF, 0xFF, 0x00, 0xFF, 0xFF, 0x00, 0x00, 0xBF, 0xFF, 0x40, 0x0F, 0xFF, 0xE0,
    0x00, 0x7F, 0xFF, 0x80, 0x01, 0xFF, 0xFD, 0x00, 0x3F, 0xFF, 0xC0, 0x00, 0x2F, 0xFF, 0xC0, 0x2F,
    0xFF, 0xD0, 0x00, 0x03, 0xFF, 0xF8, 0x1F, 0xFF, 0xE0, 0x00, 0x00, 0x7F, 0xFF, 0x4F, 0xFF, 0xF0,
    0x00, 0x00, 0x0B, 0xFF, 0xFB, 0xFF, 0xF0, 0x00, 0x00, 0x00, 0xFF, 0xFF, 0xFF, 0xF4, 0x00, 0x00,
    0x00, 0x0F, 0xFF, 0xFF, 0xFC, 0x00, 0x00, 0x00, 0x02, 0xFF, 0xFF, 0xFC, 0x00, 0x00, 0x00, 0x00,
    0x3F, 0xFF, 0xFD, 0x00, 0x00, 0x00, 0x00, 0x07, 0xFF, 0xFF, 0x00, 0x00, 0x00, 0x00, 0x03, 0xFF,
    0xFF, 0xD0, 0x00, 0x00, 0x00, 0x02, 0xFF, 0xFF, 0xFC, 0x00, 0x00, 0x00, 0x01, 0xFF, 0xFF, 0xFF,
    0xC0, 0x00, 0x00, 0x00, 0xFF, 0xFF, 0xFF, 0xF8, 0x00, 0x00, 0x00, 0xBF, 0xFF, 0x7F, 0xFF, 0x40,
    0x00, 0x00, 0x7F, 0xFF, 0x4B, 0xFF, 0xF0, 0x00, 0x00, 0x3F, 0xFF, 0x80, 0xFF, 0xFE, 0x00, 0x00,
    0x3F, 0xFF, 0xC0, 0x1F, 0xFF, 0xD0, 0x00, 0x2F, 0xFF, 0xD0, 0x02, 0xFF, 0xFC, 0x00, 0x1F, 0xFF,
    0xE0, 0x00, 0x3F, 0xFF, 0x80, 0x0F, 0xFF, 0xF0, 0x00, 0x07, 0xFF, 0xF4, 0x0B, 0xFF, 0xF4, 0x00,
    0x00, 0xBF, 0xFF, 0x07, 0xFF, 0xF8, 0x00, 0x00, 0x0F, 0xFF, 0xF0, 0xBF, 0xFE, 0x00, 0x00, 0x01,
    0xFF, 0xFC, 0x7F, 0xFF, 0x00, 0x00, 0x03, 0xFF, 0xFC, 0x3F, 0xFF, 0x40, 0x00, 0x03, 0xFF, 0xF4,
    0x2F, 0xFF, 0xC0, 0x00, 0x07, 0xFF, 0xF0, 0x1F, 0xFF, 0xC0, 0x00, 0x0B, 0xFF, 0xE0, 0x0F, 0xFF,
    0xD0, 0x00, 0x0F, 0xFF, 0xD0, 0x0B, 0xFF, 0xF0, 0x00, 0x1F, 0xFF, 0xC0, 0x07, 0xFF, 0xF0, 0x00,
    0x2F, 0xFF, 0x80, 0x03, 0xFF, 0xF4, 0x00, 0x3F, 0xFF, 0x40, 0x02, 0xFF, 0xFC, 0x00, 0x7F, 0xFF,
    0x00, 0x00, 0xFF, 0xFC, 0x00, 0xBF, 0xFE, 0x00, 0x00, 0xFF, 0xFD, 0x00, 0xFF, 0xFD, 0x00, 0x00,
    0x7F, 0xFF, 0x00, 0xFF, 0xFC, 0x00, 0x00, 0x3F, 0xFF, 0x02, 0xFF, 0xF8, 0x00, 0x00, 0x2F, 0xFF,
    0x43, 0xFF, 0xF0, 0x00, 0x00, 0x1F, 0xFF, 0xC3, 0xFF, 0xF0, 0x00, 0x00, 0x0F, 0xFF, 0xC7, 0xFF,
    0xE0, 0x00, 0x00, 0x0B, 0xFF, 0xDF, 0xFF, 0xC0, 0x00, 0x00, 0x03, 0xFF, 0xFF, 0xFF, 0xC0, 0x00,
    0x00, 0x03, 0xFF, 0xFF, 0xFF, 0x40, 0x00, 0x00, 0x01, 0xFF, 0xFF, 0xFF, 0x00, 0x00, 0x00, 0x00,
    0xFF, 0xFF, 0xFF, 0x00, 0x00, 0x00, 0x00, 0xBF, 0xFF, 0xFD, 0x00, 0x00, 0x00, 0x00, 0x7F, 0xFF,
    0xFC, 0x00, 0x00, 0x00, 0x00, 0x3F, 0xFF, 0xF8, 0x00, 0x00, 0x00, 0x00, 0x1B, 0xFF, 0xF4, 0x00,
    0x00, 0x00, 0x00, 0x03, 0xFF, 0xF0, 0x00, 0x00, 0x00, 0x00, 0x03, 0xFF, 0xE0, 0x00, 0x00, 0x00,
    0x00, 0x1F, 0xFF, 0xD0, 0x00, 0x00, 0x00, 0xBF, 0xFF, 0xFF, 0xC0, 0x00, 0x00, 0x00, 0xBF, 0xFF,
    0xFF, 0x80, 0x00, 0x00, 0x00, 0xBF, 0xFF, 0xFF, 0x00, 0x00, 0x00, 0x00, 0xBF, 0xFF, 0xFD, 0x00,
    0x00, 0x00, 0x00, 0xBF, 0xFF, 0xF0, 0x00, 0x00, 0x00, 0x00, 0x6A, 0xA5, 0x00, 0x00, 0x00, 0x00,
    0x1F, 0xFF, 0xFF, 0xFF, 0xFF, 0xFF, 0x4B, 0xFF, 0xFF, 0xFF, 0xFF, 0xFF, 0xE2, 0xFF, 0xFF, 0xFF,
    0xFF, 0xFF, 0xF8, 0xBF, 0xFF, 0xFF, 0xFF, 0xFF, 0xFE, 0x2F, 0xFF, 0xFF, 0xFF, 0xFF, 0xFF, 0x87,
    0xFF, 0xFF, 0xFF, 0xFF, 0xFF, 0xE0, 0x00, 0x00, 0x00, 0x3F, 0xFF, 0xF0, 0x00, 0x00, 0x00, 0x3F,
    0xFF, 0xF0, 0x00, 0x00, 0x00, 0x3F, 0xFF, 0xF0, 0x00, 0x00, 0x00, 0x3F, 0xFF, 0xF4, 0x00, 0x00,
    0x00, 0x3F, 0xFF, 0xF4, 0x00, 0x00, 0x00, 0x3F, 0xFF, 0xF4, 0x00, 0x00, 0x00, 0x3F, 0xFF, 0xF4,
    0x00, 0x00, 0x00, 0x3F, 0xFF, 0xF4, 0x00, 0x00, 0x00, 0x3F, 0xFF, 0xF4, 0x00, 0x00, 0x00, 0x3F,
    0xFF, 0xF4, 0x00, 0x00, 0x00, 0x2F, 0xFF, 0xF4, 0x00, 0x00, 0x00, 0x2F, 0xFF, 0xF4, 0x00, 0x00,
    0x00, 0x2F, 0xFF, 0xF4, 0x00, 0x00, 0x00, 0x2F, 0xFF, 0xF4, 0x00, 0x00, 0x00, 0x2F, 0xFF, 0xF4,
    0x00, 0x00, 0x00, 0x0F, 0xFF, 0xFE, 0xAA, 0xAA, 0xAA, 0xA3, 0xFF, 0xFF, 0xFF, 0xFF, 0xFF, 0xFC,
    0xFF, 0xFF, 0xFF, 0xFF, 0xFF, 0xFF, 0x3F, 0xFF, 0xFF, 0xFF, 0xFF, 0xFF, 0xCF, 0xFF, 0xFF, 0xFF,
    0xFF, 0xFF, 0xF3, 0xFF, 0xFF, 0xFF, 0xFF, 0xFF, 0xFC, 0x00, 0x00, 0x06, 0xBF, 0xE0, 0x00, 0x07,
    0xFF, 0xFF, 0x00, 0x01, 0xFF, 0xFF, 0xF0, 0x00, 0x7F, 0xFF, 0xFF, 0x00, 0x0F, 0xFF, 0xFF, 0xF0,
    0x02, 0xFF, 0xFF, 0xFF, 0x00, 0x3F, 0xFF, 0xFE, 0x90, 0x03, 0xFF, 0xFC, 0x00, 0x00, 0x7F, 0xFF,
    0x40, 0x00, 0x07, 0xFF, 0xF0, 0x00, 0x00, 0x7F, 0xFF, 0x00, 0x00, 0x07, 0xFF, 0xF0, 0x00, 0x00,
    0x7F, 0xFF, 0x00, 0x00, 0x07, 0xFF, 0xF0, 0x00, 0x00, 0x7F, 0xFE, 0x00, 0x00, 0x0B, 0xFF, 0xE0,
    0x00, 0x00, 0xBF, 0xFE, 0x00, 0x00, 0x0F, 0xFF, 0xC0, 0x00, 0x07, 0xFF, 0xFC, 0x00, 0x0B, 0xFF,
    0xFF, 0x00, 0x00, 0xFF, 0xFF, 0xD0, 0x00, 0x0F, 0xFF, 0xE0, 0x00, 0x00, 0xFF, 0xF9, 0x00, 0x00,
    0x0F, 0xFF, 0xFC, 0x00, 0x00, 0xFF, 0xFF, 0xF0, 0x00, 0x00, 0xBF, 0xFF, 0x80, 0x00, 0x01, 0xFF,
    0xFC, 0x00, 0x00, 0x0F, 0xFF, 0xD0, 0x00, 0x00, 0xBF, 0xFE, 0x00, 0x00, 0x07, 0xFF, 0xE0, 0x00,
    0x00, 0x7F, 0xFF, 0x00, 0x00, 0x07, 0xFF, 0xF0, 0x00, 0x00, 0x7F, 0xFF, 0x00, 0x00, 0x07, 0xFF,
    0xF0, 0x00, 0x00, 0x7F, 0xFF, 0x00, 0x00, 0x07, 0xFF, 0xF0, 0x00, 0x00, 0x7F, 0xFF, 0x80, 0x00,
    0x03, 0xFF, 0xFF, 0x40, 0x00, 0x3F, 0xFF, 0xFF, 0xF0, 0x01, 0xFF, 0xFF, 0xFF, 0x00, 0x0B, 0xFF,
    0xFF, 0xF0, 0x00, 0x3F, 0xFF, 0xFF, 0x00, 0x00, 0xBF, 0xFF, 0xF0, 0x00, 0x00, 0xBF, 0xFF, 0x00,
    0x00, 0x00, 0x01, 0x40, 0x2A, 0xAA, 0x7F, 0xFF, 0x7F, 0xFF, 0x7F, 0xFF, 0x7F, 0xFF, 0x7F, 0xFF,
    0x7F, 0xFF, 0x7F, 0xFF, 0x7F, 0xFF, 0x7F, 0xFF, 0x7F, 0xFF, 0x7F, 0xFF, 0x7F, 0xFF, 0x7F, 0xFF,
    0x7F, 0xFF, 0x7F, 0xFF, 0x7F, 0xFF, 0x7F, 0xFF, 0x7F, 0xFF, 0x7F, 0xFF, 0x7F, 0xFF, 0x7F, 0xFF,
    0x7F, 0xFF, 0x7F, 0xFF, 0x7F, 0xFF, 0x7F, 0xFF, 0x7F, 0xFF, 0x7F, 0xFF, 0x7F, 0xFF, 0x7F, 0xFF,
    0x7F, 0xFF, 0x7F, 0xFF, 0x7F, 0xFF, 0x7F, 0xFF, 0x7F, 0xFF, 0x7F, 0xFF, 0x7F, 0xFF, 0x7F, 0xFF,
    0x7F, 0xFF, 0x7F, 0xFF, 0x7F, 0xFF, 0x7F, 0xFF, 0x7F, 0xFF, 0x2A, 0xAA, 0x7F, 0xF9, 0x00, 0x00,
    0x01, 0xFF, 0xFF, 0x80, 0x00, 0x07, 0xFF, 0xFF, 0xC0, 0x00, 0x1F, 0xFF, 0xFF, 0xC0, 0x00, 0x7F,
    0xFF, 0xFF, 0x40, 0x01, 0xFF, 0xFF, 0xFF, 0x00, 0x02, 0xAF, 0xFF, 0xFD, 0x00, 0x00, 0x0B, 0xFF,
    0xF8, 0x00, 0x00, 0x0F, 0xFF, 0xE0, 0x00, 0x00, 0x2F, 0xFF, 0x80, 0x00, 0x00, 0x7F, 0xFF, 0x00,
    0x00, 0x01, 0xFF, 0xFC, 0x00, 0x00, 0x07, 0xFF, 0xF0, 0x00, 0x00, 0x1F, 0xFF, 0xC0, 0x00, 0x00,
    0x7F, 0xFF, 0x00, 0x00, 0x01, 0xFF, 0xFC, 0x00, 0x00, 0x03, 0xFF, 0xF0, 0x00, 0x00, 0x0F, 0xFF,
    0xE0, 0x00, 0x00, 0x1F, 0xFF, 0xD0, 0x00, 0x00, 0x3F, 0xFF, 0xFC, 0x00, 0x00, 0x3F, 0xFF, 0xF4,
    0x00, 0x00, 0x1F, 0xFF, 0xD0, 0x00, 0x00, 0x2F, 0xFF, 0x40, 0x00, 0x0B, 0xFF, 0xFD, 0x00, 0x00,
    0xBF, 0xFF, 0xF4, 0x00, 0x07, 0xFF, 0xFD, 0x00, 0x00, 0x3F, 0xFF, 0x80, 0x00, 0x00, 0xFF, 0xFC,
    0x00, 0x00, 0x07, 0xFF, 0xF0, 0x00, 0x00, 0x1F, 0xFF, 0xC0, 0x00, 0x00, 0x7F, 0xFF, 0x00, 0x00,
    0x01, 0xFF, 0xFC, 0x00, 0x00, 0x07, 0xFF, 0xF0, 0x00, 0x00, 0x1F, 0xFF, 0xC0, 0x00, 0x00, 0x7F,
    0xFF, 0x00, 0x00, 0x02, 0xFF, 0xF8, 0x00, 0x00, 0x1F, 0xFF, 0xE0, 0x00, 0x06, 0xFF, 0xFF, 0x40,
    0x07, 0xFF, 0xFF, 0xFC, 0x00, 0x1F, 0xFF, 0xFF, 0xE0, 0x00, 0x7F, 0xFF, 0xFF, 0x00, 0x01, 0xFF,
    0xFF, 0xF4, 0x00, 0x07, 0xFF, 0xFF, 0x00, 0x00, 0x1F, 0xFF, 0x90, 0x00, 0x00, 0x15, 0x00, 0x00,
    0x00, 0x00, 0x00, 0x05, 0x00, 0x00, 0x00, 0x00, 0x07, 0xFF, 0xC0, 0x00, 0xFF, 0xC0, 0xBF, 0xFF,
    0xD0, 0x07, 0xFF, 0x07, 0xFF, 0xFF, 0xD0, 0x2F, 0xFC, 0x3F, 0xFF, 0xFF, 0xD0, 0xFF, 0xE1, 0xFF,
    0xFB, 0xFF, 0xFF, 0xFF, 0x4B, 0xFF, 0x03, 0xFF, 0xFF, 0xFC, 0x3F, 0xF8, 0x03, 0xFF, 0xFF, 0xD0,
    0xFF, 0xD0, 0x03, 0xFF, 0xFD, 0x02, 0xFF, 0x40, 0x01, 0xFF, 0x80, 0x00, 0x00, 0x00, 0x14, 0x00,
    0x00, 0x00, 0x2F, 0xFF, 0x40, 0x00, 0x0B, 0xFF, 0xFF, 0xC0, 0x00, 0xBF, 0xFF, 0xFF, 0xC0, 0x0B,
    0xFF, 0xFF, 0xFF, 0xC0, 0x3F, 0xFF, 0xFF, 0xFF, 0x82, 0xFF, 0xE0, 0x1F, 0xFF, 0x0F, 0xFE, 0x00,
    0x1F, 0xFD, 0x3F, 0xF0, 0x00, 0x3F, 0xF4, 0xFF, 0xC0, 0x00, 0xBF, 0xE3, 0xFF, 0x00, 0x03, 0xFF,
    0x4F, 0xFE, 0x00, 0x0F, 0xFD, 0x2F, 0xFE, 0x01, 0xFF, 0xF0, 0x7F, 0xFF, 0xFF, 0xFF, 0x80, 0xBF,
    0xFF, 0xFF, 0xFC, 0x00, 0xFF, 0xFF, 0xFF, 0xD0, 0x00, 0xBF, 0xFF, 0xFD, 0x00, 0x00, 0x7F, 0xFF,
    0x80, 0x00, 0x00, 0x05, 0x40, 0x00, 0x00, 0x2A, 0xAA, 0x8F, 0xFF, 0xF3, 0xFF, 0xFC, 0xFF, 0xFF,
    0x3F, 0xFF, 0xCF, 0xFF, 0xF3, 0xFF, 0xFC, 0xFF, 0xFF, 0x2A, 0xAA, 0xAA, 0xAA, 0xAA, 0xAA, 0xA8,
    0xFF, 0xFF, 0xFF, 0xFF, 0xFF, 0xFF, 0xF3, 0xFF, 0xFF, 0xFF, 0xFF, 0xFF, 0xFF, 0xCF, 0xFF, 0xFF,
    0xFF, 0xFF, 0xFF, 0xFF, 0x3F, 0xFF, 0xFF, 0xFF, 0xFF, 0xFF, 0xFC, 0xFF, 0xFF, 0xFF, 0xFF, 0xFF,
    0xFF, 0xF1, 0x55, 0x55, 0x55, 0x55, 0x55, 0x55, 0x40, 0x2A, 0xAA, 0xAA, 0xAA, 0xAA, 0xAA, 0xAA,
    0xAA, 0xAA, 0xAA, 0xA4, 0xFF, 0xFF, 0xFF, 0xFF, 0xFF, 0xFF, 0xFF, 0xFF, 0xFF, 0xFF, 0xE3, 0xFF,
    0xFF, 0xFF, 0xFF, 0xFF, 0xFF, 0xFF, 0xFF, 0xFF, 0xFF, 0x8F, 0xFF, 0xFF, 0xFF, 0xFF, 0xFF, 0xFF,
    0xFF, 0xFF, 0xFF, 0xFE, 0x3F, 0xFF, 0xFF, 0xFF, 0xFF, 0xFF, 0xFF, 0xFF, 0xFF, 0xFF, 0xF8, 0xFF,
    0xFF, 0xFF, 0xFF, 0xFF, 0xFF, 0xFF, 0xFF, 0xFF, 0xFF, 0xE1, 0x55, 0x55, 0x55, 0x55, 0x55, 0x55,
    0x55, 0x55, 0x55, 0x55, 0x40, 0x00, 0x00, 0x00, 0x00, 0x00, 0x7F, 0xFD, 0x00, 0x02, 0xFF, 0xFF,
    0x80, 0x0B, 0xFF, 0xFF, 0xF0, 0x1F, 0xFF, 0xFF, 0xF4, 0x3F, 0xFF, 0xFF, 0xFC, 0x3F, 0xFF, 0xFF,
    0xFC, 0x3F, 0xFF, 0xFF, 0xFC, 0x3F, 0xFF, 0xFF, 0xFC, 0x3F, 0xFF, 0xFF, 0xFC, 0x2F, 0xFF, 0xFF,
    0xFC, 0x0F, 0xFF, 0xFF, 0xF4, 0x0B, 0xFF, 0xFF, 0xE0, 0x01, 0xFF, 0xFF, 0x80, 0x00, 0x2F, 0xF8,
    0x00, 0x2A, 0xAA, 0x80, 0x6A, 0xAA, 0x40, 0xAA, 0xAA, 0x3F, 0xFF, 0xC0, 0xBF, 0xFF, 0x40, 0xFF,
    0xFF, 0x3F, 0xFF, 0xC0, 0xBF, 0xFF, 0x40, 0xFF, 0xFF, 0x3F, 0xFF, 0xC0, 0xBF, 0xFF, 0x40, 0xFF,
    0xFF, 0x3F, 0xFF, 0xC0, 0xBF, 0xFF, 0x40, 0xFF, 0xFF, 0x3F, 0xFF, 0xC0, 0xBF, 0xFF, 0x40, 0xFF,
    0xFF, 0x3F, 0xFF, 0xC0, 0xBF, 0xFF, 0x40, 0xFF, 0xFF, 0x3F, 0xFF, 0xC0, 0xBF, 0xFF, 0x40, 0xFF,
    0xFF,
};

static const EpdGlyph geist_24_boldGlyphs[] = {
    { 0, 0, 182, 0, 0, 0, 0 }, // U+0020
    { 9, 36, 206, 2, 36, 81, 0 }, // !
    { 16, 15, 312, 2, 36, 60, 81 }, // "
    { 30, 36, 471, 0, 36, 270, 141 }, // #
    { 29, 45, 536, 2, 40, 327, 411 }, // $
    { 39, 37, 660, 1, 36, 361, 738 }, // %
    { 34, 38, 567, 1, 37, 323, 1099 }, // &
    { 7, 15, 162, 2, 36, 27, 1422 }, // '
    { 14, 44, 258, 2, 38, 154, 1449 }, // (
    { 15, 44, 258, 0, 38, 165, 1603 }, // )
    { 19, 19, 338, 1, 37, 91, 1768 }, // *
    { 25, 25, 456, 2, 27, 157, 1859 }, // +
    { 9, 16, 189, 1, 8, 36, 2016 }, // ,
    { 18, 7, 334, 1, 18, 32, 2052 }, // -
    { 9, 8, 189, 1, 8, 18, 2084 }, // .
    { 23, 44, 418, 1, 38, 253, 2102 }, // /
    { 31, 38, 559, 2, 37, 295, 2355 }, // 0
    { 17, 36, 359, 1, 36, 153, 2650 }, // 1
    { 28, 37, 522, 2, 37, 259, 2803 }, // 2
    { 29, 38, 520, 2, 37, 276, 3062 }, // 3
    { 30, 36, 525, 1, 36, 270, 3338 }, // 4
    { 29, 37, 537, 2, 36, 269, 3608 }, // 5
    { 29, 38, 529, 2, 37, 276, 3877 }, // 6
    { 27, 36, 435, 1, 36, 243, 4153 }, // 7
    { 31, 38, 534, 1, 37, 295, 4396 }, // 8
    { 29, 38, 532, 2, 37, 276, 4691 }, // 9
    { 9, 26, 249, 3, 26, 59, 4967 }, // :
    { 9, 34, 249, 3, 26, 77, 5026 }, // ;
    { 23, 28, 440, 2, 29, 161, 5103 }, // <
    { 24, 19, 442, 2, 24, 114, 5264 }, // =
    { 24, 28, 440, 2, 29, 168, 5378 }, // >
    { 27, 37, 473, 1, 37, 250, 5546 }, // ?
    { 44, 43, 770, 2, 36, 473, 5796 }, // @
    { 36, 36, 584, 0, 36, 324, 6269 }, // A
    { 30, 36, 562, 3, 36, 270, 6593 }, // B
    { 33, 38, 587, 2, 37, 314, 6863 }, // C
    { 31, 36, 576, 3, 36, 279, 7177 }, // D
    { 26, 36, 498, 3, 36, 234, 7456 }, // E
    { 26, 36, 483, 3, 36, 234, 7690 }, // F
    { 33, 38, 590, 2, 37, 314, 7924 }, // G
    { 30, 36, 577, 3, 36, 270, 8238 }, // H
    { 9, 36, 240, 3, 36, 81, 8508 }, // I
    { 27, 37, 502, 2, 36, 250, 8589 }, // J
    { 31, 36, 551, 3, 36, 279, 8839 }, // K
    { 25, 36, 471, 3, 36, 225, 9118 }, // L
    { 40, 36, 732, 3, 36, 360, 9343 }, // M
    { 31, 36, 600, 3, 36, 279, 9703 }, // N
    { 35, 38, 621, 2, 37, 333, 9982 }, // O
    { 29, 36, 538, 3, 36, 261, 10315 }, // P
    { 35, 41, 615, 2, 37, 359, 10576 }, // Q
    { 30, 36, 558, 3, 36, 270, 10935 }, // R
    { 30, 38, 545, 2, 37, 285, 11205 }, // S
    { 30, 36, 479, 0, 36, 270, 11490 }, // T
    { 31, 37, 562, 2, 36, 287, 11760 }, // U
    { 36, 36, 584, 0, 36, 324, 12047 }, // V
    { 48, 36, 812, 1, 36, 432, 12371 }, // W
    { 34, 36, 550, 0, 36, 306, 12803 }, // X
    { 33, 36, 505, -1, 36, 297, 13109 }, // Y
    { 28, 36, 475, 1, 36, 252, 13406 }, // Z
    { 16, 44, 312, 3, 38, 176, 13658 }, // [
    { 23, 44, 401, 1, 38, 253, 13834 }, // <backslash>
    { 16, 44, 312, 0, 38, 176, 14087 }, // ]
    { 20, 15, 369, 2, 34, 75, 14263 }, // ^
    { 26, 7, 449, 1, 0, 46, 14338 }, // _
    { 12, 9, 222, 1, 38, 27, 14384 }, // `
    { 29, 29, 475, 1, 28, 211, 14411 }, // a
    { 27, 37, 507, 3, 36, 250, 14622 }, // b
    { 28, 29, 478, 1, 28, 203, 14872 }, // c
    { 28, 37, 507, 1, 36, 259, 15075 }, // d
    { 28, 29, 484, 1, 28, 203, 15334 }, // e
    { 19, 36, 358, 2, 36, 171, 15537 }, // f
    { 28, 37, 507, 1, 28, 259, 15708 }, // g
    { 25, 36, 489, 3, 36, 225, 15967 }, // h
    { 8, 37, 225, 3, 37, 74, 16192 }, // i
    { 15, 45, 265, -1, 37, 169, 16266 }, // j
    { 28, 36, 518, 3, 36, 252, 16435 }, // k
    { 12, 36, 250, 3, 36, 108, 16687 }, // l
    { 39, 28, 720, 3, 28, 273, 16795 }, // m
    { 25, 28, 489, 3, 28, 175, 17068 }, // n
    { 29, 29, 494, 1, 28, 211, 17243 }, // o
    { 27, 36, 507, 3, 28, 243, 17454 }, // p
    { 28, 36, 507, 1, 28, 252, 17697 }, // q
    { 17, 27, 340, 3, 27, 115, 17949 }, // r
    { 26, 29, 457, 1, 28, 189, 18064 }, // s
    { 19, 34, 356, 2, 34, 162, 18253 }, // t
    { 25, 28, 486, 3, 27, 175, 18415 }, // u
    { 29, 27, 487, 1, 27, 196, 18590 }, // v
    { 41, 27, 679, 1, 27, 277, 18786 }, // w
    { 29, 27, 520, 2, 27, 196, 19063 }, // x
    { 28, 35, 469, 1, 27, 245, 19259 }, // y
    { 25, 27, 476, 2, 27, 169, 19504 }, // z
    { 18, 45, 326, 2, 38, 203, 19673 }, // {
    { 8, 44, 235, 3, 38, 88, 19876 }, // |
    { 19, 45, 326, 0, 38, 214, 19964 }, // }
    { 23, 10, 418, 2, 22, 58, 20178 }, // ~
    { 19, 19, 342, 1, 37, 91, 20236 }, // U+00B0
    { 9, 8, 189, 1, 19, 18, 20327 }, // U+00B7
    { 27, 7, 476, 1, 18, 48, 20345 }, // U+2013
    { 43, 7, 729, 1, 18, 76, 20393 }, // U+2014
    { 16, 15, 290, 1, 23, 60, 20469 }, // U+2022
    { 32, 8, 556, 1, 8, 64, 20529 }, // U+2026
};

static const EpdUnicodeInterval geist_24_boldIntervals[] = {
    { 0x20, 0x7E, 0x0 },
    { 0xB0, 0xB0, 0x5F },
    { 0xB7, 0xB7, 0x60 },
    { 0x2013, 0x2014, 0x61 },
    { 0x2022, 0x2022, 0x63 },
    { 0x2026, 0x2026, 0x64 },
};

static const uint16_t geist_24_boldKernLeftCodepoints[] = {
    0x0022, 0x0026, 0x0027, 0x0028, 0x002A, 0x002B, 0x002C, 0x002D, 0x002E, 0x002F, 0x0030, 0x0031,
    0x0032, 0x0033, 0x0034, 0x0035, 0x0036, 0x0037, 0x0038, 0x0039, 0x003A, 0x003B, 0x003C, 0x003D,
    0x003E, 0x0041, 0x0042, 0x0043, 0x0044, 0x0045, 0x0046, 0x0047, 0x0048, 0x0049, 0x004A, 0x004B,
    0x004C, 0x004D, 0x004E, 0x004F, 0x0050, 0x0051, 0x0052, 0x0053, 0x0054, 0x0055, 0x0056, 0x0057,
    0x0058, 0x0059, 0x005A, 0x005B, 0x005C, 0x005E, 0x0061, 0x0062, 0x0063, 0x0064, 0x0065, 0x0066,
    0x0067, 0x0068, 0x0069, 0x006A, 0x006B, 0x006C, 0x006D, 0x006E, 0x006F, 0x0070, 0x0071, 0x0072,
    0x0073, 0x0074, 0x0075, 0x0076, 0x0077, 0x0078, 0x0079, 0x007A, 0x007B, 0x007E, 0x2026,
};

static const uint8_t geist_24_boldKernLeftClassIds[] = {
      1,   2,   1,   3,   4,   5,   6,   7,   6,   8,   9,  10,  11,  12,  13,  14,
     15,  16,  17,   9,  18,  18,   5,   5,   5,  19,  20,  21,   9,  22,  23,  24,
     25,  25,  26,  27,  28,  25,  25,   9,  29,   9,  30,   9,  31,  26,   8,   8,
     27,  32,  33,  34,  19,   5,  35,  36,  36,  25,  36,  37,  38,  39,  25,  25,
     40,  35,  39,  39,  36,  36,  38,  41,  36,  42,  38,  43,  43,  44,  43,  45,
     46,   5,   6,
};

static const uint16_t geist_24_boldKernRightCodepoints[] = {
    0x0021, 0x0022, 0x0025, 0x0026, 0x0027, 0x0029, 0x002A, 0x002B, 0x002C, 0x002D, 0x002E, 0x002F,
    0x0030, 0x0031, 0x0032, 0x0033, 0x0034, 0x0035, 0x0036, 0x0037, 0x0038, 0x003A, 0x003B, 0x003C,
    0x003D, 0x003E, 0x003F, 0x0041, 0x0042, 0x0043, 0x0044, 0x0045, 0x0046, 0x0047, 0x0048, 0x0049,
    0x004A, 0x004B, 0x004C, 0x004D, 0x004E, 0x004F, 0x0050, 0x0051, 0x0052, 0x0053, 0x0054, 0x0055,
    0x0056, 0x0057, 0x0058, 0x0059, 0x005A, 0x005C, 0x005D, 0x005E, 0x0061, 0x0062, 0x0063, 0x0064,
    0x0065, 0x0066, 0x0067, 0x0068, 0x0069, 0x006A, 0x006B, 0x006C, 0x006D, 0x006E, 0x006F, 0x0070,
    0x0071, 0x0072, 0x0073, 0x0074, 0x0075, 0x0076, 0x0077, 0x0078, 0x0079, 0x007A, 0x007D, 0x007E,
    0x2026,
};

static const uint8_t geist_24_boldKernRightClassIds[] = {
      1,   2,   3,   4,   2,   5,   6,   7,   8,   9,   8,  10,  11,  12,  13,  14,
     15,  16,  11,  17,  18,  19,  19,   7,   7,   7,  20,  10,  21,  11,  21,  22,
     21,  11,  21,  21,  23,  24,  24,  21,  25,  11,  21,  11,  21,  11,  17,  26,
     27,  27,  28,  29,  30,  27,  31,   7,  32,  21,  33,  33,  33,  34,  33,  21,
     21,  35,  21,  36,  37,  37,  33,  37,  33,  37,  33,  38,  39,  40,  40,  41,
     40,  42,  43,   7,   8,
};

static const uint16_t geist_24_boldKernRowOffsets[] = {
        0,     4,     6,    12,    15,    17,    27,    33,    60,    84,    96,   101,   104,   109,   111,   113,
      124,   126,   137,   163,   184,   203,   218,   241,   252,   275,   286,   308,   335,   357,   373,   404,
      426,   448,   450,   466,   488,   506,   520,   540,   562,   581,   599,   620,   642,   660,   661,
};

static const uint8_t geist_24_boldKernSparseCols[] = {
      9,  14,  16,  32,  16,  26,  10,  12,  13,  14,  15,  17,   7,   9,  16,  16,
     28,   5,  10,  11,  16,  22,  26,  33,  34,  35,  39,  11,  14,  16,  33,  39,
     40,   0,   3,   7,   9,  10,  16,  18,  19,  20,  21,  22,  23,  24,  26,  27,
     29,  31,  32,  33,  34,  35,  36,  37,  38,  39,  40,  41,   4,   5,   7,   9,
     12,  16,  18,  19,  20,  21,  22,  23,  24,  26,  27,  28,  29,  31,  32,  33,
     34,  37,  39,  40,   8,   9,  10,  11,  12,  14,  16,  17,  23,  31,  32,  38,
      8,  10,  13,  14,  16,   4,   9,  16,   1,   2,   8,  16,  18,   4,  16,  11,
     12,   2,   7,   8,  10,  11,  14,  16,  17,  18,  30,  42,   4,  16,   9,  10,
     14,  16,  26,  27,  33,  37,  39,  40,  41,   0,   1,   5,  10,  13,  16,  18,
     19,  20,  21,  22,  23,  24,  25,  26,  28,  29,  32,  33,  35,  36,  37,  38,
     39,  40,  41,   9,  10,  16,  18,  19,  20,  21,  24,  26,  28,  31,  32,  33,
     34,  35,  36,  37,  38,  39,  40,  41,   9,  16,  20,  21,  23,  24,  26,  27,
     28,  31,  32,  33,  35,  36,  37,  38,  39,  40,  41,  18,  19,  20,  21,  24,
     26,  28,  31,  32,  33,  34,  37,  39,  40,  41,   7,   9,  18,  19,  20,  21,
     22,  23,  24,  27,  28,  29,  31,  32,  33,  34,  35,  36,  37,  38,  39,  40,
     41,  16,  26,  27,  28,  31,  32,  33,  37,  39,  40,  41,   9,  10,  16,  19,
     20,  21,  22,  24,  25,  26,  27,  28,  29,  31,  32,  33,  34,  35,  36,  37,
     38,  39,  40,   9,  20,  21,  22,  24,  28,  33,  37,  39,  40,  41,   5,  10,
     16,  18,  19,  20,  21,  22,  23,  24,  25,  26,  29,  31,  32,  33,  34,  36,
     37,  38,  39,  40,   0,   1,   5,   7,   9,  10,  16,  18,  19,  20,  21,  22,
     23,  24,  25,  26,  28,  29,  32,  33,  34,  35,  37,  38,  39,  40,  41,   0,
      7,   8,   9,  10,  18,  19,  20,  21,  22,  24,  26,  27,  28,  29,  31,  32,
     36,  38,  39,  40,  41,   9,  10,  16,  18,  19,  23,  26,  28,  31,  32,  33,
     34,  37,  38,  39,  40,   1,   3,   5,   7,   8,   9,  10,  14,  16,  18,  19,
     20,  21,  22,  23,  24,  26,  27,  28,  30,  31,  32,  33,  34,  35,  36,  37,
     38,  39,  40,  41,   6,   9,  10,  16,  20,  21,  22,  24,  25,  28,  29,  31,
     32,  33,  34,  35,  36,  37,  38,  39,  40,  41,   8,   9,  10,  19,  20,  21,
     22,  24,  26,  27,  28,  31,  32,  33,  34,  35,  36,  37,  38,  39,  40,  41,
     16,  34,   5,   7,  19,  20,  21,  24,  31,  32,  33,  34,  35,  37,  38,  39,
     40,  41,   1,   5,   9,  16,  19,  20,  21,  24,  26,  27,  28,  31,  32,  33,
     34,  35,  36,  37,  38,  39,  40,  41,   5,   7,   8,   9,  18,  20,  21,  24,
     30,  31,  32,  33,  34,  35,  36,  37,  40,  41,  16,  19,  20,  21,  24,  26,
     28,  32,  33,  34,  37,  39,  40,  41,   5,  16,  19,  20,  21,  24,  26,  27,
     28,  31,  32,  33,  34,  35,  36,  37,  38,  39,  40,  41,   0,   5,   7,   8,
     10,  16,  18,  19,  20,  21,  24,  31,  32,  33,  34,  35,  36,  37,  38,  39,
     40,  41,   7,   8,   9,  16,  18,  20,  21,  24,  31,  32,  33,  34,  35,  36,
     37,  38,  39,  40,  41,   7,   8,   9,  20,  21,  24,  26,  29,  31,  32,  33,
     34,  36,  37,  38,  39,  40,  41,   7,   8,   9,  10,  16,  18,  20,  21,  22,
     24,  27,  31,  32,  33,  34,  35,  36,  37,  38,  40,  41,   0,   5,   7,   8,
     10,  16,  18,  19,  20,  21,  24,  31,  32,  33,  34,  35,  36,  37,  38,  39,
     40,  41,  18,  19,  20,  21,  24,  26,  27,  31,  32,  33,  34,  35,  36,  37,
     38,  39,  40,  41,  16,
};

static const int8_t geist_24_boldKernSparseValues[] = {
     -40,  -24,    8,   -8,  -31,  -22,  -12,   -3,   -6,  -20,   -2,   -7,  -32,  -61,   13,  -16,
     -16,  -32,  -16,  -54,  -48,    2,  -58,  -26,    8,   -8,  -37,  -16,    8,  -32,   -8,   -8,
     -40,  -29,  -11,  -58,  -91,  -38,   -8,  -29,  -29,  -22,  -22,  -64,  -12,  -22,   -8,   -8,
     -13,  -48,  -42,  -40,  -51,  -19,  -34,  -32,  -45,  -37,  -58,  -37,  -14,   -8,  -16,  -34,
     -10,  -32,   -8,  -16,  -13,  -13,   -6,  -11,  -13,  -39,  -29,  -37,   -8,    2,    6,   -8,
     -16,  -18,  -16,  -26,   -8,   -5,  -13,  -32,   -8,  -16,   -4,  -16,  -10,   -4,  -13,   -3,
     -24,  -11,  -18,  -18,  -10,   -6,  -30,  -16,   -8,  -16,   -8,  -16,  -16,  -10,  -32,  -16,
     -10,   13,  -70,  -22,   -8,    8,  -19,   16,   -6,  -16,   24,   24,   -7,  -16,  -16,   -8,
     -16,  -43,  -29,  -16,  -19,  -19,  -16,  -37,  -16,   -8,  -40,  -61,  -34,  -34,  -80,  -16,
     -45,  -21,  -21,  -21,  -14,  -21,  -14,  -91,  -66,   -8,  -20,  -37,  -21,  -16,  -58,  -18,
     -53,  -24,  -13,  -25,   -8,  -27,  -16,  -19,   -6,  -15,   -6,  -34,  -42,   -7,   -6,  -16,
     -18,  -14,   -8,  -16,   -9,  -34,  -41,  -21,  -23,  -12,   -9,   -9,   -5,   -9,  -21,  -16,
     -21,   -7,   -7,  -16,  -10,   -7,   -8,  -13,  -13,  -29,   -8,   -8,  -16,   -2,   -2,   -7,
       6,  -16,  -10,  -12,  -29,  -13,  -27,  -21,  -24,  -10,  -64,  -68,  -24,  -11,  -11,  -11,
     -48,  -19,  -11,  -16,  -11,  -11,  -21,  -19,  -27,  -29,  -16,  -19,  -22,  -24,  -32,  -35,
     -24,  -16,  -29,  -13,  -16,   -2,    8,  -18,  -13,  -11,  -22,   -3,   -8,  -13,  -22,   -8,
     -11,  -11,  -11,  -11,   12,  -21,   -8,  -16,   -6,   -8,   -8,  -22,  -22,   -4,    6,  -23,
     -14,   -8,  -40,  -14,   12,   12,  -14,   12,  -11,  -14,  -11,  -16,  -24,  -16,  -13,  -32,
      -2,  -16,  -21,   -8,   -8,  -24,  -14,   -8,  -16,   -8,   -8,  -22,  -43,  -45,   -7,  -13,
     -40,  -24,  -29,  -29,  -11,  -70,  -96,   -2,  -16,  -35, -102,  -11,  -64,  -26,  -26,  -28,
     -19,  -26,  -30, -109, -128,  -11,  -23,  -38,  -11,  -22,  -54,  -22,  -64,  -35,  -16,   -8,
     -83,  -19,  -66,  -13,  -16,  -11,  -16,  -16,  -64,  -16,  -37,  -32,  -32,  -21,  -18,  -22,
      -5,  -19,  -16,  -32,  -24,   -8,  -12,  -14,   -5,  -16,  -10,  -40,  -21,   -5,  -29,  -19,
     -16,  -24,   -8,  -21,  -26,    8,  -13,   13,  -70,  -27,  -80,  -32,  -21,    8,  -43,  -16,
     -14,  -14,  -96,  -22,  -14,   -8,   -2,    7,   16,  -56,  -64,  -27,  -42,  -11,  -35,  -22,
     -42,  -26,  -38,  -35,  -16,  -66,  -37,    7,  -16,  -16, -106,  -16,  -11,   16,   -8,  -58,
     -56,  -50,  -42,  -11,  -48,  -48,  -48,  -32,  -48,  -61,  -11,  -16,  -16,  -16,   -6,   -6,
     -19,   -6,  -13,   -8,   -8,   -8,  -29,  -37,  -14,   -6,   -8,  -24,  -11,  -29,  -32,  -16,
      16,   24,  -21,   16,  -19,   -6,   -6,   -6,   -2,   -8,  -22,   -2,   -8,  -23,   -6,  -27,
     -22,   -8,   -8,  -21,   -8,  -56,  -32,   -8,   -8,   -8,  -40,  -16,  -40,   -3,   -8,  -24,
     -27,   -4,   -8,  -21,   -8,  -23,  -50,  -18,   13,  -48,  -19,  -35,  -14,  -10,  -10,  -10,
      18,  -24,  -30,  -27,  -46,  -12,  -19,  -22,  -32,  -13,  -29,  -16,   -6,   -6,   -6,  -21,
     -16,   -8,  -10,   -9,  -17,  -16,  -19,   -8,  -11,  -32,  -16,   -7,   -7,   -7,  -16,   -8,
     -32,  -10,  -10,  -19,  -29,   -6,  -13,  -28,  -10,  -26,  -40,  -13,  -16,  -11,  -16,  -46,
      -8,  -16,  -37,  -24,  -40,  -40,  -40,  -45, -108,  -43,  -27,  -40,  -34,  -38,  -16,  -40,
     -37,  -29,  -43,  -22,  -24,  -22,  -30,  -19,  -19,  -19,  -27,  -32,  -26,  -51,  -19,  -22,
     -26,  -11,  -18,  -32,  -24,   26,  -19,    7,   -4,   -4,   -4,  -13,   19,   -6,  -11,  -14,
      -8,    4,   -7,   -1,  -10,  -29,    2,  -42,   -8,  -40,  -12,  -22,  -16,   -8,   -8,  -27,
      -8,  -10,  -23,  -22,   -8,  -38,   -8,  -18,  -18,  -16,  -34,  -26,  -16,  -11,  -16,  -46,
      -8,  -16,  -37,  -24,  -40,  -40,  -40,  -45,  -50,  -43,  -27,  -40,  -34,  -38,  -16,  -40,
     -37,  -29,  -16,   -8,   -5,   -5,   -5,  -24,   -8,  -14,  -24,  -16,  -21,  -14,  -13,  -19,
     -13,  -30,  -40,  -18,   13,
};

static const EpdFontData geist_24_bold = {
    geist_24_boldBitmaps,
    geist_24_boldGlyphs,
    geist_24_boldIntervals,
    6,
    65,
    51,
    -15,
    true,
    nullptr,
    0,
    nullptr,
    nullptr,  // kernLeftClasses: built-in fonts use the split arrays below
    nullptr,  // kernRightClasses
    geist_24_boldKernLeftCodepoints,
    geist_24_boldKernLeftClassIds,
    geist_24_boldKernRightCodepoints,
    geist_24_boldKernRightClassIds,
    nullptr,  // kernMatrix: built-in fonts use the sparse form below
    geist_24_boldKernRowOffsets,
    geist_24_boldKernSparseCols,
    geist_24_boldKernSparseValues,
    83,
    85,
    46,
    43,
    nullptr,
    0,
};
