/**
 * generated by fontconvert.py
 * name: geist_ui_8_medium
 * size: 8
 * mode: 1-bit mono
 * Command used: fontconvert.py geist_ui_8_medium 8 ../fontsrc/Geist-Medium.ttf ../builtinFonts/source/NotoSans/NotoSans-Regular.ttf ../builtinFonts/source/NotoSansHebrew/NotoSansHebrew-UIMedium.ttf ../builtinFonts/source/NotoSansArabic/NotoSansArabic-UIMedium.ttf --mono --autohint-font ../fontsrc/Geist-Medium.ttf --autohint-font ../builtinFonts/source/NotoSans/NotoSans-Regular.ttf --autohint-font ../builtinFonts/source/NotoSansHebrew/NotoSansHebrew-UIMedium.ttf --additional-intervals 0x05D0,0x05EA --additional-intervals 0x060C,0x060C --additional-intervals 0x061B,0x061B --additional-intervals 0x061F,0x061F --additional-intervals 0x0621,0x0621 --additional-intervals 0x0640,0x0640 --additional-intervals 0x0660,0x0669 --additional-intervals 0x06BA,0x06BA --additional-intervals 0x06D4,0x06D4 --additional-intervals 0x06F0,0x06F9 --additional-intervals 0xFB56,0xFB59 --additional-intervals 0xFB66,0xFB69 --additional-intervals 0xFB7A,0xFB7D --additional-intervals 0xFB88,0xFB95 --additional-intervals 0xFB9E,0xFB9F --additional-intervals 0xFBA6,0xFBB1 --additional-intervals 0xFBFC,0xFBFF --additional-intervals 0xFE80,0xFEFC
 */
#pragma once
#include "EpdFontData.h"

static const uint8_t geist_ui_8_mediumBitmaps[16542] = {
    0x00, 0x00, 0x00, 0xFF, 0xFF, 0x03, 0xDE, 0xF7, 0xB0, 0x13, 0x19, 0x8C, 0x8F, 0xF3, 0x21, 0x30,
    0x98, 0xCC, 0xFF, 0x32, 0x1B, 0x09, 0x80, 0x18, 0x0C, 0x0F, 0x8F, 0x6D, 0xBE, 0xC3, 0xE0, 0xFC,
    0x3F, 0x0D, 0xF6, 0x7B, 0x37, 0xB1, 0xF0, 0x60, 0x78, 0x4C, 0xC8, 0xCC, 0x8C, 0xD0, 0xCE, 0x07,
    0xA0, 0x04, 0xE0, 0x5B, 0x09, 0xB1, 0x9B, 0x11, 0xB2, 0x0E, 0x3C, 0x19, 0x86, 0x61, 0xB8, 0x3C,
    0x0E, 0x07, 0x83, 0xB3, 0xCD, 0xF1, 0xEC, 0x79, 0xFF, 0xFF, 0x32, 0x66, 0xCC, 0xCC, 0xCC, 0x66,
    0x23, 0xC4, 0x66, 0x33, 0x33, 0x33, 0x66, 0x4C, 0x48, 0xCF, 0xCC, 0x48, 0x18, 0x18, 0x18, 0xFF,
    0x18, 0x18, 0x18, 0x18, 0xD8, 0xFC, 0xC0, 0x04, 0x30, 0xC2, 0x18, 0x63, 0x0C, 0x31, 0x86, 0x18,
    0xC3, 0x0C, 0x00, 0x1E, 0x1C, 0xE6, 0x1B, 0x03, 0xC0, 0xF0, 0x3C, 0x0F, 0x03, 0xC0, 0xD8, 0x67,
    0x38, 0x78, 0x18, 0xFE, 0x31, 0x8C, 0x63, 0x18, 0xC6, 0x30, 0x3E, 0x31, 0xB0, 0x78, 0x30, 0x38,
    0x3C, 0x7C, 0x78, 0x70, 0x70, 0x30, 0x1F, 0xF0, 0x3E, 0x31, 0xD8, 0x60, 0x30, 0x30, 0x70, 0x0C,
    0x03, 0x01, 0xA0, 0xD8, 0xC7, 0xC0, 0x07, 0x03, 0x83, 0xC3, 0x61, 0xB1, 0x99, 0x8D, 0x86, 0xFF,
    0x81, 0x80, 0xC0, 0x60, 0x7F, 0x30, 0x18, 0x08, 0x05, 0xE7, 0x1B, 0x06, 0x03, 0x01, 0xE0, 0xD8,
    0xC7, 0xC0, 0x1E, 0x31, 0x98, 0x78, 0x0D, 0xE7, 0x1B, 0x07, 0x83, 0xC1, 0xE0, 0xD8, 0xC7, 0xC0,
    0xFF, 0x81, 0x81, 0xC0, 0xC0, 0xC0, 0x60, 0x60, 0x30, 0x30, 0x18, 0x0C, 0x06, 0x00, 0x3E, 0x31,
    0xB0, 0x78, 0x3E, 0x31, 0xF1, 0x8D, 0x83, 0xC1, 0xE0, 0xD8, 0xC7, 0xC0, 0x3E, 0x31, 0xB0, 0x58,
    0x3C, 0x1E, 0x0D, 0x8E, 0x7B, 0x01, 0x81, 0x98, 0xC7, 0x80, 0xC0, 0x03, 0xC0, 0x03, 0x60, 0x03,
    0x0F, 0x38, 0xE0, 0xC0, 0x70, 0x1E, 0x07, 0x01, 0xFF, 0x00, 0x00, 0x00, 0xFF, 0x80, 0xF0, 0x3C,
    0x0F, 0x07, 0x1E, 0x78, 0xC0, 0x00, 0x3C, 0x66, 0xC3, 0xC3, 0x03, 0x07, 0x0E, 0x1C, 0x18, 0x00,
    0x00, 0x18, 0x07, 0xC0, 0x60, 0xC3, 0x01, 0x99, 0xF3, 0xCC, 0xCF, 0x63, 0x3D, 0x8C, 0xF6, 0x33,
    0xD9, 0xDB, 0x39, 0xC6, 0x00, 0x0C, 0x10, 0x1F, 0x80, 0x0E, 0x01, 0xC0, 0x3C, 0x0D, 0x81, 0x90,
    0x33, 0x0C, 0x61, 0x8E, 0x3F, 0xCC, 0x19, 0x81, 0xE0, 0x30, 0xFE, 0x61, 0xB0, 0x78, 0x3C, 0x1E,
    0x1F, 0xF9, 0x87, 0xC1, 0xE0, 0xF0, 0xFF, 0xE0, 0x1F, 0x06, 0x31, 0x83, 0x60, 0x2C, 0x01, 0x80,
    0x30, 0x06, 0x00, 0xC0, 0x6C, 0x18, 0xC6, 0x0F, 0x80, 0xFE, 0x30, 0xCC, 0x1B, 0x03, 0xC0, 0xF0,
    0x3C, 0x0F, 0x03, 0xC0, 0xF0, 0x6C, 0x33, 0xF8, 0xFF, 0xC0, 0xC0, 0xC0, 0xC0, 0xC0, 0xFF, 0xC0,
    0xC0, 0xC0, 0xC0, 0xFF, 0xFF, 0xC0, 0xC0, 0xC0, 0xC0, 0xC0, 0xFF, 0xC0, 0xC0, 0xC0, 0xC0, 0xC0,
    0x1F, 0x06, 0x39, 0x83, 0xE0, 0x7C, 0x01, 0x80, 0x31, 0xFE, 0x03, 0xC0, 0xEC, 0x1C, 0xC7, 0x8F,
    0xB0, 0xC1, 0xE0, 0xF0, 0x78, 0x3C, 0x1E, 0x0F, 0xFF, 0x83, 0xC1, 0xE0, 0xF0, 0x78, 0x30, 0xFF,
    0xFF, 0xFF, 0x03, 0x03, 0x03, 0x03, 0x03, 0x03, 0x03, 0x03, 0xC3, 0xC3, 0x66, 0x3C, 0xC1, 0xE1,
    0xB1, 0x99, 0x8D, 0x87, 0xC3, 0xF1, 0xD8, 0xC6, 0x61, 0xB0, 0xD8, 0x30, 0xC0, 0xC0, 0xC0, 0xC0,
    0xC0, 0xC0, 0xC0, 0xC0, 0xC0, 0xC0, 0xC0, 0xFF, 0xE0, 0x7E, 0x07, 0xE0, 0xFF, 0x0F, 0xF0, 0xFD,
    0x9B, 0xD9, 0xBD, 0x9B, 0xCF, 0x3C, 0xF3, 0xC6, 0x3C, 0x63, 0xE0, 0xF8, 0x3F, 0x0F, 0x43, 0xD8,
    0xF3, 0x3C, 0xCF, 0x1B, 0xC6, 0xF0, 0xFC, 0x1F, 0x07, 0x1F, 0x06, 0x31, 0x83, 0x60, 0x3C, 0x07,
    0x80, 0xF0, 0x1E, 0x03, 0xC0, 0x6C, 0x18, 0xC6, 0x0F, 0x80, 0xFE, 0x61, 0xB0, 0x78, 0x3C, 0x1E,
    0x1B, 0xF9, 0x80, 0xC0, 0x60, 0x30, 0x18, 0x00, 0x1F, 0x06, 0x31, 0x83, 0x60, 0x3C, 0x07, 0x80,
    0xF0, 0x1E, 0x03, 0xC6, 0x6C, 0x58, 0xCF, 0x0F, 0xC0, 0x0C, 0xFE, 0x61, 0xB0, 0x78, 0x3C, 0x1E,
    0x1F, 0xFD, 0x82, 0xC1, 0xE0, 0xF0, 0x78, 0x30, 0x3E, 0x31, 0xB0, 0x58, 0x0F, 0x03, 0xF0, 0xFC,
    0x07, 0xC1, 0xE0, 0xD8, 0xC7, 0xC0, 0xFF, 0x86, 0x03, 0x01, 0x80, 0xC0, 0x60, 0x30, 0x18, 0x0C,
    0x06, 0x03, 0x01, 0x80, 0xC1, 0xE0, 0xF0, 0x78, 0x3C, 0x1E, 0x0F, 0x07, 0x83, 0xC1, 0xE0, 0xD8,
    0xC7, 0xC0, 0x40, 0x6C, 0x0D, 0x83, 0x10, 0x63, 0x0C, 0x63, 0x06, 0x60, 0xC8, 0x1B, 0x01, 0xE0,
    0x38, 0x07, 0x00, 0xC3, 0x0D, 0x86, 0x1B, 0x0E, 0x32, 0x3C, 0x66, 0x79, 0x8C, 0xD3, 0x19, 0x36,
    0x16, 0x6C, 0x3C, 0xD0, 0x78, 0xE0, 0xE1, 0xC0, 0xC3, 0x80, 0x60, 0xD8, 0x63, 0x18, 0x6C, 0x1E,
    0x03, 0x80, 0xE0, 0x78, 0x1B, 0x0C, 0x66, 0x19, 0x83, 0xC0, 0xD8, 0x66, 0x18, 0xCC, 0x3F, 0x07,
    0x80, 0xC0, 0x30, 0x0C, 0x03, 0x00, 0xC0, 0x30, 0xFF, 0x03, 0x06, 0x0E, 0x0C, 0x18, 0x18, 0x30,
    0x70, 0x60, 0xC0, 0xFF, 0xFE, 0x31, 0x8C, 0x63, 0x18, 0xC6, 0x31, 0x8C, 0x7C, 0x83, 0x0C, 0x10,
    0x61, 0x82, 0x0C, 0x30, 0x41, 0x86, 0x08, 0x30, 0xC0, 0xF8, 0xC6, 0x31, 0x8C, 0x63, 0x18, 0xC6,
    0x31, 0xFC, 0x71, 0xC5, 0xB2, 0x88, 0xFF, 0xC0, 0x3C, 0x33, 0x30, 0xC0, 0xE7, 0xF7, 0x1B, 0x0D,
    0x8E, 0x79, 0x80, 0xC0, 0xC0, 0xC0, 0xDC, 0xE6, 0xC3, 0xC3, 0xC3, 0xC3, 0xC3, 0xE6, 0xFC, 0x3E,
    0x63, 0xC3, 0xC0, 0xC0, 0xC0, 0xC3, 0x63, 0x3C, 0x03, 0x03, 0x03, 0x3B, 0x67, 0xC3, 0xC3, 0xC3,
    0xC3, 0xC3, 0x67, 0x3B, 0x3C, 0x66, 0xC3, 0xC3, 0xFF, 0xC0, 0xC0, 0x66, 0x3C, 0x3B, 0x19, 0xF6,
    0x31, 0x8C, 0x63, 0x18, 0xC0, 0x3B, 0x67, 0xC3, 0xC3, 0xC3, 0xC3, 0x67, 0x3B, 0x03, 0x63, 0x3C,
    0xC1, 0x83, 0x06, 0xEE, 0x78, 0xF1, 0xE3, 0xC7, 0x8F, 0x1E, 0x30, 0xC3, 0xFF, 0xFF, 0x30, 0x03,
    0x33, 0x33, 0x33, 0x33, 0x3E, 0xC0, 0xC0, 0xC0, 0xC3, 0xC6, 0xCC, 0xD8, 0xF8, 0xEC, 0xC6, 0xC6,
    0xC3, 0xDB, 0x6D, 0xB6, 0xDB, 0x30, 0xDD, 0xEE, 0x73, 0xC6, 0x3C, 0x63, 0xC6, 0x3C, 0x63, 0xC6,
    0x3C, 0x63, 0xC6, 0x30, 0xDD, 0xCF, 0x1E, 0x3C, 0x78, 0xF1, 0xE3, 0xC6, 0x3C, 0x66, 0xC3, 0xC3,
    0xC3, 0xC3, 0xC3, 0x66, 0x3C, 0xDC, 0xE6, 0xC3, 0xC3, 0xC3, 0xC3, 0xC3, 0xE6, 0xDC, 0xC0, 0xC0,
    0x3B, 0x67, 0xC3, 0xC3, 0xC3, 0xC3, 0xC3, 0x67, 0x3B, 0x03, 0x03, 0xFE, 0x31, 0x8C, 0x63, 0x18,
    0xC0, 0x79, 0x9B, 0x1F, 0x07, 0xC3, 0xF1, 0xE3, 0x7C, 0x63, 0x3E, 0xC6, 0x31, 0x8C, 0x63, 0x0E,
    0xC7, 0x8F, 0x1E, 0x3C, 0x78, 0xF1, 0xE7, 0x76, 0x41, 0xB0, 0x98, 0xC4, 0x63, 0x21, 0xB0, 0x58,
    0x38, 0x1C, 0x00, 0x43, 0x1B, 0x18, 0xD9, 0xC6, 0xCF, 0x22, 0x5B, 0x1A, 0x58, 0xF3, 0xC3, 0x1C,
    0x18, 0x60, 0xC3, 0x66, 0x36, 0x3C, 0x18, 0x3C, 0x26, 0x66, 0xC3, 0xC3, 0xC3, 0x46, 0x66, 0x64,
    0x2C, 0x3C, 0x38, 0x18, 0x18, 0x70, 0xFE, 0x0C, 0x30, 0xC3, 0x86, 0x18, 0x60, 0xFE, 0x1C, 0xC3,
    0x0C, 0x30, 0x8C, 0x08, 0x30, 0xC3, 0x0C, 0x30, 0x70, 0xFF, 0xFF, 0xFF, 0xF0, 0xF0, 0x30, 0x60,
    0xC1, 0x81, 0x01, 0x84, 0x18, 0x30, 0x60, 0xC3, 0x9E, 0x00, 0x73, 0xD3, 0xCE, 0x00, 0xC3, 0xFF,
    0xFC, 0x08, 0x08, 0x3E, 0x6B, 0xCB, 0xC8, 0xC8, 0xCB, 0x7B, 0x3E, 0x10, 0x10, 0x1E, 0x19, 0xD8,
    0x6C, 0x06, 0x03, 0x83, 0xF0, 0x60, 0x30, 0x18, 0x18, 0x1F, 0xF0, 0x41, 0x3F, 0x8D, 0x8C, 0x66,
    0x33, 0x18, 0xD8, 0xFE, 0x41, 0x00, 0x60, 0xCC, 0x38, 0xC6, 0x19, 0x81, 0x30, 0x3C, 0x0F, 0xF0,
    0x60, 0x0C, 0x07, 0xF8, 0x30, 0x06, 0x00, 0xFF, 0xF0, 0xFF, 0xF0, 0x7D, 0x8F, 0x03, 0x87, 0xD8,
    0xF1, 0xBE, 0x1D, 0x8F, 0x1B, 0xE0, 0xD8, 0x0F, 0x81, 0xC7, 0x18, 0x0C, 0xDE, 0x6D, 0xC9, 0xEC,
    0x0F, 0x60, 0x7B, 0x93, 0x6F, 0x33, 0x01, 0x8E, 0x38, 0x1F, 0x00, 0x71, 0x23, 0x9A, 0x49, 0xF0,
    0x36, 0x6C, 0xDC, 0xDC, 0x6C, 0x36, 0xFF, 0x03, 0x03, 0x03, 0xF0, 0x3E, 0x31, 0xB7, 0xF2, 0x59,
    0xEC, 0xA7, 0x4E, 0xC6, 0x3E, 0x00, 0xF8, 0x7B, 0x3C, 0xF3, 0x78, 0x18, 0x18, 0x18, 0x18, 0xFF,
    0x18, 0x18, 0x18, 0x00, 0xFF, 0x69, 0x13, 0x48, 0xF0, 0xE9, 0x16, 0x19, 0xE0, 0xC0, 0xC7, 0x8F,
    0x1E, 0x3C, 0x78, 0xF1, 0xE7, 0xF7, 0x83, 0x00, 0x3F, 0xBE, 0xDF, 0x6F, 0xB7, 0xDB, 0xEC, 0x36,
    0x1B, 0x0D, 0x86, 0xC3, 0x61, 0xB0, 0xC0, 0x61, 0x96, 0x27, 0x92, 0x48, 0x7B, 0x38, 0x61, 0xCD,
    0xE0, 0xCC, 0x66, 0x33, 0x33, 0x66, 0xCC, 0x30, 0x63, 0x06, 0xF0, 0xC3, 0x18, 0x31, 0x83, 0x30,
    0x06, 0x30, 0x67, 0x0C, 0xB1, 0x9B, 0x19, 0xF3, 0x03, 0x30, 0x67, 0x86, 0x0C, 0x20, 0x63, 0x03,
    0x30, 0x19, 0x38, 0x1B, 0x21, 0x81, 0x18, 0x70, 0xC6, 0x0C, 0x3E, 0xE0, 0x69, 0x04, 0x10, 0xC6,
    0x18, 0x19, 0x09, 0xB0, 0xF6, 0x30, 0x47, 0x08, 0xB1, 0x9B, 0x11, 0xF2, 0x03, 0x18, 0x00, 0x18,
    0x18, 0x38, 0x70, 0xE0, 0xC0, 0xC3, 0x66, 0x3C, 0x0C, 0x00, 0x00, 0x00, 0x07, 0x00, 0xE0, 0x1E,
    0x06, 0xC0, 0xC8, 0x19, 0x86, 0x30, 0xC7, 0x1F, 0xE6, 0x0C, 0xC0, 0xF0, 0x18, 0x06, 0x00, 0x00,
    0x38, 0x07, 0x00, 0xF0, 0x36, 0x06, 0x40, 0xCC, 0x31, 0x86, 0x38, 0xFF, 0x30, 0x66, 0x07, 0x80,
    0xC0, 0x0E, 0x01, 0x60, 0x00, 0x07, 0x00, 0xE0, 0x1E, 0x06, 0xC0, 0xC8, 0x19, 0x86, 0x30, 0xC7,
    0x1F, 0xE6, 0x0C, 0xC0, 0xF0, 0x18, 0x1D, 0x02, 0x60, 0x00, 0x03, 0x00, 0xF0, 0x1E, 0x06, 0xC0,
    0xCC, 0x19, 0x86, 0x30, 0xC3, 0x1F, 0xE6, 0x06, 0xC0, 0xD8, 0x18, 0x1B, 0x00, 0x00, 0x38, 0x07,
    0x00, 0xA0, 0x36, 0x06, 0xC1, 0x8C, 0x31, 0x86, 0x31, 0xFF, 0x30, 0x66, 0x0D, 0x80, 0xC0, 0x04,
    0x01, 0x40, 0x28, 0x07, 0x00, 0xE0, 0x1C, 0x02, 0x80, 0xD8, 0x1B, 0x06, 0x30, 0xC6, 0x18, 0xC7,
    0xFC, 0xC1, 0x98, 0x36, 0x03, 0x03, 0xFE, 0x0D, 0x80, 0x13, 0x00, 0x66, 0x00, 0xCC, 0x03, 0x18,
    0x06, 0x3F, 0x98, 0x60, 0x3F, 0xC0, 0xC1, 0x81, 0x83, 0x06, 0x07, 0xF0, 0x1F, 0x0C, 0x66, 0x0F,
    0x03, 0xC0, 0x30, 0x0C, 0x03, 0x00, 0xC0, 0xD8, 0x33, 0x18, 0x7C, 0x0C, 0x00, 0x80, 0xE0, 0x10,
    0x00, 0x00, 0xFF, 0xC0, 0xC0, 0xC0, 0xC0, 0xC0, 0xFF, 0xC0, 0xC0, 0xC0, 0xC0, 0xFF, 0x08, 0x00,
    0xFF, 0xC0, 0xC0, 0xC0, 0xC0, 0xC0, 0xFF, 0xC0, 0xC0, 0xC0, 0xC0, 0xFF, 0x18, 0x24, 0x00, 0xFF,
    0xC0, 0xC0, 0xC0, 0xC0, 0xC0, 0xFF, 0xC0, 0xC0, 0xC0, 0xC0, 0xFF, 0x6C, 0x00, 0xFF, 0xC0, 0xC0,
    0xC0, 0xC0, 0xC0, 0xFF, 0xC0, 0xC0, 0xC0, 0xC0, 0xFF, 0x40, 0x36, 0xDB, 0x6D, 0xB6, 0xD8, 0x43,
    0x6D, 0xB6, 0xDB, 0x6D, 0x80, 0x31, 0x20, 0x0C, 0x30, 0xC3, 0x0C, 0x30, 0xC3, 0x0C, 0x30, 0xC3,
    0x00, 0xD8, 0x18, 0xC6, 0x31, 0x8C, 0x63, 0x18, 0xC6, 0x30, 0x7F, 0x0C, 0x31, 0x83, 0x30, 0x36,
    0x06, 0xC0, 0xFF, 0x1B, 0x03, 0x60, 0x6C, 0x19, 0x86, 0x3F, 0x80, 0x19, 0x0D, 0x80, 0x03, 0x83,
    0xE0, 0xFC, 0x3D, 0x0F, 0x63, 0xCC, 0xF3, 0x3C, 0x6F, 0x1B, 0xC3, 0xF0, 0x7C, 0x1C, 0x0C, 0x00,
    0x00, 0x00, 0x0F, 0x83, 0x18, 0xC1, 0xB0, 0x1E, 0x03, 0xC0, 0x78, 0x0F, 0x01, 0xE0, 0x36, 0x0C,
    0x63, 0x07, 0xC0, 0x06, 0x00, 0x00, 0x00, 0x0F, 0x83, 0x18, 0xC1, 0xB0, 0x1E, 0x03, 0xC0, 0x78,
    0x0F, 0x01, 0xE0, 0x36, 0x0C, 0x63, 0x07, 0xC0, 0x04, 0x01, 0x40, 0x6C, 0x00, 0x01, 0xF0, 0x63,
    0x18, 0x36, 0x03, 0xC0, 0x78, 0x0F, 0x01, 0xE0, 0x3C, 0x06, 0xC1, 0x8C, 0x60, 0xF8, 0x1D, 0x02,
    0xE0, 0x00, 0x0F, 0x83, 0x18, 0xC1, 0xB0, 0x1E, 0x03, 0xC0, 0x78, 0x0F, 0x01, 0xE0, 0x36, 0x0C,
    0x63, 0x07, 0xC0, 0x1B, 0x00, 0x00, 0x00, 0x0F, 0x83, 0x18, 0xC1, 0xB0, 0x1E, 0x03, 0xC0, 0x78,
    0x0F, 0x01, 0xE0, 0x36, 0x0C, 0x63, 0x07, 0xC0, 0xC6, 0xD8, 0xE1, 0xC6, 0xD8, 0xE0, 0x00, 0x1F,
    0xC6, 0x31, 0x87, 0x61, 0xBC, 0x27, 0x8C, 0xF3, 0x1E, 0x43, 0xD8, 0x6E, 0x18, 0xC6, 0x3F, 0x80,
    0x18, 0x00, 0x00, 0x18, 0x3C, 0x1E, 0x0F, 0x07, 0x83, 0xC1, 0xE0, 0xF0, 0x78, 0x3C, 0x1B, 0x18,
    0xF8, 0x0C, 0x00, 0x00, 0x18, 0x3C, 0x1E, 0x0F, 0x07, 0x83, 0xC1, 0xE0, 0xF0, 0x78, 0x3C, 0x1B,
    0x18, 0xF8, 0x08, 0x0A, 0x05, 0x00, 0x0C, 0x1E, 0x0F, 0x07, 0x83, 0xC1, 0xE0, 0xF0, 0x78, 0x3C,
    0x1E, 0x0D, 0x8C, 0x7C, 0x36, 0x00, 0x00, 0x18, 0x3C, 0x1E, 0x0F, 0x07, 0x83, 0xC1, 0xE0, 0xF0,
    0x78, 0x3C, 0x1B, 0x18, 0xF8, 0x04, 0x00, 0x0C, 0x0D, 0x86, 0x61, 0x8C, 0xC3, 0xF0, 0x78, 0x0C,
    0x03, 0x00, 0xC0, 0x30, 0x0C, 0x03, 0x00, 0xC0, 0xC0, 0xC0, 0xFC, 0xC7, 0xC3, 0xC3, 0xC7, 0xFC,
    0xC0, 0xC0, 0xC0, 0x3C, 0x67, 0xC3, 0xC3, 0xC7, 0xDE, 0xC7, 0xC3, 0xC3, 0xC3, 0xC6, 0xDC, 0x10,
    0x00, 0x00, 0x07, 0x86, 0x66, 0x18, 0x1C, 0xFE, 0xE3, 0x61, 0xB1, 0xCF, 0x30, 0x0C, 0x00, 0x00,
    0x07, 0x86, 0x66, 0x18, 0x1C, 0xFE, 0xE3, 0x61, 0xB1, 0xCF, 0x30, 0x18, 0x0E, 0x09, 0x00, 0x03,
    0xC3, 0x33, 0x0C, 0x0E, 0x7F, 0x71, 0xB0, 0xD8, 0xE7, 0x98, 0x32, 0x36, 0x00, 0x07, 0x86, 0x66,
    0x18, 0x1C, 0xFE, 0xE3, 0x61, 0xB1, 0xCF, 0x30, 0x66, 0x00, 0x00, 0x07, 0x86, 0x66, 0x18, 0x1C,
    0xFE, 0xE3, 0x61, 0xB1, 0xCF, 0xB0, 0x18, 0x16, 0x06, 0x00, 0x03, 0xC3, 0x33, 0x0C, 0x0E, 0x7F,
    0x71, 0xB0, 0xD8, 0xE7, 0x98, 0x3C, 0xF1, 0x9E, 0x6C, 0x30, 0xC0, 0xC3, 0x3F, 0xFF, 0x8C, 0x0C,
    0x30, 0xF1, 0xE6, 0x7C, 0xF0, 0x3C, 0x63, 0xC3, 0xC0, 0xC0, 0xC0, 0xC3, 0x63, 0x3C, 0x18, 0x04,
    0x1C, 0x10, 0x00, 0x00, 0x3C, 0x66, 0xC3, 0xC3, 0xFF, 0xC0, 0xC0, 0x66, 0x3C, 0x08, 0x00, 0x00,
    0x3C, 0x66, 0xC3, 0xC3, 0xFF, 0xC0, 0xC0, 0x66, 0x3C, 0x18, 0x24, 0x00, 0x3C, 0x66, 0xC3, 0xC3,
    0xFF, 0xC0, 0xC0, 0x66, 0x3C, 0x36, 0x00, 0x00, 0x3C, 0x66, 0xC3, 0xC3, 0xFF, 0xC0, 0xC0, 0x66,
    0x3C, 0x40, 0x36, 0xDB, 0x6D, 0xB0, 0x40, 0x6D, 0xB6, 0xDB, 0x60, 0x31, 0x20, 0x0C, 0x30, 0xC3,
    0x0C, 0x30, 0xC3, 0x0C, 0xD8, 0x00, 0xC6, 0x31, 0x8C, 0x63, 0x18, 0xC0, 0x10, 0x1F, 0xC7, 0x82,
    0x63, 0xFB, 0x1F, 0x07, 0x83, 0xC1, 0xE0, 0xD8, 0xC7, 0xC0, 0x34, 0x90, 0x06, 0xEE, 0x78, 0xF1,
    0xE3, 0xC7, 0x8F, 0x1E, 0x30, 0x10, 0x00, 0x00, 0x3C, 0x66, 0xC3, 0xC3, 0xC3, 0xC3, 0xC3, 0x66,
    0x3C, 0x08, 0x00, 0x00, 0x3C, 0x66, 0xC3, 0xC3, 0xC3, 0xC3, 0xC3, 0x66, 0x3C, 0x18, 0x18, 0x24,
    0x00, 0x3C, 0x66, 0xC3, 0xC3, 0xC3, 0xC3, 0xC3, 0x66, 0x3C, 0x34, 0x2C, 0x00, 0x3C, 0x66, 0xC3,
    0xC3, 0xC3, 0xC3, 0xC3, 0x66, 0x3C, 0x36, 0x00, 0x00, 0x3C, 0x66, 0xC3, 0xC3, 0xC3, 0xC3, 0xC3,
    0x66, 0x3C, 0x18, 0x00, 0xFF, 0x00, 0x00, 0x18, 0x3E, 0x66, 0xC7, 0xCB, 0xDB, 0xD3, 0xE3, 0x66,
    0x7C, 0x30, 0x00, 0x06, 0x3C, 0x78, 0xF1, 0xE3, 0xC7, 0x8F, 0x3B, 0xB0, 0x18, 0x00, 0x06, 0x3C,
    0x78, 0xF1, 0xE3, 0xC7, 0x8F, 0x3B, 0xB0, 0x10, 0x51, 0xA0, 0x0C, 0x78, 0xF1, 0xE3, 0xC7, 0x8F,
    0x1E, 0x77, 0x60, 0x6C, 0x00, 0x06, 0x3C, 0x78, 0xF1, 0xE3, 0xC7, 0x8F, 0x3B, 0xF0, 0x08, 0x00,
    0x00, 0xC3, 0xC3, 0x46, 0x66, 0x64, 0x2C, 0x3C, 0x38, 0x18, 0x18, 0x70, 0xC0, 0xC0, 0xC0, 0xFC,
    0xE6, 0xC3, 0xC3, 0xC3, 0xC3, 0xC3, 0xE6, 0xFC, 0xC0, 0xC0, 0x36, 0x00, 0x00, 0x18, 0x36, 0x33,
    0x19, 0x88, 0x6C, 0x36, 0x0A, 0x07, 0x03, 0x80, 0x83, 0xC0, 0x1F, 0x00, 0x00, 0x38, 0x07, 0x01,
    0xB0, 0x36, 0x06, 0xC1, 0x8C, 0x31, 0x86, 0x31, 0xFF, 0x30, 0x6C, 0x07, 0x80, 0xC0, 0x3E, 0x00,
    0x00, 0x07, 0x86, 0x66, 0x18, 0x1C, 0xFE, 0xE3, 0x61, 0xB1, 0xCF, 0xB0, 0x11, 0x01, 0xC0, 0x00,
    0x07, 0x00, 0xE0, 0x36, 0x06, 0xC0, 0xD8, 0x31, 0x86, 0x30, 0xC6, 0x3F, 0xE6, 0x0C, 0x80, 0xB0,
    0x18, 0x26, 0x0E, 0x00, 0x07, 0x86, 0x66, 0x18, 0x0C, 0x7E, 0xF3, 0x61, 0xB1, 0xCF, 0xB0, 0x0E,
    0x01, 0xC0, 0x78, 0x0D, 0x83, 0x30, 0x66, 0x0C, 0x63, 0x8C, 0x7F, 0x8C, 0x1B, 0x03, 0x60, 0x20,
    0x04, 0x01, 0x80, 0x38, 0x3C, 0x33, 0x30, 0xC0, 0xE7, 0xF7, 0x1B, 0x0D, 0x8E, 0x79, 0x80, 0x80,
    0xC0, 0x70, 0x06, 0x00, 0x00, 0x00, 0x0F, 0x83, 0x18, 0xC1, 0xB0, 0x16, 0x00, 0xC0, 0x18, 0x03,
    0x00, 0x60, 0x36, 0x0C, 0x63, 0x07, 0xC0, 0x0C, 0x00, 0x00, 0x3E, 0x63, 0xC3, 0xC0, 0xC0, 0xC0,
    0xC3, 0x63, 0x3C, 0x04, 0x01, 0x40, 0x6C, 0x00, 0x01, 0xF0, 0x63, 0x18, 0x36, 0x02, 0xC0, 0x18,
    0x03, 0x00, 0x60, 0x0C, 0x06, 0xC1, 0x8C, 0x60, 0xF8, 0x18, 0x14, 0x36, 0x00, 0x3E, 0x63, 0xC3,
    0xC0, 0xC0, 0xC0, 0xC3, 0x63, 0x3C, 0x0C, 0x00, 0x00, 0x00, 0x7C, 0x31, 0x98, 0x3C, 0x0F, 0x00,
    0xC0, 0x30, 0x0C, 0x03, 0x03, 0x60, 0xCC, 0x61, 0xF0, 0x18, 0x00, 0x00, 0x3C, 0x62, 0xC3, 0xC0,
    0xC0, 0xC0, 0xC3, 0x66, 0x3C, 0x11, 0x01, 0x40, 0x38, 0x00, 0x01, 0xF0, 0x63, 0x18, 0x36, 0x02,
    0xC0, 0x18, 0x03, 0x00, 0x60, 0x0C, 0x06, 0xC1, 0x8C, 0x60, 0xF8, 0x34, 0x1C, 0x00, 0x3E, 0x63,
    0xC3, 0xC0, 0xC0, 0xC0, 0xC3, 0x63, 0x3C, 0x34, 0x07, 0x00, 0x03, 0xF8, 0xC3, 0x30, 0x6C, 0x0F,
    0x03, 0xC0, 0xF0, 0x3C, 0x0F, 0x03, 0xC1, 0xB0, 0xCF, 0xE0, 0x03, 0x60, 0x6C, 0x0D, 0x1D, 0xA6,
    0x71, 0x86, 0x30, 0xC6, 0x18, 0xC3, 0x18, 0x61, 0x9C, 0x1D, 0x80, 0x7F, 0x0C, 0x31, 0x83, 0x30,
    0x36, 0x06, 0xC0, 0xFF, 0x1B, 0x03, 0x60, 0x6C, 0x19, 0x86, 0x3F, 0x80, 0x03, 0x07, 0xC0, 0xC7,
    0x66, 0x76, 0x1B, 0x0D, 0x86, 0xC3, 0x61, 0x99, 0xC7, 0x60, 0x7C, 0x00, 0xFF, 0xC0, 0xC0, 0xC0,
    0xC0, 0xC0, 0xFF, 0xC0, 0xC0, 0xC0, 0xC0, 0xFF, 0x3E, 0x00, 0x00, 0x3C, 0x66, 0xC3, 0xC3, 0xFF,
    0xC0, 0xC0, 0x66, 0x3C, 0x44, 0x78, 0x07, 0xFC, 0x18, 0x30, 0x60, 0xFF, 0x83, 0x06, 0x0C, 0x18,
    0x3F, 0x80, 0x24, 0x3C, 0x00, 0x3C, 0x66, 0xC3, 0xC3, 0xFF, 0xC0, 0xC0, 0x60, 0x3E, 0x18, 0x00,
    0xFF, 0xC0, 0xC0, 0xC0, 0xC0, 0xC0, 0xFF, 0xC0, 0xC0, 0xC0, 0xC0, 0xFF, 0x18, 0x00, 0x00, 0x3C,
    0x66, 0xC3, 0xC3, 0xFF, 0xC0, 0xC0, 0x66, 0x3C, 0xFF, 0xC0, 0xC0, 0xC0, 0xC0, 0xC0, 0xFF, 0xC0,
    0xC0, 0xC0, 0xC0, 0xFF, 0x02, 0x06, 0x07, 0x3C, 0x66, 0xC3, 0xC3, 0xFF, 0xC0, 0xC0, 0x66, 0x3E,
    0x0C, 0x08, 0x0E, 0x24, 0x18, 0x00, 0xFF, 0xC0, 0xC0, 0xC0, 0xC0, 0xC0, 0xFF, 0xC0, 0xC0, 0xC0,
    0xC0, 0xFF, 0x24, 0x18, 0x00, 0x3C, 0x66, 0xC3, 0xC3, 0xFF, 0xC0, 0xC0, 0x66, 0x3C, 0x04, 0x01,
    0x40, 0x6C, 0x00, 0x01, 0xF0, 0x63, 0x98, 0x3E, 0x07, 0xC0, 0x18, 0x03, 0x1F, 0xE0, 0x3C, 0x0E,
    0xC1, 0xCC, 0x78, 0xFB, 0x18, 0x1C, 0x24, 0x00, 0x3B, 0x67, 0xC3, 0xC3, 0xC3, 0xC3, 0x67, 0x3B,
    0x03, 0x63, 0x3C, 0x11, 0x03, 0x20, 0x38, 0x00, 0x01, 0xF0, 0x63, 0x98, 0x3E, 0x07, 0xC0, 0x18,
    0x03, 0x0F, 0xE0, 0x3C, 0x0E, 0xC1, 0xCC, 0x78, 0xFB, 0x3E, 0x00, 0x00, 0x3F, 0x67, 0xC3, 0xC3,
    0xC3, 0xC3, 0x67, 0x3B, 0x03, 0x63, 0x3C, 0x0C, 0x00, 0x00, 0x00, 0x0F, 0x83, 0x1C, 0xC1, 0xF0,
    0x3E, 0x00, 0xC0, 0x18, 0xFF, 0x01, 0xE0, 0x76, 0x0E, 0x63, 0xC7, 0xD8, 0x18, 0x00, 0x00, 0x3B,
    0x67, 0xC3, 0xC3, 0xC3, 0xC3, 0x67, 0x3B, 0x03, 0x63, 0x3C, 0x1F, 0x06, 0x39, 0x83, 0xE0, 0x7C,
    0x01, 0x80, 0x31, 0xFE, 0x03, 0xC0, 0xEC, 0x1C, 0xC7, 0x8F, 0xB0, 0x00, 0x18, 0x03, 0x00, 0x40,
    0x08, 0x18, 0x18, 0x00, 0x00, 0x3B, 0x67, 0xC3, 0xC3, 0xC3, 0xC3, 0x67, 0x3B, 0x03, 0x63, 0x3C,
    0x1C, 0x0A, 0x00, 0x18, 0x3C, 0x1E, 0x0F, 0x07, 0x83, 0xC1, 0xFF, 0xF0, 0x78, 0x3C, 0x1E, 0x0F,
    0x06, 0x30, 0x3C, 0x32, 0x06, 0x03, 0x01, 0x80, 0xDC, 0x73, 0x31, 0x98, 0xCC, 0x66, 0x33, 0x19,
    0x8C, 0xC6, 0x60, 0xCC, 0x1B, 0xFF, 0xB0, 0x66, 0x0C, 0xC1, 0x9F, 0xF3, 0x06, 0x60, 0xCC, 0x19,
    0x83, 0x30, 0x60, 0x60, 0xF8, 0x60, 0x6E, 0x73, 0x63, 0x63, 0x63, 0x63, 0x63, 0x63, 0x63, 0xEA,
    0x60, 0x0C, 0x30, 0xC3, 0x0C, 0x30, 0xC3, 0x0C, 0x30, 0xC3, 0x00, 0xEA, 0x60, 0x0C, 0x30, 0xC3,
    0x0C, 0x30, 0xC3, 0x0C, 0xF8, 0x18, 0xC6, 0x31, 0x8C, 0x63, 0x18, 0xC6, 0x30, 0xF8, 0x00, 0xC6,
    0x31, 0x8C, 0x63, 0x18, 0xC0, 0x8B, 0xC0, 0xF3, 0x18, 0xC6, 0x31, 0x8C, 0x63, 0x19, 0xE0, 0x85,
    0xE0, 0x0C, 0x30, 0xC3, 0x0C, 0x30, 0xC3, 0x0C, 0x66, 0x66, 0x66, 0x66, 0x66, 0x66, 0x6C, 0xF0,
    0x60, 0x06, 0x66, 0x66, 0x66, 0x66, 0x6C, 0xF0, 0xCF, 0xFF, 0xFF, 0xF0, 0xFF, 0xFF, 0xC0, 0xC0,
    0x3C, 0x03, 0xC0, 0x3C, 0x03, 0xC0, 0x3C, 0x03, 0xC0, 0x3C, 0x03, 0xCC, 0x3C, 0xC3, 0xC6, 0x6C,
    0x3C, 0xCC, 0x00, 0x33, 0xCF, 0x3C, 0xF3, 0xCF, 0x3C, 0xF3, 0x0C, 0x60, 0x03, 0x01, 0xE0, 0x48,
    0x00, 0x03, 0x00, 0xC0, 0x30, 0x0C, 0x03, 0x00, 0xC0, 0x30, 0x0C, 0xC3, 0x30, 0xC6, 0x60, 0xF0,
    0x31, 0xE4, 0x80, 0x30, 0xC3, 0x0C, 0x30, 0xC3, 0x0C, 0x30, 0xCE, 0x00, 0xC3, 0x63, 0x31, 0x19,
    0x8D, 0x87, 0x83, 0xE1, 0x98, 0xCC, 0x63, 0x30, 0xD8, 0x70, 0x00, 0xC0, 0x60, 0x20, 0xC0, 0xC0,
    0xC0, 0xC3, 0xC6, 0xCC, 0xD8, 0xF8, 0xEC, 0xC6, 0xC6, 0xC3, 0x00, 0x18, 0x18, 0x10, 0xC6, 0xCC,
    0xC8, 0xD8, 0xF8, 0xD8, 0xCC, 0xC6, 0xC2, 0x40, 0x00, 0xC0, 0xC0, 0xC0, 0xC0, 0xC0, 0xC0, 0xC0,
    0xC0, 0xC0, 0xC0, 0xC0, 0xFF, 0x43, 0x6D, 0xB6, 0xDB, 0x6C, 0xC0, 0xC0, 0xC0, 0xC0, 0xC0, 0xC0,
    0xC0, 0xC0, 0xC0, 0xC0, 0xC0, 0xC0, 0xFF, 0x00, 0x18, 0x18, 0x10, 0xCC, 0xCC, 0xCC, 0xCC, 0xCC,
    0xC7, 0x06, 0x64, 0xC2, 0xC6, 0xC6, 0xC6, 0xC0, 0xC0, 0xC0, 0xC0, 0xC0, 0xC0, 0xC0, 0xFF, 0xDE,
    0xF7, 0xAC, 0x63, 0x18, 0xC6, 0x30, 0xC0, 0xC1, 0x83, 0x06, 0x0C, 0x19, 0xB3, 0x60, 0xC1, 0x83,
    0x07, 0xF0, 0xCC, 0xCC, 0xCF, 0xFC, 0xCC, 0xCC, 0x60, 0x30, 0x18, 0x0C, 0x06, 0x83, 0xC3, 0x81,
    0xC0, 0x60, 0x30, 0x18, 0x0F, 0xF0, 0x66, 0x66, 0x76, 0xE6, 0x66, 0x67, 0x06, 0x00, 0x0E, 0x0F,
    0x83, 0xF0, 0xF4, 0x3D, 0x8F, 0x33, 0xCC, 0xF1, 0xBC, 0x6F, 0x0F, 0xC1, 0xF0, 0x70, 0x18, 0x00,
    0x06, 0xEE, 0x78, 0xF1, 0xE3, 0xC7, 0x8F, 0x1E, 0x30, 0xE0, 0xF8, 0x3F, 0x0F, 0x43, 0xD8, 0xF3,
    0x3C, 0xCF, 0x1B, 0xC6, 0xF0, 0xFC, 0x1F, 0x07, 0x00, 0x03, 0x00, 0xC0, 0x20, 0xDE, 0xE7, 0xC3,
    0xC3, 0xC3, 0xC3, 0xC3, 0xC3, 0xC3, 0x00, 0x18, 0x18, 0x10, 0x1A, 0x03, 0x80, 0x03, 0x83, 0xE0,
    0xFC, 0x3D, 0x0F, 0x63, 0xCC, 0xF3, 0x3C, 0x6F, 0x1B, 0xC3, 0xF0, 0x7C, 0x1C, 0x28, 0x70, 0x06,
    0xEE, 0x78, 0xF1, 0xE3, 0xC7, 0x8F, 0x1E, 0x30, 0x60, 0x0C, 0x01, 0x00, 0x2D, 0xE1, 0xC6, 0x30,
    0xC6, 0x18, 0xC3, 0x18, 0x63, 0x0C, 0x61, 0x8C, 0x30, 0xE0, 0xF8, 0x3F, 0x0F, 0x43, 0xD8, 0xF2,
    0x3C, 0xCF, 0x1B, 0xC6, 0xF0, 0xFC, 0x1F, 0x07, 0x00, 0xC1, 0xE0, 0xDD, 0xCF, 0x1E, 0x3C, 0x78,
    0xF1, 0xE3, 0xC6, 0x0C, 0x70, 0x1F, 0x00, 0x00, 0x00, 0x0F, 0x83, 0x18, 0xC1, 0xB0, 0x1E, 0x03,
    0xC0, 0x78, 0x0F, 0x01, 0xE0, 0x36, 0x0C, 0x63, 0x07, 0xC0, 0x3E, 0x00, 0x00, 0x3C, 0x62, 0xC1,
    0xC1, 0xC1, 0xC1, 0xC1, 0x62, 0x3C, 0x11, 0x02, 0x20, 0x38, 0x00, 0x01, 0xF0, 0xE3, 0x18, 0x36,
    0x03, 0xC0, 0x78, 0x0F, 0x01, 0xE0, 0x3C, 0x06, 0xC1, 0x9C, 0x60, 0xF8, 0x24, 0x18, 0x00, 0x3C,
    0x66, 0xC3, 0xC3, 0xC3, 0xC3, 0xC3, 0x66, 0x3C, 0x0F, 0x00, 0x00, 0x00, 0x0F, 0x83, 0x18, 0xC1,
    0xB0, 0x1E, 0x03, 0xC0, 0x78, 0x0F, 0x01, 0xE0, 0x36, 0x0C, 0x63, 0x07, 0xC0, 0x14, 0x00, 0x00,
    0x3C, 0x66, 0xC3, 0xC3, 0xC3, 0xC3, 0xC3, 0x66, 0x3C, 0x1F, 0x7F, 0x31, 0xE0, 0x60, 0xE0, 0xC0,
    0x60, 0xC0, 0x60, 0xC0, 0x7F, 0xC0, 0x60, 0xC0, 0x60, 0xC0, 0x60, 0x60, 0xE0, 0x31, 0xE0, 0x1F,
    0x7F, 0x3C, 0xF8, 0xCF, 0x1B, 0x0C, 0x1E, 0x18, 0x3C, 0x3F, 0xF8, 0x60, 0x30, 0xC0, 0x33, 0xC6,
    0x3C, 0xF8, 0x0C, 0x00, 0x3F, 0x98, 0x6C, 0x1E, 0x0F, 0x07, 0x87, 0xFF, 0x60, 0xB0, 0x78, 0x3C,
    0x1E, 0x0C, 0x30, 0x01, 0xFC, 0x63, 0x18, 0xC6, 0x31, 0x80, 0xFE, 0x61, 0xB0, 0x78, 0x3C, 0x1E,
    0x1F, 0xFD, 0x82, 0xC1, 0xE0, 0xF0, 0x78, 0x30, 0x00, 0xC0, 0x60, 0x20, 0xFE, 0x31, 0x8C, 0x63,
    0x18, 0xC0, 0x31, 0x88, 0x00, 0x36, 0x0E, 0x00, 0x1F, 0xCC, 0x36, 0x0F, 0x07, 0x83, 0xC3, 0xFF,
    0xB0, 0x58, 0x3C, 0x1E, 0x0F, 0x06, 0xD3, 0x81, 0xFC, 0x63, 0x18, 0xC6, 0x31, 0x80, 0x0C, 0x00,
    0x00, 0x07, 0xC6, 0x36, 0x0B, 0x01, 0xE0, 0x7E, 0x1F, 0x80, 0xF8, 0x3C, 0x1B, 0x18, 0xF8, 0x18,
    0x00, 0x03, 0xCC, 0xD8, 0xF8, 0x3E, 0x1F, 0x8F, 0x1B, 0xE0, 0x18, 0x0E, 0x09, 0x00, 0x03, 0xE3,
    0x1B, 0x05, 0x80, 0xF0, 0x3F, 0x0F, 0xC0, 0x7C, 0x1E, 0x0D, 0x8C, 0x7C, 0x10, 0x71, 0xA0, 0x07,
    0x99, 0xB1, 0xF0, 0x7C, 0x3F, 0x1E, 0x37, 0xC0, 0x3E, 0x31, 0xB0, 0x58, 0x0F, 0x03, 0xF0, 0xFC,
    0x07, 0xC1, 0xE0, 0xD8, 0xC7, 0xC1, 0x80, 0x20, 0x70, 0x79, 0x8B, 0x1F, 0x07, 0xC3, 0xF1, 0xE3,
    0x7C, 0x20, 0x21, 0xC0, 0x26, 0x1A, 0x06, 0x00, 0x03, 0xE3, 0x1B, 0x05, 0x80, 0xF0, 0x3F, 0x0F,
    0xC0, 0x7C, 0x1E, 0x0D, 0x8C, 0x7C, 0x28, 0x70, 0x03, 0xCC, 0xD8, 0xF8, 0x3E, 0x1F, 0x8F, 0x1B,
    0xE0, 0xFF, 0x86, 0x03, 0x01, 0x80, 0xC0, 0x60, 0x30, 0x18, 0x0C, 0x06, 0x03, 0x01, 0x80, 0x80,
    0x70, 0x48, 0x38, 0x63, 0x3E, 0xC6, 0x31, 0x8C, 0x63, 0x0E, 0x41, 0x29, 0xC0, 0x12, 0x06, 0x00,
    0x1F, 0xF0, 0xC0, 0x60, 0x30, 0x18, 0x0C, 0x06, 0x03, 0x01, 0x80, 0xC0, 0x60, 0x30, 0x04, 0x36,
    0xBE, 0x61, 0x86, 0x18, 0x61, 0x86, 0x0E, 0xFF, 0x86, 0x03, 0x01, 0x80, 0xC0, 0x60, 0xFC, 0x18,
    0x0C, 0x06, 0x03, 0x01, 0x80, 0x63, 0x3E, 0xC6, 0x33, 0xEC, 0x63, 0x0E, 0x1A, 0x13, 0x00, 0x18,
    0x3C, 0x1E, 0x0F, 0x07, 0x83, 0xC1, 0xE0, 0xF0, 0x78, 0x3C, 0x1B, 0x18, 0xF8, 0x64, 0xB0, 0x06,
    0x3C, 0x78, 0xF1, 0xE3, 0xC7, 0x8F, 0x3B, 0xB0, 0x3E, 0x00, 0x00, 0x18, 0x3C, 0x1E, 0x0F, 0x07,
    0x83, 0xC1, 0xE0, 0xF0, 0x78, 0x3C, 0x1B, 0x18, 0xF8, 0x7C, 0x00, 0x06, 0x3C, 0x78, 0xF1, 0xE3,
    0xC7, 0x8F, 0x3B, 0xF0, 0x22, 0x19, 0x07, 0x00, 0x0C, 0x1E, 0x0F, 0x07, 0x83, 0xC1, 0xE0, 0xF0,
    0x78, 0x3C, 0x1E, 0x0D, 0x8C, 0x7C, 0x6C, 0x70, 0x06, 0x3C, 0x78, 0xF1, 0xE3, 0xC7, 0x8F, 0x3B,
    0xF0, 0x1C, 0x0A, 0x07, 0x00, 0x0C, 0x1E, 0x0F, 0x07, 0x83, 0xC1, 0xE0, 0xF0, 0x78, 0x3C, 0x1E,
    0x0D, 0x8C, 0x7C, 0x18, 0x50, 0x60, 0x0C, 0x78, 0xF1, 0xE3, 0xC7, 0x8F, 0x1E, 0x37, 0xE0, 0x1E,
    0x00, 0x00, 0x18, 0x3C, 0x1E, 0x0F, 0x07, 0x83, 0xC1, 0xE0, 0xF0, 0x78, 0x3C, 0x1B, 0x18, 0xF8,
    0x3C, 0x00, 0x06, 0x3C, 0x78, 0xF1, 0xE3, 0xC7, 0x8F, 0x3B, 0xB0, 0xC1, 0xE0, 0xF0, 0x78, 0x3C,
    0x1E, 0x0F, 0x07, 0x83, 0xC1, 0xE0, 0xD8, 0xC7, 0xC0, 0xC0, 0x40, 0x38, 0xC6, 0xC6, 0xC6, 0xC6,
    0xC6, 0xC6, 0xC6, 0xCE, 0x76, 0x04, 0x0C, 0x07, 0x03, 0x00, 0x09, 0x00, 0x00, 0x06, 0x18, 0x6C,
    0x30, 0xD8, 0x71, 0x91, 0xE3, 0x33, 0xCC, 0x66, 0x98, 0xC9, 0xB0, 0xB3, 0x61, 0xE6, 0x83, 0xC7,
    0x07, 0x0E, 0x06, 0x1C, 0x00, 0x03, 0x00, 0x24, 0x00, 0x00, 0x86, 0x36, 0x31, 0xB3, 0x8D, 0x9E,
    0x44, 0xB6, 0x34, 0xB1, 0xE7, 0x86, 0x38, 0x30, 0xC0, 0x0C, 0x07, 0x80, 0x03, 0x03, 0x61, 0x98,
    0x63, 0x30, 0xFC, 0x1E, 0x03, 0x00, 0xC0, 0x30, 0x0C, 0x03, 0x00, 0xC0, 0x18, 0x24, 0x00, 0xC3,
    0xC3, 0x46, 0x66, 0x64, 0x2C, 0x3C, 0x38, 0x18, 0x18, 0x70, 0x1B, 0x00, 0x01, 0x83, 0x30, 0x63,
    0x18, 0x62, 0x06, 0xC0, 0xF0, 0x0C, 0x01, 0x80, 0x30, 0x06, 0x00, 0xC0, 0x18, 0x00, 0x0C, 0x00,
    0xFF, 0x03, 0x06, 0x0E, 0x0C, 0x18, 0x18, 0x30, 0x70, 0x60, 0xC0, 0xFF, 0x18, 0x00, 0x07, 0xF0,
    0x61, 0x86, 0x1C, 0x30, 0xC3, 0x07, 0xF0, 0x18, 0x00, 0xFF, 0x03, 0x06, 0x0C, 0x0C, 0x18, 0x18,
    0x30, 0x60, 0x60, 0xC0, 0xFF, 0x18, 0x00, 0x07, 0xF0, 0x61, 0x86, 0x0C, 0x30, 0xC3, 0x07, 0xF0,
    0x34, 0x1C, 0x00, 0xFF, 0x03, 0x06, 0x0E, 0x0C, 0x18, 0x18, 0x30, 0x70, 0x60, 0xC0, 0xFF, 0x2C,
    0x70, 0x07, 0xF0, 0x61, 0x86, 0x1C, 0x30, 0xC3, 0x07, 0xF0, 0x7E, 0x31, 0x8C, 0x63, 0x18, 0xC6,
    0x31, 0x80, 0x1F, 0x17, 0x1F, 0x60, 0xCC, 0x06, 0xC0, 0x6C, 0x06, 0xC0, 0x6C, 0x06, 0xC0, 0x66,
    0x0C, 0x71, 0x81, 0xF0, 0x00, 0x80, 0x23, 0xD9, 0x9C, 0xC3, 0x30, 0xCC, 0x33, 0x0C, 0xC3, 0x19,
    0x83, 0xC0, 0xC1, 0xBC, 0x1B, 0xC1, 0xCC, 0x18, 0xC1, 0x8C, 0x18, 0xC1, 0x8C, 0x18, 0xC1, 0x8C,
    0x18, 0x63, 0x03, 0xE0, 0x00, 0x78, 0x6B, 0x0E, 0x61, 0x8C, 0x31, 0x86, 0x30, 0xC6, 0x18, 0xC7,
    0x0F, 0x60, 0x00, 0x08, 0x40, 0x00, 0xD0, 0x00, 0x0C, 0x00, 0x00, 0x0F, 0xE1, 0xFF, 0x86, 0x00,
    0xF0, 0x60, 0x36, 0x06, 0x04, 0xC0, 0xC1, 0x98, 0x18, 0x63, 0x03, 0x0C, 0x60, 0x63, 0x0C, 0x0C,
    0x41, 0x83, 0x18, 0x30, 0xC6, 0x07, 0xF0, 0xFF, 0xFE, 0x0F, 0x61, 0x83, 0x30, 0x60, 0x18, 0x1B,
    0xFC, 0x0C, 0x1E, 0x06, 0x1B, 0x03, 0x09, 0x81, 0x8C, 0xC0, 0xC4, 0x60, 0xC4, 0x30, 0xC6, 0x1F,
    0xC3, 0xF0, 0x03, 0x12, 0x03, 0x0C, 0x03, 0x00, 0x3B, 0x3F, 0x67, 0x03, 0xC3, 0x06, 0xC3, 0x04,
    0xC3, 0x0C, 0xC3, 0x08, 0xC3, 0x10, 0x67, 0x30, 0x3B, 0x3F, 0xC0, 0xF0, 0x3C, 0x0F, 0x03, 0xC0,
    0xF0, 0x3C, 0x0F, 0x03, 0xC0, 0xF0, 0x3C, 0x0F, 0xF3, 0x00, 0xC0, 0x30, 0x38, 0xC0, 0xF0, 0x3C,
    0x03, 0x03, 0xC0, 0xF0, 0x3C, 0x0F, 0x03, 0xC0, 0xF0, 0x3C, 0x0F, 0xF3, 0x00, 0xC0, 0x30, 0x0C,
    0x0E, 0xCF, 0x3C, 0x33, 0xCF, 0x3C, 0xF3, 0xCF, 0x3C, 0xF3, 0x0C, 0x30, 0xCE, 0xE0, 0xCF, 0x83,
    0x3F, 0x0C, 0xF4, 0x33, 0xD8, 0xCF, 0x33, 0x3C, 0x4C, 0xF1, 0xB3, 0xC2, 0xCF, 0x0F, 0x3C, 0x1C,
    0xF0, 0x73, 0x00, 0x0C, 0x00, 0x30, 0x03, 0x80, 0xE0, 0xCF, 0x83, 0x3F, 0x0C, 0x34, 0x33, 0xD8,
    0xCF, 0x33, 0x3C, 0xCC, 0xF1, 0xB3, 0xC2, 0xCF, 0x0F, 0x3C, 0x1C, 0xF0, 0x73, 0x00, 0x0C, 0x00,
    0x30, 0x00, 0xC0, 0x0E, 0x00, 0x30, 0x03, 0x00, 0x0D, 0xE3, 0xE3, 0x3C, 0x33, 0xC3, 0x3C, 0x33,
    0xC3, 0x3C, 0x33, 0xC3, 0x3C, 0x33, 0x00, 0x30, 0x03, 0x00, 0x30, 0x0E, 0x0B, 0x01, 0xC0, 0x00,
    0x07, 0x00, 0xE0, 0x1E, 0x06, 0xC0, 0xC8, 0x19, 0x86, 0x30, 0xC7, 0x1F, 0xE6, 0x0C, 0xC0, 0xF0,
    0x18, 0x24, 0x0E, 0x00, 0x07, 0x86, 0x66, 0x18, 0x0C, 0x7E, 0xF3, 0x61, 0xB1, 0xCF, 0x70, 0x85,
    0xE3, 0x00, 0x78, 0xC3, 0x0C, 0x30, 0xC3, 0x0C, 0x30, 0xC3, 0x1E, 0xCD, 0xE0, 0x0C, 0x30, 0xC3,
    0x0C, 0x30, 0xC3, 0x0C, 0x11, 0x01, 0x40, 0x30, 0x00, 0x01, 0xF0, 0xE3, 0x18, 0x36, 0x03, 0xC0,
    0x78, 0x0F, 0x01, 0xE0, 0x3C, 0x06, 0xC1, 0x9C, 0x60, 0xF8, 0x24, 0x18, 0x00, 0x3C, 0x66, 0xC3,
    0xC3, 0xC3, 0xC3, 0xC3, 0x66, 0x3C, 0x22, 0x0A, 0x02, 0x00, 0x0C, 0x1E, 0x0F, 0x07, 0x83, 0xC1,
    0xE0, 0xF0, 0x78, 0x3C, 0x1E, 0x0D, 0x8C, 0x7C, 0x24, 0x18, 0x00, 0xC3, 0xC3, 0xC3, 0xC3, 0xC3,
    0xC3, 0xC3, 0xC7, 0x7B, 0x3E, 0x00, 0x00, 0x06, 0xC0, 0x06, 0x0F, 0x07, 0x83, 0xC1, 0xE0, 0xF0,
    0x78, 0x3C, 0x1E, 0x0F, 0x06, 0xC6, 0x3E, 0x00, 0x7C, 0x00, 0x6C, 0x00, 0x00, 0xC3, 0xC3, 0xC3,
    0xC3, 0xC3, 0xC3, 0xC3, 0xC7, 0x7B, 0x06, 0x02, 0x02, 0x00, 0x03, 0x60, 0x03, 0x07, 0x83, 0xC1,
    0xE0, 0xF0, 0x78, 0x3C, 0x1E, 0x0F, 0x07, 0x83, 0x63, 0x1F, 0x00, 0x0C, 0x08, 0x10, 0x2C, 0x00,
    0x00, 0xC3, 0xC3, 0xC3, 0xC3, 0xC3, 0xC3, 0xC3, 0xC7, 0x7B, 0x22, 0x0A, 0x02, 0x00, 0x03, 0x60,
    0x03, 0x07, 0x83, 0xC1, 0xE0, 0xF0, 0x78, 0x3C, 0x1E, 0x0F, 0x07, 0x83, 0x63, 0x1F, 0x00, 0x46,
    0x2C, 0x10, 0x2C, 0x00, 0x00, 0xC3, 0xC3, 0xC3, 0xC3, 0xC3, 0xC3, 0xC3, 0xC7, 0x7B, 0x30, 0x08,
    0x02, 0x00, 0x03, 0x60, 0x03, 0x07, 0x83, 0xC1, 0xE0, 0xF0, 0x78, 0x3C, 0x1E, 0x0F, 0x07, 0x83,
    0x63, 0x1F, 0x00, 0x20, 0x20, 0x10, 0x2C, 0x00, 0x00, 0xC3, 0xC3, 0xC3, 0xC3, 0xC3, 0xC3, 0xC3,
    0xC7, 0x7B, 0x7C, 0x06, 0x03, 0x03, 0xFF, 0xC3, 0xC3, 0x66, 0x3C, 0x1F, 0x00, 0x00, 0x00, 0x0D,
    0x80, 0x00, 0x08, 0x03, 0x80, 0x50, 0x0A, 0x03, 0x60, 0x44, 0x18, 0xC3, 0xF8, 0x41, 0x18, 0x32,
    0x02, 0xC0, 0x60, 0x7E, 0x00, 0x66, 0x00, 0x00, 0x7E, 0x47, 0x03, 0x03, 0x7F, 0xE3, 0xC3, 0xC7,
    0x7B, 0x1F, 0x01, 0x80, 0x30, 0x00, 0x00, 0xC0, 0x18, 0x07, 0x80, 0x90, 0x13, 0x06, 0x20, 0xC6,
    0x1F, 0xC6, 0x08, 0xC1, 0x90, 0x16, 0x03, 0x7C, 0x00, 0x18, 0x18, 0x00, 0x7E, 0x47, 0x03, 0x03,
    0x7F, 0xE3, 0xC3, 0xC7, 0x7B, 0x03, 0xE0, 0x00, 0x00, 0x3F, 0xC1, 0x60, 0x05, 0x80, 0x36, 0x00,
    0x98, 0x06, 0x7F, 0x11, 0x80, 0xFE, 0x02, 0x18, 0x18, 0x60, 0x41, 0x83, 0x07, 0xF0, 0x0F, 0x80,
    0x00, 0x1F, 0x78, 0x8E, 0x60, 0x61, 0x83, 0x0D, 0xFF, 0xF8, 0xC0, 0xC6, 0x06, 0x78, 0x1E, 0x7C,
    0x1F, 0x06, 0x31, 0x83, 0x60, 0x6C, 0x01, 0x80, 0x31, 0xF6, 0x06, 0xC7, 0xEC, 0x30, 0xC6, 0x0F,
    0x80, 0x3B, 0x33, 0xB0, 0xDB, 0xFC, 0x36, 0x19, 0x9C, 0x76, 0x03, 0x31, 0x8F, 0x00, 0x11, 0x01,
    0x40, 0x38, 0x00, 0x01, 0xF0, 0x63, 0x98, 0x3E, 0x07, 0xC0, 0x18, 0x03, 0x1F, 0xE0, 0x3C, 0x0E,
    0xC1, 0xCC, 0x78, 0xFB, 0x24, 0x18, 0x18, 0x00, 0x3B, 0x67, 0xC3, 0xC3, 0xC3, 0xC3, 0x67, 0x3B,
    0x03, 0x63, 0x3C, 0x34, 0x0E, 0x00, 0x18, 0x3C, 0x36, 0x33, 0x31, 0xB0, 0xF8, 0x7E, 0x3B, 0x18,
    0xCC, 0x36, 0x1B, 0x06, 0xCC, 0x1E, 0x03, 0x00, 0xC0, 0x30, 0x0C, 0x03, 0x0C, 0xC6, 0x33, 0x0D,
    0x83, 0xE0, 0xEC, 0x31, 0x8C, 0x63, 0x0C, 0x1F, 0x0E, 0x31, 0x83, 0x60, 0x3C, 0x07, 0x80, 0xF0,
    0x1E, 0x03, 0xC0, 0x6C, 0x19, 0xC6, 0x0F, 0x80, 0x40, 0x10, 0x02, 0x00, 0x70, 0x3C, 0x66, 0xC3,
    0xC3, 0xC3, 0xC3, 0xC3, 0x66, 0x3C, 0x10, 0x10, 0x10, 0x18, 0x1F, 0x00, 0x00, 0x7C, 0x38, 0xC6,
    0x0D, 0x80, 0xF0, 0x1E, 0x03, 0xC0, 0x78, 0x0F, 0x01, 0xB0, 0x67, 0x18, 0x3E, 0x00, 0x80, 0x20,
    0x04, 0x00, 0xC0, 0x3E, 0x00, 0x3C, 0x62, 0xC1, 0xC1, 0xC1, 0xC1, 0xC1, 0x62, 0x3C, 0x08, 0x10,
    0x10, 0x1C, 0x22, 0x0A, 0x06, 0x00, 0x07, 0xF0, 0x10, 0x10, 0x18, 0x18, 0x1F, 0x00, 0xC0, 0x30,
    0x18, 0x0E, 0x0C, 0xFC, 0x64, 0x38, 0x00, 0xFE, 0x04, 0x0C, 0x18, 0x30, 0x3C, 0x06, 0x03, 0x03,
    0x03, 0x03, 0x86, 0xFC, 0x66, 0x78, 0x00, 0xC1, 0x83, 0x06, 0x0C, 0x18, 0x30, 0x60, 0xC1, 0x83,
    0x06, 0x78, 0xFE, 0x1F, 0xF8, 0x60, 0x0F, 0x06, 0x03, 0x60, 0x60, 0x4C, 0x0C, 0x19, 0x81, 0x86,
    0x30, 0x30, 0xC6, 0x06, 0x30, 0xC0, 0xC4, 0x18, 0x31, 0x83, 0x0C, 0x60, 0x7F, 0x0F, 0xF0, 0xFE,
    0x00, 0x61, 0x80, 0x30, 0x60, 0x18, 0x1B, 0xFC, 0x0C, 0x1E, 0x06, 0x1B, 0x03, 0x09, 0x81, 0x8C,
    0xC0, 0xC4, 0x60, 0xC4, 0x30, 0xC6, 0x1F, 0xC3, 0xF0, 0x03, 0x00, 0x03, 0x00, 0x03, 0x00, 0x3B,
    0x3F, 0x67, 0x03, 0xC3, 0x06, 0xC3, 0x04, 0xC3, 0x0C, 0xC3, 0x08, 0xC3, 0x10, 0x67, 0x30, 0x3B,
    0x3F, 0x03, 0x00, 0x80, 0x40, 0x00, 0x1F, 0xCC, 0x26, 0x03, 0x00, 0xC0, 0x30, 0x0C, 0x3F, 0x03,
    0xC0, 0xD8, 0x33, 0x0C, 0x7F, 0x0C, 0x08, 0x00, 0x3B, 0x67, 0xC3, 0xC3, 0xC3, 0xC3, 0xC3, 0x67,
    0x3B, 0x03, 0x03, 0x06, 0x7C, 0xC3, 0x06, 0x18, 0x30, 0xC1, 0x86, 0x3C, 0x31, 0xFF, 0x8F, 0x0C,
    0x78, 0x63, 0xC3, 0x1E, 0x18, 0xF0, 0xC7, 0x83, 0xE0, 0xDE, 0x71, 0xB0, 0x78, 0x3C, 0x1E, 0x0F,
    0x0F, 0x86, 0xC6, 0x66, 0x3E, 0x1C, 0x0C, 0x06, 0x03, 0x01, 0x80, 0x18, 0x02, 0x00, 0x40, 0x00,
    0xE0, 0xF8, 0x3F, 0x0F, 0x43, 0xD8, 0xF3, 0x3C, 0x4F, 0x1B, 0xC2, 0xF0, 0xFC, 0x1F, 0x07, 0x30,
    0x18, 0x00, 0xDE, 0xE3, 0xC3, 0xC3, 0xC3, 0xC3, 0xC3, 0xC3, 0xC3, 0x06, 0x00, 0x80, 0x20, 0x0E,
    0x01, 0x20, 0x24, 0x03, 0x00, 0xF0, 0x12, 0x06, 0x60, 0xCC, 0x30, 0xC7, 0xF8, 0x81, 0x30, 0x34,
    0x02, 0x0E, 0x18, 0x18, 0x24, 0x24, 0x18, 0x00, 0x3E, 0x03, 0x03, 0x03, 0x7F, 0xE3, 0xC3, 0xC7,
    0x7B, 0x00, 0x20, 0x01, 0x80, 0x0C, 0x00, 0x00, 0x03, 0xFC, 0x1B, 0x00, 0x4C, 0x03, 0x30, 0x0C,
    0xC0, 0x23, 0xF1, 0x8C, 0x07, 0xF0, 0x30, 0xC0, 0x83, 0x06, 0x0C, 0x10, 0x3F, 0x01, 0x00, 0x20,
    0x00, 0x07, 0xDE, 0x47, 0x60, 0x63, 0x06, 0x37, 0xFF, 0xC6, 0x0C, 0x60, 0xCF, 0x07, 0x9E, 0x03,
    0x00, 0x40, 0x10, 0x00, 0x01, 0xFC, 0xE3, 0x18, 0x76, 0x1B, 0xC2, 0x78, 0x8F, 0x31, 0xE4, 0x3D,
    0x86, 0xE1, 0x8C, 0x63, 0xF8, 0x0C, 0x08, 0x00, 0x3E, 0x66, 0xC7, 0xCB, 0xDB, 0xD3, 0xF3, 0x66,
    0x7C, 0x34, 0x02, 0x40, 0x00, 0x06, 0x00, 0xE0, 0x14, 0x06, 0x80, 0x98, 0x11, 0x06, 0x30, 0xFE,
    0x30, 0x44, 0x0C, 0x80, 0xB0, 0x10, 0x68, 0x24, 0x00, 0x3E, 0x03, 0x03, 0x03, 0x7F, 0xE3, 0xC3,
    0xC7, 0x7B, 0x0E, 0x02, 0x20, 0x00, 0x02, 0x00, 0xE0, 0x14, 0x06, 0xC0, 0xD8, 0x11, 0x06, 0x30,
    0xFE, 0x30, 0x46, 0x0C, 0x80, 0xB0, 0x18, 0x1C, 0x22, 0x00, 0x3E, 0x03, 0x03, 0x03, 0x7F, 0xE3,
    0xC3, 0xC7, 0x7B, 0xD8, 0x48, 0x07, 0xFC, 0x18, 0x30, 0x60, 0xFF, 0x83, 0x06, 0x0C, 0x18, 0x3F,
    0x80, 0xC8, 0x24, 0x00, 0x3C, 0x66, 0xC3, 0xC3, 0xFF, 0xC0, 0xC0, 0x60, 0x3E, 0x38, 0x88, 0x07,
    0xFC, 0x18, 0x30, 0x60, 0xFD, 0x83, 0x06, 0x0C, 0x18, 0x3F, 0x80, 0x3C, 0x24, 0x00, 0x3C, 0x66,
    0xC3, 0xC3, 0xFF, 0xC0, 0xC0, 0x61, 0x3F, 0x58, 0x90, 0x0F, 0x18, 0x61, 0x86, 0x18, 0x61, 0x86,
    0x18, 0x63, 0xC0, 0xD8, 0xC8, 0x00, 0xC1, 0x83, 0x06, 0x0C, 0x18, 0x30, 0x60, 0xC0, 0xF4, 0x01,
    0xE6, 0x31, 0x8C, 0x63, 0x18, 0xC6, 0x33, 0xC0, 0x7A, 0x00, 0x0C, 0x30, 0xC3, 0x0C, 0x30, 0xC3,
    0x0C, 0x36, 0x03, 0x40, 0x00, 0x0F, 0x87, 0x18, 0xC1, 0xB0, 0x1E, 0x03, 0xC0, 0x78, 0x0F, 0x01,
    0xE0, 0x36, 0x0C, 0xE3, 0x07, 0xC0, 0x68, 0x28, 0x00, 0x3C, 0x66, 0xC3, 0xC3, 0xC3, 0xC3, 0xC3,
    0x66, 0x3C, 0x0E, 0x02, 0x20, 0x00, 0x0F, 0x87, 0x18, 0xC1, 0xB0, 0x1E, 0x03, 0xC0, 0x78, 0x0F,
    0x01, 0xE0, 0x36, 0x0C, 0xE3, 0x07, 0xC0, 0x1C, 0x24, 0x00, 0x3C, 0x62, 0xC3, 0xC1, 0xC1, 0xC1,
    0xC3, 0x62, 0x3C, 0xD8, 0x16, 0x00, 0x1F, 0x8C, 0x66, 0x1B, 0x0D, 0x86, 0xC6, 0x7E, 0x33, 0x18,
    0xCC, 0x66, 0x1B, 0x06, 0xC8, 0x48, 0x03, 0x77, 0x0C, 0x18, 0x30, 0x60, 0xC1, 0x83, 0x00, 0x38,
    0x32, 0x00, 0x1F, 0x8C, 0x66, 0x1B, 0x0D, 0x86, 0xC6, 0x7E, 0x33, 0x18, 0xCC, 0x66, 0x1B, 0x06,
    0x74, 0x41, 0xBE, 0x63, 0x18, 0xC6, 0x31, 0x80, 0x68, 0x0A, 0x00, 0x18, 0x3C, 0x1E, 0x0F, 0x07,
    0x83, 0xC1, 0xE0, 0xF0, 0x78, 0x3C, 0x1B, 0x18, 0xF8, 0x48, 0x24, 0x00, 0xC3, 0xC3, 0xC3, 0xC3,
    0xC3, 0xC3, 0xC3, 0xC7, 0x7B, 0x1C, 0x11, 0x00, 0x18, 0x3C, 0x1E, 0x0F, 0x07, 0x83, 0xC1, 0xE0,
    0xF0, 0x78, 0x3C, 0x1B, 0x18, 0xF8, 0x3C, 0x24, 0x00, 0xC3, 0xC3, 0xC3, 0xC3, 0xC3, 0xC3, 0xC3,
    0xC7, 0x7B, 0x3C, 0x46, 0xC3, 0xC0, 0xF0, 0x7C, 0x3E, 0x07, 0xC3, 0xC3, 0x62, 0x3C, 0x00, 0x18,
    0x18, 0x10, 0x7C, 0xC6, 0xC3, 0xF0, 0x7E, 0x1F, 0xC3, 0xC3, 0x7C, 0x00, 0x18, 0x18, 0x10, 0xFF,
    0x86, 0x03, 0x01, 0x80, 0xC0, 0x60, 0x30, 0x18, 0x0C, 0x06, 0x03, 0x01, 0x80, 0x00, 0x60, 0x30,
    0x10, 0x63, 0x19, 0xF6, 0x31, 0x8C, 0x63, 0x18, 0x70, 0x18, 0xC4, 0x3E, 0x21, 0xC0, 0x60, 0x30,
    0x30, 0xF0, 0xCC, 0x03, 0x01, 0x80, 0xC0, 0xE0, 0xE1, 0xE7, 0xC2, 0x00, 0x7C, 0x0C, 0x18, 0x31,
    0xC7, 0x81, 0x83, 0x06, 0x1C, 0x77, 0x88, 0x00, 0x22, 0x0A, 0x02, 0x00, 0x0C, 0x1E, 0x0F, 0x07,
    0x83, 0xC1, 0xFF, 0xF0, 0x78, 0x3C, 0x1E, 0x0F, 0x07, 0x83, 0x84, 0x12, 0x07, 0x80, 0xC0, 0x00,
    0x0C, 0x03, 0x00, 0xC0, 0x37, 0x8E, 0x33, 0x0C, 0xC3, 0x30, 0xCC, 0x33, 0x0C, 0xC3, 0x30, 0xC0,
    0xC0, 0xC0, 0x63, 0xA4, 0xEA, 0x60, 0xF8, 0xFE, 0x8B, 0x80, 0xC0, 0xD8, 0xE5, 0xA0, 0xF7, 0x80,
    0xD0, 0x9E, 0x98, 0xF0, 0xFF, 0x48, 0x90, 0x30, 0xC8, 0x5E, 0x74, 0x40, 0x7C, 0xFA, 0xBD, 0xFA,
    0xC6, 0x20, 0x36, 0x40, 0x3C, 0x80, 0x9E, 0x00, 0xF1, 0x11, 0x32, 0xC0, 0x69, 0x4B, 0x80, 0xE9,
    0x00, 0x5D, 0x00, 0xF0, 0x33, 0x33, 0xE0, 0xDB, 0x66, 0xF0, 0xD8, 0x69, 0x96, 0xF8, 0x61, 0x96,
    0x4B, 0x70, 0xF0, 0xFE, 0x18, 0x40, 0x94, 0xF8, 0x85, 0xE3, 0x00, 0x31, 0xE4, 0x80, 0x8B, 0x80,
    0x74, 0x40, 0x66, 0x60, 0xF8, 0xFE, 0xFE, 0x03, 0xF8, 0x66, 0x70, 0xF8, 0xFF, 0xF0, 0x1B, 0xB0,
    0x02, 0x0C, 0x10, 0x41, 0x82, 0x08, 0x30, 0x41, 0x00, 0x96, 0x86, 0x1F, 0xC0, 0xFE, 0x1F, 0xC0,
    0x7D, 0x28, 0x06, 0x60, 0xED, 0xC0, 0xFE, 0x03, 0xF8, 0xC6, 0x20, 0x36, 0x40, 0x66, 0x60, 0xD8,
    0x13, 0xF2, 0x00, 0xDB, 0x80, 0xFF, 0x06, 0x08, 0xFE, 0x03, 0xF8, 0xFF, 0xE4, 0x80, 0x11, 0xDB,
    0x88, 0x33, 0x99, 0xC0, 0x30, 0x66, 0x66, 0x66, 0x53, 0xF5, 0x00, 0x5D, 0x20, 0xE6, 0x78, 0x01,
    0x8D, 0x11, 0x08, 0x20, 0x48, 0x01, 0xA0, 0x52, 0x04, 0x10, 0x88, 0xD1, 0x80, 0x1E, 0x67, 0xC7,
    0x00, 0x69, 0x7A, 0x23, 0x0C, 0x66, 0x00, 0x71, 0x80, 0xC7, 0x00, 0xCC, 0x5B, 0x50, 0x96, 0xF0,
    0x4F, 0x60, 0x6D, 0x26, 0x4B, 0x60, 0x46, 0x20, 0x80, 0x16, 0x06, 0x1F, 0x80, 0x80, 0x16, 0x06,
    0x1F, 0x80, 0xFF, 0xC0, 0xFF, 0xC0, 0x7C, 0x18, 0x3F, 0x1F, 0x86, 0x06, 0x80, 0x10, 0x00, 0x17,
    0xFF, 0xC0, 0x04, 0x71, 0x77, 0x6A, 0xF6, 0xB8, 0x69, 0x96, 0x99, 0xF0, 0x72, 0x30, 0x1F, 0x99,
    0xF0, 0x8F, 0x99, 0x90, 0xFD, 0x6B, 0x50, 0xF2, 0x40, 0x5D, 0x26, 0x99, 0x62, 0x62, 0x50, 0x10,
    0x00, 0x00, 0xFF, 0xC0, 0xC0, 0xC0, 0xC0, 0xC0, 0xFF, 0xC0, 0xC0, 0xC0, 0xC0, 0xFF, 0x6C, 0x00,
    0xFF, 0xC0, 0xC0, 0xC0, 0xC0, 0xC0, 0xFF, 0xC0, 0xC0, 0xC0, 0xC0, 0xFF, 0xFF, 0x01, 0x80, 0x18,
    0x01, 0x80, 0x1B, 0xC1, 0xC6, 0x18, 0x31, 0x83, 0x18, 0x31, 0x83, 0x18, 0x61, 0x9C, 0x08, 0x00,
    0xFF, 0xC0, 0xC0, 0xC0, 0xC0, 0xC0, 0xC0, 0xC0, 0xC0, 0xC0, 0xC0, 0xC0, 0x1F, 0x06, 0x39, 0x83,
    0x60, 0x3C, 0x01, 0xFC, 0x30, 0x06, 0x03, 0xC0, 0x6C, 0x18, 0xC6, 0x0F, 0x80, 0x3E, 0x31, 0xB0,
    0x58, 0x0F, 0x03, 0xF0, 0xFC, 0x07, 0xC1, 0xE0, 0xD8, 0xC7, 0xC0, 0xFF, 0xFF, 0xFF, 0xD8, 0x18,
    0xC6, 0x31, 0x8C, 0x63, 0x18, 0xC6, 0x30, 0x03, 0x03, 0x03, 0x03, 0x03, 0x03, 0x03, 0x03, 0xC3,
    0xC3, 0x66, 0x3C, 0x1F, 0xC0, 0x08, 0x60, 0x0C, 0x30, 0x06, 0x18, 0x03, 0x0C, 0x01, 0x87, 0xF0,
    0xC3, 0x0C, 0x61, 0x83, 0x30, 0xC1, 0x98, 0x60, 0xC8, 0x30, 0xDC, 0x1F, 0xC0, 0xC1, 0x80, 0xC1,
    0x80, 0xC1, 0x80, 0xC1, 0x80, 0xC1, 0x80, 0xFF, 0xFC, 0xC1, 0x86, 0xC1, 0x83, 0xC1, 0x83, 0xC1,
    0x83, 0xC1, 0x86, 0xC1, 0xFC, 0xFF, 0x01, 0x80, 0x18, 0x01, 0x80, 0x1B, 0xC1, 0xC6, 0x18, 0x31,
    0x83, 0x18, 0x31, 0x83, 0x18, 0x31, 0x83, 0x0C, 0x00, 0x30, 0x78, 0x6C, 0x66, 0x63, 0x61, 0xF0,
    0xF8, 0x6C, 0x33, 0x18, 0xCC, 0x36, 0x0C, 0x18, 0x00, 0x00, 0x03, 0x07, 0xC1, 0xF0, 0xFC, 0x2F,
    0x1B, 0xCC, 0xF3, 0x3D, 0x8F, 0x63, 0xF0, 0xF8, 0x3E, 0x0C, 0x22, 0x0E, 0x00, 0x18, 0x36, 0x1B,
    0x19, 0x8C, 0x64, 0x36, 0x1B, 0x07, 0x03, 0x80, 0xC0, 0x41, 0xE0, 0xC3, 0xC3, 0xC3, 0xC3, 0xC3,
    0xC3, 0xC3, 0xC3, 0xC3, 0xC3, 0xC3, 0xFF, 0x18, 0x18, 0x0E, 0x01, 0xC0, 0x3C, 0x0D, 0x81, 0x90,
    0x33, 0x0C, 0x61, 0x8E, 0x3F, 0xCC, 0x19, 0x81, 0xE0, 0x30, 0xFF, 0x60, 0x30, 0x18, 0x0C, 0x07,
    0xF3, 0x0D, 0x83, 0xC1, 0xE0, 0xF0, 0xDF, 0xC0, 0xFE, 0x61, 0xB0, 0x78, 0x3C, 0x1E, 0x1F, 0xF9,
    0x87, 0xC1, 0xE0, 0xF0, 0xFF, 0xE0, 0xFF, 0xC0, 0xC0, 0xC0, 0xC0, 0xC0, 0xC0, 0xC0, 0xC0, 0xC0,
    0xC0, 0xC0, 0x1F, 0xE1, 0x86, 0x18, 0x61, 0x86, 0x18, 0x61, 0x06, 0x30, 0x63, 0x06, 0x30, 0x63,
    0x06, 0x30, 0x6F, 0xFF, 0xC0, 0x3C, 0x03, 0xFF, 0xC0, 0xC0, 0xC0, 0xC0, 0xC0, 0xFF, 0xC0, 0xC0,
    0xC0, 0xC0, 0xFF, 0x61, 0x86, 0x71, 0x8E, 0x39, 0x9C, 0x19, 0x98, 0x0D, 0xB0, 0x0F, 0xE0, 0x0F,
    0xE0, 0x0D, 0xB0, 0x19, 0x98, 0x31, 0x8C, 0x71, 0x8E, 0xE1, 0x86, 0x3E, 0x31, 0xF0, 0x60, 0x30,
    0x30, 0x70, 0x0C, 0x03, 0x01, 0xE0, 0xD8, 0xC7, 0xC0, 0xC1, 0xF0, 0x7C, 0x3F, 0x0B, 0xC6, 0xF3,
    0x3C, 0xCF, 0x63, 0xD8, 0xFC, 0x3E, 0x0F, 0x83, 0x22, 0x07, 0x00, 0x03, 0x07, 0xC3, 0xF0, 0xFC,
    0x6F, 0x1B, 0xCC, 0xF2, 0x3D, 0x8F, 0x43, 0xF0, 0xF8, 0x3C, 0x0C, 0xC1, 0xE1, 0xB1, 0x99, 0x8D,
    0x87, 0xC3, 0xE1, 0xB0, 0xCC, 0x63, 0x30, 0xD8, 0x30, 0x1F, 0xE3, 0x0C, 0x61, 0x8C, 0x31, 0x86,
    0x20, 0xC4, 0x18, 0x83, 0x10, 0x66, 0x0C, 0xC1, 0xF0, 0x30, 0xE0, 0x7E, 0x07, 0xE0, 0xFF, 0x0F,
    0xF0, 0xFD, 0x9B, 0xD9, 0xBD, 0x9B, 0xCF, 0x3C, 0xF3, 0xC6, 0x3C, 0x63, 0xC1, 0xE0, 0xF0, 0x78,
    0x3C, 0x1E, 0x0F, 0xFF, 0x83, 0xC1, 0xE0, 0xF0, 0x78, 0x30, 0x1F, 0x06, 0x31, 0x83, 0x60, 0x3C,
    0x07, 0x80, 0xF0, 0x1E, 0x03, 0xC0, 0x6C, 0x18, 0xC6, 0x0F, 0x80, 0xFF, 0xE0, 0xF0, 0x78, 0x3C,
    0x1E, 0x0F, 0x07, 0x83, 0xC1, 0xE0, 0xF0, 0x78, 0x30, 0xFE, 0x61, 0xB0, 0x78, 0x3C, 0x1E, 0x1B,
    0xF9, 0x80, 0xC0, 0x60, 0x30, 0x18, 0x00, 0x1F, 0x06, 0x31, 0x83, 0x60, 0x2C, 0x01, 0x80, 0x30,
    0x06, 0x00, 0xC0, 0x6C, 0x18, 0xC6, 0x0F, 0x80, 0xFF, 0x86, 0x03, 0x01, 0x80, 0xC0, 0x60, 0x30,
    0x18, 0x0C, 0x06, 0x03, 0x01, 0x80, 0xC3, 0x61, 0x98, 0xCC, 0x46, 0x61, 0xB0, 0xD0, 0x78, 0x1C,
    0x04, 0x06, 0x0E, 0x00, 0x06, 0x00, 0x30, 0x07, 0xF0, 0xEC, 0xEE, 0x61, 0xE3, 0x0F, 0x18, 0x78,
    0xC7, 0x76, 0x70, 0xFE, 0x01, 0x80, 0x0C, 0x00, 0x60, 0xD8, 0x63, 0x18, 0x6C, 0x1E, 0x03, 0x80,
    0xE0, 0x78, 0x1B, 0x0C, 0x66, 0x19, 0x83, 0xC1, 0x98, 0x33, 0x06, 0x60, 0xCC, 0x19, 0x83, 0x30,
    0x66, 0x0C, 0xC1, 0x98, 0x33, 0x06, 0x7F, 0xF0, 0x06, 0x00, 0xC0, 0xC1, 0xE0, 0xF0, 0x78, 0x3C,
    0x1E, 0x0D, 0x8E, 0x7B, 0x01, 0x80, 0xC0, 0x60, 0x30, 0xC6, 0x3C, 0x63, 0xC6, 0x3C, 0x63, 0xC6,
    0x3C, 0x63, 0xC6, 0x3C, 0x63, 0xC6, 0x3C, 0x63, 0xC6, 0x3F, 0xFF, 0xC6, 0x1B, 0x18, 0x6C, 0x61,
    0xB1, 0x86, 0xC6, 0x1B, 0x18, 0x6C, 0x61, 0xB1, 0x86, 0xC6, 0x1B, 0x18, 0x6C, 0x61, 0xBF, 0xFF,
    0x00, 0x0C, 0x00, 0x30, 0xF0, 0x06, 0x00, 0xC0, 0x18, 0x03, 0x00, 0x7F, 0x0C, 0x31, 0x83, 0x30,
    0x66, 0x0C, 0xC3, 0x1F, 0xC0, 0xC0, 0x3C, 0x03, 0xC0, 0x3C, 0x03, 0xC0, 0x3F, 0xE3, 0xC3, 0x3C,
    0x1B, 0xC1, 0xBC, 0x1B, 0xC3, 0x3F, 0xE3, 0xC0, 0x60, 0x30, 0x18, 0x0C, 0x07, 0xF3, 0x0D, 0x83,
    0xC1, 0xE0, 0xF0, 0xDF, 0xC0, 0x1F, 0x0E, 0x31, 0x83, 0x60, 0x30, 0x06, 0x1F, 0xC0, 0x1E, 0x03,
    0xC0, 0x6C, 0x18, 0xC6, 0x0F, 0x80, 0xC1, 0xF1, 0x86, 0x33, 0x18, 0x36, 0x60, 0x3C, 0xC0, 0x7F,
    0x80, 0xF3, 0x01, 0xE6, 0x03, 0xCC, 0x07, 0x8C, 0x1B, 0x0C, 0x66, 0x0F, 0x80, 0x3F, 0xB0, 0xF0,
    0x78, 0x3C, 0x1B, 0x0C, 0xFE, 0x63, 0x31, 0xB0, 0xF8, 0x78, 0x30, 0x3C, 0x33, 0x30, 0xC0, 0xE7,
    0xF7, 0x1B, 0x0D, 0x8E, 0x79, 0x80, 0x04, 0x06, 0x0E, 0x0E, 0x0C, 0x06, 0xF3, 0x8D, 0x83, 0xC1,
    0xE0, 0xD0, 0x6C, 0x63, 0xE0, 0xFC, 0xC6, 0xC6, 0xC6, 0xF8, 0xC7, 0xC3, 0xC3, 0xFE, 0xFF, 0x83,
    0x06, 0x0C, 0x18, 0x30, 0x60, 0xC0, 0x1F, 0x82, 0x30, 0x46, 0x18, 0xC3, 0x18, 0x63, 0x0C, 0x61,
    0x0C, 0xFF, 0xF8, 0x0F, 0x01, 0x80, 0x3C, 0x66, 0xC3, 0xC3, 0xFF, 0xC0, 0xC0, 0x66, 0x3C, 0x63,
    0x18, 0xCC, 0xC1, 0xB6, 0x07, 0xF8, 0x03, 0x00, 0x7F, 0x83, 0xB6, 0x0C, 0xCC, 0x63, 0x18, 0x3E,
    0x63, 0x03, 0x03, 0x0C, 0x03, 0x03, 0x63, 0x3E, 0xC7, 0x9F, 0x3E, 0xFD, 0x7E, 0xF9, 0xF3, 0xC6,
    0x6C, 0x70, 0x06, 0x3C, 0xF9, 0xF7, 0xEB, 0xF7, 0xCF, 0x9E, 0x30, 0xC7, 0xCE, 0xDC, 0xF8, 0xC0,
    0xF8, 0xDC, 0xCE, 0xC3, 0x1F, 0xC4, 0x31, 0x0C, 0x43, 0x30, 0xCC, 0x33, 0x0C, 0xC3, 0xE0, 0xC0,
    0xE1, 0xF8, 0x7E, 0x1F, 0xCF, 0xF3, 0xF4, 0xBD, 0xEF, 0x33, 0xCC, 0xC0, 0xC7, 0x8F, 0x1E, 0x3F,
    0xF8, 0xF1, 0xE3, 0xC6, 0x3C, 0x66, 0xC3, 0xC3, 0xC3, 0xC3, 0xC3, 0x66, 0x3C, 0xFF, 0x8F, 0x1E,
    0x3C, 0x78, 0xF1, 0xE3, 0xC6, 0xDC, 0xE6, 0xC3, 0xC3, 0xC3, 0xC3, 0xC3, 0xE6, 0xDC, 0xC0, 0xC0,
    0x3E, 0x63, 0xC3, 0xC0, 0xC0, 0xC0, 0xC3, 0x63, 0x3C, 0xFF, 0x18, 0x18, 0x18, 0x18, 0x18, 0x18,
    0x18, 0x18, 0xC3, 0xC3, 0x46, 0x66, 0x64, 0x2C, 0x3C, 0x38, 0x18, 0x18, 0x70, 0x0C, 0x03, 0x00,
    0xC0, 0x78, 0x6D, 0xB3, 0x3C, 0xCF, 0x33, 0xCC, 0xF3, 0x36, 0xD8, 0x78, 0x0C, 0x03, 0x00, 0xC3,
    0x66, 0x36, 0x3C, 0x18, 0x3C, 0x26, 0x66, 0xC3, 0xC6, 0x63, 0x31, 0x98, 0xCC, 0x66, 0x33, 0x19,
    0x8C, 0xFF, 0x80, 0xC0, 0x60, 0xC3, 0xC3, 0xC3, 0xC3, 0x67, 0x7B, 0x03, 0x03, 0x03, 0xC6, 0x3C,
    0x63, 0xC6, 0x3C, 0x63, 0xC6, 0x3C, 0x63, 0xC6, 0x3C, 0x63, 0xFF, 0xF0, 0xC6, 0x66, 0x33, 0x31,
    0x99, 0x8C, 0xCC, 0x66, 0x63, 0x33, 0x19, 0x98, 0xCC, 0xFF, 0xF8, 0x00, 0xC0, 0x06, 0xE0, 0x30,
    0x18, 0x0C, 0x07, 0xF3, 0x0D, 0x86, 0xC3, 0x7F, 0x00, 0xC0, 0x78, 0x0F, 0x01, 0xE0, 0x3F, 0xE7,
    0x86, 0xF0, 0xDE, 0x1B, 0xFE, 0x60, 0xC0, 0xC0, 0xC0, 0xC0, 0xFE, 0xC3, 0xC3, 0xC3, 0xFE, 0x3C,
    0xC6, 0xC3, 0x03, 0x1F, 0x03, 0xC3, 0xC6, 0x3C, 0xC7, 0xCC, 0xC6, 0xD8, 0x3D, 0x83, 0xF8, 0x3D,
    0x83, 0xD8, 0x3C, 0xC6, 0xC7, 0xC0, 0x7F, 0x8F, 0x1E, 0x37, 0xE4, 0xD9, 0xB3, 0xC6, 0x10, 0x00,
    0x00, 0x3C, 0x66, 0xC3, 0xC3, 0xFF, 0xC0, 0xC0, 0x66, 0x3C, 0x36, 0x00, 0x00, 0x3C, 0x66, 0xC3,
    0xC3, 0xFF, 0xC0, 0xC0, 0x66, 0x3C, 0x60, 0xF8, 0x60, 0x6E, 0x73, 0x63, 0x63, 0x63, 0x63, 0x63,
    0x63, 0x63, 0x03, 0x06, 0x18, 0x00, 0x07, 0xFC, 0x18, 0x30, 0x60, 0xC1, 0x83, 0x06, 0x00, 0x3C,
    0x66, 0xC3, 0xC0, 0xF8, 0xC0, 0xC3, 0x66, 0x3C, 0x79, 0x9B, 0x1F, 0x07, 0xC3, 0xF1, 0xE3, 0x7C,
    0xC3, 0xFF, 0xFF, 0xD8, 0x00, 0xC6, 0x31, 0x8C, 0x63, 0x18, 0xC0, 0x30, 0x03, 0x33, 0x33, 0x33,
    0x33, 0x3E, 0x1F, 0xC0, 0x10, 0xC0, 0x10, 0xC0, 0x10, 0xC0, 0x30, 0xFE, 0x30, 0xC3, 0x30, 0xC3,
    0x30, 0xC3, 0xE0, 0xFE, 0xC6, 0x06, 0x30, 0x31, 0x81, 0x8C, 0x0F, 0xFF, 0x63, 0x0F, 0x18, 0x78,
    0xC3, 0xC7, 0xF0, 0x60, 0xF8, 0x60, 0x6E, 0x73, 0x63, 0x63, 0x63, 0x63, 0x63, 0x63, 0x63, 0x08,
    0x00, 0x00, 0xC7, 0xCE, 0xDC, 0xF8, 0xC0, 0xF8, 0xDC, 0xCE, 0xC3, 0x30, 0x00, 0x06, 0x3C, 0xF9,
    0xF7, 0xEB, 0xF7, 0xCF, 0x9E, 0x30, 0x22, 0x0E, 0x00, 0x18, 0x36, 0x13, 0x19, 0x8C, 0x64, 0x36,
    0x0A, 0x07, 0x03, 0x80, 0x83, 0xC0, 0xC3, 0xC3, 0xC3, 0xC3, 0xC3, 0xC3, 0xC3, 0xC3, 0xFF, 0x18,
    0x18, 0xC3, 0x07, 0x86, 0x0F, 0x0C, 0x1E, 0x18, 0x34, 0x38, 0x6C, 0x71, 0x99, 0xE3, 0x33, 0x66,
    0x34, 0xC8, 0x78, 0xB0, 0x61, 0xC0, 0xC1, 0x80, 0xC6, 0x1E, 0x30, 0xF1, 0x86, 0x8C, 0x26, 0x73,
    0x33, 0x98, 0xA4, 0x87, 0x3C, 0x10, 0xC0, 0x30, 0x06, 0x03, 0xF0, 0x18, 0x03, 0x00, 0x7F, 0x0C,
    0x31, 0x83, 0x30, 0x66, 0x0C, 0xC3, 0x1F, 0xC0, 0x30, 0x0C, 0x0F, 0xC0, 0xC0, 0x30, 0x0C, 0x03,
    0xF8, 0xC7, 0x30, 0xCC, 0x33, 0x1C, 0xFC, 0xC1, 0xFE, 0x18, 0x71, 0x81, 0x98, 0x0C, 0xC0, 0x7F,
    0xFB, 0x30, 0x19, 0x80, 0xCC, 0x06, 0x30, 0x30, 0xC1, 0x83, 0xF0, 0xC3, 0xF8, 0xC3, 0x30, 0x66,
    0x0F, 0xFD, 0x98, 0x33, 0x06, 0x30, 0xC3, 0xE0, 0x06, 0x00, 0xF0, 0x0F, 0x00, 0x98, 0x19, 0x81,
    0xF8, 0x36, 0xC2, 0x64, 0x66, 0x66, 0x66, 0x46, 0x2C, 0x63, 0x0C, 0x07, 0x81, 0x20, 0xCC, 0x3F,
    0x1B, 0x64, 0xD9, 0x32, 0xCC, 0xC0, 0xC1, 0x83, 0x0F, 0x0C, 0x3C, 0x30, 0x98, 0xC6, 0x63, 0xFF,
    0x8C, 0x5B, 0x33, 0x64, 0xC9, 0x9B, 0x26, 0x6D, 0x98, 0xB4, 0x63, 0xC3, 0x0C, 0x78, 0xC4, 0x8C,
    0x4C, 0xFF, 0xCC, 0xB6, 0xDB, 0x6D, 0x32, 0xD3, 0x30, 0x7F, 0xC0, 0x01, 0x87, 0x18, 0xC1, 0x30,
    0x3C, 0x0F, 0xE1, 0x6C, 0x6C, 0xCD, 0x9B, 0x31, 0xE6, 0x30, 0x7F, 0xC0, 0x00, 0x86, 0x0D, 0x83,
    0xF8, 0x5B, 0x1B, 0x33, 0x66, 0xCC, 0x60, 0xCF, 0xFD, 0x88, 0x13, 0x18, 0x66, 0x19, 0x8C, 0x1E,
    0x1F, 0xFE, 0x31, 0x32, 0x66, 0x66, 0xC8, 0xC5, 0x91, 0x8B, 0x63, 0x1E, 0xC6, 0x30, 0xDF, 0xEC,
    0x84, 0xCC, 0xCC, 0x78, 0xFF, 0xCD, 0xB6, 0xD3, 0x2D, 0x33, 0xD3, 0x30, 0x26, 0x18, 0x3C, 0xE7,
    0x03, 0x03, 0x06, 0x38, 0x06, 0x03, 0x03, 0x03, 0x06, 0x7C, 0xC0, 0xC0, 0x7F, 0x27, 0x1C, 0x7C,
    0x67, 0x03, 0x03, 0x1C, 0x03, 0x03, 0x07, 0x7E, 0x40, 0x40, 0x7F, 0xCC, 0xF3, 0x3C, 0xCF, 0x33,
    0xCC, 0xF3, 0x3C, 0xCD, 0xB6, 0x3F, 0x03, 0x00, 0xC0, 0x30, 0x0C, 0x03, 0x00, 0xC0, 0x30, 0xCC,
    0xB3, 0x3C, 0xCF, 0x33, 0xCC, 0xF3, 0x3C, 0xCD, 0xB6, 0x3F, 0x03, 0x00, 0xC0, 0x30, 0x0C, 0x00,
    0x1F, 0x06, 0x31, 0x83, 0x60, 0x3C, 0x07, 0xFC, 0xFB, 0xFE, 0x03, 0xC0, 0x6C, 0x18, 0xC6, 0x0F,
    0x80, 0x3C, 0x66, 0xC3, 0xF3, 0xFF, 0xCF, 0xC3, 0x66, 0x3C, 0x40, 0x36, 0x06, 0x60, 0xC3, 0x0C,
    0x30, 0x83, 0x18, 0x19, 0x81, 0x90, 0x1B, 0x00, 0xF0, 0x0E, 0x00, 0xE0, 0xC1, 0xE1, 0x90, 0x8C,
    0xC6, 0x61, 0x60, 0xF0, 0x78, 0x18, 0x00, 0x24, 0x02, 0x40, 0x00, 0x60, 0x7C, 0x08, 0x83, 0x18,
    0x61, 0x08, 0x23, 0x06, 0x60, 0x48, 0x09, 0x01, 0xE0, 0x18, 0x03, 0x00, 0x6C, 0x12, 0x00, 0x18,
    0x34, 0x32, 0x11, 0x88, 0x4C, 0x34, 0x1A, 0x07, 0x03, 0x00, 0x1E, 0x00, 0x0E, 0x30, 0x01, 0x86,
    0x00, 0x60, 0x6C, 0x1C, 0x0D, 0x87, 0x81, 0x90, 0xB0, 0x33, 0x16, 0x06, 0x26, 0xC0, 0xC4, 0x8C,
    0x30, 0xD1, 0x86, 0x0E, 0x0F, 0x01, 0x80, 0x00, 0x30, 0x00, 0x04, 0x00, 0x01, 0x80, 0x00, 0xE0,
    0x3C, 0x60, 0xB3, 0x30, 0xF0, 0xC8, 0x58, 0x66, 0x6C, 0x31, 0x36, 0x18, 0x93, 0x0C, 0x78, 0xCC,
    0x1C, 0x3C, 0x0C, 0x00, 0x06, 0x00, 0x02, 0x00, 0x03, 0x00, 0x07, 0x00, 0x06, 0x01, 0xF8, 0x36,
    0xC6, 0x06, 0xC0, 0x3C, 0x03, 0xC0, 0x3C, 0x03, 0xC0, 0x3C, 0x03, 0x60, 0x63, 0x6C, 0x1F, 0x80,
    0x60, 0x08, 0x1F, 0x10, 0xD8, 0x3C, 0x1E, 0x0F, 0x06, 0x86, 0x3E, 0x04, 0x00, 0x07, 0x80, 0x09,
    0xC0, 0x06, 0x00, 0x04, 0x00, 0x10, 0x07, 0xCF, 0x18, 0x13, 0x30, 0x06, 0xC0, 0x07, 0x80, 0x0F,
    0x00, 0x1E, 0x00, 0x3C, 0x18, 0x78, 0x30, 0xD8, 0x63, 0x38, 0xC6, 0x1E, 0xF8, 0x0F, 0x00, 0x4E,
    0x00, 0xC0, 0x02, 0x00, 0x20, 0x00, 0x00, 0xF3, 0x8C, 0x06, 0xC0, 0x1E, 0x00, 0xF0, 0xC7, 0x86,
    0x3C, 0x31, 0xB1, 0x98, 0xF3, 0x80, 0x0F, 0xE0, 0x12, 0x00, 0x00, 0x06, 0x18, 0x3C, 0x30, 0x78,
    0x60, 0xF0, 0xC1, 0xA1, 0xC3, 0x63, 0x8C, 0xCF, 0x19, 0x9B, 0x31, 0xA6, 0x43, 0xC5, 0x83, 0x0E,
    0x06, 0x0C, 0x00, 0x1F, 0xC0, 0x90, 0x00, 0x01, 0x8C, 0x3C, 0x61, 0xE3, 0x0D, 0x18, 0x4C, 0xE6,
    0x67, 0x31, 0x49, 0x0E, 0x78, 0x21, 0x80, 0x1F, 0xCC, 0x06, 0x03, 0x00, 0xC0, 0x30, 0x0C, 0x03,
    0x00, 0xC0, 0x18, 0x03, 0x00, 0x7C, 0x03, 0x00, 0xC0, 0x30, 0x0C, 0x3E, 0xC3, 0x06, 0x0C, 0x18,
    0x30, 0x30, 0x3C, 0x18, 0x30, 0x60, 0xC0, 0x02, 0x36, 0x1C, 0x0E, 0x09, 0xD0, 0x70, 0x38, 0x64,
    0x40, 0x07, 0xF8, 0x00, 0x3F, 0x10, 0xE4, 0xD8, 0xF2, 0x30, 0x00, 0xE0, 0x00, 0x20, 0x00, 0x00,
    0x00, 0x1C, 0x01, 0xC2, 0x40, 0x48, 0x00, 0x00, 0x00, 0x00, 0x03, 0x00, 0x0E, 0x90, 0x01, 0x20,
    0x00, 0x00, 0x00, 0x00, 0x00, 0x00, 0x03, 0x80, 0x30, 0x48, 0x09, 0x00, 0x00, 0x00, 0x07, 0x00,
    0x01, 0x20, 0x00, 0x00, 0x40, 0x00, 0x30, 0x03, 0x0C, 0x00, 0x40, 0x0C, 0x18, 0x06, 0x00, 0x00,
    0x00, 0x00, 0x00, 0x00, 0x00, 0xE0, 0x01, 0x98, 0x00, 0x70, 0x00, 0x00, 0x00, 0x00, 0x00, 0x00,
    0x02, 0x01, 0x01, 0x80, 0x20, 0x83, 0x08, 0x00, 0xC0, 0x00, 0x20, 0x00, 0x33, 0x01, 0xE0, 0x00,
    0x0C, 0x1C, 0xC1, 0xCC, 0x3C, 0xC2, 0xCC, 0x6C, 0xC4, 0xCC, 0xCC, 0xC8, 0xCD, 0x0C, 0xF0, 0xCE,
    0x0C, 0xE0, 0xE0, 0x02, 0x00, 0x60, 0x0E, 0x66, 0x09, 0x83, 0xC0, 0x00, 0xC7, 0x31, 0xCC, 0xF3,
    0x2C, 0xDB, 0x34, 0xCD, 0x33, 0x8C, 0xE3, 0x80, 0x20, 0x18, 0x06, 0x60, 0x30, 0x3E, 0x0C, 0x06,
    0x03, 0xF1, 0x8C, 0xC3, 0x61, 0xB0, 0xD8, 0xCF, 0xC0, 0x60, 0x30, 0x3E, 0x0C, 0x06, 0x03, 0x01,
    0x80, 0xC0, 0x7F, 0x30, 0xD8, 0x6C, 0x37, 0xF0, 0xFC, 0xC6, 0xC3, 0xC3, 0xCB, 0xCE, 0xFC, 0xC6,
    0xC0, 0xC0, 0xC0, 0xC0, 0xDC, 0xE6, 0xC3, 0xC3, 0xC3, 0xC3, 0xCB, 0xEE, 0xDC, 0xC2, 0xC0, 0xC0,
    0xC0, 0x06, 0x0C, 0x1F, 0xFC, 0x18, 0x30, 0x60, 0xC1, 0x83, 0x06, 0x0C, 0x18, 0x30, 0x00, 0x0C,
    0x30, 0xFF, 0xC3, 0x0C, 0x30, 0xC3, 0x0C, 0x30, 0x7F, 0xB0, 0x18, 0x0C, 0x06, 0x03, 0x03, 0xF8,
    0xC0, 0x60, 0x30, 0x18, 0x0C, 0x00, 0x7F, 0x60, 0x60, 0x60, 0xFC, 0x60, 0x60, 0x60, 0x60, 0xFE,
    0x60, 0x30, 0x18, 0x0C, 0x06, 0x03, 0xF1, 0x8E, 0xC3, 0x60, 0xF0, 0x78, 0x30, 0x18, 0x0C, 0x0C,
    0x7C, 0xF9, 0x83, 0x06, 0x0F, 0x99, 0xB1, 0xE3, 0xC6, 0x0C, 0x18, 0x63, 0x80, 0x61, 0x8E, 0x71,
    0x8C, 0x39, 0x98, 0x19, 0xB8, 0x0D, 0xB0, 0x0F, 0xE0, 0x07, 0xE0, 0x0D, 0xB0, 0x19, 0xB8, 0x39,
    0x98, 0x71, 0x8C, 0x61, 0x87, 0x00, 0x03, 0x00, 0x03, 0x63, 0x18, 0xCC, 0xC1, 0xB6, 0x07, 0xF0,
    0x03, 0x00, 0x7F, 0x03, 0xB6, 0x0C, 0xCC, 0x63, 0x1C, 0x00, 0x30, 0x00, 0xC0, 0xFC, 0x86, 0x03,
    0x03, 0x03, 0x06, 0x78, 0x06, 0x03, 0x03, 0x07, 0xFC, 0x10, 0x08, 0x08, 0x18, 0xF9, 0x18, 0x30,
    0x67, 0x01, 0xC1, 0x83, 0xFC, 0x40, 0x40, 0x83, 0x00, 0xC3, 0xB0, 0xCC, 0x63, 0x30, 0xD8, 0x3E,
    0x0F, 0x83, 0x60, 0xCC, 0x31, 0x8C, 0x33, 0x07, 0x00, 0xC0, 0x30, 0xC7, 0x67, 0x37, 0x1F, 0x0C,
    0x07, 0xC3, 0x71, 0x8C, 0xC3, 0x80, 0xC0, 0x60, 0xC1, 0x61, 0xB5, 0x9B, 0x8D, 0x87, 0x83, 0x61,
    0xB0, 0xDC, 0x63, 0x30, 0xD8, 0x30, 0xCD, 0xD3, 0xC7, 0x0E, 0x1E, 0x3E, 0x74, 0xC4, 0x61, 0x98,
    0x4F, 0x31, 0x98, 0x64, 0x1F, 0x06, 0x41, 0x98, 0x63, 0x18, 0xC6, 0x19, 0x82, 0x60, 0x7E, 0x18,
    0x0C, 0x66, 0x63, 0x21, 0xA0, 0xF0, 0x6C, 0x33, 0x18, 0x8C, 0x20, 0xF8, 0x31, 0x86, 0x18, 0xC1,
    0x98, 0x1B, 0x01, 0xE0, 0x1B, 0x01, 0x90, 0x19, 0x81, 0x8C, 0x18, 0x61, 0x83, 0xF8, 0xC3, 0x30,
    0x64, 0x0D, 0x01, 0xE0, 0x36, 0x06, 0x60, 0xC4, 0x18, 0x40, 0xC1, 0xB0, 0x6C, 0x1B, 0x06, 0xC1,
    0xBF, 0xEC, 0x1B, 0x06, 0xC1, 0xB0, 0x6C, 0x1B, 0x07, 0x00, 0xC0, 0x30, 0xC6, 0x63, 0x31, 0x98,
    0xCF, 0xE6, 0x33, 0x19, 0x8C, 0xC7, 0x80, 0xC0, 0x60, 0xC1, 0xFC, 0x18, 0xC1, 0x8C, 0x18, 0xC1,
    0x8F, 0xF8, 0xC1, 0x8C, 0x18, 0xC1, 0x8C, 0x18, 0xC1, 0x8C, 0x18, 0xC3, 0xF8, 0x63, 0x0C, 0x61,
    0x8F, 0xF1, 0x86, 0x30, 0xC6, 0x18, 0xC3, 0x00, 0xFF, 0x80, 0xC1, 0x80, 0xC1, 0x80, 0xC1, 0x80,
    0xC1, 0x80, 0xC1, 0x80, 0xC1, 0xF8, 0xC1, 0x8E, 0xC1, 0x86, 0xC1, 0x83, 0xC1, 0x83, 0xC1, 0x83,
    0x00, 0x03, 0x00, 0x03, 0x00, 0x06, 0x00, 0x7C, 0xFE, 0x06, 0x30, 0x31, 0x81, 0x8C, 0x0C, 0x7E,
    0x63, 0x1B, 0x18, 0x78, 0xC3, 0xC6, 0x18, 0x00, 0xC0, 0x06, 0x00, 0x60, 0x1E, 0x00, 0x1E, 0x07,
    0x00, 0x63, 0xCC, 0x24, 0xC6, 0x6C, 0x66, 0xC6, 0x6C, 0x66, 0xC6, 0x66, 0x2C, 0x33, 0x81, 0xFF,
    0x3C, 0x30, 0x31, 0xD9, 0xBC, 0xDE, 0x6F, 0x36, 0xCE, 0x3F, 0x80, 0x1F, 0x98, 0x18, 0x18, 0x0C,
    0x06, 0x03, 0x01, 0x80, 0xC0, 0x30, 0x1C, 0x03, 0xF0, 0x80, 0x20, 0x10, 0x18, 0x3E, 0xC3, 0x06,
    0x0C, 0x18, 0x30, 0x31, 0x3E, 0x20, 0x20, 0x41, 0x80, 0xFF, 0x8C, 0x06, 0x03, 0x01, 0x80, 0xC0,
    0x60, 0x30, 0x18, 0x0C, 0x06, 0x03, 0xC0, 0x60, 0x30, 0x18, 0xFE, 0x30, 0x60, 0xC1, 0x83, 0x06,
    0x0C, 0x1C, 0x18, 0x30, 0x60, 0xC0, 0xD8, 0x66, 0x18, 0xCC, 0x3F, 0x07, 0x80, 0xC0, 0x30, 0x0C,
    0x03, 0x00, 0xC0, 0x30, 0xC3, 0xC3, 0x43, 0x66, 0x66, 0x24, 0x3C, 0x3C, 0x18, 0x18, 0x18, 0xC0,
    0xF8, 0x66, 0x18, 0xCC, 0x33, 0x07, 0x80, 0xC1, 0xFE, 0x0C, 0x03, 0x00, 0xC0, 0x30, 0xC3, 0xC3,
    0x43, 0x66, 0x66, 0x3C, 0x3C, 0x3C, 0x7E, 0x18, 0x18, 0xC1, 0xCC, 0x31, 0xCC, 0x19, 0x81, 0xE0,
    0x38, 0x03, 0x00, 0xF0, 0x37, 0x0E, 0x61, 0x86, 0x60, 0xF0, 0x06, 0x00, 0xC0, 0xC3, 0x33, 0x1B,
    0x07, 0x81, 0x81, 0xE1, 0xB0, 0xCC, 0xC3, 0x80, 0xC0, 0x60, 0xFF, 0x98, 0x60, 0x61, 0x81, 0x86,
    0x06, 0x18, 0x18, 0x60, 0x61, 0x81, 0x86, 0x06, 0x18, 0x18, 0x60, 0x61, 0x81, 0x87, 0xFF, 0x00,
    0x04, 0x00, 0x10, 0x00, 0x40, 0xFE, 0xC3, 0x0C, 0x30, 0xC3, 0x0C, 0x30, 0xC3, 0x0C, 0x30, 0xC3,
    0x0C, 0x3F, 0xF0, 0x03, 0x00, 0x30, 0x03, 0xC1, 0xB0, 0x6C, 0x1B, 0x06, 0xC1, 0xB8, 0xE3, 0xD8,
    0x06, 0x01, 0x80, 0x60, 0x18, 0x07, 0x00, 0xC0, 0x30, 0xC3, 0x61, 0xB0, 0xD8, 0x66, 0x73, 0xD8,
    0x0C, 0x06, 0x03, 0x80, 0xC0, 0x60, 0xC1, 0xE0, 0xF0, 0x78, 0x3C, 0x9E, 0x4F, 0xA6, 0xFF, 0x09,
    0x84, 0xC0, 0x60, 0x30, 0xC3, 0xC3, 0xC3, 0xD3, 0xD7, 0x7B, 0x13, 0x13, 0x03, 0xC0, 0x60, 0x30,
    0x18, 0x0D, 0xE7, 0x1B, 0x07, 0x83, 0xC1, 0xE0, 0xF0, 0x78, 0x30, 0xC1, 0x83, 0x06, 0xEE, 0x78,
    0xF1, 0xE3, 0xC7, 0x8F, 0x1E, 0x30, 0x07, 0xC0, 0x61, 0x86, 0x0D, 0xE0, 0x3F, 0x01, 0xFF, 0xFC,
    0xC0, 0x06, 0x00, 0x30, 0x00, 0xC0, 0x03, 0x04, 0x0F, 0xE0, 0x0F, 0x06, 0x6B, 0x0E, 0xC3, 0x7F,
    0xCC, 0x03, 0x00, 0x60, 0x0F, 0x80, 0x07, 0xC0, 0x61, 0x86, 0x05, 0xE0, 0x3F, 0x01, 0xFF, 0xFC,
    0xC0, 0x06, 0x00, 0x30, 0x00, 0xC0, 0x03, 0x04, 0x0F, 0xE0, 0x18, 0x00, 0xC0, 0x06, 0x00, 0x0F,
    0x06, 0x6B, 0x0E, 0xC3, 0x7F, 0xCC, 0x03, 0x00, 0x60, 0x0F, 0x81, 0x80, 0x60, 0x18, 0xFF, 0xFF,
    0xFF, 0x06, 0x60, 0x03, 0xC0, 0x00, 0x00, 0x61, 0x86, 0x21, 0x84, 0x31, 0x8C, 0x19, 0x98, 0x09,
    0x90, 0x0F, 0xF0, 0x09, 0x90, 0x19, 0x98, 0x31, 0x88, 0x31, 0x8C, 0x61, 0x86, 0x41, 0x82, 0x19,
    0x00, 0xF0, 0x00, 0x0C, 0x62, 0x46, 0x66, 0x64, 0x36, 0x81, 0xF8, 0x36, 0xC6, 0x64, 0x46, 0x6C,
    0x63, 0xC3, 0x63, 0x31, 0x19, 0x0D, 0x87, 0x83, 0xF9, 0x8E, 0xC3, 0xE0, 0xF0, 0x78, 0x30, 0x18,
    0x0C, 0x0C, 0x3C, 0xC6, 0xCC, 0xD8, 0xD0, 0xFC, 0xC6, 0xC3, 0xC3, 0xC3, 0x03, 0x03, 0x06, 0x3C,
    0x0F, 0xE0, 0x43, 0x02, 0x18, 0x10, 0xC1, 0x86, 0x0C, 0x30, 0x61, 0x82, 0x0C, 0x10, 0x60, 0x83,
    0x0C, 0x19, 0xC0, 0xE0, 0x01, 0x00, 0x18, 0x00, 0xC0, 0x1F, 0x82, 0x30, 0x46, 0x08, 0xC1, 0x18,
    0x63, 0x0C, 0x61, 0x0C, 0xE1, 0xC0, 0x08, 0x03, 0x00, 0x60, 0xC1, 0xE0, 0xF0, 0x78, 0x3C, 0x1F,
    0xFF, 0x07, 0x83, 0xC1, 0xE0, 0xF0, 0x78, 0x30, 0x18, 0x0C, 0x0C, 0x3C, 0xC3, 0xC3, 0xC3, 0xC3,
    0xFF, 0xC3, 0xC3, 0xC3, 0xC3, 0x03, 0x03, 0x06, 0x1C, 0xC1, 0x98, 0x33, 0x06, 0x60, 0xCC, 0x19,
    0xFF, 0x30, 0x66, 0x0C, 0xC1, 0x98, 0x33, 0x06, 0x60, 0xE0, 0x04, 0x01, 0x80, 0x30, 0xC3, 0x30,
    0xCC, 0x33, 0x0C, 0xFF, 0x30, 0xCC, 0x33, 0x0C, 0xC3, 0x80, 0x20, 0x18, 0x06, 0xC1, 0xE0, 0xF0,
    0x78, 0x3C, 0x1E, 0x0F, 0x0E, 0xFF, 0x01, 0x80, 0xC0, 0x60, 0x70, 0x30, 0x18, 0x0C, 0xC3, 0xC3,
    0xC3, 0xC3, 0xC7, 0x7B, 0x03, 0x03, 0x07, 0x06, 0x06, 0x06, 0xE0, 0x73, 0x81, 0xCF, 0x07, 0x34,
    0x2C, 0xD0, 0xB3, 0x62, 0xCC, 0x93, 0x32, 0x4C, 0xC9, 0x33, 0x18, 0xCC, 0x63, 0x31, 0x8E, 0x00,
    0x08, 0x00, 0x60, 0x03, 0x80, 0xE1, 0xCE, 0x1C, 0xE1, 0xCD, 0x2C, 0xD2, 0xCD, 0x2C, 0xCC, 0xCC,
    0xCC, 0xCC, 0xE0, 0x02, 0x00, 0x60, 0x06, 0xFF, 0xFF, 0xFF, 0x13, 0x03, 0xC0, 0x00, 0x06, 0x00,
    0xE0, 0x14, 0x06, 0x80, 0x98, 0x11, 0x06, 0x30, 0xFE, 0x30, 0x44, 0x0C, 0x80, 0xB0, 0x10, 0x26,
    0x1C, 0x00, 0x3E, 0x03, 0x03, 0x03, 0x7F, 0xE3, 0xC3, 0xC7, 0x7B, 0x1B, 0x00, 0x00, 0x00, 0x02,
    0x00, 0xE0, 0x14, 0x02, 0x80, 0xC8, 0x11, 0x06, 0x30, 0xFE, 0x30, 0x64, 0x04, 0x80, 0xB0, 0x18,
    0x2C, 0x00, 0x00, 0x3E, 0x03, 0x03, 0x03, 0x7F, 0xE3, 0xC3, 0xC7, 0x7B, 0x03, 0xFC, 0x1B, 0x00,
    0x4C, 0x03, 0x30, 0x0C, 0xC0, 0x23, 0xF1, 0x8C, 0x07, 0xF0, 0x30, 0xC0, 0x83, 0x06, 0x0C, 0x10,
    0x3F, 0x7D, 0xE4, 0x76, 0x06, 0x30, 0x63, 0x7F, 0xFC, 0x60, 0xC6, 0x0C, 0xF0, 0x79, 0xE0, 0x64,
    0x78, 0x07, 0xFC, 0x18, 0x30, 0x60, 0xFF, 0x83, 0x06, 0x0C, 0x18, 0x3F, 0x80, 0x26, 0x24, 0x1C,
    0x00, 0x3C, 0x66, 0xC3, 0xC3, 0xFF, 0xC0, 0xC0, 0x60, 0x3E, 0x1F, 0x0E, 0x31, 0x83, 0x00, 0x30,
    0x07, 0xFF, 0xF0, 0x1E, 0x03, 0xC0, 0x6C, 0x18, 0xC6, 0x0F, 0x80, 0x3E, 0x31, 0x98, 0x60, 0x3F,
    0xFA, 0x0D, 0x86, 0xC6, 0x1E, 0x00, 0x36, 0x00, 0x00, 0x01, 0xF8, 0x43, 0x00, 0x60, 0x0C, 0x03,
    0x00, 0xFF, 0xFC, 0x0F, 0x03, 0x41, 0x98, 0x63, 0xE0, 0x6C, 0x00, 0x00, 0xFC, 0x86, 0x03, 0x03,
    0xFF, 0xC3, 0xC3, 0x66, 0x3C, 0x06, 0x40, 0x00, 0x00, 0x00, 0x00, 0x61, 0x86, 0x21, 0x84, 0x31,
    0x8C, 0x19, 0x98, 0x09, 0x90, 0x0F, 0xF0, 0x09, 0x90, 0x19, 0x98, 0x31, 0x88, 0x31, 0x8C, 0x61,
    0x86, 0x41, 0x82, 0x0D, 0x80, 0x00, 0x00, 0x04, 0x23, 0x62, 0x23, 0x26, 0x12, 0x41, 0xF8, 0x32,
    0x43, 0x26, 0x62, 0x2C, 0x23, 0x36, 0x00, 0x00, 0x0F, 0xC4, 0x30, 0x08, 0x04, 0x04, 0x3C, 0x01,
    0x80, 0x60, 0x30, 0x1C, 0x1B, 0xF8, 0x6C, 0x00, 0x07, 0xE8, 0x60, 0xC1, 0xBC, 0x06, 0x0C, 0x1F,
    0xE0, 0x7F, 0x01, 0x01, 0x01, 0x81, 0x81, 0xF0, 0x0C, 0x03, 0x01, 0x80, 0xE0, 0xCF, 0xC0, 0xFE,
    0x04, 0x0C, 0x18, 0x30, 0x3C, 0x06, 0x03, 0x03, 0x03, 0x03, 0x86, 0xFC, 0x3E, 0x00, 0x0C, 0x1F,
    0x07, 0xC3, 0xF1, 0xBC, 0x6F, 0x33, 0xCC, 0xF6, 0x3D, 0x0F, 0xC3, 0xE0, 0xF0, 0x30, 0x7C, 0x00,
    0x06, 0x3C, 0xF9, 0xF7, 0xEB, 0xF7, 0xCF, 0x9E, 0x30, 0x36, 0x00, 0x00, 0x03, 0x03, 0xC1, 0xF0,
    0xFC, 0x2F, 0x1B, 0xC4, 0xF2, 0x3D, 0x8F, 0x43, 0xF0, 0xF8, 0x3C, 0x0C, 0x2C, 0x00, 0x00, 0xC7,
    0xC7, 0xCF, 0xCB, 0xDB, 0xD3, 0xF3, 0xE3, 0xE3, 0x1B, 0x00, 0x00, 0x00, 0x0F, 0x87, 0x18, 0xC1,
    0xB0, 0x1E, 0x03, 0xC0, 0x78, 0x0F, 0x01, 0xE0, 0x36, 0x0C, 0xE3, 0x07, 0xC0, 0x36, 0x00, 0x00,
    0x3C, 0x62, 0xC1, 0xC1, 0xC1, 0xC1, 0xC1, 0x62, 0x3C, 0x1F, 0x06, 0x31, 0x83, 0x60, 0x3C, 0x07,
    0xFF, 0xF0, 0x1E, 0x03, 0xC0, 0x6C, 0x18, 0xC6, 0x0F, 0x80, 0x3C, 0x66, 0xC3, 0xC3, 0xFF, 0xC3,
    0xC3, 0x66, 0x3C, 0x1B, 0x00, 0x00, 0x00, 0x0F, 0x87, 0x18, 0xC1, 0xB0, 0x1E, 0x03, 0xFF, 0xF8,
    0x0F, 0x01, 0xE0, 0x36, 0x0C, 0xE3, 0x07, 0xC0, 0x36, 0x00, 0x00, 0x3C, 0x62, 0xC1, 0xC1, 0xFF,
    0xC1, 0xC1, 0x62, 0x3C, 0x6C, 0x00, 0x00, 0x1F, 0x88, 0x60, 0x18, 0x06, 0x03, 0x3F, 0x80, 0xC0,
    0x60, 0x30, 0x30, 0x33, 0xF0, 0x6C, 0x00, 0x03, 0xC0, 0x40, 0x40, 0xBF, 0x02, 0x04, 0x17, 0xC0,
    0x3E, 0x00, 0x30, 0x78, 0x26, 0x33, 0x19, 0x88, 0x6C, 0x36, 0x0E, 0x07, 0x01, 0x01, 0x83, 0x80,
    0x3E, 0x00, 0x00, 0x18, 0x36, 0x13, 0x19, 0x8C, 0x64, 0x36, 0x1A, 0x07, 0x03, 0x80, 0x83, 0xC0,
    0x1B, 0x00, 0x00, 0x00, 0x60, 0x36, 0x0C, 0x41, 0x8C, 0x20, 0x8C, 0x19, 0x01, 0x60, 0x38, 0x03,
    0x00, 0x40, 0x18, 0x1E, 0x00, 0x36, 0x00, 0x00, 0x18, 0x34, 0x13, 0x18, 0x8C, 0x44, 0x36, 0x0A,
    0x05, 0x01, 0x80, 0x80, 0x40, 0x41, 0xC0, 0x0D, 0x86, 0x80, 0x03, 0x03, 0xC0, 0x98, 0x66, 0x10,
    0xCC, 0x32, 0x04, 0x81, 0xE0, 0x30, 0x0C, 0x06, 0x07, 0x00, 0x1B, 0x34, 0x00, 0xC1, 0xC3, 0x42,
    0x66, 0x26, 0x24, 0x3C, 0x1C, 0x18, 0x18, 0x10, 0x30, 0xE0, 0x36, 0x00, 0x00, 0x18, 0x3C, 0x1E,
    0x0F, 0x07, 0x83, 0xE1, 0xBF, 0xC0, 0x60, 0x30, 0x18, 0x0C, 0x06, 0x6C, 0x00, 0x00, 0xC3, 0xC3,
    0xC3, 0xC3, 0xC3, 0x7F, 0x03, 0x03, 0x03, 0xFF, 0x83, 0x06, 0x0C, 0x18, 0x30, 0x60, 0xC1, 0x83,
    0x07, 0x02, 0x04, 0x08, 0x00, 0xFF, 0x0C, 0x30, 0xC3, 0x0C, 0x30, 0xE1, 0x86, 0x18, 0x1B, 0x00,
    0x00, 0x00, 0x60, 0x3C, 0x07, 0x80, 0xF0, 0x1E, 0x03, 0xFC, 0x78, 0xCF, 0x0D, 0xE1, 0xBC, 0x37,
    0x8C, 0xFF, 0x18, 0x36, 0x00, 0x00, 0x03, 0x03, 0xC0, 0xF0, 0x3F, 0xCF, 0x1B, 0xC6, 0xF1, 0xBC,
    0x6F, 0xF3, 0x7F, 0x60, 0x60, 0x60, 0x60, 0x60, 0xFC, 0x60, 0x60, 0x60, 0x60, 0x70, 0x30, 0x30,
    0x70, 0x7E, 0xC1, 0x83, 0x0F, 0xCC, 0x18, 0x30, 0x70, 0x60, 0xC3, 0x00, 0x60, 0xC4, 0x30, 0xC4,
    0x09, 0x80, 0xE0, 0x18, 0x03, 0x80, 0xD0, 0x13, 0x04, 0x21, 0x86, 0x20, 0x70, 0x06, 0x00, 0xC0,
    0x70, 0xC3, 0x33, 0x09, 0x07, 0x81, 0x81, 0xE0, 0x90, 0xCC, 0xC3, 0x80, 0xC0, 0x60, 0xE0, 0x40,
    0x98, 0x63, 0x30, 0x48, 0x1E, 0x1F, 0xE1, 0xE0, 0x48, 0x33, 0x08, 0x46, 0x1B, 0x03, 0x63, 0x11,
    0x0D, 0x82, 0x87, 0xF0, 0xA0, 0xD8, 0xC6, 0x41, 0x00, 0x70, 0xCC, 0x31, 0x8C, 0x76, 0x3F, 0x99,
    0xC6, 0x31, 0x8C, 0x61, 0x98, 0x70, 0x7C, 0x06, 0x06, 0x06, 0x06, 0x06, 0x06, 0x06, 0x06, 0xFF,
    0x70, 0x61, 0x86, 0x18, 0x61, 0x86, 0x3B, 0x30, 0xFF, 0x00, 0x01, 0x80, 0xC0, 0x60, 0x30, 0x18,
    0x0C, 0x06, 0x03, 0x00, 0xFE, 0x03, 0x03, 0x03, 0x03, 0xC3, 0xC3, 0xC3, 0xC3, 0xC3, 0xED, 0xB6,
    0xDB, 0x6C, 0xF9, 0x98, 0xC6, 0x31, 0x8C, 0x73, 0x80, 0xFF, 0x30, 0xD8, 0x6C, 0x36, 0x1B, 0x0D,
    0x86, 0xC3, 0x61, 0xB0, 0xC0, 0xCF, 0x61, 0xB0, 0x78, 0x3C, 0x1E, 0x0F, 0x07, 0x86, 0x63, 0x1F,
    0x00, 0xED, 0xB6, 0xFC, 0x18, 0x18, 0x30, 0x60, 0xC1, 0x83, 0x06, 0x0C, 0x18, 0x30, 0x60, 0xF8,
    0x18, 0x18, 0x30, 0x60, 0xC1, 0x83, 0x0D, 0xF0, 0xC0, 0xC0, 0xC0, 0xFF, 0x06, 0x06, 0x0E, 0x0C,
    0x0C, 0x0C, 0x18, 0x18, 0x18, 0xFF, 0x30, 0xD8, 0x6C, 0x36, 0x1B, 0x0D, 0x86, 0xC3, 0x61, 0xBF,
    0xC0, 0xCF, 0x1E, 0x67, 0x0D, 0xC3, 0x60, 0xD8, 0x36, 0x0D, 0x83, 0x61, 0x9B, 0xC0, 0xED, 0xB6,
    0xDB, 0x6D, 0xB6, 0x70, 0xC6, 0x31, 0x8C, 0x63, 0x1F, 0xC0, 0xFE, 0x31, 0xB0, 0x78, 0x3C, 0x1E,
    0x0F, 0x07, 0x82, 0x63, 0x1F, 0x00, 0x61, 0xB0, 0xDC, 0x66, 0x33, 0x19, 0x8C, 0xCC, 0x2E, 0x3E,
    0x7C, 0x00, 0x3E, 0x71, 0xB0, 0x78, 0x3E, 0x1B, 0x8C, 0x06, 0x03, 0x01, 0x80, 0xC0, 0x60, 0x30,
    0x18, 0x3C, 0x66, 0xC3, 0xC3, 0xC3, 0xE3, 0x23, 0x07, 0x06, 0xF8, 0x63, 0x63, 0x73, 0x33, 0x36,
    0x1E, 0x18, 0x18, 0x0C, 0x0C, 0x0C, 0x0C, 0x06, 0xE3, 0x63, 0x73, 0x36, 0x3E, 0x1C, 0x0C, 0x0C,
    0x06, 0xFE, 0xFF, 0x01, 0x80, 0xC0, 0x6C, 0x66, 0x33, 0x19, 0x8C, 0xCC, 0x66, 0x30, 0x18, 0x0C,
    0x00, 0xFC, 0x0C, 0x18, 0x30, 0x60, 0xC1, 0x83, 0x06, 0x0C, 0xCC, 0xF3, 0x3C, 0xCF, 0x33, 0xD8,
    0xFC, 0x3C, 0x0D, 0x86, 0x61, 0x87, 0xC0, 0x7F, 0x8C, 0x33, 0x0C, 0xC3, 0x30, 0xCC, 0x33, 0x0C,
    0xC3, 0x30, 0xF8, 0x30, 0x6B, 0xF0, 0x6F, 0xE0, 0x00, 0xF8, 0x7E, 0xFF, 0x8F, 0x06, 0x06, 0x06,
    0x0C, 0x00, 0x10, 0x70, 0xE0, 0x18, 0xF1, 0x83, 0x06, 0x47, 0xFE, 0x20, 0xFB, 0xF0, 0x5F, 0xA0,
    0xDB, 0x76, 0xDB, 0x6D, 0x80, 0xC7, 0x8F, 0xF3, 0xC6, 0x0C, 0x18, 0x30, 0x60, 0xC1, 0x80, 0xCD,
    0x36, 0xDF, 0xEF, 0xE6, 0x03, 0x01, 0x80, 0x40, 0x30, 0x18, 0x0C, 0x00, 0x30, 0xF3, 0x86, 0x0F,
    0x07, 0x18, 0x60, 0xC1, 0xFD, 0xF8, 0x38, 0xF9, 0xB6, 0x3C, 0x78, 0xF1, 0xBE, 0x7C, 0xFD, 0xF8,
    0x30, 0x60, 0xC1, 0x81, 0x83, 0x06, 0x0C, 0x18, 0x41, 0x60, 0xD8, 0xCC, 0x66, 0x31, 0xB0, 0xD8,
    0x6C, 0x1C, 0x0E, 0x07, 0x03, 0x00, 0x1C, 0x0E, 0x07, 0x02, 0xC3, 0x61, 0xB0, 0xD8, 0xC6, 0x63,
    0x31, 0xB0, 0x60, 0x79, 0xFB, 0x36, 0x6F, 0xCF, 0x81, 0x03, 0x06, 0x0C, 0x18, 0x02, 0x80, 0x68,
    0x1B, 0x06, 0xC0, 0xE0, 0x2C, 0x1B, 0x8E, 0xFF, 0x0F, 0x00, 0xF0, 0x5F, 0xA0, 0xDB, 0x76, 0xDB,
    0x6D, 0x80, 0xC7, 0x8F, 0xF3, 0xC6, 0x0C, 0x18, 0x30, 0x60, 0xC1, 0x80, 0xCD, 0x36, 0xDF, 0xEF,
    0xE6, 0x03, 0x01, 0x80, 0x40, 0x30, 0x18, 0x0C, 0x00, 0xDD, 0xB3, 0x6F, 0xF7, 0xCC, 0x18, 0x30,
    0x60, 0xC1, 0x80, 0x30, 0x70, 0xE3, 0x66, 0xF8, 0xF1, 0xE3, 0xD7, 0xFF, 0xB0, 0x3C, 0xF1, 0x83,
    0x07, 0x47, 0xC6, 0x18, 0x70, 0xC3, 0x00, 0x41, 0x60, 0xD8, 0xCC, 0x66, 0x31, 0xB0, 0xD8, 0x6C,
    0x1C, 0x0E, 0x07, 0x03, 0x00, 0x1C, 0x0E, 0x07, 0x02, 0xC3, 0x61, 0xB0, 0xD8, 0xC6, 0x63, 0x31,
    0xB0, 0x60, 0x79, 0xFB, 0x36, 0x6F, 0xCF, 0x81, 0x03, 0x06, 0x0C, 0x18, 0x06, 0x00, 0xC0, 0x3C,
    0x04, 0x81, 0x90, 0x33, 0x04, 0x21, 0xFE, 0x20, 0x4C, 0x09, 0x81, 0xA0, 0x10, 0x00, 0x0C, 0x01,
    0x80, 0x3E, 0x03, 0x03, 0x03, 0x7F, 0xE3, 0xC3, 0xC7, 0x7B, 0x00, 0x18, 0x18, 0x0E, 0x00, 0x40,
    0x18, 0x02, 0x00, 0x00, 0x08, 0x03, 0x80, 0x50, 0x1A, 0x03, 0x60, 0x44, 0x18, 0xC3, 0xF8, 0xC1,
    0x18, 0x32, 0x02, 0xC0, 0x40, 0x1C, 0x04, 0x0C, 0x08, 0x00, 0x3E, 0x03, 0x03, 0x03, 0x7F, 0xE3,
    0xC3, 0xC7, 0x7B, 0x00, 0x81, 0xA0, 0x68, 0x08, 0x80, 0xC0, 0x1C, 0x02, 0x80, 0xD0, 0x13, 0x02,
    0x20, 0xC6, 0x1F, 0xC6, 0x08, 0x81, 0x90, 0x16, 0x02, 0x01, 0x80, 0x86, 0x84, 0x80, 0x01, 0xF0,
    0x0C, 0x06, 0x03, 0x3F, 0xB8, 0xD8, 0x6C, 0x73, 0xD8, 0x60, 0x01, 0x80, 0x68, 0x08, 0x80, 0xC0,
    0x1C, 0x02, 0x80, 0xD0, 0x13, 0x02, 0x20, 0xC6, 0x1F, 0xC6, 0x08, 0x81, 0x90, 0x16, 0x02, 0x80,
    0xC0, 0x58, 0x24, 0x00, 0x3E, 0x03, 0x03, 0x03, 0x7F, 0xE3, 0xC3, 0xC7, 0x7B, 0x01, 0x80, 0x20,
    0xD0, 0x48, 0x00, 0x03, 0x00, 0xC0, 0x38, 0x1A, 0x04, 0xC3, 0x30, 0x84, 0x3F, 0x98, 0x24, 0x0F,
    0x03, 0xC0, 0x40, 0x03, 0x01, 0x01, 0x1A, 0x24, 0x00, 0x3E, 0x03, 0x03, 0x03, 0x7F, 0xE3, 0xC3,
    0xC7, 0x7B, 0x19, 0x02, 0xC0, 0x30, 0x0D, 0x00, 0x00, 0x18, 0x03, 0x80, 0x50, 0x1A, 0x02, 0x60,
    0x44, 0x18, 0xC3, 0xF8, 0xC1, 0x10, 0x32, 0x02, 0xC0, 0x40, 0x3E, 0x00, 0x18, 0x24, 0x00, 0x3E,
    0x03, 0x03, 0x03, 0x7F, 0xE3, 0xC3, 0xC7, 0x7B, 0x06, 0x01, 0xE0, 0x66, 0x00, 0x00, 0x60, 0x0C,
    0x03, 0xC0, 0x48, 0x19, 0x03, 0x30, 0x42, 0x1F, 0xE2, 0x04, 0xC0, 0x98, 0x1A, 0x01, 0x00, 0x00,
    0xC0, 0x18, 0x00, 0x18, 0x26, 0x00, 0x3E, 0x03, 0x03, 0x03, 0x7F, 0xE3, 0xC3, 0xC7, 0x7B, 0x00,
    0x18, 0x18, 0x02, 0x00, 0x80, 0x44, 0x07, 0x00, 0x00, 0x08, 0x03, 0x80, 0x50, 0x1A, 0x02, 0x60,
    0x44, 0x18, 0xC3, 0xF8, 0xC1, 0x18, 0x32, 0x02, 0xC0, 0x60, 0x0C, 0x08, 0x22, 0x1C, 0x00, 0x3E,
    0x03, 0x03, 0x03, 0x7F, 0xE3, 0xC3, 0xC7, 0x7B, 0x18, 0x01, 0x00, 0x44, 0x07, 0x00, 0x00, 0x18,
    0x03, 0x80, 0x50, 0x1A, 0x02, 0x60, 0x44, 0x18, 0xC3, 0xF8, 0xC1, 0x10, 0x32, 0x02, 0xC0, 0x40,
    0x10, 0x10, 0x26, 0x1C, 0x00, 0x3E, 0x03, 0x03, 0x03, 0x7F, 0xE3, 0xC3, 0xC7, 0x7B, 0x06, 0x00,
    0x40, 0x44, 0x07, 0x80, 0x00, 0x0C, 0x01, 0x80, 0x70, 0x0B, 0x03, 0x20, 0x46, 0x08, 0xC3, 0xF8,
    0x41, 0x98, 0x13, 0x03, 0x40, 0x60, 0x18, 0x08, 0x08, 0x22, 0x1C, 0x00, 0x3E, 0x03, 0x03, 0x03,
    0x7F, 0xE3, 0xC3, 0xC7, 0x7B, 0x19, 0x02, 0xC0, 0x44, 0x0F, 0x00, 0x00, 0x18, 0x03, 0x80, 0x50,
    0x1A, 0x02, 0x60, 0x44, 0x18, 0xC3, 0xF8, 0xC1, 0x10, 0x32, 0x02, 0xC0, 0x40, 0x32, 0x2E, 0x00,
    0x26, 0x1C, 0x00, 0x3E, 0x03, 0x03, 0x03, 0x7F, 0xE3, 0xC3, 0xC7, 0x7B, 0x21, 0x07, 0x80, 0x00,
    0x30, 0x0C, 0x07, 0x81, 0x20, 0xC8, 0x33, 0x08, 0x47, 0xF9, 0x02, 0x40, 0xB0, 0x38, 0x04, 0x00,
    0x0C, 0x03, 0x00, 0x22, 0x1C, 0x00, 0x3E, 0x03, 0x03, 0x03, 0x7F, 0xE3, 0xC3, 0xC7, 0x7B, 0x00,
    0x18, 0x18, 0xFF, 0x0C, 0x30, 0xC3, 0xFC, 0x30, 0xC3, 0x0C, 0x3F, 0x00, 0xC3, 0x00, 0x3C, 0x66,
    0xC3, 0xC3, 0xFF, 0xC0, 0xC0, 0x60, 0x3E, 0x00, 0x18, 0x18, 0x38, 0x10, 0x60, 0x80, 0x1F, 0xF0,
    0x60, 0xC1, 0x83, 0xF6, 0x0C, 0x18, 0x30, 0x60, 0xFE, 0x1C, 0x04, 0x0C, 0x08, 0x00, 0x3C, 0x66,
    0xC3, 0xC3, 0xFF, 0xC0, 0xC0, 0x60, 0x3E, 0x34, 0x4C, 0x00, 0xFF, 0xC0, 0xC0, 0xC0, 0xC0, 0xC0,
    0xFF, 0xC0, 0xC0, 0xC0, 0xC0, 0xFF, 0x32, 0x2C, 0x00, 0x3C, 0x66, 0xC3, 0xC3, 0xFF, 0xC0, 0xC0,
    0x66, 0x3C, 0x03, 0x1A, 0x2C, 0x40, 0xFE, 0xC0, 0xC0, 0xC0, 0xC0, 0xFE, 0xC0, 0xC0, 0xC0, 0xC0,
    0xC0, 0xFE, 0x01, 0x81, 0x86, 0x84, 0x80, 0x01, 0xE1, 0x99, 0x86, 0xC3, 0x7F, 0xB0, 0x18, 0x06,
    0x01, 0xF0, 0xC0, 0x2C, 0x12, 0x20, 0x7F, 0x60, 0x60, 0x60, 0x60, 0x7F, 0x60, 0x60, 0x60, 0x60,
    0x60, 0x7F, 0x80, 0xC0, 0x58, 0x24, 0x00, 0x3C, 0x66, 0xC3, 0xC3, 0xFF, 0xC0, 0xC0, 0x60, 0x3E,
    0x06, 0x02, 0x1A, 0x2C, 0x00, 0xFE, 0xC0, 0xC0, 0xC0, 0xC0, 0xFE, 0xC0, 0xC0, 0xC0, 0xC0, 0xC0,
    0xFE, 0x07, 0x01, 0x03, 0x1A, 0x24, 0x00, 0x3C, 0x66, 0xC3, 0xC3, 0xFF, 0xC0, 0xC0, 0x60, 0x3E,
    0x34, 0x98, 0x61, 0x20, 0x1F, 0xF0, 0x60, 0xC1, 0x83, 0xFE, 0x0C, 0x18, 0x30, 0x60, 0xFE, 0x3C,
    0x00, 0x18, 0x24, 0x00, 0x3C, 0x66, 0xC3, 0xC3, 0xFF, 0xC0, 0xC0, 0x60, 0x3E, 0x30, 0xE4, 0xC0,
    0xFF, 0x0C, 0x30, 0xC3, 0xFC, 0x30, 0xC3, 0x0C, 0x3F, 0x00, 0xC3, 0x00, 0x18, 0x2C, 0x00, 0x3C,
    0x66, 0xC3, 0xC3, 0xFF, 0xC0, 0xC0, 0x60, 0x3E, 0x00, 0x18, 0x18, 0x71, 0x60, 0xF6, 0x66, 0x66,
    0x66, 0x66, 0x6F, 0xC5, 0xE1, 0xB6, 0xDB, 0x6D, 0x80, 0xF6, 0x66, 0x66, 0x66, 0x66, 0x6F, 0x06,
    0x60, 0xF3, 0xFF, 0xFF, 0x3C, 0x1F, 0x0E, 0x31, 0x83, 0x60, 0x3C, 0x07, 0x80, 0xF0, 0x1E, 0x03,
    0xC0, 0x6C, 0x19, 0xC6, 0x0F, 0x80, 0x00, 0x18, 0x03, 0x00, 0x3C, 0x66, 0xC3, 0xC3, 0xC3, 0xC3,
    0xC3, 0x66, 0x3C, 0x00, 0x18, 0x18, 0x0E, 0x00, 0x40, 0x10, 0x02, 0x01, 0xF0, 0xE3, 0x18, 0x36,
    0x03, 0xC0, 0x78, 0x0F, 0x01, 0xE0, 0x3C, 0x06, 0xC1, 0x9C, 0x60, 0xF8, 0x1C, 0x04, 0x0C, 0x08,
    0x00, 0x3C, 0x66, 0xC3, 0xC3, 0xC3, 0xC3, 0xC3, 0x66, 0x3C, 0x00, 0xC0, 0x10, 0x3C, 0x0D, 0x00,
    0x00, 0x3E, 0x1C, 0x63, 0x06, 0xC0, 0x78, 0x0F, 0x01, 0xE0, 0x3C, 0x07, 0x80, 0xD8, 0x33, 0x8C,
    0x1F, 0x00, 0x03, 0x03, 0x1C, 0x24, 0x00, 0x3C, 0x66, 0xC3, 0xC3, 0xC3, 0xC3, 0xC3, 0x66, 0x3C,
    0x60, 0x04, 0x00, 0x78, 0x05, 0x00, 0x00, 0x3E, 0x1C, 0x63, 0x06, 0xC0, 0x78, 0x0F, 0x01, 0xE0,
    0x3C, 0x07, 0x80, 0xD8, 0x33, 0x8C, 0x1F, 0x00, 0xC0, 0xC0, 0x38, 0x24, 0x00, 0x3C, 0x66, 0xC3,
    0xC3, 0xC3, 0xC3, 0xC3, 0x66, 0x3C, 0x01, 0x80, 0x10, 0x18, 0x05, 0x80, 0x00, 0x3E, 0x1C, 0x23,
    0x02, 0xC0, 0x78, 0x0F, 0x01, 0xE0, 0x3C, 0x07, 0x80, 0xD8, 0x13, 0x84, 0x1F, 0x00, 0x07, 0x03,
    0x02, 0x18, 0x24, 0x00, 0x3C, 0x66, 0xC3, 0xC3, 0xC3, 0xC3, 0xC3, 0x66, 0x3C, 0x1F, 0x00, 0x00,
    0x38, 0x0D, 0x80, 0x00, 0x3E, 0x1C, 0x63, 0x06, 0xC0, 0x78, 0x0F, 0x01, 0xE0, 0x3C, 0x07, 0x80,
    0xD8, 0x33, 0x8C, 0x1F, 0x00, 0x3C, 0x00, 0x18, 0x24, 0x00, 0x3C, 0x66, 0xC3, 0xC3, 0xC3, 0xC3,
    0xC3, 0x66, 0x3C, 0x0C, 0x01, 0xC0, 0x4C, 0x00, 0x01, 0xF0, 0xE3, 0x18, 0x36, 0x03, 0xC0, 0x78,
    0x0F, 0x01, 0xE0, 0x3C, 0x06, 0xC1, 0x9C, 0x60, 0xF8, 0x00, 0x01, 0x80, 0x30, 0x00, 0x18, 0x24,
    0x00, 0x3C, 0x66, 0xC3, 0xC3, 0xC3, 0xC3, 0xC3, 0x66, 0x3C, 0x00, 0x18, 0x18, 0x03, 0x00, 0x60,
    0x04, 0x00, 0x00, 0x1F, 0x17, 0x1F, 0x60, 0xCC, 0x06, 0xC0, 0x6C, 0x06, 0xC0, 0x6C, 0x06, 0xC0,
    0x66, 0x0C, 0x71, 0x81, 0xF0, 0x0C, 0x02, 0x00, 0x08, 0xF6, 0x67, 0x30, 0xCC, 0x33, 0x0C, 0xC3,
    0x30, 0xC6, 0x60, 0xF0, 0x08, 0x00, 0xC0, 0x04, 0x00, 0x00, 0x1F, 0x17, 0x1F, 0x60, 0xCC, 0x06,
    0xC0, 0x6C, 0x06, 0xC0, 0x6C, 0x06, 0xC0, 0x66, 0x0C, 0x71, 0x81, 0xF0, 0x10, 0x06, 0x00, 0x08,
    0xF6, 0x67, 0x30, 0xCC, 0x33, 0x0C, 0xC3, 0x30, 0xC6, 0x60, 0xF0, 0x0E, 0x00, 0x20, 0x02, 0x00,
    0x40, 0x04, 0x01, 0xF1, 0x71, 0xF6, 0x0C, 0xC0, 0x6C, 0x06, 0xC0, 0x6C, 0x06, 0xC0, 0x6C, 0x06,
    0x60, 0xC7, 0x18, 0x1F, 0x00, 0x1C, 0x01, 0x00, 0xC0, 0x20, 0x00, 0x8F, 0x66, 0x73, 0x0C, 0xC3,
    0x30, 0xCC, 0x33, 0x0C, 0x66, 0x0F, 0x00, 0x1D, 0x01, 0x70, 0x00, 0x01, 0xF1, 0x71, 0xF6, 0x0C,
    0xC0, 0x6C, 0x06, 0xC0, 0x6C, 0x06, 0xC0, 0x6C, 0x06, 0x60, 0xC7, 0x18, 0x1F, 0x00, 0x34, 0x13,
    0x00, 0x08, 0xF6, 0x67, 0x30, 0xCC, 0x33, 0x0C, 0xC3, 0x30, 0xC6, 0x60, 0xF0, 0x1F, 0x17, 0x1F,
    0x60, 0xCC, 0x06, 0xC0, 0x6C, 0x06, 0xC0, 0x6C, 0x06, 0xC0, 0x66, 0x0C, 0x71, 0x81, 0xF0, 0x00,
    0x00, 0xC0, 0x0C, 0x00, 0x00, 0x80, 0x23, 0xD9, 0x9C, 0xC3, 0x30, 0xCC, 0x33, 0x0C, 0xC3, 0x19,
    0x83, 0xC0, 0x00, 0x18, 0x06, 0x00, 0xC1, 0xE0, 0xF0, 0x78, 0x3C, 0x1E, 0x0F, 0x07, 0x83, 0xC1,
    0xE0, 0xD8, 0xC7, 0xC0, 0x00, 0x60, 0x30, 0xC3, 0xC3, 0xC3, 0xC3, 0xC3, 0xC3, 0xC3, 0xC7, 0x7B,
    0x00, 0x18, 0x18, 0x1C, 0x02, 0x02, 0x00, 0x0C, 0x1E, 0x0F, 0x07, 0x83, 0xC1, 0xE0, 0xF0, 0x78,
    0x3C, 0x1E, 0x0D, 0x8C, 0x7C, 0x1C, 0x04, 0x0C, 0x08, 0x00, 0xC3, 0xC3, 0xC3, 0xC3, 0xC3, 0xC3,
    0xC3, 0xC7, 0x7B, 0x04, 0x00, 0xC0, 0x08, 0x00, 0x00, 0xC1, 0xBC, 0x1B, 0xC1, 0xCC, 0x18, 0xC1,
    0x8C, 0x18, 0xC1, 0x8C, 0x18, 0xC1, 0x8C, 0x18, 0x63, 0x03, 0xE0, 0x0C, 0x01, 0x00, 0x01, 0xE1,
    0xAC, 0x39, 0x86, 0x30, 0xC6, 0x18, 0xC3, 0x18, 0x63, 0x1C, 0x3D, 0x80, 0x10, 0x01, 0x80, 0x08,
    0x00, 0x00, 0xC1, 0xBC, 0x1B, 0xC1, 0xCC, 0x18, 0xC1, 0x8C, 0x18, 0xC1, 0x8C, 0x18, 0xC1, 0x8C,
    0x18, 0x63, 0x03, 0xE0, 0x30, 0x03, 0x00, 0x01, 0xE1, 0xAC, 0x39, 0x86, 0x30, 0xC6, 0x18, 0xC3,
    0x18, 0x63, 0x1C, 0x3D, 0x80, 0x0C, 0x00, 0x40, 0x0C, 0x00, 0x80, 0xC1, 0xBC, 0x1B, 0xC1, 0xCC,
    0x18, 0xC1, 0x8C, 0x18, 0xC1, 0x8C, 0x18, 0xC1, 0x8C, 0x18, 0x63, 0x03, 0xE0, 0x1C, 0x00, 0x80,
    0x30, 0x04, 0x00, 0x05, 0x86, 0xB0, 0xE6, 0x18, 0xC3, 0x18, 0x63, 0x0C, 0x61, 0x8C, 0x70, 0xF6,
    0x00, 0x1A, 0x02, 0xC0, 0x00, 0x0C, 0x1B, 0xC1, 0xBC, 0x1C, 0xC1, 0x8C, 0x18, 0xC1, 0x8C, 0x18,
    0xC1, 0x8C, 0x18, 0xC1, 0x86, 0x30, 0x3E, 0x00, 0x32, 0x09, 0x80, 0x01, 0xE1, 0xAC, 0x39, 0x86,
    0x30, 0xC6, 0x18, 0xC3, 0x18, 0x63, 0x1C, 0x3D, 0x80, 0xC1, 0xBC, 0x1B, 0xC1, 0xCC, 0x18, 0xC1,
    0x8C, 0x18, 0xC1, 0x8C, 0x18, 0xC1, 0x8C, 0x18, 0x63, 0x03, 0xE0, 0x00, 0x00, 0xC0, 0x0C, 0x00,
    0x00, 0x78, 0x6B, 0x0E, 0x61, 0x8C, 0x31, 0x86, 0x30, 0xC6, 0x18, 0xC7, 0x0F, 0x60, 0x00, 0x0C,
    0x01, 0x80, 0x08, 0x00, 0x00, 0x03, 0x03, 0x61, 0x98, 0x63, 0x30, 0xFC, 0x1E, 0x03, 0x00, 0xC0,
    0x30, 0x0C, 0x03, 0x00, 0xC0, 0x10, 0x00, 0x00, 0xC3, 0xC3, 0x46, 0x66, 0x64, 0x2C, 0x3C, 0x38,
    0x18, 0x18, 0x70, 0xC0, 0xD8, 0x66, 0x18, 0xCC, 0x33, 0x07, 0x80, 0xC0, 0x30, 0x0C, 0x03, 0x00,
    0xC0, 0x30, 0x00, 0x03, 0x00, 0xC0, 0x41, 0xB0, 0xD8, 0x44, 0x63, 0x20, 0xB0, 0x58, 0x38, 0x0C,
    0x04, 0x06, 0xC3, 0x6F, 0x00, 0x0E, 0x00, 0x80, 0xC0, 0x00, 0xC0, 0xD8, 0x66, 0x18, 0xCC, 0x33,
    0x07, 0x80, 0xC0, 0x30, 0x0C, 0x03, 0x00, 0xC0, 0x30, 0x1C, 0x04, 0x0C, 0x08, 0x00, 0x41, 0x43,
    0x63, 0x22, 0x26, 0x34, 0x14, 0x1C, 0x08, 0x08, 0x18, 0x10, 0xE0, 0x3A, 0x09, 0x80, 0x03, 0x03,
    0x61, 0x98, 0xE3, 0x30, 0xD8, 0x1E, 0x03, 0x00, 0xC0, 0x30, 0x0C, 0x03, 0x00, 0xC0, 0x7C, 0x00,
    0x00, 0xC3, 0xC3, 0x46, 0x66, 0x64, 0x2C, 0x3C, 0x38, 0x18, 0x18, 0x70, 0x00, 0x00, 0x00, 0x00,
    0x00, 0x00, 0x00, 0x00, 0x00, 0x00, 0x00, 0x00, 0x00, 0x00, 0x2F, 0xA8, 0x88, 0x88, 0x88, 0x88,
    0x88, 0x4F, 0x51, 0x11, 0x11, 0x11, 0x11, 0x11, 0xF0, 0xF0, 0xFF, 0xFF, 0xFF, 0xFC, 0xFF, 0xFE,
    0x8C, 0x63, 0x18, 0xC6, 0x31, 0x8C, 0x63, 0x18, 0xC6, 0x31, 0xFE, 0x03, 0xF8, 0x7B, 0xDA, 0xD8,
    0xC9, 0x30, 0x4E, 0x65, 0xB0, 0xDA, 0x65, 0x20, 0xDA, 0x64, 0xD9, 0x24, 0x9B, 0x18, 0x18, 0x18,
    0xFF, 0x18, 0x18, 0x18, 0x18, 0x18, 0x18, 0x18, 0x18, 0x18, 0x18, 0x18, 0xFF, 0x18, 0x18, 0x18,
    0x18, 0xFF, 0x18, 0x18, 0x18, 0x6F, 0xF6, 0x0C, 0xFE, 0x80, 0xF0, 0xC7, 0x8C, 0xDB, 0xF0, 0x00,
    0x00, 0xF8, 0x88, 0x88, 0x88, 0x88, 0x88, 0x80, 0xF1, 0x11, 0x11, 0x11, 0x11, 0x11, 0x10, 0xFF,
    0xF4, 0x44, 0x44, 0x44, 0x44, 0x40, 0xF8, 0x8F, 0x44, 0x44, 0x44, 0x44, 0x44, 0xF1, 0x1F, 0x22,
    0x22, 0x22, 0x22, 0x22, 0x00, 0x78, 0x40, 0x19, 0x90, 0x03, 0x32, 0x00, 0x66, 0x80, 0x0C, 0xE0,
    0x00, 0xF4, 0x00, 0x01, 0x38, 0xF0, 0x2D, 0xB3, 0x09, 0xB6, 0x63, 0x36, 0xCC, 0x46, 0xD9, 0x90,
    0x71, 0xE0, 0x70, 0x40, 0x00, 0x6C, 0x40, 0x00, 0x36, 0x20, 0x00, 0x1B, 0x20, 0x00, 0x0D, 0xA0,
    0x00, 0x06, 0xD7, 0x9E, 0x79, 0xD6, 0x79, 0xE6, 0x0B, 0x3C, 0xF3, 0x09, 0x9E, 0x79, 0x88, 0xCF,
    0x3C, 0xC4, 0x67, 0x9E, 0x64, 0x1E, 0x79, 0xE0, 0xFE, 0xDF, 0xFB, 0x2D, 0xA4, 0xB6, 0x92, 0x40,
    0x89, 0x10, 0x91, 0x64, 0x89, 0x96, 0x2D, 0x12, 0x44, 0xA0, 0x10, 0x42, 0x8A, 0x45, 0x10, 0x36,
    0xCC, 0x63, 0xC6, 0x33, 0x6C, 0x06, 0x04, 0x62, 0x20, 0x41, 0x08, 0x09, 0x0C, 0x63, 0xC6, 0x30,
    0x90, 0x10, 0x82, 0x04, 0x46, 0x20, 0x60, 0xCF, 0x3C, 0xF3, 0xCF, 0x3C, 0xF3, 0x00, 0x0C, 0xF3,
    0x7D, 0x5C, 0x99, 0x32, 0xE7, 0x0C, 0x10, 0x20, 0x00, 0xC1, 0x80, 0xFF, 0x00, 0x10, 0x22, 0x18,
    0x78, 0x1E, 0x08, 0x64, 0x08, 0x00, 0x04, 0x20, 0x84, 0x10, 0xC3, 0x14, 0x4B, 0x20, 0x00, 0x40,
    0x00, 0x10, 0x00, 0x04, 0x80, 0x1F, 0xE0, 0x00, 0xC0, 0x00, 0x68, 0x00, 0x13, 0x00, 0x60, 0x08,
    0x18, 0x02, 0x02, 0x00, 0x8E, 0xF1, 0xAC, 0x70, 0x1C, 0x1C, 0x05, 0x09, 0x03, 0x62, 0x40, 0x88,
    0xF0, 0x01, 0x80, 0x80, 0x80, 0xC0, 0x40, 0x40, 0x60, 0x20, 0x20, 0x30, 0x10, 0x10, 0x00, 0xFC,
    0xCC, 0xCC, 0xCF, 0xCC, 0xCC, 0xCF, 0xF3, 0x33, 0x33, 0xF3, 0x33, 0x33, 0x3F, 0x7C, 0xF8, 0x18,
    0x30, 0x60, 0xC1, 0x83, 0x0C, 0x18, 0x60, 0xC3, 0x06, 0x08, 0x10, 0x20, 0x40, 0x00, 0x03, 0x06,
    0x0C, 0x18, 0x7C, 0xC1, 0xB0, 0x6C, 0x1B, 0x0C, 0xC6, 0x32, 0x0C, 0x83, 0x00, 0x00, 0x03, 0x0C,
    0xC3, 0xDF, 0xB0, 0x3C, 0x0F, 0x03, 0xC1, 0xB0, 0xCC, 0x43, 0x10, 0x00, 0x00, 0x0C, 0x63, 0x18,
    0xFF, 0x03, 0x02, 0x04, 0x0C, 0x08, 0x18, 0x30, 0x20, 0xFE, 0x9E, 0x9F, 0x9F, 0x9F, 0x9F, 0x9F,
    0x9E, 0x90, 0x90, 0x90, 0x90, 0x90, 0x90, 0x90, 0x7F, 0x7D, 0xFD, 0xFD, 0xFD, 0xFD, 0xFD, 0x7F,
    0xFE, 0xBE, 0xBF, 0xBF, 0xBF, 0xBF, 0xBF, 0xFE, 0x10, 0x22, 0x4F, 0xF3, 0x85, 0x9B, 0x00, 0xD8,
    0x00, 0x06, 0x49, 0x80, 0x1E, 0x08, 0x64, 0x08, 0x00, 0x00, 0x00, 0x00, 0x00, 0x00, 0x00, 0x00,
    0x00, 0x00, 0x00, 0x00, 0x00, 0x04, 0x08, 0x86, 0x1E, 0x00, 0x10, 0x22, 0x47, 0xF3, 0x85, 0x1B,
    0x00, 0x10, 0x20, 0x47, 0xB3, 0x85, 0x1B, 0x22, 0xCF, 0x20, 0x86, 0x10, 0x42, 0x08, 0x61, 0x04,
    0xF3, 0x3C, 0x05, 0x0E, 0x18, 0x0F, 0x80, 0x1E, 0x08, 0x64, 0x08, 0x00, 0x08, 0x6A, 0x1C, 0xFF,
    0x1C, 0x2A, 0x4A, 0x08, 0x06, 0x0C, 0x00, 0x00, 0x18, 0x30, 0x00, 0x00, 0x00, 0x18, 0x30, 0x2D,
    0xA4, 0x96, 0xD2, 0x49, 0x28, 0x06, 0x00, 0x60, 0x00, 0x00, 0x00, 0x00, 0x0C, 0x03, 0xC0, 0x30,
    0x00, 0x00, 0x00, 0x00, 0x06, 0x00, 0x60, 0xC0, 0x3C, 0x03, 0x00, 0x00, 0x00, 0x00, 0x00, 0x60,
    0x06, 0x00, 0x00, 0x00, 0x00, 0x00, 0xC0, 0x3C, 0x03, 0xF0, 0x00, 0x0F, 0x18, 0x0C, 0x00, 0x00,
    0x00, 0x06, 0x0F, 0x06, 0x00, 0x00, 0x00, 0x06, 0x03, 0x00, 0x06, 0x06, 0x66, 0x66, 0x60, 0x60,
    0x06, 0x0F, 0xFF, 0x06, 0x00, 0x60, 0x06, 0x06, 0x66, 0x66, 0x60, 0x60, 0xF0, 0x3C, 0x0F, 0xF3,
    0xC3, 0xCF, 0x00, 0x00, 0x00, 0x00, 0x00, 0x00, 0x00, 0x00, 0x00, 0x00, 0xF9, 0x09, 0xF2, 0x10,
    0x84, 0x21, 0x08, 0x42, 0x10, 0xF6, 0xF4, 0x92, 0x49, 0x24, 0x80, 0xFB, 0x9C, 0x42, 0x10, 0x84,
    0x21, 0x08, 0x42, 0x10, 0x21, 0x1C, 0xE2, 0x10, 0x84, 0x21, 0x08, 0x42, 0x10, 0x22, 0x94, 0x42,
    0x10, 0x84, 0x21, 0x08, 0x42, 0x10, 0xE1, 0x09, 0xF2, 0x10, 0x84, 0x21, 0x08, 0x42, 0x10, 0x76,
    0xE7, 0x5C, 0xED, 0xC0, 0xBE, 0x11, 0x8C, 0xAD, 0x7C, 0x40, 0x7A, 0x10, 0xE0, 0xE5, 0xC0, 0x74,
    0x7D, 0x18, 0xC5, 0xC0, 0xF3, 0x26, 0x44, 0x40, 0x74, 0x62, 0xE8, 0xC5, 0xC0, 0x74, 0x63, 0x17,
    0xC5, 0xC0, 0x27, 0xC8, 0x40, 0xF0, 0xF0, 0xF0, 0x4A, 0x49, 0x22, 0x40, 0x48, 0x92, 0x4A, 0x40,
    0xFC, 0x63, 0x18, 0x80, 0x74, 0xE7, 0x5C, 0xED, 0xC0, 0x27, 0x92, 0x48, 0x69, 0x13, 0x48, 0xF0,
    0xE9, 0x16, 0x19, 0xE0, 0x11, 0x8C, 0xAD, 0x7C, 0x40, 0x7A, 0x10, 0xE4, 0xE5, 0xC0, 0x74, 0x7D,
    0x18, 0xC5, 0xC0, 0xF3, 0x26, 0x44, 0x40, 0x74, 0x62, 0xE8, 0xC5, 0xC0, 0x74, 0x63, 0x17, 0xC5,
    0xC0, 0x27, 0xC8, 0x40, 0xF0, 0xF0, 0xF0, 0x4A, 0x49, 0x22, 0x40, 0x48, 0x92, 0x4A, 0x40, 0x70,
    0x42, 0xF8, 0xFC, 0x74, 0x7F, 0x0C, 0x3C, 0x74, 0x63, 0x18, 0xB8, 0x49, 0x43, 0x0C, 0x59, 0x20,
    0xF0, 0xC3, 0xF8, 0xB8, 0x84, 0x2D, 0x98, 0xC6, 0x31, 0x84, 0x25, 0x4C, 0x52, 0x52, 0xFF, 0xF7,
    0x44, 0x62, 0x31, 0x18, 0x8C, 0x44, 0xB6, 0x63, 0x18, 0xC4, 0xF4, 0x63, 0x18, 0xFA, 0x10, 0xF8,
    0xC3, 0x1E, 0x4F, 0x44, 0x44, 0x70, 0x3C, 0x60, 0xC0, 0xC0, 0xCF, 0xCC, 0x6C, 0x3F, 0x0C, 0x0C,
    0x0C, 0x0F, 0x09, 0x0F, 0x3B, 0x6A, 0xEA, 0xD2, 0xD4, 0xD4, 0xD4, 0x74, 0x34, 0x3F, 0x28, 0x28,
    0x1F, 0x71, 0x60, 0xC0, 0xC0, 0xDF, 0xDC, 0xD8, 0xD8, 0x78, 0x78, 0x3F, 0x7E, 0xC1, 0x83, 0x06,
    0x0C, 0x1F, 0xB0, 0x61, 0xF1, 0x83, 0x00, 0x3F, 0x31, 0x60, 0x60, 0x60, 0xFE, 0x60, 0xFE, 0x60,
    0x60, 0x40, 0xFF, 0x01, 0x00, 0x10, 0xDD, 0xEE, 0x73, 0xC6, 0x3C, 0x63, 0xC6, 0x3C, 0x63, 0xCE,
    0x3C, 0xE3, 0xD6, 0x31, 0x00, 0x10, 0x00, 0x63, 0x39, 0x9C, 0xCE, 0x6F, 0xFB, 0x59, 0xAD, 0xFF,
    0x67, 0x33, 0x99, 0xCC, 0x60, 0xF8, 0x19, 0x83, 0x18, 0x63, 0x4C, 0x69, 0x9B, 0xFE, 0x66, 0x0C,
    0xC1, 0x98, 0x33, 0x06, 0x60, 0x70, 0xF8, 0x0C, 0xC0, 0xCC, 0x0C, 0xCF, 0xCD, 0x8C, 0x98, 0xF1,
    0xCD, 0x0E, 0xD8, 0x7C, 0x83, 0xCC, 0x3C, 0xDE, 0xC4, 0x79, 0xCD, 0x29, 0x25, 0x24, 0xA4, 0x94,
    0xBF, 0xFB, 0xDE, 0x31, 0xC6, 0x30, 0xC6, 0x18, 0xC0, 0xFE, 0x78, 0x6F, 0x0D, 0xED, 0xBD, 0xB7,
    0xB6, 0xF6, 0xDE, 0xDB, 0xDB, 0x7B, 0x6F, 0x61, 0xEF, 0xE0, 0x03, 0x0F, 0xC0, 0xC7, 0x66, 0x76,
    0x1B, 0x0D, 0x86, 0xC3, 0x61, 0x99, 0xC7, 0x60, 0x03, 0xF8, 0x0F, 0x03, 0x30, 0xC3, 0x30, 0x3F,
    0xE0, 0xC0, 0x18, 0x07, 0xE0, 0x60, 0x66, 0x18, 0x66, 0x07, 0x80, 0x61, 0x31, 0x99, 0x8C, 0x86,
    0x87, 0xF9, 0xB0, 0xC8, 0x66, 0x31, 0x18, 0xCC, 0x30, 0xFF, 0x8C, 0x06, 0x03, 0x61, 0xC1, 0xC1,
    0xEC, 0x38, 0x38, 0x3C, 0x06, 0x03, 0x00, 0xFC, 0x00, 0x0E, 0x00, 0x8C, 0x01, 0x0C, 0x02, 0x18,
    0x0C, 0x30, 0x18, 0x60, 0x20, 0xCE, 0x43, 0x27, 0x8E, 0xCF, 0x39, 0x3F, 0xC3, 0xE0, 0x04, 0x00,
    0x18, 0x00, 0x30, 0x00, 0x60, 0x07, 0x06, 0xC3, 0x61, 0xB0, 0xD8, 0x28, 0x18, 0x04, 0x26, 0x1F,
    0x96, 0x5A, 0x30, 0x18, 0x0C, 0x06, 0x0E, 0x7C, 0x31, 0x18, 0xDF, 0xF6, 0x17, 0xFD, 0x8C, 0xF8,
    0x60, 0x30, 0x18, 0x0C, 0x00, 0x1F, 0xCD, 0x26, 0x43, 0x10, 0xC4, 0x31, 0x0C, 0x7F, 0x13, 0xC4,
    0xD9, 0x33, 0x4C, 0x7F, 0x04, 0x00, 0x0C, 0x03, 0x01, 0xE0, 0x78, 0x12, 0x3F, 0xF2, 0x33, 0xFF,
    0x61, 0x90, 0x2C, 0x0F, 0x03, 0x1E, 0x0C, 0xE6, 0x18, 0x06, 0xFF, 0xC0, 0x00, 0x03, 0xFF, 0x60,
    0x18, 0x67, 0x38, 0x78, 0x1F, 0x9A, 0x19, 0x18, 0x8C, 0x46, 0x23, 0x11, 0x88, 0xC4, 0x32, 0x1D,
    0x03, 0xF0, 0x40, 0x22, 0x19, 0x8F, 0xFD, 0x98, 0x66, 0x19, 0x86, 0x61, 0x98, 0x66, 0x19, 0x86,
    0x3C, 0x07, 0xE3, 0x80, 0x60, 0x0C, 0x01, 0xC0, 0x1E, 0x00, 0xF0, 0x07, 0xFF, 0x79, 0x2D, 0x27,
    0x2F, 0xC4, 0x90, 0xFF, 0x80, 0x00, 0x1F, 0xF1, 0x80, 0xC0, 0x60, 0x30, 0x18, 0x0C, 0x06, 0x03,
    0x00, 0xFF, 0xFF, 0x80, 0x33, 0xFF, 0xFF, 0xC0, 0xCF, 0xE3, 0xC0, 0x70, 0x06, 0x00, 0xC0, 0x18,
    0x30, 0x19, 0x0F, 0x0E, 0x0B, 0x61, 0xC3, 0xC6, 0x63, 0x31, 0x99, 0x8C, 0xC7, 0x80, 0x60, 0x09,
    0x00, 0x90, 0x07, 0xFE, 0x10, 0x31, 0x01, 0x14, 0x91, 0xFD, 0x1A, 0x63, 0x80, 0x28, 0x00, 0x7C,
    0x06, 0x00, 0x60, 0x06, 0x00, 0x60, 0x3F, 0xC6, 0x66, 0xC6, 0x6C, 0x63, 0xC6, 0x3C, 0x03, 0xC0,
    0x3C, 0x03, 0x3F, 0x86, 0x18, 0xC1, 0x98, 0x33, 0x06, 0x61, 0x8F, 0xE1, 0x80, 0x30, 0x1F, 0xC0,
    0xC0, 0x18, 0x00, 0x1F, 0x07, 0x71, 0xAB, 0x65, 0x3C, 0xA7, 0x94, 0xF0, 0x06, 0x00, 0x40, 0x0C,
    0x00, 0xC0, 0x3F, 0xE0, 0x28, 0x28, 0xFC, 0xC6, 0xC6, 0xC6, 0xC6, 0xF8, 0xC6, 0xC3, 0xC3, 0xC3,
    0xC6, 0xFC, 0x28, 0x28, 0x3D, 0x8C, 0x30, 0xC3, 0x0C, 0x18, 0x3C, 0x0F, 0xC0, 0x0E, 0x01, 0x80,
    0x30, 0x06, 0x00, 0xFF, 0xF6, 0x00, 0x30, 0x01, 0x80, 0x0E, 0x00, 0x0C, 0x07, 0x83, 0xF1, 0xFE,
    0xED, 0xF3, 0x38, 0xC4, 0x30, 0x0C, 0x03, 0x00, 0xC0, 0x30, 0x07, 0x00, 0x18, 0x00, 0xC0, 0x06,
    0xFF, 0xF0, 0x06, 0x00, 0xC0, 0x18, 0x07, 0x00, 0x0C, 0x03, 0x00, 0xC0, 0x30, 0x0C, 0x23, 0x1C,
    0xCF, 0xB7, 0x7F, 0x8F, 0xC1, 0xE0, 0x30, 0x0E, 0x70, 0x18, 0x18, 0x30, 0x0C, 0x60, 0x06, 0xFF,
    0xFF, 0x60, 0x06, 0x30, 0x0C, 0x18, 0x18, 0x0E, 0x70, 0x0C, 0x07, 0x83, 0xF1, 0xB6, 0xCC, 0xE3,
    0x10, 0xC0, 0x30, 0x0C, 0x23, 0x1C, 0xCD, 0xB6, 0x3F, 0x07, 0x80, 0xC0, 0xFF, 0xC0, 0xA0, 0x90,
    0x9C, 0x8E, 0x87, 0x83, 0x00, 0x7F, 0x80, 0xC0, 0xA0, 0xD1, 0xC9, 0xC5, 0xC2, 0xC1, 0x00, 0x00,
    0x00, 0x30, 0x5C, 0x27, 0x11, 0x88, 0x64, 0x1A, 0x03, 0x7F, 0x80, 0x00, 0x41, 0xA1, 0xD1, 0xC8,
    0xC4, 0xC2, 0x81, 0x80, 0xFF, 0x00, 0x71, 0xE9, 0xC6, 0xE1, 0xC0, 0x7E, 0x00, 0x80, 0x20, 0x13,
    0x0B, 0x0B, 0xF8, 0xC0, 0x30, 0x00, 0x3F, 0x20, 0x20, 0x10, 0x08, 0x62, 0x18, 0xFE, 0x06, 0x06,
    0x00, 0x20, 0x30, 0x3F, 0xEC, 0x32, 0x18, 0x0C, 0x06, 0x03, 0x01, 0x80, 0xC0, 0x02, 0x01, 0xBF,
    0xF8, 0x6C, 0x26, 0x03, 0x01, 0x80, 0xC0, 0x60, 0x00, 0xC0, 0x60, 0x30, 0x18, 0x0C, 0x06, 0x13,
    0x0D, 0xFF, 0x03, 0x01, 0x00, 0xFE, 0x01, 0x00, 0x80, 0x40, 0x20, 0x10, 0x08, 0x04, 0x02, 0x07,
    0xC1, 0xC0, 0x40, 0x01, 0x80, 0xC0, 0x60, 0x30, 0x19, 0x0D, 0x87, 0xFF, 0x60, 0x10, 0x00, 0x80,
    0x44, 0x2F, 0xF7, 0xF8, 0x84, 0x00, 0x00, 0x84, 0x7F, 0xBF, 0xD0, 0x88, 0x04, 0x03, 0x00, 0x1E,
    0x00, 0xCC, 0x06, 0x18, 0x30, 0x31, 0xE1, 0xE0, 0x84, 0x02, 0x10, 0x08, 0x40, 0x21, 0x00, 0x84,
    0x03, 0xF0, 0x70, 0x1C, 0x06, 0x02, 0x3F, 0x63, 0xC1, 0xC1, 0xC1, 0xC3, 0x62, 0x3C, 0x0C, 0x07,
    0x81, 0xA0, 0x48, 0x33, 0x08, 0x46, 0x19, 0x86, 0x40, 0xB0, 0x3F, 0xFC, 0xFF, 0xCC, 0xC3, 0x30,
    0xCC, 0x33, 0x0C, 0xC3, 0x30, 0xCC, 0x33, 0x0C, 0xC3, 0x30, 0xCC, 0x33, 0x0C, 0xC0, 0xFF, 0xC0,
    0x60, 0x60, 0x30, 0x10, 0x10, 0x30, 0x60, 0x60, 0xC0, 0xFF, 0xFE, 0x03, 0xE0, 0x40, 0x18, 0x03,
    0x00, 0x60, 0x08, 0x33, 0x02, 0x60, 0x6C, 0x0D, 0x81, 0xA0, 0x1C, 0x03, 0x80, 0x70, 0x00, 0x78,
    0xF6, 0x38, 0xF0, 0x87, 0x8E, 0x37, 0x8F, 0x00, 0x0E, 0x30, 0x60, 0xC1, 0x02, 0x04, 0x18, 0x30,
    0x60, 0xC1, 0x82, 0x1C, 0x00, 0x63, 0xE6, 0x70, 0x06, 0x3E, 0x67, 0x00, 0x0C, 0x0C, 0xFF, 0x18,
    0x18, 0xFF, 0x30, 0x30, 0x01, 0x0F, 0x7C, 0xC0, 0xF0, 0x3E, 0x07, 0x00, 0xFF, 0x80, 0xF0, 0x3E,
    0x03, 0x0F, 0x7C, 0xE0, 0x00, 0xFF, 0x1C, 0xF3, 0x18, 0x31, 0x8F, 0xFF, 0x31, 0x83, 0x18, 0x31,
    0x83, 0x18, 0x31, 0x83, 0x18, 0x31, 0x83, 0x18, 0x39, 0xB0, 0x18, 0x1F, 0x36, 0x1B, 0x0D, 0x86,
    0xC3, 0x61, 0xB0, 0xD8, 0x6C, 0x30, 0x39, 0x98, 0x66, 0x1B, 0xE6, 0x61, 0x98, 0x66, 0x19, 0x86,
    0x61, 0x98, 0x66, 0x19, 0x83, 0x1C, 0xF6, 0x63, 0x0C, 0xC6, 0x07, 0xFF, 0x33, 0x18, 0x66, 0x30,
    0xCC, 0x61, 0x98, 0xC3, 0x31, 0x86, 0x63, 0x0C, 0xC6, 0x19, 0x8C, 0x30, 0x1C, 0xF6, 0x63, 0x0C,
    0xC6, 0x1F, 0xFF, 0x33, 0x18, 0x66, 0x30, 0xCC, 0x61, 0x98, 0xC3, 0x31, 0x86, 0x63, 0x0C, 0xC6,
    0x19, 0x8C, 0x30, 0x7C, 0x31, 0x8C, 0x63, 0x3F, 0xC6, 0x31, 0x8C, 0x63, 0x18, 0xC6, 0x31, 0x8C,
    0x63, 0x0F, 0x07, 0x80, 0x66, 0x03, 0x30, 0xFF, 0xFC, 0x0C, 0x60, 0x63, 0xC3, 0x07, 0x98, 0x0E,
    0xC0, 0x36, 0x21, 0xB1, 0xF8, 0xF0, 0x00, 0x1B, 0x00, 0x3C, 0x00, 0xE0, 0x03, 0xC0, 0x0F, 0xFF,
    0xF7, 0xFF, 0x00, 0x00, 0x00, 0x00, 0x1E, 0x00, 0x00, 0x00, 0xC0, 0xC0, 0x00, 0x30, 0x01, 0x08,
    0x00, 0xE3, 0x00, 0x78, 0xFF, 0xFF, 0x9F, 0xF8, 0xF0, 0x00, 0x00, 0x00, 0x00, 0x05, 0x80, 0x00,
    0x00, 0x00, 0x30, 0x00, 0x33, 0x31, 0x3F, 0xE0, 0x0F, 0x06, 0x18, 0x30, 0x30, 0xFE, 0xEF, 0x00,
    0x00, 0x78, 0x00, 0x30, 0x04, 0x00, 0x10, 0x00, 0x78, 0x01, 0x20, 0x07, 0x00, 0x00, 0x6C, 0x00,
    0xF0, 0x03, 0x80, 0x0F, 0x00, 0x3F, 0xFF, 0xDF, 0xFC, 0x02, 0x00, 0x00, 0x80, 0x00, 0x38, 0x00,
    0x1A, 0x00, 0x07, 0x00, 0x00, 0x00, 0x0C, 0x00, 0x03, 0x00, 0x10, 0x80, 0x0E, 0x30, 0x07, 0x8F,
    0xFF, 0xF9, 0xFF, 0x8F, 0x44, 0x7D, 0xE0, 0x06, 0x33, 0x33, 0xFE, 0x20, 0x20, 0x3C, 0x2C, 0x70,
    0x00, 0x00, 0x18, 0x30, 0x30, 0xFE, 0xEF, 0x78, 0x1F, 0xC0, 0x7C, 0x1F, 0x1E, 0x0E, 0x07, 0x01,
    0x94, 0xCF, 0x31, 0x8C, 0x21, 0x80, 0x78, 0xCF, 0xF0, 0x60, 0x78, 0x03, 0xF8, 0x01, 0xF0, 0x0F,
    0x81, 0xE8, 0x1C, 0x61, 0xC3, 0xEC, 0xAF, 0xCF, 0x06, 0x30, 0x30, 0x80, 0xC0, 0x07, 0x8C, 0x1F,
    0xE0, 0x18, 0x00, 0x70, 0x3F, 0x01, 0xE0, 0x70, 0xF7, 0xE3, 0xC0, 0x00, 0x00, 0x1B, 0x00, 0x01,
    0x80, 0x70, 0x0F, 0xC0, 0x1E, 0x01, 0xC0, 0xF1, 0xFB, 0xFC, 0x38, 0x00, 0x00, 0x06, 0xC0, 0x00,
    0x0C, 0x00, 0x41, 0x07, 0x96, 0xE0, 0x00, 0x0C, 0x18, 0x70, 0xC3, 0x0F, 0xFF, 0x80, 0x40, 0x20,
    0x1E, 0x0B, 0x0E, 0x00, 0x00, 0x00, 0x60, 0x18, 0x0C, 0x03, 0x01, 0x80, 0xE7, 0xFF, 0xEE, 0x18,
    0x23, 0xCD, 0x00, 0x00, 0x87, 0x0C, 0x30, 0xC3, 0x18, 0xEF, 0x10, 0x18, 0x08, 0x0F, 0x04, 0x80,
    0x00, 0x00, 0x20, 0x38, 0x0C, 0x06, 0x03, 0xE1, 0xF1, 0x81, 0xC3, 0xC0, 0x80, 0x10, 0x41, 0xCD,
    0x38, 0x00, 0x02, 0x1C, 0x30, 0xC3, 0x0C, 0x63, 0xBC, 0x40, 0x20, 0x10, 0x07, 0x04, 0x83, 0x80,
    0x00, 0x00, 0x10, 0x1C, 0x06, 0x03, 0x01, 0xF0, 0xF8, 0xC0, 0xE1, 0xE0, 0x40, 0x00, 0x00, 0x08,
    0x00, 0xF0, 0x0F, 0x00, 0x70, 0x01, 0x80, 0x07, 0x0C, 0x06, 0x30, 0x0C, 0x80, 0x33, 0x00, 0xCF,
    0xFF, 0x1F, 0xF8, 0x00, 0x08, 0x00, 0x3C, 0x00, 0xF0, 0x01, 0xC0, 0x01, 0x80, 0x01, 0xC0, 0xC0,
    0xE0, 0xC0, 0x70, 0x80, 0x30, 0xC0, 0x38, 0xFF, 0xFE, 0x7F, 0xEF, 0x04, 0x1C, 0xF3, 0x8E, 0x0E,
    0x0E, 0x0C, 0x0C, 0x1B, 0xF7, 0xC0, 0x04, 0x07, 0x0F, 0x0E, 0x0E, 0x03, 0x80, 0xC0, 0x30, 0x0C,
    0x06, 0x3F, 0xFF, 0x70, 0x00, 0x30, 0x01, 0xC0, 0x3C, 0x80, 0x4F, 0x00, 0xF0, 0x07, 0x00, 0x18,
    0x00, 0x70, 0xC0, 0x63, 0x00, 0xC8, 0x03, 0x30, 0x0C, 0xFF, 0xF1, 0xFF, 0x80, 0x00, 0x30, 0x00,
    0xF0, 0x03, 0xC8, 0x01, 0x3C, 0x00, 0xF0, 0x01, 0xC0, 0x01, 0x80, 0x01, 0xC0, 0xC0, 0xE0, 0xC0,
    0x70, 0x80, 0x30, 0xC0, 0x38, 0xFF, 0xFE, 0x7F, 0xEF, 0x0C, 0x73, 0x94, 0x73, 0xCE, 0x38, 0x38,
    0x38, 0x30, 0x30, 0x6F, 0xDF, 0x00, 0x0C, 0x1C, 0x39, 0x11, 0xC3, 0xC3, 0x83, 0x80, 0xE0, 0x30,
    0x0C, 0x03, 0x01, 0x8F, 0xFF, 0xDC, 0x02, 0x80, 0x68, 0x1B, 0x06, 0xC0, 0xE0, 0x2C, 0x1B, 0x8E,
    0xFF, 0x0F, 0x00, 0x01, 0x88, 0x18, 0xC1, 0xCC, 0x0F, 0x80, 0xFC, 0x18, 0xC3, 0x8F, 0xF0, 0x3E,
    0x00, 0x10, 0x60, 0xE3, 0xE6, 0x48, 0xF1, 0xBE, 0x38, 0x3C, 0x1F, 0x8E, 0x63, 0x18, 0xC3, 0xD8,
    0x70, 0x63, 0x33, 0x3F, 0xE2, 0x46, 0x30, 0x71, 0xF9, 0xE6, 0x83, 0xC0, 0xE0, 0x70, 0x04, 0x01,
    0xC0, 0x3C, 0x0D, 0xC1, 0x9C, 0x36, 0xC7, 0xDB, 0xFF, 0xFB, 0xC0, 0x03, 0x00, 0x78, 0x0D, 0x80,
    0xD8, 0x19, 0x81, 0xB8, 0x7F, 0xFF, 0xDF, 0x18, 0xC0, 0xCC, 0x0F, 0xC0, 0x30, 0x10, 0x1C, 0x0F,
    0x0D, 0xC6, 0x73, 0x6D, 0xF7, 0xFF, 0xEF, 0x00, 0x04, 0x07, 0x83, 0xE0, 0xD8, 0x26, 0x19, 0x8F,
    0xFF, 0xDF, 0x63, 0x0C, 0xC3, 0xF0, 0x30, 0x0E, 0x00, 0x3C, 0x00, 0xEC, 0x03, 0x98, 0x06, 0x00,
    0x1C, 0x00, 0x1F, 0xFF, 0x9F, 0xFE, 0x07, 0xCF, 0xFF, 0x03, 0x00, 0xE0, 0x1F, 0xF1, 0xFC, 0x30,
    0x00, 0x40, 0x00, 0x80, 0x03, 0xC0, 0x00, 0x00, 0x01, 0xC0, 0x07, 0x80, 0x1D, 0x80, 0x73, 0x00,
    0xC0, 0x03, 0x80, 0x03, 0xFF, 0xF3, 0xFF, 0xC0, 0x30, 0x10, 0x06, 0x01, 0xC0, 0x00, 0x01, 0xF3,
    0xFF, 0xC0, 0xC0, 0x38, 0x07, 0xFC, 0x7F, 0x00, 0x40, 0x1F, 0x03, 0xA0, 0x60, 0x86, 0x0C, 0x70,
    0xC3, 0xC8, 0x06, 0xC0, 0x6E, 0x1C, 0x7F, 0x83, 0xE0, 0x80, 0x0C, 0x18, 0xC1, 0xF8, 0x0F, 0xC0,
    0x6E, 0x0E, 0x7F, 0xC3, 0xF0, 0x31, 0x8C, 0x23, 0x7B, 0x80, 0x06, 0xE4, 0x18, 0x30, 0x30, 0xFE,
    0xEF, 0x00, 0x00, 0x78, 0x48, 0x18, 0xF1, 0x83, 0x06, 0x47, 0xFE, 0x20, 0x66, 0x60, 0x0C, 0x30,
    0xC3, 0x0C, 0x30, 0xC3, 0x0C, 0x30, 0xC0, 0x65, 0x30, 0x01, 0x83, 0x06, 0x0C, 0x18, 0x30, 0x60,
    0xC1, 0x83, 0x83, 0xC7, 0x80, 0x7B, 0x70, 0xDB, 0x6D, 0xB6, 0xDB, 0x63, 0x0C, 0x3C, 0x01, 0x86,
    0x18, 0x61, 0x86, 0x18, 0x61, 0x87, 0x0F, 0x3C, 0x18, 0x40, 0xC1, 0xC0, 0x07, 0x9F, 0x33, 0x66,
    0xFC, 0xF8, 0x69, 0xCF, 0x18, 0x00, 0x18, 0x10, 0x0C, 0x07, 0x00, 0x00, 0x00, 0xF0, 0xF8, 0x66,
    0x33, 0x1F, 0xE7, 0xF0, 0xC4, 0xE1, 0xE0, 0xC0, 0xDB, 0x6D, 0xB6, 0xDB, 0x60, 0xE4, 0xE0, 0xC6,
    0x31, 0x8C, 0x63, 0x18, 0xC7, 0x1E, 0xF0, 0x32, 0x18, 0xE0, 0x20, 0x04, 0x04, 0x41, 0xF7, 0x3A,
    0x06, 0x08, 0x60, 0xC7, 0x0C, 0x3C, 0x80, 0x6C, 0x06, 0xE1, 0xC7, 0xF8, 0x3E, 0x00, 0x20, 0x04,
    0x00, 0x40, 0x07, 0x00, 0x00, 0x08, 0x00, 0xC1, 0x8C, 0x1F, 0x80, 0xFC, 0x06, 0xE0, 0xE7, 0xFC,
    0x3F, 0x00, 0x6C, 0xCF, 0x00, 0x63, 0x33, 0x3F, 0xE0, 0x30, 0x81, 0x83, 0x80, 0x00, 0x0C, 0x18,
    0x31, 0xFF, 0x78, 0xFF, 0xFF, 0xFF, 0xC6, 0x31, 0x8C, 0x63, 0x18, 0xC7, 0x1E, 0xF0, 0x00, 0x1B,
    0x00, 0x3C, 0x00, 0xE0, 0x03, 0xC0, 0x0F, 0xFF, 0xF7, 0xFF, 0x00, 0x00, 0x02, 0x00, 0x0C, 0x00,
    0x20, 0x00, 0xC0, 0x00, 0x30, 0x01, 0x08, 0x00, 0xE3, 0x00, 0x78, 0xFF, 0xFF, 0x9F, 0xF8, 0xF0,
    0x00, 0x00, 0x08, 0x00, 0x03, 0x00, 0x00, 0x80, 0x00, 0x63, 0x33, 0x3F, 0xE0, 0x46, 0x40, 0x30,
    0x60, 0xC7, 0xFD, 0xE0, 0x08, 0x18, 0x20, 0x6C, 0x58, 0x00, 0x83, 0x07, 0x1F, 0x32, 0x47, 0x8D,
    0xF1, 0xC0, 0x36, 0x0D, 0x00, 0x00, 0x00, 0x06, 0x07, 0x83, 0xE1, 0x98, 0xC6, 0x39, 0x87, 0xE0,
    0x7E, 0x03, 0xC0, 0x07, 0x80, 0x16, 0x00, 0x01, 0xB0, 0x03, 0xC0, 0x0E, 0x00, 0x3C, 0x00, 0xFF,
    0xFF, 0x7F, 0xF0, 0x07, 0x80, 0x01, 0x20, 0x00, 0x00, 0x03, 0x00, 0x00, 0xC0, 0x04, 0x20, 0x03,
    0x8C, 0x01, 0xE3, 0xFF, 0xFE, 0x7F, 0xE3, 0xC0, 0xF9, 0x00, 0x63, 0x33, 0x3F, 0xE0, 0x6C, 0x2C,
    0x00, 0x00, 0x18, 0x30, 0x30, 0xFE, 0xEF, 0x03, 0x00, 0x08, 0x00, 0x78, 0x01, 0x60, 0x00, 0x1B,
    0x00, 0x3C, 0x00, 0xE0, 0x03, 0xC0, 0x0F, 0xFF, 0xF7, 0xFF, 0x00, 0x03, 0x00, 0x00, 0x40, 0x00,
    0x78, 0x00, 0x1A, 0x00, 0x00, 0x00, 0x30, 0x00, 0x0C, 0x00, 0x42, 0x00, 0x38, 0xC0, 0x1E, 0x3F,
    0xFF, 0xE7, 0xFE, 0x3C, 0x62, 0xFD, 0x00, 0x63, 0x33, 0x3F, 0xE0, 0x18, 0x10, 0x6C, 0x28, 0x00,
    0x00, 0x18, 0x30, 0x30, 0xFE, 0xEF, 0x78, 0x1F, 0x80, 0x7C, 0x1F, 0x1E, 0x0E, 0x06, 0x01, 0x80,
    0xC6, 0x31, 0x8C, 0x01, 0x80, 0x79, 0xCF, 0xF0, 0x60, 0x78, 0x07, 0xE0, 0x07, 0xC0, 0x7C, 0x1F,
    0x03, 0x98, 0x61, 0xF6, 0x0F, 0xC6, 0x0C, 0x60, 0xC0, 0x06, 0x00, 0x79, 0xC3, 0xFC, 0x06, 0x00,
    0x70, 0x3F, 0x01, 0xE0, 0x70, 0xF7, 0xE3, 0xC0, 0x00, 0x08, 0x06, 0x02, 0x00, 0x70, 0x0F, 0xC0,
    0x1E, 0x01, 0xC0, 0xF1, 0xFB, 0xFC, 0x38, 0x00, 0x08, 0x03, 0x00, 0x20, 0x00, 0x78, 0x1F, 0x80,
    0x7C, 0x1F, 0x1E, 0x0E, 0x06, 0x01, 0x80, 0xC0, 0x30, 0x0C, 0x01, 0x80, 0x79, 0xCF, 0xF0, 0x60,
    0x78, 0x07, 0xE0, 0x07, 0xC0, 0x7C, 0x1F, 0x03, 0x98, 0x61, 0xF6, 0x0F, 0xC0, 0x0C, 0x00, 0xC0,
    0x06, 0x00, 0x79, 0xC3, 0xFC, 0x06, 0x00, 0x70, 0x3F, 0x01, 0xE0, 0x70, 0xF7, 0xE3, 0xC0, 0x70,
    0x0F, 0xC0, 0x1E, 0x01, 0xC0, 0xF1, 0xFB, 0xFC, 0x38, 0x0C, 0x01, 0x00, 0x01, 0xE0, 0x7E, 0x01,
    0xF0, 0x7C, 0x78, 0x38, 0x18, 0x06, 0x03, 0x00, 0xC0, 0x30, 0x06, 0x01, 0xE7, 0x3F, 0xC1, 0x80,
    0x0C, 0x00, 0x40, 0x00, 0x07, 0x80, 0x7E, 0x00, 0x7C, 0x07, 0xC1, 0xF0, 0x39, 0x86, 0x1F, 0x60,
    0xFC, 0x00, 0xC0, 0x0C, 0x00, 0x60, 0x07, 0x9C, 0x3F, 0xC0, 0x60, 0x30, 0x10, 0x00, 0x0E, 0x07,
    0xE0, 0x3C, 0x0E, 0x1E, 0xFC, 0x78, 0x00, 0x30, 0x04, 0x00, 0x00, 0x38, 0x07, 0xE0, 0x0F, 0x00,
    0xE0, 0x78, 0xFD, 0xFE, 0x1C, 0x30, 0x61, 0xC3, 0x0C, 0x3F, 0xFE, 0x30, 0x0C, 0x06, 0x01, 0x80,
    0xC0, 0x73, 0xFF, 0xF7, 0x70, 0x80, 0x00, 0x30, 0x61, 0xC3, 0x0C, 0x3F, 0xFE, 0x70, 0x10, 0x00,
    0x00, 0x03, 0x00, 0xC0, 0x60, 0x18, 0x0C, 0x07, 0x3F, 0xFF, 0x70, 0x08, 0x70, 0xC3, 0x0C, 0x31,
    0x8E, 0xF1, 0x00, 0x08, 0x0E, 0x03, 0x01, 0x80, 0xF8, 0x7C, 0x60, 0x70, 0xF0, 0x20, 0x00, 0x18,
    0x60, 0x00, 0x08, 0x70, 0xC3, 0x0C, 0x31, 0x8E, 0xF1, 0x00, 0x18, 0x0C, 0x00, 0x00, 0x00, 0x80,
    0xE0, 0x30, 0x18, 0x0F, 0x87, 0xC6, 0x07, 0x0F, 0x02, 0x00, 0x00, 0x00, 0xC0, 0x00, 0x1C, 0x06,
    0x31, 0xC0, 0xC6, 0x3C, 0x1C, 0xC7, 0x81, 0xFF, 0xE0, 0x3E, 0xF6, 0x0C, 0x00, 0xE3, 0x80, 0x0F,
    0xE0, 0x00, 0xF8, 0x00, 0x00, 0x00, 0x00, 0x60, 0x06, 0x31, 0x88, 0x18, 0xC6, 0x30, 0x73, 0x18,
    0xC0, 0xFF, 0xFE, 0x03, 0xEE, 0x7C, 0x18, 0x00, 0x38, 0xE0, 0x00, 0x7F, 0x00, 0x00, 0xF8, 0x00,
    0x00, 0x00, 0x18, 0x00, 0xCC, 0x66, 0x63, 0x33, 0x39, 0xFF, 0xFF, 0x7B, 0xC0, 0x00, 0x18, 0x31,
    0x98, 0x31, 0x98, 0x33, 0x9C, 0xFF, 0xFF, 0xDE, 0xF7, 0x00, 0x0C, 0x00, 0x01, 0x00, 0x00, 0xD8,
    0x00, 0x0A, 0x00, 0x00, 0x00, 0x00, 0x01, 0x80, 0x00, 0x38, 0x0C, 0x63, 0x81, 0x8C, 0x78, 0x39,
    0x8F, 0x03, 0xFF, 0xC0, 0x7D, 0xEC, 0x18, 0x01, 0xC7, 0x00, 0x1F, 0xC0, 0x01, 0xF0, 0x00, 0x00,
    0x0C, 0x00, 0x00, 0x20, 0x00, 0x03, 0x60, 0x00, 0x05, 0x00, 0x00, 0x00, 0x00, 0x00, 0x00, 0x00,
    0x00, 0x06, 0x00, 0x63, 0x18, 0x81, 0x8C, 0x63, 0x07, 0x31, 0x8C, 0x0F, 0xFF, 0xE0, 0x3E, 0xE7,
    0xC1, 0x80, 0x03, 0x8E, 0x00, 0x07, 0xF0, 0x00, 0x0F, 0x80, 0x00, 0x01, 0x80, 0x08, 0x00, 0xB0,
    0x05, 0x80, 0x00, 0x00, 0x0C, 0x00, 0x66, 0x33, 0x31, 0x99, 0x9C, 0xFF, 0xFF, 0xBD, 0xE0, 0x01,
    0x80, 0x01, 0x00, 0x06, 0xC0, 0x02, 0xC0, 0x00, 0x00, 0x00, 0x00, 0x00, 0x18, 0x31, 0x98, 0x31,
    0x98, 0x33, 0x9C, 0xFF, 0xFF, 0xDE, 0xF7, 0x00, 0x01, 0xE0, 0x00, 0x3F, 0x01, 0x8E, 0x38, 0x18,
    0xC3, 0xC1, 0xD8, 0x3C, 0x0F, 0xFE, 0x80, 0xFF, 0xCC, 0x18, 0x00, 0xE3, 0x80, 0x07, 0xF0, 0x00,
    0x3E, 0x00, 0x00, 0x00, 0x01, 0xE0, 0x00, 0x0F, 0xC0, 0x18, 0xE3, 0x20, 0x63, 0x0C, 0xC1, 0xD8,
    0x33, 0x03, 0xFF, 0xF8, 0x0F, 0xFD, 0xF0, 0x60, 0x00, 0xE3, 0x80, 0x01, 0xFC, 0x00, 0x03, 0xE0,
    0x00, 0x00, 0x00, 0x38, 0x03, 0xF3, 0x1C, 0xCC, 0xC1, 0x76, 0x0F, 0xFF, 0xFD, 0xFF, 0x00, 0x00,
    0x38, 0x00, 0x7E, 0x0C, 0x73, 0x06, 0x60, 0x87, 0x60, 0xC7, 0xFF, 0xFF, 0x7F, 0xDE, 0x00, 0x01,
    0x80, 0x00, 0x08, 0x00, 0x00, 0x00, 0x00, 0x1E, 0x00, 0x03, 0xF0, 0x18, 0xE3, 0x81, 0x8C, 0x3C,
    0x1D, 0x83, 0xC0, 0xFF, 0xE8, 0x0F, 0xFC, 0xC1, 0x80, 0x0E, 0x38, 0x00, 0x7F, 0x00, 0x03, 0xE0,
    0x00, 0x00, 0x01, 0x80, 0x00, 0x02, 0x00, 0x00, 0x00, 0x00, 0x00, 0x78, 0x00, 0x03, 0xF0, 0x06,
    0x38, 0xC8, 0x18, 0xC3, 0x30, 0x76, 0x0C, 0xC0, 0xFF, 0xFE, 0x03, 0xFF, 0x7C, 0x18, 0x00, 0x38,
    0xE0, 0x00, 0x7F, 0x00, 0x00, 0xF8, 0x00, 0x00, 0x00, 0x30, 0x00, 0x80, 0x00, 0x00, 0x0E, 0x00,
    0xFC, 0xC7, 0x33, 0x30, 0x5D, 0x83, 0xFF, 0xFF, 0x7F, 0xC0, 0x00, 0x30, 0x00, 0x10, 0x00, 0x00,
    0x00, 0x07, 0x00, 0x0F, 0xC1, 0x8E, 0x60, 0xCC, 0x10, 0xEC, 0x18, 0xFF, 0xFF, 0xEF, 0xFB, 0xC0,
    0x18, 0x01, 0x80, 0x18, 0x01, 0x80, 0x18, 0x01, 0x9E, 0x1B, 0xF1, 0xF3, 0x1C, 0x31, 0x83, 0xFF,
    0xFF, 0xFC, 0x18, 0x00, 0x30, 0x00, 0x60, 0x00, 0xC0, 0x01, 0x80, 0x03, 0x3C, 0x06, 0xFC, 0x0F,
    0x98, 0x1C, 0x30, 0x30, 0x63, 0xFF, 0xF7, 0xFE, 0xF0, 0x60, 0x0C, 0x01, 0x80, 0x30, 0x06, 0x00,
    0x47, 0x0F, 0xF1, 0xE3, 0x38, 0x6E, 0x1F, 0xFF, 0x7F, 0x80, 0x60, 0x03, 0x00, 0x18, 0x00, 0xC0,
    0x06, 0x00, 0x11, 0xC0, 0xFF, 0x07, 0x8C, 0x38, 0x63, 0x87, 0x3F, 0xFF, 0xFE, 0xF0, 0x18, 0x01,
    0x80, 0x18, 0xC1, 0x84, 0x18, 0x01, 0x9E, 0x1B, 0xF1, 0xF3, 0x1C, 0x31, 0x83, 0xFF, 0xFF, 0xFC,
    0x18, 0x00, 0x30, 0x00, 0x63, 0x00, 0xC6, 0x01, 0x80, 0x03, 0x3C, 0x06, 0xFC, 0x0F, 0x98, 0x1C,
    0x30, 0x30, 0x63, 0xFF, 0xF7, 0xFE, 0xF0, 0x60, 0x0C, 0x01, 0x8C, 0x31, 0x86, 0x00, 0x47, 0x0F,
    0xF1, 0xE3, 0x38, 0x6E, 0x1F, 0xFF, 0x7F, 0x80, 0x60, 0x03, 0x00, 0x18, 0xC0, 0xC6, 0x06, 0x00,
    0x11, 0xC0, 0xFF, 0x07, 0x8C, 0x38, 0x63, 0x87, 0x3F, 0xFF, 0xFE, 0xF0, 0x3C, 0x1F, 0x06, 0x01,
    0x80, 0x62, 0x1F, 0x83, 0xD1, 0xC0, 0x60, 0x30, 0x0C, 0x03, 0x00, 0xE0, 0x1E, 0x63, 0xFC, 0x10,
    0x3E, 0x1C, 0xC7, 0x30, 0xF8, 0x1E, 0x07, 0xF7, 0x7D, 0x80, 0xC0, 0x30, 0x0C, 0x01, 0xCE, 0x7F,
    0x81, 0x00, 0x1E, 0x3C, 0x70, 0x60, 0x60, 0x3F, 0xFF, 0xF8, 0x3E, 0x19, 0xC6, 0x30, 0xD8, 0x1E,
    0x3F, 0xFE, 0x7C, 0x18, 0x02, 0x00, 0x00, 0xF0, 0x7C, 0x18, 0x06, 0x01, 0x88, 0x7E, 0x0F, 0x47,
    0x01, 0x80, 0xC0, 0x30, 0x0C, 0x03, 0x80, 0x79, 0x8F, 0xF0, 0x40, 0x0C, 0x03, 0x00, 0x00, 0x00,
    0x3E, 0x1C, 0xC7, 0x30, 0xF8, 0x1E, 0x07, 0xF7, 0x7D, 0x80, 0xC0, 0x30, 0x0C, 0x01, 0xCE, 0x7F,
    0x81, 0x00, 0x18, 0x08, 0x00, 0x1E, 0x3C, 0x70, 0x60, 0x60, 0x3F, 0xFF, 0xF8, 0x0C, 0x02, 0x00,
    0x00, 0x00, 0x3E, 0x19, 0xC6, 0x30, 0xD8, 0x1E, 0x3F, 0xFE, 0x7C, 0x00, 0x30, 0x00, 0x40, 0x00,
    0x00, 0x00, 0x00, 0x38, 0x01, 0xF0, 0x04, 0xF0, 0x33, 0xC0, 0xFE, 0x01, 0xFC, 0x00, 0xFF, 0xFF,
    0x7F, 0xF8, 0x00, 0x0C, 0x00, 0x02, 0x00, 0x00, 0x00, 0x00, 0x20, 0x00, 0x1E, 0x30, 0x0D, 0x8C,
    0x03, 0x32, 0x00, 0xCC, 0xC0, 0x36, 0x3F, 0xFF, 0xF7, 0xFF, 0x7C, 0x18, 0x30, 0x00, 0x03, 0xC7,
    0x99, 0xB3, 0x7E, 0x7C, 0x1F, 0xEF, 0x80, 0x18, 0x0C, 0x00, 0x01, 0x03, 0xC3, 0xB1, 0x98, 0xCC,
    0x3E, 0x7F, 0xFF, 0xE0, 0x01, 0xB0, 0x1A, 0x00, 0x00, 0x00, 0x00, 0xE0, 0x1F, 0x03, 0x36, 0x33,
    0x63, 0xFC, 0x1F, 0xE0, 0x36, 0x07, 0x7F, 0xE1, 0xF8, 0x01, 0xB0, 0x03, 0x40, 0x00, 0x00, 0x00,
    0x00, 0x0E, 0x00, 0x3E, 0x00, 0x4C, 0x31, 0x98, 0x63, 0xFC, 0x83, 0xFF, 0x00, 0xC3, 0x03, 0x87,
    0x9E, 0x07, 0xF8, 0x01, 0x00, 0x00, 0x3C, 0x48, 0x00, 0x03, 0xC7, 0x99, 0xB3, 0x7E, 0x7C, 0x1F,
    0xEF, 0x80, 0x3E, 0x1A, 0x00, 0x01, 0x03, 0xC3, 0xB1, 0x98, 0xCC, 0x3E, 0x7F, 0xFF, 0xE0, 0x00,
    0x30, 0x00, 0x80, 0x46, 0x06, 0x30, 0x61, 0x81, 0x0F, 0x0C, 0x78, 0xC3, 0x80, 0x1E, 0x01, 0xFF,
    0xFC, 0xFF, 0xC0, 0x00, 0x30, 0x00, 0x10, 0x01, 0x18, 0x03, 0x18, 0x06, 0x18, 0x02, 0x18, 0xC3,
    0x18, 0xC6, 0x18, 0x80, 0x18, 0xC0, 0x38, 0xFF, 0xFE, 0x7F, 0xE7, 0x04, 0x1C, 0xF3, 0x8E, 0x0E,
    0x0E, 0x0C, 0x0C, 0x1B, 0xF7, 0xC0, 0x04, 0x07, 0x0F, 0x0E, 0x0E, 0x03, 0x80, 0xC0, 0x30, 0x0C,
    0x06, 0x3F, 0xFF, 0x70, 0x01, 0x80, 0x60, 0x18, 0x06, 0x00, 0x80, 0x20, 0x08, 0x03, 0x80, 0xF0,
    0x3C, 0x0E, 0x02, 0xC1, 0xB0, 0xE7, 0xF0, 0xF0, 0x01, 0x80, 0x18, 0x01, 0x80, 0x18, 0x01, 0x80,
    0x08, 0x00, 0x80, 0x08, 0x80, 0xCC, 0x0C, 0xC0, 0xF8, 0x0B, 0xC1, 0x8C, 0x38, 0x7F, 0x03, 0xC0,
    0x66, 0x66, 0x23, 0x33, 0x33, 0xEE, 0x61, 0x86, 0x18, 0x20, 0xC3, 0x0C, 0x30, 0xCF, 0xF7, 0x1C,
    0x3E, 0x67, 0x03, 0x1F, 0x7F, 0x61, 0xC0, 0xC0, 0xC0, 0x40, 0x60, 0x60, 0x40, 0x06, 0x03, 0xE0,
    0xEC, 0x39, 0x87, 0x19, 0xBF, 0xF3, 0xFE, 0x00, 0xC0, 0x18, 0x01, 0x80, 0x30, 0x06, 0x00, 0x80,
    0x00, 0x0C, 0x1E, 0x3F, 0x33, 0x63, 0xFF, 0xDE, 0x0C, 0x03, 0xC0, 0xCC, 0x19, 0x87, 0x39, 0xFF,
    0xF3, 0xB8, 0x18, 0x02, 0x00, 0x00, 0x0A, 0x01, 0xA0, 0x6C, 0x1B, 0x03, 0x80, 0xB0, 0x6E, 0x3B,
    0xFC, 0x3C, 0x00, 0x18, 0x00, 0x80, 0x00, 0x00, 0x00, 0x01, 0x88, 0x18, 0xC1, 0xCC, 0x0F, 0x80,
    0xFC, 0x18, 0xC3, 0x8F, 0xF0, 0x3E, 0x00, 0x66, 0x00, 0x63, 0x33, 0x3F, 0xE0, 0x30, 0x60, 0x00,
    0x03, 0x06, 0x0C, 0x7F, 0xDE, 0x10, 0x60, 0xE3, 0xE6, 0x48, 0xF1, 0xBE, 0x38, 0x06, 0x07, 0x83,
    0xE1, 0x98, 0xC6, 0x39, 0x87, 0xE0, 0x7E, 0x03, 0xC0, 0x10, 0x1C, 0x0F, 0x0D, 0xC6, 0x73, 0x6D,
    0xF7, 0xFF, 0xEF, 0x00, 0x04, 0x07, 0x83, 0xE0, 0xD8, 0x26, 0x19, 0x8F, 0xFF, 0xDF, 0x63, 0x0C,
    0xC3, 0xF0, 0x30, 0x3C, 0xF9, 0x9B, 0x37, 0xE7, 0xC3, 0x4E, 0x78, 0xC0, 0x3C, 0x3E, 0x19, 0x8C,
    0xC7, 0xF9, 0xFC, 0x31, 0x38, 0x78, 0x30, 0x00, 0x00, 0x40, 0x1F, 0x03, 0xA0, 0x60, 0x86, 0x0C,
    0x70, 0xC3, 0xC8, 0x06, 0xC0, 0x6E, 0x1C, 0x7F, 0x83, 0xE0, 0x80, 0x0C, 0x18, 0xC1, 0xF8, 0x0F,
    0xC0, 0x6E, 0x0E, 0x7F, 0xC3, 0xF0, 0x00, 0x40, 0x1F, 0x03, 0xA0, 0x60, 0x86, 0x0C, 0x70, 0xC3,
    0xC8, 0x06, 0xC0, 0x6E, 0x1C, 0x7F, 0x83, 0xE0, 0x00, 0x00, 0x00, 0x1E, 0x01, 0x20, 0x80, 0x0C,
    0x18, 0xC1, 0xF8, 0x0F, 0xC0, 0x6E, 0x0E, 0x7F, 0xC3, 0xF0, 0x00, 0x00, 0x00, 0x1E, 0x01, 0x20,
    0x31, 0x8C, 0x23, 0x7B, 0x80, 0x06, 0xE4, 0x18, 0x30, 0x30, 0xFE, 0xEF, 0x00, 0x00, 0x78, 0x48,
    0x68, 0x27, 0x60, 0x18, 0x86, 0x39, 0x87, 0x60, 0xF8, 0x0C, 0x03, 0x81, 0xB0, 0xCC, 0x7F, 0x1F,
    0x80, 0xE8, 0x0B, 0x90, 0x01, 0x84, 0x18, 0x61, 0x83, 0x18, 0x19, 0x81, 0xD8, 0x0F, 0x80, 0x78,
    0x07, 0x87, 0xFE, 0x78, 0xF0, 0x60, 0x40, 0x30, 0x1C, 0x60, 0x32, 0x19, 0xCC, 0x76, 0x1F, 0x03,
    0x01, 0xC1, 0xB1, 0x99, 0xFC, 0xFC, 0x40, 0x10, 0x02, 0x00, 0x71, 0x00, 0x31, 0x06, 0x30, 0xC3,
    0x18, 0x33, 0x07, 0x60, 0x7C, 0x07, 0x80, 0xF1, 0xFF, 0xBC, 0x78, 0x06, 0x06, 0x86, 0xE6, 0x76,
    0x3E, 0x0C, 0x0E, 0x1B, 0x33, 0x7F, 0x7E, 0x00, 0x20, 0x40, 0x40, 0x70, 0x02, 0x00, 0x62, 0x0C,
    0x61, 0x86, 0x30, 0x66, 0x0E, 0xC0, 0xF8, 0x0F, 0x01, 0xE3, 0xFF, 0x78, 0xF0, 0x00, 0x40, 0x10,
    0x02, 0x00, 0x70, 0x00, 0x06, 0x06, 0x86, 0xE6, 0x76, 0x3E, 0x0C, 0x0E, 0x1B, 0x33, 0x7F, 0x7E,
    0x02, 0x00, 0x62, 0x0C, 0x61, 0x86, 0x30, 0x66, 0x0E, 0xC0, 0xF8, 0x0F, 0x01, 0xE3, 0xFF, 0x78,
    0xF0, 0x01, 0x00, 0x07, 0x00, 0x1F, 0x00, 0x7F, 0x01, 0x83, 0x07, 0x67, 0x1F, 0xCF, 0x7F, 0x1F,
    0xFC, 0xFC, 0xF9, 0xF0, 0xFF, 0xC0, 0xE7, 0x00, 0xCC, 0x00, 0xF0, 0x00, 0xC0, 0x00,
};

static const EpdGlyph geist_ui_8_mediumGlyphs[] = {
    { 1, 1, 0, 0, 1, 1, 0 }, // U+0000
    { 1, 1, 69, 0, 1, 1, 1 }, // U+000D
    { 1, 1, 65, 0, 1, 1, 2 }, // U+0020
    { 2, 12, 61, 1, 12, 3, 3 }, // !
    { 5, 4, 96, 1, 12, 3, 6 }, // "
    { 9, 12, 137, 0, 12, 14, 9 }, // #
    { 9, 15, 172, 1, 14, 17, 23 }, // $
    { 12, 12, 216, 1, 12, 18, 40 }, // %
    { 10, 12, 173, 1, 12, 15, 58 }, // &
    { 2, 4, 50, 1, 12, 1, 73 }, // '
    { 4, 14, 77, 1, 12, 7, 74 }, // (
    { 4, 14, 77, 0, 12, 7, 81 }, // )
    { 6, 5, 114, 1, 12, 4, 88 }, // *
    { 8, 8, 150, 1, 9, 8, 92 }, // +
    { 2, 3, 57, 1, 1, 1, 100 }, // ,
    { 6, 1, 112, 1, 5, 1, 101 }, // -
    { 2, 1, 57, 1, 1, 1, 102 }, // .
    { 6, 15, 132, 1, 13, 12, 103 }, // /
    { 10, 12, 180, 1, 12, 15, 115 }, // 0
    { 5, 12, 108, 0, 12, 8, 130 }, // 1
    { 9, 12, 168, 1, 12, 14, 138 }, // 2
    { 9, 12, 167, 0, 12, 14, 152 }, // 3
    { 9, 12, 168, 1, 12, 14, 166 }, // 4
    { 9, 12, 171, 1, 12, 14, 180 }, // 5
    { 9, 12, 170, 1, 12, 14, 194 }, // 6
    { 9, 12, 142, 1, 12, 14, 208 }, // 7
    { 9, 12, 167, 1, 12, 14, 222 }, // 8
    { 9, 12, 170, 1, 12, 14, 236 }, // 9
    { 2, 8, 81, 1, 8, 2, 250 }, // :
    { 2, 10, 81, 1, 8, 3, 252 }, // ;
    { 8, 9, 146, 1, 9, 9, 255 }, // <
    { 8, 5, 145, 1, 8, 5, 264 }, // =
    { 8, 9, 146, 1, 9, 9, 269 }, // >
    { 8, 12, 152, 1, 12, 12, 278 }, // ?
    { 14, 13, 247, 1, 12, 23, 290 }, // @
    { 11, 12, 184, 0, 12, 17, 313 }, // A
    { 9, 12, 184, 1, 12, 14, 330 }, // B
    { 11, 12, 190, 1, 12, 17, 344 }, // C
    { 10, 12, 188, 1, 12, 15, 361 }, // D
    { 8, 12, 162, 1, 12, 12, 376 }, // E
    { 8, 12, 159, 1, 12, 12, 388 }, // F
    { 11, 12, 190, 1, 12, 17, 400 }, // G
    { 9, 12, 191, 1, 12, 14, 417 }, // H
    { 2, 12, 75, 1, 12, 3, 431 }, // I
    { 8, 12, 162, 1, 12, 12, 434 }, // J
    { 9, 12, 175, 1, 12, 14, 446 }, // K
    { 8, 12, 156, 1, 12, 12, 460 }, // L
    { 12, 12, 237, 1, 12, 18, 472 }, // M
    { 10, 12, 199, 1, 12, 15, 490 }, // N
    { 11, 12, 200, 1, 12, 17, 505 }, // O
    { 9, 12, 175, 1, 12, 14, 522 }, // P
    { 11, 13, 199, 1, 12, 18, 536 }, // Q
    { 9, 12, 181, 1, 12, 14, 554 }, // R
    { 9, 12, 174, 1, 12, 14, 568 }, // S
    { 9, 12, 152, 1, 12, 14, 582 }, // T
    { 9, 12, 185, 1, 12, 14, 596 }, // U
    { 11, 12, 184, 0, 12, 17, 610 }, // V
    { 15, 12, 258, 1, 12, 23, 627 }, // W
    { 10, 12, 169, 0, 12, 15, 650 }, // X
    { 10, 12, 158, 0, 12, 15, 665 }, // Y
    { 8, 12, 150, 1, 12, 12, 680 }, // Z
    { 5, 14, 96, 1, 12, 9, 692 }, // [
    { 6, 15, 125, 1, 13, 12, 701 }, // <backslash>
    { 5, 14, 96, 0, 12, 9, 713 }, // ]
    { 6, 5, 117, 1, 11, 4, 722 }, // ^
    { 8, 1, 149, 1, 0, 1, 726 }, // _
    { 3, 1, 69, 1, 12, 1, 727 }, // `
    { 9, 9, 151, 1, 9, 11, 728 }, // a
    { 8, 12, 162, 1, 12, 12, 739 }, // b
    { 8, 9, 150, 1, 9, 9, 751 }, // c
    { 8, 12, 162, 1, 12, 12, 760 }, // d
    { 8, 9, 154, 1, 9, 9, 772 }, // e
    { 5, 12, 110, 1, 12, 8, 781 }, // f
    { 8, 11, 162, 1, 9, 11, 789 }, // g
    { 7, 12, 158, 1, 12, 11, 800 }, // h
    { 2, 12, 68, 1, 12, 3, 811 }, // i
    { 4, 14, 76, 0, 12, 7, 814 }, // j
    { 8, 12, 162, 1, 12, 12, 821 }, // k
    { 3, 12, 75, 1, 12, 5, 833 }, // l
    { 12, 9, 236, 1, 9, 14, 838 }, // m
    { 7, 9, 158, 1, 9, 8, 852 }, // n
    { 8, 9, 157, 1, 9, 9, 860 }, // o
    { 8, 11, 162, 1, 9, 11, 869 }, // p
    { 8, 11, 162, 1, 9, 11, 880 }, // q
    { 5, 9, 105, 1, 9, 6, 891 }, // r
    { 7, 9, 144, 1, 9, 8, 897 }, // s
    { 5, 11, 109, 1, 11, 7, 905 }, // t
    { 7, 9, 156, 1, 9, 8, 912 }, // u
    { 9, 9, 149, 0, 9, 11, 920 }, // v
    { 13, 9, 221, 0, 9, 15, 931 }, // w
    { 8, 9, 162, 1, 9, 9, 946 }, // x
    { 8, 11, 148, 1, 9, 11, 955 }, // y
    { 7, 9, 150, 1, 9, 8, 966 }, // z
    { 6, 14, 105, 0, 12, 11, 974 }, // {
    { 2, 14, 73, 1, 12, 4, 985 }, // |
    { 7, 14, 105, 0, 12, 13, 989 }, // }
    { 8, 3, 140, 1, 7, 3, 1002 }, // ~
    { 1, 1, 65, 0, 1, 1, 1005 }, // U+00A0
    { 2, 11, 61, 1, 9, 3, 1006 }, // U+00A1
    { 8, 12, 150, 1, 12, 12, 1009 }, // U+00A2
    { 9, 12, 166, 1, 12, 14, 1021 }, // U+00A3
    { 9, 9, 167, 1, 10, 11, 1035 }, // U+00A4
    { 11, 12, 158, 0, 12, 17, 1046 }, // U+00A5
    { 2, 14, 73, 1, 12, 4, 1063 }, // U+00A6
    { 7, 12, 152, 1, 12, 11, 1067 }, // U+00A7
    { 5, 1, 101, 1, 11, 1, 1078 }, // U+00A8
    { 13, 12, 220, 1, 12, 20, 1079 }, // U+00A9
    { 6, 6, 110, 0, 12, 5, 1099 }, // U+00AA
    { 8, 6, 152, 1, 7, 6, 1104 }, // U+00AB
    { 8, 4, 134, 0, 5, 4, 1110 }, // U+00AC
    { 4, 1, 86, 1, 5, 1, 1114 }, // U+00AD
    { 9, 9, 171, 1, 12, 11, 1115 }, // U+00AE
    { 5, 1, 97, 1, 11, 1, 1126 }, // U+00AF
    { 6, 5, 110, 1, 12, 4, 1127 }, // U+00B0
    { 8, 10, 145, 1, 10, 10, 1131 }, // U+00B1
    { 4, 7, 95, 1, 12, 4, 1141 }, // U+00B2
    { 4, 7, 92, 1, 12, 4, 1145 }, // U+00B3
    { 3, 1, 69, 1, 11, 1, 1149 }, // U+00B4
    { 7, 11, 156, 1, 9, 10, 1150 }, // U+00B5
    { 9, 12, 165, 0, 12, 14, 1160 }, // U+00B6
    { 2, 1, 57, 1, 6, 1, 1174 }, // U+00B7
    { 4, 4, 86, 1, 0, 2, 1175 }, // U+00B8
    { 3, 7, 68, 0, 12, 3, 1177 }, // U+00B9
    { 6, 6, 114, 1, 12, 5, 1180 }, // U+00BA
    { 8, 6, 154, 1, 7, 6, 1185 }, // U+00BB
    { 12, 12, 200, 0, 12, 18, 1191 }, // U+00BC
    { 13, 11, 217, 0, 11, 18, 1209 }, // U+00BD
    { 12, 12, 214, 1, 12, 18, 1227 }, // U+00BE
    { 8, 11, 152, 1, 9, 11, 1245 }, // U+00BF
    { 11, 15, 184, 0, 15, 21, 1256 }, // U+00C0
    { 11, 14, 184, 0, 14, 20, 1277 }, // U+00C1
    { 11, 15, 184, 0, 15, 21, 1297 }, // U+00C2
    { 11, 15, 184, 0, 15, 21, 1318 }, // U+00C3
    { 11, 14, 184, 0, 14, 20, 1339 }, // U+00C4
    { 11, 16, 184, 0, 16, 22, 1359 }, // U+00C5
    { 15, 12, 265, 0, 12, 23, 1381 }, // U+00C6
    { 10, 15, 190, 1, 12, 19, 1404 }, // U+00C7
    { 8, 15, 162, 1, 15, 15, 1423 }, // U+00C8
    { 8, 14, 162, 1, 14, 14, 1438 }, // U+00C9
    { 8, 15, 162, 1, 15, 15, 1452 }, // U+00CA
    { 8, 14, 162, 1, 14, 14, 1467 }, // U+00CB
    { 3, 15, 75, 0, 15, 6, 1481 }, // U+00CC
    { 3, 14, 75, 1, 14, 6, 1487 }, // U+00CD
    { 6, 15, 75, -1, 15, 12, 1493 }, // U+00CE
    { 5, 14, 75, 0, 14, 9, 1505 }, // U+00CF
    { 11, 12, 188, 1, 12, 17, 1514 }, // U+00D0
    { 10, 15, 199, 1, 15, 19, 1531 }, // U+00D1
    { 11, 15, 200, 1, 15, 21, 1550 }, // U+00D2
    { 11, 15, 200, 1, 15, 21, 1571 }, // U+00D3
    { 11, 16, 200, 1, 16, 22, 1592 }, // U+00D4
    { 11, 15, 200, 1, 15, 21, 1614 }, // U+00D5
    { 11, 15, 200, 1, 15, 21, 1635 }, // U+00D6
    { 7, 7, 137, 1, 8, 7, 1656 }, // U+00D7
    { 11, 12, 200, 1, 12, 17, 1663 }, // U+00D8
    { 9, 15, 185, 1, 15, 17, 1680 }, // U+00D9
    { 9, 15, 185, 1, 15, 17, 1697 }, // U+00DA
    { 9, 16, 185, 1, 16, 18, 1714 }, // U+00DB
    { 9, 15, 185, 1, 15, 17, 1732 }, // U+00DC
    { 10, 14, 158, 0, 14, 18, 1749 }, // U+00DD
    { 8, 12, 167, 1, 12, 12, 1767 }, // U+00DE
    { 8, 12, 163, 1, 12, 12, 1779 }, // U+00DF
    { 9, 12, 151, 1, 12, 14, 1791 }, // U+00E0
    { 9, 12, 151, 1, 12, 14, 1805 }, // U+00E1
    { 9, 13, 151, 1, 13, 15, 1819 }, // U+00E2
    { 9, 12, 151, 1, 12, 14, 1834 }, // U+00E3
    { 9, 12, 151, 1, 12, 14, 1848 }, // U+00E4
    { 9, 13, 151, 1, 13, 15, 1862 }, // U+00E5
    { 14, 9, 249, 1, 9, 16, 1877 }, // U+00E6
    { 8, 12, 150, 1, 9, 12, 1893 }, // U+00E7
    { 8, 12, 154, 1, 12, 12, 1905 }, // U+00E8
    { 8, 12, 154, 1, 12, 12, 1917 }, // U+00E9
    { 8, 12, 154, 1, 12, 12, 1929 }, // U+00EA
    { 8, 12, 154, 1, 12, 12, 1941 }, // U+00EB
    { 3, 12, 68, 0, 12, 5, 1953 }, // U+00EC
    { 3, 12, 68, 1, 12, 5, 1958 }, // U+00ED
    { 6, 12, 68, -1, 12, 9, 1963 }, // U+00EE
    { 5, 12, 68, 0, 12, 8, 1972 }, // U+00EF
    { 9, 12, 157, 1, 12, 14, 1980 }, // U+00F0
    { 7, 12, 158, 1, 12, 11, 1994 }, // U+00F1
    { 8, 12, 157, 1, 12, 12, 2005 }, // U+00F2
    { 8, 12, 157, 1, 12, 12, 2017 }, // U+00F3
    { 8, 13, 157, 1, 13, 13, 2029 }, // U+00F4
    { 8, 12, 157, 1, 12, 12, 2042 }, // U+00F5
    { 8, 12, 157, 1, 12, 12, 2054 }, // U+00F6
    { 8, 6, 146, 1, 9, 6, 2066 }, // U+00F7
    { 8, 9, 157, 1, 9, 9, 2072 }, // U+00F8
    { 7, 12, 156, 1, 12, 11, 2081 }, // U+00F9
    { 7, 12, 156, 1, 12, 11, 2092 }, // U+00FA
    { 7, 13, 156, 1, 13, 12, 2103 }, // U+00FB
    { 7, 12, 156, 1, 12, 11, 2115 }, // U+00FC
    { 8, 14, 148, 1, 12, 14, 2126 }, // U+00FD
    { 8, 14, 161, 1, 12, 14, 2140 }, // U+00FE
    { 9, 14, 148, 0, 12, 16, 2154 }, // U+00FF
    { 11, 14, 184, 0, 14, 20, 2170 }, // U+0100
    { 9, 12, 151, 1, 12, 14, 2190 }, // U+0101
    { 11, 15, 184, 0, 15, 21, 2204 }, // U+0102
    { 9, 12, 151, 1, 12, 14, 2225 }, // U+0103
    { 11, 15, 184, 1, 12, 21, 2239 }, // U+0104
    { 9, 12, 151, 1, 9, 14, 2260 }, // U+0105
    { 11, 15, 190, 1, 15, 21, 2274 }, // U+0106
    { 8, 12, 150, 1, 12, 12, 2295 }, // U+0107
    { 11, 16, 190, 1, 16, 22, 2307 }, // U+0108
    { 8, 13, 150, 1, 13, 13, 2329 }, // U+0109
    { 10, 15, 190, 1, 15, 19, 2342 }, // U+010A
    { 8, 12, 150, 1, 12, 12, 2361 }, // U+010B
    { 11, 16, 190, 1, 16, 22, 2373 }, // U+010C
    { 8, 12, 150, 1, 12, 12, 2395 }, // U+010D
    { 10, 15, 188, 1, 15, 19, 2407 }, // U+010E
    { 11, 12, 184, 1, 12, 17, 2426 }, // U+010F
    { 11, 12, 188, 1, 12, 17, 2443 }, // U+0110
    { 9, 12, 162, 1, 12, 14, 2460 }, // U+0111
    { 8, 14, 162, 1, 14, 14, 2474 }, // U+0112
    { 8, 12, 154, 1, 12, 12, 2488 }, // U+0113
    { 7, 15, 148, 2, 15, 14, 2500 }, // U+0114
    { 8, 12, 150, 1, 12, 12, 2514 }, // U+0115
    { 8, 14, 162, 1, 14, 14, 2526 }, // U+0116
    { 8, 12, 154, 1, 12, 12, 2540 }, // U+0117
    { 8, 15, 162, 1, 12, 15, 2552 }, // U+0118
    { 8, 12, 154, 1, 9, 12, 2567 }, // U+0119
    { 8, 15, 162, 1, 15, 15, 2579 }, // U+011A
    { 8, 12, 154, 1, 12, 12, 2594 }, // U+011B
    { 11, 16, 190, 1, 16, 22, 2606 }, // U+011C
    { 8, 15, 162, 1, 13, 15, 2628 }, // U+011D
    { 11, 16, 190, 1, 16, 22, 2643 }, // U+011E
    { 8, 14, 162, 1, 12, 14, 2665 }, // U+011F
    { 11, 15, 190, 1, 15, 21, 2679 }, // U+0120
    { 8, 14, 162, 1, 12, 14, 2700 }, // U+0121
    { 11, 16, 190, 1, 12, 22, 2714 }, // U+0122
    { 8, 16, 162, 1, 14, 16, 2736 }, // U+0123
    { 9, 15, 191, 1, 15, 17, 2752 }, // U+0124
    { 9, 15, 158, -1, 15, 17, 2769 }, // U+0125
    { 11, 12, 191, 1, 12, 17, 2786 }, // U+0126
    { 8, 12, 158, 1, 12, 12, 2803 }, // U+0127
    { 6, 15, 75, 0, 15, 12, 2815 }, // U+0128
    { 6, 12, 68, 0, 12, 9, 2827 }, // U+0129
    { 5, 14, 75, 1, 14, 9, 2836 }, // U+012A
    { 5, 12, 68, 0, 12, 8, 2845 }, // U+012B
    { 5, 15, 90, 0, 15, 10, 2853 }, // U+012C
    { 6, 12, 69, 0, 12, 9, 2863 }, // U+012D
    { 4, 15, 75, 1, 12, 8, 2872 }, // U+012E
    { 4, 15, 68, 1, 12, 8, 2880 }, // U+012F
    { 2, 14, 75, 1, 14, 4, 2888 }, // U+0130
    { 2, 9, 68, 1, 9, 3, 2892 }, // U+0131
    { 12, 12, 232, 1, 12, 18, 2895 }, // U+0132
    { 6, 14, 140, 1, 12, 11, 2913 }, // U+0133
    { 10, 16, 162, 1, 16, 20, 2924 }, // U+0134
    { 6, 15, 76, 0, 13, 12, 2944 }, // U+0135
    { 9, 16, 175, 1, 12, 18, 2956 }, // U+0136
    { 8, 16, 162, 1, 12, 16, 2974 }, // U+0137
    { 8, 9, 142, 1, 9, 9, 2990 }, // U+0138
    { 8, 14, 156, 1, 14, 14, 2999 }, // U+0139
    { 3, 14, 75, 1, 14, 6, 3013 }, // U+013A
    { 8, 16, 156, 1, 12, 16, 3019 }, // U+013B
    { 4, 16, 75, 1, 12, 8, 3035 }, // U+013C
    { 8, 12, 156, 1, 12, 12, 3043 }, // U+013D
    { 5, 12, 91, 1, 12, 8, 3055 }, // U+013E
    { 7, 12, 140, 2, 12, 11, 3063 }, // U+013F
    { 4, 12, 71, 1, 12, 6, 3074 }, // U+0140
    { 9, 12, 156, 1, 12, 14, 3080 }, // U+0141
    { 4, 12, 75, 1, 12, 6, 3094 }, // U+0142
    { 10, 14, 199, 1, 14, 18, 3100 }, // U+0143
    { 7, 12, 158, 1, 12, 11, 3118 }, // U+0144
    { 10, 16, 199, 1, 12, 20, 3129 }, // U+0145
    { 8, 13, 158, 1, 9, 13, 3149 }, // U+0146
    { 10, 15, 199, 1, 15, 19, 3162 }, // U+0147
    { 7, 12, 158, 1, 12, 11, 3181 }, // U+0148
    { 11, 12, 184, 0, 12, 17, 3192 }, // U+0149
    { 10, 14, 199, 1, 12, 18, 3209 }, // U+014A
    { 7, 11, 158, 1, 9, 10, 3227 }, // U+014B
    { 11, 15, 200, 1, 15, 21, 3237 }, // U+014C
    { 8, 12, 157, 1, 12, 12, 3258 }, // U+014D
    { 11, 16, 208, 1, 16, 22, 3270 }, // U+014E
    { 8, 12, 161, 1, 12, 12, 3292 }, // U+014F
    { 11, 15, 200, 1, 15, 21, 3304 }, // U+0150
    { 8, 12, 157, 1, 12, 12, 3325 }, // U+0151
    { 16, 12, 293, 1, 12, 24, 3337 }, // U+0152
    { 15, 9, 259, 1, 9, 17, 3361 }, // U+0153
    { 9, 14, 181, 1, 14, 16, 3378 }, // U+0154
    { 5, 12, 105, 1, 12, 8, 3394 }, // U+0155
    { 9, 16, 181, 1, 12, 18, 3402 }, // U+0156
    { 5, 13, 105, 1, 9, 9, 3420 }, // U+0157
    { 9, 15, 181, 1, 15, 17, 3429 }, // U+0158
    { 5, 12, 105, 1, 12, 8, 3446 }, // U+0159
    { 9, 15, 174, 1, 15, 17, 3454 }, // U+015A
    { 7, 12, 144, 1, 12, 11, 3471 }, // U+015B
    { 9, 16, 174, 1, 16, 18, 3482 }, // U+015C
    { 7, 13, 144, 1, 13, 12, 3500 }, // U+015D
    { 9, 15, 174, 1, 12, 17, 3512 }, // U+015E
    { 7, 12, 144, 1, 9, 11, 3529 }, // U+015F
    { 9, 16, 174, 1, 16, 18, 3540 }, // U+0160
    { 7, 12, 144, 1, 12, 11, 3558 }, // U+0161
    { 9, 16, 152, 1, 12, 18, 3569 }, // U+0162
    { 5, 15, 109, 1, 11, 10, 3587 }, // U+0163
    { 9, 15, 152, 1, 15, 17, 3597 }, // U+0164
    { 6, 12, 111, 1, 12, 9, 3614 }, // U+0165
    { 9, 12, 152, 1, 12, 14, 3623 }, // U+0166
    { 5, 11, 109, 1, 11, 7, 3637 }, // U+0167
    { 9, 15, 185, 1, 15, 17, 3644 }, // U+0168
    { 7, 12, 156, 1, 12, 11, 3661 }, // U+0169
    { 9, 15, 185, 1, 15, 17, 3672 }, // U+016A
    { 7, 12, 156, 1, 12, 11, 3689 }, // U+016B
    { 9, 16, 185, 1, 16, 18, 3700 }, // U+016C
    { 7, 12, 156, 1, 12, 11, 3718 }, // U+016D
    { 9, 16, 185, 1, 16, 18, 3729 }, // U+016E
    { 7, 13, 156, 1, 13, 12, 3747 }, // U+016F
    { 9, 15, 185, 1, 15, 17, 3759 }, // U+0170
    { 7, 12, 156, 1, 12, 11, 3776 }, // U+0171
    { 9, 15, 185, 1, 12, 17, 3787 }, // U+0172
    { 8, 12, 156, 1, 9, 12, 3804 }, // U+0173
    { 15, 15, 258, 1, 15, 29, 3816 }, // U+0174
    { 13, 12, 221, 0, 12, 20, 3845 }, // U+0175
    { 10, 15, 158, 0, 15, 19, 3865 }, // U+0176
    { 8, 14, 148, 1, 12, 14, 3884 }, // U+0177
    { 11, 14, 158, 0, 14, 20, 3898 }, // U+0178
    { 8, 14, 150, 1, 14, 14, 3918 }, // U+0179
    { 7, 12, 150, 1, 12, 11, 3932 }, // U+017A
    { 8, 14, 150, 1, 14, 14, 3943 }, // U+017B
    { 7, 12, 150, 1, 12, 11, 3957 }, // U+017C
    { 8, 15, 150, 1, 15, 15, 3968 }, // U+017D
    { 7, 12, 150, 1, 12, 11, 3983 }, // U+017E
    { 5, 12, 87, 1, 12, 8, 3994 }, // U+017F
    { 12, 12, 209, 1, 12, 18, 4002 }, // U+01A0
    { 10, 11, 164, 1, 11, 14, 4020 }, // U+01A1
    { 12, 12, 208, 1, 12, 18, 4034 }, // U+01AF
    { 11, 10, 180, 1, 10, 14, 4052 }, // U+01B0
    { 19, 16, 345, 2, 16, 38, 4066 }, // U+01C4
    { 17, 12, 320, 2, 12, 26, 4104 }, // U+01C5
    { 16, 12, 289, 1, 12, 24, 4130 }, // U+01C6
    { 10, 15, 213, 2, 12, 19, 4154 }, // U+01C7
    { 10, 16, 209, 2, 12, 20, 4173 }, // U+01C8
    { 6, 16, 138, 1, 12, 12, 4193 }, // U+01C9
    { 14, 15, 276, 2, 12, 27, 4205 }, // U+01CA
    { 14, 16, 272, 2, 12, 28, 4232 }, // U+01CB
    { 12, 16, 234, 1, 12, 24, 4260 }, // U+01CC
    { 11, 15, 184, 0, 15, 21, 4284 }, // U+01CD
    { 9, 12, 151, 1, 12, 14, 4305 }, // U+01CE
    { 6, 16, 90, 0, 16, 12, 4319 }, // U+01CF
    { 6, 12, 69, -1, 12, 9, 4331 }, // U+01D0
    { 11, 16, 208, 1, 16, 22, 4340 }, // U+01D1
    { 8, 12, 161, 1, 12, 12, 4362 }, // U+01D2
    { 9, 16, 195, 1, 16, 18, 4374 }, // U+01D3
    { 8, 12, 165, 1, 12, 12, 4392 }, // U+01D4
    { 9, 17, 195, 1, 17, 20, 4404 }, // U+01D5
    { 8, 14, 165, 1, 14, 14, 4424 }, // U+01D6
    { 9, 18, 195, 1, 18, 21, 4438 }, // U+01D7
    { 8, 15, 165, 1, 15, 15, 4459 }, // U+01D8
    { 9, 18, 195, 1, 18, 21, 4474 }, // U+01D9
    { 8, 15, 165, 1, 15, 15, 4495 }, // U+01DA
    { 9, 18, 195, 1, 18, 21, 4510 }, // U+01DB
    { 8, 15, 165, 1, 15, 15, 4531 }, // U+01DC
    { 8, 9, 150, 1, 9, 9, 4546 }, // U+01DD
    { 11, 17, 170, 0, 17, 24, 4555 }, // U+01DE
    { 8, 14, 150, 1, 14, 14, 4579 }, // U+01DF
    { 11, 16, 170, 0, 16, 22, 4593 }, // U+01E0
    { 8, 14, 150, 1, 14, 14, 4615 }, // U+01E1
    { 14, 14, 235, 0, 14, 25, 4629 }, // U+01E2
    { 13, 11, 230, 1, 11, 18, 4654 }, // U+01E3
    { 11, 12, 202, 1, 12, 17, 4672 }, // U+01E4
    { 9, 11, 169, 1, 9, 13, 4689 }, // U+01E5
    { 11, 16, 190, 1, 16, 22, 4702 }, // U+01E6
    { 8, 15, 162, 1, 13, 15, 4724 }, // U+01E7
    { 9, 15, 175, 1, 15, 17, 4739 }, // U+01E8
    { 10, 15, 162, -1, 15, 19, 4756 }, // U+01E9
    { 11, 16, 208, 1, 12, 22, 4775 }, // U+01EA
    { 8, 13, 161, 1, 9, 13, 4797 }, // U+01EB
    { 11, 18, 208, 1, 14, 25, 4810 }, // U+01EC
    { 8, 15, 161, 1, 11, 15, 4835 }, // U+01ED
    { 9, 16, 156, 0, 16, 18, 4850 }, // U+01EE
    { 8, 16, 133, 1, 12, 16, 4868 }, // U+01EF
    { 7, 16, 69, -1, 12, 14, 4884 }, // U+01F0
    { 19, 12, 345, 2, 12, 29, 4898 }, // U+01F1
    { 17, 12, 320, 2, 12, 26, 4927 }, // U+01F2
    { 16, 12, 289, 1, 12, 24, 4953 }, // U+01F3
    { 10, 16, 194, 1, 16, 20, 4977 }, // U+01F4
    { 8, 16, 164, 1, 12, 16, 4997 }, // U+01F5
    { 13, 12, 250, 2, 12, 20, 5013 }, // U+01F6
    { 9, 16, 176, 2, 12, 18, 5033 }, // U+01F7
    { 10, 16, 203, 2, 16, 20, 5051 }, // U+01F8
    { 8, 12, 165, 1, 12, 12, 5071 }, // U+01F9
    { 11, 16, 171, 0, 16, 22, 5083 }, // U+01FA
    { 8, 16, 150, 1, 16, 16, 5105 }, // U+01FB
    { 14, 16, 235, -1, 16, 28, 5121 }, // U+01FC
    { 12, 12, 230, 1, 12, 18, 5149 }, // U+01FD
    { 11, 16, 208, 1, 16, 22, 5167 }, // U+01FE
    { 8, 12, 161, 1, 12, 12, 5189 }, // U+01FF
    { 11, 15, 170, 0, 15, 21, 5201 }, // U+0200
    { 8, 12, 150, 1, 12, 12, 5222 }, // U+0201
    { 11, 15, 170, 0, 15, 21, 5234 }, // U+0202
    { 8, 12, 150, 1, 12, 12, 5255 }, // U+0203
    { 7, 15, 148, 2, 15, 14, 5267 }, // U+0204
    { 8, 12, 150, 1, 12, 12, 5281 }, // U+0205
    { 7, 15, 148, 2, 15, 14, 5293 }, // U+0206
    { 8, 12, 150, 1, 12, 12, 5307 }, // U+0207
    { 6, 15, 90, -1, 15, 12, 5319 }, // U+0208
    { 7, 12, 69, -2, 12, 11, 5331 }, // U+0209
    { 5, 15, 90, 1, 15, 10, 5342 }, // U+020A
    { 6, 12, 69, -1, 12, 9, 5352 }, // U+020B
    { 11, 15, 208, 1, 15, 21, 5361 }, // U+020C
    { 8, 12, 161, 1, 12, 12, 5382 }, // U+020D
    { 11, 15, 208, 1, 15, 21, 5394 }, // U+020E
    { 8, 12, 161, 1, 12, 12, 5415 }, // U+020F
    { 9, 15, 166, 2, 15, 17, 5427 }, // U+0210
    { 7, 12, 110, 0, 12, 11, 5444 }, // U+0211
    { 9, 15, 166, 2, 15, 17, 5455 }, // U+0212
    { 5, 12, 110, 1, 12, 8, 5472 }, // U+0213
    { 9, 15, 195, 1, 15, 17, 5480 }, // U+0214
    { 8, 12, 165, 1, 12, 12, 5497 }, // U+0215
    { 9, 15, 195, 1, 15, 17, 5509 }, // U+0216
    { 8, 12, 165, 1, 12, 12, 5526 }, // U+0217
    { 8, 16, 174, 1, 12, 16, 5538 }, // U+0218
    { 8, 13, 144, 1, 9, 13, 5554 }, // U+0219
    { 9, 16, 152, 1, 12, 18, 5567 }, // U+021A
    { 5, 16, 109, 1, 12, 10, 5585 }, // U+021B
    { 9, 15, 153, 0, 12, 17, 5595 }, // U+021C
    { 7, 13, 132, 1, 9, 12, 5612 }, // U+021D
    { 9, 16, 198, 2, 16, 18, 5624 }, // U+021E
    { 10, 17, 165, -1, 17, 22, 5642 }, // U+021F
    { 3, 1, 0, 1, 12, 1, 5664 }, // U+0300
    { 3, 1, 0, 1, 11, 1, 5665 }, // U+0301
    { 5, 3, 0, 1, 13, 2, 5666 }, // U+0302
    { 6, 2, 0, 1, 12, 2, 5668 }, // U+0303
    { 5, 1, 0, 1, 11, 1, 5670 }, // U+0304
    { 7, 1, 0, -3, 14, 1, 5671 }, // U+0305
    { 5, 2, 0, 1, 12, 2, 5672 }, // U+0306
    { 2, 1, 0, 1, 11, 1, 5674 }, // U+0307
    { 5, 1, 0, 1, 11, 1, 5675 }, // U+0308
    { 3, 4, 0, -6, 14, 2, 5676 }, // U+0309
    { 3, 3, 0, 1, 12, 2, 5678 }, // U+030A
    { 5, 1, 0, 1, 11, 1, 5680 }, // U+030B
    { 5, 3, 0, 1, 13, 2, 5681 }, // U+030C
    { 2, 2, 0, -1, 12, 1, 5683 }, // U+030D
    { 4, 2, 0, -2, 12, 1, 5684 }, // U+030E
    { 6, 2, 0, -9, 12, 2, 5685 }, // U+030F
    { 6, 4, 0, -3, 14, 3, 5687 }, // U+0310
    { 5, 2, 0, -2, 12, 2, 5690 }, // U+0311
    { 2, 3, 0, 1, 13, 1, 5692 }, // U+0312
    { 2, 4, 0, -1, 12, 1, 5693 }, // U+0313
    { 2, 4, 0, -1, 12, 1, 5694 }, // U+0314
    { 2, 4, 0, -1, 12, 1, 5695 }, // U+0315
    { 4, 3, 0, -2, 0, 2, 5696 }, // U+0316
    { 4, 3, 0, -2, 0, 2, 5698 }, // U+0317
    { 3, 3, 0, -1, -1, 2, 5700 }, // U+0318
    { 3, 3, 0, -1, -1, 2, 5702 }, // U+0319
    { 4, 4, 83, 0, 13, 2, 5704 }, // U+031A
    { 4, 3, 0, -2, 13, 2, 5706 }, // U+031B
    { 2, 4, 0, -1, 0, 1, 5708 }, // U+031C
    { 3, 3, 0, -1, 0, 2, 5709 }, // U+031D
    { 3, 3, 0, -1, -1, 2, 5711 }, // U+031E
    { 3, 3, 0, -1, -1, 2, 5713 }, // U+031F
    { 4, 1, 0, -2, -2, 1, 5715 }, // U+0320
    { 4, 5, 0, -3, 1, 3, 5716 }, // U+0321
    { 3, 5, 0, 0, 1, 2, 5719 }, // U+0322
    { 2, 2, 0, -6, -1, 1, 5721 }, // U+0323
    { 5, 1, 0, -2, -2, 1, 5722 }, // U+0324
    { 4, 4, 0, -2, 0, 2, 5723 }, // U+0325
    { 2, 3, 0, 1, -1, 1, 5725 }, // U+0326
    { 4, 4, 0, 1, 0, 2, 5726 }, // U+0327
    { 3, 4, 0, 1, 1, 2, 5728 }, // U+0328
    { 2, 2, 0, -1, -1, 1, 5730 }, // U+0329
    { 6, 3, 0, -3, -1, 3, 5731 }, // U+032A
    { 7, 2, 0, -3, -1, 2, 5734 }, // U+032B
    { 6, 3, 0, -3, 0, 3, 5736 }, // U+032C
    { 6, 3, 0, -3, 0, 3, 5739 }, // U+032D
    { 5, 2, 0, -3, -1, 2, 5742 }, // U+032E
    { 5, 2, 0, -2, -1, 2, 5744 }, // U+032F
    { 6, 2, 0, -3, -1, 2, 5746 }, // U+0330
    { 5, 1, 0, -2, -1, 1, 5748 }, // U+0331
    { 7, 1, 0, -4, -2, 1, 5749 }, // U+0332
    { 7, 3, 0, -3, -1, 3, 5750 }, // U+0333
    { 6, 2, 0, -3, 6, 2, 5753 }, // U+0334
    { 5, 1, 0, 2, 6, 1, 5755 }, // U+0335
    { 12, 1, 0, 1, 10, 2, 5756 }, // U+0336
    { 5, 3, 0, 1, 8, 2, 5758 }, // U+0337
    { 7, 10, 0, 1, 10, 9, 5760 }, // U+0338
    { 2, 4, 0, 0, 0, 1, 5769 }, // U+0339
    { 6, 3, 0, -3, -1, 3, 5770 }, // U+033A
    { 6, 3, 0, -3, -1, 3, 5773 }, // U+033B
    { 7, 2, 0, -3, -1, 2, 5776 }, // U+033C
    { 4, 4, 0, -2, 13, 2, 5778 }, // U+033D
    { 2, 5, 0, -1, 14, 2, 5780 }, // U+033E
    { 7, 3, 0, -3, 16, 3, 5782 }, // U+033F
    { 4, 3, 0, -3, 13, 2, 5785 }, // U+0340
    { 4, 3, 0, -1, 13, 2, 5787 }, // U+0341
    { 6, 2, 0, -3, 12, 2, 5789 }, // U+0342
    { 2, 3, 0, -1, 13, 1, 5791 }, // U+0343
    { 6, 3, 0, -2, 13, 3, 5792 }, // U+0344
    { 3, 3, 0, 0, -1, 2, 5795 }, // U+0345
    { 7, 3, 0, -4, 13, 3, 5797 }, // U+0346
    { 7, 3, 0, -3, -1, 3, 5800 }, // U+0347
    { 4, 2, 0, -2, -1, 1, 5803 }, // U+0348
    { 3, 3, 0, -1, -1, 2, 5804 }, // U+0349
    { 6, 4, 0, -3, 13, 3, 5806 }, // U+034A
    { 6, 5, 0, -3, 15, 4, 5809 }, // U+034B
    { 6, 4, 0, -3, 14, 3, 5813 }, // U+034C
    { 6, 3, 0, -3, -1, 3, 5816 }, // U+034D
    { 3, 4, 0, -1, 0, 2, 5819 }, // U+034E
    { 12, 12, 0, -6, 12, 18, 5821 }, // U+034F
    { 3, 3, 0, -2, 13, 2, 5839 }, // U+0350
    { 2, 4, 0, -1, 14, 1, 5841 }, // U+0351
    { 6, 4, 0, -3, 14, 3, 5842 }, // U+0352
    { 4, 3, 0, -2, -1, 2, 5845 }, // U+0353
    { 3, 3, 0, -1, -1, 2, 5847 }, // U+0354
    { 3, 3, 0, -2, -1, 2, 5849 }, // U+0355
    { 7, 3, 0, -3, -1, 3, 5851 }, // U+0356
    { 2, 4, 0, 0, 14, 1, 5854 }, // U+0357
    { 2, 2, 0, 2, 12, 1, 5855 }, // U+0358
    { 4, 3, 0, -2, -1, 2, 5856 }, // U+0359
    { 7, 4, 0, -3, 0, 4, 5858 }, // U+035A
    { 4, 3, 0, -2, 13, 2, 5862 }, // U+035B
    { 12, 3, 0, -6, -1, 5, 5864 }, // U+035C
    { 12, 3, 0, -6, 13, 5, 5869 }, // U+035D
    { 10, 1, 0, -5, 11, 2, 5874 }, // U+035E
    { 10, 1, 0, -5, -1, 2, 5876 }, // U+035F
    { 12, 2, 0, -6, 12, 3, 5878 }, // U+0360
    { 12, 3, 0, -6, 14, 5, 5881 }, // U+0361
    { 13, 3, 0, -6, -1, 5, 5886 }, // U+0362
    { 4, 4, 0, -2, 14, 2, 5891 }, // U+0363
    { 4, 4, 0, -1, 14, 2, 5893 }, // U+0364
    { 1, 5, 0, 0, 15, 1, 5895 }, // U+0365
    { 4, 4, 0, -2, 14, 2, 5896 }, // U+0366
    { 4, 3, 0, -1, 13, 2, 5898 }, // U+0367
    { 3, 4, 0, -1, 14, 2, 5900 }, // U+0368
    { 4, 5, 0, -2, 15, 3, 5902 }, // U+0369
    { 4, 5, 0, -1, 15, 3, 5905 }, // U+036A
    { 5, 4, 0, -3, 14, 3, 5908 }, // U+036B
    { 3, 4, 0, -1, 14, 2, 5911 }, // U+036C
    { 3, 5, 0, -1, 15, 2, 5913 }, // U+036D
    { 4, 4, 0, -2, 14, 2, 5915 }, // U+036E
    { 4, 3, 0, -2, 13, 2, 5917 }, // U+036F
    { 8, 15, 162, 1, 15, 15, 5919 }, // U+0400
    { 8, 14, 162, 1, 14, 14, 5934 }, // U+0401
    { 12, 12, 206, 1, 12, 18, 5948 }, // U+0402
    { 8, 14, 157, 1, 14, 14, 5966 }, // U+0403
    { 11, 12, 199, 1, 12, 17, 5980 }, // U+0404
    { 9, 12, 174, 1, 12, 14, 5997 }, // U+0405
    { 2, 12, 76, 1, 12, 3, 6011 }, // U+0406
    { 5, 14, 75, 0, 14, 9, 6014 }, // U+0407
    { 8, 12, 162, 1, 12, 12, 6023 }, // U+0408
    { 17, 12, 301, 1, 12, 26, 6035 }, // U+0409
    { 16, 12, 292, 1, 12, 24, 6061 }, // U+040A
    { 12, 12, 206, 1, 12, 18, 6085 }, // U+040B
    { 9, 14, 174, 1, 14, 16, 6103 }, // U+040C
    { 10, 15, 198, 1, 15, 19, 6119 }, // U+040D
    { 9, 15, 150, 0, 15, 17, 6138 }, // U+040E
    { 8, 14, 189, 1, 12, 14, 6155 }, // U+040F
    { 11, 12, 184, 0, 12, 17, 6169 }, // U+0410
    { 9, 12, 178, 1, 12, 14, 6186 }, // U+0411
    { 9, 12, 184, 1, 12, 14, 6200 }, // U+0412
    { 8, 12, 157, 1, 12, 12, 6214 }, // U+0413
    { 12, 14, 219, 1, 12, 21, 6226 }, // U+0414
    { 8, 12, 162, 1, 12, 12, 6247 }, // U+0415
    { 16, 12, 256, 0, 12, 24, 6259 }, // U+0416
    { 9, 12, 177, 1, 12, 14, 6283 }, // U+0417
    { 10, 12, 198, 1, 12, 15, 6297 }, // U+0418
    { 10, 15, 198, 1, 15, 19, 6312 }, // U+0419
    { 9, 12, 174, 1, 12, 14, 6331 }, // U+041A
    { 11, 12, 205, 1, 12, 17, 6345 }, // U+041B
    { 12, 12, 237, 1, 12, 18, 6362 }, // U+041C
    { 9, 12, 191, 1, 12, 14, 6380 }, // U+041D
    { 11, 12, 200, 1, 12, 17, 6394 }, // U+041E
    { 9, 12, 189, 1, 12, 14, 6411 }, // U+041F
    { 9, 12, 175, 1, 12, 14, 6425 }, // U+0420
    { 11, 12, 189, 1, 12, 17, 6439 }, // U+0421
    { 9, 12, 156, 0, 12, 14, 6456 }, // U+0422
    { 9, 12, 150, 1, 12, 14, 6470 }, // U+0423
    { 13, 12, 225, 1, 12, 20, 6484 }, // U+0424
    { 10, 12, 169, 0, 12, 15, 6504 }, // U+0425
    { 11, 14, 209, 1, 12, 20, 6519 }, // U+0426
    { 9, 12, 176, 1, 12, 14, 6539 }, // U+0427
    { 12, 12, 249, 1, 12, 18, 6553 }, // U+0428
    { 14, 14, 269, 1, 12, 25, 6571 }, // U+0429
    { 11, 12, 198, 1, 12, 17, 6596 }, // U+042A
    { 12, 12, 234, 1, 12, 18, 6613 }, // U+042B
    { 9, 12, 178, 1, 12, 14, 6631 }, // U+042C
    { 11, 12, 198, 1, 12, 17, 6645 }, // U+042D
    { 15, 12, 269, 1, 12, 23, 6662 }, // U+042E
    { 9, 12, 184, 1, 12, 14, 6685 }, // U+042F
    { 9, 9, 151, 1, 9, 11, 6699 }, // U+0430
    { 9, 13, 162, 1, 13, 15, 6710 }, // U+0431
    { 8, 9, 160, 1, 9, 9, 6725 }, // U+0432
    { 7, 9, 130, 1, 9, 8, 6734 }, // U+0433
    { 11, 11, 188, 1, 9, 16, 6742 }, // U+0434
    { 8, 9, 154, 1, 9, 9, 6758 }, // U+0435
    { 14, 9, 241, 1, 9, 16, 6767 }, // U+0436
    { 8, 9, 145, 0, 9, 9, 6783 }, // U+0437
    { 7, 9, 155, 1, 9, 8, 6792 }, // U+0438
    { 7, 12, 155, 1, 12, 11, 6800 }, // U+0439
    { 8, 9, 163, 1, 9, 9, 6811 }, // U+043A
    { 10, 9, 181, 0, 9, 12, 6820 }, // U+043B
    { 10, 9, 194, 1, 9, 12, 6832 }, // U+043C
    { 7, 9, 156, 1, 9, 8, 6844 }, // U+043D
    { 8, 9, 157, 1, 9, 9, 6852 }, // U+043E
    { 7, 9, 158, 1, 9, 8, 6861 }, // U+043F
    { 8, 11, 162, 1, 9, 11, 6869 }, // U+0440
    { 8, 9, 150, 1, 9, 9, 6880 }, // U+0441
    { 8, 9, 151, 1, 9, 9, 6889 }, // U+0442
    { 8, 11, 148, 1, 9, 11, 6898 }, // U+0443
    { 10, 14, 178, 1, 12, 18, 6909 }, // U+0444
    { 8, 9, 162, 1, 9, 9, 6927 }, // U+0445
    { 9, 11, 180, 1, 9, 13, 6936 }, // U+0446
    { 8, 9, 165, 1, 9, 9, 6949 }, // U+0447
    { 12, 9, 218, 1, 9, 14, 6958 }, // U+0448
    { 13, 11, 238, 1, 9, 18, 6972 }, // U+0449
    { 9, 9, 174, 1, 9, 11, 6990 }, // U+044A
    { 11, 9, 219, 1, 9, 13, 7001 }, // U+044B
    { 8, 9, 157, 1, 9, 9, 7014 }, // U+044C
    { 8, 9, 155, 1, 9, 9, 7023 }, // U+044D
    { 12, 9, 216, 1, 9, 14, 7032 }, // U+044E
    { 7, 9, 160, 1, 9, 8, 7046 }, // U+044F
    { 8, 12, 154, 1, 12, 12, 7054 }, // U+0450
    { 8, 12, 154, 1, 12, 12, 7066 }, // U+0451
    { 8, 14, 168, 1, 12, 14, 7078 }, // U+0452
    { 7, 12, 130, 1, 12, 11, 7092 }, // U+0453
    { 8, 9, 155, 1, 9, 9, 7103 }, // U+0454
    { 7, 9, 144, 1, 9, 8, 7112 }, // U+0455
    { 2, 12, 68, 1, 12, 3, 7120 }, // U+0456
    { 5, 12, 68, 0, 12, 8, 7123 }, // U+0457
    { 4, 14, 76, 0, 12, 7, 7131 }, // U+0458
    { 16, 9, 270, 0, 9, 18, 7138 }, // U+0459
    { 13, 9, 245, 1, 9, 15, 7156 }, // U+045A
    { 8, 12, 158, 1, 12, 12, 7171 }, // U+045B
    { 8, 12, 163, 1, 12, 12, 7183 }, // U+045C
    { 7, 12, 155, 1, 12, 11, 7195 }, // U+045D
    { 9, 14, 148, 0, 12, 16, 7206 }, // U+045E
    { 8, 11, 158, 1, 9, 11, 7222 }, // U+045F
    { 15, 12, 245, 1, 12, 23, 7233 }, // U+0460
    { 13, 9, 210, 1, 9, 15, 7256 }, // U+0461
    { 11, 12, 199, 1, 12, 17, 7271 }, // U+0462
    { 10, 12, 182, 1, 12, 15, 7288 }, // U+0463
    { 13, 12, 246, 2, 12, 20, 7303 }, // U+0464
    { 11, 9, 198, 1, 9, 13, 7323 }, // U+0465
    { 12, 12, 182, 0, 12, 18, 7336 }, // U+0466
    { 10, 9, 153, 0, 9, 12, 7354 }, // U+0467
    { 14, 12, 248, 2, 12, 21, 7366 }, // U+0468
    { 12, 9, 208, 1, 9, 14, 7387 }, // U+0469
    { 11, 12, 188, 0, 12, 17, 7401 }, // U+046A
    { 11, 9, 193, 1, 9, 13, 7418 }, // U+046B
    { 15, 12, 262, 2, 12, 23, 7431 }, // U+046C
    { 12, 9, 226, 1, 9, 14, 7454 }, // U+046D
    { 8, 17, 157, 1, 14, 17, 7468 }, // U+046E
    { 8, 14, 131, 0, 11, 14, 7485 }, // U+046F
    { 10, 12, 214, 1, 12, 15, 7499 }, // U+0470
    { 10, 17, 203, 1, 13, 22, 7514 }, // U+0471
    { 11, 12, 200, 1, 12, 17, 7536 }, // U+0472
    { 8, 9, 157, 1, 9, 9, 7553 }, // U+0473
    { 12, 12, 197, 0, 12, 18, 7562 }, // U+0474
    { 9, 9, 161, 1, 9, 11, 7580 }, // U+0475
    { 11, 15, 169, 0, 15, 21, 7591 }, // U+0476
    { 9, 12, 138, 0, 12, 14, 7612 }, // U+0477
    { 19, 16, 325, 1, 12, 38, 7626 }, // U+0478
    { 17, 13, 292, 1, 9, 28, 7664 }, // U+0479
    { 12, 14, 219, 1, 13, 21, 7692 }, // U+047A
    { 9, 10, 176, 1, 9, 12, 7713 }, // U+047B
    { 15, 17, 274, 1, 17, 32, 7725 }, // U+047C
    { 13, 15, 241, 1, 15, 25, 7757 }, // U+047D
    { 15, 15, 245, 1, 15, 29, 7782 }, // U+047E
    { 13, 12, 210, 1, 12, 20, 7811 }, // U+047F
    { 10, 16, 172, 1, 12, 20, 7831 }, // U+0480
    { 7, 13, 131, 1, 9, 12, 7851 }, // U+0481
    { 8, 10, 162, 1, 10, 10, 7863 }, // U+0482
    { 6, 3, 0, -8, 12, 3, 7873 }, // U+0483
    { 6, 2, 0, -8, 12, 2, 7876 }, // U+0484
    { 2, 3, 0, -6, 13, 1, 7878 }, // U+0485
    { 2, 3, 0, -6, 13, 1, 7879 }, // U+0486
    { 6, 2, 0, -3, 15, 2, 7880 }, // U+0487
    { 19, 17, 0, -9, 13, 41, 7882 }, // U+0488
    { 18, 18, 0, -9, 13, 41, 7923 }, // U+0489
    { 12, 18, 209, 2, 15, 27, 7964 }, // U+048A
    { 10, 16, 176, 1, 13, 20, 7991 }, // U+048B
    { 9, 12, 164, 1, 12, 14, 8011 }, // U+048C
    { 9, 13, 158, 1, 13, 15, 8025 }, // U+048D
    { 8, 12, 164, 2, 12, 12, 8040 }, // U+048E
    { 8, 13, 164, 1, 9, 13, 8052 }, // U+048F
    { 7, 15, 140, 1, 15, 14, 8065 }, // U+0490
    { 6, 12, 118, 1, 12, 9, 8079 }, // U+0491
    { 9, 12, 171, 1, 12, 14, 8088 }, // U+0492
    { 8, 9, 144, 1, 9, 9, 8102 }, // U+0493
    { 9, 16, 174, 2, 12, 18, 8111 }, // U+0494
    { 7, 13, 142, 1, 9, 12, 8129 }, // U+0495
    { 16, 14, 266, 0, 12, 28, 8141 }, // U+0496
    { 14, 11, 244, 1, 9, 20, 8169 }, // U+0497
    { 8, 16, 154, 1, 12, 16, 8189 }, // U+0498
    { 7, 13, 130, 1, 9, 12, 8205 }, // U+0499
    { 10, 14, 182, 1, 12, 18, 8217 }, // U+049A
    { 9, 11, 167, 1, 9, 13, 8235 }, // U+049B
    { 9, 12, 167, 2, 12, 14, 8248 }, // U+049C
    { 7, 9, 141, 1, 9, 8, 8262 }, // U+049D
    { 10, 12, 167, 1, 12, 15, 8270 }, // U+049E
    { 9, 12, 142, 1, 12, 14, 8285 }, // U+049F
    { 12, 12, 185, 0, 12, 18, 8299 }, // U+04A0
    { 11, 9, 166, 0, 9, 13, 8317 }, // U+04A1
    { 10, 14, 204, 1, 12, 18, 8330 }, // U+04A2
    { 9, 11, 178, 1, 9, 13, 8348 }, // U+04A3
    { 12, 12, 217, 2, 12, 18, 8361 }, // U+04A4
    { 11, 9, 197, 1, 9, 13, 8379 }, // U+04A5
    { 16, 16, 282, 2, 12, 32, 8392 }, // U+04A6
    { 13, 13, 230, 1, 9, 22, 8424 }, // U+04A7
    { 12, 12, 208, 1, 12, 18, 8446 }, // U+04A8
    { 9, 9, 171, 1, 9, 11, 8464 }, // U+04A9
    { 9, 16, 169, 1, 12, 18, 8475 }, // U+04AA
    { 7, 13, 128, 1, 9, 12, 8493 }, // U+04AB
    { 9, 15, 148, 1, 12, 17, 8505 }, // U+04AC
    { 7, 12, 127, 1, 9, 11, 8522 }, // U+04AD
    { 10, 12, 158, 0, 12, 15, 8533 }, // U+04AE
    { 8, 11, 149, 1, 9, 11, 8548 }, // U+04AF
    { 10, 12, 176, 0, 12, 15, 8559 }, // U+04B0
    { 8, 11, 149, 1, 9, 11, 8574 }, // U+04B1
    { 11, 14, 183, 0, 12, 20, 8585 }, // U+04B2
    { 9, 11, 171, 1, 9, 13, 8605 }, // U+04B3
    { 14, 15, 230, 1, 12, 27, 8618 }, // U+04B4
    { 12, 12, 193, 1, 9, 18, 8645 }, // U+04B5
    { 10, 14, 191, 1, 12, 18, 8663 }, // U+04B6
    { 9, 11, 182, 1, 9, 13, 8681 }, // U+04B7
    { 9, 12, 186, 1, 12, 14, 8694 }, // U+04B8
    { 8, 9, 162, 1, 9, 9, 8708 }, // U+04B9
    { 9, 12, 176, 1, 12, 14, 8717 }, // U+04BA
    { 7, 12, 158, 1, 12, 11, 8731 }, // U+04BB
    { 13, 12, 226, 1, 12, 20, 8742 }, // U+04BC
    { 10, 9, 177, 1, 9, 12, 8762 }, // U+04BD
    { 13, 15, 226, 1, 12, 25, 8774 }, // U+04BE
    { 10, 12, 177, 1, 9, 15, 8799 }, // U+04BF
    { 2, 12, 75, 1, 12, 3, 8814 }, // U+04C0
    { 16, 15, 241, 0, 15, 30, 8817 }, // U+04C1
    { 12, 12, 202, 1, 12, 18, 8847 }, // U+04C2
    { 9, 16, 186, 2, 12, 18, 8865 }, // U+04C3
    { 8, 13, 149, 1, 9, 13, 8883 }, // U+04C4
    { 13, 15, 192, 0, 12, 25, 8896 }, // U+04C5
    { 11, 12, 157, 0, 9, 17, 8921 }, // U+04C6
    { 9, 16, 195, 2, 12, 18, 8938 }, // U+04C7
    { 8, 13, 166, 1, 9, 13, 8956 }, // U+04C8
    { 11, 15, 202, 2, 12, 21, 8969 }, // U+04C9
    { 10, 12, 177, 1, 9, 15, 8990 }, // U+04CA
    { 9, 15, 186, 1, 12, 17, 9005 }, // U+04CB
    { 8, 12, 164, 1, 9, 12, 9022 }, // U+04CC
    { 14, 15, 245, 2, 12, 27, 9034 }, // U+04CD
    { 12, 12, 201, 1, 9, 18, 9061 }, // U+04CE
    { 2, 12, 74, 1, 12, 3, 9079 }, // U+04CF
    { 11, 15, 170, 0, 15, 21, 9082 }, // U+04D0
    { 8, 12, 150, 1, 12, 12, 9103 }, // U+04D1
    { 11, 15, 170, 0, 15, 21, 9115 }, // U+04D2
    { 8, 12, 150, 1, 12, 12, 9136 }, // U+04D3
    { 14, 12, 235, -1, 12, 21, 9148 }, // U+04D4
    { 12, 9, 230, 1, 9, 14, 9169 }, // U+04D5
    { 7, 15, 148, 2, 15, 14, 9183 }, // U+04D6
    { 8, 13, 150, 1, 13, 13, 9197 }, // U+04D7
    { 11, 12, 194, 1, 12, 17, 9210 }, // U+04D8
    { 9, 9, 154, 0, 9, 11, 9227 }, // U+04D9
    { 10, 15, 197, 1, 15, 19, 9238 }, // U+04DA
    { 8, 12, 150, 1, 12, 12, 9257 }, // U+04DB
    { 16, 15, 241, 0, 15, 30, 9269 }, // U+04DC
    { 12, 12, 202, 0, 12, 18, 9299 }, // U+04DD
    { 9, 15, 154, 0, 15, 17, 9317 }, // U+04DE
    { 7, 12, 130, 1, 12, 11, 9334 }, // U+04DF
    { 9, 12, 156, 0, 12, 14, 9345 }, // U+04E0
    { 8, 13, 133, 1, 9, 13, 9359 }, // U+04E1
    { 10, 14, 198, 1, 14, 18, 9372 }, // U+04E2
    { 7, 12, 155, 1, 12, 11, 9390 }, // U+04E3
    { 10, 15, 202, 2, 15, 19, 9401 }, // U+04E4
    { 8, 12, 166, 1, 12, 12, 9420 }, // U+04E5
    { 11, 15, 208, 1, 15, 21, 9432 }, // U+04E6
    { 8, 12, 161, 1, 12, 12, 9453 }, // U+04E7
    { 11, 12, 200, 1, 12, 17, 9465 }, // U+04E8
    { 8, 9, 158, 1, 9, 9, 9482 }, // U+04E9
    { 11, 15, 209, 1, 15, 21, 9491 }, // U+04EA
    { 8, 12, 161, 1, 12, 12, 9512 }, // U+04EB
    { 9, 15, 173, 1, 15, 17, 9524 }, // U+04EC
    { 7, 12, 132, 0, 12, 11, 9541 }, // U+04ED
    { 9, 14, 150, 1, 14, 16, 9552 }, // U+04EE
    { 9, 14, 148, 0, 12, 16, 9568 }, // U+04EF
    { 11, 15, 164, 0, 15, 21, 9584 }, // U+04F0
    { 9, 16, 136, 0, 12, 18, 9605 }, // U+04F1
    { 10, 15, 164, 0, 15, 19, 9623 }, // U+04F2
    { 8, 16, 136, 0, 12, 16, 9642 }, // U+04F3
    { 9, 15, 180, 1, 15, 17, 9658 }, // U+04F4
    { 8, 12, 157, 1, 12, 12, 9675 }, // U+04F5
    { 7, 15, 141, 2, 12, 14, 9687 }, // U+04F6
    { 6, 12, 116, 1, 9, 9, 9701 }, // U+04F7
    { 11, 15, 226, 2, 15, 21, 9710 }, // U+04F8
    { 10, 12, 202, 1, 12, 15, 9731 }, // U+04F9
    { 8, 15, 141, 1, 12, 15, 9746 }, // U+04FA
    { 7, 12, 116, 1, 9, 11, 9761 }, // U+04FB
    { 11, 15, 169, 0, 12, 21, 9772 }, // U+04FC
    { 9, 12, 147, 0, 9, 14, 9793 }, // U+04FD
    { 10, 12, 156, 0, 12, 15, 9807 }, // U+04FE
    { 9, 9, 141, 0, 9, 11, 9822 }, // U+04FF
    { 10, 10, 168, 0, 10, 13, 9833 }, // U+05D0
    { 8, 10, 148, 1, 10, 10, 9846 }, // U+05D1
    { 6, 10, 103, 1, 10, 8, 9856 }, // U+05D2
    { 9, 10, 142, 0, 10, 12, 9864 }, // U+05D3
    { 8, 10, 165, 1, 10, 10, 9876 }, // U+05D4
    { 3, 10, 83, 1, 10, 4, 9886 }, // U+05D5
    { 5, 10, 91, 0, 10, 7, 9890 }, // U+05D6
    { 9, 10, 173, 0, 10, 12, 9897 }, // U+05D7
    { 9, 10, 166, 1, 10, 12, 9909 }, // U+05D8
    { 3, 5, 82, 1, 10, 2, 9921 }, // U+05D9
    { 7, 13, 142, 1, 10, 12, 9923 }, // U+05DA
    { 7, 10, 133, 1, 10, 9, 9935 }, // U+05DB
    { 8, 13, 139, 1, 13, 13, 9944 }, // U+05DC
    { 9, 10, 177, 1, 10, 12, 9957 }, // U+05DD
    { 10, 10, 175, 0, 10, 13, 9969 }, // U+05DE
    { 3, 13, 88, 1, 10, 5, 9982 }, // U+05DF
    { 5, 10, 101, 0, 10, 7, 9987 }, // U+05E0
    { 9, 10, 170, 1, 10, 12, 9994 }, // U+05E1
    { 9, 10, 158, 0, 10, 12, 10006 }, // U+05E2
    { 9, 13, 164, 1, 10, 15, 10018 }, // U+05E3
    { 8, 10, 159, 1, 10, 10, 10033 }, // U+05E4
    { 8, 13, 144, 0, 10, 13, 10043 }, // U+05E5
    { 8, 10, 149, 1, 10, 10, 10056 }, // U+05E6
    { 9, 13, 165, 1, 10, 15, 10066 }, // U+05E7
    { 7, 10, 137, 0, 10, 9, 10081 }, // U+05E8
    { 10, 10, 195, 1, 10, 13, 10090 }, // U+05E9
    { 10, 10, 180, 0, 10, 13, 10103 }, // U+05EA
    { 3, 4, 85, 1, 4, 2, 10116 }, // U+060C
    { 3, 10, 89, 1, 10, 4, 10118 }, // U+061B
    { 7, 12, 124, 0, 12, 11, 10122 }, // U+061F
    { 7, 8, 117, 0, 7, 7, 10133 }, // U+0621
    { 6, 2, 71, 0, 2, 2, 10140 }, // U+0640
    { 3, 4, 143, 3, 7, 2, 10142 }, // U+0660
    { 3, 11, 143, 3, 11, 5, 10144 }, // U+0661
    { 7, 11, 143, 1, 11, 10, 10149 }, // U+0662
    { 9, 11, 143, 0, 11, 13, 10159 }, // U+0663
    { 7, 11, 143, 1, 11, 10, 10172 }, // U+0664
    { 7, 9, 143, 1, 9, 8, 10182 }, // U+0665
    { 7, 11, 143, 1, 11, 10, 10190 }, // U+0666
    { 9, 12, 143, 0, 12, 14, 10200 }, // U+0667
    { 9, 11, 143, 0, 11, 13, 10214 }, // U+0668
    { 7, 11, 143, 1, 11, 10, 10227 }, // U+0669
    { 10, 10, 182, 1, 6, 13, 10237 }, // U+06BA
    { 4, 1, 79, 1, 1, 1, 10250 }, // U+06D4
    { 3, 4, 143, 3, 7, 2, 10251 }, // U+06F0
    { 3, 11, 143, 3, 11, 5, 10253 }, // U+06F1
    { 7, 11, 143, 1, 11, 10, 10258 }, // U+06F2
    { 9, 11, 143, 0, 11, 13, 10268 }, // U+06F3
    { 7, 11, 143, 1, 11, 10, 10281 }, // U+06F4
    { 7, 11, 143, 1, 11, 10, 10291 }, // U+06F5
    { 7, 11, 143, 1, 11, 10, 10301 }, // U+06F6
    { 9, 12, 143, 0, 12, 14, 10311 }, // U+06F7
    { 9, 11, 143, 0, 11, 13, 10325 }, // U+06F8
    { 7, 11, 143, 1, 11, 10, 10338 }, // U+06F9
    { 11, 15, 170, 0, 12, 21, 10348 }, // U+1EA0
    { 8, 12, 150, 1, 9, 12, 10369 }, // U+1EA1
    { 11, 17, 170, 0, 17, 24, 10381 }, // U+1EA2
    { 8, 14, 150, 1, 14, 14, 10405 }, // U+1EA3
    { 11, 16, 170, 0, 16, 22, 10419 }, // U+1EA4
    { 9, 14, 150, 1, 14, 16, 10441 }, // U+1EA5
    { 11, 16, 170, 0, 16, 22, 10457 }, // U+1EA6
    { 8, 14, 150, 1, 14, 14, 10479 }, // U+1EA7
    { 10, 17, 170, 0, 17, 22, 10493 }, // U+1EA8
    { 8, 15, 150, 1, 15, 15, 10515 }, // U+1EA9
    { 11, 17, 170, 0, 17, 24, 10530 }, // U+1EAA
    { 8, 14, 150, 1, 14, 14, 10554 }, // U+1EAB
    { 11, 19, 170, 0, 16, 27, 10568 }, // U+1EAC
    { 8, 15, 150, 1, 12, 15, 10595 }, // U+1EAD
    { 11, 17, 170, 0, 17, 24, 10610 }, // U+1EAE
    { 8, 14, 150, 1, 14, 14, 10634 }, // U+1EAF
    { 11, 17, 170, 0, 17, 24, 10648 }, // U+1EB0
    { 8, 14, 150, 1, 14, 14, 10672 }, // U+1EB1
    { 11, 17, 170, 0, 17, 24, 10686 }, // U+1EB2
    { 8, 15, 150, 1, 15, 15, 10710 }, // U+1EB3
    { 11, 17, 170, 0, 17, 24, 10725 }, // U+1EB4
    { 8, 15, 150, 1, 15, 15, 10749 }, // U+1EB5
    { 10, 18, 170, 0, 15, 23, 10764 }, // U+1EB6
    { 8, 15, 150, 1, 12, 15, 10787 }, // U+1EB7
    { 6, 15, 148, 2, 12, 12, 10802 }, // U+1EB8
    { 8, 12, 150, 1, 9, 12, 10814 }, // U+1EB9
    { 7, 17, 148, 2, 17, 15, 10826 }, // U+1EBA
    { 8, 14, 150, 1, 14, 14, 10841 }, // U+1EBB
    { 8, 15, 162, 1, 15, 15, 10855 }, // U+1EBC
    { 8, 12, 154, 1, 12, 12, 10870 }, // U+1EBD
    { 8, 16, 148, 2, 16, 16, 10882 }, // U+1EBE
    { 9, 14, 150, 1, 14, 16, 10898 }, // U+1EBF
    { 8, 16, 148, 1, 16, 16, 10914 }, // U+1EC0
    { 8, 14, 150, 1, 14, 14, 10930 }, // U+1EC1
    { 8, 17, 148, 2, 17, 17, 10944 }, // U+1EC2
    { 8, 15, 150, 1, 15, 15, 10961 }, // U+1EC3
    { 7, 17, 148, 2, 17, 15, 10976 }, // U+1EC4
    { 8, 14, 150, 1, 14, 14, 10991 }, // U+1EC5
    { 6, 19, 148, 2, 16, 15, 11005 }, // U+1EC6
    { 8, 15, 150, 1, 12, 15, 11020 }, // U+1EC7
    { 4, 16, 90, 1, 16, 8, 11035 }, // U+1EC8
    { 3, 14, 69, 1, 14, 6, 11043 }, // U+1EC9
    { 4, 15, 90, 1, 12, 8, 11049 }, // U+1ECA
    { 2, 15, 69, 1, 12, 4, 11057 }, // U+1ECB
    { 11, 15, 208, 1, 12, 21, 11061 }, // U+1ECC
    { 8, 12, 161, 1, 9, 12, 11082 }, // U+1ECD
    { 11, 16, 208, 1, 16, 22, 11094 }, // U+1ECE
    { 8, 14, 161, 1, 14, 14, 11116 }, // U+1ECF
    { 11, 17, 208, 1, 17, 24, 11130 }, // U+1ED0
    { 8, 14, 161, 1, 14, 14, 11154 }, // U+1ED1
    { 11, 17, 208, 1, 17, 24, 11168 }, // U+1ED2
    { 8, 14, 161, 1, 14, 14, 11192 }, // U+1ED3
    { 11, 17, 208, 1, 17, 24, 11206 }, // U+1ED4
    { 8, 15, 161, 1, 15, 15, 11230 }, // U+1ED5
    { 11, 17, 208, 1, 17, 24, 11245 }, // U+1ED6
    { 8, 14, 161, 1, 14, 14, 11269 }, // U+1ED7
    { 11, 19, 208, 1, 16, 27, 11283 }, // U+1ED8
    { 8, 15, 161, 1, 12, 15, 11310 }, // U+1ED9
    { 12, 16, 209, 1, 16, 24, 11325 }, // U+1EDA
    { 10, 12, 164, 1, 12, 15, 11349 }, // U+1EDB
    { 12, 16, 209, 1, 16, 24, 11364 }, // U+1EDC
    { 10, 12, 164, 1, 12, 15, 11388 }, // U+1EDD
    { 12, 17, 209, 1, 17, 26, 11403 }, // U+1EDE
    { 10, 14, 164, 1, 14, 18, 11429 }, // U+1EDF
    { 12, 15, 209, 1, 15, 23, 11447 }, // U+1EE0
    { 10, 12, 164, 1, 12, 15, 11470 }, // U+1EE1
    { 12, 15, 209, 1, 12, 23, 11485 }, // U+1EE2
    { 10, 14, 164, 1, 11, 18, 11508 }, // U+1EE3
    { 9, 15, 195, 1, 12, 17, 11526 }, // U+1EE4
    { 8, 12, 165, 1, 9, 12, 11543 }, // U+1EE5
    { 9, 16, 195, 1, 16, 18, 11555 }, // U+1EE6
    { 8, 14, 165, 1, 14, 14, 11573 }, // U+1EE7
    { 12, 16, 208, 1, 16, 24, 11587 }, // U+1EE8
    { 11, 12, 180, 1, 12, 17, 11611 }, // U+1EE9
    { 12, 16, 208, 1, 16, 24, 11628 }, // U+1EEA
    { 11, 12, 180, 1, 12, 17, 11652 }, // U+1EEB
    { 12, 16, 208, 1, 16, 24, 11669 }, // U+1EEC
    { 11, 14, 180, 1, 14, 20, 11693 }, // U+1EED
    { 12, 15, 208, 1, 15, 23, 11713 }, // U+1EEE
    { 11, 12, 180, 1, 12, 17, 11736 }, // U+1EEF
    { 12, 15, 208, 1, 12, 23, 11753 }, // U+1EF0
    { 11, 13, 180, 1, 10, 18, 11776 }, // U+1EF1
    { 10, 15, 158, 0, 15, 19, 11794 }, // U+1EF2
    { 8, 14, 148, 1, 12, 14, 11813 }, // U+1EF3
    { 10, 15, 151, 0, 12, 19, 11827 }, // U+1EF4
    { 9, 13, 136, 0, 9, 15, 11846 }, // U+1EF5
    { 10, 16, 151, 0, 16, 20, 11861 }, // U+1EF6
    { 8, 18, 136, 0, 14, 18, 11881 }, // U+1EF7
    { 10, 15, 158, 0, 15, 19, 11899 }, // U+1EF8
    { 8, 14, 148, 1, 12, 14, 11918 }, // U+1EF9
    { 1, 1, 133, 0, 1, 1, 11932 }, // U+2000
    { 1, 1, 267, 0, 1, 1, 11933 }, // U+2001
    { 1, 1, 133, 0, 1, 1, 11934 }, // U+2002
    { 1, 1, 267, 0, 1, 1, 11935 }, // U+2003
    { 1, 1, 89, 0, 1, 1, 11936 }, // U+2004
    { 1, 1, 67, 0, 1, 1, 11937 }, // U+2005
    { 1, 1, 45, 0, 1, 1, 11938 }, // U+2006
    { 1, 1, 153, 0, 1, 1, 11939 }, // U+2007
    { 1, 1, 71, 0, 1, 1, 11940 }, // U+2008
    { 1, 1, 44, 0, 1, 1, 11941 }, // U+2009
    { 1, 1, 27, 0, 1, 1, 11942 }, // U+200A
    { 1, 1, 0, 0, 1, 1, 11943 }, // U+200B
    { 1, 1, 0, 0, 1, 1, 11944 }, // U+200C
    { 1, 1, 0, 0, 1, 1, 11945 }, // U+200D
    { 4, 14, 0, 0, 11, 7, 11946 }, // U+200E
    { 4, 14, 0, -3, 11, 7, 11953 }, // U+200F
    { 4, 1, 86, 1, 5, 1, 11960 }, // U+2010
    { 4, 1, 86, 1, 5, 1, 11961 }, // U+2011
    { 8, 1, 153, 1, 6, 1, 11962 }, // U+2012
    { 8, 1, 158, 1, 5, 1, 11963 }, // U+2013
    { 14, 1, 242, 1, 5, 2, 11964 }, // U+2014
    { 15, 1, 267, 1, 5, 2, 11966 }, // U+2015
    { 5, 16, 147, 2, 12, 10, 11968 }, // U+2016
    { 7, 3, 110, 0, -1, 3, 11978 }, // U+2017
    { 2, 4, 58, 1, 12, 1, 11981 }, // U+2018
    { 2, 4, 58, 1, 12, 1, 11982 }, // U+2019
    { 2, 3, 57, 1, 1, 1, 11983 }, // U+201A
    { 3, 4, 47, 0, 12, 2, 11984 }, // U+201B
    { 5, 4, 106, 1, 12, 3, 11986 }, // U+201C
    { 5, 4, 106, 1, 12, 3, 11989 }, // U+201D
    { 5, 3, 105, 1, 1, 2, 11992 }, // U+201E
    { 6, 4, 96, 0, 12, 3, 11994 }, // U+201F
    { 8, 12, 156, 1, 12, 12, 11997 }, // U+2020
    { 8, 12, 156, 1, 12, 12, 12009 }, // U+2021
    { 4, 4, 88, 1, 7, 2, 12021 }, // U+2022
    { 4, 5, 98, 1, 9, 3, 12023 }, // U+2023
    { 2, 2, 133, 3, 2, 1, 12026 }, // U+2024
    { 7, 2, 143, 1, 2, 2, 12027 }, // U+2025
    { 8, 1, 163, 1, 1, 1, 12029 }, // U+2026
    { 2, 2, 71, 1, 5, 1, 12030 }, // U+2027
    { 1, 1, 160, 0, 1, 1, 12031 }, // U+2028
    { 1, 1, 160, 0, 1, 1, 12032 }, // U+2029
    { 4, 13, 0, 0, 10, 7, 12033 }, // U+202A
    { 4, 13, 0, -3, 10, 7, 12040 }, // U+202B
    { 4, 13, 0, -2, 11, 7, 12047 }, // U+202C
    { 4, 14, 0, -2, 12, 7, 12054 }, // U+202D
    { 4, 14, 0, -2, 12, 7, 12061 }, // U+202E
    { 1, 1, 44, 0, 1, 1, 12068 }, // U+202F
    { 19, 12, 316, 1, 12, 29, 12069 }, // U+2030
    { 25, 12, 412, 1, 12, 38, 12098 }, // U+2031
    { 2, 4, 60, 1, 12, 1, 12136 }, // U+2032
    { 4, 4, 98, 1, 12, 2, 12137 }, // U+2033
    { 9, 4, 156, 1, 12, 5, 12139 }, // U+2034
    { 3, 4, 62, 0, 12, 2, 12144 }, // U+2035
    { 6, 4, 117, 0, 12, 3, 12146 }, // U+2036
    { 9, 4, 161, 0, 12, 5, 12149 }, // U+2037
    { 6, 6, 106, 0, 2, 5, 12154 }, // U+2038
    { 4, 6, 93, 1, 7, 3, 12159 }, // U+2039
    { 4, 6, 93, 1, 7, 3, 12162 }, // U+203A
    { 12, 12, 223, 1, 12, 18, 12165 }, // U+203B
    { 6, 12, 133, 1, 12, 9, 12183 }, // U+203C
    { 7, 12, 118, 0, 12, 11, 12192 }, // U+203D
    { 8, 1, 133, 0, 14, 1, 12203 }, // U+203E
    { 10, 4, 162, 0, 0, 5, 12204 }, // U+203F
    { 10, 4, 162, 0, 13, 5, 12209 }, // U+2040
    { 6, 10, 100, 0, 6, 8, 12214 }, // U+2041
    { 18, 15, 298, 0, 12, 34, 12222 }, // U+2042
    { 4, 1, 86, 1, 5, 1, 12256 }, // U+2043
    { 9, 12, 45, -3, 12, 14, 12257 }, // U+2044
    { 4, 14, 86, 1, 12, 7, 12271 }, // U+2045
    { 4, 14, 86, 1, 12, 7, 12278 }, // U+2046
    { 14, 12, 228, 0, 12, 21, 12285 }, // U+2047
    { 10, 12, 181, 0, 12, 15, 12306 }, // U+2048
    { 10, 12, 182, 1, 12, 15, 12321 }, // U+2049
    { 8, 9, 153, 1, 9, 9, 12336 }, // U+204A
    { 8, 15, 175, 2, 12, 15, 12345 }, // U+204B
    { 8, 8, 170, 1, 9, 8, 12360 }, // U+204C
    { 8, 8, 170, 1, 9, 8, 12368 }, // U+204D
    { 7, 7, 147, 1, 4, 7, 12376 }, // U+204E
    { 3, 11, 63, 1, 9, 5, 12383 }, // U+204F
    { 10, 17, 161, 0, 13, 22, 12388 }, // U+2050
    { 7, 16, 147, 1, 12, 14, 12410 }, // U+2051
    { 6, 12, 99, 1, 12, 9, 12424 }, // U+2052
    { 14, 3, 267, 1, 7, 6, 12433 }, // U+2053
    { 10, 4, 161, 0, 0, 5, 12439 }, // U+2054
    { 8, 8, 153, 1, 8, 8, 12444 }, // U+2055
    { 7, 12, 138, 1, 12, 11, 12452 }, // U+2056
    { 12, 4, 198, 1, 12, 6, 12463 }, // U+2057
    { 12, 12, 219, 1, 12, 18, 12469 }, // U+2058
    { 12, 12, 221, 1, 12, 18, 12487 }, // U+2059
    { 2, 12, 59, 1, 12, 3, 12505 }, // U+205A
    { 9, 12, 174, 1, 12, 14, 12508 }, // U+205B
    { 12, 12, 212, 1, 12, 18, 12522 }, // U+205C
    { 2, 12, 71, 1, 12, 3, 12540 }, // U+205D
    { 2, 12, 71, 1, 12, 3, 12543 }, // U+205E
    { 1, 1, 59, 0, 1, 1, 12546 }, // U+205F
    { 1, 1, 160, 0, 1, 1, 12547 }, // U+2060
    { 1, 1, 160, 0, 1, 1, 12548 }, // U+2061
    { 1, 1, 160, 0, 1, 1, 12549 }, // U+2062
    { 1, 1, 160, 0, 1, 1, 12550 }, // U+2063
    { 1, 1, 160, 0, 1, 1, 12551 }, // U+2064
    { 1, 1, 0, 0, 1, 1, 12552 }, // U+2066
    { 1, 1, 0, 0, 1, 1, 12553 }, // U+2067
    { 1, 1, 0, 0, 1, 1, 12554 }, // U+2068
    { 1, 1, 0, 0, 1, 1, 12555 }, // U+2069
    { 5, 14, 0, -2, 12, 9, 12556 }, // U+206A
    { 3, 14, 0, -2, 12, 6, 12565 }, // U+206B
    { 5, 14, 0, -2, 12, 9, 12571 }, // U+206C
    { 5, 14, 0, -2, 12, 9, 12580 }, // U+206D
    { 5, 14, 0, -2, 12, 9, 12589 }, // U+206E
    { 5, 14, 0, -2, 12, 9, 12598 }, // U+206F
    { 5, 7, 108, 1, 12, 5, 12607 }, // U+2070
    { 1, 7, 45, 1, 12, 1, 12612 }, // U+2071
    { 5, 7, 91, 1, 12, 5, 12613 }, // U+2074
    { 5, 7, 95, 0, 12, 5, 12618 }, // U+2075
    { 5, 7, 102, 1, 12, 5, 12623 }, // U+2076
    { 4, 7, 81, 1, 12, 4, 12628 }, // U+2077
    { 5, 7, 97, 1, 12, 5, 12632 }, // U+2078
    { 5, 7, 102, 1, 12, 5, 12637 }, // U+2079
    { 5, 4, 90, 0, 12, 3, 12642 }, // U+207A
    { 4, 1, 90, 1, 10, 1, 12645 }, // U+207B
    { 4, 3, 90, 1, 11, 2, 12646 }, // U+207C
    { 3, 9, 60, 1, 15, 4, 12648 }, // U+207D
    { 3, 9, 60, 0, 15, 4, 12652 }, // U+207E
    { 5, 5, 107, 1, 10, 4, 12656 }, // U+207F
    { 5, 7, 108, 1, 5, 5, 12660 }, // U+2080
    { 3, 7, 68, 0, 5, 3, 12665 }, // U+2081
    { 4, 7, 95, 1, 5, 4, 12668 }, // U+2082
    { 4, 7, 92, 1, 5, 4, 12672 }, // U+2083
    { 5, 7, 91, 1, 5, 5, 12676 }, // U+2084
    { 5, 7, 95, 0, 5, 5, 12681 }, // U+2085
    { 5, 7, 102, 1, 5, 5, 12686 }, // U+2086
    { 4, 7, 81, 1, 5, 4, 12691 }, // U+2087
    { 5, 7, 97, 1, 5, 5, 12695 }, // U+2088
    { 5, 7, 102, 1, 5, 5, 12700 }, // U+2089
    { 5, 4, 90, 0, 2, 3, 12705 }, // U+208A
    { 4, 1, 90, 1, 2, 1, 12708 }, // U+208B
    { 4, 3, 90, 1, 3, 2, 12709 }, // U+208C
    { 3, 9, 60, 1, 6, 4, 12711 }, // U+208D
    { 3, 9, 60, 0, 6, 4, 12715 }, // U+208E
    { 5, 6, 97, 1, 4, 4, 12719 }, // U+2090
    { 5, 6, 98, 1, 4, 4, 12723 }, // U+2091
    { 5, 6, 105, 1, 4, 4, 12727 }, // U+2092
    { 6, 6, 92, 0, 4, 5, 12731 }, // U+2093
    { 5, 6, 98, 1, 4, 4, 12736 }, // U+2094
    { 5, 8, 107, 1, 6, 5, 12740 }, // U+2095
    { 5, 8, 93, 1, 6, 5, 12745 }, // U+2096
    { 1, 8, 45, 1, 6, 1, 12750 }, // U+2097
    { 9, 6, 162, 1, 4, 7, 12751 }, // U+2098
    { 5, 6, 107, 1, 4, 4, 12758 }, // U+2099
    { 5, 8, 107, 1, 4, 5, 12762 }, // U+209A
    { 4, 6, 83, 1, 4, 3, 12767 }, // U+209B
    { 4, 7, 63, 0, 5, 4, 12770 }, // U+209C
    { 8, 12, 153, 1, 12, 12, 12774 }, // U+20A0
    { 8, 14, 153, 1, 12, 14, 12786 }, // U+20A1
    { 8, 12, 153, 1, 12, 12, 12800 }, // U+20A2
    { 7, 12, 153, 1, 12, 11, 12812 }, // U+20A3
    { 8, 12, 153, 1, 12, 12, 12823 }, // U+20A4
    { 12, 13, 249, 1, 11, 20, 12835 }, // U+20A5
    { 9, 12, 153, 1, 12, 14, 12855 }, // U+20A6
    { 11, 12, 207, 1, 12, 17, 12869 }, // U+20A7
    { 12, 12, 222, 1, 12, 18, 12886 }, // U+20A8
    { 11, 12, 179, 1, 12, 17, 12904 }, // U+20A9
    { 11, 12, 214, 1, 12, 17, 12921 }, // U+20AA
    { 9, 14, 165, 1, 12, 16, 12938 }, // U+20AB
    { 11, 12, 197, 1, 12, 17, 12954 }, // U+20AC
    { 9, 12, 153, 1, 12, 14, 12971 }, // U+20AD
    { 9, 12, 153, 1, 12, 14, 12985 }, // U+20AE
    { 15, 16, 259, 1, 12, 30, 12999 }, // U+20AF
    { 9, 16, 153, 0, 12, 18, 13029 }, // U+20B0
    { 9, 12, 153, 1, 12, 14, 13047 }, // U+20B1
    { 10, 13, 194, 1, 12, 17, 13061 }, // U+20B2
    { 10, 12, 162, 1, 12, 15, 13078 }, // U+20B3
    { 10, 12, 183, 1, 12, 15, 13093 }, // U+20B4
    { 9, 13, 169, 1, 12, 15, 13108 }, // U+20B5
    { 10, 11, 166, 1, 11, 14, 13123 }, // U+20B6
    { 11, 13, 194, 1, 12, 18, 13137 }, // U+20B7
    { 9, 12, 146, 1, 12, 14, 13155 }, // U+20B8
    { 10, 12, 184, 1, 12, 15, 13169 }, // U+20B9
    { 9, 12, 153, 0, 12, 14, 13184 }, // U+20BA
    { 12, 12, 208, 1, 12, 18, 13198 }, // U+20BB
    { 12, 12, 216, 1, 12, 18, 13216 }, // U+20BC
    { 11, 12, 192, 0, 12, 17, 13234 }, // U+20BD
    { 11, 12, 206, 1, 12, 17, 13251 }, // U+20BE
    { 8, 16, 153, 2, 14, 16, 13268 }, // U+20BF
    { 6, 11, 132, 1, 9, 9, 13284 }, // U+20C0
    { 12, 9, 213, 1, 10, 14, 13293 }, // U+2190
    { 10, 12, 189, 1, 12, 15, 13307 }, // U+2191
    { 12, 9, 213, 1, 10, 14, 13322 }, // U+2192
    { 10, 12, 189, 1, 12, 15, 13336 }, // U+2193
    { 16, 9, 280, 1, 10, 18, 13351 }, // U+2194
    { 10, 15, 189, 1, 13, 19, 13369 }, // U+2195
    { 8, 9, 167, 1, 12, 9, 13388 }, // U+2196
    { 9, 9, 167, 0, 12, 11, 13397 }, // U+2197
    { 9, 9, 168, 0, 9, 11, 13408 }, // U+2198
    { 9, 9, 168, 1, 9, 11, 13419 }, // U+2199
    { 9, 4, 173, 1, 7, 5, 13430 }, // U+219D
    { 9, 9, 175, 1, 11, 11, 13435 }, // U+21A9
    { 9, 9, 175, 1, 11, 11, 13446 }, // U+21AA
    { 9, 10, 177, 1, 10, 12, 13457 }, // U+21B0
    { 9, 10, 177, 0, 10, 12, 13469 }, // U+21B1
    { 9, 10, 177, 0, 12, 12, 13481 }, // U+21B3
    { 9, 12, 177, 1, 12, 14, 13493 }, // U+21B4
    { 9, 10, 177, 1, 12, 12, 13507 }, // U+21B5
    { 9, 6, 178, 1, 9, 7, 13519 }, // U+21E4
    { 9, 6, 178, 1, 9, 7, 13526 }, // U+21E5
    { 14, 12, 220, 0, 12, 21, 13533 }, // U+21E7
    { 8, 12, 144, 1, 12, 12, 13554 }, // U+2202
    { 10, 11, 173, 0, 11, 14, 13566 }, // U+2206
    { 10, 14, 165, 0, 12, 18, 13580 }, // U+220F
    { 8, 12, 143, 0, 12, 12, 13598 }, // U+2211
    { 7, 1, 141, 1, 5, 1, 13610 }, // U+2212
    { 11, 14, 182, 0, 12, 20, 13611 }, // U+221A
    { 13, 5, 222, 0, 7, 9, 13631 }, // U+221E
    { 7, 14, 108, 0, 12, 13, 13640 }, // U+222B
    { 7, 7, 140, 1, 9, 7, 13653 }, // U+2248
    { 8, 8, 145, 1, 9, 8, 13660 }, // U+2260
    { 8, 9, 146, 0, 9, 9, 13668 }, // U+2264
    { 8, 9, 146, 1, 9, 9, 13677 }, // U+2265
    { 12, 12, 184, 0, 12, 18, 13686 }, // U+FB00
    { 9, 12, 174, 1, 12, 14, 13704 }, // U+FB01
    { 10, 12, 180, 1, 12, 15, 13718 }, // U+FB02
    { 15, 12, 252, 0, 12, 23, 13733 }, // U+FB03
    { 15, 12, 252, 0, 12, 23, 13756 }, // U+FB04
    { 10, 12, 180, 1, 12, 15, 13779 }, // U+FB05
    { 13, 12, 224, 1, 12, 20, 13794 }, // U+FB06
    { 14, 12, 256, 1, 7, 21, 13814 }, // U+FB56
    { 18, 11, 280, 1, 6, 25, 13835 }, // U+FB57
    { 4, 12, 87, 0, 7, 6, 13860 }, // U+FB58
    { 8, 10, 102, 0, 5, 10, 13866 }, // U+FB59
    { 14, 12, 256, 1, 12, 21, 13876 }, // U+FB66
    { 18, 12, 280, 1, 12, 27, 13897 }, // U+FB67
    { 4, 14, 75, 0, 14, 7, 13924 }, // U+FB68
    { 8, 12, 102, 0, 12, 12, 13931 }, // U+FB69
    { 10, 15, 171, 0, 8, 19, 13943 }, // U+FB7A
    { 13, 15, 189, 0, 8, 25, 13962 }, // U+FB7B
    { 9, 12, 155, 0, 7, 14, 13987 }, // U+FB7C
    { 11, 12, 161, 0, 7, 17, 14001 }, // U+FB7D
    { 6, 15, 128, 1, 15, 12, 14018 }, // U+FB88
    { 9, 15, 141, 1, 15, 17, 14030 }, // U+FB89
    { 6, 16, 98, -1, 12, 12, 14047 }, // U+FB8A
    { 9, 16, 106, -1, 12, 18, 14059 }, // U+FB8B
    { 6, 17, 98, -1, 13, 13, 14077 }, // U+FB8C
    { 9, 17, 106, -1, 13, 20, 14090 }, // U+FB8D
    { 14, 12, 230, 1, 12, 21, 14110 }, // U+FB8E
    { 16, 12, 246, 1, 12, 24, 14131 }, // U+FB8F
    { 7, 12, 111, 0, 12, 11, 14155 }, // U+FB90
    { 9, 12, 128, 0, 12, 14, 14166 }, // U+FB91
    { 14, 14, 230, 1, 14, 25, 14180 }, // U+FB92
    { 16, 14, 246, 1, 14, 28, 14205 }, // U+FB93
    { 7, 14, 111, 0, 14, 13, 14233 }, // U+FB94
    { 9, 14, 128, 0, 14, 16, 14246 }, // U+FB95
    { 10, 10, 182, 1, 6, 13, 14262 }, // U+FB9E
    { 12, 9, 195, 1, 5, 14, 14275 }, // U+FB9F
    { 7, 9, 115, 0, 9, 8, 14289 }, // U+FBA6
    { 10, 6, 139, 0, 6, 8, 14297 }, // U+FBA7
    { 4, 10, 75, 0, 7, 5, 14305 }, // U+FBA8
    { 9, 7, 124, 0, 3, 8, 14310 }, // U+FBA9
    { 11, 9, 190, 0, 9, 13, 14318 }, // U+FBAA
    { 12, 12, 172, 0, 8, 18, 14331 }, // U+FBAB
    { 9, 9, 158, 0, 9, 11, 14349 }, // U+FBAC
    { 10, 12, 141, 0, 8, 15, 14360 }, // U+FBAD
    { 15, 8, 242, 0, 8, 15, 14375 }, // U+FBAE
    { 10, 7, 144, 0, 2, 9, 14390 }, // U+FBAF
    { 15, 13, 242, 0, 13, 25, 14399 }, // U+FBB0
    { 10, 12, 144, 0, 7, 15, 14424 }, // U+FBB1
    { 12, 12, 207, 1, 8, 18, 14439 }, // U+FBFC
    { 12, 8, 197, 1, 4, 12, 14457 }, // U+FBFD
    { 5, 11, 87, 0, 7, 7, 14469 }, // U+FBFE
    { 8, 9, 102, 0, 5, 9, 14476 }, // U+FBFF
    { 7, 8, 117, 0, 7, 7, 14485 }, // U+FE80
    { 6, 14, 69, -1, 14, 11, 14492 }, // U+FE81
    { 7, 15, 79, -1, 15, 14, 14503 }, // U+FE82
    { 3, 16, 69, 0, 16, 6, 14517 }, // U+FE83
    { 6, 17, 79, 0, 17, 13, 14523 }, // U+FE84
    { 7, 15, 123, 0, 11, 14, 14536 }, // U+FE85
    { 9, 16, 129, 0, 12, 18, 14550 }, // U+FE86
    { 3, 17, 69, 1, 12, 7, 14568 }, // U+FE87
    { 5, 17, 79, 1, 12, 11, 14575 }, // U+FE88
    { 12, 13, 207, 1, 9, 20, 14586 }, // U+FE89
    { 12, 13, 197, 1, 9, 20, 14606 }, // U+FE8A
    { 4, 13, 75, 0, 13, 7, 14626 }, // U+FE8B
    { 7, 11, 92, 0, 11, 10, 14633 }, // U+FE8C
    { 2, 12, 69, 1, 12, 3, 14643 }, // U+FE8D
    { 5, 12, 79, 1, 12, 8, 14646 }, // U+FE8E
    { 14, 11, 256, 1, 7, 20, 14654 }, // U+FE8F
    { 18, 10, 280, 1, 6, 23, 14674 }, // U+FE90
    { 4, 11, 75, 0, 7, 6, 14697 }, // U+FE91
    { 7, 9, 92, 0, 5, 8, 14703 }, // U+FE92
    { 7, 12, 115, 0, 12, 11, 14711 }, // U+FE93
    { 10, 13, 136, 0, 13, 17, 14722 }, // U+FE94
    { 14, 9, 256, 1, 9, 16, 14739 }, // U+FE95
    { 18, 9, 280, 1, 9, 21, 14755 }, // U+FE96
    { 4, 11, 75, 0, 11, 6, 14776 }, // U+FE97
    { 8, 9, 102, 0, 9, 9, 14782 }, // U+FE98
    { 14, 11, 256, 1, 11, 20, 14791 }, // U+FE99
    { 18, 11, 280, 1, 11, 25, 14811 }, // U+FE9A
    { 4, 13, 75, 0, 13, 7, 14836 }, // U+FE9B
    { 8, 11, 102, 0, 11, 11, 14843 }, // U+FE9C
    { 10, 15, 169, 0, 8, 19, 14854 }, // U+FE9D
    { 12, 15, 177, 0, 8, 23, 14873 }, // U+FE9E
    { 9, 11, 155, 0, 7, 13, 14896 }, // U+FE9F
    { 11, 11, 161, 0, 7, 16, 14909 }, // U+FEA0
    { 10, 15, 169, 0, 8, 19, 14925 }, // U+FEA1
    { 12, 15, 177, 0, 8, 23, 14944 }, // U+FEA2
    { 9, 7, 155, 0, 7, 8, 14967 }, // U+FEA3
    { 11, 7, 161, 0, 7, 10, 14975 }, // U+FEA4
    { 10, 18, 169, 0, 11, 23, 14985 }, // U+FEA5
    { 12, 18, 177, 0, 11, 27, 15008 }, // U+FEA6
    { 9, 10, 155, 0, 10, 12, 15035 }, // U+FEA7
    { 11, 10, 161, 0, 10, 14, 15047 }, // U+FEA8
    { 6, 8, 128, 1, 8, 6, 15061 }, // U+FEA9
    { 9, 8, 141, 1, 8, 9, 15067 }, // U+FEAA
    { 6, 12, 128, 1, 12, 9, 15076 }, // U+FEAB
    { 9, 12, 141, 1, 12, 14, 15085 }, // U+FEAC
    { 6, 10, 98, -1, 6, 8, 15099 }, // U+FEAD
    { 9, 10, 106, -1, 6, 12, 15107 }, // U+FEAE
    { 6, 14, 98, -1, 10, 11, 15119 }, // U+FEAF
    { 9, 14, 106, -1, 10, 16, 15130 }, // U+FEB0
    { 19, 11, 331, 1, 7, 27, 15146 }, // U+FEB1
    { 22, 10, 346, 1, 6, 28, 15173 }, // U+FEB2
    { 13, 7, 227, 0, 7, 12, 15201 }, // U+FEB3
    { 16, 6, 241, 0, 6, 12, 15213 }, // U+FEB4
    { 19, 16, 331, 1, 12, 38, 15225 }, // U+FEB5
    { 22, 16, 346, 1, 12, 44, 15263 }, // U+FEB6
    { 13, 12, 227, 0, 12, 20, 15307 }, // U+FEB7
    { 16, 12, 241, 0, 12, 24, 15327 }, // U+FEB8
    { 20, 11, 349, 1, 7, 28, 15351 }, // U+FEB9
    { 22, 11, 357, 1, 7, 31, 15379 }, // U+FEBA
    { 14, 7, 242, 0, 7, 13, 15410 }, // U+FEBB
    { 17, 7, 250, 0, 7, 15, 15423 }, // U+FEBC
    { 20, 14, 349, 1, 10, 35, 15438 }, // U+FEBD
    { 22, 14, 357, 1, 10, 39, 15473 }, // U+FEBE
    { 14, 10, 242, 0, 10, 18, 15512 }, // U+FEBF
    { 17, 10, 250, 0, 10, 22, 15530 }, // U+FEC0
    { 12, 12, 209, 0, 12, 18, 15552 }, // U+FEC1
    { 15, 12, 215, 0, 12, 23, 15570 }, // U+FEC2
    { 11, 12, 183, 0, 12, 17, 15593 }, // U+FEC3
    { 13, 12, 189, 0, 12, 20, 15610 }, // U+FEC4
    { 12, 12, 209, 0, 12, 18, 15630 }, // U+FEC5
    { 15, 12, 215, 0, 12, 23, 15648 }, // U+FEC6
    { 11, 12, 183, 0, 12, 17, 15671 }, // U+FEC7
    { 13, 12, 189, 0, 12, 20, 15688 }, // U+FEC8
    { 10, 16, 138, 0, 9, 20, 15708 }, // U+FEC9
    { 10, 14, 141, 0, 7, 18, 15728 }, // U+FECA
    { 8, 8, 136, 0, 8, 8, 15746 }, // U+FECB
    { 10, 7, 138, 0, 7, 9, 15754 }, // U+FECC
    { 10, 19, 138, 0, 12, 24, 15763 }, // U+FECD
    { 10, 18, 141, 0, 11, 23, 15787 }, // U+FECE
    { 8, 11, 136, 0, 11, 11, 15810 }, // U+FECF
    { 10, 11, 138, 0, 11, 14, 15821 }, // U+FED0
    { 14, 13, 257, 1, 13, 23, 15835 }, // U+FED1
    { 18, 11, 282, 1, 11, 25, 15858 }, // U+FED2
    { 7, 13, 123, 0, 13, 12, 15883 }, // U+FED3
    { 9, 11, 130, 0, 11, 13, 15895 }, // U+FED4
    { 12, 14, 209, 0, 11, 21, 15908 }, // U+FED5
    { 15, 15, 215, 0, 10, 29, 15929 }, // U+FED6
    { 7, 13, 123, 0, 13, 12, 15958 }, // U+FED7
    { 9, 11, 130, 0, 11, 13, 15970 }, // U+FED8
    { 13, 12, 235, 1, 12, 20, 15983 }, // U+FED9
    { 16, 12, 246, 1, 12, 24, 16003 }, // U+FEDA
    { 7, 12, 111, 0, 12, 11, 16027 }, // U+FEDB
    { 9, 12, 128, 0, 12, 14, 16038 }, // U+FEDC
    { 10, 16, 185, 1, 12, 20, 16052 }, // U+FEDD
    { 12, 16, 196, 1, 12, 24, 16072 }, // U+FEDE
    { 4, 12, 73, 0, 12, 6, 16096 }, // U+FEDF
    { 6, 12, 82, 0, 12, 9, 16102 }, // U+FEE0
    { 8, 14, 134, 0, 7, 14, 16111 }, // U+FEE1
    { 11, 14, 159, 0, 7, 20, 16125 }, // U+FEE2
    { 8, 7, 142, 0, 7, 7, 16145 }, // U+FEE3
    { 11, 7, 156, 0, 7, 10, 16152 }, // U+FEE4
    { 10, 13, 182, 1, 9, 17, 16162 }, // U+FEE5
    { 12, 13, 195, 1, 9, 20, 16179 }, // U+FEE6
    { 4, 11, 75, 0, 11, 6, 16199 }, // U+FEE7
    { 7, 9, 92, 0, 9, 8, 16205 }, // U+FEE8
    { 7, 9, 115, 0, 9, 8, 16213 }, // U+FEE9
    { 10, 9, 136, 0, 9, 12, 16221 }, // U+FEEA
    { 9, 9, 158, 0, 9, 11, 16233 }, // U+FEEB
    { 10, 12, 141, 0, 8, 15, 16244 }, // U+FEEC
    { 7, 10, 123, 0, 6, 9, 16259 }, // U+FEED
    { 9, 10, 129, 0, 6, 12, 16268 }, // U+FEEE
    { 12, 12, 207, 1, 8, 18, 16280 }, // U+FEEF
    { 12, 8, 197, 1, 4, 12, 16298 }, // U+FEF0
    { 12, 16, 207, 1, 8, 24, 16310 }, // U+FEF1
    { 12, 12, 197, 1, 4, 18, 16334 }, // U+FEF2
    { 5, 11, 87, 0, 7, 7, 16352 }, // U+FEF3
    { 8, 9, 102, 0, 5, 9, 16359 }, // U+FEF4
    { 10, 13, 160, -1, 13, 17, 16368 }, // U+FEF5
    { 12, 13, 168, 0, 13, 20, 16385 }, // U+FEF6
    { 9, 15, 160, 0, 15, 17, 16405 }, // U+FEF7
    { 11, 15, 168, 1, 15, 21, 16422 }, // U+FEF8
    { 8, 17, 160, 1, 12, 17, 16443 }, // U+FEF9
    { 11, 17, 168, 1, 12, 24, 16460 }, // U+FEFA
    { 8, 12, 160, 1, 12, 12, 16484 }, // U+FEFB
    { 11, 12, 168, 1, 12, 17, 16496 }, // U+FEFC
    { 15, 15, 267, 1, 13, 29, 16513 }, // U+FFFD
};

static const EpdUnicodeInterval geist_ui_8_mediumIntervals[] = {
    { 0x0, 0x0, 0x0 },
    { 0xD, 0xD, 0x1 },
    { 0x20, 0x7E, 0x2 },
    { 0xA0, 0x17F, 0x61 },
    { 0x1A0, 0x1A1, 0x141 },
    { 0x1AF, 0x1B0, 0x143 },
    { 0x1C4, 0x21F, 0x145 },
    { 0x300, 0x36F, 0x1A1 },
    { 0x400, 0x4FF, 0x211 },
    { 0x5D0, 0x5EA, 0x311 },
    { 0x60C, 0x60C, 0x32C },
    { 0x61B, 0x61B, 0x32D },
    { 0x61F, 0x61F, 0x32E },
    { 0x621, 0x621, 0x32F },
    { 0x640, 0x640, 0x330 },
    { 0x660, 0x669, 0x331 },
    { 0x6BA, 0x6BA, 0x33B },
    { 0x6D4, 0x6D4, 0x33C },
    { 0x6F0, 0x6F9, 0x33D },
    { 0x1EA0, 0x1EF9, 0x347 },
    { 0x2000, 0x2064, 0x3A1 },
    { 0x2066, 0x2071, 0x406 },
    { 0x2074, 0x208E, 0x412 },
    { 0x2090, 0x209C, 0x42D },
    { 0x20A0, 0x20C0, 0x43A },
    { 0x2190, 0x2199, 0x45B },
    { 0x219D, 0x219D, 0x465 },
    { 0x21A9, 0x21AA, 0x466 },
    { 0x21B0, 0x21B1, 0x468 },
    { 0x21B3, 0x21B5, 0x46A },
    { 0x21E4, 0x21E5, 0x46D },
    { 0x21E7, 0x21E7, 0x46F },
    { 0x2202, 0x2202, 0x470 },
    { 0x2206, 0x2206, 0x471 },
    { 0x220F, 0x220F, 0x472 },
    { 0x2211, 0x2212, 0x473 },
    { 0x221A, 0x221A, 0x475 },
    { 0x221E, 0x221E, 0x476 },
    { 0x222B, 0x222B, 0x477 },
    { 0x2248, 0x2248, 0x478 },
    { 0x2260, 0x2260, 0x479 },
    { 0x2264, 0x2265, 0x47A },
    { 0xFB00, 0xFB06, 0x47C },
    { 0xFB56, 0xFB59, 0x483 },
    { 0xFB66, 0xFB69, 0x487 },
    { 0xFB7A, 0xFB7D, 0x48B },
    { 0xFB88, 0xFB95, 0x48F },
    { 0xFB9E, 0xFB9F, 0x49D },
    { 0xFBA6, 0xFBB1, 0x49F },
    { 0xFBFC, 0xFBFF, 0x4AB },
    { 0xFE80, 0xFEFC, 0x4AF },
    { 0xFFFD, 0xFFFD, 0x52C },
};

static const uint16_t geist_ui_8_mediumKernLeftCodepoints[] = {
    0x0022, 0x0026, 0x0027, 0x0028, 0x002A, 0x002B, 0x002C, 0x002D, 0x002E, 0x002F, 0x0030, 0x0031,
    0x0032, 0x0033, 0x0034, 0x0035, 0x0036, 0x0037, 0x0038, 0x0039, 0x003A, 0x003B, 0x003C, 0x003D,
    0x003E, 0x0041, 0x0042, 0x0043, 0x0044, 0x0045, 0x0046, 0x0047, 0x0048, 0x0049, 0x004A, 0x004B,
    0x004C, 0x004D, 0x004E, 0x004F, 0x0050, 0x0051, 0x0052, 0x0053, 0x0054, 0x0055, 0x0056, 0x0057,
    0x0058, 0x0059, 0x005A, 0x005B, 0x005C, 0x005E, 0x0061, 0x0062, 0x0063, 0x0064, 0x0065, 0x0066,
    0x0067, 0x0068, 0x0069, 0x006A, 0x006B, 0x006C, 0x006D, 0x006E, 0x006F, 0x0070, 0x0071, 0x0072,
    0x0073, 0x0074, 0x0075, 0x0076, 0x0077, 0x0078, 0x0079, 0x007A, 0x007B, 0x007E, 0x00A1, 0x00A2,
    0x00A5, 0x00A9, 0x00AA, 0x00AB, 0x00AC, 0x00B1, 0x00BA, 0x00BB, 0x00BF, 0x00C0, 0x00C1, 0x00C2,
    0x00C3, 0x00C4, 0x00C5, 0x00C6, 0x00C7, 0x00C8, 0x00C9, 0x00CA, 0x00CB, 0x00CC, 0x00CD, 0x00CE,
    0x00CF, 0x00D0, 0x00D1, 0x00D2, 0x00D3, 0x00D4, 0x00D5, 0x00D6, 0x00D7, 0x00D8, 0x00D9, 0x00DA,
    0x00DB, 0x00DC, 0x00DD, 0x00DE, 0x00E0, 0x00E1, 0x00E2, 0x00E3, 0x00E4, 0x00E5, 0x00E6, 0x00E7,
    0x00E8, 0x00E9, 0x00EA, 0x00EB, 0x00EC, 0x00ED, 0x00EE, 0x00EF, 0x00F0, 0x00F1, 0x00F2, 0x00F3,
    0x00F4, 0x00F5, 0x00F6, 0x00F7, 0x00F8, 0x00F9, 0x00FA, 0x00FB, 0x00FC, 0x00FD, 0x00FE, 0x00FF,
    0x0100, 0x0101, 0x0102, 0x0103, 0x0104, 0x0105, 0x0106, 0x0107, 0x0108, 0x0109, 0x010A, 0x010B,
    0x010C, 0x010D, 0x010E, 0x010F, 0x0110, 0x0112, 0x0113, 0x0115, 0x0116, 0x0117, 0x0118, 0x0119,
    0x011A, 0x011B, 0x011C, 0x011D, 0x011E, 0x011F, 0x0120, 0x0121, 0x0122, 0x0123, 0x0124, 0x0125,
    0x0126, 0x0127, 0x0128, 0x0129, 0x012A, 0x012B, 0x012E, 0x012F, 0x0130, 0x0131, 0x0132, 0x0133,
    0x0134, 0x0135, 0x0136, 0x0137, 0x0138, 0x0139, 0x013A, 0x013B, 0x013C, 0x013D, 0x013E, 0x013F,
    0x0141, 0x0142, 0x0143, 0x0144, 0x0145, 0x0146, 0x0147, 0x0148, 0x014A, 0x014B, 0x014C, 0x014D,
    0x014E, 0x014F, 0x0150, 0x0151, 0x0152, 0x0153, 0x0154, 0x0155, 0x0156, 0x0157, 0x0158, 0x0159,
    0x015A, 0x015B, 0x015C, 0x015D, 0x015E, 0x015F, 0x0160, 0x0161, 0x0162, 0x0163, 0x0164, 0x0165,
    0x0166, 0x0167, 0x0168, 0x0169, 0x016A, 0x016B, 0x016C, 0x016D, 0x016E, 0x016F, 0x0170, 0x0171,
    0x0172, 0x0173, 0x0174, 0x0175, 0x0176, 0x0177, 0x0178, 0x0179, 0x017A, 0x017B, 0x017C, 0x017D,
    0x017E, 0x01A0, 0x01A1, 0x01AF, 0x01B0, 0x01CD, 0x01CE, 0x01E4, 0x01E5, 0x01E6, 0x01E7, 0x01E8,
    0x01E9, 0x01FA, 0x01FD, 0x01FE, 0x0218, 0x0219, 0x021A, 0x021B, 0x0400, 0x0401, 0x0402, 0x0404,
    0x0405, 0x0406, 0x0407, 0x0409, 0x040A, 0x040E, 0x0410, 0x0411, 0x0412, 0x0413, 0x0414, 0x0415,
    0x0416, 0x0417, 0x0418, 0x0419, 0x041A, 0x041B, 0x041C, 0x041D, 0x041E, 0x041F, 0x0420, 0x0421,
    0x0422, 0x0423, 0x0424, 0x0425, 0x0427, 0x0428, 0x042A, 0x042B, 0x042C, 0x042D, 0x042E, 0x042F,
    0x0430, 0x0431, 0x0432, 0x0433, 0x0434, 0x0435, 0x0436, 0x0437, 0x0438, 0x0439, 0x043A, 0x043B,
    0x043C, 0x043D, 0x043E, 0x043F, 0x0440, 0x0441, 0x0442, 0x0443, 0x0444, 0x0445, 0x0446, 0x0447,
    0x0448, 0x0449, 0x044B, 0x044D, 0x044E, 0x044F, 0x0450, 0x0451, 0x0452, 0x0453, 0x0454, 0x0455,
    0x0456, 0x0457, 0x0458, 0x045B, 0x045D, 0x045E, 0x0460, 0x0461, 0x0462, 0x0464, 0x0465, 0x0466,
    0x0467, 0x0468, 0x0469, 0x046A, 0x046B, 0x046E, 0x0471, 0x0472, 0x0473, 0x0474, 0x0475, 0x0476,
    0x0477, 0x0478, 0x0479, 0x047A, 0x047B, 0x047C, 0x047D, 0x047E, 0x047F, 0x0480, 0x048A, 0x048B,
    0x048C, 0x048D, 0x048E, 0x048F, 0x0490, 0x0491, 0x0492, 0x0493, 0x0496, 0x0497, 0x0498, 0x0499,
    0x049A, 0x049B, 0x049C, 0x049D, 0x049E, 0x049F, 0x04A0, 0x04A1, 0x04A3, 0x04A4, 0x04A5, 0x04A9,
    0x04AA, 0x04AB, 0x04AC, 0x04AD, 0x04AE, 0x04AF, 0x04B1, 0x04B2, 0x04B3, 0x04B4, 0x04B5, 0x04B7,
    0x04BB, 0x04BC, 0x04BD, 0x04BE, 0x04BF, 0x04C0, 0x04C1, 0x04C2, 0x04C5, 0x04C6, 0x04C9, 0x04CA,
    0x04CD, 0x04CE, 0x04CF, 0x04D0, 0x04D1, 0x04D2, 0x04D3, 0x04D5, 0x04D7, 0x04D8, 0x04D9, 0x04DA,
    0x04DB, 0x04DC, 0x04DD, 0x04DE, 0x04DF, 0x04E2, 0x04E3, 0x04E5, 0x04E6, 0x04E7, 0x04E8, 0x04EA,
    0x04EB, 0x04EC, 0x04ED, 0x04EF, 0x04F0, 0x04F1, 0x04F2, 0x04F3, 0x04F5, 0x04F6, 0x04F7, 0x04F9,
    0x04FA, 0x04FB, 0x04FC, 0x04FD, 0x04FE, 0x04FF, 0x05D0, 0x05D1, 0x05D2, 0x05D3, 0x05D5, 0x05D6,
    0x05D8, 0x05D9, 0x05DB, 0x05DC, 0x05DE, 0x05E0, 0x05E1, 0x05E2, 0x05E4, 0x05E6, 0x05E8, 0x05E9,
    0x05EA, 0x1EA0, 0x1EA2, 0x1EA4, 0x1EA6, 0x1EA8, 0x1EAA, 0x1EAC, 0x1EAE, 0x1EB0, 0x1EB2, 0x1EB4,
    0x1EB6, 0x1EB9, 0x1EBB, 0x1EBC, 0x1EBD, 0x1EBF, 0x1EC1, 0x1EC3, 0x1EC5, 0x1EC7, 0x1ECC, 0x1ECD,
    0x1ECE, 0x1ECF, 0x1ED0, 0x1ED1, 0x1ED2, 0x1ED3, 0x1ED4, 0x1ED5, 0x1ED6, 0x1ED7, 0x1ED8, 0x1ED9,
    0x1EDA, 0x1EDB, 0x1EDC, 0x1EDD, 0x1EDE, 0x1EDF, 0x1EE0, 0x1EE1, 0x1EE2, 0x1EE3, 0x1EE4, 0x1EE6,
    0x1EE8, 0x1EE9, 0x1EEA, 0x1EEB, 0x1EEC, 0x1EED, 0x1EEE, 0x1EEF, 0x1EF0, 0x1EF1, 0x1EF2, 0x1EF3,
    0x1EF4, 0x1EF6, 0x1EF8, 0x1EF9, 0x2015, 0x2018, 0x201A, 0x201C, 0x201E, 0x2026, 0x2039, 0x203A,
    0x21E7, 0x2212, 0x221E, 0x2248, 0x2260, 0x2264, 0x2265, 0xFB01, 0xFB02, 0xFB8C, 0xFEAD, 0xFEAE,
    0xFEAF,
};

static const uint8_t geist_ui_8_mediumKernLeftClassIds[] = {
      1,   2,   1,   3,   4,   5,   6,   7,   6,   8,   9,  10,  11,  12,  13,  14,
     15,  16,  17,   9,  18,  18,   5,   5,   5,  19,  20,  21,   9,  22,  23,  24,
     25,  25,  26,  27,  28,  25,  25,   9,  29,   9,  30,   9,  31,  26,   8,   8,
     27,  32,  33,  34,  19,   5,  35,  36,  36,  25,  36,  37,  38,  39,  25,  25,
     40,  35,  39,  39,  36,  36,  38,  41,  36,  42,  38,  43,  43,  44,  43,  45,
     46,   5,  47,  48,  10,   9,   4,   2,   5,   5,   4,  49,  50,  19,  19,  19,
     19,  19,  19,  22,  21,  22,  22,  22,  22,  25,  25,  25,  25,  48,  25,   9,
      9,   9,   9,   9,   5,   9,  26,  26,  26,  26,  32,   9,  35,  35,  35,  35,
     35,  35,  36,  36,  36,  36,  36,  36,  25,  25,  25,  25,  36,  39,  36,  36,
     36,  36,  36,   5,  36,  38,  38,  38,  38,  43,  36,  43,  19,  35,  19,  35,
     19,  35,  21,  36,  21,  36,  21,  36,  21,  36,  48,  51,  48,  22,  36,  52,
     22,  36,  22,  36,  22,  36,  24,  38,  24,  38,  24,  38,  24,  38,  25,  39,
     25,  39,  25,  25,  25,  25,  25,  25,  25,  25,  26,  25,  26,  25,  27,  44,
     53,  28,  35,  28,  35,  54,  51,  55,  28,  35,  25,  39,  25,  39,  25,  39,
     25,  39,   9,  36,  56,  52,   9,  36,  22,  36,  57,  41,  57,  41,  57,  41,
      9,  36,   9,  36,   9,  36,   9,  36,  31,  42,  31,  51,  31,  42,  26,  38,
     26,  38,  26,  38,  26,  38,  26,  38,  26,  38,   8,  43,  32,  43,  32,  33,
     45,  33,  45,  33,  45,  58,  59,  60,  61,  19,  35,  24,  38,  24,  38,  27,
     44,  62,  52,  56,   9,  36,  31,  42,  22,  22,  20,  21,   9,  10,  10,  20,
     20,   8,  19,  20,  20,  31,  19,  22,  27,  20,  25,  25,  27,  25,  25,  25,
      9,  25,  29,  21,  31,   8,   9,  27,  10,  25,  20,  10,  20,   9,   9,  10,
     35,  36,  36,  41,  36,  36,  44,  36,  38,  38,  44,  38,  38,  38,  36,  39,
     36,  36,  41,  43,  36,  44,  38,  38,  38,  38,  38,  36,  36,  38,  36,  36,
     39,  41,  36,  36,  38,  38,  25,  39,  38,  43,  63,  64,  20,  65,  66,  67,
     68,  67,  68,  27,  44,  69,  70,   9,  36,   8,  43,  71,  64,  72,  72,  63,
     70,  63,  70,  63,  64,  65,  73,  74,  75,  76,  77,  70,  31,  41,  31,  41,
     27,  44,  69,  78,  27,  44,  79,  80,  79,  80,  79,  80,  25,  81,  82,  70,
     65,  66,  83,  82,   8,  43,  43,  27,  44,  73,  74,  38,  39,  84,  85,  84,
     85,  10,  79,  80,  73,  74,  73,  74,  73,  74,  25,  67,  86,  67,  86,  85,
     85,   9,  36,  63,  70,  79,  80,  69,  78,  25,  38,  87,  63,  70,   9,  63,
     70,  63,  70,  43,  71,  72,  71,  72,  87,  83,  82,  87,  81,  88,  89,  90,
     79,  90,  91,  92,  93,  94,  95,  96,  97,  98,  99, 100, 101, 102, 103, 104,
    105, 106, 107, 108, 109,  62,  62,  62,  62,  62,  62,  62,  62,  62,  62,  62,
     62,  52,  52,  22,  36,  52,  52,  52,  52,  52,  56,  52,  56,  52,  56,  52,
     56,  52,  56,  52,  56,  52,  56,  52,  58,  59,  58,  59,  58,  59,  58,  59,
     58,  59, 110, 110,  60,  61,  60,  61,  60,  61,  60,  61,  60,  61,  32,  43,
    111, 111,  32,  43, 112, 113,   6, 113,   6,   6, 114, 115,  19,   5,   5,   5,
      5,   5,   5,  25,  35, 116, 116, 116, 116,
};

static const uint16_t geist_ui_8_mediumKernRightCodepoints[] = {
    0x0021, 0x0022, 0x0025, 0x0026, 0x0027, 0x0029, 0x002A, 0x002B, 0x002C, 0x002D, 0x002E, 0x002F,
    0x0030, 0x0031, 0x0032, 0x0033, 0x0034, 0x0036, 0x0037, 0x0038, 0x003A, 0x003B, 0x003C, 0x003D,
    0x003E, 0x003F, 0x0041, 0x0042, 0x0043, 0x0044, 0x0045, 0x0046, 0x0047, 0x0048, 0x0049, 0x004A,
    0x004B, 0x004C, 0x004D, 0x004E, 0x004F, 0x0050, 0x0051, 0x0052, 0x0053, 0x0054, 0x0055, 0x0056,
    0x0057, 0x0058, 0x0059, 0x005A, 0x005C, 0x005D, 0x005E, 0x0061, 0x0062, 0x0063, 0x0064, 0x0065,
    0x0066, 0x0067, 0x0068, 0x0069, 0x006A, 0x006B, 0x006C, 0x006D, 0x006E, 0x006F, 0x0070, 0x0071,
    0x0072, 0x0073, 0x0074, 0x0075, 0x0076, 0x0077, 0x0078, 0x0079, 0x007A, 0x007D, 0x007E, 0x00A5,
    0x00A9, 0x00AA, 0x00AB, 0x00AC, 0x00B1, 0x00BA, 0x00BB, 0x00BF, 0x00C0, 0x00C1, 0x00C2, 0x00C3,
    0x00C4, 0x00C5, 0x00C6, 0x00C7, 0x00C8, 0x00C9, 0x00CA, 0x00CB, 0x00CC, 0x00CD, 0x00CE, 0x00CF,
    0x00D0, 0x00D1, 0x00D2, 0x00D3, 0x00D4, 0x00D5, 0x00D6, 0x00D7, 0x00D8, 0x00D9, 0x00DA, 0x00DB,
    0x00DC, 0x00DD, 0x00DE, 0x00DF, 0x00E0, 0x00E1, 0x00E2, 0x00E3, 0x00E4, 0x00E5, 0x00E6, 0x00E7,
    0x00E8, 0x00E9, 0x00EA, 0x00EB, 0x00EC, 0x00ED, 0x00EE, 0x00EF, 0x00F0, 0x00F1, 0x00F2, 0x00F3,
    0x00F4, 0x00F5, 0x00F6, 0x00F7, 0x00F8, 0x00F9, 0x00FA, 0x00FB, 0x00FC, 0x00FD, 0x00FE, 0x00FF,
    0x0100, 0x0101, 0x0102, 0x0103, 0x0104, 0x0105, 0x0106, 0x0107, 0x0108, 0x0109, 0x010A, 0x010B,
    0x010C, 0x010D, 0x010E, 0x010F, 0x0110, 0x0111, 0x0112, 0x0113, 0x0115, 0x0116, 0x0117, 0x0118,
    0x0119, 0x011A, 0x011B, 0x011C, 0x011D, 0x011E, 0x011F, 0x0120, 0x0121, 0x0122, 0x0123, 0x0124,
    0x0125, 0x0126, 0x0127, 0x0128, 0x0129, 0x012A, 0x012B, 0x012E, 0x012F, 0x0130, 0x0131, 0x0132,
    0x0133, 0x0134, 0x0135, 0x0136, 0x0137, 0x0138, 0x0139, 0x013A, 0x013B, 0x013C, 0x013D, 0x013E,
    0x0140, 0x0141, 0x0142, 0x0143, 0x0144, 0x0145, 0x0146, 0x0147, 0x0148, 0x014A, 0x014B, 0x014C,
    0x014D, 0x014E, 0x014F, 0x0150, 0x0151, 0x0152, 0x0153, 0x0154, 0x0155, 0x0156, 0x0157, 0x0158,
    0x0159, 0x015A, 0x015B, 0x015C, 0x015D, 0x015E, 0x015F, 0x0160, 0x0161, 0x0162, 0x0163, 0x0164,
    0x0165, 0x0166, 0x0167, 0x0168, 0x0169, 0x016A, 0x016B, 0x016C, 0x016D, 0x016E, 0x016F, 0x0170,
    0x0171, 0x0172, 0x0173, 0x0174, 0x0175, 0x0176, 0x0177, 0x0178, 0x0179, 0x017A, 0x017B, 0x017C,
    0x017D, 0x017E, 0x01A0, 0x01A1, 0x01AF, 0x01B0, 0x01CD, 0x01CE, 0x01E4, 0x01E5, 0x01E6, 0x01E7,
    0x01E8, 0x01E9, 0x01FA, 0x01FB, 0x01FD, 0x01FE, 0x01FF, 0x0218, 0x0219, 0x021A, 0x021B, 0x0400,
    0x0401, 0x0402, 0x0403, 0x0404, 0x0405, 0x0406, 0x0407, 0x0409, 0x040A, 0x040B, 0x040C, 0x040E,
    0x040F, 0x0410, 0x0411, 0x0412, 0x0413, 0x0414, 0x0415, 0x0416, 0x0417, 0x0418, 0x0419, 0x041A,
    0x041B, 0x041C, 0x041D, 0x041E, 0x041F, 0x0420, 0x0421, 0x0422, 0x0423, 0x0424, 0x0425, 0x0426,
    0x0428, 0x0429, 0x042B, 0x042C, 0x042D, 0x042E, 0x0430, 0x0431, 0x0432, 0x0433, 0x0434, 0x0435,
    0x0436, 0x0437, 0x0438, 0x0439, 0x043A, 0x043B, 0x043C, 0x043D, 0x043E, 0x043F, 0x0440, 0x0441,
    0x0442, 0x0443, 0x0444, 0x0445, 0x0446, 0x0447, 0x0448, 0x0449, 0x044A, 0x044B, 0x044C, 0x044D,
    0x044E, 0x0450, 0x0451, 0x0453, 0x0454, 0x0455, 0x0456, 0x0457, 0x0458, 0x0459, 0x045A, 0x045B,
    0x045D, 0x045E, 0x0460, 0x0461, 0x0462, 0x0463, 0x0465, 0x0466, 0x0467, 0x0469, 0x046A, 0x046B,
    0x046D, 0x046E, 0x0470, 0x0472, 0x0473, 0x0474, 0x0475, 0x0476, 0x0477, 0x0478, 0x0479, 0x047A,
    0x047B, 0x047C, 0x047D, 0x047E, 0x047F, 0x0480, 0x0481, 0x048B, 0x048C, 0x048D, 0x048F, 0x0490,
    0x0491, 0x0492, 0x0493, 0x0495, 0x0496, 0x0497, 0x0498, 0x0499, 0x049A, 0x049B, 0x049D, 0x049F,
    0x04A0, 0x04A1, 0x04A2, 0x04A3, 0x04A5, 0x04A7, 0x04A8, 0x04A9, 0x04AA, 0x04AB, 0x04AC, 0x04AD,
    0x04AE, 0x04AF, 0x04B1, 0x04B2, 0x04B3, 0x04B4, 0x04B5, 0x04B7, 0x04B8, 0x04B9, 0x04BA, 0x04BB,
    0x04BC, 0x04BD, 0x04BE, 0x04BF, 0x04C0, 0x04C1, 0x04C2, 0x04C4, 0x04C5, 0x04C6, 0x04C8, 0x04CA,
    0x04CB, 0x04CC, 0x04CE, 0x04CF, 0x04D0, 0x04D1, 0x04D2, 0x04D3, 0x04D4, 0x04D5, 0x04D7, 0x04D8,
    0x04D9, 0x04DA, 0x04DB, 0x04DC, 0x04DD, 0x04DE, 0x04DF, 0x04E3, 0x04E5, 0x04E6, 0x04E7, 0x04E8,
    0x04EA, 0x04EB, 0x04EC, 0x04ED, 0x04EF, 0x04F0, 0x04F1, 0x04F2, 0x04F3, 0x04F4, 0x04F5, 0x04F7,
    0x04F9, 0x04FA, 0x04FC, 0x04FD, 0x04FE, 0x04FF, 0x05D0, 0x05D1, 0x05D2, 0x05D3, 0x05D4, 0x05D6,
    0x05D7, 0x05D8, 0x05D9, 0x05DA, 0x05DB, 0x05DC, 0x05DD, 0x05DE, 0x05DF, 0x05E1, 0x05E2, 0x05E3,
    0x05E4, 0x05E5, 0x05E7, 0x05E8, 0x05E9, 0x05EA, 0x1EA0, 0x1EA1, 0x1EA2, 0x1EA3, 0x1EA4, 0x1EA5,
    0x1EA6, 0x1EA7, 0x1EA8, 0x1EA9, 0x1EAA, 0x1EAB, 0x1EAC, 0x1EAD, 0x1EAE, 0x1EAF, 0x1EB0, 0x1EB1,
    0x1EB2, 0x1EB3, 0x1EB4, 0x1EB5, 0x1EB6, 0x1EB7, 0x1EB9, 0x1EBB, 0x1EBC, 0x1EBD, 0x1EBF, 0x1EC1,
    0x1EC3, 0x1EC5, 0x1EC7, 0x1ECC, 0x1ECD, 0x1ECE, 0x1ECF, 0x1ED0, 0x1ED1, 0x1ED2, 0x1ED3, 0x1ED4,
    0x1ED5, 0x1ED6, 0x1ED7, 0x1ED8, 0x1ED9, 0x1EDA, 0x1EDB, 0x1EDC, 0x1EDD, 0x1EDE, 0x1EDF, 0x1EE0,
    0x1EE1, 0x1EE2, 0x1EE3, 0x1EE4, 0x1EE5, 0x1EE6, 0x1EE7, 0x1EE8, 0x1EE9, 0x1EEA, 0x1EEB, 0x1EEC,
    0x1EED, 0x1EEE, 0x1EEF, 0x1EF0, 0x1EF1, 0x1EF2, 0x1EF3, 0x1EF4, 0x1EF5, 0x1EF6, 0x1EF7, 0x1EF8,
    0x1EF9, 0x2015, 0x2018, 0x2019, 0x201A, 0x201C, 0x201D, 0x201E, 0x2026, 0x2039, 0x203A, 0x21E7,
    0x2212, 0x221E, 0x2248, 0x2260, 0x2264, 0x2265, 0xFB00, 0xFB01, 0xFB02, 0xFB03, 0xFB04, 0xFB8E,
    0xFBA6, 0xFBAA, 0xFE8D, 0xFEA3, 0xFEA9, 0xFEB1, 0xFEB3, 0xFEB9, 0xFEBB, 0xFEC1, 0xFEC3, 0xFEC9,
    0xFECB, 0xFECD, 0xFEDB, 0xFEDF, 0xFEE1, 0xFEE3, 0xFEE9, 0xFEEB,
};

static const uint8_t geist_ui_8_mediumKernRightClassIds[] = {
      1,   2,   3,   4,   2,   5,   6,   7,   8,   9,   8,  10,  11,  12,  13,  14,
     15,  11,  16,  17,  18,  18,   7,   7,   7,  19,  10,  20,  11,  20,  21,  20,
     11,  20,  20,  22,  23,  23,  20,  24,  11,  20,  11,  20,  11,  16,  25,  26,
     26,  27,  28,  29,  26,  30,   7,  31,  20,  32,  32,  32,  33,  32,  20,  20,
     34,  20,  35,  36,  36,  32,  36,  32,  36,  32,  37,  38,  39,  39,  40,  39,
     41,  42,   7,  23,  11,   6,  43,   7,   7,   6,  44,  45,  10,  10,  10,  10,
     10,  10,  10,  11,  20,  20,  20,  20,  20,  20,  20,  20,  11,  20,  11,  11,
     11,  11,  11,   7,  11,  25,  25,  25,  25,  28,  20,  20,  31,  31,  31,  31,
     31,  31,  31,  32,  32,  32,  32,  32,  20,  20,  20,  20,  32,  36,  32,  32,
     32,  32,  32,   7,  32,  38,  38,  38,  38,  39,  20,  39,  10,  31,  10,  31,
     10,  31,  11,  32,  11,  32,  11,  32,  11,  32,  20,  32,  11,  32,  20,  32,
     46,  20,  32,  20,  32,  20,  32,  11,  32,  11,  32,  11,  32,  11,  32,  20,
     20,  20,  20,  20,  20,  20,  20,  20,  20,  20,  20,  20,  20,  22,  34,  23,
     20,  47,  23,  35,  20,  35,  23,  35,  48,  49,  35,  20,  36,  20,  36,  20,
     36,  20,  36,  11,  32,  50,  46,  11,  32,  11,  32,  20,  36,  20,  36,  20,
     36,  11,  32,  11,  32,  11,  32,  11,  32,  16,  51,  16,  51,  16,  51,  25,
     38,  25,  38,  25,  38,  25,  38,  25,  38,  25,  38,  26,  39,  28,  39,  28,
     29,  41,  29,  41,  29,  41,  50,  46,  52,  47,  10,  31,  11,  32,  11,  32,
     23,  20,  53,  54,  54,  50,  46,  11,  32,  16,  51,  20,  20,  16,  20,  11,
     11,  23,  23,  22,  23,  16,  20,  55,  20,  10,  20,  20,  20,  10,  20,  27,
     14,  20,  20,  20,  56,  20,  20,  11,  20,  20,  11,  16,  55,  11,  27,  20,
     20,  20,  20,  20,  11,  23,  31,  32,  36,  36,  32,  32,  40,  32,  36,  36,
     36,  57,  36,  36,  32,  36,  36,  32,  51,  39,  32,  40,  36,  38,  36,  36,
     51,  36,  36,  32,  36,  32,  32,  36,  32,  32,  36,  36,  34,  58,  36,  20,
     36,  39,  59,  60,  23,  20,  61,  62,  63,  61,  27,  40,  61,  64,  65,  11,
     32,  26,  39,  66,  60,  59,  67,  59,  67,  59,  67,  59,  60,  59,  67,  61,
     68,  69,  61,  23,  36,  23,  36,  61,  27,  40,  64,  70,  20,  20,  61,  69,
     71,  72,  20,  20,  61,  61,  59,  67,  59,  67,  73,  72,  26,  39,  39,  27,
     40,  71,  72,  38,  65,  74,  20,  20,  75,  76,  75,  76,  20,  77,  78,  61,
     79,  63,  61,  61,  65,  74,  61,  20,  62,  80,  62,  80,  62,  80,  67,  11,
     32,  81,  80,  77,  78,  64,  70,  36,  82,  59,  67,  11,  59,  67,  64,  70,
     39,  83,  84,  83,  84,  65,  74,  61,  82,  68,  77,  78,  77,  78,  85,  86,
     87,  88,  89,  90,  91,  92,  93,  94,  95,  96,  97,  98,  99, 100, 101, 102,
    103, 104, 105, 106, 107, 108,  53,  54,  53,  54,  53,  54,  53,  54,  53,  54,
     53,  54,  53,  54,  53,  54,  53,  54,  53,  54,  53,  54,  53,  54,  46,  46,
     20,  32,  46,  46,  46,  46,  46,  50,  46,  50,  46,  50,  46,  50,  46,  50,
     46,  50,  46,  50,  46,  50,  46,  50,  46,  50,  46,  50,  46,  50,  46,  52,
     47,  52,  47,  52,  47,  52,  47,  52,  47,  52,  47,  52,  47,  28,  39, 109,
    110, 109, 110,  28,  39, 111, 112, 113,   8, 112, 114,   8,   8, 115,  44,  10,
      7,   7,   7,   7,   7,   7, 116,  33,  33, 116, 116, 117, 117, 117, 118, 117,
    119, 119, 119, 119, 119, 119, 119, 120, 118, 120, 117, 118, 117, 117, 117, 117,
};

static const uint16_t geist_ui_8_mediumKernRowOffsets[] = {
        0,     5,     7,    12,    15,    17,    27,    33,    64,    90,   102,   107,   110,   115,   117,   119,
      130,   132,   144,   172,   193,   213,   229,   253,   265,   289,   301,   324,   352,   374,   391,   431,
      455,   478,   480,   497,   521,   541,   558,   579,   602,   625,   644,   668,   691,   710,   711,   715,
      716,   719,   736,   749,   750,   751,   754,   757,   759,   776,   778,   781,   786,   789,   791,   801,
      802,   805,   806,   817,   823,   824,   833,   846,   850,   855,   860,   865,   876,   883,   889,   897,
      904,   919,   923,   940,   942,   944,   949,   951,   953,   958,   960,   966,   971,   978,   989,   995,
      996,  1005,  1016,  1022,  1032,  1038,  1041,  1048,  1050,  1058,  1069,  1079,  1087,  1097,  1098,  1103,
     1109,  1110,  1111,  1112,  1116,
};

static const uint8_t geist_ui_8_mediumKernSparseCols[] = {
      9,  14,  15,  31,  44,  15,  25,  10,  12,  13,  14,  16,   7,   9,  15,  15,
     27,   5,  10,  11,  15,  21,  25,  32,  33,  34,  38,  11,  14,  15,  32,  38,
     39,   0,   3,   7,   9,  10,  15,  17,  18,  19,  20,  21,  22,  23,  25,  26,
     28,  30,  31,  32,  33,  34,  35,  36,  37,  38,  39,  40,  42,  43,  50, 114,
      4,   5,   7,   9,  12,  15,  17,  18,  19,  20,  21,  22,  23,  25,  26,  27,
     28,  30,  31,  32,  33,  36,  38,  39,  48,  50,   8,   9,  10,  11,  12,  14,
     15,  16,  22,  30,  31,  37,   8,  10,  13,  14,  15,   4,   9,  15,   1,   2,
      8,  15,  17,   4,  15,  11,  12,   2,   7,   8,  10,  11,  14,  15,  16,  17,
     29,  41,   4,  15,   9,  10,  14,  15,  25,  26,  32,  36,  38,  39,  40,  50,
      0,   1,   5,  10,  13,  15,  17,  18,  19,  20,  21,  22,  23,  24,  25,  27,
     28,  31,  32,  34,  35,  36,  37,  38,  39,  40,  50,  54,   9,  10,  15,  17,
     18,  19,  20,  23,  25,  27,  30,  31,  32,  33,  34,  35,  36,  37,  38,  39,
     40,   9,  15,  19,  20,  22,  23,  25,  26,  27,  30,  31,  32,  34,  35,  36,
     37,  38,  39,  40,  50,  17,  18,  19,  20,  23,  25,  27,  30,  31,  32,  33,
     36,  38,  39,  40,  50,   7,   9,  17,  18,  19,  20,  21,  22,  23,  26,  27,
     28,  30,  31,  32,  33,  34,  35,  36,  37,  38,  39,  40,  50,  15,  25,  26,
     27,  30,  31,  32,  36,  38,  39,  40,  50,   9,  10,  15,  18,  19,  20,  21,
     23,  24,  25,  26,  27,  28,  30,  31,  32,  33,  34,  35,  36,  37,  38,  39,
     50,   9,  19,  20,  21,  23,  27,  32,  36,  38,  39,  40,  50,   5,  10,  15,
     17,  18,  19,  20,  21,  22,  23,  24,  25,  28,  30,  31,  32,  33,  35,  36,
     37,  38,  39,  50,   0,   1,   5,   7,   9,  10,  15,  17,  18,  19,  20,  21,
     22,  23,  24,  25,  27,  28,  31,  32,  33,  34,  36,  37,  38,  39,  40,  50,
      0,   7,   8,   9,  10,  17,  18,  19,  20,  21,  23,  25,  26,  27,  28,  30,
     31,  35,  37,  38,  39,  40,   9,  10,  15,  17,  18,  22,  25,  27,  30,  31,
     32,  33,  36,  37,  38,  39,  50,   1,   3,   5,   7,   8,   9,  10,  14,  15,
     17,  18,  19,  20,  21,  22,  23,  25,  26,  27,  29,  30,  31,  32,  33,  34,
     35,  36,  37,  38,  39,  40,  42,  43,  50,  55,  56,  57, 112, 113, 114,   6,
      9,  10,  15,  19,  20,  21,  23,  24,  27,  28,  30,  31,  32,  33,  34,  35,
     36,  37,  38,  39,  40,  48,  50,   8,   9,  10,  18,  19,  20,  21,  23,  25,
     26,  27,  30,  31,  32,  33,  34,  35,  36,  37,  38,  39,  40,  50,  15,  33,
      5,   7,  18,  19,  20,  23,  31,  32,  33,  34,  35,  36,  37,  38,  39,  40,
     50,   1,   5,   9,  15,  18,  19,  20,  23,  25,  26,  27,  31,  32,  33,  34,
     35,  36,  37,  38,  39,  40,  50,  56,  57,   5,   7,   8,   9,  17,  19,  20,
     23,  29,  30,  31,  32,  33,  34,  35,  36,  39,  40,  50, 111,  15,  18,  19,
     20,  23,  25,  27,  31,  32,  33,  36,  38,  39,  40,  50,  56,  57,   5,  15,
     18,  19,  20,  23,  25,  26,  27,  30,  31,  32,  33,  34,  35,  36,  37,  38,
     39,  40,  50,   0,   5,   7,   8,  10,  15,  17,  18,  19,  20,  23,  30,  31,
     32,  33,  34,  35,  36,  37,  38,  39,  40,  50,   7,   8,   9,  15,  17,  19,
     20,  23,  30,  31,  32,  33,  34,  35,  36,  37,  38,  39,  40,  42,  50,  56,
     57,   7,   8,   9,  19,  20,  23,  25,  28,  30,  31,  32,  33,  35,  36,  37,
     38,  39,  40,  50,   7,   8,   9,  10,  15,  17,  19,  20,  21,  23,  26,  30,
     31,  32,  33,  34,  35,  36,  37,  39,  40,  50,  56,  57,   0,   5,   7,   8,
     10,  15,  17,  18,  19,  20,  23,  30,  31,  32,  33,  34,  35,  36,  37,  38,
     39,  40,  50,  17,  18,  19,  20,  23,  25,  26,  30,  31,  32,  33,  34,  35,
     36,  37,  38,  39,  40,  50,  15,  25,  32,  36,  50,  15,  15,  21,  25,   1,
     10,  11,  15,  19,  20,  23,  25,  30,  31,  32,  33,  35,  36,  38,  40,  50,
      5,  19,  20,  23,  30,  31,  32,  33,  36,  38,  39,  50, 113, 109,  45,  15,
     25,  27,  49,  51, 108,  52, 108,   9,  10,  15,  17,  18,  22,  25,  27,  30,
     31,  32,  33,  36,  37,  38,  39,  50,  52, 108,  47, 109, 115,  45,  49,  52,
     53, 108,  47, 109, 115,  49, 108,  61,  62,  63,  65,  70,  72,  76,  77,  78,
     82,  62,  58,  73,  74,  72,  64,  65,  67,  70,  71,  72,  73,  74,  80,  82,
     83,  59,  66,  71,  73,  75,  83,  65,  61,  62,  71,  72,  73,  76,  77,  82,
     83,  58,  61,  62,  66,  68,  69,  73,  74,  75,  77,  78,  81, 110,  61,  62,
     66,  76,  62,  64,  71,  73,  83,  62,  64,  71,  72,  73,  64,  65,  70,  71,
     72,  59,  61,  64,  71,  72,  73,  75,  76,  77,  82,  83,  61,  62,  66,  76,
     78,  82, 110,  71,  72,  76,  77,  82,  83,  58,  64,  66,  71,  73,  74,  83,
    110,  64,  66,  72,  73,  75,  82, 110,  58,  60,  61,  62,  66,  68,  69,  70,
     72,  73,  74,  75,  77,  78, 110,  61,  62,  66, 110,  58,  59,  60,  61,  62,
     66,  69,  71,  72,  73,  74,  75,  77,  78,  79,  83, 110,  65,  72,  77,  83,
     71,  72,  77,  82,  83,  68,  72,  62,  66,  58,  71,  73,  74,  75,  66,  73,
     92,  94,  95, 102, 104, 106,  87,  93,  99, 102, 105,  85,  91,  92,  94,  95,
     97, 102,  85,  88,  91,  93,  94,  96,  97,  99, 101, 102, 105,  85,  91,  96,
     99, 102, 105,  85,  87,  91,  93,  94, 101, 102, 103, 104, 105,  85,  88,  90,
     91,  94,  96,  97,  99, 102, 105, 107,  91,  94,  97,  99, 101, 102,  85,  86,
     91,  93,  94,  99, 101, 102, 106, 107,  91,  94,  96,  97,  99, 102,  91,  92,
     94,  91,  93,  95,  99, 101, 102, 105,  91,  99,  93,  94,  95,  98,  99, 101,
    102, 106,  84,  85,  87,  88,  91,  92,  96,  97,  99, 101, 102,  85,  91,  93,
     94,  97,  99, 101, 102, 105, 107,  85,  91,  94,  96,  99, 101, 102, 105,  87,
     89,  92,  94,  95,  97,  99, 100, 102, 106,  52,  45,  46,  49,  52,  53,  70,
     71,  72,  76,  77,  82,  21,  25,  21, 116, 117, 118, 119,
};

static const int8_t geist_ui_8_mediumKernSparseValues[] = {
     -13,   -8,    3,   -3,  -11,  -15,  -11,   -4,   -2,   -2,   -9,   -2,  -11,  -19,    3,   -5,
      -5,  -11,   -5,  -20,  -16,   -2,  -21,   -9,    3,   -3,  -11,   -5,    3,  -11,   -3,   -3,
     -13,   -9,   -6,  -21,  -29,  -10,   -3,   -9,   -9,   -6,   -6,  -21,   -4,   -6,   -3,   -3,
      -3,  -13,  -12,  -13,  -13,   -7,   -9,  -11,  -14,  -11,  -17,  -10,  -14,   -6,  -11,  -14,
      -5,   -3,   -5,   -9,   -3,  -11,   -3,   -5,   -4,   -4,   -3,   -3,   -4,  -10,   -9,  -11,
      -3,    2,    3,   -3,   -5,   -6,   -5,   -6,   -2,   -6,   -3,   -2,   -3,  -11,   -3,   -5,
      -1,   -5,   -4,   -1,   -5,   -2,   -8,   -3,   -6,   -6,   -4,   -2,   -9,   -5,   -3,   -5,
      -3,   -5,   -5,   -3,  -11,   -5,   -3,    3,  -26,  -10,   -3,    3,   -7,    5,   -2,   -5,
       8,    8,   -2,   -5,   -5,   -3,   -5,  -15,   -9,   -5,   -7,   -7,   -5,  -11,   -5,   -7,
      -3,  -13,  -19,   -9,   -9,  -25,   -5,  -14,   -6,   -6,   -8,   -4,   -6,   -5,  -29,  -20,
      -3,   -5,  -11,   -6,   -5,  -17,   -6,  -17,   -8,   -3,  -17,   -4,   -6,   -3,  -10,   -5,
      -7,   -2,   -6,   -2,   -9,  -12,   -2,   -1,   -5,   -4,   -3,   -3,   -5,   -3,   -9,  -12,
      -6,   -7,   -4,   -1,   -1,   -2,   -1,   -6,   -5,   -6,   -2,   -2,   -5,   -3,   -2,   -3,
      -3,   -3,   -9,   -3,   -3,   -3,   -5,   -2,   -2,   -5,    3,   -5,   -3,   -5,   -9,   -3,
     -10,   -6,   -8,   -1,  -10,  -21,  -22,   -8,   -5,   -5,   -5,  -16,   -7,   -5,   -5,   -5,
      -5,   -6,   -7,  -10,   -9,   -5,   -7,  -10,   -8,  -11,  -13,   -8,  -10,   -5,   -9,   -3,
      -5,    1,    3,   -4,   -3,   -2,   -4,    1,   -3,   -3,   -4,  -10,   -3,   -5,   -5,   -5,
      -5,    4,   -6,   -3,   -5,   -1,   -3,   -3,   -9,   -4,   -2,    2,  -10,   -5,   -3,  -13,
     -10,   -5,    4,    4,   -7,    4,   -5,   -5,   -5,   -5,   -8,   -5,   -5,   -3,  -11,   -1,
      -5,   -6,   -3,   -3,   -8,   -5,   -3,   -5,   -3,   -3,   -4,  -13,  -14,   -3,   -5,  -13,
      -8,   -9,   -9,  -13,   -5,  -26,  -32,   -2,   -5,  -13,  -36,   -5,  -21,  -12,  -12,  -14,
      -7,  -12,  -12,  -41,  -43,   -5,  -10,  -15,   -5,  -10,  -20,  -10,  -21,  -13,   -5,  -20,
      -3,  -29,   -7,  -20,   -3,   -5,   -5,   -5,   -5,  -21,   -5,  -11,  -11,  -11,   -6,   -6,
      -7,   -2,   -7,   -5,  -11,   -8,   -3,   -4,   -5,   -2,   -5,   -4,  -13,   -6,   -1,   -7,
      -7,   -3,   -8,   -3,   -6,   -6,   -8,    3,   -7,    3,  -26,  -10,  -25,  -11,   -8,    3,
     -15,   -5,   -7,   -7,  -32,  -10,   -7,   -3,   -1,    2,    5,  -19,  -21,  -10,  -12,   -5,
     -13,  -10,  -17,  -12,  -15,  -13,  -15,  -16,  -10,  -23,  -29,  -29,    2,    2,  -15,   -5,
     -20,  -11,    2,   -5,   -5,  -33,   -5,   -5,    5,   -3,  -17,  -19,  -14,  -12,   -5,  -16,
     -16,  -16,  -11,  -16,  -19,   -5,  -16,   -5,   -5,   -5,   -5,   -1,   -1,   -7,   -1,   -3,
      -3,   -3,   -3,   -9,  -11,   -4,   -2,   -3,   -8,   -5,   -9,  -11,   -5,   -8,    5,    8,
      -6,    5,   -6,   -2,   -2,   -2,   -2,   -8,    1,   -3,   -1,   -8,   -2,   -7,   -7,   -3,
      -8,   -3,   -6,   -3,  -19,  -11,   -3,   -3,   -3,  -13,   -5,  -13,   -3,   -8,   -5,   -1,
      -3,   -8,   -3,   -7,  -14,   -6,   -8,   -9,   -9,    3,  -16,   -7,  -11,   -7,   -4,   -4,
      -4,    4,   -8,  -11,  -10,  -12,   -5,   -7,  -10,  -11,   -3,  -10,    3,  -14,   -5,   -3,
      -3,   -3,   -6,   -5,   -3,   -5,   -1,   -7,   -5,   -5,   -3,   -7,   -5,   -5,   -5,  -11,
      -5,   -3,   -3,   -3,   -5,   -3,  -11,   -3,   -3,   -8,   -9,   -3,   -5,  -10,   -4,   -9,
     -13,   -4,  -10,   -5,   -5,   -5,  -18,   -3,   -5,  -11,   -8,  -13,  -13,  -13,  -13,  -30,
     -15,   -8,  -11,  -11,  -14,   -5,  -13,  -11,   -9,  -14,  -15,  -10,   -8,  -10,  -12,   -7,
      -7,   -7,  -10,  -11,  -12,  -13,   -7,  -10,  -12,   -5,   -6,  -11,   -8,  -10,  -12,  -48,
     -24,    7,   -7,    3,   -2,   -2,   -2,   -3,    7,   -2,   -4,   -8,   -3,    1,   -3,   -1,
      -3,   -9,    1,   -3,  -15,   -3,  -13,   -4,  -10,   -5,   -3,   -3,  -10,   -3,   -1,   -6,
      -7,   -3,   -7,   -3,   -6,   -6,   -5,  -12,   -7,   -6,  -36,  -15,   -5,   -5,   -5,  -18,
      -3,   -5,  -11,   -8,  -13,  -13,  -13,  -13,  -14,  -15,   -8,  -11,  -11,  -14,   -5,  -13,
     -11,   -9,  -14,   -5,   -3,   -3,   -3,   -3,   -8,   -3,   -4,   -8,   -5,   -6,   -4,   -4,
      -7,   -5,   -8,  -13,   -5,   -7,    3,  -11,   -3,   -4,   -4,   -5,  -16,   -1,  -14,  -11,
     -14,  -16,  -22,   -5,   -5,   -5,  -28,   -7,   -6,  -14,   -2,   -7,  -14,  -11,   -3,  -14,
       6,    1,    1,    1,   -3,   -5,   -3,   -3,   -2,   -1,   -3,   -2,   10,   -5,   -5,   -7,
     -10,   -7,   -5,   -3,   -8,   -5,   -3,   -3,   -4,   -5,   -2,   -5,   -4,  -13,   -6,   -1,
      -4,   -7,   -3,   -8,   -3,   -6,   -6,   -8,   -5,   16,    5,   13,   11,   -5,   -3,   -8,
      -8,   16,    5,   13,   13,   -5,  -16,   -5,   -3,   -3,   -3,   -3,   -5,   -5,   -4,   -5,
     -11,   -5,   -5,   -5,   -5,   -5,  -16,  -11,   -5,  -13,   -8,  -19,   -8,  -13,   -3,   -8,
      -5,   -5,   -5,  -13,   -8,   -5,   -8,   -3,   -3,   -3,   -3,  -11,   -3,   -5,   -5,  -11,
      -8,   -3,  -32,  -27,  -13,   13,   -5,   -5,   -5,   -8,   -8,  -13,   -3,   -5,   -5,  -13,
      -3,   -3,    8,   -7,   -3,   -5,    8,    5,   -4,   -4,   -8,   -8,  -11,   -8,   -5,   -5,
     -11,   -5,   -3,  -19,  -16,  -16,  -11,   -5,   -3,   -5,   -5,  -12,  -13,  -13,   -7,   -5,
     -16,   -5,   -3,   -3,   -8,   -3,   -5,   -3,   -3,   -5,   -3,   -3,   -3,   -5,  -13,   -3,
      -3,   -3,   -5,   -3,   -5,   -5,   -3,   -3,   -5,   -8,  -16,  -13,  -11,    5,   -5,    5,
       5,  -13,   -5,   -8,   -5,  -11,   -5,   -8,  -11,   -3,   -5,   -5,   -5,  -13,  -19,  -16,
     -19,   -5,  -11,    5,  -13,  -13,  -19,   -5,  -13,  -21,  -11,  -11,   -3,   -5,   -5,   -3,
      -3,  -11,   -5,  -11,   -3,   -1,   -8,   -8,   -5,   -5,   -5,  -13,  -13,   -5,   -3,   -3,
      -5,   -2,   -2,   -5,   -3,   -5,   -2,   -3,   -7,   -7,   -4,    2,   -3,   -8,   -2,   -4,
      -5,   -4,  -11,   -5,   -4,  -13,   -9,   -4,   -2,   -8,  -13,   -9,   -8,   -3,   -4,   -3,
      -2,   -5,   -4,   -3,   -3,   -5,   -7,   -1,   -5,   -5,   -3,   -3,   -2,  -15,   -5,   -3,
      -3,   -3,   -7,   -3,   -3,   -6,   -5,   -5,   -3,   -2,   -3,   -4,   -6,   -7,  -10,   -1,
      -4,   -8,   -7,   -3,  -10,   -4,    3,   -1,   -1,   -5,   -2,   -5,   -6,   -7,   -3,   -3,
      -4,   -1,   -8,   -2,   -1,   -5,   -2,   -4,   -2,   -4,   -3,   -5,   -2,   -1,   -3,   -7,
      -2,   -3,   -2,   -4,   -3,   -1,   -1,   -5,   -4,   -1,   -6,   -1,   -6,  -10,   -5,   -6,
      -3,   -2,   -5,   -7,   -5,   -5,   -6,   -7,   -2,   -7,   -2,   -4,   -1,   -3,   -3,  -10,
     -11,   -4,   -3,   -1,   -9,   -9,   -9,   -4,   -5,   -3,  -13,   -8,   -5,  -16,  -13,  -11,
      -5,  -11,   -3,   -3,   -5,  -31,  -11,   -1,  -11,   -7,   -8,    7,
};

static const EpdLigaturePair geist_ui_8_mediumLigaturePairs[] = {
    { 0x00660066, 0xFB00 }, // f f -> U+FB00
    { 0x00660069, 0xFB01 }, // f i -> U+FB01
    { 0x0066006C, 0xFB02 }, // f l -> U+FB02
};

static const EpdFontData geist_ui_8_medium = {
    geist_ui_8_mediumBitmaps,
    geist_ui_8_mediumGlyphs,
    geist_ui_8_mediumIntervals,
    52,
    22,
    17,
    -5,
    false,
    nullptr,
    0,
    nullptr,
    nullptr,  // kernLeftClasses: built-in fonts use the split arrays below
    nullptr,  // kernRightClasses
    geist_ui_8_mediumKernLeftCodepoints,
    geist_ui_8_mediumKernLeftClassIds,
    geist_ui_8_mediumKernRightCodepoints,
    geist_ui_8_mediumKernRightClassIds,
    nullptr,  // kernMatrix: built-in fonts use the sparse form below
    geist_ui_8_mediumKernRowOffsets,
    geist_ui_8_mediumKernSparseCols,
    geist_ui_8_mediumKernSparseValues,
    601,
    656,
    116,
    120,
    geist_ui_8_mediumLigaturePairs,
    3,
};
