/**
 * generated by fontconvert.py
 * name: geist_ui_18_bold
 * size: 18
 * mode: 1-bit mono
 * Command used: fontconvert.py geist_ui_18_bold 18 ../fontsrc/Geist-Bold.ttf ../builtinFonts/source/NotoSans/NotoSans-Bold.ttf ../builtinFonts/source/NotoSansHebrew/NotoSansHebrew-UIBold.ttf ../builtinFonts/source/NotoSansArabic/NotoSansArabic-UIBold.ttf --mono --autohint-font ../fontsrc/Geist-Bold.ttf --autohint-font ../builtinFonts/source/NotoSans/NotoSans-Bold.ttf --autohint-font ../builtinFonts/source/NotoSansHebrew/NotoSansHebrew-UIBold.ttf --additional-intervals 0x05D0,0x05EA --additional-intervals 0x060C,0x060C --additional-intervals 0x061B,0x061B --additional-intervals 0x061F,0x061F --additional-intervals 0x0621,0x0621 --additional-intervals 0x0640,0x0640 --additional-intervals 0x0660,0x0669 --additional-intervals 0x06BA,0x06BA --additional-intervals 0x06D4,0x06D4 --additional-intervals 0x06F0,0x06F9 --additional-intervals 0xFB56,0xFB59 --additional-intervals 0xFB66,0xFB69 --additional-intervals 0xFB7A,0xFB7D --additional-intervals 0xFB88,0xFB95 --additional-intervals 0xFB9E,0xFB9F --additional-intervals 0xFBA6,0xFBB1 --additional-intervals 0xFBFC,0xFBFF --additional-intervals 0xFE80,0xFEFC
 */
#pragma once
#include "EpdFontData.h"

static const uint8_t geist_ui_18_boldBitmaps[93303] = {
    0x00, 0x00, 0x00, 0xFF, 0xFF, 0xFF, 0xFF, 0xFF, 0xFF, 0xFF, 0xFF, 0xFF, 0xFF, 0xFF, 0xDE, 0x79,
    0xE0, 0x00, 0x03, 0xFF, 0xFF, 0xFF, 0xFF, 0xC0, 0xF1, 0xFE, 0x3F, 0xC7, 0xF8, 0xFF, 0x1F, 0xE3,
    0xFC, 0x7F, 0x8F, 0x71, 0xCE, 0x38, 0x03, 0xE1, 0xF0, 0x0F, 0x87, 0xC0, 0x3E, 0x1F, 0x01, 0xF8,
    0xFC, 0x07, 0xC3, 0xE0, 0x1F, 0x0F, 0x83, 0xFF, 0xFF, 0xCF, 0xFF, 0xFF, 0x3F, 0xFF, 0xF8, 0xFF,
    0xFF, 0xE0, 0xFC, 0x7E, 0x03, 0xE1, 0xF0, 0x0F, 0x87, 0xC0, 0x3E, 0x1F, 0x00, 0xF8, 0x7C, 0x03,
    0xE1, 0xF0, 0x7F, 0xFF, 0xF3, 0xFF, 0xFF, 0xCF, 0xFF, 0xFF, 0x3F, 0xFF, 0xFC, 0x1F, 0x0F, 0x80,
    0x7C, 0x3E, 0x01, 0xF0, 0xF8, 0x0F, 0xC7, 0xE0, 0x3E, 0x1F, 0x00, 0xF8, 0x7C, 0x03, 0xE1, 0xF0,
    0x00, 0x00, 0x38, 0x00, 0x00, 0xE0, 0x00, 0x03, 0x80, 0x00, 0x0E, 0x00, 0x01, 0xFE, 0x00, 0x1F,
    0xFE, 0x01, 0xFF, 0xFE, 0x0F, 0xFF, 0xFC, 0x3F, 0xBF, 0xF1, 0xF8, 0xEF, 0xE7, 0xE3, 0x9F, 0x9F,
    0x8E, 0x3E, 0x7E, 0x38, 0x01, 0xFC, 0xE0, 0x03, 0xFF, 0x80, 0x0F, 0xFF, 0x80, 0x1F, 0xFF, 0xC0,
    0x1F, 0xFF, 0x80, 0x1F, 0xFF, 0x00, 0x0F, 0xFE, 0x00, 0x3B, 0xFF, 0xF0, 0xE3, 0xF7, 0xE3, 0x8F,
    0xDF, 0x8E, 0x3F, 0x7F, 0x38, 0xFD, 0xFE, 0xEF, 0xF3, 0xFF, 0xFF, 0x87, 0xFF, 0xFE, 0x0F, 0xFF,
    0xF0, 0x1F, 0xFF, 0x00, 0x0F, 0xF0, 0x00, 0x0E, 0x00, 0x00, 0x38, 0x00, 0x00, 0xE0, 0x00, 0x0F,
    0x80, 0x07, 0x03, 0xFE, 0x00, 0xE0, 0x7F, 0xF0, 0x0E, 0x0F, 0x8F, 0x01, 0xC0, 0xF0, 0x78, 0x38,
    0x0F, 0x07, 0x83, 0x80, 0xF0, 0x78, 0x70, 0x0F, 0x07, 0x8F, 0x00, 0xF0, 0x78, 0xE0, 0x0F, 0x8F,
    0x1C, 0x00, 0x7F, 0xF3, 0xC0, 0x03, 0xFE, 0x38, 0x00, 0x0F, 0x87, 0x00, 0x00, 0x00, 0x71, 0xF8,
    0x00, 0x0E, 0x3F, 0xC0, 0x01, 0xE7, 0xFE, 0x00, 0x1C, 0x79, 0xE0, 0x03, 0x8F, 0x0F, 0x00, 0x78,
    0xF0, 0xF0, 0x07, 0x0F, 0x0F, 0x00, 0xE0, 0xF0, 0xF0, 0x1E, 0x0F, 0x0F, 0x01, 0xC0, 0xF0, 0xF0,
    0x3C, 0x07, 0x9E, 0x07, 0x80, 0x7F, 0xE0, 0x70, 0x03, 0xFC, 0x0F, 0x00, 0x1F, 0x80, 0x00, 0xFE,
    0x00, 0x01, 0xFF, 0xC0, 0x03, 0xFF, 0xF0, 0x01, 0xFF, 0xF8, 0x01, 0xFF, 0xFE, 0x00, 0xFE, 0x7F,
    0x00, 0x7E, 0x1F, 0x80, 0x3F, 0x0F, 0xC0, 0x1F, 0x87, 0xE0, 0x0F, 0xE7, 0xE0, 0x03, 0xF7, 0xF0,
    0x00, 0xFF, 0xF0, 0x00, 0x7F, 0xE0, 0x00, 0x3F, 0xE0, 0x00, 0x7F, 0xE0, 0x00, 0x7F, 0xF8, 0x60,
    0x7F, 0xFE, 0x3F, 0x3F, 0x9F, 0x9F, 0xBF, 0x8F, 0xCF, 0xDF, 0x83, 0xFF, 0xCF, 0xC0, 0xFF, 0xE7,
    0xE0, 0x7F, 0xF3, 0xF8, 0x1F, 0xF1, 0xFF, 0xFF, 0xF0, 0x7F, 0xFF, 0xFC, 0x3F, 0xFF, 0xFF, 0x0F,
    0xFF, 0xFF, 0xC1, 0xFF, 0xCF, 0xE0, 0x0C, 0x00, 0x00, 0xFF, 0xFF, 0xFF, 0xFF, 0xFF, 0x07, 0xC1,
    0xF8, 0x3E, 0x0F, 0xC1, 0xF0, 0x7E, 0x0F, 0xC1, 0xF0, 0x7E, 0x0F, 0xC1, 0xF8, 0x7E, 0x0F, 0xC1,
    0xF8, 0x3F, 0x07, 0xE0, 0xFC, 0x1F, 0x83, 0xF0, 0x7E, 0x0F, 0xC1, 0xF8, 0x1F, 0x83, 0xF0, 0x7E,
    0x07, 0xC0, 0xFC, 0x1F, 0x81, 0xF0, 0x3F, 0x03, 0xE0, 0x7E, 0x07, 0xC0, 0x7C, 0x0F, 0x80, 0xF8,
    0x1F, 0x81, 0xF0, 0x3F, 0x07, 0xE0, 0x7C, 0x0F, 0xC1, 0xF8, 0x3F, 0x03, 0xE0, 0x7E, 0x0F, 0xC1,
    0xF8, 0x3F, 0x07, 0xE0, 0xFC, 0x1F, 0x83, 0xF0, 0x7E, 0x0F, 0x83, 0xF0, 0x7E, 0x0F, 0xC1, 0xF0,
    0x7E, 0x0F, 0xC1, 0xF0, 0x7E, 0x0F, 0x83, 0xE0, 0x7C, 0x00, 0x08, 0x81, 0xC7, 0x0F, 0x78, 0x3F,
    0x81, 0xFC, 0x7F, 0xFF, 0xFF, 0xFF, 0xFF, 0xFF, 0xF8, 0xFE, 0x07, 0xF0, 0x7B, 0xC3, 0x8E, 0x04,
    0x40, 0x01, 0xF0, 0x00, 0x3E, 0x00, 0x07, 0xC0, 0x00, 0xF8, 0x00, 0x1F, 0x00, 0x03, 0xE0, 0x00,
    0x7C, 0x07, 0xFF, 0xFF, 0xFF, 0xFF, 0xFF, 0xFF, 0xFF, 0xFF, 0xFF, 0x80, 0xF8, 0x00, 0x1F, 0x00,
    0x03, 0xE0, 0x00, 0x7C, 0x00, 0x0F, 0x80, 0x01, 0xF0, 0x00, 0x3E, 0x00, 0x07, 0xC0, 0x00, 0xFF,
    0xFF, 0xFF, 0xFF, 0xF3, 0xCE, 0x39, 0xC7, 0x1C, 0xFF, 0xFF, 0xFF, 0xFF, 0xFF, 0xFF, 0xF0, 0xFF,
    0xFF, 0xFF, 0xFF, 0xF0, 0x00, 0x1F, 0x80, 0x0F, 0x80, 0x0F, 0xC0, 0x07, 0xE0, 0x03, 0xE0, 0x03,
    0xF0, 0x01, 0xF8, 0x00, 0xF8, 0x00, 0xFC, 0x00, 0x7E, 0x00, 0x3E, 0x00, 0x3F, 0x00, 0x1F, 0x80,
    0x0F, 0x80, 0x0F, 0xC0, 0x07, 0xE0, 0x03, 0xE0, 0x03, 0xF0, 0x01, 0xF8, 0x00, 0xF8, 0x00, 0xFC,
    0x00, 0x7E, 0x00, 0x3E, 0x00, 0x3F, 0x00, 0x1F, 0x80, 0x0F, 0x80, 0x0F, 0xC0, 0x07, 0xE0, 0x03,
    0xE0, 0x03, 0xF0, 0x01, 0xF8, 0x00, 0xF8, 0x00, 0xFC, 0x00, 0x00, 0x00, 0xFE, 0x00, 0x07, 0xFF,
    0x00, 0x3F, 0xFF, 0x80, 0xFF, 0xFF, 0x81, 0xFF, 0xFF, 0x07, 0xF0, 0x7F, 0x1F, 0xC0, 0x7F, 0x3F,
    0x00, 0x7E, 0x7E, 0x00, 0xFD, 0xFC, 0x01, 0xFB, 0xF0, 0x01, 0xFF, 0xE0, 0x03, 0xFF, 0xC0, 0x07,
    0xFF, 0x80, 0x0F, 0xFF, 0x00, 0x1F, 0xFE, 0x00, 0x3F, 0xFC, 0x00, 0x7F, 0xF8, 0x00, 0xFF, 0xF0,
    0x01, 0xFB, 0xF0, 0x07, 0xE7, 0xE0, 0x0F, 0xCF, 0xE0, 0x3F, 0x8F, 0xE0, 0xFE, 0x1F, 0xFF, 0xFC,
    0x1F, 0xFF, 0xF0, 0x1F, 0xFF, 0xC0, 0x1F, 0xFF, 0x00, 0x0F, 0xF8, 0x00, 0x01, 0x00, 0x00, 0x01,
    0xF0, 0x1F, 0x01, 0xF0, 0x3F, 0x07, 0xFF, 0xFF, 0xFF, 0xFF, 0xFF, 0xFF, 0xF0, 0x3F, 0x03, 0xF0,
    0x3F, 0x03, 0xF0, 0x3F, 0x03, 0xF0, 0x3F, 0x03, 0xF0, 0x3F, 0x03, 0xF0, 0x3F, 0x03, 0xF0, 0x3F,
    0x03, 0xF0, 0x3F, 0x03, 0xF0, 0x3F, 0x03, 0xF0, 0x01, 0xFC, 0x00, 0xFF, 0xF0, 0x1F, 0xFF, 0xC3,
    0xFF, 0xFE, 0x3F, 0xFF, 0xE7, 0xF0, 0xFF, 0x7E, 0x07, 0xFF, 0xC0, 0x3F, 0xFC, 0x03, 0xFF, 0xC0,
    0x3F, 0x00, 0x07, 0xF0, 0x00, 0xFE, 0x00, 0x1F, 0xE0, 0x07, 0xFC, 0x01, 0xFF, 0x80, 0x3F, 0xF0,
    0x07, 0xFC, 0x00, 0xFF, 0x00, 0x1F, 0xE0, 0x03, 0xF8, 0x00, 0x7F, 0x00, 0x07, 0xE0, 0x00, 0x7E,
    0x00, 0x0F, 0xFF, 0xFF, 0xFF, 0xFF, 0xFF, 0xFF, 0xFF, 0xFF, 0xFF, 0xFF, 0xFF, 0xFF, 0x01, 0xFC,
    0x00, 0x7F, 0xFC, 0x07, 0xFF, 0xF0, 0x7F, 0xFF, 0xC7, 0xFF, 0xFE, 0x3F, 0x87, 0xF9, 0xF8, 0x1F,
    0xDF, 0x80, 0x7E, 0x00, 0x03, 0xF0, 0x00, 0x1F, 0x80, 0x00, 0xF8, 0x00, 0x1F, 0xC0, 0x0F, 0xFC,
    0x00, 0x7F, 0x80, 0x03, 0xFE, 0x00, 0x1F, 0xFC, 0x00, 0x07, 0xF0, 0x00, 0x1F, 0x80, 0x00, 0x7E,
    0x00, 0x03, 0xFF, 0xC0, 0x1F, 0xFE, 0x00, 0xFF, 0xF8, 0x0F, 0xEF, 0xFF, 0xFE, 0x7F, 0xFF, 0xF1,
    0xFF, 0xFF, 0x07, 0xFF, 0xF0, 0x0F, 0xFE, 0x00, 0x06, 0x00, 0x00, 0x00, 0x0F, 0xE0, 0x00, 0x7F,
    0x80, 0x03, 0xFE, 0x00, 0x0F, 0xF8, 0x00, 0x7F, 0xE0, 0x03, 0xFF, 0x80, 0x1F, 0xFE, 0x00, 0x7F,
    0xF8, 0x03, 0xF7, 0xE0, 0x1F, 0x9F, 0x80, 0x7E, 0x7E, 0x03, 0xF1, 0xF8, 0x1F, 0x87, 0xE0, 0x7C,
    0x1F, 0x83, 0xF0, 0x7E, 0x1F, 0x81, 0xF8, 0x7C, 0x07, 0xE3, 0xFF, 0xFF, 0xFF, 0xFF, 0xFF, 0xFF,
    0xFF, 0xFF, 0xFF, 0xFF, 0xFF, 0xFF, 0xFF, 0xF0, 0x00, 0x7E, 0x00, 0x01, 0xF8, 0x00, 0x07, 0xE0,
    0x00, 0x1F, 0x80, 0x00, 0x7E, 0x00, 0x3F, 0xFF, 0xE1, 0xFF, 0xFF, 0x0F, 0xFF, 0xF8, 0x7F, 0xFF,
    0xC7, 0xFF, 0xFE, 0x3F, 0x00, 0x01, 0xF8, 0x00, 0x0F, 0xC0, 0x00, 0x7C, 0x00, 0x03, 0xE3, 0xF0,
    0x1F, 0x7F, 0xE0, 0xFF, 0xFF, 0xC7, 0xFF, 0xFE, 0x7F, 0x83, 0xFB, 0xF8, 0x0F, 0xDF, 0x80, 0x3F,
    0x00, 0x01, 0xF8, 0x00, 0x0F, 0xC0, 0x00, 0x7F, 0xF8, 0x03, 0xFF, 0xC0, 0x3F, 0xFF, 0x03, 0xF9,
    0xFF, 0xFF, 0xCF, 0xFF, 0xFC, 0x3F, 0xFF, 0xE0, 0xFF, 0xFC, 0x01, 0xFF, 0xC0, 0x00, 0x40, 0x00,
    0x00, 0xFE, 0x00, 0x1F, 0xFC, 0x03, 0xFF, 0xF0, 0x1F, 0xFF, 0xC1, 0xFF, 0xFF, 0x1F, 0xC1, 0xF8,
    0xFC, 0x07, 0xEF, 0xC0, 0x00, 0x7E, 0x00, 0x03, 0xF0, 0x00, 0x3F, 0x1F, 0x81, 0xFB, 0xFF, 0x0F,
    0xFF, 0xFE, 0x7F, 0xFF, 0xF3, 0xFE, 0x1F, 0xDF, 0xC0, 0x7E, 0xFE, 0x03, 0xFF, 0xE0, 0x0F, 0xFF,
    0x00, 0x7F, 0xF8, 0x03, 0xFF, 0xC0, 0x1F, 0xBE, 0x00, 0xFD, 0xF8, 0x0F, 0xC7, 0xE0, 0xFE, 0x3F,
    0xFF, 0xE0, 0xFF, 0xFF, 0x03, 0xFF, 0xE0, 0x07, 0xFE, 0x00, 0x02, 0x00, 0x00, 0xFF, 0xFF, 0xFF,
    0xFF, 0xFF, 0xFF, 0xFF, 0xFF, 0xFF, 0xFF, 0xFF, 0xFF, 0xF0, 0x00, 0x7E, 0x00, 0x07, 0xC0, 0x00,
    0xFC, 0x00, 0x1F, 0x80, 0x03, 0xF0, 0x00, 0x3E, 0x00, 0x07, 0xE0, 0x00, 0x7C, 0x00, 0x0F, 0xC0,
    0x00, 0xF8, 0x00, 0x1F, 0x80, 0x01, 0xF8, 0x00, 0x1F, 0x00, 0x03, 0xF0, 0x00, 0x3F, 0x00, 0x03,
    0xF0, 0x00, 0x7E, 0x00, 0x07, 0xE0, 0x00, 0x7E, 0x00, 0x07, 0xE0, 0x00, 0x7E, 0x00, 0x07, 0xE0,
    0x00, 0x01, 0xFE, 0x00, 0x3F, 0xFF, 0x01, 0xFF, 0xFE, 0x0F, 0xFF, 0xFC, 0x3F, 0xFF, 0xF1, 0xFE,
    0x1F, 0xE7, 0xE0, 0x1F, 0x9F, 0x80, 0x7E, 0x7E, 0x01, 0xF9, 0xF8, 0x07, 0xE3, 0xF0, 0x7F, 0x07,
    0xFF, 0xF8, 0x0F, 0xFF, 0xC0, 0x3F, 0xFF, 0x03, 0xFF, 0xFE, 0x0F, 0xC0, 0xFC, 0x7E, 0x01, 0xFB,
    0xF0, 0x03, 0xFF, 0xC0, 0x0F, 0xFF, 0x00, 0x3F, 0xFC, 0x00, 0xFF, 0xF8, 0x07, 0xFF, 0xF0, 0x3F,
    0xDF, 0xFF, 0xFE, 0x7F, 0xFF, 0xF8, 0xFF, 0xFF, 0xC1, 0xFF, 0xFE, 0x01, 0xFF, 0xE0, 0x00, 0x30,
    0x00, 0x01, 0xFC, 0x00, 0x7F, 0xF8, 0x07, 0xFF, 0xE0, 0x7F, 0xFF, 0x87, 0xF0, 0xFE, 0x3F, 0x03,
    0xFB, 0xF8, 0x0F, 0xDF, 0x80, 0x7E, 0xFC, 0x03, 0xFF, 0xE0, 0x0F, 0xFF, 0x00, 0xFF, 0xF8, 0x07,
    0xFF, 0xE0, 0x3F, 0xBF, 0x03, 0xFD, 0xFC, 0x3F, 0xE7, 0xFF, 0xFF, 0x3F, 0xFF, 0xF8, 0x7F, 0xEF,
    0xC0, 0xFC, 0x7E, 0x00, 0x07, 0xE0, 0x00, 0x3F, 0x7E, 0x01, 0xF9, 0xF8, 0x1F, 0x8F, 0xFF, 0xFC,
    0x3F, 0xFF, 0xC0, 0xFF, 0xFC, 0x03, 0xFF, 0xC0, 0x0F, 0xFC, 0x00, 0x04, 0x00, 0x00, 0xFF, 0xFF,
    0xFF, 0xFF, 0xF0, 0x00, 0x00, 0x00, 0x00, 0x00, 0x0F, 0xFF, 0xFF, 0xFF, 0xFF, 0xFF, 0xFF, 0xFF,
    0xFF, 0xF0, 0x00, 0x00, 0x00, 0x00, 0x00, 0x0F, 0xFF, 0xFF, 0xFF, 0xFF, 0x3C, 0xE3, 0x9C, 0x71,
    0xC0, 0x00, 0x00, 0x40, 0x00, 0x70, 0x00, 0x7C, 0x00, 0xFF, 0x00, 0xFF, 0xC0, 0xFF, 0xE1, 0xFF,
    0xE1, 0xFF, 0xE0, 0xFF, 0xC0, 0x3F, 0xC0, 0x0F, 0xC0, 0x03, 0xF8, 0x00, 0xFF, 0x80, 0x3F, 0xF8,
    0x03, 0xFF, 0xC0, 0x3F, 0xFC, 0x01, 0xFF, 0xC0, 0x1F, 0xF0, 0x01, 0xFC, 0x00, 0x0F, 0x00, 0x00,
    0xC0, 0xFF, 0xFF, 0xFF, 0xFF, 0xFF, 0xFF, 0xFF, 0xFF, 0xFF, 0x00, 0x00, 0x00, 0x00, 0x00, 0x00,
    0x00, 0x00, 0x00, 0x00, 0x00, 0x3F, 0xFF, 0xFF, 0xFF, 0xFF, 0xFF, 0xFF, 0xFF, 0xFF, 0xC0, 0x00,
    0x00, 0x30, 0x00, 0x0F, 0x80, 0x03, 0xF8, 0x00, 0xFF, 0x80, 0x3F, 0xFC, 0x03, 0xFF, 0xC0, 0x1F,
    0xFE, 0x01, 0xFF, 0xC0, 0x1F, 0xF0, 0x00, 0xFC, 0x00, 0x7F, 0x00, 0x7F, 0xC0, 0xFF, 0xF0, 0xFF,
    0xF0, 0xFF, 0xE0, 0xFF, 0xE0, 0x3F, 0xE0, 0x0F, 0xC0, 0x03, 0xC0, 0x00, 0xC0, 0x00, 0x00, 0x03,
    0xF8, 0x01, 0xFF, 0xE0, 0x7F, 0xFE, 0x1F, 0xFF, 0xE7, 0xFF, 0xFD, 0xFC, 0x1F, 0xFF, 0x01, 0xFF,
    0xE0, 0x3F, 0xFC, 0x07, 0xE0, 0x00, 0xFC, 0x00, 0x3F, 0x80, 0x0F, 0xE0, 0x07, 0xF8, 0x01, 0xFE,
    0x00, 0x7F, 0x80, 0x1F, 0xC0, 0x03, 0xF8, 0x00, 0x7E, 0x00, 0x0F, 0xC0, 0x00, 0x00, 0x00, 0x00,
    0x00, 0x00, 0x00, 0x00, 0xFC, 0x00, 0x1F, 0x80, 0x03, 0xF0, 0x00, 0x7E, 0x00, 0x0F, 0xC0, 0x01,
    0xF8, 0x00, 0x00, 0x07, 0xFC, 0x00, 0x00, 0x1F, 0xFF, 0xC0, 0x00, 0x3F, 0xFF, 0xF8, 0x00, 0x3F,
    0xFF, 0xFE, 0x00, 0x7F, 0xC0, 0x3F, 0x80, 0x3F, 0x00, 0x03, 0xE0, 0x3E, 0x00, 0x00, 0xF8, 0x3E,
    0x00, 0x00, 0x3E, 0x3E, 0x00, 0x00, 0x0F, 0x1E, 0x03, 0xE7, 0x87, 0x9F, 0x07, 0xFF, 0xC3, 0xEF,
    0x07, 0xFF, 0xE0, 0xF7, 0x87, 0xFF, 0xF0, 0x7F, 0xC3, 0xF1, 0xF8, 0x3F, 0xC1, 0xF0, 0x7C, 0x1F,
    0xE1, 0xF0, 0x1E, 0x0F, 0xF0, 0xF8, 0x0F, 0x07, 0xF8, 0x7C, 0x07, 0x83, 0xFC, 0x3E, 0x07, 0xC3,
    0xDE, 0x1F, 0x03, 0xE1, 0xEF, 0x0F, 0xC3, 0xF1, 0xF7, 0x83, 0xFF, 0xFF, 0xF3, 0xE1, 0xFF, 0xDF,
    0xF0, 0xF0, 0x7F, 0xCF, 0xF0, 0x7C, 0x0F, 0x81, 0xF0, 0x3E, 0x00, 0x00, 0x00, 0x0F, 0x80, 0x00,
    0x00, 0x07, 0xF0, 0x00, 0x00, 0x01, 0xFE, 0x00, 0xE0, 0x00, 0x7F, 0xFF, 0xF0, 0x00, 0x1F, 0xFF,
    0xFC, 0x00, 0x03, 0xFF, 0xFC, 0x00, 0x00, 0x3F, 0xE0, 0x00, 0x00, 0x00, 0x7F, 0x00, 0x00, 0x1F,
    0xE0, 0x00, 0x0F, 0xF8, 0x00, 0x03, 0xFE, 0x00, 0x00, 0xFF, 0xC0, 0x00, 0x7F, 0xF0, 0x00, 0x1F,
    0x7C, 0x00, 0x07, 0xDF, 0x80, 0x03, 0xF3, 0xE0, 0x00, 0xF8, 0xF8, 0x00, 0x3E, 0x3F, 0x00, 0x1F,
    0x87, 0xC0, 0x07, 0xC1, 0xF0, 0x03, 0xF0, 0x7E, 0x00, 0xFC, 0x0F, 0x80, 0x3E, 0x03, 0xF0, 0x1F,
    0xFF, 0xFC, 0x07, 0xFF, 0xFF, 0x01, 0xFF, 0xFF, 0xE0, 0xFF, 0xFF, 0xF8, 0x3F, 0xFF, 0xFE, 0x0F,
    0x80, 0x0F, 0xC7, 0xE0, 0x03, 0xF1, 0xF8, 0x00, 0x7C, 0x7C, 0x00, 0x1F, 0xBF, 0x00, 0x07, 0xEF,
    0xC0, 0x00, 0xF8, 0xFF, 0xFE, 0x03, 0xFF, 0xFF, 0x0F, 0xFF, 0xFE, 0x3F, 0xFF, 0xFC, 0xFF, 0xFF,
    0xFB, 0xF0, 0x1F, 0xEF, 0xC0, 0x1F, 0xBF, 0x00, 0x7E, 0xFC, 0x01, 0xFB, 0xF0, 0x07, 0xEF, 0xC0,
    0x7F, 0x3F, 0xFF, 0xF8, 0xFF, 0xFF, 0x83, 0xFF, 0xFF, 0x0F, 0xFF, 0xFF, 0x3F, 0x00, 0xFE, 0xFC,
    0x01, 0xFB, 0xF0, 0x03, 0xFF, 0xC0, 0x0F, 0xFF, 0x00, 0x3F, 0xFC, 0x01, 0xFF, 0xF0, 0x0F, 0xFF,
    0xFF, 0xFF, 0xBF, 0xFF, 0xFE, 0xFF, 0xFF, 0xF3, 0xFF, 0xFF, 0x8F, 0xFF, 0xF0, 0x00, 0x00, 0x7F,
    0x80, 0x01, 0xFF, 0xF0, 0x01, 0xFF, 0xFE, 0x01, 0xFF, 0xFF, 0x81, 0xFF, 0xFF, 0xC1, 0xFE, 0x0F,
    0xF0, 0xFE, 0x01, 0xF8, 0xFE, 0x00, 0x7E, 0x7E, 0x00, 0x3F, 0x3F, 0x00, 0x1F, 0xBF, 0x00, 0x00,
    0x1F, 0x80, 0x00, 0x0F, 0xC0, 0x00, 0x07, 0xE0, 0x00, 0x03, 0xF0, 0x00, 0x01, 0xF8, 0x00, 0x00,
    0xFC, 0x00, 0x00, 0x7E, 0x00, 0x00, 0x3F, 0x80, 0x07, 0xEF, 0xC0, 0x07, 0xE7, 0xE0, 0x03, 0xF3,
    0xF8, 0x03, 0xF8, 0xFE, 0x03, 0xF8, 0x3F, 0xFF, 0xFC, 0x1F, 0xFF, 0xFC, 0x07, 0xFF, 0xFC, 0x00,
    0xFF, 0xFC, 0x00, 0x3F, 0xF8, 0x00, 0x00, 0x80, 0x00, 0xFF, 0xFC, 0x01, 0xFF, 0xFF, 0x03, 0xFF,
    0xFF, 0x07, 0xFF, 0xFF, 0x0F, 0xFF, 0xFF, 0x1F, 0x80, 0xFF, 0x3F, 0x00, 0x7F, 0x7E, 0x00, 0xFE,
    0xFC, 0x00, 0xFD, 0xF8, 0x01, 0xFF, 0xF0, 0x01, 0xFF, 0xE0, 0x03, 0xFF, 0xC0, 0x07, 0xFF, 0x80,
    0x0F, 0xFF, 0x00, 0x1F, 0xFE, 0x00, 0x3F, 0xFC, 0x00, 0x7F, 0xF8, 0x01, 0xFF, 0xF0, 0x03, 0xF7,
    0xE0, 0x0F, 0xEF, 0xC0, 0x1F, 0xDF, 0x80, 0xFF, 0x3F, 0xFF, 0xFC, 0x7F, 0xFF, 0xF8, 0xFF, 0xFF,
    0xC1, 0xFF, 0xFF, 0x03, 0xFF, 0xF0, 0x00, 0xFF, 0xFF, 0xFF, 0xFF, 0xFF, 0xFF, 0xFF, 0xFF, 0xFF,
    0xFF, 0xFF, 0xFF, 0xF8, 0x00, 0x3F, 0x00, 0x07, 0xE0, 0x00, 0xFC, 0x00, 0x1F, 0x80, 0x03, 0xF0,
    0x00, 0x7F, 0xFF, 0xEF, 0xFF, 0xFD, 0xFF, 0xFF, 0xBF, 0xFF, 0xF7, 0xFF, 0xFE, 0xFC, 0x00, 0x1F,
    0x80, 0x03, 0xF0, 0x00, 0x7E, 0x00, 0x0F, 0xC0, 0x01, 0xF8, 0x00, 0x3F, 0xFF, 0xFF, 0xFF, 0xFF,
    0xFF, 0xFF, 0xFF, 0xFF, 0xFF, 0xFF, 0xFF, 0x80, 0xFF, 0xFF, 0xFF, 0xFF, 0xFF, 0xFF, 0xFF, 0xFF,
    0xFF, 0xFF, 0xFF, 0xFF, 0xF8, 0x00, 0x3F, 0x00, 0x07, 0xE0, 0x00, 0xFC, 0x00, 0x1F, 0x80, 0x03,
    0xF0, 0x00, 0x7F, 0xFF, 0xEF, 0xFF, 0xFD, 0xFF, 0xFF, 0xBF, 0xFF, 0xF7, 0xFF, 0xFE, 0xFC, 0x00,
    0x1F, 0x80, 0x03, 0xF0, 0x00, 0x7E, 0x00, 0x0F, 0xC0, 0x01, 0xF8, 0x00, 0x3F, 0x00, 0x07, 0xE0,
    0x00, 0xFC, 0x00, 0x1F, 0x80, 0x03, 0xF0, 0x00, 0x00, 0x00, 0x7F, 0x00, 0x03, 0xFF, 0xE0, 0x07,
    0xFF, 0xF0, 0x0F, 0xFF, 0xF8, 0x1F, 0xFF, 0xFC, 0x3F, 0xC1, 0xFC, 0x3F, 0x80, 0xFE, 0x7F, 0x00,
    0x7E, 0x7E, 0x00, 0x7F, 0x7E, 0x00, 0x3F, 0xFC, 0x00, 0x00, 0xFC, 0x00, 0x00, 0xFC, 0x00, 0x00,
    0xFC, 0x00, 0x00, 0xFC, 0x0F, 0xFF, 0xFC, 0x0F, 0xFF, 0xFC, 0x0F, 0xFF, 0xFC, 0x0F, 0xFF, 0xFE,
    0x00, 0x3F, 0x7E, 0x00, 0x3F, 0x7E, 0x00, 0x7F, 0x7F, 0x00, 0x7F, 0x3F, 0x80, 0xFF, 0x3F, 0xFF,
    0xFF, 0x1F, 0xFF, 0xFF, 0x0F, 0xFF, 0xEF, 0x07, 0xFF, 0xCF, 0x01, 0xFF, 0x0F, 0x00, 0x10, 0x00,
    0xFC, 0x00, 0xFF, 0xF0, 0x03, 0xFF, 0xC0, 0x0F, 0xFF, 0x00, 0x3F, 0xFC, 0x00, 0xFF, 0xF0, 0x03,
    0xFF, 0xC0, 0x0F, 0xFF, 0x00, 0x3F, 0xFC, 0x00, 0xFF, 0xF0, 0x03, 0xFF, 0xC0, 0x0F, 0xFF, 0xFF,
    0xFF, 0xFF, 0xFF, 0xFF, 0xFF, 0xFF, 0xFF, 0xFF, 0xFF, 0xFF, 0xFF, 0xFF, 0xFC, 0x00, 0xFF, 0xF0,
    0x03, 0xFF, 0xC0, 0x0F, 0xFF, 0x00, 0x3F, 0xFC, 0x00, 0xFF, 0xF0, 0x03, 0xFF, 0xC0, 0x0F, 0xFF,
    0x00, 0x3F, 0xFC, 0x00, 0xFF, 0xF0, 0x03, 0xFF, 0xC0, 0x0F, 0xC0, 0xFF, 0xFF, 0xFF, 0xFF, 0xFF,
    0xFF, 0xFF, 0xFF, 0xFF, 0xFF, 0xFF, 0xFF, 0xFF, 0xFF, 0xFF, 0xFF, 0xFF, 0xFF, 0xFF, 0xFF, 0xC0,
    0x00, 0x03, 0xF0, 0x00, 0x3F, 0x00, 0x03, 0xF0, 0x00, 0x3F, 0x00, 0x03, 0xF0, 0x00, 0x3F, 0x00,
    0x03, 0xF0, 0x00, 0x3F, 0x00, 0x03, 0xF0, 0x00, 0x3F, 0x00, 0x03, 0xF0, 0x00, 0x3F, 0x00, 0x03,
    0xF0, 0x00, 0x3F, 0x00, 0x03, 0xF0, 0x00, 0x3F, 0x00, 0x03, 0xFF, 0xC0, 0x3F, 0xFC, 0x03, 0xFF,
    0xC0, 0x3F, 0xFE, 0x07, 0xF7, 0xE0, 0x7E, 0x7F, 0xFF, 0xE3, 0xFF, 0xFC, 0x1F, 0xFF, 0x80, 0xFF,
    0xF0, 0x07, 0xFE, 0x00, 0x04, 0x00, 0xFC, 0x01, 0xFD, 0xF8, 0x07, 0xF3, 0xF0, 0x0F, 0xC7, 0xE0,
    0x3F, 0x0F, 0xC0, 0xFE, 0x1F, 0x83, 0xF8, 0x3F, 0x0F, 0xE0, 0x7E, 0x1F, 0x80, 0xFC, 0x7E, 0x01,
    0xF9, 0xFC, 0x03, 0xF7, 0xF0, 0x07, 0xFF, 0xC0, 0x0F, 0xFF, 0x80, 0x1F, 0xFF, 0x80, 0x3F, 0xFF,
    0x00, 0x7F, 0xFF, 0x00, 0xFF, 0x7F, 0x01, 0xFC, 0x7E, 0x03, 0xF0, 0x7E, 0x07, 0xE0, 0xFE, 0x0F,
    0xC0, 0xFC, 0x1F, 0x80, 0xFC, 0x3F, 0x01, 0xFC, 0x7E, 0x01, 0xFC, 0xFC, 0x01, 0xF9, 0xF8, 0x03,
    0xFB, 0xF0, 0x03, 0xF8, 0xFC, 0x00, 0x3F, 0x00, 0x0F, 0xC0, 0x03, 0xF0, 0x00, 0xFC, 0x00, 0x3F,
    0x00, 0x0F, 0xC0, 0x03, 0xF0, 0x00, 0xFC, 0x00, 0x3F, 0x00, 0x0F, 0xC0, 0x03, 0xF0, 0x00, 0xFC,
    0x00, 0x3F, 0x00, 0x0F, 0xC0, 0x03, 0xF0, 0x00, 0xFC, 0x00, 0x3F, 0x00, 0x0F, 0xC0, 0x03, 0xF0,
    0x00, 0xFC, 0x00, 0x3F, 0x00, 0x0F, 0xFF, 0xFF, 0xFF, 0xFF, 0xFF, 0xFF, 0xFF, 0xFF, 0xFF, 0xFF,
    0xFC, 0xFF, 0x00, 0x07, 0xFF, 0xF8, 0x00, 0x3F, 0xFF, 0xE0, 0x03, 0xFF, 0xFF, 0x00, 0x1F, 0xFF,
    0xF8, 0x00, 0xFF, 0xFF, 0xE0, 0x0F, 0xFF, 0xFF, 0x00, 0x7F, 0xFF, 0xF8, 0x03, 0xFF, 0xFF, 0xE0,
    0x3F, 0xFF, 0xFF, 0x01, 0xFF, 0xFF, 0xF8, 0x0F, 0xFF, 0xFB, 0xE0, 0xFB, 0xFF, 0xDF, 0x07, 0xDF,
    0xFE, 0xF8, 0x3E, 0xFF, 0xF3, 0xE3, 0xE7, 0xFF, 0x9F, 0x1F, 0x3F, 0xFC, 0xF8, 0xF9, 0xFF, 0xE3,
    0xEF, 0x8F, 0xFF, 0x1F, 0x7C, 0x7F, 0xF8, 0xFB, 0xE3, 0xFF, 0xC3, 0xFE, 0x1F, 0xFE, 0x1F, 0xF0,
    0xFF, 0xF0, 0x7F, 0x07, 0xFF, 0x83, 0xF8, 0x3F, 0xFC, 0x1F, 0xC1, 0xFF, 0xE0, 0x7C, 0x0F, 0xFF,
    0x03, 0xE0, 0x7E, 0xFE, 0x00, 0x7F, 0xFC, 0x00, 0xFF, 0xFC, 0x01, 0xFF, 0xFC, 0x03, 0xFF, 0xF8,
    0x07, 0xFF, 0xF8, 0x0F, 0xFF, 0xF0, 0x1F, 0xFF, 0xF0, 0x3F, 0xFF, 0xE0, 0x7F, 0xFF, 0xE0, 0xFF,
    0xF7, 0xC1, 0xFF, 0xEF, 0xC3, 0xFF, 0xCF, 0xC7, 0xFF, 0x8F, 0x8F, 0xFF, 0x1F, 0x9F, 0xFE, 0x1F,
    0x3F, 0xFC, 0x3F, 0x7F, 0xF8, 0x3E, 0xFF, 0xF0, 0x7F, 0xFF, 0xE0, 0x7F, 0xFF, 0xC0, 0x7F, 0xFF,
    0x80, 0xFF, 0xFF, 0x00, 0xFF, 0xFE, 0x01, 0xFF, 0xFC, 0x01, 0xFF, 0xF8, 0x03, 0xFF, 0xF0, 0x03,
    0xF8, 0x00, 0x7F, 0x80, 0x00, 0xFF, 0xFC, 0x00, 0x7F, 0xFF, 0x80, 0x3F, 0xFF, 0xF0, 0x1F, 0xFF,
    0xFE, 0x0F, 0xF0, 0x3F, 0xC3, 0xF8, 0x07, 0xF1, 0xFC, 0x00, 0xFE, 0x7E, 0x00, 0x1F, 0x9F, 0x80,
    0x07, 0xEF, 0xC0, 0x00, 0xFF, 0xF0, 0x00, 0x3F, 0xFC, 0x00, 0x0F, 0xFF, 0x00, 0x03, 0xFF, 0xC0,
    0x00, 0xFF, 0xF0, 0x00, 0x3F, 0xFC, 0x00, 0x0F, 0xFF, 0x00, 0x03, 0xFF, 0xE0, 0x01, 0xFD, 0xF8,
    0x00, 0x7E, 0x7E, 0x00, 0x1F, 0x9F, 0xC0, 0x0F, 0xE3, 0xF8, 0x07, 0xF0, 0xFF, 0xFF, 0xF8, 0x1F,
    0xFF, 0xFE, 0x03, 0xFF, 0xFF, 0x00, 0x3F, 0xFF, 0x00, 0x07, 0xFF, 0x80, 0x00, 0x0C, 0x00, 0x00,
    0xFF, 0xFE, 0x07, 0xFF, 0xFC, 0x3F, 0xFF, 0xF1, 0xFF, 0xFF, 0xCF, 0xFF, 0xFF, 0x7E, 0x03, 0xFB,
    0xF0, 0x0F, 0xFF, 0x80, 0x3F, 0xFC, 0x01, 0xFF, 0xE0, 0x0F, 0xFF, 0x00, 0x7F, 0xF8, 0x07, 0xFF,
    0xC0, 0x7F, 0x7F, 0xFF, 0xFB, 0xFF, 0xFF, 0x9F, 0xFF, 0xF8, 0xFF, 0xFF, 0x87, 0xFF, 0xF0, 0x3F,
    0x00, 0x01, 0xF8, 0x00, 0x0F, 0xC0, 0x00, 0x7E, 0x00, 0x03, 0xF0, 0x00, 0x1F, 0x80, 0x00, 0xFC,
    0x00, 0x07, 0xE0, 0x00, 0x3F, 0x00, 0x00, 0x00, 0x7F, 0x80, 0x00, 0x7F, 0xF8, 0x00, 0x7F, 0xFF,
    0x80, 0x3F, 0xFF, 0xF0, 0x1F, 0xFF, 0xFE, 0x0F, 0xF0, 0x3F, 0xC3, 0xF8, 0x07, 0xF1, 0xFC, 0x00,
    0xFE, 0x7E, 0x00, 0x1F, 0x9F, 0x80, 0x07, 0xEF, 0xC0, 0x01, 0xFF, 0xF0, 0x00, 0x3F, 0xFC, 0x00,
    0x0F, 0xFF, 0x00, 0x03, 0xFF, 0xC0, 0x00, 0xFF, 0xF0, 0x00, 0x3F, 0xFC, 0x00, 0x0F, 0xFF, 0x00,
    0x03, 0xFF, 0xE0, 0x01, 0xFD, 0xF8, 0x7C, 0x7E, 0x7F, 0x07, 0xBF, 0x9F, 0xC1, 0xFF, 0xC3, 0xF8,
    0x3F, 0xF0, 0x7F, 0xFF, 0xF8, 0x1F, 0xFF, 0xFC, 0x03, 0xFF, 0xFE, 0x00, 0x3F, 0xFF, 0xC0, 0x03,
    0xFF, 0xF0, 0x00, 0x0C, 0x3E, 0x00, 0x00, 0x07, 0xC0, 0x00, 0x00, 0xF8, 0xFF, 0xFE, 0x07, 0xFF,
    0xFC, 0x3F, 0xFF, 0xF9, 0xFF, 0xFF, 0xEF, 0xFF, 0xFF, 0x7E, 0x03, 0xFF, 0xF0, 0x0F, 0xFF, 0x80,
    0x3F, 0xFC, 0x01, 0xFF, 0xE0, 0x0F, 0xFF, 0x00, 0xFF, 0xF8, 0x0F, 0xEF, 0xFF, 0xFF, 0x7F, 0xFF,
    0xF3, 0xFF, 0xFF, 0x1F, 0xFF, 0xF8, 0xFF, 0xFF, 0xE7, 0xE0, 0x1F, 0xBF, 0x00, 0xFD, 0xF8, 0x03,
    0xFF, 0xC0, 0x1F, 0xFE, 0x00, 0xFF, 0xF0, 0x07, 0xFF, 0x80, 0x3F, 0xFC, 0x01, 0xFF, 0xE0, 0x0F,
    0xFF, 0x00, 0x7E, 0x01, 0xFE, 0x00, 0x1F, 0xFE, 0x01, 0xFF, 0xFC, 0x0F, 0xFF, 0xF8, 0x3F, 0xFF,
    0xF1, 0xFE, 0x1F, 0xC7, 0xF0, 0x3F, 0x9F, 0x80, 0x7E, 0x7E, 0x01, 0xF9, 0xF8, 0x00, 0x07, 0xF0,
    0x00, 0x0F, 0xF8, 0x00, 0x3F, 0xFE, 0x00, 0x7F, 0xFE, 0x00, 0x7F, 0xFE, 0x00, 0x7F, 0xFC, 0x00,
    0x1F, 0xF8, 0x00, 0x0F, 0xF0, 0x00, 0x1F, 0xDF, 0x80, 0x3F, 0x7E, 0x00, 0xFD, 0xF8, 0x03, 0xF7,
    0xF0, 0x1F, 0xCF, 0xFF, 0xFE, 0x3F, 0xFF, 0xF8, 0x7F, 0xFF, 0xC0, 0xFF, 0xFE, 0x00, 0xFF, 0xE0,
    0x00, 0x10, 0x00, 0xFF, 0xFF, 0xFF, 0xFF, 0xFF, 0xFF, 0xFF, 0xFF, 0xFF, 0xFF, 0xFF, 0xFF, 0xFF,
    0xFC, 0x03, 0xF0, 0x00, 0x0F, 0xC0, 0x00, 0x3F, 0x00, 0x00, 0xFC, 0x00, 0x03, 0xF0, 0x00, 0x0F,
    0xC0, 0x00, 0x3F, 0x00, 0x00, 0xFC, 0x00, 0x03, 0xF0, 0x00, 0x0F, 0xC0, 0x00, 0x3F, 0x00, 0x00,
    0xFC, 0x00, 0x03, 0xF0, 0x00, 0x0F, 0xC0, 0x00, 0x3F, 0x00, 0x00, 0xFC, 0x00, 0x03, 0xF0, 0x00,
    0x0F, 0xC0, 0x00, 0x3F, 0x00, 0x00, 0xFC, 0x00, 0x03, 0xF0, 0x00, 0x0F, 0xC0, 0x00, 0xFC, 0x00,
    0xFF, 0xF0, 0x03, 0xFF, 0xC0, 0x0F, 0xFF, 0x00, 0x3F, 0xFC, 0x00, 0xFF, 0xF0, 0x03, 0xFF, 0xC0,
    0x0F, 0xFF, 0x00, 0x3F, 0xFC, 0x00, 0xFF, 0xF0, 0x03, 0xFF, 0xC0, 0x0F, 0xFF, 0x00, 0x3F, 0xFC,
    0x00, 0xFF, 0xF0, 0x03, 0xFF, 0xC0, 0x0F, 0xFF, 0x00, 0x3F, 0xFC, 0x00, 0xFF, 0xF0, 0x03, 0xFF,
    0xC0, 0x0F, 0xFF, 0x00, 0x3F, 0xFE, 0x01, 0xFD, 0xFC, 0x0F, 0xE7, 0xFF, 0xFF, 0x8F, 0xFF, 0xFC,
    0x1F, 0xFF, 0xE0, 0x3F, 0xFF, 0x00, 0x3F, 0xF0, 0x00, 0x08, 0x00, 0xFC, 0x00, 0x0F, 0xBF, 0x00,
    0x07, 0xE7, 0xC0, 0x01, 0xF9, 0xF8, 0x00, 0x7C, 0x7E, 0x00, 0x3F, 0x0F, 0xC0, 0x0F, 0xC3, 0xF0,
    0x03, 0xE0, 0xFC, 0x01, 0xF8, 0x1F, 0x80, 0x7E, 0x07, 0xE0, 0x3F, 0x01, 0xF8, 0x0F, 0xC0, 0x3F,
    0x03, 0xF0, 0x0F, 0xC1, 0xF8, 0x01, 0xF0, 0x7E, 0x00, 0x7E, 0x1F, 0x80, 0x1F, 0x8F, 0xC0, 0x03,
    0xE3, 0xF0, 0x00, 0xFC, 0xF8, 0x00, 0x3F, 0x7E, 0x00, 0x07, 0xDF, 0x80, 0x01, 0xFF, 0xC0, 0x00,
    0x7F, 0xF0, 0x00, 0x0F, 0xFC, 0x00, 0x03, 0xFE, 0x00, 0x00, 0xFF, 0x80, 0x00, 0x1F, 0xE0, 0x00,
    0x07, 0xF0, 0x00, 0x7C, 0x01, 0xF8, 0x03, 0xF7, 0xE0, 0x1F, 0x80, 0x7E, 0x7E, 0x01, 0xF8, 0x07,
    0xE7, 0xE0, 0x1F, 0x80, 0x7E, 0x3E, 0x03, 0xFC, 0x07, 0xE3, 0xF0, 0x3F, 0xC0, 0xFC, 0x3F, 0x03,
    0xFC, 0x0F, 0xC3, 0xF0, 0x3F, 0xC0, 0xFC, 0x1F, 0x07, 0xFE, 0x0F, 0x81, 0xF8, 0x7F, 0xE1, 0xF8,
    0x1F, 0x87, 0xFE, 0x1F, 0x81, 0xF8, 0x7F, 0xE1, 0xF8, 0x0F, 0x8F, 0x9F, 0x1F, 0x00, 0xFC, 0xF9,
    0xF3, 0xF0, 0x0F, 0xCF, 0x9F, 0x3F, 0x00, 0x7C, 0xF9, 0xF3, 0xF0, 0x07, 0xCF, 0x0F, 0xBE, 0x00,
    0x7F, 0xF0, 0xFB, 0xE0, 0x07, 0xFF, 0x0F, 0xFE, 0x00, 0x3F, 0xF0, 0xFF, 0xE0, 0x03, 0xFE, 0x07,
    0xFC, 0x00, 0x3F, 0xE0, 0x7F, 0xC0, 0x03, 0xFE, 0x07, 0xFC, 0x00, 0x1F, 0xE0, 0x7F, 0x80, 0x01,
    0xFC, 0x03, 0xF8, 0x00, 0x1F, 0xC0, 0x3F, 0x80, 0x01, 0xFC, 0x03, 0xF8, 0x00, 0x7E, 0x00, 0x3F,
    0x9F, 0x80, 0x1F, 0x8F, 0xE0, 0x1F, 0xC3, 0xF0, 0x1F, 0xC0, 0xFC, 0x0F, 0xC0, 0x7F, 0x0F, 0xE0,
    0x1F, 0x87, 0xE0, 0x07, 0xE7, 0xE0, 0x03, 0xFF, 0xF0, 0x00, 0xFF, 0xF0, 0x00, 0x3F, 0xF0, 0x00,
    0x1F, 0xF8, 0x00, 0x07, 0xF8, 0x00, 0x03, 0xF8, 0x00, 0x01, 0xFE, 0x00, 0x01, 0xFF, 0x80, 0x01,
    0xFF, 0xC0, 0x00, 0xFF, 0xF0, 0x00, 0xFD, 0xFC, 0x00, 0xFE, 0x7E, 0x00, 0x7E, 0x1F, 0x80, 0x7F,
    0x0F, 0xE0, 0x7F, 0x03, 0xF0, 0x3F, 0x00, 0xFC, 0x3F, 0x80, 0x7F, 0x3F, 0x80, 0x1F, 0x9F, 0x80,
    0x0F, 0xE0, 0xFC, 0x00, 0x3F, 0x7E, 0x00, 0x7E, 0x7E, 0x00, 0x7E, 0x3F, 0x00, 0xFC, 0x3F, 0x81,
    0xFC, 0x1F, 0x81, 0xF8, 0x1F, 0xC3, 0xF8, 0x0F, 0xC3, 0xF0, 0x0F, 0xE7, 0xE0, 0x07, 0xE7, 0xE0,
    0x03, 0xFF, 0xC0, 0x03, 0xFF, 0xC0, 0x01, 0xFF, 0x80, 0x01, 0xFF, 0x80, 0x00, 0xFF, 0x00, 0x00,
    0xFF, 0x00, 0x00, 0x7E, 0x00, 0x00, 0x7E, 0x00, 0x00, 0x7E, 0x00, 0x00, 0x7E, 0x00, 0x00, 0x7E,
    0x00, 0x00, 0x7E, 0x00, 0x00, 0x7E, 0x00, 0x00, 0x7E, 0x00, 0x00, 0x7E, 0x00, 0x00, 0x7E, 0x00,
    0x00, 0x7E, 0x00, 0x7F, 0xFF, 0xF7, 0xFF, 0xFF, 0x7F, 0xFF, 0xF7, 0xFF, 0xFF, 0x7F, 0xFF, 0xF0,
    0x00, 0x7F, 0x00, 0x0F, 0xE0, 0x01, 0xFC, 0x00, 0x3F, 0x80, 0x03, 0xF8, 0x00, 0x7F, 0x00, 0x0F,
    0xE0, 0x01, 0xFC, 0x00, 0x1F, 0xC0, 0x03, 0xF8, 0x00, 0x7F, 0x00, 0x0F, 0xE0, 0x00, 0xFE, 0x00,
    0x1F, 0xC0, 0x03, 0xF8, 0x00, 0x7F, 0x00, 0x0F, 0xF0, 0x00, 0xFF, 0xFF, 0xFF, 0xFF, 0xFF, 0xFF,
    0xFF, 0xFF, 0xFF, 0xFF, 0xFF, 0xFF, 0xF0, 0xFF, 0xFF, 0xFF, 0xFF, 0xFF, 0xFF, 0xFC, 0x0F, 0xC0,
    0xFC, 0x0F, 0xC0, 0xFC, 0x0F, 0xC0, 0xFC, 0x0F, 0xC0, 0xFC, 0x0F, 0xC0, 0xFC, 0x0F, 0xC0, 0xFC,
    0x0F, 0xC0, 0xFC, 0x0F, 0xC0, 0xFC, 0x0F, 0xC0, 0xFC, 0x0F, 0xC0, 0xFC, 0x0F, 0xC0, 0xFC, 0x0F,
    0xC0, 0xFC, 0x0F, 0xFF, 0xFF, 0xFF, 0xFF, 0xFF, 0xF0, 0xFC, 0x00, 0x3E, 0x00, 0x1F, 0x00, 0x0F,
    0xC0, 0x03, 0xE0, 0x01, 0xF0, 0x00, 0xFC, 0x00, 0x3E, 0x00, 0x1F, 0x00, 0x0F, 0xC0, 0x03, 0xE0,
    0x01, 0xF0, 0x00, 0xFC, 0x00, 0x3E, 0x00, 0x1F, 0x00, 0x0F, 0xC0, 0x03, 0xE0, 0x01, 0xF8, 0x00,
    0xFC, 0x00, 0x3E, 0x00, 0x1F, 0x80, 0x0F, 0xC0, 0x03, 0xE0, 0x01, 0xF8, 0x00, 0xFC, 0x00, 0x3E,
    0x00, 0x1F, 0x80, 0x0F, 0xC0, 0x03, 0xE0, 0x01, 0xF8, 0x00, 0xFC, 0x00, 0x3E, 0x00, 0x1F, 0x80,
    0xFF, 0xFF, 0xFF, 0xFF, 0xFF, 0xFF, 0x03, 0xF0, 0x3F, 0x03, 0xF0, 0x3F, 0x03, 0xF0, 0x3F, 0x03,
    0xF0, 0x3F, 0x03, 0xF0, 0x3F, 0x03, 0xF0, 0x3F, 0x03, 0xF0, 0x3F, 0x03, 0xF0, 0x3F, 0x03, 0xF0,
    0x3F, 0x03, 0xF0, 0x3F, 0x03, 0xF0, 0x3F, 0x03, 0xF0, 0x3F, 0x03, 0xFF, 0xFF, 0xFF, 0xFF, 0xFF,
    0xFF, 0xF0, 0x07, 0xC0, 0x1F, 0xC0, 0x3F, 0x80, 0x7F, 0x81, 0xEF, 0x03, 0xCF, 0x0F, 0x1E, 0x1E,
    0x3C, 0x3C, 0x3C, 0xF0, 0x79, 0xE0, 0x78, 0xFF, 0xFF, 0xFF, 0xFF, 0xFF, 0xFF, 0xFF, 0xFF, 0xFF,
    0x7C, 0x7C, 0x3E, 0x1E, 0x1F, 0x03, 0xFC, 0x00, 0xFF, 0xF0, 0x3F, 0xFF, 0x83, 0xFF, 0xFC, 0x7F,
    0x0F, 0xC7, 0xE0, 0xFE, 0xFC, 0x07, 0xE0, 0x00, 0x7E, 0x00, 0x3F, 0xE0, 0x7F, 0xFE, 0x1F, 0xFF,
    0xE7, 0xFF, 0xFE, 0x7F, 0x07, 0xEF, 0xC0, 0x7E, 0xFC, 0x07, 0xEF, 0xC0, 0xFE, 0xFE, 0x1F, 0xFF,
    0xFF, 0xFF, 0x7F, 0xFB, 0xF3, 0xFF, 0x1F, 0x0F, 0xC0, 0xF0, 0xFC, 0x00, 0x0F, 0xC0, 0x00, 0xFC,
    0x00, 0x0F, 0xC0, 0x00, 0xFC, 0x00, 0x0F, 0xC0, 0x00, 0xFC, 0x7E, 0x0F, 0xDF, 0xF0, 0xFF, 0xFF,
    0x8F, 0xFF, 0xFC, 0xFF, 0x0F, 0xEF, 0xE0, 0x7E, 0xFE, 0x07, 0xFF, 0xC0, 0x3F, 0xFC, 0x03, 0xFF,
    0xC0, 0x3F, 0xFC, 0x03, 0xFF, 0xC0, 0x3F, 0xFC, 0x03, 0xFF, 0xC0, 0x3F, 0xFE, 0x07, 0xFF, 0xE0,
    0x7E, 0xFF, 0x0F, 0xEF, 0xFF, 0xFC, 0xFF, 0xFF, 0xCF, 0xDF, 0xF0, 0xFC, 0x7E, 0x00, 0x01, 0xFC,
    0x00, 0x7F, 0xF0, 0x1F, 0xFF, 0xC3, 0xFF, 0xFE, 0x3F, 0x0F, 0xE7, 0xE0, 0x3F, 0x7E, 0x03, 0xFF,
    0xC0, 0x3F, 0xFC, 0x00, 0x0F, 0xC0, 0x00, 0xFC, 0x00, 0x0F, 0xC0, 0x00, 0xFC, 0x00, 0x0F, 0xC0,
    0x3F, 0x7E, 0x03, 0xF7, 0xE0, 0x3F, 0x3F, 0x0F, 0xE3, 0xFF, 0xFC, 0x1F, 0xFF, 0xC0, 0xFF, 0xF0,
    0x01, 0xFC, 0x00, 0x00, 0x03, 0xF0, 0x00, 0x3F, 0x00, 0x03, 0xF0, 0x00, 0x3F, 0x00, 0x03, 0xF0,
    0x00, 0x3F, 0x07, 0xE3, 0xF0, 0xFF, 0xBF, 0x3F, 0xFF, 0xF3, 0xFF, 0xFF, 0x7F, 0x0F, 0xF7, 0xE0,
    0x7F, 0xFE, 0x07, 0xFF, 0xC0, 0x3F, 0xFC, 0x03, 0xFF, 0xC0, 0x3F, 0xFC, 0x03, 0xFF, 0xC0, 0x3F,
    0xFC, 0x03, 0xFF, 0xC0, 0x3F, 0xFE, 0x07, 0xF7, 0xE0, 0x7F, 0x7F, 0x0F, 0xF3, 0xFF, 0xFF, 0x3F,
    0xFF, 0xF1, 0xFF, 0xBF, 0x07, 0xE3, 0xF0, 0x01, 0xF8, 0x00, 0xFF, 0xF0, 0x1F, 0xFF, 0x83, 0xFF,
    0xFC, 0x3F, 0x0F, 0xC7, 0xE0, 0x7E, 0x7C, 0x03, 0xEF, 0xC0, 0x3F, 0xFF, 0xFF, 0xFF, 0xFF, 0xFF,
    0xFF, 0xFF, 0xFF, 0xFF, 0xFF, 0xFC, 0x00, 0x0F, 0xC0, 0x00, 0x7C, 0x00, 0x07, 0xE0, 0x7E, 0x7F,
    0x0F, 0xE3, 0xFF, 0xFC, 0x1F, 0xFF, 0x80, 0xFF, 0xF0, 0x01, 0xFC, 0x00, 0x03, 0xFC, 0x1F, 0xF0,
    0xFF, 0xC7, 0xFF, 0x1F, 0xC0, 0x7E, 0x01, 0xF8, 0x3F, 0xFF, 0xFF, 0xFF, 0xFF, 0xFF, 0xFF, 0xC7,
    0xE0, 0x1F, 0x80, 0x7E, 0x01, 0xF8, 0x07, 0xE0, 0x1F, 0x80, 0x7E, 0x01, 0xF8, 0x07, 0xE0, 0x1F,
    0x80, 0x7E, 0x01, 0xF8, 0x07, 0xE0, 0x1F, 0x80, 0x7E, 0x01, 0xF8, 0x00, 0x07, 0xE3, 0xF0, 0xFF,
    0xBF, 0x1F, 0xFB, 0xF3, 0xFF, 0xFF, 0x7F, 0x0F, 0xF7, 0xE0, 0x7F, 0xFE, 0x07, 0xFF, 0xC0, 0x3F,
    0xFC, 0x03, 0xFF, 0xC0, 0x3F, 0xFC, 0x03, 0xFF, 0xC0, 0x3F, 0xFC, 0x03, 0xFF, 0xE0, 0x7F, 0x7E,
    0x07, 0xF7, 0xF0, 0xFF, 0x3F, 0xFF, 0xF1, 0xFF, 0xFF, 0x0F, 0xFB, 0xF0, 0x7E, 0x3F, 0x00, 0x03,
    0xF7, 0xE0, 0x7F, 0x7F, 0x0F, 0xE3, 0xFF, 0xFE, 0x3F, 0xFF, 0xC0, 0xFF, 0xF0, 0x03, 0xFC, 0x00,
    0xFC, 0x00, 0x3F, 0x00, 0x0F, 0xC0, 0x03, 0xF0, 0x00, 0xFC, 0x00, 0x3F, 0x00, 0x0F, 0xC7, 0xC3,
    0xF7, 0xFC, 0xFF, 0xFF, 0xBF, 0xFF, 0xEF, 0xF1, 0xFF, 0xF8, 0x3F, 0xFC, 0x0F, 0xFF, 0x03, 0xFF,
    0xC0, 0xFF, 0xF0, 0x3F, 0xFC, 0x0F, 0xFF, 0x03, 0xFF, 0xC0, 0xFF, 0xF0, 0x3F, 0xFC, 0x0F, 0xFF,
    0x03, 0xFF, 0xC0, 0xFF, 0xF0, 0x3F, 0xFC, 0x0F, 0xFF, 0x03, 0xFF, 0xC0, 0xFC, 0xFF, 0xFF, 0xFF,
    0x00, 0x0F, 0xFF, 0xFF, 0xFF, 0xFF, 0xFF, 0xFF, 0xFF, 0xFF, 0xFF, 0xFF, 0xFF, 0xFF, 0xFF, 0xFF,
    0xFF, 0xC0, 0x07, 0xE0, 0xFC, 0x1F, 0x83, 0xF0, 0x00, 0x00, 0x01, 0xF8, 0x3F, 0x07, 0xE0, 0xFC,
    0x1F, 0x83, 0xF0, 0x7E, 0x0F, 0xC1, 0xF8, 0x3F, 0x07, 0xE0, 0xFC, 0x1F, 0x83, 0xF0, 0x7E, 0x0F,
    0xC1, 0xF8, 0x3F, 0x07, 0xE0, 0xFC, 0x1F, 0x83, 0xF0, 0xFF, 0xFF, 0xFF, 0xF7, 0xFC, 0xFF, 0x00,
    0xFC, 0x00, 0x0F, 0xC0, 0x00, 0xFC, 0x00, 0x0F, 0xC0, 0x00, 0xFC, 0x00, 0x0F, 0xC0, 0x00, 0xFC,
    0x07, 0xFF, 0xC0, 0xFE, 0xFC, 0x1F, 0xCF, 0xC3, 0xF8, 0xFC, 0x3F, 0x0F, 0xC7, 0xE0, 0xFC, 0xFC,
    0x0F, 0xDF, 0x80, 0xFF, 0xF8, 0x0F, 0xFF, 0x80, 0xFF, 0xFC, 0x0F, 0xFF, 0xC0, 0xFF, 0x7E, 0x0F,
    0xE3, 0xF0, 0xFE, 0x3F, 0x0F, 0xC1, 0xF8, 0xFC, 0x0F, 0xCF, 0xC0, 0xFC, 0xFC, 0x07, 0xEF, 0xC0,
    0x7E, 0xFC, 0x03, 0xF0, 0xFC, 0x7E, 0x3F, 0x1F, 0x8F, 0xC7, 0xE3, 0xF1, 0xF8, 0xFC, 0x7E, 0x3F,
    0x1F, 0x8F, 0xC7, 0xE3, 0xF1, 0xF8, 0xFC, 0x7E, 0x3F, 0x1F, 0x8F, 0xC7, 0xE3, 0xF1, 0xFF, 0xFF,
    0xBF, 0xC7, 0xE0, 0xFC, 0xF8, 0x0F, 0x87, 0xEF, 0xF1, 0xFF, 0x3F, 0xFF, 0xDF, 0xFD, 0xFF, 0xFE,
    0xFF, 0xEF, 0xF1, 0xFE, 0x3F, 0xFF, 0x0F, 0xE1, 0xFF, 0xF0, 0x3E, 0x07, 0xFF, 0x81, 0xF0, 0x3F,
    0xFC, 0x0F, 0x81, 0xFF, 0xE0, 0x7C, 0x0F, 0xFF, 0x03, 0xE0, 0x7F, 0xF8, 0x1F, 0x03, 0xFF, 0xC0,
    0xF8, 0x1F, 0xFE, 0x07, 0xC0, 0xFF, 0xF0, 0x3E, 0x07, 0xFF, 0x81, 0xF0, 0x3F, 0xFC, 0x0F, 0x81,
    0xFF, 0xE0, 0x7C, 0x0F, 0xFF, 0x03, 0xE0, 0x7F, 0xF8, 0x1F, 0x03, 0xFF, 0xC0, 0xF8, 0x1F, 0x80,
    0xFC, 0x7C, 0x3F, 0x7F, 0xCF, 0xFF, 0xFB, 0xFF, 0xFE, 0xFF, 0x1F, 0xFF, 0x87, 0xFF, 0xC0, 0xFF,
    0xF0, 0x3F, 0xFC, 0x0F, 0xFF, 0x03, 0xFF, 0xC0, 0xFF, 0xF0, 0x3F, 0xFC, 0x0F, 0xFF, 0x03, 0xFF,
    0xC0, 0xFF, 0xF0, 0x3F, 0xFC, 0x0F, 0xFF, 0x03, 0xFF, 0xC0, 0xFF, 0xF0, 0x3F, 0xFC, 0x0F, 0xC0,
    0x01, 0xF8, 0x00, 0xFF, 0xF0, 0x1F, 0xFF, 0x83, 0xFF, 0xFC, 0x7F, 0x0F, 0xC7, 0xE0, 0x7E, 0x7E,
    0x07, 0xEF, 0xC0, 0x3F, 0xFC, 0x03, 0xFF, 0xC0, 0x3F, 0xFC, 0x03, 0xFF, 0xC0, 0x3F, 0xFC, 0x03,
    0xFF, 0xC0, 0x3F, 0x7E, 0x07, 0xE7, 0xE0, 0x7E, 0x7F, 0x0F, 0xE3, 0xFF, 0xFC, 0x1F, 0xFF, 0x80,
    0xFF, 0xF0, 0x03, 0xFC, 0x00, 0xFC, 0x7E, 0x0F, 0xDF, 0xF0, 0xFF, 0xFF, 0x8F, 0xFF, 0xFC, 0xFF,
    0x0F, 0xEF, 0xE0, 0x7E, 0xFE, 0x07, 0xFF, 0xC0, 0x3F, 0xFC, 0x03, 0xFF, 0xC0, 0x3F, 0xFC, 0x03,
    0xFF, 0xC0, 0x3F, 0xFC, 0x03, 0xFF, 0xC0, 0x3F, 0xFE, 0x07, 0xFF, 0xE0, 0x7E, 0xFF, 0x0F, 0xEF,
    0xFF, 0xFC, 0xFF, 0xFF, 0x8F, 0xDF, 0xF0, 0xFC, 0x7E, 0x0F, 0xC0, 0x00, 0xFC, 0x00, 0x0F, 0xC0,
    0x00, 0xFC, 0x00, 0x0F, 0xC0, 0x00, 0xFC, 0x00, 0x00, 0x07, 0xE3, 0xF0, 0xFF, 0xBF, 0x1F, 0xFF,
    0xF3, 0xFF, 0xFF, 0x7F, 0x0F, 0xF7, 0xE0, 0x7F, 0xFE, 0x07, 0xFF, 0xC0, 0x3F, 0xFC, 0x03, 0xFF,
    0xC0, 0x3F, 0xFC, 0x03, 0xFF, 0xC0, 0x3F, 0xFC, 0x03, 0xFF, 0xC0, 0x3F, 0xFE, 0x07, 0xF7, 0xE0,
    0x7F, 0x7F, 0x0F, 0xF3, 0xFF, 0xFF, 0x3F, 0xFF, 0xF0, 0xFF, 0xBF, 0x07, 0xE3, 0xF0, 0x00, 0x3F,
    0x00, 0x03, 0xF0, 0x00, 0x3F, 0x00, 0x03, 0xF0, 0x00, 0x3F, 0x00, 0x03, 0xF0, 0xFC, 0xFF, 0xDF,
    0xFD, 0xFF, 0xFF, 0xFF, 0xFF, 0xF0, 0xFE, 0x0F, 0xC0, 0xFC, 0x0F, 0xC0, 0xFC, 0x0F, 0xC0, 0xFC,
    0x0F, 0xC0, 0xFC, 0x0F, 0xC0, 0xFC, 0x0F, 0xC0, 0xFC, 0x0F, 0xC0, 0xFC, 0x00, 0x07, 0xF8, 0x07,
    0xFF, 0x87, 0xFF, 0xF1, 0xFF, 0xFE, 0xFE, 0x1F, 0xBF, 0x07, 0xFF, 0xC0, 0xFF, 0xF0, 0x00, 0xFF,
    0x80, 0x1F, 0xFE, 0x03, 0xFF, 0xF0, 0x3F, 0xFE, 0x01, 0xFF, 0x80, 0x07, 0xFF, 0x80, 0xFF, 0xF0,
    0x3F, 0xFE, 0x1F, 0xDF, 0xFF, 0xE7, 0xFF, 0xF8, 0x7F, 0xF8, 0x07, 0xF8, 0x00, 0x1F, 0x80, 0x7E,
    0x01, 0xF8, 0x07, 0xE0, 0x1F, 0x83, 0xFF, 0xFF, 0xFF, 0xFF, 0xFF, 0xFF, 0xFC, 0x7E, 0x01, 0xF8,
    0x07, 0xE0, 0x1F, 0x80, 0x7E, 0x01, 0xF8, 0x07, 0xE0, 0x1F, 0x80, 0x7E, 0x01, 0xF8, 0x07, 0xE0,
    0x1F, 0x80, 0x7F, 0x01, 0xFF, 0xC3, 0xFF, 0x0F, 0xFC, 0x0F, 0xF0, 0xFC, 0x0F, 0xFF, 0x03, 0xFF,
    0xC0, 0xFF, 0xF0, 0x3F, 0xFC, 0x0F, 0xFF, 0x03, 0xFF, 0xC0, 0xFF, 0xF0, 0x3F, 0xFC, 0x0F, 0xFF,
    0x03, 0xFF, 0xC0, 0xFF, 0xF0, 0x3F, 0xFC, 0x0F, 0xFF, 0x03, 0xFF, 0xC0, 0xFF, 0xF0, 0x7F, 0xFE,
    0x3F, 0xDF, 0xFF, 0xF7, 0xFF, 0xFC, 0xFF, 0xBF, 0x0F, 0x8F, 0xC0, 0xFC, 0x01, 0xFF, 0xE0, 0x0F,
    0xDF, 0x00, 0xFC, 0xFC, 0x07, 0xE7, 0xE0, 0x3E, 0x1F, 0x03, 0xF0, 0xFC, 0x1F, 0x87, 0xE0, 0xF8,
    0x1F, 0x0F, 0xC0, 0xFC, 0x7E, 0x07, 0xE3, 0xE0, 0x1F, 0x1F, 0x00, 0xFD, 0xF8, 0x03, 0xEF, 0x80,
    0x1F, 0x7C, 0x00, 0xFF, 0xE0, 0x03, 0xFE, 0x00, 0x1F, 0xF0, 0x00, 0xFF, 0x80, 0x03, 0xF8, 0x00,
    0x1F, 0xC0, 0x00, 0xFC, 0x0F, 0x80, 0xFF, 0xF0, 0x3F, 0x03, 0xFF, 0xC0, 0xFC, 0x0F, 0x9F, 0x03,
    0xF0, 0x3E, 0x7E, 0x1F, 0xC1, 0xF9, 0xF8, 0x7F, 0x87, 0xE3, 0xE1, 0xFE, 0x1F, 0x0F, 0x87, 0xF8,
    0x7C, 0x3F, 0x3F, 0xE3, 0xF0, 0xFC, 0xF7, 0xCF, 0x81, 0xF3, 0xCF, 0x3E, 0x07, 0xCF, 0x3C, 0xF8,
    0x1F, 0x7C, 0xF7, 0xE0, 0x3F, 0xE3, 0xFF, 0x00, 0xFF, 0x87, 0xFC, 0x03, 0xFE, 0x1F, 0xF0, 0x0F,
    0xF0, 0x7F, 0x80, 0x1F, 0xC0, 0xFE, 0x00, 0x7F, 0x03, 0xF8, 0x01, 0xFC, 0x0F, 0xE0, 0x03, 0xE0,
    0x3F, 0x00, 0xFC, 0x03, 0xF3, 0xF0, 0x3F, 0x0F, 0x81, 0xF8, 0x7E, 0x1F, 0x81, 0xF8, 0xF8, 0x07,
    0xCF, 0xC0, 0x3F, 0xFC, 0x00, 0xFF, 0xC0, 0x03, 0xFE, 0x00, 0x1F, 0xE0, 0x00, 0x7F, 0x00, 0x07,
    0xF8, 0x00, 0x7F, 0xE0, 0x03, 0xFF, 0x80, 0x3F, 0x7C, 0x03, 0xF3, 0xF0, 0x1F, 0x8F, 0xC1, 0xF8,
    0x3E, 0x1F, 0x81, 0xF8, 0xFC, 0x07, 0xEF, 0xC0, 0x3F, 0x00, 0xFC, 0x03, 0xFF, 0xC0, 0x3F, 0x7C,
    0x03, 0xE7, 0xE0, 0x7E, 0x7E, 0x07, 0xE3, 0xE0, 0x7C, 0x3E, 0x0F, 0xC3, 0xF0, 0xFC, 0x1F, 0x0F,
    0x81, 0xF0, 0xF8, 0x1F, 0x9F, 0x80, 0xF9, 0xF0, 0x0F, 0x9F, 0x00, 0xFF, 0xF0, 0x07, 0xFE, 0x00,
    0x7F, 0xE0, 0x07, 0xFE, 0x00, 0x3F, 0xC0, 0x03, 0xFC, 0x00, 0x3F, 0xC0, 0x00, 0xF8, 0x00, 0x0F,
    0x80, 0x01, 0xF8, 0x01, 0xFF, 0x00, 0x1F, 0xF0, 0x01, 0xFE, 0x00, 0x1F, 0xC0, 0x00, 0x7F, 0xFF,
    0xDF, 0xFF, 0xF7, 0xFF, 0xFD, 0xFF, 0xFF, 0x00, 0x1F, 0xC0, 0x0F, 0xE0, 0x07, 0xF0, 0x03, 0xF8,
    0x01, 0xFC, 0x00, 0xFE, 0x00, 0x3F, 0x80, 0x1F, 0xC0, 0x0F, 0xE0, 0x07, 0xF0, 0x03, 0xF8, 0x01,
    0xFC, 0x00, 0xFE, 0x00, 0x3F, 0xFF, 0xFF, 0xFF, 0xFF, 0xFF, 0xFF, 0xFF, 0xFF, 0xC0, 0x00, 0xFC,
    0x07, 0xF0, 0x3F, 0xC1, 0xFF, 0x0F, 0xFC, 0x3F, 0x80, 0xFC, 0x03, 0xF0, 0x0F, 0xC0, 0x3F, 0x00,
    0xFC, 0x03, 0xF0, 0x0F, 0xC0, 0x7F, 0x01, 0xF8, 0x3F, 0xC0, 0xFE, 0x03, 0xF8, 0x0F, 0xF0, 0x07,
    0xE0, 0x1F, 0xC0, 0x3F, 0x00, 0xFC, 0x03, 0xF0, 0x0F, 0xC0, 0x3F, 0x00, 0xFC, 0x03, 0xF0, 0x0F,
    0xE0, 0x3F, 0xF0, 0x7F, 0xC0, 0xFF, 0x01, 0xFC, 0x03, 0xF0, 0xFF, 0xFF, 0xFF, 0xFF, 0xFF, 0xFF,
    0xFF, 0xFF, 0xFF, 0xFF, 0xFF, 0xFF, 0xFF, 0xFF, 0xFF, 0xFF, 0xFF, 0xFF, 0xFF, 0xFF, 0xFF, 0xFF,
    0xFF, 0xFF, 0xFC, 0xFC, 0x03, 0xFC, 0x0F, 0xF8, 0x3F, 0xF0, 0xFF, 0xE0, 0x7F, 0x80, 0x7E, 0x01,
    0xF8, 0x07, 0xE0, 0x1F, 0x80, 0x7E, 0x01, 0xF8, 0x07, 0xE0, 0x1F, 0x80, 0x3F, 0x00, 0x7F, 0x00,
    0xFC, 0x03, 0xF0, 0x1F, 0xC0, 0xFC, 0x07, 0xE0, 0x1F, 0x80, 0x7E, 0x01, 0xF8, 0x07, 0xE0, 0x1F,
    0x80, 0x7E, 0x01, 0xF8, 0x1F, 0xE3, 0xFF, 0x8F, 0xFC, 0x3F, 0xE0, 0xFF, 0x03, 0xF0, 0x00, 0x1F,
    0x07, 0x9F, 0xC3, 0xDF, 0xF3, 0xEF, 0xFF, 0xEF, 0x9F, 0xF7, 0x87, 0xF3, 0xC1, 0xF0, 0x00, 0xFF,
    0xFF, 0xFF, 0xFF, 0xF0, 0x00, 0x01, 0xE7, 0x9E, 0xFF, 0xFF, 0xFF, 0xFF, 0xFF, 0xFF, 0xFF, 0xFF,
    0xFF, 0xFF, 0xFF, 0xC0, 0x00, 0x38, 0x00, 0x03, 0x80, 0x00, 0x38, 0x00, 0x03, 0x80, 0x01, 0xFC,
    0x00, 0x7F, 0xF0, 0x1F, 0xFF, 0xC3, 0xFF, 0xFE, 0x3F, 0x7F, 0xE7, 0xE7, 0x3F, 0x7E, 0x73, 0xFF,
    0xC7, 0x3F, 0xFC, 0x70, 0x0F, 0xC7, 0x00, 0xFC, 0x70, 0x0F, 0xC7, 0x00, 0xFC, 0x70, 0x0F, 0xC7,
    0x3F, 0x7E, 0x63, 0xF7, 0xE6, 0x3F, 0x3F, 0xEF, 0xE3, 0xFF, 0xFC, 0x1F, 0xFF, 0xC0, 0x7F, 0xF0,
    0x01, 0xFC, 0x00, 0x0E, 0x00, 0x00, 0xE0, 0x00, 0x0E, 0x00, 0x00, 0xE0, 0x00, 0x00, 0xFE, 0x00,
    0x7F, 0xF8, 0x0F, 0xFF, 0xC1, 0xFF, 0xFE, 0x1F, 0xFF, 0xE3, 0xFC, 0x7F, 0x3F, 0x83, 0xF3, 0xF0,
    0x1F, 0x3F, 0x00, 0x03, 0xF0, 0x00, 0x3F, 0x80, 0x01, 0xF8, 0x00, 0x1F, 0x80, 0x0F, 0xFF, 0xE0,
    0xFF, 0xFE, 0x0F, 0xFF, 0xE0, 0x0F, 0xC0, 0x00, 0xFC, 0x00, 0x0F, 0xC0, 0x00, 0xF8, 0x00, 0x1F,
    0x80, 0x01, 0xF0, 0x00, 0x3E, 0x00, 0x0F, 0xFF, 0xFF, 0xFF, 0xFF, 0xFF, 0xFF, 0xFF, 0xFF, 0xFF,
    0xFF, 0xFF, 0xFF, 0x20, 0x00, 0x23, 0x80, 0x03, 0xBE, 0x3E, 0x3E, 0xFF, 0xFF, 0xE3, 0xFF, 0xFE,
    0x0F, 0xFF, 0xE0, 0x7E, 0x3F, 0x03, 0xC0, 0x78, 0x3E, 0x03, 0xE1, 0xE0, 0x0F, 0x0F, 0x00, 0x78,
    0x78, 0x03, 0xC3, 0xC0, 0x3E, 0x0F, 0x01, 0xE0, 0x7E, 0x3F, 0x03, 0xFF, 0xF8, 0x3F, 0xFF, 0xE3,
    0xFF, 0xFF, 0xBE, 0x7F, 0x3E, 0xE0, 0x00, 0xE2, 0x00, 0x02, 0x00, 0xFC, 0x00, 0x7F, 0x7E, 0x00,
    0x7E, 0x7E, 0x00, 0xFC, 0x3F, 0x00, 0xFC, 0x3F, 0x81, 0xF8, 0x1F, 0x81, 0xF8, 0x1F, 0xC3, 0xF0,
    0x0F, 0xC3, 0xF0, 0x0F, 0xE7, 0xE0, 0x07, 0xE7, 0xE0, 0x07, 0xFF, 0xC0, 0x03, 0xFF, 0xC0, 0x01,
    0xFF, 0x80, 0x0F, 0xFF, 0xFC, 0x0F, 0xFF, 0xFC, 0x0F, 0xFF, 0xFC, 0x0F, 0xFF, 0xFC, 0x00, 0x7E,
    0x00, 0x00, 0x7E, 0x00, 0x0F, 0xFF, 0xFC, 0x0F, 0xFF, 0xFC, 0x0F, 0xFF, 0xFC, 0x0F, 0xFF, 0xFC,
    0x00, 0x7E, 0x00, 0x00, 0x7E, 0x00, 0x00, 0x7E, 0x00, 0x00, 0x7E, 0x00, 0xFF, 0xFF, 0xFF, 0xFF,
    0xFF, 0xFF, 0xFF, 0xFF, 0xFF, 0xFC, 0x00, 0x00, 0x00, 0x00, 0x00, 0xFF, 0xFF, 0xFF, 0xFF, 0xFF,
    0xFF, 0xFF, 0xFF, 0xFF, 0xFC, 0x03, 0xFC, 0x01, 0xFF, 0xE0, 0xFF, 0xFE, 0x1F, 0xFF, 0xE7, 0xF0,
    0xFC, 0xFC, 0x1F, 0xDF, 0x81, 0xFB, 0xF8, 0x00, 0x3F, 0xC0, 0x03, 0xFF, 0x80, 0x3F, 0xFC, 0x0F,
    0xFF, 0xE3, 0xFB, 0xFC, 0xFC, 0x1F, 0xDF, 0x81, 0xFB, 0xF0, 0x3F, 0x7F, 0x07, 0xE7, 0xFB, 0xF8,
    0xFF, 0xFE, 0x07, 0xFF, 0x80, 0x3F, 0xF8, 0x00, 0x7F, 0x80, 0x03, 0xFB, 0xF0, 0x3F, 0x7E, 0x07,
    0xEF, 0xE1, 0xFC, 0xFF, 0xFF, 0x0F, 0xFF, 0xE0, 0xFF, 0xF0, 0x07, 0xF8, 0x00, 0xFC, 0xFF, 0xF3,
    0xFF, 0xCF, 0xFF, 0x3F, 0x00, 0x3F, 0xC0, 0x00, 0x0F, 0xFF, 0x00, 0x03, 0xFF, 0xFC, 0x00, 0x7F,
    0xFF, 0xE0, 0x0F, 0xE0, 0x7F, 0x01, 0xF8, 0x01, 0xF8, 0x3F, 0x00, 0x0F, 0xC3, 0xE1, 0xF8, 0x7C,
    0x7C, 0x3F, 0xC3, 0xE7, 0x87, 0xFE, 0x1E, 0xF8, 0xFF, 0xF1, 0xEF, 0x0F, 0x8F, 0x8F, 0xF1, 0xF0,
    0x78, 0xFF, 0x1E, 0x07, 0x8F, 0xF1, 0xE0, 0x00, 0xFF, 0x1E, 0x00, 0x0F, 0xF1, 0xE0, 0x78, 0xFF,
    0x1F, 0x07, 0x8F, 0xF8, 0xF8, 0xF9, 0xE7, 0x8F, 0xFF, 0x1E, 0x7C, 0x7F, 0xE3, 0xE3, 0xE3, 0xFC,
    0x7C, 0x3F, 0x1F, 0x8F, 0xC1, 0xF8, 0x01, 0xF8, 0x0F, 0xE0, 0x7F, 0x00, 0x7F, 0xFF, 0xE0, 0x03,
    0xFF, 0xFC, 0x00, 0x0F, 0xFF, 0x00, 0x00, 0x3F, 0xC0, 0x00, 0x1F, 0x81, 0xFF, 0x1F, 0xF9, 0xF3,
    0xEF, 0x0F, 0x00, 0xF8, 0x7F, 0xCF, 0xFE, 0xF8, 0xF7, 0x87, 0xBC, 0x7D, 0xFF, 0xF7, 0xF7, 0x9F,
    0x1C, 0x07, 0xE1, 0xF8, 0x3F, 0x0F, 0xC1, 0xF8, 0x7E, 0x0F, 0xE3, 0xF8, 0x7F, 0x1F, 0xC1, 0xF8,
    0x7E, 0x0F, 0xC3, 0xF0, 0x3E, 0x0F, 0x80, 0xFC, 0x3F, 0x01, 0xF8, 0x7E, 0x07, 0xF1, 0xFC, 0x0F,
    0xE3, 0xF8, 0x1F, 0x87, 0xE0, 0x3F, 0x0F, 0xC0, 0x7E, 0x1F, 0x80, 0xFF, 0xFF, 0xFF, 0xFF, 0xFF,
    0xFF, 0xFF, 0xFF, 0xF0, 0x00, 0x78, 0x00, 0x3C, 0x00, 0x1E, 0x00, 0x0F, 0x00, 0x07, 0x80, 0x03,
    0xC0, 0xFF, 0xFF, 0xFF, 0xFF, 0xFF, 0x01, 0xFC, 0x00, 0x3F, 0xF8, 0x03, 0xC1, 0xE0, 0x38, 0x03,
    0x83, 0x80, 0x0E, 0x39, 0xFC, 0x39, 0xCF, 0xF1, 0xDC, 0x71, 0xC7, 0xE3, 0x8E, 0x3F, 0x1C, 0x71,
    0xF8, 0xFF, 0x0F, 0xC7, 0xF0, 0x7E, 0x3B, 0x83, 0xF1, 0xCE, 0x3D, 0xCE, 0x71, 0xCE, 0x71, 0xCE,
    0x38, 0x00, 0xE0, 0xE0, 0x0E, 0x03, 0xC1, 0xE0, 0x0F, 0xFE, 0x00, 0x1F, 0xC0, 0x00, 0xFF, 0xFF,
    0xFF, 0xFF, 0xFF, 0xF0, 0x0F, 0x81, 0xFF, 0x1F, 0xF8, 0xFF, 0xEF, 0x8F, 0xF8, 0x3F, 0xC1, 0xFE,
    0x0F, 0xF0, 0x7F, 0xC7, 0xDF, 0xFC, 0xFF, 0xE3, 0xFE, 0x07, 0xC0, 0x03, 0xE0, 0x00, 0xF8, 0x00,
    0x3E, 0x00, 0x0F, 0x80, 0x03, 0xE0, 0x00, 0xF8, 0x00, 0x3E, 0x03, 0xFF, 0xFF, 0xFF, 0xFF, 0xFF,
    0xFF, 0xFF, 0xFF, 0xFC, 0x0F, 0x80, 0x03, 0xE0, 0x00, 0xF8, 0x00, 0x3E, 0x00, 0x0F, 0x80, 0x03,
    0xE0, 0x00, 0x00, 0x00, 0x00, 0x03, 0xFF, 0xFF, 0xFF, 0xFF, 0xFF, 0xFF, 0xFF, 0xFF, 0xFC, 0x1F,
    0x0F, 0xF9, 0xFF, 0xF8, 0xFE, 0x1E, 0x03, 0xC0, 0xF8, 0x7E, 0x3F, 0x8F, 0xC1, 0xE0, 0x78, 0x0F,
    0xFF, 0xFF, 0xFF, 0xF8, 0x1F, 0xC3, 0xFE, 0x7F, 0xF7, 0x8F, 0x00, 0xF0, 0x0F, 0x07, 0xE0, 0x78,
    0x07, 0xE0, 0x0F, 0x00, 0xFF, 0x0F, 0x7F, 0xF7, 0xFE, 0x1F, 0x80, 0x3F, 0x3E, 0x7C, 0x7C, 0x78,
    0xFC, 0x0F, 0xFF, 0x03, 0xFF, 0xC0, 0xFF, 0xF0, 0x3F, 0xFC, 0x0F, 0xFF, 0x03, 0xFF, 0xC0, 0xFF,
    0xF0, 0x3F, 0xFC, 0x0F, 0xFF, 0x03, 0xFF, 0xC0, 0xFF, 0xF0, 0x3F, 0xFC, 0x0F, 0xFF, 0x03, 0xFF,
    0xC0, 0xFF, 0xF0, 0x7F, 0xFE, 0x3F, 0xFF, 0xFF, 0xFF, 0xFF, 0xFF, 0xFF, 0xBF, 0xFF, 0x8F, 0xFF,
    0x00, 0x0F, 0xC0, 0x03, 0xF0, 0x00, 0xFC, 0x00, 0x3F, 0x00, 0x0F, 0xC0, 0x00, 0x07, 0xFF, 0xF8,
    0xFF, 0xFF, 0xCF, 0xFF, 0xFE, 0xFF, 0xFF, 0xF7, 0xFF, 0x8F, 0xFF, 0xFC, 0x7F, 0xFF, 0xE3, 0xFF,
    0xFF, 0x1F, 0xFF, 0xF8, 0xFF, 0xFF, 0xC7, 0xFF, 0xFE, 0x3E, 0xFF, 0xF1, 0xF3, 0xFF, 0x8F, 0x8F,
    0xFC, 0x7C, 0x1F, 0xE3, 0xE0, 0x1F, 0x1F, 0x00, 0xF8, 0xF8, 0x07, 0xC7, 0xC0, 0x3E, 0x3E, 0x01,
    0xF1, 0xF0, 0x0F, 0x8F, 0x80, 0x7C, 0x7C, 0x03, 0xE3, 0xE0, 0x1F, 0x1F, 0x00, 0xF8, 0xF8, 0x07,
    0xC7, 0xC0, 0x3E, 0x3E, 0xFF, 0xFF, 0xFF, 0xFF, 0xF0, 0x1C, 0x1E, 0x0F, 0xC3, 0xF0, 0x3E, 0x1F,
    0xFE, 0xFE, 0x3E, 0x00, 0x07, 0x0F, 0x0F, 0x1F, 0xFF, 0xFF, 0xFF, 0x0F, 0x0F, 0x0F, 0x0F, 0x0F,
    0x0F, 0x0F, 0x0F, 0x0F, 0xC0, 0xFF, 0xC7, 0xFF, 0x9E, 0x1E, 0xF0, 0x3F, 0xC0, 0xFF, 0x03, 0xFC,
    0x0F, 0xF0, 0x3D, 0xE1, 0xE7, 0xFF, 0x8F, 0xFC, 0x0F, 0xC0, 0x7E, 0x1F, 0x80, 0xFC, 0x3F, 0x01,
    0xF8, 0x7E, 0x07, 0xF1, 0xFC, 0x0F, 0xE3, 0xF8, 0x1F, 0x87, 0xE0, 0x3F, 0x0F, 0xC0, 0x7C, 0x1F,
    0x03, 0xF0, 0xFC, 0x1F, 0x87, 0xE0, 0xFE, 0x3F, 0x87, 0xF1, 0xFC, 0x1F, 0x87, 0xE0, 0xFC, 0x3F,
    0x07, 0xE1, 0xF8, 0x00, 0x07, 0x00, 0x07, 0x80, 0xF0, 0x00, 0xF0, 0x1F, 0x00, 0x0E, 0x0F, 0xF0,
    0x01, 0xE0, 0xFF, 0x00, 0x3C, 0x0F, 0xF0, 0x03, 0x80, 0x0F, 0x00, 0x78, 0x00, 0xF0, 0x0F, 0x00,
    0x0F, 0x00, 0xE0, 0x00, 0xF0, 0x1E, 0x00, 0x0F, 0x03, 0xC0, 0x00, 0xF0, 0x38, 0x00, 0x0F, 0x07,
    0x81, 0xE0, 0xF0, 0xF0, 0x3E, 0x0F, 0x0E, 0x07, 0xE0, 0x01, 0xE0, 0xFE, 0x00, 0x3C, 0x0F, 0xE0,
    0x03, 0x81, 0xFE, 0x00, 0x78, 0x3D, 0xE0, 0x0F, 0x07, 0x9E, 0x00, 0xF0, 0x71, 0xE0, 0x1E, 0x0F,
    0xFF, 0x03, 0xC0, 0xFF, 0xF0, 0x3C, 0x0F, 0xFF, 0x07, 0x80, 0x01, 0xE0, 0xF0, 0x00, 0x1E, 0x0F,
    0x00, 0x01, 0xE0, 0x07, 0x00, 0x07, 0x80, 0x3C, 0x00, 0x1C, 0x01, 0xF0, 0x00, 0xF0, 0x3F, 0xC0,
    0x07, 0x80, 0xFF, 0x00, 0x1C, 0x03, 0xFC, 0x00, 0xF0, 0x00, 0xF0, 0x07, 0x80, 0x03, 0xC0, 0x1C,
    0x00, 0x0F, 0x00, 0xF0, 0x00, 0x3C, 0x07, 0x80, 0x00, 0xF0, 0x1C, 0x00, 0x03, 0xC0, 0xF0, 0x00,
    0x0F, 0x07, 0x83, 0xE0, 0x3C, 0x1C, 0x3F, 0xE0, 0xF0, 0xF0, 0xFF, 0xC0, 0x07, 0x87, 0x8F, 0x00,
    0x1C, 0x1E, 0x1C, 0x00, 0xF0, 0x00, 0x70, 0x07, 0x80, 0x03, 0xC0, 0x1C, 0x00, 0x3E, 0x00, 0xF0,
    0x03, 0xF0, 0x07, 0x80, 0x3F, 0x00, 0x3C, 0x00, 0xF0, 0x00, 0xF0, 0x07, 0x80, 0x07, 0x80, 0x1F,
    0xFC, 0x3C, 0x00, 0x7F, 0xF0, 0xF0, 0x01, 0xFF, 0xC0, 0x1F, 0xC0, 0x01, 0xE0, 0xFF, 0x80, 0x07,
    0x07, 0xFF, 0x00, 0x3C, 0x1E, 0x7C, 0x01, 0xE0, 0xF0, 0xF0, 0x07, 0x00, 0x03, 0xC0, 0x3C, 0x00,
    0x1E, 0x00, 0xE0, 0x01, 0xF0, 0x07, 0x00, 0x07, 0xC0, 0x3C, 0x00, 0x07, 0x80, 0xE0, 0x00, 0x0F,
    0x07, 0x00, 0x3C, 0x3C, 0x3C, 0x00, 0xF1, 0xF0, 0xE0, 0x01, 0xFF, 0xC7, 0x03, 0xE7, 0xFE, 0x3C,
    0x0F, 0x87, 0xE0, 0xE0, 0x7E, 0x00, 0x07, 0x83, 0xF8, 0x00, 0x1C, 0x1F, 0xE0, 0x00, 0xE0, 0x77,
    0x80, 0x07, 0x83, 0xDE, 0x00, 0x1C, 0x1E, 0x78, 0x00, 0xE0, 0x71, 0xE0, 0x07, 0x83, 0xFF, 0xC0,
    0x1C, 0x0F, 0xFF, 0x00, 0xE0, 0x3F, 0xFC, 0x07, 0x80, 0x01, 0xE0, 0x1C, 0x00, 0x07, 0x80, 0xE0,
    0x00, 0x1E, 0x01, 0xF8, 0x00, 0x3F, 0x00, 0x07, 0xE0, 0x00, 0xFC, 0x00, 0x1F, 0x80, 0x03, 0xF0,
    0x00, 0x00, 0x00, 0x00, 0x00, 0x00, 0x00, 0x00, 0x3F, 0x00, 0x07, 0xE0, 0x01, 0xFC, 0x00, 0x3F,
    0x80, 0x1F, 0xE0, 0x07, 0xF8, 0x03, 0xFE, 0x00, 0x7F, 0x00, 0x1F, 0xC0, 0x03, 0xF0, 0x00, 0x7E,
    0x01, 0xFF, 0xC0, 0x7F, 0xF8, 0x0F, 0xFF, 0x83, 0xFB, 0xFF, 0xFE, 0x7F, 0xFF, 0x87, 0xFF, 0xE0,
    0x7F, 0xF8, 0x03, 0xFC, 0x00, 0x00, 0xF8, 0x00, 0x00, 0x1F, 0x00, 0x00, 0x07, 0xC0, 0x00, 0x00,
    0xF8, 0x00, 0x00, 0x1E, 0x00, 0x00, 0x00, 0x00, 0x00, 0x00, 0x00, 0x00, 0x00, 0x00, 0x00, 0x00,
    0x7F, 0x00, 0x00, 0x1F, 0xE0, 0x00, 0x0F, 0xF8, 0x00, 0x03, 0xFE, 0x00, 0x00, 0xFF, 0xC0, 0x00,
    0x7F, 0xF0, 0x00, 0x1F, 0x7C, 0x00, 0x07, 0xDF, 0x80, 0x03, 0xF3, 0xE0, 0x00, 0xF8, 0xF8, 0x00,
    0x3E, 0x3F, 0x00, 0x1F, 0x87, 0xC0, 0x07, 0xC1, 0xF0, 0x03, 0xF0, 0x7E, 0x00, 0xFC, 0x0F, 0x80,
    0x3E, 0x03, 0xF0, 0x1F, 0xFF, 0xFC, 0x07, 0xFF, 0xFF, 0x01, 0xFF, 0xFF, 0xE0, 0xFF, 0xFF, 0xF8,
    0x3F, 0xFF, 0xFE, 0x0F, 0x80, 0x0F, 0xC7, 0xE0, 0x03, 0xF1, 0xF8, 0x00, 0x7C, 0x7C, 0x00, 0x1F,
    0xBF, 0x00, 0x07, 0xEF, 0xC0, 0x00, 0xF8, 0x00, 0x0F, 0x80, 0x00, 0x03, 0xE0, 0x00, 0x01, 0xF0,
    0x00, 0x00, 0x78, 0x00, 0x00, 0x3E, 0x00, 0x00, 0x00, 0x00, 0x00, 0x00, 0x00, 0x00, 0x00, 0x00,
    0x00, 0x00, 0x7F, 0x00, 0x00, 0x1F, 0xE0, 0x00, 0x0F, 0xF8, 0x00, 0x03, 0xFE, 0x00, 0x00, 0xFF,
    0xC0, 0x00, 0x7F, 0xF0, 0x00, 0x1F, 0x7C, 0x00, 0x07, 0xDF, 0x80, 0x03, 0xF3, 0xE0, 0x00, 0xF8,
    0xF8, 0x00, 0x3E, 0x3F, 0x00, 0x1F, 0x87, 0xC0, 0x07, 0xC1, 0xF0, 0x03, 0xF0, 0x7E, 0x00, 0xFC,
    0x0F, 0x80, 0x3E, 0x03, 0xF0, 0x1F, 0xFF, 0xFC, 0x07, 0xFF, 0xFF, 0x01, 0xFF, 0xFF, 0xE0, 0xFF,
    0xFF, 0xF8, 0x3F, 0xFF, 0xFE, 0x0F, 0x80, 0x0F, 0xC7, 0xE0, 0x03, 0xF1, 0xF8, 0x00, 0x7C, 0x7C,
    0x00, 0x1F, 0xBF, 0x00, 0x07, 0xEF, 0xC0, 0x00, 0xF8, 0x00, 0x3F, 0x00, 0x00, 0x1F, 0xC0, 0x00,
    0x0F, 0xF8, 0x00, 0x03, 0xDE, 0x00, 0x01, 0xE3, 0xC0, 0x00, 0x78, 0x78, 0x00, 0x00, 0x00, 0x00,
    0x00, 0x00, 0x00, 0x00, 0x7F, 0x00, 0x00, 0x1F, 0xE0, 0x00, 0x0F, 0xF8, 0x00, 0x03, 0xFE, 0x00,
    0x00, 0xFF, 0xC0, 0x00, 0x7F, 0xF0, 0x00, 0x1F, 0x7C, 0x00, 0x07, 0xDF, 0x80, 0x03, 0xF3, 0xE0,
    0x00, 0xF8, 0xF8, 0x00, 0x3E, 0x3F, 0x00, 0x1F, 0x87, 0xC0, 0x07, 0xC1, 0xF0, 0x03, 0xF0, 0x7E,
    0x00, 0xFC, 0x0F, 0x80, 0x3E, 0x03, 0xF0, 0x1F, 0xFF, 0xFC, 0x07, 0xFF, 0xFF, 0x01, 0xFF, 0xFF,
    0xE0, 0xFF, 0xFF, 0xF8, 0x3F, 0xFF, 0xFE, 0x0F, 0x80, 0x0F, 0xC7, 0xE0, 0x03, 0xF1, 0xF8, 0x00,
    0x7C, 0x7C, 0x00, 0x1F, 0xBF, 0x00, 0x07, 0xEF, 0xC0, 0x00, 0xF8, 0x00, 0x00, 0x70, 0x00, 0x0F,
    0x8E, 0x00, 0x03, 0xFF, 0xC0, 0x00, 0xFF, 0xF0, 0x00, 0x1F, 0xFE, 0x00, 0x03, 0x8F, 0x80, 0x00,
    0x00, 0x00, 0x00, 0x00, 0x00, 0x00, 0x00, 0x00, 0x00, 0x00, 0x07, 0xF0, 0x00, 0x00, 0xFE, 0x00,
    0x00, 0x3F, 0xE0, 0x00, 0x07, 0xFC, 0x00, 0x00, 0xFF, 0x80, 0x00, 0x3F, 0xF8, 0x00, 0x07, 0xDF,
    0x00, 0x00, 0xFB, 0xF0, 0x00, 0x3F, 0x7E, 0x00, 0x07, 0xC7, 0xC0, 0x01, 0xF8, 0xFC, 0x00, 0x3F,
    0x1F, 0x80, 0x07, 0xC1, 0xF0, 0x01, 0xF8, 0x3F, 0x00, 0x3F, 0x07, 0xE0, 0x07, 0xC0, 0x7C, 0x01,
    0xFF, 0xFF, 0xC0, 0x3F, 0xFF, 0xF8, 0x07, 0xFF, 0xFF, 0x81, 0xFF, 0xFF, 0xF0, 0x3F, 0xFF, 0xFE,
    0x0F, 0xC0, 0x07, 0xE1, 0xF8, 0x00, 0xFC, 0x3F, 0x00, 0x0F, 0x8F, 0xC0, 0x01, 0xF9, 0xF8, 0x00,
    0x3F, 0x3F, 0x00, 0x03, 0xE0, 0x03, 0xF3, 0xF0, 0x00, 0xFC, 0xFC, 0x00, 0x3F, 0x3F, 0x00, 0x0F,
    0xCF, 0xC0, 0x00, 0x00, 0x00, 0x00, 0x00, 0x00, 0x00, 0x00, 0x00, 0x00, 0x00, 0xFC, 0x00, 0x00,
    0x7F, 0x80, 0x00, 0x1F, 0xE0, 0x00, 0x0F, 0xFC, 0x00, 0x03, 0xFF, 0x00, 0x00, 0xFF, 0xC0, 0x00,
    0x7F, 0xF8, 0x00, 0x1F, 0x3E, 0x00, 0x07, 0xCF, 0x80, 0x03, 0xF3, 0xF0, 0x00, 0xF8, 0x7C, 0x00,
    0x7E, 0x1F, 0x80, 0x1F, 0x87, 0xE0, 0x07, 0xC0, 0xF8, 0x03, 0xF0, 0x3F, 0x00, 0xFC, 0x0F, 0xC0,
    0x3F, 0xFF, 0xF0, 0x1F, 0xFF, 0xFE, 0x07, 0xFF, 0xFF, 0x81, 0xFF, 0xFF, 0xE0, 0xFF, 0xFF, 0xFC,
    0x3F, 0x00, 0x3F, 0x1F, 0x80, 0x07, 0xE7, 0xE0, 0x01, 0xF9, 0xF8, 0x00, 0x7E, 0xFC, 0x00, 0x0F,
    0xFF, 0x00, 0x03, 0xF0, 0x00, 0x1E, 0x00, 0x00, 0x0F, 0xC0, 0x00, 0x07, 0x38, 0x00, 0x01, 0xCE,
    0x00, 0x00, 0x73, 0x80, 0x00, 0x0F, 0xC0, 0x00, 0x01, 0xE0, 0x00, 0x00, 0x00, 0x00, 0x00, 0x00,
    0x00, 0x00, 0x1F, 0xE0, 0x00, 0x07, 0xF8, 0x00, 0x03, 0xFE, 0x00, 0x00, 0xFF, 0xC0, 0x00, 0x3F,
    0xF0, 0x00, 0x1F, 0xFC, 0x00, 0x07, 0xFF, 0x80, 0x01, 0xF7, 0xE0, 0x00, 0xFC, 0xF8, 0x00, 0x3F,
    0x3F, 0x00, 0x0F, 0x87, 0xC0, 0x07, 0xE1, 0xF0, 0x01, 0xF0, 0x7E, 0x00, 0x7C, 0x0F, 0x80, 0x3F,
    0x03, 0xF0, 0x0F, 0x80, 0xFC, 0x07, 0xFF, 0xFF, 0x01, 0xFF, 0xFF, 0xE0, 0x7F, 0xFF, 0xF8, 0x3F,
    0xFF, 0xFE, 0x0F, 0xFF, 0xFF, 0xC3, 0xE0, 0x03, 0xF1, 0xF8, 0x00, 0x7C, 0x7E, 0x00, 0x1F, 0x9F,
    0x00, 0x07, 0xEF, 0xC0, 0x00, 0xFB, 0xF0, 0x00, 0x3F, 0x00, 0x03, 0xFF, 0xFF, 0xF8, 0x00, 0x1F,
    0xFF, 0xFF, 0xC0, 0x01, 0xFF, 0xFF, 0xFE, 0x00, 0x1F, 0xFF, 0xFF, 0xF0, 0x00, 0xFF, 0xFF, 0xFF,
    0x80, 0x0F, 0xCF, 0xC0, 0x00, 0x00, 0x7E, 0x7E, 0x00, 0x00, 0x07, 0xE3, 0xF0, 0x00, 0x00, 0x3F,
    0x1F, 0x80, 0x00, 0x03, 0xF0, 0xFC, 0x00, 0x00, 0x1F, 0x87, 0xE0, 0x00, 0x01, 0xF8, 0x3F, 0xFF,
    0xE0, 0x0F, 0xC1, 0xFF, 0xFF, 0x00, 0xFC, 0x0F, 0xFF, 0xF8, 0x07, 0xE0, 0x7F, 0xFF, 0xC0, 0x7E,
    0x03, 0xFF, 0xFE, 0x03, 0xE0, 0x1F, 0x80, 0x00, 0x3F, 0xFF, 0xFC, 0x00, 0x01, 0xFF, 0xFF, 0xE0,
    0x00, 0x1F, 0xFF, 0xFF, 0x00, 0x01, 0xFF, 0xFF, 0xF8, 0x00, 0x0F, 0xC0, 0x0F, 0xC0, 0x00, 0xFC,
    0x00, 0x7F, 0xFF, 0xE7, 0xE0, 0x03, 0xFF, 0xFF, 0x7E, 0x00, 0x1F, 0xFF, 0xFB, 0xF0, 0x00, 0xFF,
    0xFF, 0xFF, 0x00, 0x07, 0xFF, 0xFE, 0x00, 0x7F, 0x80, 0x03, 0xFF, 0xE0, 0x07, 0xFF, 0xF0, 0x0F,
    0xFF, 0xF8, 0x1F, 0xFF, 0xFC, 0x3F, 0xC1, 0xFE, 0x3F, 0x80, 0x7E, 0x7F, 0x00, 0x7F, 0x7E, 0x00,
    0x3F, 0x7E, 0x00, 0x3F, 0xFC, 0x00, 0x00, 0xFC, 0x00, 0x00, 0xFC, 0x00, 0x00, 0xFC, 0x00, 0x00,
    0xFC, 0x00, 0x00, 0xFC, 0x00, 0x00, 0xFC, 0x00, 0x00, 0xFC, 0x00, 0x00, 0xFE, 0x00, 0x3F, 0x7E,
    0x00, 0x3F, 0x7E, 0x00, 0x3F, 0x7F, 0x00, 0x7E, 0x3F, 0x80, 0xFE, 0x3F, 0xFF, 0xFC, 0x1F, 0xFF,
    0xFC, 0x0F, 0xFF, 0xF8, 0x07, 0xFF, 0xE0, 0x01, 0xFF, 0xC0, 0x00, 0x1C, 0x00, 0x00, 0x3E, 0x00,
    0x00, 0x1F, 0x00, 0x00, 0x07, 0x80, 0x00, 0x03, 0x80, 0x00, 0xE3, 0x80, 0x00, 0xFF, 0x80, 0x00,
    0x7F, 0x00, 0x00, 0x3E, 0x00, 0x07, 0xC0, 0x00, 0xF8, 0x00, 0x0F, 0x80, 0x00, 0xF0, 0x00, 0x1F,
    0x00, 0x00, 0x00, 0x00, 0x00, 0x00, 0x00, 0x00, 0xFF, 0xFF, 0xFF, 0xFF, 0xFF, 0xFF, 0xFF, 0xFF,
    0xFF, 0xFF, 0xFF, 0xFF, 0xF8, 0x00, 0x3F, 0x00, 0x07, 0xE0, 0x00, 0xFC, 0x00, 0x1F, 0x80, 0x03,
    0xF0, 0x00, 0x7F, 0xFF, 0xEF, 0xFF, 0xFD, 0xFF, 0xFF, 0xBF, 0xFF, 0xF7, 0xFF, 0xFE, 0xFC, 0x00,
    0x1F, 0x80, 0x03, 0xF0, 0x00, 0x7E, 0x00, 0x0F, 0xC0, 0x01, 0xF8, 0x00, 0x3F, 0xFF, 0xFF, 0xFF,
    0xFF, 0xFF, 0xFF, 0xFF, 0xFF, 0xFF, 0xFF, 0xFF, 0x80, 0x00, 0x7C, 0x00, 0x0F, 0x00, 0x03, 0xE0,
    0x00, 0x78, 0x00, 0x1E, 0x00, 0x00, 0x00, 0x00, 0x00, 0x00, 0x00, 0x00, 0xFF, 0xFF, 0xFF, 0xFF,
    0xFF, 0xFF, 0xFF, 0xFF, 0xFF, 0xFF, 0xFF, 0xFF, 0xF8, 0x00, 0x3F, 0x00, 0x07, 0xE0, 0x00, 0xFC,
    0x00, 0x1F, 0x80, 0x03, 0xF0, 0x00, 0x7F, 0xFF, 0xEF, 0xFF, 0xFD, 0xFF, 0xFF, 0xBF, 0xFF, 0xF7,
    0xFF, 0xFE, 0xFC, 0x00, 0x1F, 0x80, 0x03, 0xF0, 0x00, 0x7E, 0x00, 0x0F, 0xC0, 0x01, 0xF8, 0x00,
    0x3F, 0xFF, 0xFF, 0xFF, 0xFF, 0xFF, 0xFF, 0xFF, 0xFF, 0xFF, 0xFF, 0xFF, 0x80, 0x01, 0xF0, 0x00,
    0x7F, 0x00, 0x1F, 0xF0, 0x03, 0xDE, 0x00, 0xF1, 0xE0, 0x3E, 0x3C, 0x00, 0x00, 0x00, 0x00, 0x00,
    0xFF, 0xFF, 0xFF, 0xFF, 0xFF, 0xFF, 0xFF, 0xFF, 0xFF, 0xFF, 0xFF, 0xFF, 0xF8, 0x00, 0x3F, 0x00,
    0x07, 0xE0, 0x00, 0xFC, 0x00, 0x1F, 0x80, 0x03, 0xF0, 0x00, 0x7F, 0xFF, 0xEF, 0xFF, 0xFD, 0xFF,
    0xFF, 0xBF, 0xFF, 0xF7, 0xFF, 0xFE, 0xFC, 0x00, 0x1F, 0x80, 0x03, 0xF0, 0x00, 0x7E, 0x00, 0x0F,
    0xC0, 0x01, 0xF8, 0x00, 0x3F, 0xFF, 0xFF, 0xFF, 0xFF, 0xFF, 0xFF, 0xFF, 0xFF, 0xFF, 0xFF, 0xFF,
    0x80, 0x3F, 0x3F, 0x07, 0xE7, 0xE0, 0xFC, 0xFC, 0x1F, 0x9F, 0x80, 0x00, 0x00, 0x00, 0x00, 0x00,
    0x00, 0x07, 0xFF, 0xFF, 0xFF, 0xFF, 0xFF, 0xFF, 0xFF, 0xFF, 0xFF, 0xFF, 0xFF, 0xFF, 0xC0, 0x01,
    0xF8, 0x00, 0x3F, 0x00, 0x07, 0xE0, 0x00, 0xFC, 0x00, 0x1F, 0x80, 0x03, 0xFF, 0xFF, 0x7F, 0xFF,
    0xEF, 0xFF, 0xFD, 0xFF, 0xFF, 0xBF, 0xFF, 0xF7, 0xE0, 0x00, 0xFC, 0x00, 0x1F, 0x80, 0x03, 0xF0,
    0x00, 0x7E, 0x00, 0x0F, 0xC0, 0x01, 0xFF, 0xFF, 0xFF, 0xFF, 0xFF, 0xFF, 0xFF, 0xFF, 0xFF, 0xFF,
    0xFF, 0xFC, 0xFC, 0x7C, 0x7C, 0x3E, 0x1E, 0x00, 0x00, 0x00, 0x3F, 0x3F, 0x3F, 0x3F, 0x3F, 0x3F,
    0x3F, 0x3F, 0x3F, 0x3F, 0x3F, 0x3F, 0x3F, 0x3F, 0x3F, 0x3F, 0x3F, 0x3F, 0x3F, 0x3F, 0x3F, 0x3F,
    0x3F, 0x3F, 0x3F, 0x3F, 0x3F, 0x3F, 0x3E, 0x7E, 0x7C, 0x78, 0x00, 0x00, 0x00, 0xFC, 0xFC, 0xFC,
    0xFC, 0xFC, 0xFC, 0xFC, 0xFC, 0xFC, 0xFC, 0xFC, 0xFC, 0xFC, 0xFC, 0xFC, 0xFC, 0xFC, 0xFC, 0xFC,
    0xFC, 0xFC, 0xFC, 0xFC, 0xFC, 0xFC, 0xFC, 0xFC, 0x1F, 0x83, 0xFC, 0x3F, 0xC7, 0x9E, 0xF9, 0xFF,
    0x0F, 0x00, 0x00, 0x00, 0x1F, 0x81, 0xF8, 0x1F, 0x81, 0xF8, 0x1F, 0x81, 0xF8, 0x1F, 0x81, 0xF8,
    0x1F, 0x81, 0xF8, 0x1F, 0x81, 0xF8, 0x1F, 0x81, 0xF8, 0x1F, 0x81, 0xF8, 0x1F, 0x81, 0xF8, 0x1F,
    0x81, 0xF8, 0x1F, 0x81, 0xF8, 0x1F, 0x81, 0xF8, 0x1F, 0x81, 0xF8, 0x1F, 0x80, 0xFC, 0xFF, 0xF3,
    0xFF, 0xCF, 0xFF, 0x3F, 0x00, 0x00, 0x00, 0x00, 0x00, 0x03, 0xF0, 0x0F, 0xC0, 0x3F, 0x00, 0xFC,
    0x03, 0xF0, 0x0F, 0xC0, 0x3F, 0x00, 0xFC, 0x03, 0xF0, 0x0F, 0xC0, 0x3F, 0x00, 0xFC, 0x03, 0xF0,
    0x0F, 0xC0, 0x3F, 0x00, 0xFC, 0x03, 0xF0, 0x0F, 0xC0, 0x3F, 0x00, 0xFC, 0x03, 0xF0, 0x0F, 0xC0,
    0x3F, 0x00, 0xFC, 0x03, 0xF0, 0x0F, 0xC0, 0x3F, 0x00, 0x1F, 0xFF, 0x80, 0x07, 0xFF, 0xFC, 0x01,
    0xFF, 0xFF, 0x80, 0x7F, 0xFF, 0xF0, 0x1F, 0xFF, 0xFE, 0x07, 0xE0, 0x3F, 0xC1, 0xF8, 0x03, 0xF8,
    0x7E, 0x00, 0xFE, 0x1F, 0x80, 0x1F, 0x87, 0xE0, 0x07, 0xF1, 0xF8, 0x00, 0xFF, 0xFF, 0xFC, 0x3F,
    0xFF, 0xFF, 0x0F, 0xFF, 0xFF, 0xC3, 0xFF, 0xFF, 0xF0, 0xFC, 0x7E, 0x00, 0x3F, 0x1F, 0x80, 0x0F,
    0xC7, 0xE0, 0x07, 0xF1, 0xF8, 0x01, 0xF8, 0x7E, 0x00, 0xFE, 0x1F, 0x80, 0x3F, 0x87, 0xE0, 0x3F,
    0xC1, 0xFF, 0xFF, 0xE0, 0x7F, 0xFF, 0xF8, 0x1F, 0xFF, 0xF8, 0x07, 0xFF, 0xFC, 0x01, 0xFF, 0xF8,
    0x00, 0x01, 0xE1, 0xC0, 0x07, 0xF3, 0x80, 0x0F, 0xFF, 0x00, 0x3F, 0xFC, 0x00, 0x71, 0xF8, 0x00,
    0xE1, 0xE0, 0x00, 0x00, 0x00, 0x00, 0x00, 0x00, 0xFE, 0x00, 0x7F, 0xFC, 0x00, 0xFF, 0xFC, 0x01,
    0xFF, 0xF8, 0x03, 0xFF, 0xF8, 0x07, 0xFF, 0xF8, 0x0F, 0xFF, 0xF0, 0x1F, 0xFF, 0xF0, 0x3F, 0xFF,
    0xE0, 0x7F, 0xFF, 0xE0, 0xFF, 0xF7, 0xC1, 0xFF, 0xEF, 0xC3, 0xFF, 0xCF, 0xC7, 0xFF, 0x8F, 0x8F,
    0xFF, 0x1F, 0x9F, 0xFE, 0x1F, 0x3F, 0xFC, 0x3F, 0x7F, 0xF8, 0x3E, 0xFF, 0xF0, 0x7F, 0xFF, 0xE0,
    0x7F, 0xFF, 0xC0, 0x7F, 0xFF, 0x80, 0xFF, 0xFF, 0x00, 0xFF, 0xFE, 0x01, 0xFF, 0xFC, 0x01, 0xFF,
    0xF8, 0x03, 0xFF, 0xF0, 0x03, 0xF8, 0x00, 0xF8, 0x00, 0x00, 0x1F, 0x00, 0x00, 0x03, 0xC0, 0x00,
    0x00, 0xF8, 0x00, 0x00, 0x1E, 0x00, 0x00, 0x00, 0x00, 0x00, 0x00, 0x00, 0x00, 0x01, 0xFE, 0x00,
    0x03, 0xFF, 0xF0, 0x01, 0xFF, 0xFE, 0x00, 0xFF, 0xFF, 0xC0, 0x7F, 0xFF, 0xF8, 0x3F, 0xC0, 0xFF,
    0x0F, 0xE0, 0x1F, 0xC7, 0xF0, 0x03, 0xF9, 0xF8, 0x00, 0x7E, 0x7E, 0x00, 0x1F, 0xBF, 0x00, 0x03,
    0xFF, 0xC0, 0x00, 0xFF, 0xF0, 0x00, 0x3F, 0xFC, 0x00, 0x0F, 0xFF, 0x00, 0x03, 0xFF, 0xC0, 0x00,
    0xFF, 0xF0, 0x00, 0x3F, 0xFC, 0x00, 0x0F, 0xFF, 0x80, 0x07, 0xF7, 0xE0, 0x01, 0xF9, 0xF8, 0x00,
    0x7E, 0x7F, 0x00, 0x3F, 0x8F, 0xE0, 0x1F, 0xC3, 0xFF, 0xFF, 0xE0, 0x7F, 0xFF, 0xF8, 0x0F, 0xFF,
    0xFC, 0x00, 0xFF, 0xFC, 0x00, 0x1F, 0xFE, 0x00, 0x00, 0x30, 0x00, 0x00, 0x0F, 0xC0, 0x00, 0x03,
    0xE0, 0x00, 0x00, 0xF0, 0x00, 0x00, 0x7C, 0x00, 0x00, 0x1E, 0x00, 0x00, 0x00, 0x00, 0x00, 0x00,
    0x00, 0x00, 0x01, 0xFE, 0x00, 0x03, 0xFF, 0xF0, 0x01, 0xFF, 0xFE, 0x00, 0xFF, 0xFF, 0xC0, 0x7F,
    0xFF, 0xF8, 0x3F, 0xC0, 0xFF, 0x0F, 0xE0, 0x1F, 0xC7, 0xF0, 0x03, 0xF9, 0xF8, 0x00, 0x7E, 0x7E,
    0x00, 0x1F, 0xBF, 0x00, 0x03, 0xFF, 0xC0, 0x00, 0xFF, 0xF0, 0x00, 0x3F, 0xFC, 0x00, 0x0F, 0xFF,
    0x00, 0x03, 0xFF, 0xC0, 0x00, 0xFF, 0xF0, 0x00, 0x3F, 0xFC, 0x00, 0x0F, 0xFF, 0x80, 0x07, 0xF7,
    0xE0, 0x01, 0xF9, 0xF8, 0x00, 0x7E, 0x7F, 0x00, 0x3F, 0x8F, 0xE0, 0x1F, 0xC3, 0xFF, 0xFF, 0xE0,
    0x7F, 0xFF, 0xF8, 0x0F, 0xFF, 0xFC, 0x00, 0xFF, 0xFC, 0x00, 0x1F, 0xFE, 0x00, 0x00, 0x30, 0x00,
    0x00, 0x3F, 0x00, 0x00, 0x1F, 0xE0, 0x00, 0x07, 0xF8, 0x00, 0x03, 0xCF, 0x00, 0x00, 0xF3, 0xC0,
    0x00, 0x78, 0x78, 0x00, 0x00, 0x00, 0x00, 0x01, 0xFE, 0x00, 0x03, 0xFF, 0xF0, 0x01, 0xFF, 0xFE,
    0x00, 0xFF, 0xFF, 0xC0, 0x7F, 0xFF, 0xF8, 0x3F, 0xC0, 0xFF, 0x0F, 0xE0, 0x1F, 0xC7, 0xF0, 0x03,
    0xF9, 0xF8, 0x00, 0x7E, 0x7E, 0x00, 0x1F, 0xBF, 0x00, 0x03, 0xFF, 0xC0, 0x00, 0xFF, 0xF0, 0x00,
    0x3F, 0xFC, 0x00, 0x0F, 0xFF, 0x00, 0x03, 0xFF, 0xC0, 0x00, 0xFF, 0xF0, 0x00, 0x3F, 0xFC, 0x00,
    0x0F, 0xFF, 0x80, 0x07, 0xF7, 0xE0, 0x01, 0xF9, 0xF8, 0x00, 0x7E, 0x7F, 0x00, 0x3F, 0x8F, 0xE0,
    0x1F, 0xC3, 0xFF, 0xFF, 0xE0, 0x7F, 0xFF, 0xF8, 0x0F, 0xFF, 0xFC, 0x00, 0xFF, 0xFC, 0x00, 0x1F,
    0xFE, 0x00, 0x00, 0x30, 0x00, 0x00, 0x00, 0xE0, 0x00, 0x3C, 0x38, 0x00, 0x1F, 0xCE, 0x00, 0x07,
    0xFF, 0x80, 0x03, 0xFF, 0xC0, 0x00, 0xE3, 0xF0, 0x00, 0x38, 0x78, 0x00, 0x00, 0x00, 0x00, 0x00,
    0x7F, 0x80, 0x00, 0xFF, 0xFC, 0x00, 0x7F, 0xFF, 0x80, 0x3F, 0xFF, 0xF0, 0x1F, 0xFF, 0xFE, 0x0F,
    0xF0, 0x3F, 0xC3, 0xF8, 0x07, 0xF1, 0xFC, 0x00, 0xFE, 0x7E, 0x00, 0x1F, 0x9F, 0x80, 0x07, 0xEF,
    0xC0, 0x00, 0xFF, 0xF0, 0x00, 0x3F, 0xFC, 0x00, 0x0F, 0xFF, 0x00, 0x03, 0xFF, 0xC0, 0x00, 0xFF,
    0xF0, 0x00, 0x3F, 0xFC, 0x00, 0x0F, 0xFF, 0x00, 0x03, 0xFF, 0xE0, 0x01, 0xFD, 0xF8, 0x00, 0x7E,
    0x7E, 0x00, 0x1F, 0x9F, 0xC0, 0x0F, 0xE3, 0xF8, 0x07, 0xF0, 0xFF, 0xFF, 0xF8, 0x1F, 0xFF, 0xFE,
    0x03, 0xFF, 0xFF, 0x00, 0x3F, 0xFF, 0x00, 0x07, 0xFF, 0x80, 0x00, 0x0C, 0x00, 0x00, 0x03, 0xF3,
    0xF0, 0x00, 0xFC, 0xFC, 0x00, 0x3F, 0x3F, 0x00, 0x0F, 0xCF, 0xC0, 0x00, 0x00, 0x00, 0x00, 0x00,
    0x00, 0x00, 0x07, 0xF8, 0x00, 0x0F, 0xFF, 0xC0, 0x07, 0xFF, 0xF8, 0x03, 0xFF, 0xFF, 0x01, 0xFF,
    0xFF, 0xE0, 0xFF, 0x03, 0xFC, 0x3F, 0x80, 0x7F, 0x1F, 0xC0, 0x0F, 0xE7, 0xE0, 0x01, 0xF9, 0xF8,
    0x00, 0x7E, 0xFC, 0x00, 0x0F, 0xFF, 0x00, 0x03, 0xFF, 0xC0, 0x00, 0xFF, 0xF0, 0x00, 0x3F, 0xFC,
    0x00, 0x0F, 0xFF, 0x00, 0x03, 0xFF, 0xC0, 0x00, 0xFF, 0xF0, 0x00, 0x3F, 0xFE, 0x00, 0x1F, 0xDF,
    0x80, 0x07, 0xE7, 0xE0, 0x01, 0xF9, 0xFC, 0x00, 0xFE, 0x3F, 0x80, 0x7F, 0x0F, 0xFF, 0xFF, 0x81,
    0xFF, 0xFF, 0xE0, 0x3F, 0xFF, 0xF0, 0x03, 0xFF, 0xF0, 0x00, 0x7F, 0xF8, 0x00, 0x00, 0xC0, 0x00,
    0x10, 0x02, 0x0E, 0x01, 0xC7, 0xC0, 0xFB, 0xF8, 0x7F, 0x7F, 0x3F, 0x8F, 0xFF, 0xC1, 0xFF, 0xE0,
    0x3F, 0xF0, 0x07, 0xF8, 0x01, 0xFE, 0x00, 0xFF, 0xC0, 0x7F, 0xF8, 0x1F, 0xFF, 0x0F, 0xCF, 0xE7,
    0xE1, 0xFD, 0xF0, 0x3E, 0x38, 0x07, 0x04, 0x00, 0x80, 0x00, 0x7F, 0x8F, 0x80, 0xFF, 0xFF, 0xC0,
    0x7F, 0xFF, 0xE0, 0x3F, 0xFF, 0xF0, 0x1F, 0xFF, 0xFE, 0x0F, 0xF0, 0x3F, 0xC3, 0xF8, 0x0F, 0xF1,
    0xFC, 0x07, 0xFE, 0x7E, 0x01, 0xFF, 0x9F, 0x80, 0xF7, 0xEF, 0xC0, 0x7C, 0xFF, 0xF0, 0x1E, 0x3F,
    0xFC, 0x0F, 0x0F, 0xFF, 0x07, 0xC3, 0xFF, 0xC1, 0xE0, 0xFF, 0xF0, 0xF0, 0x3F, 0xFC, 0x7C, 0x0F,
    0xFF, 0x1E, 0x03, 0xFF, 0xEF, 0x01, 0xFD, 0xFF, 0xC0, 0x7E, 0x7F, 0xE0, 0x1F, 0x9F, 0xF0, 0x0F,
    0xE3, 0xFC, 0x07, 0xF0, 0xFF, 0xFF, 0xF8, 0x1F, 0xFF, 0xFE, 0x07, 0xFF, 0xFF, 0x03, 0xFF, 0xFF,
    0x00, 0xF7, 0xFF, 0x80, 0x78, 0x0C, 0x00, 0x00, 0x03, 0xE0, 0x00, 0x07, 0xC0, 0x00, 0x0F, 0x00,
    0x00, 0x3E, 0x00, 0x00, 0x78, 0x00, 0x00, 0x00, 0x00, 0x00, 0x00, 0x00, 0x00, 0x00, 0xFC, 0x00,
    0xFF, 0xF0, 0x03, 0xFF, 0xC0, 0x0F, 0xFF, 0x00, 0x3F, 0xFC, 0x00, 0xFF, 0xF0, 0x03, 0xFF, 0xC0,
    0x0F, 0xFF, 0x00, 0x3F, 0xFC, 0x00, 0xFF, 0xF0, 0x03, 0xFF, 0xC0, 0x0F, 0xFF, 0x00, 0x3F, 0xFC,
    0x00, 0xFF, 0xF0, 0x03, 0xFF, 0xC0, 0x0F, 0xFF, 0x00, 0x3F, 0xFC, 0x00, 0xFF, 0xF0, 0x03, 0xFF,
    0xC0, 0x0F, 0xFF, 0x00, 0x3F, 0xFE, 0x01, 0xFD, 0xFC, 0x0F, 0xE7, 0xFF, 0xFF, 0x8F, 0xFF, 0xFC,
    0x1F, 0xFF, 0xE0, 0x3F, 0xFF, 0x00, 0x3F, 0xF0, 0x00, 0x08, 0x00, 0x00, 0x3F, 0x00, 0x00, 0xF8,
    0x00, 0x03, 0xC0, 0x00, 0x1F, 0x00, 0x00, 0x78, 0x00, 0x00, 0x00, 0x00, 0x00, 0x00, 0x00, 0x00,
    0x00, 0xFC, 0x00, 0xFF, 0xF0, 0x03, 0xFF, 0xC0, 0x0F, 0xFF, 0x00, 0x3F, 0xFC, 0x00, 0xFF, 0xF0,
    0x03, 0xFF, 0xC0, 0x0F, 0xFF, 0x00, 0x3F, 0xFC, 0x00, 0xFF, 0xF0, 0x03, 0xFF, 0xC0, 0x0F, 0xFF,
    0x00, 0x3F, 0xFC, 0x00, 0xFF, 0xF0, 0x03, 0xFF, 0xC0, 0x0F, 0xFF, 0x00, 0x3F, 0xFC, 0x00, 0xFF,
    0xF0, 0x03, 0xFF, 0xC0, 0x0F, 0xFF, 0x00, 0x3F, 0xFE, 0x01, 0xFD, 0xFC, 0x0F, 0xE7, 0xFF, 0xFF,
    0x8F, 0xFF, 0xFC, 0x1F, 0xFF, 0xE0, 0x3F, 0xFF, 0x00, 0x3F, 0xF0, 0x00, 0x08, 0x00, 0x00, 0xFC,
    0x00, 0x03, 0xF0, 0x00, 0x1F, 0xE0, 0x00, 0xF3, 0xC0, 0x03, 0xCF, 0x00, 0x1E, 0x1E, 0x00, 0x00,
    0x00, 0x00, 0x00, 0x00, 0xFC, 0x00, 0xFF, 0xF0, 0x03, 0xFF, 0xC0, 0x0F, 0xFF, 0x00, 0x3F, 0xFC,
    0x00, 0xFF, 0xF0, 0x03, 0xFF, 0xC0, 0x0F, 0xFF, 0x00, 0x3F, 0xFC, 0x00, 0xFF, 0xF0, 0x03, 0xFF,
    0xC0, 0x0F, 0xFF, 0x00, 0x3F, 0xFC, 0x00, 0xFF, 0xF0, 0x03, 0xFF, 0xC0, 0x0F, 0xFF, 0x00, 0x3F,
    0xFC, 0x00, 0xFF, 0xF0, 0x03, 0xFF, 0xC0, 0x0F, 0xFF, 0x00, 0x3F, 0xFE, 0x01, 0xFD, 0xFC, 0x0F,
    0xE7, 0xFF, 0xFF, 0x8F, 0xFF, 0xFC, 0x1F, 0xFF, 0xE0, 0x3F, 0xFF, 0x00, 0x3F, 0xF0, 0x00, 0x08,
    0x00, 0x0F, 0xCF, 0xC0, 0x3F, 0x3F, 0x00, 0xFC, 0xFC, 0x03, 0xF3, 0xF0, 0x00, 0x00, 0x00, 0x00,
    0x00, 0x00, 0x00, 0x00, 0x3F, 0x00, 0x3F, 0xFC, 0x00, 0xFF, 0xF0, 0x03, 0xFF, 0xC0, 0x0F, 0xFF,
    0x00, 0x3F, 0xFC, 0x00, 0xFF, 0xF0, 0x03, 0xFF, 0xC0, 0x0F, 0xFF, 0x00, 0x3F, 0xFC, 0x00, 0xFF,
    0xF0, 0x03, 0xFF, 0xC0, 0x0F, 0xFF, 0x00, 0x3F, 0xFC, 0x00, 0xFF, 0xF0, 0x03, 0xFF, 0xC0, 0x0F,
    0xFF, 0x00, 0x3F, 0xFC, 0x00, 0xFF, 0xF0, 0x03, 0xFF, 0xC0, 0x0F, 0xFF, 0x80, 0x7F, 0x7F, 0x03,
    0xF9, 0xFF, 0xFF, 0xE3, 0xFF, 0xFF, 0x07, 0xFF, 0xF8, 0x0F, 0xFF, 0xC0, 0x0F, 0xFC, 0x00, 0x02,
    0x00, 0x00, 0x00, 0x1F, 0x80, 0x00, 0x1F, 0x00, 0x00, 0x3F, 0x00, 0x00, 0x3E, 0x00, 0x00, 0x3C,
    0x00, 0x00, 0x00, 0x00, 0x00, 0x00, 0x00, 0x00, 0x00, 0x00, 0xFC, 0x00, 0x3F, 0x7E, 0x00, 0x7E,
    0x7E, 0x00, 0x7E, 0x3F, 0x00, 0xFC, 0x3F, 0x81, 0xFC, 0x1F, 0x81, 0xF8, 0x1F, 0xC3, 0xF8, 0x0F,
    0xC3, 0xF0, 0x0F, 0xE7, 0xE0, 0x07, 0xE7, 0xE0, 0x03, 0xFF, 0xC0, 0x03, 0xFF, 0xC0, 0x01, 0xFF,
    0x80, 0x01, 0xFF, 0x80, 0x00, 0xFF, 0x00, 0x00, 0xFF, 0x00, 0x00, 0x7E, 0x00, 0x00, 0x7E, 0x00,
    0x00, 0x7E, 0x00, 0x00, 0x7E, 0x00, 0x00, 0x7E, 0x00, 0x00, 0x7E, 0x00, 0x00, 0x7E, 0x00, 0x00,
    0x7E, 0x00, 0x00, 0x7E, 0x00, 0x00, 0x7E, 0x00, 0x00, 0x7E, 0x00, 0xFC, 0x00, 0x0F, 0xC0, 0x00,
    0xFC, 0x00, 0x0F, 0xC0, 0x00, 0xFC, 0x00, 0x0F, 0xFF, 0xC0, 0xFF, 0xFF, 0x8F, 0xFF, 0xFC, 0xFF,
    0xFF, 0xEF, 0xFF, 0xFE, 0xFC, 0x07, 0xFF, 0xC0, 0x3F, 0xFC, 0x03, 0xFF, 0xC0, 0x3F, 0xFC, 0x03,
    0xFF, 0xC0, 0xFF, 0xFF, 0xFF, 0xEF, 0xFF, 0xFE, 0xFF, 0xFF, 0xCF, 0xFF, 0xF8, 0xFF, 0xFC, 0x0F,
    0xC0, 0x00, 0xFC, 0x00, 0x0F, 0xC0, 0x00, 0xFC, 0x00, 0x0F, 0xC0, 0x00, 0xFC, 0x00, 0x00, 0x03,
    0xFC, 0x00, 0x7F, 0xF8, 0x07, 0xFF, 0xE0, 0x7F, 0xFF, 0x87, 0xFF, 0xFE, 0x3F, 0x87, 0xF3, 0xF8,
    0x1F, 0x9F, 0x80, 0xFC, 0xFC, 0x07, 0xE7, 0xE0, 0x3F, 0x3F, 0x03, 0xF1, 0xF9, 0xFF, 0x0F, 0xCF,
    0xE0, 0x7E, 0x7F, 0xC3, 0xF3, 0xFF, 0x1F, 0x80, 0xFE, 0xFC, 0x03, 0xF7, 0xE0, 0x0F, 0xFF, 0x00,
    0x7F, 0xF8, 0x03, 0xFF, 0xC0, 0x3F, 0xFE, 0x03, 0xFF, 0xF3, 0xFF, 0xDF, 0x9F, 0xFE, 0xFC, 0xFF,
    0xE7, 0xE7, 0xFE, 0x3F, 0x3F, 0x80, 0x07, 0xC0, 0x00, 0x3E, 0x00, 0x03, 0xE0, 0x00, 0x1F, 0x00,
    0x00, 0xF0, 0x00, 0x00, 0x00, 0x00, 0x00, 0x00, 0x00, 0x00, 0x03, 0xFC, 0x00, 0xFF, 0xF0, 0x3F,
    0xFF, 0x83, 0xFF, 0xFC, 0x7F, 0x0F, 0xC7, 0xE0, 0xFE, 0xFC, 0x07, 0xE0, 0x00, 0x7E, 0x00, 0x3F,
    0xE0, 0x7F, 0xFE, 0x1F, 0xFF, 0xE7, 0xFF, 0xFE, 0x7F, 0x07, 0xEF, 0xC0, 0x7E, 0xFC, 0x07, 0xEF,
    0xC0, 0xFE, 0xFE, 0x1F, 0xFF, 0xFF, 0xFF, 0x7F, 0xFB, 0xF3, 0xFF, 0x1F, 0x0F, 0xC0, 0xF0, 0x00,
    0x7E, 0x00, 0x07, 0xC0, 0x00, 0xF8, 0x00, 0x0F, 0x80, 0x00, 0xF0, 0x00, 0x00, 0x00, 0x00, 0x00,
    0x00, 0x3F, 0xC0, 0x0F, 0xFF, 0x03, 0xFF, 0xF8, 0x3F, 0xFF, 0xC7, 0xF0, 0xFC, 0x7E, 0x0F, 0xEF,
    0xC0, 0x7E, 0x00, 0x07, 0xE0, 0x03, 0xFE, 0x07, 0xFF, 0xE1, 0xFF, 0xFE, 0x7F, 0xFF, 0xE7, 0xF0,
    0x7E, 0xFC, 0x07, 0xEF, 0xC0, 0x7E, 0xFC, 0x0F, 0xEF, 0xE1, 0xFF, 0xFF, 0xFF, 0xF7, 0xFF, 0xBF,
    0x3F, 0xF1, 0xF0, 0xFC, 0x0F, 0x01, 0xF8, 0x00, 0x3F, 0x80, 0x03, 0xFC, 0x00, 0x7B, 0xE0, 0x0F,
    0x9E, 0x00, 0xF0, 0xF0, 0x00, 0x00, 0x00, 0x00, 0x00, 0x03, 0xFC, 0x00, 0xFF, 0xF0, 0x3F, 0xFF,
    0x83, 0xFF, 0xFC, 0x7F, 0x0F, 0xC7, 0xE0, 0xFE, 0xFC, 0x07, 0xE0, 0x00, 0x7E, 0x00, 0x3F, 0xE0,
    0x7F, 0xFE, 0x1F, 0xFF, 0xE7, 0xFF, 0xFE, 0x7F, 0x07, 0xEF, 0xC0, 0x7E, 0xFC, 0x07, 0xEF, 0xC0,
    0xFE, 0xFE, 0x1F, 0xFF, 0xFF, 0xFF, 0x7F, 0xFB, 0xF3, 0xFF, 0x1F, 0x0F, 0xC0, 0xF0, 0x07, 0x87,
    0x00, 0xFE, 0x70, 0x0F, 0xFF, 0x01, 0xFF, 0xE0, 0x1C, 0x7E, 0x01, 0xC3, 0xC0, 0x00, 0x00, 0x00,
    0x00, 0x00, 0x03, 0xFC, 0x00, 0xFF, 0xF0, 0x3F, 0xFF, 0x83, 0xFF, 0xFC, 0x7E, 0x0F, 0xC7, 0xC0,
    0xFE, 0xFC, 0x07, 0xE0, 0x00, 0x7E, 0x00, 0x3F, 0xE0, 0x7F, 0xFE, 0x1F, 0xFF, 0xE7, 0xFF, 0xFE,
    0x7F, 0x07, 0xEF, 0xC0, 0x7E, 0xFC, 0x07, 0xEF, 0xC0, 0xFE, 0xFE, 0x1F, 0xFF, 0xFF, 0xFF, 0x7F,
    0xFB, 0xF3, 0xFF, 0x1F, 0x0F, 0xC0, 0xF0, 0x1F, 0x9F, 0x81, 0xF9, 0xF8, 0x1F, 0x9F, 0x81, 0xF9,
    0xF8, 0x00, 0x00, 0x00, 0x00, 0x00, 0x03, 0xFC, 0x00, 0xFF, 0xF0, 0x3F, 0xFF, 0x83, 0xFF, 0xFC,
    0x7F, 0x0F, 0xC7, 0xE0, 0xFE, 0xFC, 0x07, 0xE0, 0x00, 0x7E, 0x00, 0x3F, 0xE0, 0x7F, 0xFE, 0x1F,
    0xFF, 0xE7, 0xFF, 0xFE, 0x7F, 0x07, 0xEF, 0xC0, 0x7E, 0xFC, 0x07, 0xEF, 0xC0, 0xFE, 0xFE, 0x1F,
    0xFF, 0xFF, 0xFF, 0x7F, 0xFB, 0xF3, 0xFF, 0x1F, 0x0F, 0xE0, 0xF0, 0x00, 0xF0, 0x00, 0x1F, 0x80,
    0x03, 0x9C, 0x00, 0x31, 0xC0, 0x03, 0x9C, 0x00, 0x1F, 0x80, 0x00, 0xF0, 0x00, 0x00, 0x00, 0x00,
    0x00, 0x00, 0x3F, 0xC0, 0x0F, 0xFF, 0x03, 0xFF, 0xF8, 0x3F, 0xFF, 0xC7, 0xF0, 0xFC, 0x7E, 0x0F,
    0xEF, 0xC0, 0x7E, 0x00, 0x07, 0xE0, 0x03, 0xFE, 0x07, 0xFF, 0xE1, 0xFF, 0xFE, 0x7F, 0xFF, 0xE7,
    0xF0, 0x7E, 0xFC, 0x07, 0xEF, 0xC0, 0x7E, 0xFC, 0x0F, 0xEF, 0xE1, 0xFF, 0xFF, 0xFF, 0xF7, 0xFF,
    0xBF, 0x3F, 0xF1, 0xF0, 0xFC, 0x0F, 0x03, 0xFC, 0x0F, 0xE0, 0x07, 0xFF, 0xBF, 0xFC, 0x0F, 0xFF,
    0xFF, 0xFF, 0x07, 0xFF, 0xFF, 0xFF, 0xC7, 0xF0, 0xFF, 0x87, 0xE3, 0xF0, 0x3F, 0x81, 0xFB, 0xF0,
    0x1F, 0x80, 0x7C, 0x00, 0x0F, 0xC0, 0x3F, 0x00, 0xFF, 0xFF, 0xFF, 0x87, 0xFF, 0xFF, 0xFF, 0xCF,
    0xFF, 0xFF, 0xFF, 0xEF, 0xFF, 0xFF, 0xFF, 0xF7, 0xF0, 0x7E, 0x00, 0x07, 0xE0, 0x3F, 0x00, 0x03,
    0xF0, 0x1F, 0x80, 0x01, 0xF8, 0x1F, 0xE0, 0x7E, 0xFE, 0x1F, 0xF8, 0x7F, 0x7F, 0xFF, 0xFF, 0xFF,
    0x1F, 0xFF, 0x3F, 0xFF, 0x07, 0xFF, 0x0F, 0xFF, 0x00, 0xFE, 0x00, 0xFE, 0x00, 0x01, 0xFC, 0x00,
    0x7F, 0xF0, 0x1F, 0xFF, 0xC3, 0xFF, 0xFE, 0x3F, 0x0F, 0xE7, 0xE0, 0x3F, 0x7E, 0x03, 0xFF, 0xC0,
    0x3F, 0xFC, 0x00, 0x0F, 0xC0, 0x00, 0xFC, 0x00, 0x0F, 0xC0, 0x00, 0xFC, 0x00, 0x0F, 0xC0, 0x3F,
    0x7E, 0x03, 0xF7, 0xE0, 0x3F, 0x3F, 0x0F, 0xE3, 0xFF, 0xFC, 0x1F, 0xFF, 0xC0, 0xFF, 0xF0, 0x01,
    0xFC, 0x00, 0x0F, 0x00, 0x00, 0xFC, 0x00, 0x07, 0xC0, 0x00, 0x0E, 0x00, 0x00, 0xE0, 0x03, 0x8E,
    0x00, 0x3F, 0xE0, 0x03, 0xFC, 0x00, 0x0F, 0x80, 0x03, 0xE0, 0x00, 0x3E, 0x00, 0x01, 0xF0, 0x00,
    0x0F, 0x00, 0x00, 0xF0, 0x00, 0x00, 0x00, 0x00, 0x00, 0x00, 0x00, 0x00, 0x01, 0xF8, 0x00, 0xFF,
    0xF0, 0x1F, 0xFF, 0x83, 0xFF, 0xFC, 0x3F, 0x0F, 0xC7, 0xE0, 0x7E, 0x7C, 0x03, 0xEF, 0xC0, 0x3F,
    0xFF, 0xFF, 0xFF, 0xFF, 0xFF, 0xFF, 0xFF, 0xFF, 0xFF, 0xFF, 0xFC, 0x00, 0x0F, 0xC0, 0x00, 0x7C,
    0x00, 0x07, 0xE0, 0x7E, 0x7F, 0x0F, 0xE3, 0xFF, 0xFC, 0x1F, 0xFF, 0x80, 0xFF, 0xF0, 0x01, 0xFC,
    0x00, 0x00, 0x3E, 0x00, 0x07, 0xC0, 0x00, 0x7C, 0x00, 0x0F, 0x80, 0x00, 0xF0, 0x00, 0x00, 0x00,
    0x00, 0x00, 0x00, 0x1F, 0x80, 0x0F, 0xFF, 0x01, 0xFF, 0xF8, 0x3F, 0xFF, 0xC3, 0xF0, 0xFC, 0x7E,
    0x07, 0xE7, 0xC0, 0x3E, 0xFC, 0x03, 0xFF, 0xFF, 0xFF, 0xFF, 0xFF, 0xFF, 0xFF, 0xFF, 0xFF, 0xFF,
    0xFF, 0xC0, 0x00, 0xFC, 0x00, 0x07, 0xC0, 0x00, 0x7E, 0x07, 0xE7, 0xF0, 0xFE, 0x3F, 0xFF, 0xC1,
    0xFF, 0xF8, 0x0F, 0xFF, 0x00, 0x1F, 0xC0, 0x01, 0xF8, 0x00, 0x1F, 0xC0, 0x03, 0xFC, 0x00, 0x7D,
    0xE0, 0x07, 0x9F, 0x00, 0xF0, 0xF0, 0x00, 0x00, 0x00, 0x00, 0x00, 0x01, 0xF8, 0x00, 0xFF, 0xF0,
    0x1F, 0xFF, 0x83, 0xFF, 0xFC, 0x3F, 0x0F, 0xC7, 0xE0, 0x7E, 0x7C, 0x03, 0xEF, 0xC0, 0x3F, 0xFF,
    0xFF, 0xFF, 0xFF, 0xFF, 0xFF, 0xFF, 0xFF, 0xFF, 0xFF, 0xFC, 0x00, 0x0F, 0xC0, 0x00, 0x7C, 0x00,
    0x07, 0xE0, 0x7E, 0x7F, 0x0F, 0xE3, 0xFF, 0xFC, 0x1F, 0xFF, 0x80, 0xFF, 0xF0, 0x01, 0xFC, 0x00,
    0x1F, 0x9F, 0x81, 0xF9, 0xF8, 0x1F, 0x9F, 0x81, 0xF9, 0xF8, 0x00, 0x00, 0x00, 0x00, 0x00, 0x01,
    0xF8, 0x00, 0xFF, 0xF0, 0x1F, 0xFF, 0x83, 0xFF, 0xFC, 0x3F, 0x0F, 0xC7, 0xE0, 0x7E, 0x7C, 0x03,
    0xEF, 0xC0, 0x3F, 0xFF, 0xFF, 0xFF, 0xFF, 0xFF, 0xFF, 0xFF, 0xFF, 0xFF, 0xFF, 0xFC, 0x00, 0x0F,
    0xC0, 0x00, 0x7C, 0x00, 0x07, 0xE0, 0x7E, 0x3F, 0x0F, 0xE3, 0xFF, 0xFC, 0x1F, 0xFF, 0x80, 0xFF,
    0xF0, 0x01, 0xFC, 0x00, 0xFC, 0x7C, 0x7C, 0x3E, 0x1E, 0x00, 0x00, 0x3F, 0x3F, 0x3F, 0x3F, 0x3F,
    0x3F, 0x3F, 0x3F, 0x3F, 0x3F, 0x3F, 0x3F, 0x3F, 0x3F, 0x3F, 0x3F, 0x3F, 0x3F, 0x3F, 0x3F, 0x3F,
    0x3F, 0x3E, 0x7E, 0x7C, 0x78, 0x00, 0x00, 0xFC, 0xFC, 0xFC, 0xFC, 0xFC, 0xFC, 0xFC, 0xFC, 0xFC,
    0xFC, 0xFC, 0xFC, 0xFC, 0xFC, 0xFC, 0xFC, 0xFC, 0xFC, 0xFC, 0xFC, 0xFC, 0x1F, 0x81, 0xFE, 0x0F,
    0xF0, 0xF3, 0xCF, 0x9F, 0x78, 0x78, 0x00, 0x00, 0x00, 0x1F, 0x80, 0xFC, 0x07, 0xE0, 0x3F, 0x01,
    0xF8, 0x0F, 0xC0, 0x7E, 0x03, 0xF0, 0x1F, 0x80, 0xFC, 0x07, 0xE0, 0x3F, 0x01, 0xF8, 0x0F, 0xC0,
    0x7E, 0x03, 0xF0, 0x1F, 0x80, 0xFC, 0x07, 0xE0, 0x3F, 0x01, 0xF8, 0x00, 0xFC, 0xFF, 0xF3, 0xFF,
    0xCF, 0xFF, 0x3F, 0x00, 0x00, 0x00, 0x00, 0xFC, 0x03, 0xF0, 0x0F, 0xC0, 0x3F, 0x00, 0xFC, 0x03,
    0xF0, 0x0F, 0xC0, 0x3F, 0x00, 0xFC, 0x03, 0xF0, 0x0F, 0xC0, 0x3F, 0x00, 0xFC, 0x03, 0xF0, 0x0F,
    0xC0, 0x3F, 0x00, 0xFC, 0x03, 0xF0, 0x0F, 0xC0, 0x3F, 0x00, 0xFC, 0x00, 0x01, 0xC0, 0x20, 0x3F,
    0x0E, 0x03, 0xFF, 0xE0, 0x3F, 0xFC, 0x00, 0x7F, 0x00, 0x1F, 0xF8, 0x01, 0xFF, 0x80, 0x18, 0x7C,
    0x00, 0x03, 0xC0, 0x3F, 0xBE, 0x0F, 0xFF, 0xE1, 0xFF, 0xFE, 0x3F, 0xFF, 0xF7, 0xF0, 0xFF, 0x7E,
    0x07, 0xFF, 0xE0, 0x7F, 0xFC, 0x03, 0xFF, 0xC0, 0x3F, 0xFC, 0x03, 0xFF, 0xC0, 0x3F, 0xFC, 0x03,
    0xFF, 0xE0, 0x7E, 0x7E, 0x07, 0xE7, 0xF0, 0xFE, 0x3F, 0xFF, 0xC1, 0xFF, 0xF8, 0x0F, 0xFF, 0x00,
    0x3F, 0xC0, 0x0F, 0x0E, 0x07, 0xF3, 0x81, 0xFF, 0xE0, 0xFF, 0xF0, 0x38, 0xFC, 0x0E, 0x1E, 0x00,
    0x00, 0x00, 0x00, 0x00, 0xF8, 0xFC, 0x3E, 0xFF, 0xCF, 0xFF, 0xF3, 0xFF, 0xFE, 0xFF, 0x1F, 0xBF,
    0x87, 0xFF, 0xC0, 0xFF, 0xF0, 0x3F, 0xFC, 0x0F, 0xFF, 0x03, 0xFF, 0xC0, 0xFF, 0xF0, 0x3F, 0xFC,
    0x0F, 0xFF, 0x03, 0xFF, 0xC0, 0xFF, 0xF0, 0x3F, 0xFC, 0x0F, 0xFF, 0x03, 0xFF, 0xC0, 0xFF, 0xF0,
    0x3F, 0xFC, 0x0F, 0xC0, 0x03, 0xC0, 0x00, 0x3E, 0x00, 0x01, 0xE0, 0x00, 0x1F, 0x00, 0x00, 0xF0,
    0x00, 0x00, 0x00, 0x00, 0x00, 0x00, 0x00, 0x00, 0x01, 0xF8, 0x00, 0xFF, 0xF0, 0x1F, 0xFF, 0x83,
    0xFF, 0xFC, 0x7F, 0x0F, 0xC7, 0xE0, 0x7E, 0x7E, 0x07, 0xEF, 0xC0, 0x3F, 0xFC, 0x03, 0xFF, 0xC0,
    0x3F, 0xFC, 0x03, 0xFF, 0xC0, 0x3F, 0xFC, 0x03, 0xFF, 0xC0, 0x3F, 0x7E, 0x07, 0xE7, 0xE0, 0x7E,
    0x7F, 0x0F, 0xE3, 0xFF, 0xFC, 0x1F, 0xFF, 0x80, 0xFF, 0xF0, 0x03, 0xFC, 0x00, 0x00, 0x7C, 0x00,
    0x07, 0xC0, 0x00, 0x78, 0x00, 0x0F, 0x80, 0x00, 0xF0, 0x00, 0x00, 0x00, 0x00, 0x00, 0x00, 0x1F,
    0x80, 0x0F, 0xFF, 0x01, 0xFF, 0xF8, 0x3F, 0xFF, 0xC7, 0xF0, 0xFC, 0x7E, 0x07, 0xE7, 0xE0, 0x7E,
    0xFC, 0x03, 0xFF, 0xC0, 0x3F, 0xFC, 0x03, 0xFF, 0xC0, 0x3F, 0xFC, 0x03, 0xFF, 0xC0, 0x3F, 0xFC,
    0x03, 0xF7, 0xE0, 0x7E, 0x7E, 0x07, 0xE7, 0xF0, 0xFE, 0x3F, 0xFF, 0xC1, 0xFF, 0xF8, 0x0F, 0xFF,
    0x00, 0x3F, 0xC0, 0x01, 0xF8, 0x00, 0x1F, 0x80, 0x03, 0xFC, 0x00, 0x3F, 0xC0, 0x07, 0x9E, 0x00,
    0xF0, 0xF0, 0x00, 0x00, 0x00, 0x00, 0x00, 0x01, 0xF8, 0x00, 0xFF, 0xF0, 0x1F, 0xFF, 0x83, 0xFF,
    0xFC, 0x7F, 0x0F, 0xC7, 0xE0, 0x7E, 0x7E, 0x07, 0xEF, 0xC0, 0x3F, 0xFC, 0x03, 0xFF, 0xC0, 0x3F,
    0xFC, 0x03, 0xFF, 0xC0, 0x3F, 0xFC, 0x03, 0xFF, 0xC0, 0x3F, 0x7E, 0x07, 0xE7, 0xE0, 0x7E, 0x7F,
    0x0F, 0xE3, 0xFF, 0xFC, 0x1F, 0xFF, 0x80, 0xFF, 0xF0, 0x03, 0xFC, 0x00, 0x03, 0xC3, 0x80, 0x7F,
    0x38, 0x07, 0xFF, 0x80, 0xFF, 0xF0, 0x0E, 0x3F, 0x00, 0xE1, 0xE0, 0x00, 0x00, 0x00, 0x00, 0x00,
    0x01, 0xF8, 0x00, 0xFF, 0xF0, 0x1F, 0xFF, 0x83, 0xFF, 0xFC, 0x7F, 0x0F, 0xC7, 0xE0, 0x7E, 0x7E,
    0x07, 0xEF, 0xC0, 0x3F, 0xFC, 0x03, 0xFF, 0xC0, 0x3F, 0xFC, 0x03, 0xFF, 0xC0, 0x3F, 0xFC, 0x03,
    0xFF, 0xC0, 0x3F, 0x7E, 0x07, 0xE7, 0xE0, 0x7E, 0x7F, 0x0F, 0xE3, 0xFF, 0xFC, 0x1F, 0xFF, 0x80,
    0xFF, 0xF0, 0x03, 0xFC, 0x00, 0x1F, 0x9F, 0x81, 0xF9, 0xF8, 0x1F, 0x9F, 0x81, 0xF9, 0xF8, 0x00,
    0x00, 0x00, 0x00, 0x00, 0x01, 0xF8, 0x00, 0xFF, 0xF0, 0x1F, 0xFF, 0x83, 0xFF, 0xFC, 0x7F, 0x0F,
    0xC7, 0xE0, 0x7E, 0x7E, 0x07, 0xEF, 0xC0, 0x3F, 0xFC, 0x03, 0xFF, 0xC0, 0x3F, 0xFC, 0x03, 0xFF,
    0xC0, 0x3F, 0xFC, 0x03, 0xFF, 0xC0, 0x3F, 0x7E, 0x07, 0xE7, 0xE0, 0x7E, 0x7F, 0x0F, 0xE3, 0xFF,
    0xFC, 0x1F, 0xFF, 0x80, 0xFF, 0xF0, 0x03, 0xFC, 0x00, 0x01, 0xE0, 0x00, 0xFC, 0x00, 0x3F, 0x00,
    0x0F, 0xC0, 0x03, 0xF0, 0x00, 0x78, 0x00, 0x00, 0x00, 0x00, 0x00, 0xFF, 0xFF, 0xFF, 0xFF, 0xFF,
    0xFF, 0xFF, 0xFF, 0xFF, 0x00, 0x00, 0x00, 0x00, 0x00, 0x00, 0x00, 0x07, 0x80, 0x03, 0xF0, 0x00,
    0xFC, 0x00, 0x3F, 0x00, 0x0F, 0xC0, 0x01, 0xE0, 0x00, 0x01, 0xF9, 0xE0, 0xFF, 0xFC, 0x1F, 0xFF,
    0x83, 0xFF, 0xFC, 0x7F, 0x0F, 0xC7, 0xE0, 0xFE, 0x7E, 0x1F, 0xEF, 0xC3, 0xFF, 0xFC, 0x3B, 0xFF,
    0xC7, 0xBF, 0xFC, 0xF3, 0xFF, 0xDE, 0x3F, 0xFD, 0xC3, 0xFF, 0xFC, 0x3F, 0x7F, 0x87, 0xE7, 0xF0,
    0x7E, 0x7F, 0x0F, 0xE3, 0xFF, 0xFC, 0x1F, 0xFF, 0x83, 0xFF, 0xF0, 0x7B, 0xFC, 0x00, 0x0F, 0x80,
    0x01, 0xF0, 0x00, 0x3C, 0x00, 0x0F, 0x80, 0x01, 0xE0, 0x00, 0x00, 0x00, 0x00, 0x00, 0x00, 0x00,
    0xFC, 0x0F, 0xFF, 0x03, 0xFF, 0xC0, 0xFF, 0xF0, 0x3F, 0xFC, 0x0F, 0xFF, 0x03, 0xFF, 0xC0, 0xFF,
    0xF0, 0x3F, 0xFC, 0x0F, 0xFF, 0x03, 0xFF, 0xC0, 0xFF, 0xF0, 0x3F, 0xFC, 0x0F, 0xFF, 0x03, 0xFF,
    0xC0, 0xFF, 0xF0, 0x7F, 0xFE, 0x3F, 0xDF, 0xFF, 0xF7, 0xFF, 0xFC, 0xFF, 0xBF, 0x0F, 0x8F, 0xC0,
    0x00, 0xF8, 0x00, 0x3E, 0x00, 0x0F, 0x00, 0x07, 0x80, 0x01, 0xE0, 0x00, 0x00, 0x00, 0x00, 0x03,
    0xF0, 0x3F, 0xFC, 0x0F, 0xFF, 0x03, 0xFF, 0xC0, 0xFF, 0xF0, 0x3F, 0xFC, 0x0F, 0xFF, 0x03, 0xFF,
    0xC0, 0xFF, 0xF0, 0x3F, 0xFC, 0x0F, 0xFF, 0x03, 0xFF, 0xC0, 0xFF, 0xF0, 0x3F, 0xFC, 0x0F, 0xFF,
    0x03, 0xFF, 0xC1, 0xFF, 0xF8, 0xFF, 0x7F, 0xFF, 0xDF, 0xFF, 0xF3, 0xFE, 0xFC, 0x3E, 0x3F, 0x03,
    0xF0, 0x01, 0xFC, 0x00, 0x7F, 0x80, 0x3D, 0xF0, 0x0F, 0x3C, 0x07, 0x87, 0x80, 0x00, 0x00, 0x00,
    0x00, 0xFC, 0x0F, 0xFF, 0x03, 0xFF, 0xC0, 0xFF, 0xF0, 0x3F, 0xFC, 0x0F, 0xFF, 0x03, 0xFF, 0xC0,
    0xFF, 0xF0, 0x3F, 0xFC, 0x0F, 0xFF, 0x03, 0xFF, 0xC0, 0xFF, 0xF0, 0x3F, 0xFC, 0x0F, 0xFF, 0x03,
    0xFF, 0xC0, 0xFF, 0xF0, 0x7F, 0xFE, 0x3F, 0xDF, 0xFF, 0xF7, 0xFF, 0xFC, 0xFF, 0xBF, 0x0F, 0x8F,
    0xC0, 0x3F, 0x3F, 0x0F, 0xCF, 0xC3, 0xF3, 0xF0, 0xFC, 0xFC, 0x00, 0x00, 0x00, 0x00, 0x0F, 0xC0,
    0xFF, 0xF0, 0x3F, 0xFC, 0x0F, 0xFF, 0x03, 0xFF, 0xC0, 0xFF, 0xF0, 0x3F, 0xFC, 0x0F, 0xFF, 0x03,
    0xFF, 0xC0, 0xFF, 0xF0, 0x3F, 0xFC, 0x0F, 0xFF, 0x03, 0xFF, 0xC0, 0xFF, 0xF0, 0x3F, 0xFC, 0x0F,
    0xFF, 0x07, 0xFF, 0xE3, 0xFD, 0xFF, 0xFF, 0x7F, 0xFF, 0xCF, 0xFB, 0xF0, 0xF8, 0xFC, 0x00, 0x7E,
    0x00, 0x07, 0xC0, 0x00, 0xF8, 0x00, 0x0F, 0x80, 0x00, 0xF0, 0x00, 0x00, 0x00, 0x00, 0x00, 0x0F,
    0xC0, 0x3F, 0xFC, 0x03, 0xF7, 0xC0, 0x3E, 0x7E, 0x07, 0xE7, 0xE0, 0x7E, 0x3E, 0x07, 0xC3, 0xE0,
    0xFC, 0x3F, 0x0F, 0xC1, 0xF0, 0xF8, 0x1F, 0x0F, 0x81, 0xF9, 0xF8, 0x0F, 0x9F, 0x00, 0xF9, 0xF0,
    0x0F, 0xFF, 0x00, 0x7F, 0xE0, 0x07, 0xFE, 0x00, 0x7F, 0xE0, 0x03, 0xFC, 0x00, 0x3F, 0xC0, 0x03,
    0xFC, 0x00, 0x0F, 0x80, 0x00, 0xF8, 0x00, 0x1F, 0x80, 0x1F, 0xF0, 0x01, 0xFF, 0x00, 0x1F, 0xE0,
    0x01, 0xFC, 0x00, 0xFC, 0x00, 0x0F, 0xC0, 0x00, 0xFC, 0x00, 0x0F, 0xC0, 0x00, 0xFC, 0x00, 0x0F,
    0xC0, 0x00, 0xFC, 0xFC, 0x0F, 0xFF, 0xF0, 0xFF, 0xFF, 0x8F, 0xFF, 0xFC, 0xFF, 0x0F, 0xEF, 0xE0,
    0x7E, 0xFC, 0x07, 0xEF, 0xC0, 0x3F, 0xFC, 0x03, 0xFF, 0xC0, 0x3F, 0xFC, 0x03, 0xFF, 0xC0, 0x3F,
    0xFC, 0x03, 0xFF, 0xC0, 0x7F, 0xFE, 0x07, 0xEF, 0xF0, 0xFE, 0xFF, 0xFF, 0xEF, 0xFF, 0xFC, 0xFF,
    0xFF, 0x8F, 0xDF, 0xF0, 0xFC, 0xFC, 0x0F, 0xC0, 0x00, 0xFC, 0x00, 0x0F, 0xC0, 0x00, 0xFC, 0x00,
    0x0F, 0xC0, 0x00, 0xFC, 0x00, 0x00, 0x1F, 0x9F, 0x81, 0xF9, 0xF8, 0x1F, 0x9F, 0x81, 0xF9, 0xF8,
    0x00, 0x00, 0x00, 0x00, 0x00, 0xFC, 0x03, 0xFF, 0xC0, 0x3F, 0x7C, 0x03, 0xF7, 0xE0, 0x7E, 0x7E,
    0x07, 0xE3, 0xE0, 0x7E, 0x3F, 0x07, 0xC3, 0xF0, 0xFC, 0x1F, 0x0F, 0xC1, 0xF0, 0xF8, 0x1F, 0x9F,
    0x80, 0xF9, 0xF8, 0x0F, 0x9F, 0x00, 0x7F, 0xF0, 0x07, 0xFF, 0x00, 0x7F, 0xE0, 0x03, 0xFE, 0x00,
    0x3F, 0xC0, 0x03, 0xFC, 0x00, 0x1F, 0xC0, 0x00, 0x78, 0x00, 0x0F, 0x80, 0x00, 0xF8, 0x01, 0xFF,
    0x00, 0x1F, 0xF0, 0x01, 0xFE, 0x00, 0x1F, 0xC0, 0x00, 0x01, 0xFF, 0xC0, 0x00, 0xFF, 0xE0, 0x00,
    0x7F, 0xF0, 0x00, 0x3F, 0xF8, 0x00, 0x00, 0x00, 0x00, 0x00, 0x00, 0x00, 0x00, 0x00, 0x00, 0x00,
    0xFE, 0x00, 0x00, 0x7F, 0x00, 0x00, 0x7F, 0xC0, 0x00, 0x3F, 0xE0, 0x00, 0x1F, 0xF0, 0x00, 0x1F,
    0xFC, 0x00, 0x0F, 0xBE, 0x00, 0x0F, 0xDF, 0x00, 0x07, 0xEF, 0xC0, 0x03, 0xE3, 0xE0, 0x03, 0xF1,
    0xF8, 0x01, 0xF8, 0xFC, 0x00, 0xF8, 0x3E, 0x00, 0xFC, 0x1F, 0x80, 0x7E, 0x0F, 0xC0, 0x3E, 0x03,
    0xE0, 0x3F, 0xFF, 0xF8, 0x1F, 0xFF, 0xFC, 0x0F, 0xFF, 0xFE, 0x0F, 0xFF, 0xFF, 0x87, 0xFF, 0xFF,
    0xC3, 0xE0, 0x03, 0xE3, 0xF0, 0x01, 0xF9, 0xF8, 0x00, 0xFD, 0xF8, 0x00, 0x3E, 0xFC, 0x00, 0x1F,
    0xFE, 0x00, 0x0F, 0xC0, 0x0F, 0xFE, 0x00, 0xFF, 0xE0, 0x0F, 0xFE, 0x00, 0xFF, 0xE0, 0x00, 0x00,
    0x00, 0x00, 0x00, 0x03, 0xFC, 0x00, 0xFF, 0xF0, 0x3F, 0xFF, 0x83, 0xFF, 0xFC, 0x7F, 0x0F, 0xC7,
    0xE0, 0xFE, 0xFC, 0x07, 0xE0, 0x00, 0x7E, 0x00, 0x3F, 0xE0, 0x7F, 0xFE, 0x1F, 0xFF, 0xE7, 0xFF,
    0xFE, 0x7F, 0x07, 0xEF, 0xC0, 0x7E, 0xFC, 0x07, 0xEF, 0xC0, 0xFE, 0xFE, 0x1F, 0xFF, 0xFF, 0xFF,
    0x7F, 0xFB, 0xF3, 0xFF, 0x1F, 0x0F, 0xC0, 0xF0, 0x01, 0xC0, 0xE0, 0x00, 0x78, 0x78, 0x00, 0x1E,
    0x1E, 0x00, 0x03, 0xFF, 0x00, 0x00, 0x7F, 0x80, 0x00, 0x0F, 0xC0, 0x00, 0x00, 0x00, 0x00, 0x00,
    0x00, 0x00, 0x00, 0x7F, 0x80, 0x00, 0x1F, 0xE0, 0x00, 0x07, 0xF8, 0x00, 0x03, 0xFF, 0x00, 0x00,
    0xFF, 0xC0, 0x00, 0x3F, 0xF0, 0x00, 0x1F, 0xFE, 0x00, 0x07, 0xCF, 0x80, 0x03, 0xF3, 0xF0, 0x00,
    0xFC, 0xFC, 0x00, 0x3E, 0x1F, 0x00, 0x1F, 0x87, 0xE0, 0x07, 0xE1, 0xF8, 0x01, 0xF0, 0x3E, 0x00,
    0xFC, 0x0F, 0xC0, 0x3F, 0x03, 0xF0, 0x0F, 0xFF, 0xFC, 0x07, 0xFF, 0xFF, 0x81, 0xFF, 0xFF, 0xE0,
    0x7F, 0xFF, 0xF8, 0x3F, 0xFF, 0xFF, 0x0F, 0xC0, 0x0F, 0xC7, 0xE0, 0x01, 0xF9, 0xF8, 0x00, 0x7E,
    0x7E, 0x00, 0x1F, 0xBF, 0x00, 0x03, 0xFF, 0xC0, 0x00, 0xFC, 0x0E, 0x0F, 0x00, 0xF0, 0xF0, 0x0F,
    0x1F, 0x00, 0x7F, 0xE0, 0x03, 0xFC, 0x00, 0x1F, 0x80, 0x00, 0x00, 0x00, 0x00, 0x00, 0x03, 0xFC,
    0x00, 0xFF, 0xF0, 0x3F, 0xFF, 0x83, 0xFF, 0xFC, 0x7F, 0x0F, 0xC7, 0xE0, 0xFE, 0xFC, 0x07, 0xE0,
    0x00, 0x7E, 0x00, 0x3F, 0xE0, 0x7F, 0xFE, 0x1F, 0xFF, 0xE7, 0xFF, 0xFE, 0x7F, 0x07, 0xEF, 0xC0,
    0x7E, 0xFC, 0x07, 0xEF, 0xC0, 0xFE, 0xFE, 0x1F, 0xFF, 0xFF, 0xFF, 0x7F, 0xFF, 0xF3, 0xFF, 0x1F,
    0x0F, 0xE0, 0xF0, 0x00, 0x7F, 0x00, 0x00, 0x07, 0xF8, 0x00, 0x00, 0x7F, 0x80, 0x00, 0x0F, 0xFC,
    0x00, 0x00, 0xFF, 0xC0, 0x00, 0x0F, 0xFC, 0x00, 0x01, 0xFF, 0xE0, 0x00, 0x1F, 0x7E, 0x00, 0x03,
    0xF3, 0xE0, 0x00, 0x3F, 0x3F, 0x00, 0x03, 0xE1, 0xF0, 0x00, 0x7E, 0x1F, 0x80, 0x07, 0xE1, 0xF8,
    0x00, 0x7C, 0x0F, 0x80, 0x0F, 0xC0, 0xFC, 0x00, 0xFC, 0x0F, 0xC0, 0x0F, 0xFF, 0xFC, 0x01, 0xFF,
    0xFF, 0xE0, 0x1F, 0xFF, 0xFE, 0x01, 0xFF, 0xFF, 0xF0, 0x3F, 0xFF, 0xFF, 0x03, 0xF0, 0x03, 0xF0,
    0x7E, 0x00, 0x3F, 0x87, 0xE0, 0x01, 0xF8, 0x7E, 0x00, 0x1F, 0x8F, 0xC0, 0x00, 0xFC, 0xFC, 0x00,
    0x0F, 0xC0, 0x00, 0x00, 0x7C, 0x00, 0x00, 0x07, 0x80, 0x00, 0x00, 0xF8, 0x00, 0x00, 0x1F, 0x00,
    0x00, 0x01, 0xF0, 0x00, 0x00, 0x1F, 0xE0, 0x00, 0x01, 0xFE, 0x00, 0x00, 0x0F, 0xF0, 0x00, 0x00,
    0x7C, 0x03, 0xFC, 0x00, 0x7F, 0xF8, 0x0F, 0xFF, 0xE0, 0x7F, 0xFF, 0x87, 0xF0, 0xFC, 0x3F, 0x07,
    0xF3, 0xF0, 0x1F, 0x80, 0x00, 0xFC, 0x00, 0x3F, 0xE0, 0x3F, 0xFF, 0x07, 0xFF, 0xF8, 0xFF, 0xFF,
    0xC7, 0xF0, 0x7E, 0x7E, 0x03, 0xF3, 0xF0, 0x1F, 0x9F, 0x81, 0xFC, 0xFE, 0x1F, 0xF7, 0xFF, 0xFF,
    0x9F, 0xFE, 0xFC, 0x7F, 0xE3, 0xE0, 0xFC, 0x0F, 0x00, 0x00, 0xF0, 0x00, 0x0F, 0x80, 0x00, 0x78,
    0x00, 0x07, 0xC0, 0x00, 0x3F, 0xC0, 0x01, 0xFE, 0x00, 0x07, 0xF0, 0x00, 0x1F, 0x00, 0x00, 0x0F,
    0x80, 0x00, 0x07, 0xC0, 0x00, 0x07, 0xC0, 0x00, 0x03, 0xC0, 0x00, 0x03, 0xE0, 0x00, 0x00, 0x00,
    0x00, 0x00, 0x00, 0x00, 0x00, 0xFF, 0x00, 0x03, 0xFF, 0xE0, 0x03, 0xFF, 0xFC, 0x03, 0xFF, 0xFF,
    0x03, 0xFF, 0xFF, 0x83, 0xFC, 0x1F, 0xE1, 0xFC, 0x03, 0xF1, 0xFC, 0x00, 0xFC, 0xFC, 0x00, 0x7E,
    0x7E, 0x00, 0x3F, 0x7E, 0x00, 0x00, 0x3F, 0x00, 0x00, 0x1F, 0x80, 0x00, 0x0F, 0xC0, 0x00, 0x07,
    0xE0, 0x00, 0x03, 0xF0, 0x00, 0x01, 0xF8, 0x00, 0x00, 0xFC, 0x00, 0x00, 0x7F, 0x00, 0x0F, 0xDF,
    0x80, 0x0F, 0xCF, 0xC0, 0x07, 0xE7, 0xF0, 0x07, 0xF1, 0xFC, 0x07, 0xF0, 0x7F, 0xFF, 0xF8, 0x3F,
    0xFF, 0xF8, 0x0F, 0xFF, 0xF8, 0x01, 0xFF, 0xF8, 0x00, 0x7F, 0xF0, 0x00, 0x01, 0x00, 0x00, 0x00,
    0x3E, 0x00, 0x07, 0xE0, 0x00, 0x7C, 0x00, 0x07, 0x80, 0x00, 0xF8, 0x00, 0x00, 0x00, 0x00, 0x00,
    0x00, 0x1F, 0xC0, 0x07, 0xFF, 0x01, 0xFF, 0xFC, 0x3F, 0xFF, 0xE3, 0xF0, 0xFE, 0x7E, 0x03, 0xF7,
    0xE0, 0x3F, 0xFC, 0x03, 0xFF, 0xC0, 0x00, 0xFC, 0x00, 0x0F, 0xC0, 0x00, 0xFC, 0x00, 0x0F, 0xC0,
    0x00, 0xFC, 0x03, 0xF7, 0xE0, 0x3F, 0x7E, 0x03, 0xF3, 0xF0, 0xFE, 0x3F, 0xFF, 0xC1, 0xFF, 0xFC,
    0x0F, 0xFF, 0x00, 0x1F, 0xC0, 0x00, 0x3F, 0x00, 0x00, 0x3F, 0x80, 0x00, 0x3F, 0xE0, 0x00, 0x1E,
    0xF0, 0x00, 0x1E, 0x3C, 0x00, 0x0F, 0x0F, 0x00, 0x00, 0x00, 0x00, 0x00, 0xFF, 0x00, 0x03, 0xFF,
    0xE0, 0x03, 0xFF, 0xFC, 0x03, 0xFF, 0xFF, 0x03, 0xFF, 0xFF, 0x83, 0xFC, 0x1F, 0xE1, 0xFC, 0x03,
    0xF1, 0xFC, 0x00, 0xFC, 0xFC, 0x00, 0x7E, 0x7E, 0x00, 0x3F, 0x7E, 0x00, 0x00, 0x3F, 0x00, 0x00,
    0x1F, 0x80, 0x00, 0x0F, 0xC0, 0x00, 0x07, 0xE0, 0x00, 0x03, 0xF0, 0x00, 0x01, 0xF8, 0x00, 0x00,
    0xFC, 0x00, 0x00, 0x7F, 0x00, 0x0F, 0xDF, 0x80, 0x0F, 0xCF, 0xC0, 0x07, 0xE7, 0xF0, 0x07, 0xF1,
    0xFC, 0x07, 0xF0, 0x7F, 0xFF, 0xF8, 0x3F, 0xFF, 0xF8, 0x0F, 0xFF, 0xF8, 0x01, 0xFF, 0xF8, 0x00,
    0x7F, 0xF0, 0x00, 0x01, 0x00, 0x00, 0x01, 0xF8, 0x00, 0x1F, 0xC0, 0x03, 0xFE, 0x00, 0x3D, 0xE0,
    0x07, 0x8F, 0x00, 0xF0, 0xF0, 0x00, 0x00, 0x00, 0x00, 0x00, 0x01, 0xFC, 0x00, 0x7F, 0xF0, 0x1F,
    0xFF, 0xC3, 0xFF, 0xFE, 0x3F, 0x0F, 0xE7, 0xE0, 0x3F, 0x7E, 0x03, 0xFF, 0xC0, 0x3F, 0xFC, 0x00,
    0x0F, 0xC0, 0x00, 0xFC, 0x00, 0x0F, 0xC0, 0x00, 0xFC, 0x00, 0x0F, 0xC0, 0x3F, 0x7E, 0x03, 0xF7,
    0xE0, 0x3F, 0x3F, 0x0F, 0xE3, 0xFF, 0xFC, 0x1F, 0xFF, 0xC0, 0xFF, 0xF0, 0x01, 0xFC, 0x00, 0x00,
    0x3F, 0x00, 0x00, 0x1F, 0x80, 0x00, 0x0F, 0xC0, 0x00, 0x07, 0xE0, 0x00, 0x00, 0x00, 0x00, 0x00,
    0x00, 0x00, 0x01, 0xFE, 0x00, 0x03, 0xFF, 0xE0, 0x07, 0xFF, 0xF8, 0x07, 0xFF, 0xFE, 0x07, 0xFF,
    0xFF, 0x87, 0xF8, 0x1F, 0xC3, 0xF8, 0x07, 0xF3, 0xF8, 0x01, 0xF9, 0xF8, 0x00, 0xFE, 0xFC, 0x00,
    0x3F, 0xFC, 0x00, 0x00, 0x7E, 0x00, 0x00, 0x3F, 0x00, 0x00, 0x1F, 0x80, 0x00, 0x0F, 0xC0, 0x00,
    0x07, 0xE0, 0x00, 0x03, 0xF0, 0x00, 0x01, 0xF8, 0x00, 0x00, 0xFE, 0x00, 0x1F, 0xBF, 0x00, 0x0F,
    0xDF, 0x80, 0x0F, 0xCF, 0xE0, 0x07, 0xE3, 0xF8, 0x07, 0xF0, 0xFF, 0xFF, 0xF0, 0x7F, 0xFF, 0xF0,
    0x1F, 0xFF, 0xF0, 0x03, 0xFF, 0xF0, 0x00, 0xFF, 0xE0, 0x00, 0x02, 0x00, 0x00, 0x01, 0xF8, 0x00,
    0x1F, 0x80, 0x01, 0xF8, 0x00, 0x1F, 0x80, 0x00, 0x00, 0x00, 0x00, 0x00, 0x01, 0xFC, 0x00, 0xFF,
    0xF0, 0x1F, 0xFF, 0x83, 0xFF, 0xFC, 0x3F, 0x0F, 0xE7, 0xE0, 0x7E, 0x7E, 0x03, 0xFF, 0xC0, 0x3F,
    0xFC, 0x00, 0x0F, 0xC0, 0x00, 0xFC, 0x00, 0x0F, 0xC0, 0x00, 0xFC, 0x00, 0x0F, 0xC0, 0x3F, 0x7E,
    0x03, 0xF7, 0xE0, 0x7E, 0x3F, 0x0F, 0xE3, 0xFF, 0xFC, 0x1F, 0xFF, 0x80, 0xFF, 0xF0, 0x01, 0xFC,
    0x00, 0x01, 0xE1, 0xE0, 0x00, 0xF1, 0xE0, 0x00, 0x3D, 0xE0, 0x00, 0x1F, 0xF0, 0x00, 0x07, 0xF0,
    0x00, 0x01, 0xF8, 0x00, 0x00, 0x00, 0x00, 0x00, 0xFF, 0x00, 0x03, 0xFF, 0xE0, 0x03, 0xFF, 0xFC,
    0x03, 0xFF, 0xFF, 0x03, 0xFF, 0xFF, 0x83, 0xFC, 0x1F, 0xE1, 0xFC, 0x03, 0xF1, 0xFC, 0x00, 0xFC,
    0xFC, 0x00, 0x7E, 0x7E, 0x00, 0x3F, 0x7E, 0x00, 0x00, 0x3F, 0x00, 0x00, 0x1F, 0x80, 0x00, 0x0F,
    0xC0, 0x00, 0x07, 0xE0, 0x00, 0x03, 0xF0, 0x00, 0x01, 0xF8, 0x00, 0x00, 0xFC, 0x00, 0x00, 0x7F,
    0x00, 0x0F, 0xDF, 0x80, 0x0F, 0xCF, 0xC0, 0x07, 0xE7, 0xF0, 0x07, 0xF1, 0xFC, 0x07, 0xF0, 0x7F,
    0xFF, 0xF8, 0x3F, 0xFF, 0xF8, 0x0F, 0xFF, 0xF8, 0x01, 0xFF, 0xF8, 0x00, 0x7F, 0xF0, 0x00, 0x01,
    0x00, 0x00, 0x0F, 0x0F, 0x00, 0x78, 0xF0, 0x03, 0xDE, 0x00, 0x3F, 0xE0, 0x01, 0xFC, 0x00, 0x1F,
    0x80, 0x00, 0x00, 0x00, 0x00, 0x00, 0x01, 0xFC, 0x00, 0x7F, 0xF0, 0x1F, 0xFF, 0xC3, 0xFF, 0xFE,
    0x3F, 0x0F, 0xE7, 0xE0, 0x3F, 0x7E, 0x03, 0xFF, 0xC0, 0x3F, 0xFC, 0x00, 0x0F, 0xC0, 0x00, 0xFC,
    0x00, 0x0F, 0xC0, 0x00, 0xFC, 0x00, 0x0F, 0xC0, 0x3F, 0x7E, 0x03, 0xF7, 0xE0, 0x3F, 0x3F, 0x0F,
    0xE3, 0xFF, 0xFC, 0x1F, 0xFF, 0xC0, 0xFF, 0xF0, 0x01, 0xFC, 0x00, 0x0F, 0x0F, 0x00, 0x1E, 0x3C,
    0x00, 0x1E, 0xF0, 0x00, 0x3F, 0xE0, 0x00, 0x3F, 0x80, 0x00, 0x3F, 0x00, 0x00, 0x00, 0x00, 0x00,
    0x00, 0x00, 0xFF, 0xFC, 0x01, 0xFF, 0xFF, 0x03, 0xFF, 0xFF, 0x07, 0xFF, 0xFF, 0x0F, 0xFF, 0xFF,
    0x1F, 0x80, 0xFF, 0x3F, 0x00, 0x7F, 0x7E, 0x00, 0xFE, 0xFC, 0x00, 0xFD, 0xF8, 0x01, 0xFF, 0xF0,
    0x01, 0xFF, 0xE0, 0x03, 0xFF, 0xC0, 0x07, 0xFF, 0x80, 0x0F, 0xFF, 0x00, 0x1F, 0xFE, 0x00, 0x3F,
    0xFC, 0x00, 0x7F, 0xF8, 0x01, 0xFF, 0xF0, 0x03, 0xF7, 0xE0, 0x0F, 0xEF, 0xC0, 0x1F, 0xDF, 0x80,
    0xFF, 0x3F, 0xFF, 0xFC, 0x7F, 0xFF, 0xF8, 0xFF, 0xFF, 0xC1, 0xFF, 0xFF, 0x03, 0xFF, 0xF0, 0x00,
    0x00, 0x03, 0xF1, 0xF0, 0x00, 0x3F, 0x1E, 0x00, 0x03, 0xF1, 0xE0, 0x00, 0x3F, 0x3E, 0x00, 0x03,
    0xF3, 0xE0, 0x00, 0x3F, 0x3E, 0x07, 0xE3, 0xF3, 0xC0, 0xFF, 0xBF, 0x3C, 0x3F, 0xFF, 0xF3, 0xC3,
    0xFF, 0xFF, 0x3C, 0x7F, 0x0F, 0xF3, 0xC7, 0xE0, 0x7F, 0x00, 0xFE, 0x07, 0xF0, 0x0F, 0xC0, 0x3F,
    0x00, 0xFC, 0x03, 0xF0, 0x0F, 0xC0, 0x3F, 0x00, 0xFC, 0x03, 0xF0, 0x0F, 0xC0, 0x3F, 0x00, 0xFC,
    0x03, 0xF0, 0x0F, 0xC0, 0x3F, 0x00, 0xFE, 0x07, 0xF0, 0x07, 0xE0, 0x7F, 0x00, 0x7F, 0x0F, 0xF0,
    0x03, 0xFF, 0xFF, 0x00, 0x3F, 0xFF, 0xF0, 0x01, 0xFF, 0xBF, 0x00, 0x07, 0xE3, 0xF0, 0x00, 0x1F,
    0xFF, 0x80, 0x07, 0xFF, 0xFC, 0x01, 0xFF, 0xFF, 0x80, 0x7F, 0xFF, 0xF0, 0x1F, 0xFF, 0xFE, 0x07,
    0xE0, 0x3F, 0xC1, 0xF8, 0x03, 0xF8, 0x7E, 0x00, 0xFE, 0x1F, 0x80, 0x1F, 0x87, 0xE0, 0x07, 0xF1,
    0xF8, 0x00, 0xFF, 0xFF, 0xFC, 0x3F, 0xFF, 0xFF, 0x0F, 0xFF, 0xFF, 0xC3, 0xFF, 0xFF, 0xF0, 0xFC,
    0x7E, 0x00, 0x3F, 0x1F, 0x80, 0x0F, 0xC7, 0xE0, 0x07, 0xF1, 0xF8, 0x01, 0xF8, 0x7E, 0x00, 0xFE,
    0x1F, 0x80, 0x3F, 0x87, 0xE0, 0x3F, 0xC1, 0xFF, 0xFF, 0xE0, 0x7F, 0xFF, 0xF8, 0x1F, 0xFF, 0xF8,
    0x07, 0xFF, 0xFC, 0x01, 0xFF, 0xF8, 0x00, 0x00, 0x03, 0xF0, 0x00, 0xFF, 0xFC, 0x01, 0xFF, 0xF8,
    0x03, 0xFF, 0xF0, 0x07, 0xFF, 0xE0, 0x00, 0x7E, 0x01, 0xF8, 0xFC, 0x07, 0xFD, 0xF8, 0x3F, 0xFF,
    0xF0, 0x7F, 0xFF, 0xE1, 0xFC, 0x3F, 0xC3, 0xF0, 0x3F, 0x8F, 0xE0, 0x7F, 0x1F, 0x80, 0x7E, 0x3F,
    0x00, 0xFC, 0x7E, 0x01, 0xF8, 0xFC, 0x03, 0xF1, 0xF8, 0x07, 0xE3, 0xF0, 0x0F, 0xC7, 0xE0, 0x1F,
    0x8F, 0xE0, 0x7F, 0x0F, 0xC0, 0xFE, 0x1F, 0xC3, 0xFC, 0x1F, 0xFF, 0xF8, 0x3F, 0xFF, 0xF0, 0x3F,
    0xF7, 0xE0, 0x1F, 0x8F, 0xC0, 0x0F, 0xFE, 0x01, 0xFF, 0xC0, 0x3F, 0xF8, 0x07, 0xFF, 0x00, 0x00,
    0x00, 0x00, 0x00, 0x00, 0x00, 0x07, 0xFF, 0xFF, 0xFF, 0xFF, 0xFF, 0xFF, 0xFF, 0xFF, 0xFF, 0xFF,
    0xFF, 0xFF, 0xC0, 0x01, 0xF8, 0x00, 0x3F, 0x00, 0x07, 0xE0, 0x00, 0xFC, 0x00, 0x1F, 0x80, 0x03,
    0xFF, 0xFF, 0x7F, 0xFF, 0xEF, 0xFF, 0xFD, 0xFF, 0xFF, 0xBF, 0xFF, 0xF7, 0xE0, 0x00, 0xFC, 0x00,
    0x1F, 0x80, 0x03, 0xF0, 0x00, 0x7E, 0x00, 0x0F, 0xC0, 0x01, 0xFF, 0xFF, 0xFF, 0xFF, 0xFF, 0xFF,
    0xFF, 0xFF, 0xFF, 0xFF, 0xFF, 0xFC, 0x07, 0xFF, 0x00, 0x7F, 0xF0, 0x07, 0xFF, 0x00, 0x7F, 0xF0,
    0x00, 0x00, 0x00, 0x00, 0x00, 0x01, 0xF8, 0x00, 0xFF, 0xF0, 0x1F, 0xFF, 0x83, 0xFF, 0xFC, 0x3F,
    0x0F, 0xC7, 0xE0, 0x7E, 0x7C, 0x03, 0xEF, 0xC0, 0x3F, 0xFF, 0xFF, 0xFF, 0xFF, 0xFF, 0xFF, 0xFF,
    0xFF, 0xFF, 0xFF, 0xFC, 0x00, 0x0F, 0xC0, 0x00, 0x7C, 0x00, 0x07, 0xE0, 0x7E, 0x3F, 0x0F, 0xE3,
    0xFF, 0xFC, 0x1F, 0xFF, 0x80, 0xFF, 0xF0, 0x01, 0xFC, 0x00, 0x70, 0x0E, 0xF0, 0x1D, 0xE0, 0x79,
    0xFF, 0xE3, 0xFF, 0xC3, 0xFF, 0x01, 0xF8, 0x00, 0x00, 0x00, 0x01, 0xFF, 0xFF, 0xFF, 0xFF, 0xFF,
    0xFF, 0xFF, 0xFF, 0x80, 0x3F, 0x00, 0x7E, 0x00, 0xFC, 0x01, 0xF8, 0x03, 0xF0, 0x07, 0xE0, 0x0F,
    0xFF, 0xDF, 0xFF, 0xBF, 0xFF, 0x7F, 0xFE, 0xFC, 0x01, 0xF8, 0x03, 0xF0, 0x07, 0xE0, 0x0F, 0xC0,
    0x1F, 0x80, 0x3F, 0x00, 0x7E, 0x00, 0xFF, 0xFF, 0xFF, 0xFF, 0xFF, 0xFF, 0xFF, 0xF0, 0x1C, 0x07,
    0x83, 0xC1, 0xF0, 0x7F, 0xFC, 0x07, 0xFF, 0x80, 0x7F, 0xE0, 0x03, 0xF0, 0x00, 0x00, 0x00, 0x00,
    0x00, 0x03, 0xF8, 0x01, 0xFF, 0xC0, 0x7F, 0xFE, 0x1F, 0xFF, 0xC7, 0xF1, 0xFC, 0xFC, 0x1F, 0x9F,
    0x01, 0xFF, 0xE0, 0x3F, 0xFF, 0xFF, 0xFF, 0xFF, 0xFF, 0xFF, 0xFF, 0xFF, 0xFF, 0xFF, 0xC0, 0x01,
    0xF8, 0x00, 0x3F, 0x00, 0x03, 0xF0, 0x00, 0x7F, 0x81, 0xC7, 0xFF, 0xF8, 0x7F, 0xFF, 0x07, 0xFF,
    0xE0, 0x1F, 0xE0, 0x03, 0xF0, 0x00, 0x7E, 0x00, 0x0F, 0xC0, 0x01, 0xF8, 0x00, 0x00, 0x00, 0x00,
    0x00, 0x00, 0x00, 0x07, 0xFF, 0xFF, 0xFF, 0xFF, 0xFF, 0xFF, 0xFF, 0xFF, 0xFF, 0xFF, 0xFF, 0xFF,
    0xC0, 0x01, 0xF8, 0x00, 0x3F, 0x00, 0x07, 0xE0, 0x00, 0xFC, 0x00, 0x1F, 0x80, 0x03, 0xFF, 0xFF,
    0x7F, 0xFF, 0xEF, 0xFF, 0xFD, 0xFF, 0xFF, 0xBF, 0xFF, 0xF7, 0xE0, 0x00, 0xFC, 0x00, 0x1F, 0x80,
    0x03, 0xF0, 0x00, 0x7E, 0x00, 0x0F, 0xC0, 0x01, 0xFF, 0xFF, 0xFF, 0xFF, 0xFF, 0xFF, 0xFF, 0xFF,
    0xFF, 0xFF, 0xFF, 0xFC, 0x01, 0xF8, 0x00, 0x1F, 0x80, 0x01, 0xF8, 0x00, 0x1F, 0x80, 0x00, 0x00,
    0x00, 0x00, 0x00, 0x01, 0xF8, 0x00, 0xFF, 0xF0, 0x1F, 0xFF, 0x83, 0xFF, 0xFC, 0x3F, 0x0F, 0xC7,
    0xE0, 0x7E, 0x7C, 0x03, 0xEF, 0xC0, 0x3F, 0xFF, 0xFF, 0xFF, 0xFF, 0xFF, 0xFF, 0xFF, 0xFF, 0xFF,
    0xFF, 0xFC, 0x00, 0x0F, 0xC0, 0x00, 0x7C, 0x00, 0x07, 0xE0, 0x7E, 0x7F, 0x0F, 0xE3, 0xFF, 0xFC,
    0x1F, 0xFF, 0x80, 0xFF, 0xF0, 0x01, 0xFC, 0x00, 0xFF, 0xFF, 0xEF, 0xFF, 0xFE, 0xFF, 0xFF, 0xEF,
    0xFF, 0xFE, 0xFF, 0xFF, 0xEF, 0xC0, 0x00, 0xFC, 0x00, 0x0F, 0xC0, 0x00, 0xFC, 0x00, 0x0F, 0xC0,
    0x00, 0xFC, 0x00, 0x0F, 0xFF, 0xFC, 0xFF, 0xFF, 0xCF, 0xFF, 0xFC, 0xFF, 0xFF, 0xCF, 0xFF, 0xFC,
    0xFC, 0x00, 0x0F, 0xC0, 0x00, 0xFC, 0x00, 0x0F, 0xC0, 0x00, 0xFC, 0x00, 0x0F, 0xC0, 0x00, 0xFF,
    0xFF, 0xEF, 0xFF, 0xFE, 0xFF, 0xFF, 0xEF, 0xFF, 0xFE, 0xFF, 0xFF, 0xE0, 0x00, 0x3E, 0x00, 0x03,
    0xC0, 0x00, 0x7C, 0x00, 0x0F, 0x80, 0x00, 0xF8, 0x00, 0x0F, 0xF0, 0x00, 0xFF, 0x00, 0x07, 0xF0,
    0x00, 0x3E, 0x01, 0xF8, 0x00, 0xFF, 0xF0, 0x1F, 0xFF, 0x83, 0xFF, 0xFC, 0x3F, 0x0F, 0xC7, 0xE0,
    0x7E, 0x7C, 0x03, 0xEF, 0xC0, 0x3F, 0xFF, 0xFF, 0xFF, 0xFF, 0xFF, 0xFF, 0xFF, 0xFF, 0xFF, 0xFF,
    0xFC, 0x00, 0x0F, 0xC0, 0x00, 0x7C, 0x00, 0x07, 0xE0, 0x3E, 0x7F, 0x0F, 0xE3, 0xFF, 0xFC, 0x1F,
    0xFF, 0xC0, 0xFF, 0xF8, 0x01, 0xFF, 0x00, 0x01, 0xE0, 0x00, 0x3E, 0x00, 0x07, 0xC0, 0x00, 0x7C,
    0x00, 0x07, 0xF0, 0x00, 0x7F, 0x80, 0x03, 0xF8, 0x00, 0x1F, 0x00, 0x1F, 0x1E, 0x01, 0xE3, 0xC0,
    0x1E, 0xF0, 0x03, 0xFE, 0x00, 0x3F, 0x80, 0x03, 0xE0, 0x00, 0x00, 0x00, 0x00, 0x00, 0xFF, 0xFF,
    0xFF, 0xFF, 0xFF, 0xFF, 0xFF, 0xFF, 0xFF, 0xFF, 0xFF, 0xFF, 0xF8, 0x00, 0x3F, 0x00, 0x07, 0xE0,
    0x00, 0xFC, 0x00, 0x1F, 0x80, 0x03, 0xF0, 0x00, 0x7F, 0xFF, 0xEF, 0xFF, 0xFD, 0xFF, 0xFF, 0xBF,
    0xFF, 0xF7, 0xFF, 0xFE, 0xFC, 0x00, 0x1F, 0x80, 0x03, 0xF0, 0x00, 0x7E, 0x00, 0x0F, 0xC0, 0x01,
    0xF8, 0x00, 0x3F, 0xFF, 0xFF, 0xFF, 0xFF, 0xFF, 0xFF, 0xFF, 0xFF, 0xFF, 0xFF, 0xFF, 0x80, 0x0F,
    0x0F, 0x00, 0x78, 0xF0, 0x07, 0xDE, 0x00, 0x3F, 0xC0, 0x01, 0xFC, 0x00, 0x1F, 0x80, 0x00, 0x00,
    0x00, 0x00, 0x00, 0x01, 0xF8, 0x00, 0xFF, 0xF0, 0x1F, 0xFF, 0x83, 0xFF, 0xFC, 0x3F, 0x0F, 0xC7,
    0xE0, 0x7E, 0x7C, 0x03, 0xEF, 0xC0, 0x3F, 0xFF, 0xFF, 0xFF, 0xFF, 0xFF, 0xFF, 0xFF, 0xFF, 0xFF,
    0xFF, 0xFC, 0x00, 0x0F, 0xC0, 0x00, 0x7C, 0x00, 0x07, 0xE0, 0x7E, 0x7F, 0x0F, 0xE3, 0xFF, 0xFC,
    0x1F, 0xFF, 0x80, 0xFF, 0xF0, 0x01, 0xFC, 0x00, 0x00, 0x3E, 0x00, 0x00, 0x7F, 0x00, 0x00, 0xFF,
    0x00, 0x00, 0xF7, 0x80, 0x01, 0xE3, 0xC0, 0x01, 0xE3, 0xC0, 0x00, 0x00, 0x00, 0x00, 0x7F, 0x00,
    0x03, 0xFF, 0xE0, 0x07, 0xFF, 0xF0, 0x0F, 0xFF, 0xF8, 0x1F, 0xFF, 0xFC, 0x3F, 0xC1, 0xFC, 0x3F,
    0x80, 0xFE, 0x7F, 0x00, 0x7E, 0x7E, 0x00, 0x7F, 0x7E, 0x00, 0x3F, 0xFC, 0x00, 0x00, 0xFC, 0x00,
    0x00, 0xFC, 0x00, 0x00, 0xFC, 0x00, 0x00, 0xFC, 0x0F, 0xFF, 0xFC, 0x0F, 0xFF, 0xFC, 0x0F, 0xFF,
    0xFC, 0x0F, 0xFF, 0xFE, 0x00, 0x3F, 0x7E, 0x00, 0x3F, 0x7E, 0x00, 0x7F, 0x7F, 0x00, 0x7F, 0x3F,
    0x80, 0xFF, 0x3F, 0xFF, 0xFF, 0x1F, 0xFF, 0xFF, 0x0F, 0xFF, 0xEF, 0x07, 0xFF, 0xCF, 0x01, 0xFF,
    0x0F, 0x00, 0x10, 0x00, 0x01, 0xF8, 0x00, 0x1F, 0xC0, 0x03, 0xFC, 0x00, 0x3D, 0xE0, 0x07, 0x9E,
    0x00, 0xF0, 0xF0, 0x00, 0x00, 0x00, 0x00, 0x00, 0x07, 0xE3, 0xF0, 0xFF, 0xBF, 0x1F, 0xFB, 0xF3,
    0xFF, 0xFF, 0x7F, 0x0F, 0xF7, 0xE0, 0x7F, 0xFE, 0x07, 0xFF, 0xC0, 0x3F, 0xFC, 0x03, 0xFF, 0xC0,
    0x3F, 0xFC, 0x03, 0xFF, 0xC0, 0x3F, 0xFC, 0x03, 0xFF, 0xE0, 0x7F, 0x7E, 0x07, 0xF7, 0xF0, 0xFF,
    0x3F, 0xFF, 0xF1, 0xFF, 0xFF, 0x0F, 0xFB, 0xF0, 0x7E, 0x3F, 0x00, 0x03, 0xF7, 0xE0, 0x7F, 0x7F,
    0x0F, 0xE3, 0xFF, 0xFE, 0x3F, 0xFF, 0xC0, 0xFF, 0xF0, 0x03, 0xFC, 0x00, 0x01, 0xC0, 0xE0, 0x01,
    0xE1, 0xE0, 0x00, 0xFF, 0xC0, 0x00, 0xFF, 0xC0, 0x00, 0x3F, 0x00, 0x00, 0x00, 0x00, 0x00, 0x00,
    0x00, 0x00, 0x7F, 0x00, 0x03, 0xFF, 0xE0, 0x07, 0xFF, 0xF0, 0x0F, 0xFF, 0xF8, 0x1F, 0xFF, 0xFC,
    0x3F, 0xC0, 0xFC, 0x3F, 0x80, 0x7E, 0x7F, 0x00, 0x3E, 0x7E, 0x00, 0x3F, 0x7E, 0x00, 0x1F, 0xFC,
    0x00, 0x00, 0xFC, 0x00, 0x00, 0xFC, 0x00, 0x00, 0xFC, 0x00, 0x00, 0xFC, 0x07, 0xFF, 0xFC, 0x07,
    0xFF, 0xFC, 0x07, 0xFF, 0xFC, 0x07, 0xFF, 0xFE, 0x00, 0x1F, 0x7E, 0x00, 0x1F, 0x7E, 0x00, 0x3F,
    0x7F, 0x00, 0x3F, 0x3F, 0x80, 0x7F, 0x3F, 0xFF, 0xFF, 0x1F, 0xFF, 0xFF, 0x0F, 0xFF, 0xEF, 0x07,
    0xFF, 0xCF, 0x01, 0xFF, 0x0F, 0x00, 0x10, 0x00, 0x0F, 0x07, 0x00, 0xF0, 0xF0, 0x0F, 0x8F, 0x00,
    0x7F, 0xE0, 0x03, 0xFC, 0x00, 0x1F, 0x80, 0x00, 0x00, 0x00, 0x00, 0x00, 0x07, 0xE3, 0xF0, 0xFF,
    0xBF, 0x1F, 0xFB, 0xF3, 0xFF, 0xFF, 0x7F, 0x0F, 0xF7, 0xE0, 0x7F, 0xFE, 0x07, 0xFF, 0xC0, 0x3F,
    0xFC, 0x03, 0xFF, 0xC0, 0x3F, 0xFC, 0x03, 0xFF, 0xC0, 0x3F, 0xFC, 0x03, 0xFF, 0xE0, 0x7F, 0x7E,
    0x07, 0xF7, 0xF0, 0xFF, 0x3F, 0xFF, 0xF1, 0xFF, 0xFF, 0x0F, 0xFB, 0xF0, 0x7E, 0x3F, 0x00, 0x03,
    0xF7, 0xC0, 0x7F, 0x7E, 0x0F, 0xE3, 0xFF, 0xFE, 0x3F, 0xFF, 0xC0, 0xFF, 0xF0, 0x03, 0xFC, 0x00,
    0x00, 0x3F, 0x00, 0x00, 0x3F, 0x00, 0x00, 0x3F, 0x00, 0x00, 0x3F, 0x00, 0x00, 0x00, 0x00, 0x00,
    0x00, 0x00, 0x00, 0x7F, 0x00, 0x03, 0xFF, 0xE0, 0x07, 0xFF, 0xF0, 0x0F, 0xFF, 0xF8, 0x1F, 0xFF,
    0xFC, 0x3F, 0xC1, 0xFC, 0x3F, 0x80, 0x7E, 0x7F, 0x00, 0x7E, 0x7E, 0x00, 0x3F, 0x7E, 0x00, 0x3F,
    0xFC, 0x00, 0x00, 0xFC, 0x00, 0x00, 0xFC, 0x00, 0x00, 0xFC, 0x00, 0x00, 0xFC, 0x07, 0xFF, 0xFC,
    0x07, 0xFF, 0xFC, 0x07, 0xFF, 0xFC, 0x07, 0xFF, 0xFE, 0x00, 0x3F, 0x7E, 0x00, 0x3F, 0x7E, 0x00,
    0x3F, 0x7F, 0x00, 0x7F, 0x3F, 0x80, 0xFF, 0x3F, 0xFF, 0xFF, 0x1F, 0xFF, 0xFF, 0x0F, 0xFF, 0xEF,
    0x07, 0xFF, 0xCF, 0x01, 0xFF, 0x0F, 0x00, 0x10, 0x00, 0x01, 0xF8, 0x00, 0x1F, 0x80, 0x01, 0xF8,
    0x00, 0x1F, 0x80, 0x00, 0x00, 0x00, 0x00, 0x00, 0x07, 0xE3, 0xF0, 0xFF, 0xBF, 0x1F, 0xFB, 0xF3,
    0xFF, 0xFF, 0x7F, 0x0F, 0xF7, 0xE0, 0x7F, 0xFE, 0x07, 0xFF, 0xC0, 0x3F, 0xFC, 0x03, 0xFF, 0xC0,
    0x3F, 0xFC, 0x03, 0xFF, 0xC0, 0x3F, 0xFC, 0x03, 0xFF, 0xE0, 0x7F, 0x7E, 0x07, 0xF7, 0xF0, 0xFF,
    0x3F, 0xFF, 0xF1, 0xFF, 0xFF, 0x0F, 0xFB, 0xF0, 0x7E, 0x3F, 0x00, 0x03, 0xF7, 0xE0, 0x7F, 0x7F,
    0x0F, 0xE3, 0xFF, 0xFE, 0x3F, 0xFF, 0xC0, 0xFF, 0xF0, 0x03, 0xFC, 0x00, 0x00, 0x7F, 0x00, 0x03,
    0xFF, 0xE0, 0x07, 0xFF, 0xF0, 0x0F, 0xFF, 0xF8, 0x1F, 0xFF, 0xFC, 0x3F, 0xC1, 0xFC, 0x3F, 0x80,
    0xFE, 0x7F, 0x00, 0x7E, 0x7E, 0x00, 0x7F, 0x7E, 0x00, 0x3F, 0xFC, 0x00, 0x00, 0xFC, 0x00, 0x00,
    0xFC, 0x00, 0x00, 0xFC, 0x00, 0x00, 0xFC, 0x0F, 0xFF, 0xFC, 0x0F, 0xFF, 0xFC, 0x0F, 0xFF, 0xFC,
    0x0F, 0xFF, 0xFE, 0x00, 0x3F, 0x7E, 0x00, 0x3F, 0x7E, 0x00, 0x3F, 0x7F, 0x00, 0x7F, 0x3F, 0x80,
    0xFF, 0x3F, 0xFF, 0xFF, 0x1F, 0xFF, 0xFF, 0x0F, 0xFF, 0xEF, 0x07, 0xFF, 0xCF, 0x01, 0xFF, 0x0F,
    0x00, 0x10, 0x00, 0x00, 0x00, 0x00, 0x00, 0x3E, 0x00, 0x00, 0x3E, 0x00, 0x00, 0x3E, 0x00, 0x00,
    0x3E, 0x00, 0x00, 0x1C, 0x00, 0x00, 0x1C, 0x00, 0x00, 0x38, 0x00, 0x00, 0x78, 0x00, 0x00, 0x38,
    0x00, 0x03, 0x80, 0x00, 0x70, 0x00, 0x07, 0x00, 0x00, 0xF8, 0x00, 0x0F, 0x80, 0x00, 0xF8, 0x00,
    0x0F, 0x80, 0x00, 0x00, 0x00, 0x00, 0x00, 0x07, 0xE3, 0xF0, 0xFF, 0xBF, 0x1F, 0xFB, 0xF3, 0xFF,
    0xFF, 0x7F, 0x0F, 0xF7, 0xE0, 0x7F, 0xFE, 0x07, 0xFF, 0xC0, 0x3F, 0xFC, 0x03, 0xFF, 0xC0, 0x3F,
    0xFC, 0x03, 0xFF, 0xC0, 0x3F, 0xFC, 0x03, 0xFF, 0xE0, 0x7F, 0x7E, 0x07, 0xF7, 0xF0, 0xFF, 0x3F,
    0xFF, 0xF1, 0xFF, 0xFF, 0x0F, 0xFB, 0xF0, 0x7E, 0x3F, 0x00, 0x03, 0xF7, 0xE0, 0x7F, 0x7F, 0x0F,
    0xE3, 0xFF, 0xFE, 0x3F, 0xFF, 0xC0, 0xFF, 0xF0, 0x03, 0xFC, 0x00, 0x00, 0xFC, 0x00, 0x07, 0xF8,
    0x00, 0x1F, 0xE0, 0x00, 0xF3, 0xC0, 0x03, 0xCF, 0x00, 0x1E, 0x1E, 0x00, 0x00, 0x00, 0x00, 0x00,
    0x00, 0xFC, 0x00, 0xFF, 0xF0, 0x03, 0xFF, 0xC0, 0x0F, 0xFF, 0x00, 0x3F, 0xFC, 0x00, 0xFF, 0xF0,
    0x03, 0xFF, 0xC0, 0x0F, 0xFF, 0x00, 0x3F, 0xFC, 0x00, 0xFF, 0xF0, 0x03, 0xFF, 0xC0, 0x0F, 0xFF,
    0xFF, 0xFF, 0xFF, 0xFF, 0xFF, 0xFF, 0xFF, 0xFF, 0xFF, 0xFF, 0xFF, 0xFF, 0xFF, 0xFC, 0x00, 0xFF,
    0xF0, 0x03, 0xFF, 0xC0, 0x0F, 0xFF, 0x00, 0x3F, 0xFC, 0x00, 0xFF, 0xF0, 0x03, 0xFF, 0xC0, 0x0F,
    0xFF, 0x00, 0x3F, 0xFC, 0x00, 0xFF, 0xF0, 0x03, 0xFF, 0xC0, 0x0F, 0xC0, 0x1F, 0x80, 0x01, 0xFE,
    0x00, 0x0F, 0xF0, 0x00, 0xF3, 0xC0, 0x0F, 0x9E, 0x00, 0x78, 0x78, 0x00, 0x00, 0x00, 0x03, 0xF0,
    0x00, 0x1F, 0x80, 0x00, 0xFC, 0x00, 0x07, 0xE0, 0x00, 0x3F, 0x00, 0x01, 0xF8, 0x00, 0x0F, 0xC7,
    0xC0, 0x7E, 0xFF, 0x83, 0xFF, 0xFE, 0x1F, 0xFF, 0xF0, 0xFF, 0x1F, 0xC7, 0xF0, 0x7E, 0x3F, 0x03,
    0xF1, 0xF8, 0x1F, 0x8F, 0xC0, 0xFC, 0x7E, 0x07, 0xE3, 0xF0, 0x3F, 0x1F, 0x81, 0xF8, 0xFC, 0x0F,
    0xC7, 0xE0, 0x7E, 0x3F, 0x03, 0xF1, 0xF8, 0x1F, 0x8F, 0xC0, 0xFC, 0x7E, 0x07, 0xE3, 0xF0, 0x3F,
    0x1F, 0x81, 0xF8, 0xFC, 0x0F, 0xC0, 0x1F, 0x80, 0x1F, 0x83, 0xF0, 0x03, 0xF0, 0x7E, 0x00, 0x7E,
    0x7F, 0xFF, 0xFF, 0xFF, 0xFF, 0xFF, 0xFF, 0xFF, 0xFF, 0xFF, 0xFF, 0xFF, 0xFF, 0xF8, 0xFC, 0x00,
    0xFC, 0x1F, 0x80, 0x1F, 0x83, 0xF0, 0x03, 0xF0, 0x7E, 0x00, 0x7E, 0x0F, 0xFF, 0xFF, 0xC1, 0xFF,
    0xFF, 0xF8, 0x3F, 0xFF, 0xFF, 0x07, 0xFF, 0xFF, 0xE0, 0xFF, 0xFF, 0xFC, 0x1F, 0x80, 0x1F, 0x83,
    0xF0, 0x03, 0xF0, 0x7E, 0x00, 0x7E, 0x0F, 0xC0, 0x0F, 0xC1, 0xF8, 0x01, 0xF8, 0x3F, 0x00, 0x3F,
    0x07, 0xE0, 0x07, 0xE0, 0xFC, 0x00, 0xFC, 0x1F, 0x80, 0x1F, 0x83, 0xF0, 0x03, 0xF0, 0x7E, 0x00,
    0x7E, 0x00, 0x1F, 0x80, 0x07, 0xFF, 0xC0, 0x3F, 0xFE, 0x01, 0xFF, 0xF0, 0x0F, 0xFF, 0x80, 0x0F,
    0xC0, 0x00, 0x7E, 0x3E, 0x03, 0xF7, 0xFC, 0x1F, 0xFF, 0xF0, 0xFF, 0xFF, 0x87, 0xF8, 0xFE, 0x3F,
    0x83, 0xF1, 0xF8, 0x1F, 0x8F, 0xC0, 0xFC, 0x7E, 0x07, 0xE3, 0xF0, 0x3F, 0x1F, 0x81, 0xF8, 0xFC,
    0x0F, 0xC7, 0xE0, 0x7E, 0x3F, 0x03, 0xF1, 0xF8, 0x1F, 0x8F, 0xC0, 0xFC, 0x7E, 0x07, 0xE3, 0xF0,
    0x3F, 0x1F, 0x81, 0xF8, 0xFC, 0x0F, 0xC7, 0xE0, 0x7E, 0x3C, 0x3B, 0xF9, 0xDF, 0xFF, 0xFF, 0xEE,
    0x3F, 0x70, 0xF0, 0x00, 0x00, 0x00, 0x1F, 0x80, 0xFC, 0x07, 0xE0, 0x3F, 0x01, 0xF8, 0x0F, 0xC0,
    0x7E, 0x03, 0xF0, 0x1F, 0x80, 0xFC, 0x07, 0xE0, 0x3F, 0x01, 0xF8, 0x0F, 0xC0, 0x7E, 0x03, 0xF0,
    0x1F, 0x80, 0xFC, 0x07, 0xE0, 0x3F, 0x01, 0xF8, 0x0F, 0xC0, 0x7E, 0x03, 0xF0, 0x1F, 0x80, 0xFC,
    0x07, 0xE0, 0x3C, 0x3B, 0xF9, 0xDF, 0xFF, 0xFF, 0xEE, 0x3F, 0x70, 0xF0, 0x00, 0x00, 0x00, 0x1F,
    0x80, 0xFC, 0x07, 0xE0, 0x3F, 0x01, 0xF8, 0x0F, 0xC0, 0x7E, 0x03, 0xF0, 0x1F, 0x80, 0xFC, 0x07,
    0xE0, 0x3F, 0x01, 0xF8, 0x0F, 0xC0, 0x7E, 0x03, 0xF0, 0x1F, 0x80, 0xFC, 0x07, 0xE0, 0x3F, 0x01,
    0xF8, 0x00, 0xFF, 0xFF, 0xFF, 0xFF, 0xFF, 0xF0, 0x00, 0x00, 0x00, 0x00, 0xFC, 0x1F, 0x83, 0xF0,
    0x7E, 0x0F, 0xC1, 0xF8, 0x3F, 0x07, 0xE0, 0xFC, 0x1F, 0x83, 0xF0, 0x7E, 0x0F, 0xC1, 0xF8, 0x3F,
    0x07, 0xE0, 0xFC, 0x1F, 0x83, 0xF0, 0x7E, 0x0F, 0xC1, 0xF8, 0x3F, 0x07, 0xE0, 0xFC, 0x1F, 0x83,
    0xF0, 0xFF, 0xFF, 0xFF, 0xFF, 0xFF, 0xF0, 0x00, 0x00, 0x07, 0xE0, 0xFC, 0x1F, 0x83, 0xF0, 0x7E,
    0x0F, 0xC1, 0xF8, 0x3F, 0x07, 0xE0, 0xFC, 0x1F, 0x83, 0xF0, 0x7E, 0x0F, 0xC1, 0xF8, 0x3F, 0x07,
    0xE0, 0xFC, 0x1F, 0x83, 0xF0, 0x7E, 0x00, 0xE0, 0x1F, 0x80, 0x7F, 0x03, 0xDF, 0xFE, 0x7F, 0xF8,
    0xFF, 0xC0, 0xFC, 0x00, 0x00, 0x00, 0x01, 0xFF, 0xE7, 0xFF, 0x9F, 0xFE, 0x7F, 0xF8, 0x7F, 0x80,
    0xFC, 0x03, 0xF0, 0x0F, 0xC0, 0x3F, 0x00, 0xFC, 0x03, 0xF0, 0x0F, 0xC0, 0x3F, 0x00, 0xFC, 0x03,
    0xF0, 0x0F, 0xC0, 0x3F, 0x00, 0xFC, 0x03, 0xF0, 0x0F, 0xC0, 0x3F, 0x00, 0xFC, 0x07, 0xF8, 0x7F,
    0xF9, 0xFF, 0xE7, 0xFF, 0x9F, 0xFE, 0xE0, 0x1F, 0xC0, 0xFF, 0xFF, 0x9F, 0xFE, 0x3F, 0xF0, 0x3F,
    0x00, 0x00, 0x00, 0x00, 0x0F, 0xC0, 0x3F, 0x00, 0xFC, 0x03, 0xF0, 0x0F, 0xC0, 0x3F, 0x00, 0xFC,
    0x03, 0xF0, 0x0F, 0xC0, 0x3F, 0x00, 0xFC, 0x03, 0xF0, 0x0F, 0xC0, 0x3F, 0x00, 0xFC, 0x03, 0xF0,
    0x0F, 0xC0, 0x3F, 0x00, 0xFC, 0x03, 0xF0, 0x0F, 0xC0, 0x7E, 0x7E, 0x7E, 0x7E, 0x7E, 0x7E, 0x7E,
    0x7E, 0x7E, 0x7E, 0x7E, 0x7E, 0x7E, 0x7E, 0x7E, 0x7E, 0x7E, 0x7E, 0x7E, 0x7E, 0x7E, 0x7E, 0x7E,
    0x7E, 0x7E, 0x7E, 0x7E, 0x3E, 0x3C, 0x7C, 0xF8, 0xF8, 0xFF, 0xFF, 0x7F, 0x3E, 0x7E, 0x7E, 0x7E,
    0x7E, 0x00, 0x00, 0x7E, 0x7E, 0x7E, 0x7E, 0x7E, 0x7E, 0x7E, 0x7E, 0x7E, 0x7E, 0x7E, 0x7E, 0x7E,
    0x7E, 0x7E, 0x7E, 0x7E, 0x7E, 0x7E, 0x7E, 0x7E, 0x3E, 0x3C, 0x7C, 0xF8, 0xF8, 0xFF, 0xFF, 0x7F,
    0x3E, 0xFF, 0xFF, 0xFF, 0x00, 0x00, 0x3F, 0xFF, 0xFF, 0xFF, 0xFF, 0xFF, 0xFF, 0xFF, 0xFF, 0xFF,
    0xFF, 0xFF, 0xFF, 0xFF, 0xFF, 0xFF, 0xFF, 0xFF, 0xFF, 0xFF, 0xF0, 0xFF, 0xFF, 0xFF, 0xFF, 0xFF,
    0xFF, 0xFF, 0xFF, 0xFF, 0xFF, 0xFF, 0xFF, 0xFF, 0xFF, 0xFF, 0xFC, 0xFC, 0x00, 0x01, 0xFF, 0xE0,
    0x00, 0x0F, 0xFF, 0x00, 0x00, 0x7F, 0xF8, 0x00, 0x03, 0xFF, 0xC0, 0x00, 0x1F, 0xFE, 0x00, 0x00,
    0xFF, 0xF0, 0x00, 0x07, 0xFF, 0x80, 0x00, 0x3F, 0xFC, 0x00, 0x01, 0xFF, 0xE0, 0x00, 0x0F, 0xFF,
    0x00, 0x00, 0x7F, 0xF8, 0x00, 0x03, 0xFF, 0xC0, 0x00, 0x1F, 0xFE, 0x00, 0x00, 0xFF, 0xF0, 0x00,
    0x07, 0xFF, 0x80, 0x00, 0x3F, 0xFC, 0x00, 0x01, 0xFF, 0xE1, 0xF8, 0x0F, 0xFF, 0x0F, 0xC0, 0x7F,
    0xF8, 0x7E, 0x03, 0xFF, 0xC3, 0xF8, 0x3F, 0xFE, 0x0F, 0xC1, 0xFB, 0xF0, 0x7F, 0xFF, 0xDF, 0x81,
    0xFF, 0xFC, 0xFC, 0x0F, 0xFF, 0xE7, 0xE0, 0x3F, 0xFE, 0x3F, 0x00, 0x7F, 0xC0, 0x00, 0x00, 0x20,
    0x00, 0xFC, 0x1F, 0xFE, 0x0F, 0xFF, 0x07, 0xFF, 0x83, 0xF0, 0x00, 0x00, 0x00, 0x03, 0xF0, 0x7F,
    0xF8, 0x3F, 0xFC, 0x1F, 0xFE, 0x0F, 0xFF, 0x07, 0xFF, 0x83, 0xFF, 0xC1, 0xFF, 0xE0, 0xFF, 0xF0,
    0x7F, 0xF8, 0x3F, 0xFC, 0x1F, 0xFE, 0x0F, 0xFF, 0x07, 0xFF, 0x83, 0xFF, 0xC1, 0xFF, 0xE0, 0xFF,
    0xF0, 0x7F, 0xF8, 0x3F, 0xFC, 0x1F, 0xFE, 0x0F, 0xFF, 0x07, 0xE0, 0x03, 0xF0, 0x01, 0xF8, 0x0F,
    0xFC, 0x07, 0xFC, 0x03, 0xFC, 0x01, 0xFC, 0x00, 0x00, 0x03, 0xF0, 0x00, 0x0F, 0xF0, 0x00, 0x1F,
    0xE0, 0x00, 0x79, 0xE0, 0x01, 0xF3, 0xE0, 0x03, 0xC3, 0xC0, 0x00, 0x00, 0x00, 0x00, 0x00, 0x00,
    0x03, 0xF0, 0x00, 0x07, 0xE0, 0x00, 0x0F, 0xC0, 0x00, 0x1F, 0x80, 0x00, 0x3F, 0x00, 0x00, 0x7E,
    0x00, 0x00, 0xFC, 0x00, 0x01, 0xF8, 0x00, 0x03, 0xF0, 0x00, 0x07, 0xE0, 0x00, 0x0F, 0xC0, 0x00,
    0x1F, 0x80, 0x00, 0x3F, 0x00, 0x00, 0x7E, 0x00, 0x00, 0xFC, 0x00, 0x01, 0xF8, 0x00, 0x03, 0xF1,
    0xF8, 0x07, 0xE3, 0xF0, 0x0F, 0xC7, 0xE0, 0x1F, 0x8F, 0xE0, 0x7F, 0x0F, 0xC0, 0xFC, 0x1F, 0xFF,
    0xF8, 0x1F, 0xFF, 0xE0, 0x1F, 0xFF, 0x80, 0x1F, 0xFE, 0x00, 0x1F, 0xF8, 0x00, 0x02, 0x00, 0x00,
    0x07, 0xE0, 0x1F, 0xE0, 0x3F, 0xC0, 0xF3, 0xC3, 0xC3, 0xC7, 0x87, 0x80, 0x00, 0x03, 0xF0, 0x07,
    0xE0, 0x0F, 0xC0, 0x1F, 0x80, 0x3F, 0x00, 0x7E, 0x00, 0xFC, 0x01, 0xF8, 0x03, 0xF0, 0x07, 0xE0,
    0x0F, 0xC0, 0x1F, 0x80, 0x3F, 0x00, 0x7E, 0x00, 0xFC, 0x01, 0xF8, 0x03, 0xF0, 0x07, 0xE0, 0x0F,
    0xC0, 0x1F, 0x80, 0x3F, 0x00, 0x7E, 0x01, 0xFC, 0x3F, 0xF8, 0x7F, 0xE0, 0xFF, 0x81, 0xFE, 0x00,
    0xFC, 0x01, 0xFD, 0xF8, 0x07, 0xF3, 0xF0, 0x1F, 0xC7, 0xE0, 0x3F, 0x0F, 0xC0, 0xFC, 0x1F, 0x83,
    0xF0, 0x3F, 0x0F, 0xE0, 0x7E, 0x3F, 0x80, 0xFC, 0x7E, 0x01, 0xF9, 0xF8, 0x03, 0xF7, 0xE0, 0x07,
    0xFF, 0xC0, 0x0F, 0xFF, 0x80, 0x1F, 0xFF, 0x00, 0x3F, 0xFF, 0x00, 0x7F, 0xFF, 0x00, 0xFF, 0x7E,
    0x01, 0xFC, 0x7E, 0x03, 0xF0, 0xFE, 0x07, 0xE0, 0xFC, 0x0F, 0xC0, 0xFC, 0x1F, 0x81, 0xFC, 0x3F,
    0x01, 0xF8, 0x7E, 0x01, 0xF8, 0xFC, 0x03, 0xF9, 0xF8, 0x03, 0xFB, 0xF0, 0x03, 0xF0, 0x00, 0x00,
    0x00, 0x00, 0x00, 0x00, 0x1F, 0x00, 0x00, 0x3E, 0x00, 0x00, 0x7C, 0x00, 0x00, 0xF8, 0x00, 0x00,
    0xE0, 0x00, 0x01, 0xC0, 0x00, 0x07, 0x00, 0x00, 0x1E, 0x00, 0x00, 0xFC, 0x00, 0x0F, 0xC0, 0x00,
    0xFC, 0x00, 0x0F, 0xC0, 0x00, 0xFC, 0x00, 0x0F, 0xC0, 0x00, 0xFC, 0x07, 0xFF, 0xC0, 0xFE, 0xFC,
    0x1F, 0xCF, 0xC3, 0xF8, 0xFC, 0x7F, 0x0F, 0xC7, 0xE0, 0xFC, 0xFC, 0x0F, 0xDF, 0x80, 0xFF, 0xF0,
    0x0F, 0xFF, 0x80, 0xFF, 0xF8, 0x0F, 0xFF, 0xC0, 0xFF, 0x7E, 0x0F, 0xE7, 0xE0, 0xFC, 0x3F, 0x0F,
    0xC1, 0xF8, 0xFC, 0x1F, 0x8F, 0xC0, 0xFC, 0xFC, 0x07, 0xEF, 0xC0, 0x7E, 0xFC, 0x03, 0xF0, 0x00,
    0x00, 0x00, 0x00, 0x00, 0x1F, 0x00, 0x01, 0xF0, 0x00, 0x1F, 0x00, 0x01, 0xF0, 0x00, 0x0E, 0x00,
    0x00, 0xE0, 0x00, 0x1C, 0x00, 0x01, 0xC0, 0x00, 0xFC, 0x03, 0xF7, 0xE0, 0x3F, 0x3F, 0x03, 0xF1,
    0xF8, 0x3F, 0x0F, 0xC1, 0xF0, 0x7E, 0x1F, 0x83, 0xF1, 0xF8, 0x1F, 0x9F, 0x80, 0xFD, 0xF8, 0x07,
    0xEF, 0x80, 0x3F, 0xFE, 0x01, 0xFF, 0xF8, 0x0F, 0xFF, 0xC0, 0x7F, 0xBF, 0x03, 0xF0, 0xFC, 0x1F,
    0x87, 0xF0, 0xFC, 0x1F, 0x87, 0xE0, 0x7E, 0x3F, 0x01, 0xF9, 0xF8, 0x0F, 0xEF, 0xC0, 0x3F, 0x00,
    0x3F, 0x00, 0x0F, 0x80, 0x07, 0xE0, 0x01, 0xF0, 0x00, 0x78, 0x00, 0x00, 0x00, 0x00, 0x00, 0x00,
    0x00, 0x00, 0xFC, 0x00, 0x3F, 0x00, 0x0F, 0xC0, 0x03, 0xF0, 0x00, 0xFC, 0x00, 0x3F, 0x00, 0x0F,
    0xC0, 0x03, 0xF0, 0x00, 0xFC, 0x00, 0x3F, 0x00, 0x0F, 0xC0, 0x03, 0xF0, 0x00, 0xFC, 0x00, 0x3F,
    0x00, 0x0F, 0xC0, 0x03, 0xF0, 0x00, 0xFC, 0x00, 0x3F, 0x00, 0x0F, 0xC0, 0x03, 0xF0, 0x00, 0xFC,
    0x00, 0x3F, 0x00, 0x0F, 0xFF, 0xFF, 0xFF, 0xFF, 0xFF, 0xFF, 0xFF, 0xFF, 0xFF, 0xFF, 0xFC, 0x3F,
    0x1F, 0x1F, 0x0F, 0x87, 0x80, 0x00, 0x01, 0xF8, 0xFC, 0x7E, 0x3F, 0x1F, 0x8F, 0xC7, 0xE3, 0xF1,
    0xF8, 0xFC, 0x7E, 0x3F, 0x1F, 0x8F, 0xC7, 0xE3, 0xF1, 0xF8, 0xFC, 0x7E, 0x3F, 0x1F, 0x8F, 0xC7,
    0xE3, 0xFF, 0xFF, 0x7F, 0x8F, 0xC0, 0xFC, 0x00, 0x3F, 0x00, 0x0F, 0xC0, 0x03, 0xF0, 0x00, 0xFC,
    0x00, 0x3F, 0x00, 0x0F, 0xC0, 0x03, 0xF0, 0x00, 0xFC, 0x00, 0x3F, 0x00, 0x0F, 0xC0, 0x03, 0xF0,
    0x00, 0xFC, 0x00, 0x3F, 0x00, 0x0F, 0xC0, 0x03, 0xF0, 0x00, 0xFC, 0x00, 0x3F, 0x00, 0x0F, 0xC0,
    0x03, 0xF0, 0x00, 0xFC, 0x00, 0x3F, 0x00, 0x0F, 0xFF, 0xFF, 0xFF, 0xFF, 0xFF, 0xFF, 0xFF, 0xFF,
    0xFF, 0xFF, 0xFC, 0x00, 0x00, 0x00, 0x00, 0x00, 0xF8, 0x00, 0x3E, 0x00, 0x0F, 0x80, 0x03, 0xE0,
    0x00, 0x70, 0x00, 0x1C, 0x00, 0x0E, 0x00, 0x03, 0x80, 0x00, 0xFC, 0x7E, 0x3F, 0x1F, 0x8F, 0xC7,
    0xE3, 0xF1, 0xF8, 0xFC, 0x7E, 0x3F, 0x1F, 0x8F, 0xC7, 0xE3, 0xF1, 0xF8, 0xFC, 0x7E, 0x3F, 0x1F,
    0x8F, 0xC7, 0xE3, 0xF1, 0xFF, 0xFF, 0xBF, 0xC7, 0xE0, 0x00, 0x01, 0xF0, 0xF8, 0x7C, 0x3E, 0x0F,
    0x07, 0x07, 0x07, 0x80, 0xFC, 0x07, 0xBF, 0x01, 0xEF, 0xC0, 0x7B, 0xF0, 0x3E, 0xFC, 0x0F, 0xBF,
    0x03, 0xEF, 0xC0, 0xF3, 0xF0, 0x3C, 0xFC, 0x0F, 0x3F, 0x03, 0xCF, 0xC0, 0xF3, 0xF0, 0x00, 0xFC,
    0x00, 0x3F, 0x00, 0x0F, 0xC0, 0x03, 0xF0, 0x00, 0xFC, 0x00, 0x3F, 0x00, 0x0F, 0xC0, 0x03, 0xF0,
    0x00, 0xFC, 0x00, 0x3F, 0x00, 0x0F, 0xFF, 0xFF, 0xFF, 0xFF, 0xFF, 0xFF, 0xFF, 0xFF, 0xFF, 0xFF,
    0xFC, 0xFC, 0xFF, 0xE7, 0xFF, 0x3F, 0xF9, 0xFF, 0xCF, 0x7E, 0x7B, 0xF3, 0xDF, 0x9E, 0xFC, 0xF7,
    0xE7, 0xBF, 0x39, 0xF8, 0x0F, 0xC0, 0x7E, 0x03, 0xF0, 0x1F, 0x80, 0xFC, 0x07, 0xE0, 0x3F, 0x01,
    0xF8, 0x0F, 0xC0, 0x7E, 0x03, 0xF0, 0x1F, 0xF0, 0xFF, 0x83, 0xFC, 0x07, 0xE0, 0xFC, 0x00, 0x7E,
    0x00, 0x3F, 0x00, 0x1F, 0x80, 0x0F, 0xC0, 0x07, 0xE0, 0x03, 0xF0, 0x01, 0xF8, 0x00, 0xFC, 0x00,
    0x7E, 0x00, 0x3F, 0x07, 0x9F, 0x87, 0xEF, 0xC3, 0xF7, 0xE1, 0xFB, 0xF0, 0x79, 0xF8, 0x00, 0xFC,
    0x00, 0x7E, 0x00, 0x3F, 0x00, 0x1F, 0x80, 0x0F, 0xC0, 0x07, 0xE0, 0x03, 0xFF, 0xFF, 0xFF, 0xFF,
    0xFF, 0xFF, 0xFF, 0xFF, 0xFF, 0xFF, 0xE0, 0xFC, 0x07, 0xE0, 0x3F, 0x01, 0xF8, 0x0F, 0xC0, 0x7E,
    0x03, 0xF0, 0x1F, 0x80, 0xFC, 0x07, 0xE0, 0x3F, 0x01, 0xF8, 0x0F, 0xCF, 0x7E, 0xFF, 0xF7, 0xFF,
    0xBF, 0xFC, 0xF7, 0xE0, 0x3F, 0x01, 0xF8, 0x0F, 0xC0, 0x7E, 0x03, 0xF0, 0x1F, 0x80, 0xFC, 0x07,
    0xE0, 0x3F, 0x01, 0xF8, 0x0F, 0xC0, 0x00, 0x1F, 0x80, 0x00, 0xFC, 0x00, 0x07, 0xE0, 0x00, 0x3F,
    0x00, 0x01, 0xF8, 0x00, 0x0F, 0xC0, 0x00, 0x7E, 0x00, 0x03, 0xF0, 0x00, 0x1F, 0x9C, 0x00, 0xFF,
    0xE0, 0x07, 0xFF, 0x00, 0x3F, 0xF0, 0x01, 0xFE, 0x00, 0x3F, 0xC0, 0x03, 0xFE, 0x00, 0x1F, 0xF0,
    0x00, 0xFF, 0x80, 0x04, 0xFC, 0x00, 0x07, 0xE0, 0x00, 0x3F, 0x00, 0x01, 0xF8, 0x00, 0x0F, 0xC0,
    0x00, 0x7F, 0xFF, 0xE3, 0xFF, 0xFF, 0x1F, 0xFF, 0xF8, 0xFF, 0xFF, 0xC7, 0xFF, 0xFE, 0x1F, 0x81,
    0xF8, 0x1F, 0x81, 0xF8, 0x1F, 0x81, 0xF8, 0x1F, 0x81, 0xF8, 0x1F, 0x91, 0xFF, 0x1F, 0xF1, 0xFF,
    0x7F, 0xCF, 0xF8, 0xFF, 0x8F, 0xF8, 0x9F, 0x81, 0xF8, 0x1F, 0x81, 0xF8, 0x1F, 0x81, 0xF8, 0x1F,
    0x81, 0xFF, 0x1F, 0xF0, 0xFF, 0x03, 0xF0, 0x00, 0x1F, 0x00, 0x00, 0x3E, 0x00, 0x00, 0xF8, 0x00,
    0x01, 0xE0, 0x00, 0x07, 0xC0, 0x00, 0x00, 0x00, 0x00, 0x00, 0x00, 0x00, 0x00, 0x00, 0xFE, 0x00,
    0x7F, 0xFC, 0x00, 0xFF, 0xFC, 0x01, 0xFF, 0xFC, 0x03, 0xFF, 0xF8, 0x07, 0xFF, 0xF8, 0x0F, 0xFF,
    0xF0, 0x1F, 0xFF, 0xF0, 0x3F, 0xFF, 0xE0, 0x7F, 0xFF, 0xE0, 0xFF, 0xF7, 0xC1, 0xFF, 0xEF, 0xC3,
    0xFF, 0xCF, 0xC7, 0xFF, 0x8F, 0x8F, 0xFF, 0x1F, 0x9F, 0xFE, 0x1F, 0x3F, 0xFC, 0x3F, 0x7F, 0xF8,
    0x3E, 0xFF, 0xF0, 0x7F, 0xFF, 0xE0, 0x7F, 0xFF, 0xC0, 0x7F, 0xFF, 0x80, 0xFF, 0xFF, 0x00, 0xFF,
    0xFE, 0x01, 0xFF, 0xFC, 0x01, 0xFF, 0xF8, 0x03, 0xFF, 0xF0, 0x03, 0xF8, 0x00, 0xFC, 0x00, 0x3E,
    0x00, 0x0F, 0x00, 0x07, 0xC0, 0x01, 0xE0, 0x00, 0x00, 0x00, 0x00, 0x03, 0xF1, 0xF0, 0xFD, 0xFF,
    0x3F, 0xFF, 0xEF, 0xFF, 0xFB, 0xFC, 0x7F, 0xFE, 0x1F, 0xFF, 0x03, 0xFF, 0xC0, 0xFF, 0xF0, 0x3F,
    0xFC, 0x0F, 0xFF, 0x03, 0xFF, 0xC0, 0xFF, 0xF0, 0x3F, 0xFC, 0x0F, 0xFF, 0x03, 0xFF, 0xC0, 0xFF,
    0xF0, 0x3F, 0xFC, 0x0F, 0xFF, 0x03, 0xFF, 0xC0, 0xFF, 0xF0, 0x3F, 0xFE, 0x00, 0x7F, 0xFC, 0x00,
    0xFF, 0xFC, 0x01, 0xFF, 0xFC, 0x03, 0xFF, 0xF8, 0x07, 0xFF, 0xF8, 0x0F, 0xFF, 0xF0, 0x1F, 0xFF,
    0xF0, 0x3F, 0xFF, 0xE0, 0x7F, 0xFF, 0xE0, 0xFF, 0xF7, 0xC1, 0xFF, 0xEF, 0xC3, 0xFF, 0xCF, 0xC7,
    0xFF, 0x8F, 0x8F, 0xFF, 0x1F, 0x9F, 0xFE, 0x1F, 0x3F, 0xFC, 0x3F, 0x7F, 0xF8, 0x3E, 0xFF, 0xF0,
    0x7F, 0xFF, 0xE0, 0x7F, 0xFF, 0xC0, 0x7F, 0xFF, 0x80, 0xFF, 0xFF, 0x00, 0xFF, 0xFE, 0x01, 0xFF,
    0xFC, 0x01, 0xFF, 0xF8, 0x01, 0xFF, 0xF0, 0x03, 0xF8, 0x00, 0x00, 0x00, 0x00, 0x00, 0x00, 0x0F,
    0x80, 0x00, 0x1F, 0x00, 0x00, 0x3E, 0x00, 0x00, 0x7C, 0x00, 0x00, 0x70, 0x00, 0x01, 0xE0, 0x00,
    0x03, 0x80, 0x00, 0x0F, 0x00, 0x00, 0xFC, 0x7C, 0x3F, 0x7F, 0xCF, 0xFF, 0xFB, 0xFF, 0xFE, 0xFF,
    0x1F, 0xFF, 0x87, 0xFF, 0xC0, 0xFF, 0xF0, 0x3F, 0xFC, 0x0F, 0xFF, 0x03, 0xFF, 0xC0, 0xFF, 0xF0,
    0x3F, 0xFC, 0x0F, 0xFF, 0x03, 0xFF, 0xC0, 0xFF, 0xF0, 0x3F, 0xFC, 0x0F, 0xFF, 0x03, 0xFF, 0xC0,
    0xFF, 0xF0, 0x3F, 0xFC, 0x0F, 0xC0, 0x00, 0x00, 0x00, 0x00, 0x0F, 0x80, 0x03, 0xE0, 0x00, 0xF8,
    0x00, 0x3E, 0x00, 0x07, 0x00, 0x01, 0xC0, 0x00, 0xE0, 0x00, 0x38, 0x00, 0x03, 0xC3, 0xC0, 0x07,
    0x8F, 0x00, 0x07, 0xBC, 0x00, 0x07, 0xF8, 0x00, 0x0F, 0xE0, 0x00, 0x0F, 0xC0, 0x00, 0x00, 0x00,
    0x00, 0x00, 0x00, 0xFE, 0x00, 0x7F, 0xFC, 0x00, 0xFF, 0xFC, 0x01, 0xFF, 0xFC, 0x03, 0xFF, 0xF8,
    0x07, 0xFF, 0xF8, 0x0F, 0xFF, 0xF0, 0x1F, 0xFF, 0xF0, 0x3F, 0xFF, 0xE0, 0x7F, 0xFF, 0xE0, 0xFF,
    0xF7, 0xC1, 0xFF, 0xEF, 0xC3, 0xFF, 0xCF, 0xC7, 0xFF, 0x8F, 0x8F, 0xFF, 0x1F, 0x9F, 0xFE, 0x1F,
    0x3F, 0xFC, 0x3F, 0x7F, 0xF8, 0x3E, 0xFF, 0xF0, 0x7F, 0xFF, 0xE0, 0x7F, 0xFF, 0xC0, 0x7F, 0xFF,
    0x80, 0xFF, 0xFF, 0x00, 0xFF, 0xFE, 0x01, 0xFF, 0xFC, 0x01, 0xFF, 0xF8, 0x03, 0xFF, 0xF0, 0x03,
    0xF8, 0x1E, 0x1E, 0x03, 0xCF, 0x00, 0xF3, 0xC0, 0x1F, 0xE0, 0x03, 0xF0, 0x00, 0xFC, 0x00, 0x00,
    0x00, 0x00, 0x00, 0xFC, 0x7C, 0x3F, 0x7F, 0xCF, 0xFF, 0xFB, 0xFF, 0xFE, 0xFF, 0x1F, 0xFF, 0x87,
    0xFF, 0xC0, 0xFF, 0xF0, 0x3F, 0xFC, 0x0F, 0xFF, 0x03, 0xFF, 0xC0, 0xFF, 0xF0, 0x3F, 0xFC, 0x0F,
    0xFF, 0x03, 0xFF, 0xC0, 0xFF, 0xF0, 0x3F, 0xFC, 0x0F, 0xFF, 0x03, 0xFF, 0xC0, 0xFF, 0xF0, 0x3F,
    0xFC, 0x0F, 0xC0, 0x3F, 0x00, 0x00, 0x07, 0xC0, 0x00, 0x00, 0xF8, 0x00, 0x00, 0x1F, 0x00, 0x00,
    0x07, 0xC0, 0x00, 0x00, 0xF8, 0x00, 0x00, 0x1F, 0x3E, 0x1F, 0x83, 0xC7, 0xCF, 0xFC, 0x78, 0xFB,
    0xFF, 0xC0, 0x1F, 0xFF, 0xF8, 0x03, 0xFC, 0x3F, 0x80, 0x7F, 0x07, 0xF0, 0x0F, 0xE0, 0x7E, 0x01,
    0xF8, 0x0F, 0xC0, 0x3F, 0x01, 0xF8, 0x07, 0xE0, 0x3F, 0x00, 0xFC, 0x07, 0xE0, 0x1F, 0x80, 0xFC,
    0x03, 0xF0, 0x1F, 0x80, 0x7E, 0x03, 0xF0, 0x0F, 0xC0, 0x7E, 0x01, 0xF8, 0x0F, 0xC0, 0x3F, 0x01,
    0xF8, 0x07, 0xE0, 0x3F, 0x00, 0xFC, 0x07, 0xE0, 0x1F, 0x80, 0xFC, 0x03, 0xF0, 0x1F, 0x80, 0xFE,
    0x00, 0x7F, 0xFC, 0x00, 0xFF, 0xFC, 0x01, 0xFF, 0xFC, 0x03, 0xFF, 0xF8, 0x07, 0xFF, 0xF8, 0x0F,
    0xFF, 0xF0, 0x1F, 0xFF, 0xF0, 0x3F, 0xFF, 0xE0, 0x7F, 0xFF, 0xE0, 0xFF, 0xF7, 0xC1, 0xFF, 0xEF,
    0xC3, 0xFF, 0xCF, 0x87, 0xFF, 0x8F, 0x8F, 0xFF, 0x1F, 0x9F, 0xFE, 0x1F, 0x3F, 0xFC, 0x3F, 0x7F,
    0xF8, 0x3E, 0xFF, 0xF0, 0x7F, 0xFF, 0xE0, 0x7F, 0xFF, 0xC0, 0x7F, 0xFF, 0x80, 0xFF, 0xFF, 0x00,
    0xFF, 0xFE, 0x01, 0xFF, 0xFC, 0x01, 0xFF, 0xF8, 0x03, 0xFF, 0xF0, 0x03, 0xF8, 0x00, 0x03, 0xF0,
    0x00, 0x07, 0xE0, 0x01, 0xFF, 0xC0, 0x03, 0xFF, 0x00, 0x07, 0xFC, 0x00, 0x0F, 0xF0, 0xFC, 0x7C,
    0x3F, 0x7F, 0xCF, 0xFF, 0xFB, 0xFF, 0xFE, 0xFF, 0x1F, 0xFF, 0x87, 0xFF, 0xC0, 0xFF, 0xF0, 0x3F,
    0xFC, 0x0F, 0xFF, 0x03, 0xFF, 0xC0, 0xFF, 0xF0, 0x3F, 0xFC, 0x0F, 0xFF, 0x03, 0xFF, 0xC0, 0xFF,
    0xF0, 0x3F, 0xFC, 0x0F, 0xFF, 0x03, 0xFF, 0xC0, 0xFF, 0xF0, 0x3F, 0xFC, 0x0F, 0xC0, 0x03, 0xF0,
    0x01, 0xFC, 0x03, 0xFF, 0x00, 0xFF, 0x80, 0x3F, 0xC0, 0x0F, 0xE0, 0x01, 0xFF, 0xC0, 0x00, 0x7F,
    0xF0, 0x00, 0x1F, 0xFC, 0x00, 0x07, 0xFF, 0x00, 0x00, 0x00, 0x00, 0x00, 0x00, 0x00, 0x00, 0x07,
    0xF8, 0x00, 0x0F, 0xFF, 0xC0, 0x07, 0xFF, 0xF8, 0x03, 0xFF, 0xFF, 0x01, 0xFF, 0xFF, 0xE0, 0xFF,
    0x03, 0xFC, 0x3F, 0x80, 0x7F, 0x1F, 0xC0, 0x0F, 0xE7, 0xE0, 0x01, 0xF9, 0xF8, 0x00, 0x7E, 0xFC,
    0x00, 0x0F, 0xFF, 0x00, 0x03, 0xFF, 0xC0, 0x00, 0xFF, 0xF0, 0x00, 0x3F, 0xFC, 0x00, 0x0F, 0xFF,
    0x00, 0x03, 0xFF, 0xC0, 0x00, 0xFF, 0xF0, 0x00, 0x3F, 0xFE, 0x00, 0x1F, 0xDF, 0x80, 0x07, 0xE7,
    0xE0, 0x01, 0xF9, 0xFC, 0x00, 0xFE, 0x3F, 0x80, 0x7F, 0x0F, 0xFF, 0xFF, 0x81, 0xFF, 0xFF, 0xE0,
    0x3F, 0xFF, 0xF0, 0x03, 0xFF, 0xF0, 0x00, 0x7F, 0xF8, 0x00, 0x00, 0xC0, 0x00, 0x07, 0xFF, 0x00,
    0x7F, 0xF0, 0x07, 0xFF, 0x00, 0x7F, 0xF0, 0x00, 0x00, 0x00, 0x00, 0x00, 0x01, 0xF8, 0x00, 0xFF,
    0xF0, 0x1F, 0xFF, 0x83, 0xFF, 0xFC, 0x7F, 0x0F, 0xC7, 0xE0, 0x7E, 0x7E, 0x07, 0xEF, 0xC0, 0x3F,
    0xFC, 0x03, 0xFF, 0xC0, 0x3F, 0xFC, 0x03, 0xFF, 0xC0, 0x3F, 0xFC, 0x03, 0xFF, 0xC0, 0x3F, 0x7E,
    0x07, 0xE7, 0xE0, 0x7E, 0x7F, 0x0F, 0xE3, 0xFF, 0xFC, 0x1F, 0xFF, 0x80, 0xFF, 0xF0, 0x03, 0xFC,
    0x00, 0x03, 0x80, 0x70, 0x01, 0xE0, 0x78, 0x00, 0xFF, 0xF8, 0x00, 0x3F, 0xFC, 0x00, 0x0F, 0xFC,
    0x00, 0x01, 0xF8, 0x00, 0x00, 0x00, 0x00, 0x00, 0x00, 0x00, 0x00, 0x00, 0x00, 0x00, 0x7F, 0xC0,
    0x00, 0xFF, 0xF8, 0x01, 0xFF, 0xFF, 0x01, 0xFF, 0xFF, 0xC1, 0xFF, 0xFF, 0xF0, 0xFF, 0x07, 0xF8,
    0xFE, 0x00, 0xFE, 0x7E, 0x00, 0x3F, 0x3F, 0x00, 0x1F, 0xBF, 0x00, 0x0F, 0xFF, 0x80, 0x03, 0xFF,
    0xC0, 0x01, 0xFF, 0xE0, 0x00, 0xFF, 0xF0, 0x00, 0x7F, 0xF8, 0x00, 0x3F, 0xFC, 0x00, 0x1F, 0xFE,
    0x00, 0x0F, 0xFF, 0x80, 0x0F, 0xEF, 0xC0, 0x07, 0xE7, 0xE0, 0x03, 0xF3, 0xF8, 0x03, 0xF8, 0xFF,
    0x07, 0xF8, 0x7F, 0xFF, 0xFC, 0x1F, 0xFF, 0xFC, 0x07, 0xFF, 0xFC, 0x00, 0xFF, 0xF8, 0x00, 0x1F,
    0xF0, 0x00, 0x1E, 0x03, 0x81, 0xE0, 0x78, 0x1F, 0xFF, 0x00, 0xFF, 0xF0, 0x07, 0xFE, 0x00, 0x1F,
    0x80, 0x00, 0x00, 0x00, 0x00, 0x00, 0x03, 0xFC, 0x00, 0xFF, 0xF0, 0x1F, 0xFF, 0x83, 0xFF, 0xFC,
    0x7F, 0x0F, 0xE7, 0xE0, 0x7E, 0xFE, 0x07, 0xEF, 0xC0, 0x3F, 0xFC, 0x03, 0xFF, 0xC0, 0x3F, 0xFC,
    0x03, 0xFF, 0xC0, 0x3F, 0xFC, 0x03, 0xFF, 0xC0, 0x3F, 0x7E, 0x07, 0xE7, 0xE0, 0x7E, 0x7F, 0x0F,
    0xE3, 0xFF, 0xFC, 0x1F, 0xFF, 0x80, 0xFF, 0xF0, 0x03, 0xFC, 0x00, 0x00, 0x3E, 0xF8, 0x00, 0x1F,
    0x3E, 0x00, 0x07, 0x9F, 0x00, 0x03, 0xE7, 0x80, 0x00, 0xF3, 0xE0, 0x00, 0x00, 0x00, 0x00, 0x00,
    0x00, 0x00, 0x01, 0xFE, 0x00, 0x03, 0xFF, 0xF0, 0x01, 0xFF, 0xFE, 0x00, 0xFF, 0xFF, 0xC0, 0x7F,
    0xFF, 0xF8, 0x3F, 0xC0, 0xFF, 0x0F, 0xE0, 0x1F, 0xC7, 0xF0, 0x03, 0xF9, 0xF8, 0x00, 0x7E, 0x7E,
    0x00, 0x1F, 0xBF, 0x00, 0x03, 0xFF, 0xC0, 0x00, 0xFF, 0xF0, 0x00, 0x3F, 0xFC, 0x00, 0x0F, 0xFF,
    0x00, 0x03, 0xFF, 0xC0, 0x00, 0xFF, 0xF0, 0x00, 0x3F, 0xFC, 0x00, 0x0F, 0xFF, 0x80, 0x07, 0xF7,
    0xE0, 0x01, 0xF9, 0xF8, 0x00, 0x7E, 0x7F, 0x00, 0x3F, 0x8F, 0xE0, 0x1F, 0xC3, 0xFF, 0xFF, 0xE0,
    0x7F, 0xFF, 0xF8, 0x0F, 0xFF, 0xFC, 0x00, 0xFF, 0xFC, 0x00, 0x1F, 0xFE, 0x00, 0x00, 0x30, 0x00,
    0x01, 0xF7, 0xC0, 0x3E, 0xFC, 0x03, 0xCF, 0x80, 0x3C, 0xF0, 0x07, 0x9E, 0x00, 0x00, 0x00, 0x00,
    0x00, 0x00, 0x1F, 0x80, 0x0F, 0xFF, 0x01, 0xFF, 0xF8, 0x3F, 0xFF, 0xC7, 0xF0, 0xFC, 0x7E, 0x07,
    0xE7, 0xE0, 0x7E, 0xFC, 0x03, 0xFF, 0xC0, 0x3F, 0xFC, 0x03, 0xFF, 0xC0, 0x3F, 0xFC, 0x03, 0xFF,
    0xC0, 0x3F, 0xFC, 0x03, 0xF7, 0xE0, 0x7E, 0x7E, 0x07, 0xE7, 0xF0, 0xFE, 0x3F, 0xFF, 0xC1, 0xFF,
    0xF8, 0x0F, 0xFF, 0x00, 0x3F, 0xC0, 0x00, 0x7F, 0x00, 0x00, 0x00, 0x03, 0xFF, 0xCF, 0xFF, 0xF8,
    0x1F, 0xFF, 0xDF, 0xFF, 0xF0, 0x7F, 0xFF, 0xFF, 0xFF, 0xE1, 0xFF, 0xFF, 0xFF, 0xFF, 0xC7, 0xF8,
    0x1F, 0xFF, 0xFF, 0x8F, 0xE0, 0x1F, 0xF0, 0x00, 0x3F, 0x80, 0x1F, 0xE0, 0x00, 0x7E, 0x00, 0x1F,
    0xC0, 0x00, 0xFC, 0x00, 0x3F, 0x80, 0x03, 0xF0, 0x00, 0x3F, 0x00, 0x07, 0xE0, 0x00, 0x7E, 0x00,
    0x0F, 0xC0, 0x00, 0xFF, 0xFF, 0xDF, 0x80, 0x01, 0xFF, 0xFF, 0xBF, 0x00, 0x03, 0xFF, 0xFF, 0x7E,
    0x00, 0x07, 0xFF, 0xFE, 0xFC, 0x00, 0x0F, 0xFF, 0xFD, 0xF8, 0x00, 0x1F, 0x80, 0x03, 0xF8, 0x00,
    0x7F, 0x00, 0x03, 0xF0, 0x00, 0xFE, 0x00, 0x07, 0xE0, 0x01, 0xFC, 0x00, 0x0F, 0xE0, 0x07, 0xF8,
    0x00, 0x0F, 0xE0, 0x1F, 0xF0, 0x00, 0x0F, 0xFF, 0xFF, 0xFF, 0xFF, 0x1F, 0xFF, 0xFF, 0xFF, 0xFE,
    0x1F, 0xFF, 0xFF, 0xFF, 0xFC, 0x0F, 0xFF, 0xDF, 0xFF, 0xF8, 0x0F, 0xFE, 0x3F, 0xFF, 0xF0, 0x00,
    0xC0, 0x00, 0x00, 0x00, 0x01, 0xF8, 0x07, 0xF0, 0x01, 0xFF, 0xE3, 0xFF, 0x80, 0x7F, 0xFF, 0xFF,
    0xFC, 0x1F, 0xFF, 0xFF, 0xFF, 0xC7, 0xF0, 0xFF, 0xC1, 0xF8, 0xFC, 0x0F, 0xF0, 0x1F, 0x9F, 0x81,
    0xFE, 0x01, 0xF7, 0xE0, 0x1F, 0x80, 0x3F, 0xFC, 0x03, 0xFF, 0xFF, 0xFF, 0x80, 0x7F, 0xFF, 0xFF,
    0xF0, 0x0F, 0xFF, 0xFF, 0xFE, 0x01, 0xFF, 0xFF, 0xFF, 0xC0, 0x3F, 0x00, 0x01, 0xF8, 0x07, 0xE0,
    0x00, 0x1F, 0x81, 0xFC, 0x00, 0x03, 0xF0, 0x3F, 0xC0, 0x7E, 0x7F, 0x0F, 0xFC, 0x1F, 0xC7, 0xFF,
    0xFF, 0xFF, 0xF0, 0x7F, 0xFF, 0xFF, 0xFC, 0x07, 0xFF, 0x8F, 0xFF, 0x00, 0x3F, 0xC0, 0x7F, 0x00,
    0x00, 0x3E, 0x00, 0x03, 0xE0, 0x00, 0x1E, 0x00, 0x01, 0xF0, 0x00, 0x0F, 0x00, 0x00, 0x00, 0x00,
    0x00, 0x00, 0x00, 0x00, 0x00, 0xFF, 0xFE, 0x07, 0xFF, 0xFC, 0x3F, 0xFF, 0xF9, 0xFF, 0xFF, 0xEF,
    0xFF, 0xFF, 0x7E, 0x03, 0xFF, 0xF0, 0x0F, 0xFF, 0x80, 0x3F, 0xFC, 0x01, 0xFF, 0xE0, 0x0F, 0xFF,
    0x00, 0xFF, 0xF8, 0x0F, 0xEF, 0xFF, 0xFF, 0x7F, 0xFF, 0xF3, 0xFF, 0xFF, 0x1F, 0xFF, 0xF8, 0xFF,
    0xFF, 0xE7, 0xE0, 0x1F, 0xBF, 0x00, 0xFD, 0xF8, 0x03, 0xFF, 0xC0, 0x1F, 0xFE, 0x00, 0xFF, 0xF0,
    0x07, 0xFF, 0x80, 0x3F, 0xFC, 0x01, 0xFF, 0xE0, 0x0F, 0xFF, 0x00, 0x7E, 0x03, 0xE0, 0x3C, 0x07,
    0xC0, 0x78, 0x0F, 0x80, 0x00, 0x00, 0x0F, 0xCF, 0xFD, 0xFF, 0xDF, 0xFF, 0xFF, 0xFF, 0xFF, 0x0F,
    0xE0, 0xFC, 0x0F, 0xC0, 0xFC, 0x0F, 0xC0, 0xFC, 0x0F, 0xC0, 0xFC, 0x0F, 0xC0, 0xFC, 0x0F, 0xC0,
    0xFC, 0x0F, 0xC0, 0xFC, 0x0F, 0xC0, 0xFF, 0xFE, 0x07, 0xFF, 0xFC, 0x3F, 0xFF, 0xF9, 0xFF, 0xFF,
    0xEF, 0xFF, 0xFF, 0x7E, 0x03, 0xFF, 0xF0, 0x0F, 0xFF, 0x80, 0x3F, 0xFC, 0x01, 0xFF, 0xE0, 0x0F,
    0xFF, 0x00, 0xFF, 0xF8, 0x0F, 0xEF, 0xFF, 0xFF, 0x7F, 0xFF, 0xF3, 0xFF, 0xFF, 0x1F, 0xFF, 0xF8,
    0xFF, 0xFF, 0xE7, 0xE0, 0x1F, 0xBF, 0x00, 0xFD, 0xF8, 0x03, 0xFF, 0xC0, 0x1F, 0xFE, 0x00, 0xFF,
    0xF0, 0x07, 0xFF, 0x80, 0x3F, 0xFC, 0x01, 0xFF, 0xE0, 0x0F, 0xFF, 0x00, 0x7E, 0x00, 0x00, 0x00,
    0x00, 0x00, 0x00, 0x7C, 0x00, 0x03, 0xE0, 0x00, 0x1F, 0x00, 0x00, 0xF8, 0x00, 0x03, 0x80, 0x00,
    0x1C, 0x00, 0x01, 0xC0, 0x00, 0x1E, 0x00, 0x00, 0xF8, 0xFF, 0xBF, 0xFB, 0xFF, 0xFF, 0xFF, 0xFF,
    0xE0, 0xFC, 0x0F, 0x80, 0xF8, 0x0F, 0x80, 0xF8, 0x0F, 0x80, 0xF8, 0x0F, 0x80, 0xF8, 0x0F, 0x80,
    0xF8, 0x0F, 0x80, 0xF8, 0x0F, 0x80, 0xF8, 0x00, 0x00, 0x00, 0x0F, 0x80, 0xF8, 0x0F, 0x80, 0xF8,
    0x07, 0x00, 0x70, 0x0E, 0x00, 0xE0, 0x00, 0x0F, 0x0F, 0x00, 0x3C, 0xF0, 0x00, 0xF7, 0x80, 0x07,
    0xF8, 0x00, 0x1F, 0xC0, 0x00, 0xFC, 0x00, 0x00, 0x00, 0x00, 0x00, 0x00, 0xFF, 0xFE, 0x07, 0xFF,
    0xFC, 0x3F, 0xFF, 0xF9, 0xFF, 0xFF, 0xEF, 0xFF, 0xFF, 0x7E, 0x03, 0xFF, 0xF0, 0x0F, 0xFF, 0x80,
    0x3F, 0xFC, 0x01, 0xFF, 0xE0, 0x0F, 0xFF, 0x00, 0xFF, 0xF8, 0x0F, 0xEF, 0xFF, 0xFF, 0x7F, 0xFF,
    0xF3, 0xFF, 0xFF, 0x1F, 0xFF, 0xF8, 0xFF, 0xFF, 0xE7, 0xE0, 0x1F, 0xBF, 0x00, 0xFD, 0xF8, 0x03,
    0xFF, 0xC0, 0x1F, 0xFE, 0x00, 0xFF, 0xF0, 0x07, 0xFF, 0x80, 0x3F, 0xFC, 0x01, 0xFF, 0xE0, 0x0F,
    0xFF, 0x00, 0x7E, 0xF8, 0x77, 0x8F, 0x3D, 0xE3, 0xFE, 0x1F, 0xC0, 0xF8, 0x00, 0x00, 0x00, 0xFC,
    0xFF, 0xDF, 0xFD, 0xFF, 0xFF, 0xFF, 0xFF, 0xF0, 0xFE, 0x0F, 0xC0, 0xFC, 0x0F, 0xC0, 0xFC, 0x0F,
    0xC0, 0xFC, 0x0F, 0xC0, 0xFC, 0x0F, 0xC0, 0xFC, 0x0F, 0xC0, 0xFC, 0x0F, 0xC0, 0xFC, 0x00, 0x00,
    0x3E, 0x00, 0x00, 0xF8, 0x00, 0x03, 0xC0, 0x00, 0x1F, 0x00, 0x00, 0x78, 0x00, 0x00, 0x00, 0x00,
    0x00, 0x00, 0x00, 0x7F, 0x80, 0x07, 0xFF, 0x80, 0x7F, 0xFF, 0x03, 0xFF, 0xFE, 0x0F, 0xFF, 0xFC,
    0x7F, 0x87, 0xF1, 0xFC, 0x0F, 0xE7, 0xE0, 0x1F, 0x9F, 0x80, 0x7E, 0x7E, 0x00, 0x01, 0xFC, 0x00,
    0x03, 0xFE, 0x00, 0x0F, 0xFF, 0x80, 0x1F, 0xFF, 0x80, 0x1F, 0xFF, 0x80, 0x1F, 0xFF, 0x00, 0x07,
    0xFE, 0x00, 0x03, 0xFC, 0x00, 0x07, 0xF7, 0xE0, 0x0F, 0xDF, 0x80, 0x3F, 0x7E, 0x00, 0xFD, 0xFC,
    0x07, 0xF3, 0xFF, 0xFF, 0x8F, 0xFF, 0xFE, 0x1F, 0xFF, 0xF0, 0x3F, 0xFF, 0x80, 0x3F, 0xF8, 0x00,
    0x04, 0x00, 0x00, 0xF8, 0x00, 0x3E, 0x00, 0x0F, 0x00, 0x07, 0x80, 0x01, 0xE0, 0x00, 0x00, 0x00,
    0x00, 0x00, 0x1F, 0xE0, 0x1F, 0xFE, 0x1F, 0xFF, 0xC7, 0xFF, 0xFB, 0xF8, 0x7E, 0xFC, 0x1F, 0xFF,
    0x03, 0xFF, 0xC0, 0x03, 0xFE, 0x00, 0x7F, 0xF8, 0x0F, 0xFF, 0xC0, 0xFF, 0xF8, 0x07, 0xFE, 0x00,
    0x1F, 0xFE, 0x03, 0xFF, 0xC0, 0xFF, 0xF8, 0x7F, 0x7F, 0xFF, 0x9F, 0xFF, 0xE1, 0xFF, 0xE0, 0x1F,
    0xE0, 0x00, 0xFC, 0x00, 0x03, 0xF0, 0x00, 0x1F, 0xE0, 0x00, 0xF3, 0xC0, 0x03, 0xCF, 0x00, 0x1E,
    0x1E, 0x00, 0x00, 0x00, 0x00, 0x7F, 0x80, 0x07, 0xFF, 0x80, 0x7F, 0xFF, 0x03, 0xFF, 0xFE, 0x0F,
    0xFF, 0xFC, 0x7F, 0x87, 0xF1, 0xFC, 0x0F, 0xE7, 0xE0, 0x1F, 0x9F, 0x80, 0x7E, 0x7E, 0x00, 0x01,
    0xFC, 0x00, 0x03, 0xFE, 0x00, 0x0F, 0xFF, 0x80, 0x1F, 0xFF, 0x80, 0x1F, 0xFF, 0x80, 0x1F, 0xFF,
    0x00, 0x07, 0xFE, 0x00, 0x03, 0xFC, 0x00, 0x07, 0xF7, 0xE0, 0x0F, 0xDF, 0x80, 0x3F, 0x7E, 0x00,
    0xFD, 0xFC, 0x07, 0xF3, 0xFF, 0xFF, 0x8F, 0xFF, 0xFE, 0x1F, 0xFF, 0xF0, 0x3F, 0xFF, 0x80, 0x3F,
    0xF8, 0x00, 0x04, 0x00, 0x03, 0xF0, 0x01, 0xFC, 0x00, 0x7F, 0x80, 0x3D, 0xE0, 0x0F, 0x3C, 0x07,
    0x87, 0x80, 0x00, 0x00, 0x00, 0x00, 0x07, 0xF8, 0x07, 0xFF, 0x87, 0xFF, 0xF1, 0xFF, 0xFE, 0xFE,
    0x1F, 0xBF, 0x07, 0xFF, 0xC0, 0xFF, 0xF0, 0x00, 0xFF, 0x80, 0x1F, 0xFE, 0x03, 0xFF, 0xF0, 0x3F,
    0xFE, 0x01, 0xFF, 0x80, 0x07, 0xFF, 0x80, 0xFF, 0xF0, 0x3F, 0xFE, 0x1F, 0xDF, 0xFF, 0xE7, 0xFF,
    0xF8, 0x7F, 0xF8, 0x07, 0xF8, 0x00, 0x01, 0xFE, 0x00, 0x1F, 0xFE, 0x01, 0xFF, 0xFC, 0x0F, 0xFF,
    0xF8, 0x3F, 0xFF, 0xF1, 0xFE, 0x1F, 0xC7, 0xF0, 0x1F, 0x9F, 0x80, 0x7E, 0x7E, 0x00, 0xF9, 0xF8,
    0x03, 0xF7, 0xF0, 0x00, 0x0F, 0xF8, 0x00, 0x3F, 0xFE, 0x00, 0x7F, 0xFE, 0x00, 0x7F, 0xFE, 0x00,
    0x7F, 0xFC, 0x00, 0x1F, 0xF8, 0x00, 0x0F, 0xF0, 0x00, 0x1F, 0xDF, 0x80, 0x3F, 0x7E, 0x00, 0xFD,
    0xF8, 0x03, 0xF7, 0xF0, 0x1F, 0xCF, 0xF1, 0xFE, 0x3F, 0xFF, 0xF8, 0x7F, 0xFF, 0xC0, 0xFF, 0xFE,
    0x00, 0xFF, 0xE0, 0x00, 0x38, 0x00, 0x01, 0xF0, 0x00, 0x03, 0xE0, 0x00, 0x03, 0xC0, 0x00, 0x07,
    0x00, 0x07, 0x1C, 0x00, 0x1F, 0xF0, 0x00, 0x3F, 0x80, 0x00, 0x7C, 0x00, 0x07, 0xF8, 0x07, 0xFF,
    0x87, 0xFF, 0xF1, 0xFF, 0xFE, 0xFE, 0x1F, 0xBF, 0x07, 0xFF, 0xC0, 0xFF, 0xF0, 0x00, 0xFF, 0x80,
    0x1F, 0xFE, 0x03, 0xFF, 0xF0, 0x3F, 0xFE, 0x01, 0xFF, 0x80, 0x07, 0xFF, 0x80, 0xFF, 0xF0, 0x3F,
    0xFE, 0x1F, 0xDF, 0xFF, 0xE7, 0xFF, 0xF8, 0x7F, 0xF8, 0x07, 0xF8, 0x00, 0x78, 0x00, 0x1F, 0x80,
    0x03, 0xE0, 0x00, 0x1C, 0x00, 0x07, 0x00, 0xF1, 0xC0, 0x1F, 0xF0, 0x07, 0xF8, 0x00, 0x7C, 0x00,
    0x07, 0x87, 0x80, 0x0F, 0x3C, 0x00, 0x3C, 0xF0, 0x00, 0x7F, 0x80, 0x00, 0xFC, 0x00, 0x03, 0xF0,
    0x00, 0x00, 0x00, 0x00, 0x7F, 0x80, 0x07, 0xFF, 0x80, 0x7F, 0xFF, 0x03, 0xFF, 0xFE, 0x0F, 0xFF,
    0xFC, 0x7F, 0x87, 0xF1, 0xFC, 0x0F, 0xE7, 0xE0, 0x1F, 0x9F, 0x80, 0x7E, 0x7E, 0x00, 0x01, 0xFC,
    0x00, 0x03, 0xFE, 0x00, 0x0F, 0xFF, 0x80, 0x1F, 0xFF, 0x80, 0x1F, 0xFF, 0x80, 0x1F, 0xFF, 0x00,
    0x07, 0xFE, 0x00, 0x03, 0xFC, 0x00, 0x07, 0xF7, 0xE0, 0x0F, 0xDF, 0x80, 0x3F, 0x7E, 0x00, 0xFD,
    0xFC, 0x07, 0xF3, 0xFF, 0xFF, 0x8F, 0xFF, 0xFE, 0x1F, 0xFF, 0xF0, 0x3F, 0xFF, 0x80, 0x3F, 0xF8,
    0x00, 0x04, 0x00, 0x1E, 0x1E, 0x03, 0xCF, 0x00, 0xF7, 0x80, 0x1F, 0xE0, 0x07, 0xF0, 0x00, 0xFC,
    0x00, 0x00, 0x00, 0x00, 0x00, 0x07, 0xF8, 0x07, 0xFF, 0x87, 0xFF, 0xF1, 0xFF, 0xFE, 0xFE, 0x1F,
    0xBF, 0x07, 0xFF, 0xC0, 0xFF, 0xF0, 0x00, 0xFF, 0x80, 0x1F, 0xFE, 0x03, 0xFF, 0xF0, 0x3F, 0xFE,
    0x01, 0xFF, 0x80, 0x07, 0xFF, 0x80, 0xFF, 0xF0, 0x3F, 0xFE, 0x1F, 0xDF, 0xFF, 0xE7, 0xFF, 0xF8,
    0x7F, 0xF8, 0x07, 0xF8, 0x00, 0xFF, 0xFF, 0xFF, 0xFF, 0xFF, 0xFF, 0xFF, 0xFF, 0xFF, 0xFF, 0xFF,
    0xFF, 0xFF, 0xFC, 0x03, 0xF0, 0x00, 0x0F, 0xC0, 0x00, 0x3F, 0x00, 0x00, 0xFC, 0x00, 0x03, 0xF0,
    0x00, 0x0F, 0xC0, 0x00, 0x3F, 0x00, 0x00, 0xFC, 0x00, 0x03, 0xF0, 0x00, 0x0F, 0xC0, 0x00, 0x3F,
    0x00, 0x00, 0xFC, 0x00, 0x03, 0xF0, 0x00, 0x0F, 0xC0, 0x00, 0x3F, 0x00, 0x00, 0xFC, 0x00, 0x03,
    0xF0, 0x00, 0x0F, 0xC0, 0x00, 0x3F, 0x00, 0x00, 0xFC, 0x00, 0x03, 0xF0, 0x00, 0x0F, 0xC0, 0x00,
    0x1C, 0x00, 0x00, 0xF8, 0x00, 0x01, 0xF0, 0x00, 0x01, 0xE0, 0x00, 0x03, 0x80, 0x03, 0x8E, 0x00,
    0x0F, 0xF8, 0x00, 0x1F, 0xC0, 0x00, 0x3E, 0x00, 0x1F, 0x80, 0x7E, 0x01, 0xF8, 0x07, 0xE0, 0x1F,
    0x83, 0xFF, 0xFF, 0xFF, 0xFF, 0xFF, 0xFF, 0xFC, 0x7E, 0x01, 0xF8, 0x07, 0xE0, 0x1F, 0x80, 0x7E,
    0x01, 0xF8, 0x07, 0xE0, 0x1F, 0x80, 0x7E, 0x01, 0xF8, 0x07, 0xE0, 0x1F, 0x80, 0x7F, 0x01, 0xFF,
    0xC3, 0xFF, 0x0F, 0xFC, 0x0F, 0xF0, 0x3C, 0x00, 0xF8, 0x01, 0xF0, 0x01, 0xE0, 0x03, 0x87, 0x0E,
    0x1F, 0xF8, 0x3F, 0xC0, 0x3E, 0x00, 0x07, 0x87, 0x80, 0x1F, 0x3E, 0x00, 0x3C, 0xF0, 0x00, 0x7F,
    0x80, 0x01, 0xFE, 0x00, 0x03, 0xF0, 0x00, 0x00, 0x00, 0x00, 0x00, 0x00, 0xFF, 0xFF, 0xFF, 0xFF,
    0xFF, 0xFF, 0xFF, 0xFF, 0xFF, 0xFF, 0xFF, 0xFF, 0xFF, 0xFC, 0x03, 0xF0, 0x00, 0x0F, 0xC0, 0x00,
    0x3F, 0x00, 0x00, 0xFC, 0x00, 0x03, 0xF0, 0x00, 0x0F, 0xC0, 0x00, 0x3F, 0x00, 0x00, 0xFC, 0x00,
    0x03, 0xF0, 0x00, 0x0F, 0xC0, 0x00, 0x3F, 0x00, 0x00, 0xFC, 0x00, 0x03, 0xF0, 0x00, 0x0F, 0xC0,
    0x00, 0x3F, 0x00, 0x00, 0xFC, 0x00, 0x03, 0xF0, 0x00, 0x0F, 0xC0, 0x00, 0x3F, 0x00, 0x00, 0xFC,
    0x00, 0x03, 0xF0, 0x00, 0x0F, 0xC0, 0x00, 0x00, 0x0F, 0x00, 0x1F, 0x00, 0x1E, 0x00, 0x1E, 0x00,
    0x1E, 0x1F, 0x9E, 0x1F, 0x9E, 0x1F, 0x9C, 0x1F, 0x9C, 0xFF, 0xFC, 0xFF, 0xFC, 0xFF, 0xFC, 0xFF,
    0xFC, 0x1F, 0x80, 0x1F, 0x80, 0x1F, 0x80, 0x1F, 0x80, 0x1F, 0x80, 0x1F, 0x80, 0x1F, 0x80, 0x1F,
    0x80, 0x1F, 0x80, 0x1F, 0x80, 0x1F, 0x80, 0x1F, 0x80, 0x1F, 0xC0, 0x1F, 0xFC, 0x0F, 0xFC, 0x0F,
    0xFC, 0x03, 0xFC, 0xFF, 0xFF, 0xFF, 0xFF, 0xFF, 0xFF, 0xFF, 0xFF, 0xFF, 0xFF, 0xFF, 0xFF, 0xFF,
    0xFC, 0x03, 0xF0, 0x00, 0x0F, 0xC0, 0x00, 0x3F, 0x00, 0x00, 0xFC, 0x00, 0x03, 0xF0, 0x00, 0x0F,
    0xC0, 0x00, 0x3F, 0x00, 0x1F, 0xFF, 0xE0, 0x7F, 0xFF, 0x81, 0xFF, 0xFE, 0x07, 0xFF, 0xF8, 0x00,
    0xFC, 0x00, 0x03, 0xF0, 0x00, 0x0F, 0xC0, 0x00, 0x3F, 0x00, 0x00, 0xFC, 0x00, 0x03, 0xF0, 0x00,
    0x0F, 0xC0, 0x00, 0x3F, 0x00, 0x00, 0xFC, 0x00, 0x03, 0xF0, 0x00, 0x0F, 0xC0, 0x00, 0x1F, 0x80,
    0x7E, 0x01, 0xF8, 0x07, 0xE0, 0x1F, 0x83, 0xFF, 0xFF, 0xFF, 0xFF, 0xFF, 0xFF, 0xFC, 0x7E, 0x01,
    0xF8, 0x07, 0xE0, 0x1F, 0x83, 0xFF, 0xFF, 0xFF, 0xFF, 0xFF, 0xFF, 0xFC, 0x7E, 0x01, 0xF8, 0x07,
    0xE0, 0x1F, 0x80, 0x7F, 0x01, 0xFF, 0xC3, 0xFF, 0x0F, 0xFC, 0x0F, 0xF0, 0x00, 0x03, 0x80, 0x0F,
    0x0E, 0x00, 0x7F, 0x38, 0x01, 0xFF, 0xE0, 0x0F, 0xFF, 0x00, 0x38, 0xFC, 0x00, 0xE1, 0xE0, 0x00,
    0x00, 0x00, 0x00, 0x00, 0x03, 0xF0, 0x03, 0xFF, 0xC0, 0x0F, 0xFF, 0x00, 0x3F, 0xFC, 0x00, 0xFF,
    0xF0, 0x03, 0xFF, 0xC0, 0x0F, 0xFF, 0x00, 0x3F, 0xFC, 0x00, 0xFF, 0xF0, 0x03, 0xFF, 0xC0, 0x0F,
    0xFF, 0x00, 0x3F, 0xFC, 0x00, 0xFF, 0xF0, 0x03, 0xFF, 0xC0, 0x0F, 0xFF, 0x00, 0x3F, 0xFC, 0x00,
    0xFF, 0xF0, 0x03, 0xFF, 0xC0, 0x0F, 0xFF, 0x00, 0x3F, 0xFC, 0x00, 0xFF, 0xF8, 0x07, 0xF7, 0xF0,
    0x3F, 0x9F, 0xFF, 0xFE, 0x3F, 0xFF, 0xF0, 0x7F, 0xFF, 0x80, 0xFF, 0xFC, 0x00, 0xFF, 0xC0, 0x00,
    0x20, 0x00, 0x0F, 0x0E, 0x07, 0xF3, 0x81, 0xFF, 0xE0, 0xFF, 0xF0, 0x38, 0xFC, 0x0E, 0x1E, 0x00,
    0x00, 0x00, 0x00, 0x00, 0xFC, 0x0F, 0xFF, 0x03, 0xFF, 0xC0, 0xFF, 0xF0, 0x3F, 0xFC, 0x0F, 0xFF,
    0x03, 0xFF, 0xC0, 0xFF, 0xF0, 0x3F, 0xFC, 0x0F, 0xFF, 0x03, 0xFF, 0xC0, 0xFF, 0xF0, 0x3F, 0xFC,
    0x0F, 0xFF, 0x03, 0xFF, 0xC0, 0xFF, 0xF0, 0x7F, 0xFE, 0x3F, 0xDF, 0xFF, 0xF7, 0xFF, 0xFC, 0xFF,
    0xBF, 0x0F, 0x8F, 0xC0, 0x07, 0xFF, 0x00, 0x1F, 0xFC, 0x00, 0x7F, 0xF0, 0x01, 0xFF, 0xC0, 0x00,
    0x00, 0x00, 0x00, 0x00, 0x00, 0x00, 0x00, 0x3F, 0x00, 0x3F, 0xFC, 0x00, 0xFF, 0xF0, 0x03, 0xFF,
    0xC0, 0x0F, 0xFF, 0x00, 0x3F, 0xFC, 0x00, 0xFF, 0xF0, 0x03, 0xFF, 0xC0, 0x0F, 0xFF, 0x00, 0x3F,
    0xFC, 0x00, 0xFF, 0xF0, 0x03, 0xFF, 0xC0, 0x0F, 0xFF, 0x00, 0x3F, 0xFC, 0x00, 0xFF, 0xF0, 0x03,
    0xFF, 0xC0, 0x0F, 0xFF, 0x00, 0x3F, 0xFC, 0x00, 0xFF, 0xF0, 0x03, 0xFF, 0xC0, 0x0F, 0xFF, 0x80,
    0x7F, 0x7F, 0x03, 0xF9, 0xFF, 0xFF, 0xE3, 0xFF, 0xFF, 0x07, 0xFF, 0xF8, 0x0F, 0xFF, 0xC0, 0x0F,
    0xFC, 0x00, 0x02, 0x00, 0x00, 0x1F, 0xFC, 0x07, 0xFF, 0x01, 0xFF, 0xC0, 0x7F, 0xF0, 0x00, 0x00,
    0x00, 0x00, 0x0F, 0xC0, 0xFF, 0xF0, 0x3F, 0xFC, 0x0F, 0xFF, 0x03, 0xFF, 0xC0, 0xFF, 0xF0, 0x3F,
    0xFC, 0x0F, 0xFF, 0x03, 0xFF, 0xC0, 0xFF, 0xF0, 0x3F, 0xFC, 0x0F, 0xFF, 0x03, 0xFF, 0xC0, 0xFF,
    0xF0, 0x3F, 0xFC, 0x0F, 0xFF, 0x07, 0xFF, 0xE3, 0xFD, 0xFF, 0xFF, 0x7F, 0xFF, 0xCF, 0xFB, 0xF0,
    0xF8, 0xFC, 0x07, 0x87, 0x80, 0x1E, 0x1E, 0x00, 0x3F, 0xF0, 0x00, 0xFF, 0xC0, 0x00, 0xFC, 0x00,
    0x00, 0x00, 0x00, 0x00, 0x00, 0x00, 0x00, 0x00, 0xFC, 0x00, 0xFF, 0xF0, 0x03, 0xFF, 0xC0, 0x0F,
    0xFF, 0x00, 0x3F, 0xFC, 0x00, 0xFF, 0xF0, 0x03, 0xFF, 0xC0, 0x0F, 0xFF, 0x00, 0x3F, 0xFC, 0x00,
    0xFF, 0xF0, 0x03, 0xFF, 0xC0, 0x0F, 0xFF, 0x00, 0x3F, 0xFC, 0x00, 0xFF, 0xF0, 0x03, 0xFF, 0xC0,
    0x0F, 0xFF, 0x00, 0x3F, 0xFC, 0x00, 0xFF, 0xF0, 0x03, 0xFF, 0xC0, 0x0F, 0xFF, 0x00, 0x3F, 0xFE,
    0x01, 0xFD, 0xFC, 0x0F, 0xE7, 0xFF, 0xFF, 0x8F, 0xFF, 0xFC, 0x1F, 0xFF, 0xE0, 0x3F, 0xFF, 0x00,
    0x3F, 0xF0, 0x00, 0x08, 0x00, 0x1E, 0x1E, 0x07, 0x87, 0x81, 0xE3, 0xE0, 0x3F, 0xF0, 0x07, 0xF8,
    0x00, 0xFC, 0x00, 0x00, 0x00, 0x00, 0x00, 0xFC, 0x0F, 0xFF, 0x03, 0xFF, 0xC0, 0xFF, 0xF0, 0x3F,
    0xFC, 0x0F, 0xFF, 0x03, 0xFF, 0xC0, 0xFF, 0xF0, 0x3F, 0xFC, 0x0F, 0xFF, 0x03, 0xFF, 0xC0, 0xFF,
    0xF0, 0x3F, 0xFC, 0x0F, 0xFF, 0x03, 0xFF, 0xC0, 0xFF, 0xF0, 0x7F, 0xFE, 0x3F, 0xDF, 0xFF, 0xF7,
    0xFF, 0xFC, 0xFF, 0xBF, 0x0F, 0x8F, 0xC0, 0x00, 0x78, 0x00, 0x03, 0xF0, 0x00, 0x1C, 0xE0, 0x00,
    0x73, 0x80, 0x01, 0xCE, 0x00, 0x03, 0xF0, 0x00, 0x07, 0x80, 0x00, 0x00, 0x00, 0x00, 0x00, 0x03,
    0xF0, 0x03, 0xFF, 0xC0, 0x0F, 0xFF, 0x00, 0x3F, 0xFC, 0x00, 0xFF, 0xF0, 0x03, 0xFF, 0xC0, 0x0F,
    0xFF, 0x00, 0x3F, 0xFC, 0x00, 0xFF, 0xF0, 0x03, 0xFF, 0xC0, 0x0F, 0xFF, 0x00, 0x3F, 0xFC, 0x00,
    0xFF, 0xF0, 0x03, 0xFF, 0xC0, 0x0F, 0xFF, 0x00, 0x3F, 0xFC, 0x00, 0xFF, 0xF0, 0x03, 0xFF, 0xC0,
    0x0F, 0xFF, 0x00, 0x3F, 0xFC, 0x00, 0xFF, 0xF8, 0x07, 0xF7, 0xF0, 0x3F, 0x9F, 0xFF, 0xFE, 0x3F,
    0xFF, 0xF0, 0x7F, 0xFF, 0x80, 0xFF, 0xFC, 0x00, 0xFF, 0xC0, 0x00, 0x20, 0x00, 0x01, 0xE0, 0x00,
    0xFC, 0x00, 0x73, 0x80, 0x1C, 0xE0, 0x07, 0x38, 0x00, 0xFC, 0x00, 0x1E, 0x00, 0x00, 0x00, 0x00,
    0x00, 0x3F, 0x03, 0xFF, 0xC0, 0xFF, 0xF0, 0x3F, 0xFC, 0x0F, 0xFF, 0x03, 0xFF, 0xC0, 0xFF, 0xF0,
    0x3F, 0xFC, 0x0F, 0xFF, 0x03, 0xFF, 0xC0, 0xFF, 0xF0, 0x3F, 0xFC, 0x0F, 0xFF, 0x03, 0xFF, 0xC0,
    0xFF, 0xF0, 0x3F, 0xFC, 0x1F, 0xFF, 0x8F, 0xF7, 0xFF, 0xFD, 0xFF, 0xFF, 0x3F, 0xEF, 0xC3, 0xF3,
    0xF0, 0x00, 0xFB, 0xE0, 0x07, 0xCF, 0x80, 0x1E, 0x7C, 0x00, 0xF9, 0xE0, 0x03, 0xCF, 0x80, 0x00,
    0x00, 0x00, 0x00, 0x00, 0x00, 0x00, 0x00, 0xFC, 0x00, 0xFF, 0xF0, 0x03, 0xFF, 0xC0, 0x0F, 0xFF,
    0x00, 0x3F, 0xFC, 0x00, 0xFF, 0xF0, 0x03, 0xFF, 0xC0, 0x0F, 0xFF, 0x00, 0x3F, 0xFC, 0x00, 0xFF,
    0xF0, 0x03, 0xFF, 0xC0, 0x0F, 0xFF, 0x00, 0x3F, 0xFC, 0x00, 0xFF, 0xF0, 0x03, 0xFF, 0xC0, 0x0F,
    0xFF, 0x00, 0x3F, 0xFC, 0x00, 0xFF, 0xF0, 0x03, 0xFF, 0xC0, 0x0F, 0xFF, 0x00, 0x3F, 0xFE, 0x01,
    0xFD, 0xFC, 0x0F, 0xE7, 0xFF, 0xFF, 0x8F, 0xFF, 0xFC, 0x1F, 0xFF, 0xE0, 0x3F, 0xFF, 0x00, 0x3F,
    0xF0, 0x00, 0x08, 0x00, 0x03, 0xEF, 0x81, 0xF7, 0xE0, 0x79, 0xF0, 0x3E, 0x78, 0x0F, 0x3E, 0x00,
    0x00, 0x00, 0x00, 0x03, 0xF0, 0x3F, 0xFC, 0x0F, 0xFF, 0x03, 0xFF, 0xC0, 0xFF, 0xF0, 0x3F, 0xFC,
    0x0F, 0xFF, 0x03, 0xFF, 0xC0, 0xFF, 0xF0, 0x3F, 0xFC, 0x0F, 0xFF, 0x03, 0xFF, 0xC0, 0xFF, 0xF0,
    0x3F, 0xFC, 0x0F, 0xFF, 0x03, 0xFF, 0xC1, 0xFF, 0xF8, 0xFF, 0x7F, 0xFF, 0xDF, 0xFF, 0xF3, 0xFE,
    0xFC, 0x3E, 0x3F, 0xFC, 0x00, 0xFF, 0xF0, 0x03, 0xFF, 0xC0, 0x0F, 0xFF, 0x00, 0x3F, 0xFC, 0x00,
    0xFF, 0xF0, 0x03, 0xFF, 0xC0, 0x0F, 0xFF, 0x00, 0x3F, 0xFC, 0x00, 0xFF, 0xF0, 0x03, 0xFF, 0xC0,
    0x0F, 0xFF, 0x00, 0x3F, 0xFC, 0x00, 0xFF, 0xF0, 0x03, 0xFF, 0xC0, 0x0F, 0xFF, 0x00, 0x3F, 0xFC,
    0x00, 0xFF, 0xF0, 0x03, 0xFF, 0xC0, 0x0F, 0xFF, 0x00, 0x3F, 0xFE, 0x01, 0xFD, 0xFC, 0x0F, 0xE7,
    0xFF, 0xFF, 0x8F, 0xFF, 0xFC, 0x1F, 0xFF, 0xE0, 0x3F, 0xFF, 0x00, 0x3F, 0xF0, 0x00, 0x0F, 0x80,
    0x00, 0x7C, 0x00, 0x01, 0xE0, 0x00, 0x0F, 0x80, 0x00, 0x3F, 0xC0, 0x00, 0xFF, 0x00, 0x03, 0xFC,
    0x00, 0x03, 0xE0, 0x00, 0xFC, 0x0F, 0xDF, 0x81, 0xFB, 0xF0, 0x3F, 0x7E, 0x07, 0xEF, 0xC0, 0xFD,
    0xF8, 0x1F, 0xBF, 0x03, 0xF7, 0xE0, 0x7E, 0xFC, 0x0F, 0xDF, 0x81, 0xFB, 0xF0, 0x3F, 0x7E, 0x07,
    0xEF, 0xC0, 0xFD, 0xF8, 0x1F, 0xBF, 0x03, 0xF7, 0xE0, 0xFE, 0xFE, 0x3F, 0xCF, 0xFF, 0xF9, 0xFF,
    0xFF, 0x1F, 0xF7, 0xE0, 0xF8, 0xFC, 0x00, 0x0F, 0x80, 0x03, 0xE0, 0x00, 0x78, 0x00, 0x1F, 0x00,
    0x03, 0xFC, 0x00, 0x7F, 0x80, 0x0F, 0xF0, 0x00, 0x7C, 0x00, 0x01, 0xF8, 0x00, 0x00, 0x00, 0x3F,
    0xC0, 0x00, 0x00, 0x03, 0xFC, 0x00, 0x00, 0x00, 0x79, 0xE0, 0x00, 0x00, 0x07, 0x9E, 0x00, 0x00,
    0x00, 0xF0, 0xF0, 0x00, 0x00, 0x00, 0x00, 0x00, 0x00, 0x00, 0x00, 0x00, 0x00, 0x7C, 0x01, 0xF8,
    0x03, 0xF7, 0xE0, 0x1F, 0x80, 0x7E, 0x7E, 0x01, 0xF8, 0x07, 0xE7, 0xE0, 0x1F, 0x80, 0x7E, 0x3E,
    0x03, 0xFC, 0x07, 0xE3, 0xF0, 0x3F, 0xC0, 0xFC, 0x3F, 0x03, 0xFC, 0x0F, 0xC3, 0xF0, 0x3F, 0xC0,
    0xFC, 0x1F, 0x07, 0xFE, 0x0F, 0x81, 0xF8, 0x7F, 0xE1, 0xF8, 0x1F, 0x87, 0xFE, 0x1F, 0x81, 0xF8,
    0x7F, 0xE1, 0xF8, 0x0F, 0x8F, 0x9F, 0x1F, 0x00, 0xFC, 0xF9, 0xF3, 0xF0, 0x0F, 0xCF, 0x9F, 0x3F,
    0x00, 0x7C, 0xF9, 0xF3, 0xF0, 0x07, 0xCF, 0x0F, 0xBE, 0x00, 0x7F, 0xF0, 0xFB, 0xE0, 0x07, 0xFF,
    0x0F, 0xFE, 0x00, 0x3F, 0xF0, 0xFF, 0xE0, 0x03, 0xFE, 0x07, 0xFC, 0x00, 0x3F, 0xE0, 0x7F, 0xC0,
    0x03, 0xFE, 0x07, 0xFC, 0x00, 0x1F, 0xE0, 0x7F, 0x80, 0x01, 0xFC, 0x03, 0xF8, 0x00, 0x1F, 0xC0,
    0x3F, 0x80, 0x01, 0xFC, 0x03, 0xF8, 0x00, 0x00, 0x0F, 0xC0, 0x00, 0x00, 0x7F, 0x80, 0x00, 0x01,
    0xFE, 0x00, 0x00, 0x0F, 0x7C, 0x00, 0x00, 0x3C, 0xF0, 0x00, 0x01, 0xE1, 0xE0, 0x00, 0x00, 0x00,
    0x00, 0x00, 0x00, 0x00, 0x00, 0xFC, 0x0F, 0x80, 0xFF, 0xF0, 0x3F, 0x03, 0xFF, 0xC0, 0xFC, 0x0F,
    0x9F, 0x03, 0xF0, 0x3E, 0x7E, 0x1F, 0xC1, 0xF9, 0xF8, 0x7F, 0x87, 0xE3, 0xE1, 0xFE, 0x1F, 0x0F,
    0x87, 0xF8, 0x7C, 0x3F, 0x3F, 0xE3, 0xF0, 0xFC, 0xF7, 0xCF, 0x81, 0xF3, 0xCF, 0x3E, 0x07, 0xCF,
    0x3C, 0xF8, 0x1F, 0x7C, 0xF7, 0xE0, 0x3F, 0xE3, 0xFF, 0x00, 0xFF, 0x87, 0xFC, 0x03, 0xFE, 0x1F,
    0xF0, 0x0F, 0xF0, 0x7F, 0x80, 0x1F, 0xC0, 0xFE, 0x00, 0x7F, 0x03, 0xF8, 0x01, 0xFC, 0x0F, 0xE0,
    0x03, 0xE0, 0x3F, 0x00, 0x00, 0x7E, 0x00, 0x00, 0xFF, 0x00, 0x00, 0xFF, 0x00, 0x01, 0xE7, 0x80,
    0x03, 0xE7, 0xC0, 0x03, 0xC3, 0xC0, 0x00, 0x00, 0x00, 0x00, 0x00, 0x00, 0xFC, 0x00, 0x3F, 0x7E,
    0x00, 0x7E, 0x7E, 0x00, 0x7E, 0x3F, 0x00, 0xFC, 0x3F, 0x81, 0xFC, 0x1F, 0x81, 0xF8, 0x1F, 0xC3,
    0xF8, 0x0F, 0xC3, 0xF0, 0x0F, 0xE7, 0xE0, 0x07, 0xE7, 0xE0, 0x03, 0xFF, 0xC0, 0x03, 0xFF, 0xC0,
    0x01, 0xFF, 0x80, 0x01, 0xFF, 0x80, 0x00, 0xFF, 0x00, 0x00, 0xFF, 0x00, 0x00, 0x7E, 0x00, 0x00,
    0x7E, 0x00, 0x00, 0x7E, 0x00, 0x00, 0x7E, 0x00, 0x00, 0x7E, 0x00, 0x00, 0x7E, 0x00, 0x00, 0x7E,
    0x00, 0x00, 0x7E, 0x00, 0x00, 0x7E, 0x00, 0x00, 0x7E, 0x00, 0x00, 0x7E, 0x00, 0x01, 0xF8, 0x00,
    0x3F, 0xC0, 0x03, 0xFC, 0x00, 0x79, 0xE0, 0x0F, 0x1E, 0x00, 0xF0, 0xF0, 0x00, 0x00, 0x0F, 0xC0,
    0x3F, 0xFC, 0x03, 0xF7, 0xC0, 0x3E, 0x7E, 0x07, 0xE7, 0xE0, 0x7E, 0x3E, 0x07, 0xC3, 0xE0, 0xFC,
    0x3F, 0x0F, 0xC1, 0xF0, 0xF8, 0x1F, 0x0F, 0x81, 0xF9, 0xF8, 0x0F, 0x9F, 0x00, 0xF9, 0xF0, 0x0F,
    0xFF, 0x00, 0x7F, 0xE0, 0x07, 0xFE, 0x00, 0x7F, 0xE0, 0x03, 0xFC, 0x00, 0x3F, 0xC0, 0x03, 0xFC,
    0x00, 0x0F, 0x80, 0x00, 0xF8, 0x00, 0x1F, 0x80, 0x1F, 0xF0, 0x01, 0xFF, 0x00, 0x1F, 0xE0, 0x01,
    0xFC, 0x00, 0x07, 0xE7, 0xE0, 0x07, 0xE7, 0xE0, 0x07, 0xE7, 0xE0, 0x07, 0xE7, 0xE0, 0x00, 0x00,
    0x00, 0x00, 0x00, 0x00, 0x00, 0x00, 0x00, 0xFC, 0x00, 0x3F, 0xFE, 0x00, 0x7F, 0x7E, 0x00, 0x7E,
    0x3F, 0x00, 0xFC, 0x3F, 0x00, 0xFC, 0x1F, 0x81, 0xF8, 0x1F, 0xC3, 0xF8, 0x0F, 0xC3, 0xF0, 0x0F,
    0xE7, 0xF0, 0x07, 0xE7, 0xE0, 0x03, 0xFF, 0xC0, 0x03, 0xFF, 0xC0, 0x01, 0xFF, 0x80, 0x01, 0xFF,
    0x80, 0x00, 0xFF, 0x00, 0x00, 0xFF, 0x00, 0x00, 0x7E, 0x00, 0x00, 0x7E, 0x00, 0x00, 0x7E, 0x00,
    0x00, 0x7E, 0x00, 0x00, 0x7E, 0x00, 0x00, 0x7E, 0x00, 0x00, 0x7E, 0x00, 0x00, 0x7E, 0x00, 0x00,
    0x7E, 0x00, 0x00, 0x7E, 0x00, 0x00, 0x7E, 0x00, 0x00, 0x3F, 0x00, 0x03, 0xE0, 0x00, 0x7C, 0x00,
    0x07, 0xC0, 0x00, 0xF8, 0x00, 0x00, 0x00, 0x00, 0x00, 0x00, 0x00, 0x00, 0x7F, 0xFF, 0xF7, 0xFF,
    0xFF, 0x7F, 0xFF, 0xF7, 0xFF, 0xFF, 0x7F, 0xFF, 0xF0, 0x00, 0x7F, 0x00, 0x0F, 0xE0, 0x01, 0xFC,
    0x00, 0x3F, 0x80, 0x03, 0xF8, 0x00, 0x7F, 0x00, 0x0F, 0xE0, 0x01, 0xFC, 0x00, 0x1F, 0xC0, 0x03,
    0xF8, 0x00, 0x7F, 0x00, 0x0F, 0xE0, 0x00, 0xFE, 0x00, 0x1F, 0xC0, 0x03, 0xF8, 0x00, 0x7F, 0x00,
    0x0F, 0xF0, 0x00, 0xFF, 0xFF, 0xFF, 0xFF, 0xFF, 0xFF, 0xFF, 0xFF, 0xFF, 0xFF, 0xFF, 0xFF, 0xF0,
    0x00, 0x7C, 0x00, 0x1F, 0x00, 0x0F, 0x80, 0x03, 0xC0, 0x01, 0xF0, 0x00, 0x00, 0x00, 0x00, 0x01,
    0xFF, 0xFF, 0x7F, 0xFF, 0xDF, 0xFF, 0xF7, 0xFF, 0xFC, 0x00, 0x7F, 0x00, 0x3F, 0x80, 0x1F, 0xC0,
    0x0F, 0xE0, 0x07, 0xF0, 0x03, 0xF8, 0x00, 0xFE, 0x00, 0x7F, 0x00, 0x3F, 0x80, 0x1F, 0xC0, 0x0F,
    0xE0, 0x07, 0xF0, 0x03, 0xF8, 0x00, 0xFF, 0xFF, 0xFF, 0xFF, 0xFF, 0xFF, 0xFF, 0xFF, 0xFF, 0x01,
    0xF8, 0x00, 0x1F, 0x80, 0x01, 0xF8, 0x00, 0x1F, 0x80, 0x00, 0x00, 0x00, 0x00, 0x00, 0x00, 0x00,
    0x07, 0xFF, 0xFF, 0x7F, 0xFF, 0xF7, 0xFF, 0xFF, 0x7F, 0xFF, 0xF7, 0xFF, 0xFF, 0x00, 0x0F, 0xE0,
    0x01, 0xFE, 0x00, 0x3F, 0xC0, 0x03, 0xF8, 0x00, 0x7F, 0x00, 0x0F, 0xF0, 0x00, 0xFE, 0x00, 0x1F,
    0xC0, 0x03, 0xF8, 0x00, 0x7F, 0x00, 0x07, 0xF0, 0x00, 0xFE, 0x00, 0x1F, 0xC0, 0x01, 0xF8, 0x00,
    0x3F, 0x00, 0x07, 0xF0, 0x00, 0xFE, 0x00, 0x0F, 0xFF, 0xFF, 0xFF, 0xFF, 0xFF, 0xFF, 0xFF, 0xFF,
    0xFF, 0xFF, 0xFF, 0xFF, 0x03, 0xF0, 0x00, 0xFC, 0x00, 0x3F, 0x00, 0x0F, 0xC0, 0x00, 0x00, 0x00,
    0x00, 0x07, 0xFF, 0xFD, 0xFF, 0xFF, 0x7F, 0xFF, 0xDF, 0xFF, 0xF0, 0x01, 0xFC, 0x00, 0xFE, 0x00,
    0x7F, 0x00, 0x3F, 0x80, 0x1F, 0xC0, 0x0F, 0xE0, 0x07, 0xF0, 0x03, 0xF8, 0x00, 0xFC, 0x00, 0x7F,
    0x00, 0x3F, 0x80, 0x1F, 0xC0, 0x0F, 0xE0, 0x03, 0xFF, 0xFF, 0xFF, 0xFF, 0xFF, 0xFF, 0xFF, 0xFF,
    0xFC, 0x07, 0x87, 0x80, 0x78, 0xF0, 0x03, 0xDF, 0x00, 0x1F, 0xE0, 0x01, 0xFC, 0x00, 0x0F, 0xC0,
    0x00, 0x00, 0x00, 0x00, 0x00, 0x7F, 0xFF, 0xF7, 0xFF, 0xFF, 0x7F, 0xFF, 0xF7, 0xFF, 0xFF, 0x7F,
    0xFF, 0xF0, 0x00, 0x7F, 0x00, 0x0F, 0xE0, 0x01, 0xFC, 0x00, 0x3F, 0x80, 0x03, 0xF8, 0x00, 0x7F,
    0x00, 0x0F, 0xE0, 0x01, 0xFC, 0x00, 0x1F, 0xC0, 0x03, 0xF8, 0x00, 0x7F, 0x00, 0x0F, 0xE0, 0x00,
    0xFE, 0x00, 0x1F, 0xC0, 0x03, 0xF8, 0x00, 0x7F, 0x00, 0x0F, 0xF0, 0x00, 0xFF, 0xFF, 0xFF, 0xFF,
    0xFF, 0xFF, 0xFF, 0xFF, 0xFF, 0xFF, 0xFF, 0xFF, 0xF0, 0x0F, 0x0E, 0x03, 0xC7, 0x80, 0x7B, 0xC0,
    0x1F, 0xF0, 0x03, 0xF8, 0x00, 0x7E, 0x00, 0x00, 0x00, 0x00, 0x00, 0x7F, 0xFF, 0xDF, 0xFF, 0xF7,
    0xFF, 0xFD, 0xFF, 0xFF, 0x00, 0x1F, 0xC0, 0x0F, 0xE0, 0x07, 0xF0, 0x03, 0xF8, 0x01, 0xFC, 0x00,
    0xFE, 0x00, 0x3F, 0x80, 0x1F, 0xC0, 0x0F, 0xE0, 0x07, 0xF0, 0x03, 0xF8, 0x01, 0xFC, 0x00, 0xFE,
    0x00, 0x3F, 0xFF, 0xFF, 0xFF, 0xFF, 0xFF, 0xFF, 0xFF, 0xFF, 0xC0, 0x0F, 0xF1, 0xFF, 0x9F, 0xFD,
    0xFF, 0xEF, 0xE0, 0x7E, 0x03, 0xF0, 0x1F, 0x80, 0xFC, 0x07, 0xE0, 0x3F, 0x01, 0xF8, 0x0F, 0xC0,
    0x7E, 0x03, 0xF0, 0x1F, 0x80, 0xFC, 0x07, 0xE0, 0x3F, 0x01, 0xF8, 0x0F, 0xC0, 0x7E, 0x03, 0xF0,
    0x1F, 0x80, 0xFC, 0x07, 0xE0, 0x3F, 0x01, 0xF8, 0x0F, 0xC0, 0x00, 0x00, 0x00, 0x00, 0x7C, 0x00,
    0x00, 0x01, 0xF0, 0x07, 0xF8, 0x0F, 0xC0, 0xFF, 0xFC, 0x3F, 0x07, 0xFF, 0xFC, 0xF8, 0x7F, 0xFF,
    0xFF, 0xE1, 0xFF, 0xFF, 0xFF, 0x0F, 0xF0, 0x3F, 0xF0, 0x7F, 0x00, 0x3F, 0x81, 0xFC, 0x00, 0xFE,
    0x07, 0xE0, 0x01, 0xFC, 0x3F, 0x80, 0x07, 0xF0, 0xFC, 0x00, 0x0F, 0xC3, 0xF0, 0x00, 0x3F, 0x0F,
    0xC0, 0x00, 0xFC, 0x3F, 0x00, 0x03, 0xF0, 0xFC, 0x00, 0x0F, 0xC3, 0xF0, 0x00, 0x3F, 0x0F, 0xC0,
    0x00, 0xFC, 0x3F, 0x80, 0x07, 0xF0, 0x7E, 0x00, 0x1F, 0x81, 0xFC, 0x00, 0x7E, 0x07, 0xF0, 0x03,
    0xF8, 0x0F, 0xF0, 0x3F, 0xC0, 0x1F, 0xFF, 0xFE, 0x00, 0x7F, 0xFF, 0xF8, 0x00, 0xFF, 0xFF, 0xC0,
    0x00, 0xFF, 0xFC, 0x00, 0x00, 0x7F, 0x80, 0x00, 0x00, 0x00, 0x1F, 0x80, 0x00, 0x0F, 0xC0, 0x00,
    0x07, 0xE0, 0x7F, 0x83, 0xE0, 0xFF, 0xF3, 0xF0, 0xFF, 0xFF, 0xF0, 0xFF, 0xFF, 0xF0, 0xFE, 0x1F,
    0xF0, 0x7E, 0x07, 0xE0, 0x7F, 0x03, 0xF8, 0x3F, 0x00, 0xFC, 0x1F, 0x80, 0x7E, 0x0F, 0xC0, 0x3F,
    0x07, 0xE0, 0x1F, 0x83, 0xF0, 0x0F, 0xC1, 0xF8, 0x07, 0xE0, 0xFC, 0x03, 0xF0, 0x3F, 0x03, 0xF0,
    0x1F, 0x81, 0xF8, 0x0F, 0xE1, 0xFC, 0x03, 0xFF, 0xFC, 0x00, 0xFF, 0xFC, 0x00, 0x3F, 0xFC, 0x00,
    0x07, 0xF0, 0x00, 0x00, 0x00, 0x00, 0xFC, 0x00, 0x00, 0x03, 0xFF, 0xC0, 0x0F, 0xCF, 0xFF, 0x00,
    0x3F, 0x3E, 0xFC, 0x00, 0xFD, 0xFB, 0xF0, 0x03, 0xFF, 0xCF, 0xC0, 0x0F, 0xFE, 0x3F, 0x00, 0x3F,
    0xF0, 0xFC, 0x00, 0xFE, 0x03, 0xF0, 0x03, 0xF0, 0x0F, 0xC0, 0x0F, 0xC0, 0x3F, 0x00, 0x3F, 0x00,
    0xFC, 0x00, 0xFC, 0x03, 0xF0, 0x03, 0xF0, 0x0F, 0xC0, 0x0F, 0xC0, 0x3F, 0x00, 0x3F, 0x00, 0xFC,
    0x00, 0xFC, 0x03, 0xF0, 0x03, 0xF0, 0x0F, 0xC0, 0x0F, 0xC0, 0x3F, 0x00, 0x3F, 0x00, 0xFC, 0x00,
    0xFC, 0x03, 0xF8, 0x07, 0xF0, 0x0F, 0xE0, 0x1F, 0xC0, 0x1F, 0xC0, 0xFE, 0x00, 0x7F, 0xFF, 0xF8,
    0x00, 0xFF, 0xFF, 0xC0, 0x01, 0xFF, 0xFE, 0x00, 0x03, 0xFF, 0xE0, 0x00, 0x01, 0xFE, 0x00, 0x00,
    0x00, 0x00, 0x07, 0xE0, 0x00, 0x00, 0xFC, 0x00, 0x00, 0x1F, 0xFE, 0x03, 0xF3, 0xEF, 0xC0, 0x7E,
    0xFD, 0xF8, 0x0F, 0xFF, 0x3F, 0x01, 0xFF, 0xE7, 0xE0, 0x3F, 0xF0, 0xFC, 0x07, 0xF8, 0x1F, 0x80,
    0xFC, 0x03, 0xF0, 0x1F, 0x80, 0x7E, 0x03, 0xF0, 0x0F, 0xC0, 0x7E, 0x01, 0xF8, 0x0F, 0xC0, 0x3F,
    0x01, 0xF8, 0x07, 0xE0, 0x3F, 0x00, 0xFC, 0x07, 0xE0, 0x1F, 0x81, 0xFC, 0x03, 0xF8, 0x3F, 0x80,
    0x7F, 0x0F, 0xF0, 0x07, 0xFF, 0xFE, 0x00, 0xFF, 0xF7, 0xC0, 0x0F, 0xFC, 0xF8, 0x00, 0x7E, 0x1F,
    0x00, 0x00, 0x00, 0x00, 0x0F, 0x00, 0xF0, 0x00, 0x00, 0x00, 0x7C, 0x1F, 0x00, 0x00, 0x00, 0x01,
    0xF1, 0xF0, 0x00, 0x00, 0x00, 0x07, 0xFF, 0x00, 0x00, 0x00, 0x00, 0x1F, 0xF0, 0x00, 0x00, 0x00,
    0x00, 0x7F, 0x80, 0x00, 0x00, 0x00, 0x01, 0xF8, 0x00, 0x00, 0x00, 0x00, 0x00, 0x00, 0x00, 0x00,
    0x00, 0x00, 0x00, 0x07, 0xFF, 0xC0, 0x01, 0xFF, 0xFF, 0xFF, 0xFF, 0xC0, 0x0F, 0xFF, 0xFF, 0xFF,
    0xFF, 0x00, 0x7F, 0xFF, 0xFF, 0xFF, 0xFE, 0x03, 0xFF, 0xFF, 0xFE, 0x07, 0xF8, 0x00, 0x01, 0xFB,
    0xF0, 0x0F, 0xC0, 0x00, 0x1F, 0x9F, 0x80, 0x7F, 0x00, 0x00, 0xFC, 0xFC, 0x01, 0xF8, 0x00, 0x0F,
    0xC7, 0xE0, 0x0F, 0xC0, 0x00, 0xFC, 0x3F, 0x00, 0x3F, 0x00, 0x0F, 0xE1, 0xF8, 0x01, 0xF8, 0x00,
    0x7E, 0x0F, 0xC0, 0x0F, 0xC0, 0x07, 0xE0, 0x7E, 0x00, 0x7E, 0x00, 0x7F, 0x03, 0xF0, 0x03, 0xF0,
    0x03, 0xF0, 0x1F, 0x80, 0x1F, 0x80, 0x3F, 0x00, 0xFC, 0x00, 0xFC, 0x03, 0xF8, 0x07, 0xE0, 0x07,
    0xE0, 0x1F, 0x80, 0x3F, 0x00, 0x7F, 0x01, 0xF8, 0x01, 0xF8, 0x03, 0xF0, 0x1F, 0xC0, 0x0F, 0xC0,
    0x3F, 0x81, 0xFC, 0x00, 0x7E, 0x03, 0xF8, 0x0F, 0xC0, 0x03, 0xF0, 0x7F, 0xC0, 0xFE, 0x00, 0x1F,
    0xFF, 0xFC, 0x0F, 0xFF, 0xFF, 0xFF, 0xFF, 0xC0, 0x7F, 0xFF, 0xFF, 0xFF, 0xFC, 0x03, 0xFF, 0xFF,
    0xFF, 0xFF, 0x80, 0x1F, 0xFF, 0xFF, 0xFF, 0xF0, 0x00, 0xFF, 0xFF, 0xF0, 0x00, 0x00, 0x00, 0x3E,
    0x07, 0x80, 0x00, 0x00, 0x0F, 0x87, 0xBF, 0xFE, 0x00, 0x03, 0xEF, 0x9F, 0xFF, 0xE0, 0x00, 0xFF,
    0xCF, 0xFF, 0xF8, 0x00, 0x3F, 0xC7, 0xFF, 0xFF, 0x00, 0x00, 0x03, 0xF0, 0x3F, 0xC0, 0x00, 0x01,
    0xF8, 0x07, 0xE0, 0x00, 0x00, 0xFC, 0x03, 0xF8, 0x3F, 0xFF, 0xFE, 0x00, 0xFC, 0x1F, 0xFF, 0xFF,
    0x00, 0x7E, 0x0F, 0xFF, 0xFF, 0x80, 0x1F, 0x87, 0xFF, 0xFF, 0xC0, 0x0F, 0xC0, 0x03, 0xF7, 0xE0,
    0x07, 0xE0, 0x01, 0xFB, 0xF0, 0x03, 0xF0, 0x01, 0xF9, 0xF8, 0x01, 0xF8, 0x01, 0xF8, 0xFC, 0x00,
    0xFC, 0x00, 0xFC, 0x7E, 0x00, 0x7E, 0x00, 0xFC, 0x3F, 0x00, 0x3F, 0x00, 0xFC, 0x1F, 0x80, 0x3F,
    0x80, 0xFE, 0x0F, 0xC0, 0x1F, 0x80, 0x7E, 0x07, 0xE0, 0x1F, 0xC0, 0x7E, 0x03, 0xF0, 0x1F, 0xC0,
    0x7F, 0x01, 0xF8, 0x3F, 0xE0, 0x3F, 0x00, 0xFF, 0xFF, 0xE0, 0x3F, 0x00, 0x7F, 0xFF, 0xE0, 0x3F,
    0xFF, 0xFF, 0xFF, 0xE0, 0x1F, 0xFF, 0xFF, 0xFF, 0xC0, 0x0F, 0xFF, 0xFF, 0xFF, 0x80, 0x07, 0xFF,
    0xF8, 0x00, 0x07, 0xE0, 0xF8, 0x1E, 0x00, 0x0F, 0xC0, 0xF8, 0x78, 0x00, 0x1F, 0x80, 0xFB, 0xF0,
    0x00, 0x3F, 0x00, 0xFF, 0xC0, 0x00, 0x7E, 0x00, 0xFF, 0x00, 0x00, 0xFC, 0x01, 0xFC, 0x00, 0x01,
    0xF8, 0x00, 0x00, 0x00, 0x03, 0xF0, 0x00, 0x00, 0x07, 0xC7, 0xE0, 0xFF, 0xFE, 0x3F, 0xEF, 0xC1,
    0xFF, 0xFC, 0xFF, 0xFF, 0x83, 0xFF, 0xF9, 0xFF, 0xFF, 0x07, 0xFF, 0xF7, 0xF1, 0xFE, 0x00, 0x0F,
    0xCF, 0xC1, 0xFC, 0x00, 0x1F, 0xBF, 0x81, 0xF8, 0x00, 0x7E, 0x7E, 0x03, 0xF0, 0x01, 0xF8, 0xFC,
    0x07, 0xE0, 0x03, 0xF1, 0xF8, 0x0F, 0xC0, 0x0F, 0xC3, 0xF0, 0x1F, 0x80, 0x3F, 0x07, 0xE0, 0x3F,
    0x00, 0xFE, 0x0F, 0xC0, 0x7E, 0x01, 0xF8, 0x1F, 0x80, 0xFC, 0x07, 0xE0, 0x3F, 0x81, 0xF8, 0x1F,
    0xC0, 0x3F, 0x03, 0xF0, 0x3F, 0x00, 0x7F, 0x0F, 0xE0, 0xFC, 0x00, 0xFF, 0xFF, 0xC3, 0xFF, 0xFC,
    0xFF, 0xFF, 0x87, 0xFF, 0xF8, 0xFF, 0x9F, 0x0F, 0xFF, 0xF0, 0x7C, 0x3E, 0x1F, 0xFF, 0xE0, 0xFC,
    0x00, 0x07, 0xFF, 0x80, 0x00, 0xFF, 0xF0, 0x00, 0x1F, 0xFE, 0x00, 0x03, 0xFF, 0xC0, 0x00, 0x7F,
    0xF8, 0x00, 0x0F, 0xFF, 0x00, 0x01, 0xFF, 0xE0, 0x00, 0x3F, 0xFC, 0x00, 0x07, 0xFF, 0x80, 0x00,
    0xFF, 0xF0, 0x00, 0x1F, 0xFE, 0x00, 0x03, 0xFF, 0xC0, 0x00, 0x7F, 0xF8, 0x00, 0x0F, 0xFF, 0x00,
    0x01, 0xFF, 0xE0, 0x00, 0x3F, 0xFC, 0x00, 0x07, 0xFF, 0x80, 0x00, 0xFF, 0xF0, 0x00, 0x1F, 0xFE,
    0x00, 0x03, 0xFF, 0xC0, 0x00, 0x7F, 0xF8, 0x00, 0x0F, 0xFF, 0xFF, 0xC1, 0xFF, 0xFF, 0xF8, 0x3F,
    0xFF, 0xFF, 0x07, 0xFF, 0xFF, 0xE0, 0xFF, 0xFF, 0xFC, 0x1F, 0x80, 0x00, 0x03, 0xF0, 0x00, 0x00,
    0xFE, 0x00, 0x00, 0x1F, 0x80, 0x00, 0x7F, 0xF0, 0x00, 0x0F, 0xFE, 0x00, 0x01, 0xFF, 0x80, 0x00,
    0x3F, 0xE0, 0x00, 0x07, 0xF0, 0x00, 0x00, 0x00, 0x03, 0xC0, 0x00, 0x00, 0xFF, 0xF0, 0x00, 0x1F,
    0xFE, 0x00, 0x03, 0xFF, 0xC0, 0x00, 0x3D, 0xF8, 0x00, 0x00, 0x3F, 0x00, 0x00, 0x07, 0xE0, 0x00,
    0x00, 0xFC, 0x00, 0x07, 0xFF, 0x80, 0x00, 0xFF, 0xF0, 0x00, 0x1F, 0xFE, 0x00, 0x03, 0xFF, 0xC0,
    0x00, 0x7F, 0xF8, 0x00, 0x0F, 0xFF, 0x00, 0x01, 0xFF, 0xE0, 0x00, 0x3F, 0xFC, 0x00, 0x07, 0xFF,
    0x80, 0x00, 0xFF, 0xF0, 0x00, 0x1F, 0xFE, 0x00, 0x03, 0xFF, 0xC0, 0x00, 0x7F, 0xF8, 0x00, 0x0F,
    0xFF, 0x00, 0x01, 0xFF, 0xE0, 0x00, 0x3F, 0xFF, 0xFF, 0x87, 0xFF, 0xFF, 0xF0, 0xFF, 0xFF, 0xFE,
    0x1F, 0xFF, 0xFF, 0xC3, 0xFF, 0xFF, 0xF8, 0x7E, 0x00, 0x00, 0x0F, 0xC0, 0x00, 0x01, 0xF8, 0x00,
    0x00, 0x3F, 0x00, 0x00, 0x07, 0xE0, 0x00, 0x01, 0xFC, 0x00, 0x03, 0xFF, 0x00, 0x00, 0x7F, 0xE0,
    0x00, 0x0F, 0xF8, 0x00, 0x01, 0xFC, 0x00, 0xFC, 0x0F, 0x7E, 0x0F, 0xFF, 0x07, 0xFF, 0x83, 0xFF,
    0xC0, 0xF7, 0xE0, 0x03, 0xF0, 0x01, 0xF8, 0x00, 0xFC, 0x1F, 0xFE, 0x0F, 0xFF, 0x07, 0xFF, 0x83,
    0xFF, 0xC1, 0xFF, 0xE0, 0xFF, 0xF0, 0x7F, 0xF8, 0x3F, 0xFC, 0x1F, 0xFE, 0x0F, 0xFF, 0x07, 0xFF,
    0x83, 0xFF, 0xC1, 0xFF, 0xE0, 0xFF, 0xF0, 0x7F, 0xF8, 0x3F, 0xFC, 0x1F, 0xFE, 0x0F, 0xFF, 0x07,
    0xFF, 0x83, 0xFF, 0xC1, 0xF8, 0x00, 0xFC, 0x00, 0x7E, 0x00, 0x3F, 0x00, 0x1F, 0x80, 0x1F, 0xC0,
    0x7F, 0xC0, 0x3F, 0xE0, 0x1F, 0xE0, 0x0F, 0xC0, 0xFF, 0x00, 0x1F, 0x03, 0xFF, 0xF0, 0x01, 0xF0,
    0x3F, 0xFF, 0x80, 0x1F, 0x03, 0xFF, 0xF8, 0x01, 0xF0, 0x3F, 0xFF, 0xC0, 0x1F, 0x03, 0xFF, 0xFC,
    0x01, 0xF0, 0x3F, 0xFF, 0xE0, 0x1F, 0x03, 0xFF, 0xBF, 0x01, 0xF0, 0x3F, 0xFB, 0xF0, 0x1F, 0x03,
    0xFF, 0x9F, 0x81, 0xF0, 0x3F, 0xF9, 0xF8, 0x1F, 0x03, 0xFF, 0x8F, 0xC1, 0xF0, 0x3F, 0xF8, 0xFE,
    0x1F, 0x03, 0xFF, 0x87, 0xE1, 0xF0, 0x3F, 0xF8, 0x3F, 0x1F, 0x03, 0xFF, 0x83, 0xF1, 0xF0, 0x3F,
    0xF8, 0x1F, 0x9F, 0x03, 0xFF, 0x81, 0xF9, 0xF0, 0x3F, 0xF8, 0x0F, 0xDF, 0x03, 0xFF, 0x80, 0xFF,
    0xF0, 0x3F, 0xF8, 0x07, 0xFF, 0x03, 0xFF, 0x80, 0x3F, 0xF0, 0x3F, 0xF8, 0x03, 0xFF, 0x03, 0xFF,
    0x80, 0x1F, 0xF0, 0x3F, 0xF8, 0x01, 0xFF, 0x03, 0xFF, 0x80, 0x0F, 0xF0, 0x3F, 0xF8, 0x00, 0xFF,
    0x03, 0xF0, 0x00, 0x00, 0x00, 0x3F, 0x00, 0x00, 0x00, 0x07, 0xF0, 0x00, 0x00, 0x00, 0x7E, 0x00,
    0x00, 0x00, 0x7F, 0xE0, 0x00, 0x00, 0x07, 0xFE, 0x00, 0x00, 0x00, 0x7F, 0xC0, 0x00, 0x00, 0x07,
    0xF8, 0x00, 0x00, 0x00, 0x7E, 0x00, 0x00, 0x00, 0x00, 0x01, 0xE0, 0x00, 0x00, 0x00, 0x3F, 0xFF,
    0x00, 0x1F, 0x03, 0xFF, 0xF0, 0x01, 0xF0, 0x3F, 0xFF, 0x80, 0x1F, 0x01, 0xEF, 0xF8, 0x01, 0xF0,
    0x00, 0xFF, 0xC0, 0x1F, 0x00, 0x0F, 0xFE, 0x01, 0xF0, 0x00, 0xFF, 0xE0, 0x1F, 0x03, 0xFF, 0xBF,
    0x01, 0xF0, 0x3F, 0xFB, 0xF0, 0x1F, 0x03, 0xFF, 0x9F, 0x81, 0xF0, 0x3F, 0xF9, 0xF8, 0x1F, 0x03,
    0xFF, 0x8F, 0xC1, 0xF0, 0x3F, 0xF8, 0x7E, 0x1F, 0x03, 0xFF, 0x87, 0xE1, 0xF0, 0x3F, 0xF8, 0x3F,
    0x1F, 0x03, 0xFF, 0x83, 0xF1, 0xF0, 0x3F, 0xF8, 0x1F, 0x9F, 0x03, 0xFF, 0x81, 0xF9, 0xF0, 0x3F,
    0xF8, 0x0F, 0xDF, 0x03, 0xFF, 0x80, 0x7F, 0xF0, 0x3F, 0xF8, 0x07, 0xFF, 0x03, 0xFF, 0x80, 0x3F,
    0xF0, 0x3F, 0xF8, 0x03, 0xFF, 0x03, 0xFF, 0x80, 0x1F, 0xF0, 0x3F, 0xF8, 0x01, 0xFF, 0x03, 0xFF,
    0x80, 0x0F, 0xF0, 0x3F, 0xF8, 0x00, 0xFF, 0x03, 0xF0, 0x00, 0x00, 0x00, 0x3F, 0x00, 0x00, 0x00,
    0x03, 0xF0, 0x00, 0x00, 0x00, 0x3F, 0x00, 0x00, 0x00, 0x03, 0xF0, 0x00, 0x00, 0x00, 0x7F, 0x00,
    0x00, 0x00, 0x7F, 0xE0, 0x00, 0x00, 0x07, 0xFE, 0x00, 0x00, 0x00, 0x7F, 0xC0, 0x00, 0x00, 0x07,
    0xF0, 0x00, 0x00, 0x00, 0x78, 0x00, 0x00, 0x03, 0xF0, 0x00, 0x00, 0x0F, 0xC0, 0x00, 0x00, 0x3F,
    0x00, 0x00, 0x00, 0x78, 0x00, 0x00, 0x00, 0x00, 0x00, 0x00, 0x00, 0x00, 0x00, 0x00, 0x00, 0xF8,
    0x7E, 0x00, 0xFF, 0xE7, 0xFE, 0x03, 0xFF, 0xBF, 0xFC, 0x0F, 0xFF, 0xFF, 0xF0, 0x3F, 0xFF, 0x0F,
    0xE0, 0xFF, 0xF8, 0x3F, 0x83, 0xFF, 0xE0, 0x7E, 0x0F, 0xFF, 0x01, 0xF8, 0x3F, 0xFC, 0x07, 0xE0,
    0xFF, 0xF0, 0x1F, 0x83, 0xFF, 0xC0, 0x7E, 0x0F, 0xFF, 0x01, 0xF8, 0x3F, 0xFC, 0x07, 0xE0, 0xFF,
    0xF0, 0x1F, 0x83, 0xFF, 0xC0, 0x7E, 0x0F, 0xFF, 0x01, 0xF8, 0x3F, 0xFC, 0x07, 0xE0, 0xFF, 0xF0,
    0x1F, 0x83, 0xFF, 0xC0, 0x7E, 0x0F, 0xFF, 0x01, 0xF8, 0x3F, 0xFC, 0x07, 0xE0, 0xFC, 0x00, 0x00,
    0x03, 0xF0, 0x00, 0x00, 0x0F, 0xC0, 0x00, 0x00, 0x3F, 0x00, 0x00, 0x00, 0xFC, 0x00, 0x00, 0x07,
    0xF0, 0x00, 0x00, 0xFF, 0x80, 0x00, 0x03, 0xFE, 0x00, 0x00, 0x0F, 0xF0, 0x00, 0x00, 0x3F, 0x00,
    0x01, 0xE1, 0xE0, 0x00, 0x78, 0xF0, 0x00, 0x0F, 0x7C, 0x00, 0x03, 0xFE, 0x00, 0x00, 0x7F, 0x00,
    0x00, 0x0F, 0xC0, 0x00, 0x00, 0x00, 0x00, 0x00, 0x00, 0x00, 0x00, 0x7F, 0x00, 0x00, 0x1F, 0xE0,
    0x00, 0x0F, 0xF8, 0x00, 0x03, 0xFE, 0x00, 0x00, 0xFF, 0xC0, 0x00, 0x7F, 0xF0, 0x00, 0x1F, 0x7C,
    0x00, 0x07, 0xDF, 0x80, 0x03, 0xF3, 0xE0, 0x00, 0xF8, 0xF8, 0x00, 0x3E, 0x3F, 0x00, 0x1F, 0x87,
    0xC0, 0x07, 0xC1, 0xF0, 0x03, 0xF0, 0x7E, 0x00, 0xFC, 0x0F, 0x80, 0x3E, 0x03, 0xF0, 0x1F, 0xFF,
    0xFC, 0x07, 0xFF, 0xFF, 0x01, 0xFF, 0xFF, 0xE0, 0xFF, 0xFF, 0xF8, 0x3F, 0xFF, 0xFE, 0x0F, 0x80,
    0x0F, 0xC7, 0xE0, 0x03, 0xF1, 0xF8, 0x00, 0x7C, 0x7C, 0x00, 0x1F, 0xBF, 0x00, 0x07, 0xEF, 0xC0,
    0x00, 0xF8, 0x0F, 0x0F, 0x00, 0xF9, 0xE0, 0x07, 0xBE, 0x00, 0x3F, 0xC0, 0x03, 0xF8, 0x00, 0x1F,
    0x80, 0x00, 0x00, 0x00, 0x00, 0x00, 0x03, 0xFC, 0x00, 0xFF, 0xF0, 0x3F, 0xFF, 0x83, 0xFF, 0xFC,
    0x7F, 0x0F, 0xC7, 0xE0, 0xFE, 0xFC, 0x07, 0xE0, 0x00, 0x7E, 0x00, 0x3F, 0xE0, 0x7F, 0xFE, 0x1F,
    0xFF, 0xE7, 0xFF, 0xFE, 0x7F, 0x07, 0xEF, 0xC0, 0x7E, 0xFC, 0x07, 0xEF, 0xC0, 0xFE, 0xFE, 0x1F,
    0xFF, 0xFF, 0xFF, 0x7F, 0xFB, 0xF3, 0xFF, 0x1F, 0x0F, 0xC0, 0xF0, 0xF0, 0x0F, 0x78, 0x1E, 0x3E,
    0x7E, 0x3F, 0xFC, 0x1F, 0xF8, 0x0F, 0xF0, 0x07, 0xE0, 0x00, 0x00, 0x00, 0x00, 0x3F, 0xFC, 0x3F,
    0xFC, 0x3F, 0xFC, 0x3F, 0xFC, 0x0F, 0xF0, 0x07, 0xE0, 0x07, 0xE0, 0x07, 0xE0, 0x07, 0xE0, 0x07,
    0xE0, 0x07, 0xE0, 0x07, 0xE0, 0x07, 0xE0, 0x07, 0xE0, 0x07, 0xE0, 0x07, 0xE0, 0x07, 0xE0, 0x07,
    0xE0, 0x07, 0xE0, 0x07, 0xE0, 0x07, 0xE0, 0x07, 0xE0, 0x0F, 0xF0, 0x3F, 0xFC, 0x3F, 0xFC, 0x3F,
    0xFC, 0x3F, 0xFC, 0xF8, 0x0F, 0xBE, 0x1F, 0x8F, 0xDF, 0x83, 0xFF, 0x80, 0xFF, 0x80, 0x3F, 0x80,
    0x00, 0x00, 0x00, 0x00, 0x07, 0xE0, 0x03, 0xF0, 0x01, 0xF8, 0x00, 0xFC, 0x00, 0x7E, 0x00, 0x3F,
    0x00, 0x1F, 0x80, 0x0F, 0xC0, 0x07, 0xE0, 0x03, 0xF0, 0x01, 0xF8, 0x00, 0xFC, 0x00, 0x7E, 0x00,
    0x3F, 0x00, 0x1F, 0x80, 0x0F, 0xC0, 0x07, 0xE0, 0x03, 0xF0, 0x01, 0xF8, 0x00, 0xFC, 0x00, 0x7E,
    0x00, 0x07, 0x80, 0x78, 0x01, 0xE0, 0x78, 0x00, 0x7C, 0xF8, 0x00, 0x1F, 0xF8, 0x00, 0x0F, 0xFC,
    0x00, 0x03, 0xFC, 0x00, 0x00, 0xFC, 0x00, 0x00, 0x00, 0x00, 0x00, 0x00, 0x00, 0x00, 0x7F, 0xC0,
    0x00, 0xFF, 0xF8, 0x01, 0xFF, 0xFF, 0x01, 0xFF, 0xFF, 0xC1, 0xFF, 0xFF, 0xF0, 0xFF, 0x07, 0xF8,
    0xFE, 0x00, 0xFE, 0x7E, 0x00, 0x3F, 0x3F, 0x00, 0x1F, 0xBF, 0x00, 0x0F, 0xFF, 0x80, 0x03, 0xFF,
    0xC0, 0x01, 0xFF, 0xE0, 0x00, 0xFF, 0xF0, 0x00, 0x7F, 0xF8, 0x00, 0x3F, 0xFC, 0x00, 0x1F, 0xFE,
    0x00, 0x0F, 0xFF, 0x80, 0x0F, 0xEF, 0xC0, 0x07, 0xE7, 0xE0, 0x03, 0xF3, 0xF8, 0x03, 0xF8, 0xFF,
    0x07, 0xF8, 0x7F, 0xFF, 0xFC, 0x1F, 0xFF, 0xFC, 0x07, 0xFF, 0xFC, 0x00, 0xFF, 0xF8, 0x00, 0x1F,
    0xF0, 0x00, 0x1E, 0x03, 0xC0, 0xF8, 0xF8, 0x0F, 0xDF, 0x80, 0x7F, 0xF0, 0x03, 0xFE, 0x00, 0x1F,
    0xC0, 0x00, 0x00, 0x00, 0x00, 0x00, 0x03, 0xFC, 0x00, 0xFF, 0xF0, 0x1F, 0xFF, 0x83, 0xFF, 0xFC,
    0x7F, 0x0F, 0xE7, 0xE0, 0x7E, 0xFE, 0x07, 0xEF, 0xC0, 0x3F, 0xFC, 0x03, 0xFF, 0xC0, 0x3F, 0xFC,
    0x03, 0xFF, 0xC0, 0x3F, 0xFC, 0x03, 0xFF, 0xC0, 0x3F, 0x7E, 0x07, 0xE7, 0xE0, 0x7E, 0x7F, 0x0F,
    0xE3, 0xFF, 0xFC, 0x1F, 0xFF, 0x80, 0xFF, 0xF0, 0x03, 0xFC, 0x00, 0x1E, 0x01, 0xE0, 0x3E, 0x0F,
    0x00, 0x7C, 0xF8, 0x00, 0xFF, 0xC0, 0x01, 0xFF, 0x00, 0x07, 0xF8, 0x00, 0x0F, 0xC0, 0x00, 0x00,
    0x00, 0x00, 0x00, 0x03, 0xF0, 0x03, 0xFF, 0xC0, 0x0F, 0xFF, 0x00, 0x3F, 0xFC, 0x00, 0xFF, 0xF0,
    0x03, 0xFF, 0xC0, 0x0F, 0xFF, 0x00, 0x3F, 0xFC, 0x00, 0xFF, 0xF0, 0x03, 0xFF, 0xC0, 0x0F, 0xFF,
    0x00, 0x3F, 0xFC, 0x00, 0xFF, 0xF0, 0x03, 0xFF, 0xC0, 0x0F, 0xFF, 0x00, 0x3F, 0xFC, 0x00, 0xFF,
    0xF0, 0x03, 0xFF, 0xC0, 0x0F, 0xFF, 0x00, 0x3F, 0xFE, 0x01, 0xFF, 0xF8, 0x07, 0xF7, 0xF8, 0x3F,
    0x9F, 0xFF, 0xFE, 0x3F, 0xFF, 0xF0, 0x7F, 0xFF, 0x80, 0xFF, 0xFC, 0x00, 0x7F, 0x80, 0x3E, 0x07,
    0xC3, 0xE1, 0xF0, 0x3E, 0x7C, 0x03, 0xFF, 0x00, 0x3F, 0xC0, 0x03, 0xF0, 0x00, 0x00, 0x00, 0x00,
    0x00, 0xFC, 0x07, 0xFF, 0x80, 0xFF, 0xF0, 0x1F, 0xFE, 0x03, 0xFF, 0xC0, 0x7F, 0xF8, 0x0F, 0xFF,
    0x01, 0xFF, 0xE0, 0x3F, 0xFC, 0x07, 0xFF, 0x80, 0xFF, 0xF0, 0x1F, 0xFE, 0x03, 0xFF, 0xC0, 0x7F,
    0xF8, 0x0F, 0xFF, 0x03, 0xFF, 0xF0, 0x7F, 0xFE, 0x1F, 0xEF, 0xFF, 0xFD, 0xFF, 0xEF, 0x9F, 0xF9,
    0xF0, 0xFC, 0x3E, 0x07, 0xFF, 0x80, 0x1F, 0xFE, 0x00, 0x7F, 0xF8, 0x01, 0xFF, 0xE0, 0x00, 0x00,
    0x00, 0x0E, 0x1C, 0x00, 0x7C, 0xF8, 0x01, 0xF3, 0xE0, 0x03, 0x87, 0x00, 0x00, 0x00, 0x00, 0x00,
    0x00, 0x00, 0x00, 0x00, 0xFC, 0x00, 0xFF, 0xF0, 0x03, 0xFF, 0xC0, 0x0F, 0xFF, 0x00, 0x3F, 0xFC,
    0x00, 0xFF, 0xF0, 0x03, 0xFF, 0xC0, 0x0F, 0xFF, 0x00, 0x3F, 0xFC, 0x00, 0xFF, 0xF0, 0x03, 0xFF,
    0xC0, 0x0F, 0xFF, 0x00, 0x3F, 0xFC, 0x00, 0xFF, 0xF0, 0x03, 0xFF, 0xC0, 0x0F, 0xFF, 0x00, 0x3F,
    0xFC, 0x00, 0xFF, 0xF0, 0x03, 0xFF, 0xC0, 0x0F, 0xFF, 0x80, 0x7F, 0xFE, 0x01, 0xFD, 0xFE, 0x0F,
    0xE7, 0xFF, 0xFF, 0x8F, 0xFF, 0xFC, 0x1F, 0xFF, 0xE0, 0x3F, 0xFF, 0x00, 0x1F, 0xE0, 0x00, 0x1F,
    0xFF, 0x03, 0xFF, 0xE0, 0x7F, 0xFC, 0x0F, 0xFF, 0x80, 0x00, 0x00, 0x00, 0x00, 0x03, 0x83, 0x80,
    0xF8, 0xF8, 0x1F, 0x1F, 0x01, 0xC1, 0xC0, 0x00, 0x00, 0x00, 0x00, 0x0F, 0xC0, 0x7F, 0xF8, 0x0F,
    0xFF, 0x01, 0xFF, 0xE0, 0x3F, 0xFC, 0x07, 0xFF, 0x80, 0xFF, 0xF0, 0x1F, 0xFE, 0x03, 0xFF, 0xC0,
    0x7F, 0xF8, 0x0F, 0xFF, 0x01, 0xFF, 0xE0, 0x3F, 0xFC, 0x07, 0xFF, 0x80, 0xFF, 0xF0, 0x3F, 0xFF,
    0x07, 0xFF, 0xE1, 0xFE, 0xFF, 0xFF, 0xDF, 0xFE, 0xF9, 0xFF, 0x9F, 0x0F, 0xC3, 0xE0, 0x00, 0x1F,
    0xC0, 0x00, 0x7E, 0x00, 0x03, 0xF0, 0x00, 0x0F, 0x00, 0x00, 0x78, 0x00, 0x00, 0x00, 0x00, 0x38,
    0x70, 0x01, 0xF3, 0xE0, 0x07, 0xCF, 0x80, 0x0E, 0x1C, 0x00, 0x00, 0x00, 0x00, 0x00, 0x00, 0x00,
    0x00, 0x03, 0xF0, 0x03, 0xFF, 0xC0, 0x0F, 0xFF, 0x00, 0x3F, 0xFC, 0x00, 0xFF, 0xF0, 0x03, 0xFF,
    0xC0, 0x0F, 0xFF, 0x00, 0x3F, 0xFC, 0x00, 0xFF, 0xF0, 0x03, 0xFF, 0xC0, 0x0F, 0xFF, 0x00, 0x3F,
    0xFC, 0x00, 0xFF, 0xF0, 0x03, 0xFF, 0xC0, 0x0F, 0xFF, 0x00, 0x3F, 0xFC, 0x00, 0xFF, 0xF0, 0x03,
    0xFF, 0xC0, 0x0F, 0xFF, 0x00, 0x3F, 0xFE, 0x01, 0xFF, 0xF8, 0x07, 0xF7, 0xF8, 0x3F, 0x9F, 0xFF,
    0xFE, 0x3F, 0xFF, 0xF0, 0x7F, 0xFF, 0x80, 0xFF, 0xFC, 0x00, 0x7F, 0x80, 0x00, 0x3F, 0x80, 0x07,
    0xE0, 0x01, 0xF0, 0x00, 0x7C, 0x00, 0x1F, 0x00, 0x00, 0x00, 0x03, 0x83, 0x80, 0xF8, 0xF8, 0x1F,
    0x1F, 0x01, 0xC1, 0xC0, 0x00, 0x00, 0x00, 0x00, 0x0F, 0xC0, 0x7F, 0xF8, 0x0F, 0xFF, 0x01, 0xFF,
    0xE0, 0x3F, 0xFC, 0x07, 0xFF, 0x80, 0xFF, 0xF0, 0x1F, 0xFE, 0x03, 0xFF, 0xC0, 0x7F, 0xF8, 0x0F,
    0xFF, 0x01, 0xFF, 0xE0, 0x3F, 0xFC, 0x07, 0xFF, 0x80, 0xFF, 0xF0, 0x3F, 0xFF, 0x07, 0xFF, 0xE1,
    0xFE, 0xFF, 0xFF, 0xDF, 0xFE, 0xF9, 0xFF, 0x9F, 0x0F, 0xC1, 0xE0, 0x0F, 0x03, 0xC0, 0x1F, 0x3E,
    0x00, 0x1F, 0xF0, 0x00, 0x7F, 0x80, 0x00, 0xFC, 0x00, 0x00, 0x00, 0x00, 0x38, 0x70, 0x01, 0xF3,
    0xE0, 0x07, 0xCF, 0x80, 0x0E, 0x1C, 0x00, 0x00, 0x00, 0x00, 0x00, 0x00, 0x00, 0x00, 0x03, 0xF0,
    0x03, 0xFF, 0xC0, 0x0F, 0xFF, 0x00, 0x3F, 0xFC, 0x00, 0xFF, 0xF0, 0x03, 0xFF, 0xC0, 0x0F, 0xFF,
    0x00, 0x3F, 0xFC, 0x00, 0xFF, 0xF0, 0x03, 0xFF, 0xC0, 0x0F, 0xFF, 0x00, 0x3F, 0xFC, 0x00, 0xFF,
    0xF0, 0x03, 0xFF, 0xC0, 0x0F, 0xFF, 0x00, 0x3F, 0xFC, 0x00, 0xFF, 0xF0, 0x03, 0xFF, 0xC0, 0x0F,
    0xFF, 0x00, 0x3F, 0xFE, 0x01, 0xFF, 0xF8, 0x07, 0xF7, 0xF8, 0x3F, 0x9F, 0xFF, 0xFE, 0x3F, 0xFF,
    0xF0, 0x7F, 0xFF, 0x80, 0xFF, 0xFC, 0x00, 0x7F, 0x80, 0x3C, 0x03, 0x83, 0xC1, 0xE0, 0x3E, 0xF8,
    0x03, 0xFE, 0x00, 0x3F, 0x80, 0x03, 0xE0, 0x00, 0x00, 0x00, 0x70, 0x70, 0x1F, 0x1F, 0x03, 0xE3,
    0xE0, 0x38, 0x38, 0x00, 0x00, 0x00, 0x00, 0x01, 0xF8, 0x0F, 0xFF, 0x01, 0xFF, 0xE0, 0x3F, 0xFC,
    0x07, 0xFF, 0x80, 0xFF, 0xF0, 0x1F, 0xFE, 0x03, 0xFF, 0xC0, 0x7F, 0xF8, 0x0F, 0xFF, 0x01, 0xFF,
    0xE0, 0x3F, 0xFC, 0x07, 0xFF, 0x80, 0xFF, 0xF0, 0x1F, 0xFE, 0x07, 0xFF, 0xE0, 0xFF, 0xFC, 0x3F,
    0xDF, 0xFF, 0xFB, 0xFF, 0xDF, 0x3F, 0xF3, 0xE1, 0xF8, 0x3C, 0x0F, 0xC0, 0x00, 0x1F, 0x80, 0x00,
    0x3F, 0x00, 0x00, 0x3C, 0x00, 0x00, 0x78, 0x00, 0x00, 0x00, 0x00, 0x38, 0x70, 0x01, 0xF3, 0xE0,
    0x07, 0xCF, 0x80, 0x0E, 0x1C, 0x00, 0x00, 0x00, 0x00, 0x00, 0x00, 0x00, 0x00, 0x03, 0xF0, 0x03,
    0xFF, 0xC0, 0x0F, 0xFF, 0x00, 0x3F, 0xFC, 0x00, 0xFF, 0xF0, 0x03, 0xFF, 0xC0, 0x0F, 0xFF, 0x00,
    0x3F, 0xFC, 0x00, 0xFF, 0xF0, 0x03, 0xFF, 0xC0, 0x0F, 0xFF, 0x00, 0x3F, 0xFC, 0x00, 0xFF, 0xF0,
    0x03, 0xFF, 0xC0, 0x0F, 0xFF, 0x00, 0x3F, 0xFC, 0x00, 0xFF, 0xF0, 0x03, 0xFF, 0xC0, 0x0F, 0xFF,
    0x00, 0x3F, 0xFE, 0x01, 0xFF, 0xF8, 0x07, 0xF7, 0xF8, 0x3F, 0x9F, 0xFF, 0xFE, 0x3F, 0xFF, 0xF0,
    0x7F, 0xFF, 0x80, 0xFF, 0xFC, 0x00, 0x7F, 0x80, 0x3F, 0x80, 0x03, 0xF0, 0x00, 0x1F, 0x00, 0x01,
    0xF0, 0x00, 0x1F, 0x00, 0x00, 0x00, 0x03, 0x83, 0x80, 0xF8, 0xF8, 0x1F, 0x1F, 0x01, 0xC1, 0xC0,
    0x00, 0x00, 0x00, 0x00, 0x0F, 0xC0, 0x7F, 0xF8, 0x0F, 0xFF, 0x01, 0xFF, 0xE0, 0x3F, 0xFC, 0x07,
    0xFF, 0x80, 0xFF, 0xF0, 0x1F, 0xFE, 0x03, 0xFF, 0xC0, 0x7F, 0xF8, 0x0F, 0xFF, 0x01, 0xFF, 0xE0,
    0x3F, 0xFC, 0x07, 0xFF, 0x80, 0xFF, 0xF0, 0x3F, 0xFF, 0x07, 0xFF, 0xE1, 0xFE, 0xFF, 0xFF, 0xDF,
    0xFE, 0xF9, 0xFF, 0x9F, 0x0F, 0xC1, 0xE0, 0x0F, 0xF0, 0x0F, 0xFF, 0xC1, 0xFF, 0xFC, 0x3F, 0xFF,
    0xC7, 0x03, 0xFC, 0x00, 0x1F, 0x80, 0x03, 0xF0, 0x00, 0x3F, 0x00, 0x07, 0xFF, 0xFF, 0xFF, 0xFF,
    0xFF, 0xFF, 0xFF, 0xFF, 0xFF, 0xFF, 0xF8, 0x0F, 0xFF, 0x01, 0xF3, 0xF0, 0x7E, 0x7F, 0x1F, 0xC7,
    0xFF, 0xF0, 0xFF, 0xFC, 0x07, 0xFF, 0x00, 0x3F, 0x80, 0x01, 0xFF, 0xE0, 0x00, 0x7F, 0xF8, 0x00,
    0x1F, 0xFE, 0x00, 0x07, 0xFF, 0x80, 0x00, 0x00, 0x00, 0x00, 0x00, 0x00, 0x00, 0x0E, 0x1C, 0x00,
    0x07, 0xCF, 0x80, 0x01, 0xF3, 0xE0, 0x00, 0x38, 0x70, 0x00, 0x00, 0x00, 0x00, 0x00, 0x00, 0x00,
    0x00, 0x3F, 0x00, 0x00, 0x1F, 0xE0, 0x00, 0x07, 0xF8, 0x00, 0x03, 0xFE, 0x00, 0x00, 0xFF, 0xC0,
    0x00, 0x3F, 0xF0, 0x00, 0x1F, 0xBE, 0x00, 0x07, 0xCF, 0x80, 0x01, 0xF3, 0xE0, 0x00, 0xFC, 0xFC,
    0x00, 0x3F, 0x1F, 0x00, 0x0F, 0x87, 0xC0, 0x07, 0xE1, 0xF8, 0x01, 0xF8, 0x7E, 0x00, 0x7C, 0x0F,
    0x80, 0x3F, 0x03, 0xF0, 0x0F, 0xFF, 0xFC, 0x03, 0xFF, 0xFF, 0x01, 0xFF, 0xFF, 0xE0, 0x7F, 0xFF,
    0xF8, 0x3F, 0xFF, 0xFE, 0x0F, 0xC0, 0x0F, 0xC3, 0xF0, 0x03, 0xF1, 0xFC, 0x00, 0xFE, 0x7E, 0x00,
    0x1F, 0x9F, 0x80, 0x07, 0xEF, 0xE0, 0x01, 0xFC, 0x1F, 0xFF, 0x07, 0xFF, 0xC1, 0xFF, 0xF0, 0x7F,
    0xFC, 0x00, 0x00, 0x00, 0x00, 0x00, 0xE0, 0xE0, 0x7C, 0x7C, 0x1F, 0x1F, 0x03, 0x83, 0x80, 0x00,
    0x00, 0x00, 0x00, 0x07, 0xFC, 0x0F, 0xFF, 0xC3, 0xFF, 0xF8, 0x7F, 0xFE, 0x1C, 0x1F, 0xC0, 0x03,
    0xF0, 0x00, 0xFC, 0x00, 0x3F, 0x07, 0xFF, 0xCF, 0xFF, 0xF7, 0xFF, 0xFD, 0xFF, 0xFF, 0xFE, 0x0F,
    0xFF, 0x03, 0xFF, 0xC0, 0xFF, 0xF0, 0x7F, 0xFE, 0x3F, 0xFF, 0xFF, 0xF7, 0xFF, 0x7C, 0xFF, 0x9F,
    0x1F, 0xC3, 0xC0, 0x01, 0xFF, 0xE0, 0x00, 0x7F, 0xF8, 0x00, 0x1F, 0xFE, 0x00, 0x07, 0xFF, 0x80,
    0x00, 0x00, 0x00, 0x00, 0x03, 0x80, 0x00, 0x01, 0xF0, 0x00, 0x00, 0x7C, 0x00, 0x00, 0x1F, 0x00,
    0x00, 0x03, 0x80, 0x00, 0x00, 0x00, 0x00, 0x00, 0x00, 0x00, 0x00, 0x3F, 0x80, 0x00, 0x1F, 0xE0,
    0x00, 0x07, 0xFC, 0x00, 0x01, 0xFF, 0x00, 0x00, 0xFB, 0xC0, 0x00, 0x3E, 0xF8, 0x00, 0x0F, 0xBE,
    0x00, 0x07, 0xEF, 0x80, 0x01, 0xF1, 0xF0, 0x00, 0xFC, 0x7C, 0x00, 0x3F, 0x1F, 0x00, 0x0F, 0xC7,
    0xE0, 0x07, 0xE0, 0xF8, 0x01, 0xF8, 0x3E, 0x00, 0x7E, 0x0F, 0xC0, 0x3F, 0x01, 0xF0, 0x0F, 0xFF,
    0xFC, 0x03, 0xFF, 0xFF, 0x81, 0xFF, 0xFF, 0xE0, 0x7F, 0xFF, 0xF8, 0x1F, 0xFF, 0xFF, 0x0F, 0xC0,
    0x0F, 0xC3, 0xF0, 0x03, 0xF1, 0xFC, 0x00, 0x7E, 0x7E, 0x00, 0x1F, 0x9F, 0x80, 0x07, 0xEF, 0xE0,
    0x01, 0xFC, 0x0F, 0xFF, 0x03, 0xFF, 0xC0, 0xFF, 0xF0, 0x3F, 0xFC, 0x00, 0x00, 0x00, 0x00, 0x00,
    0x0E, 0x00, 0x07, 0xC0, 0x01, 0xF0, 0x00, 0x7C, 0x00, 0x0E, 0x00, 0x00, 0x00, 0x03, 0xFC, 0x07,
    0xFF, 0xC1, 0xFF, 0xF8, 0x7F, 0xFE, 0x0E, 0x1F, 0xC0, 0x03, 0xF0, 0x00, 0xFC, 0x00, 0x3F, 0x07,
    0xFF, 0xCF, 0xFF, 0xF7, 0xFF, 0xFD, 0xFF, 0xFF, 0xFE, 0x0F, 0xFF, 0x03, 0xFF, 0xC0, 0xFF, 0xF0,
    0x7F, 0xFE, 0x3F, 0xFF, 0xFF, 0xF7, 0xFF, 0x7C, 0xFF, 0x9F, 0x1F, 0xC3, 0xC0, 0x00, 0x07, 0xFF,
    0x80, 0x00, 0x01, 0xFF, 0xE0, 0x00, 0x00, 0x7F, 0xF8, 0x00, 0x00, 0x1F, 0xFE, 0x00, 0x00, 0x00,
    0x00, 0x00, 0x00, 0x00, 0x00, 0x00, 0x00, 0x00, 0xFF, 0xFF, 0xFC, 0x00, 0x3F, 0xFF, 0xFF, 0x00,
    0x1F, 0xFF, 0xFF, 0xC0, 0x07, 0xFF, 0xFF, 0xF0, 0x03, 0xE3, 0xF0, 0x00, 0x00, 0xF8, 0xFC, 0x00,
    0x00, 0x7E, 0x3F, 0x00, 0x00, 0x1F, 0x0F, 0xC0, 0x00, 0x0F, 0xC3, 0xF0, 0x00, 0x03, 0xE0, 0xFC,
    0x00, 0x00, 0xF8, 0x3F, 0x00, 0x00, 0x7E, 0x0F, 0xFF, 0xE0, 0x1F, 0x03, 0xFF, 0xF8, 0x0F, 0xC0,
    0xFF, 0xFE, 0x03, 0xE0, 0x3F, 0xFF, 0x81, 0xF8, 0x0F, 0xC0, 0x00, 0x7F, 0xFF, 0xF0, 0x00, 0x3F,
    0xFF, 0xFC, 0x00, 0x0F, 0xFF, 0xFF, 0x00, 0x03, 0xFF, 0xFF, 0xC0, 0x01, 0xFF, 0xFF, 0xF0, 0x00,
    0x7E, 0x00, 0xFC, 0x00, 0x3F, 0x00, 0x3F, 0x00, 0x0F, 0xC0, 0x0F, 0xFF, 0xF7, 0xE0, 0x03, 0xFF,
    0xFD, 0xF8, 0x00, 0xFF, 0xFF, 0xFC, 0x00, 0x3F, 0xFF, 0xC0, 0x00, 0x3F, 0xFC, 0x00, 0x00, 0x7F,
    0xF8, 0x00, 0x00, 0xFF, 0xF0, 0x00, 0x01, 0xFF, 0xE0, 0x00, 0x00, 0x00, 0x00, 0x00, 0x00, 0x00,
    0x00, 0x01, 0xFE, 0x07, 0xE0, 0x0F, 0xFF, 0x3F, 0xF0, 0x3F, 0xFF, 0xFF, 0xF8, 0x3F, 0xFF, 0xFF,
    0xF0, 0x70, 0x7F, 0xC3, 0xF0, 0x00, 0x7F, 0x03, 0xE0, 0x00, 0xFC, 0x03, 0xE0, 0x01, 0xF8, 0x07,
    0xC1, 0xFF, 0xFF, 0xFF, 0x9F, 0xFF, 0xFF, 0xFF, 0x7F, 0xFF, 0xFF, 0xFE, 0xFE, 0x1F, 0xFF, 0xFF,
    0xF0, 0x3F, 0x00, 0x07, 0xE0, 0x7E, 0x00, 0x0F, 0xC0, 0xFC, 0x00, 0x1F, 0x83, 0xFC, 0x00, 0x3F,
    0x8F, 0xFE, 0x07, 0x3F, 0xFF, 0xFF, 0xFE, 0x7F, 0xFC, 0xFF, 0xFC, 0x7F, 0xE0, 0xFF, 0xF8, 0x3F,
    0x00, 0x7F, 0x80, 0x00, 0x7F, 0x80, 0x00, 0x3F, 0xFE, 0x00, 0x1F, 0xFF, 0xE0, 0x07, 0xFF, 0xFE,
    0x01, 0xFF, 0xFF, 0xE0, 0x7F, 0x81, 0xFC, 0x0F, 0xE0, 0x1F, 0xC3, 0xF8, 0x01, 0xF8, 0x7E, 0x00,
    0x3F, 0x8F, 0xC0, 0x03, 0xF3, 0xF0, 0x00, 0x00, 0x7E, 0x00, 0x00, 0x0F, 0xC0, 0x00, 0x01, 0xF8,
    0x00, 0x00, 0x3F, 0x01, 0xFF, 0xE7, 0xE0, 0x3F, 0xFC, 0xFC, 0x07, 0xFF, 0x9F, 0x80, 0x03, 0xF3,
    0xF8, 0x00, 0x7E, 0x3F, 0x03, 0xFF, 0xF7, 0xE0, 0x7F, 0xFE, 0xFE, 0x0F, 0xFF, 0xCF, 0xE0, 0x1F,
    0xC0, 0xFF, 0xFF, 0xF0, 0x1F, 0xFF, 0xFC, 0x01, 0xFF, 0xFF, 0x00, 0x0F, 0xFF, 0xC0, 0x00, 0xFF,
    0xF0, 0x00, 0x00, 0xC0, 0x00, 0x07, 0xE3, 0xF0, 0x1F, 0xF7, 0xE0, 0x7F, 0xEF, 0xC1, 0xFF, 0xFF,
    0x87, 0xF0, 0xFF, 0x0F, 0xC0, 0xFE, 0x3F, 0x81, 0xFC, 0x7E, 0x01, 0xF8, 0xFC, 0x7F, 0xFF, 0xF8,
    0xFF, 0xFF, 0xF1, 0xFF, 0xFF, 0xE3, 0xFF, 0xFF, 0xC0, 0x3F, 0x1F, 0xC0, 0xFE, 0x1F, 0x81, 0xFC,
    0x3F, 0x87, 0xF8, 0x3F, 0xFF, 0xF0, 0x3F, 0xFF, 0xE0, 0x3F, 0xEF, 0xC0, 0x3F, 0x1F, 0x80, 0x00,
    0x3F, 0x0F, 0xC0, 0xFE, 0x1F, 0xC3, 0xF8, 0x1F, 0xFF, 0xF0, 0x3F, 0xFF, 0xC0, 0x1F, 0xFE, 0x00,
    0x0F, 0xF0, 0x00, 0x01, 0xE3, 0xC0, 0x01, 0xE3, 0xC0, 0x00, 0xF7, 0x80, 0x00, 0xFF, 0x00, 0x00,
    0x7F, 0x00, 0x00, 0x3E, 0x00, 0x00, 0x00, 0x00, 0x00, 0x7F, 0x00, 0x03, 0xFF, 0xE0, 0x07, 0xFF,
    0xF0, 0x0F, 0xFF, 0xF8, 0x1F, 0xFF, 0xFC, 0x3F, 0xC1, 0xFC, 0x3F, 0x80, 0xFE, 0x7F, 0x00, 0x7E,
    0x7E, 0x00, 0x7F, 0x7E, 0x00, 0x3F, 0xFC, 0x00, 0x00, 0xFC, 0x00, 0x00, 0xFC, 0x00, 0x00, 0xFC,
    0x00, 0x00, 0xFC, 0x0F, 0xFF, 0xFC, 0x0F, 0xFF, 0xFC, 0x0F, 0xFF, 0xFC, 0x0F, 0xFF, 0xFE, 0x00,
    0x3F, 0x7E, 0x00, 0x3F, 0x7E, 0x00, 0x7F, 0x7F, 0x00, 0x7F, 0x3F, 0x80, 0xFF, 0x3F, 0xFF, 0xFF,
    0x1F, 0xFF, 0xFF, 0x0F, 0xFF, 0xEF, 0x07, 0xFF, 0xCF, 0x01, 0xFF, 0x0F, 0x00, 0x10, 0x00, 0x0F,
    0x0F, 0x00, 0x79, 0xE0, 0x03, 0xDE, 0x00, 0x3F, 0xC0, 0x01, 0xFC, 0x00, 0x1F, 0x80, 0x00, 0x00,
    0x00, 0x00, 0x00, 0x07, 0xE3, 0xF0, 0xFF, 0xBF, 0x1F, 0xFB, 0xF3, 0xFF, 0xFF, 0x7F, 0x0F, 0xF7,
    0xE0, 0x7F, 0xFE, 0x07, 0xFF, 0xC0, 0x3F, 0xFC, 0x03, 0xFF, 0xC0, 0x3F, 0xFC, 0x03, 0xFF, 0xC0,
    0x3F, 0xFC, 0x03, 0xFF, 0xE0, 0x7F, 0x7E, 0x07, 0xF7, 0xF0, 0xFF, 0x3F, 0xFF, 0xF1, 0xFF, 0xFF,
    0x0F, 0xFB, 0xF0, 0x7E, 0x3F, 0x00, 0x03, 0xF7, 0xE0, 0x7F, 0x7F, 0x0F, 0xE3, 0xFF, 0xFE, 0x3F,
    0xFF, 0xC0, 0xFF, 0xF0, 0x03, 0xFC, 0x00, 0x0F, 0x07, 0x80, 0x0F, 0x1E, 0x00, 0x0F, 0x78, 0x00,
    0x1F, 0xF0, 0x00, 0x1F, 0xC0, 0x00, 0x3F, 0x80, 0x00, 0x00, 0x00, 0x00, 0x00, 0x00, 0xFC, 0x01,
    0xFD, 0xF8, 0x07, 0xF3, 0xF0, 0x0F, 0xC7, 0xE0, 0x3F, 0x0F, 0xC0, 0xFE, 0x1F, 0x83, 0xF8, 0x3F,
    0x0F, 0xE0, 0x7E, 0x1F, 0x80, 0xFC, 0x7E, 0x01, 0xF9, 0xFC, 0x03, 0xF7, 0xF0, 0x07, 0xFF, 0xC0,
    0x0F, 0xFF, 0x80, 0x1F, 0xFF, 0x80, 0x3F, 0xFF, 0x00, 0x7F, 0xFF, 0x00, 0xFF, 0x7F, 0x01, 0xFC,
    0x7E, 0x03, 0xF0, 0x7E, 0x07, 0xE0, 0xFE, 0x0F, 0xC0, 0xFC, 0x1F, 0x80, 0xFC, 0x3F, 0x01, 0xFC,
    0x7E, 0x01, 0xFC, 0xFC, 0x01, 0xF9, 0xF8, 0x03, 0xFB, 0xF0, 0x03, 0xF8, 0xF0, 0xF0, 0x01, 0xF3,
    0xE0, 0x01, 0xE7, 0x80, 0x01, 0xFE, 0x00, 0x03, 0xFC, 0x00, 0x03, 0xF0, 0x00, 0x00, 0x00, 0x00,
    0x0F, 0xC0, 0x00, 0x1F, 0x80, 0x00, 0x3F, 0x00, 0x00, 0x7E, 0x00, 0x00, 0xFC, 0x00, 0x01, 0xF8,
    0x00, 0x03, 0xF0, 0x1F, 0xC7, 0xE0, 0x7F, 0x0F, 0xC1, 0xFC, 0x1F, 0x87, 0xF0, 0x3F, 0x0F, 0xC0,
    0x7E, 0x3F, 0x00, 0xFC, 0xFC, 0x01, 0xFB, 0xF0, 0x03, 0xFF, 0xE0, 0x07, 0xFF, 0xC0, 0x0F, 0xFF,
    0xC0, 0x1F, 0xFF, 0x80, 0x3F, 0xDF, 0x80, 0x7F, 0x1F, 0x80, 0xFE, 0x3F, 0x01, 0xF8, 0x3F, 0x03,
    0xF0, 0x3F, 0x07, 0xE0, 0x7E, 0x0F, 0xC0, 0x7E, 0x1F, 0x80, 0xFC, 0x3F, 0x00, 0xFC, 0x00, 0xFF,
    0x80, 0x01, 0xFF, 0xF0, 0x03, 0xFF, 0xFE, 0x03, 0xFF, 0xFF, 0x83, 0xFF, 0xFF, 0xE1, 0xFE, 0x0F,
    0xF1, 0xFC, 0x01, 0xFC, 0xFC, 0x00, 0x7E, 0x7E, 0x00, 0x3F, 0x7E, 0x00, 0x1F, 0xFF, 0x00, 0x07,
    0xFF, 0x80, 0x03, 0xFF, 0xC0, 0x01, 0xFF, 0xE0, 0x00, 0xFF, 0xF0, 0x00, 0x7F, 0xF8, 0x00, 0x3F,
    0xFC, 0x00, 0x1F, 0xFF, 0x00, 0x1F, 0xDF, 0x80, 0x0F, 0xCF, 0xC0, 0x07, 0xE7, 0xF0, 0x07, 0xF1,
    0xFE, 0x0F, 0xF0, 0xFF, 0xFF, 0xF8, 0x3F, 0xFF, 0xF8, 0x0F, 0xFF, 0xF8, 0x01, 0xFF, 0xF0, 0x00,
    0x3F, 0xE0, 0x00, 0x03, 0x80, 0x00, 0x03, 0x80, 0x00, 0x03, 0xC0, 0x00, 0x01, 0xE0, 0x00, 0x00,
    0xF0, 0x00, 0x00, 0x7F, 0x00, 0x00, 0x3F, 0x80, 0x00, 0x0F, 0xC0, 0x00, 0x03, 0xE0, 0x00, 0x03,
    0xFC, 0x00, 0xFF, 0xF0, 0x1F, 0xFF, 0x83, 0xFF, 0xFC, 0x7F, 0x0F, 0xE7, 0xE0, 0x7E, 0xFE, 0x07,
    0xEF, 0xC0, 0x3F, 0xFC, 0x03, 0xFF, 0xC0, 0x3F, 0xFC, 0x03, 0xFF, 0xC0, 0x3F, 0xFC, 0x03, 0xFF,
    0xC0, 0x3F, 0x7E, 0x07, 0xE7, 0xE0, 0x7E, 0x7F, 0x0F, 0xE3, 0xFF, 0xFC, 0x1F, 0xFF, 0x80, 0xFF,
    0xF0, 0x03, 0xFC, 0x00, 0x0E, 0x00, 0x01, 0xC0, 0x00, 0x1C, 0x00, 0x03, 0xC0, 0x00, 0x3C, 0x00,
    0x03, 0xF8, 0x00, 0x3F, 0x80, 0x01, 0xF8, 0x00, 0x0F, 0x80, 0x01, 0xFF, 0xE0, 0x00, 0xFF, 0xF0,
    0x00, 0x7F, 0xF8, 0x00, 0x3F, 0xFC, 0x00, 0x00, 0x00, 0x00, 0x00, 0x00, 0x00, 0x03, 0xFE, 0x00,
    0x07, 0xFF, 0xC0, 0x0F, 0xFF, 0xF8, 0x0F, 0xFF, 0xFE, 0x0F, 0xFF, 0xFF, 0x87, 0xF8, 0x3F, 0xC7,
    0xF0, 0x07, 0xF3, 0xF0, 0x01, 0xF9, 0xF8, 0x00, 0xFD, 0xF8, 0x00, 0x7F, 0xFC, 0x00, 0x1F, 0xFE,
    0x00, 0x0F, 0xFF, 0x00, 0x07, 0xFF, 0x80, 0x03, 0xFF, 0xC0, 0x01, 0xFF, 0xE0, 0x00, 0xFF, 0xF0,
    0x00, 0x7F, 0xFC, 0x00, 0x7F, 0x7E, 0x00, 0x3F, 0x3F, 0x00, 0x1F, 0x9F, 0xC0, 0x1F, 0xC7, 0xF8,
    0x3F, 0xC3, 0xFF, 0xFF, 0xE0, 0xFF, 0xFF, 0xE0, 0x3F, 0xFF, 0xE0, 0x07, 0xFF, 0xC0, 0x00, 0xFF,
    0x80, 0x00, 0x0E, 0x00, 0x00, 0x0E, 0x00, 0x00, 0x07, 0x00, 0x00, 0x07, 0x80, 0x00, 0x03, 0xC0,
    0x00, 0x01, 0xFC, 0x00, 0x00, 0xFE, 0x00, 0x00, 0x3F, 0x00, 0x00, 0x0F, 0x80, 0x00, 0x0F, 0xFF,
    0x00, 0xFF, 0xF0, 0x0F, 0xFF, 0x00, 0xFF, 0xF0, 0x00, 0x00, 0x00, 0x00, 0x00, 0x03, 0xFC, 0x00,
    0xFF, 0xF0, 0x1F, 0xFF, 0x83, 0xFF, 0xFC, 0x7F, 0x0F, 0xE7, 0xE0, 0x7E, 0xFE, 0x07, 0xEF, 0xC0,
    0x3F, 0xFC, 0x03, 0xFF, 0xC0, 0x3F, 0xFC, 0x03, 0xFF, 0xC0, 0x3F, 0xFC, 0x03, 0xFF, 0xC0, 0x3F,
    0x7E, 0x07, 0xE7, 0xE0, 0x7E, 0x7F, 0x0F, 0xE3, 0xFF, 0xFC, 0x1F, 0xFF, 0x80, 0xFF, 0xF0, 0x03,
    0xFC, 0x00, 0x0E, 0x00, 0x01, 0xC0, 0x00, 0x1C, 0x00, 0x03, 0xC0, 0x00, 0x3C, 0x00, 0x03, 0xF8,
    0x00, 0x3F, 0x80, 0x01, 0xF8, 0x00, 0x0F, 0x80, 0x3C, 0x03, 0xC3, 0xE0, 0x7C, 0x1F, 0x9F, 0x80,
    0xFF, 0xF0, 0x07, 0xFE, 0x00, 0x3F, 0xC0, 0x01, 0xF8, 0x00, 0x00, 0x00, 0x00, 0x00, 0x07, 0xFF,
    0xFE, 0x7F, 0xFF, 0xE7, 0xFF, 0xFE, 0x7F, 0xFF, 0xE0, 0x03, 0xFC, 0x00, 0x7F, 0x00, 0x0F, 0xE0,
    0x01, 0xFC, 0x00, 0x3F, 0x80, 0x07, 0xF0, 0x00, 0xFE, 0x00, 0x0F, 0xFE, 0x00, 0xFF, 0xF8, 0x0F,
    0xFF, 0xC0, 0xFF, 0xFE, 0x00, 0x1F, 0xE0, 0x00, 0x7F, 0x00, 0x03, 0xF0, 0x00, 0x3F, 0x00, 0x03,
    0xF0, 0x00, 0x3F, 0x80, 0x07, 0xEF, 0x01, 0xFE, 0xFF, 0xFF, 0xCF, 0xFF, 0xF8, 0xFF, 0xFF, 0x01,
    0xFF, 0x80, 0x3E, 0x03, 0xC1, 0xF0, 0xF8, 0x0F, 0x9F, 0x00, 0x7F, 0xE0, 0x03, 0xFC, 0x00, 0x1F,
    0xC0, 0x00, 0x00, 0x00, 0x00, 0x00, 0x7F, 0xFF, 0xE7, 0xFF, 0xFE, 0x7F, 0xFF, 0xE7, 0xFF, 0xFE,
    0x00, 0x1F, 0xC0, 0x03, 0xF8, 0x00, 0x7F, 0x00, 0x0F, 0xE0, 0x01, 0xFC, 0x00, 0x3F, 0x80, 0x07,
    0xF0, 0x00, 0xFF, 0x00, 0x0F, 0xFE, 0x00, 0xFF, 0xF8, 0x0F, 0xFF, 0xC0, 0xFF, 0xFE, 0x00, 0x1F,
    0xE0, 0x00, 0x7F, 0x00, 0x07, 0xF0, 0x00, 0x3F, 0x00, 0x03, 0xF0, 0x00, 0x3F, 0x00, 0x03, 0xF0,
    0x00, 0x7F, 0x80, 0x07, 0xEF, 0x01, 0xFE, 0xFF, 0xFF, 0xCF, 0xFF, 0xF8, 0xFF, 0xFF, 0x01, 0xFF,
    0x80, 0x78, 0x0F, 0x9E, 0x1F, 0x8F, 0xDF, 0x83, 0xFF, 0x80, 0xFF, 0x80, 0x3F, 0x80, 0x00, 0x00,
    0x00, 0x00, 0x07, 0xE0, 0x03, 0xF0, 0x01, 0xF8, 0x00, 0xFC, 0x00, 0x7E, 0x00, 0x3F, 0x00, 0x1F,
    0x80, 0x0F, 0xC0, 0x07, 0xE0, 0x03, 0xF0, 0x01, 0xF8, 0x00, 0xFC, 0x00, 0x7E, 0x00, 0x3F, 0x00,
    0x1F, 0x80, 0x0F, 0xC0, 0x07, 0xE0, 0x03, 0xF0, 0x01, 0xF8, 0x00, 0xFC, 0x00, 0x7E, 0x00, 0x3F,
    0x00, 0x1F, 0x80, 0x0F, 0xC0, 0x07, 0xE0, 0x07, 0xF0, 0x3F, 0xF0, 0x1F, 0xF8, 0x0F, 0xF8, 0x07,
    0xF0, 0x00, 0xFF, 0xF8, 0x00, 0x3F, 0xFF, 0xFF, 0xFF, 0xF8, 0x01, 0xFF, 0xFF, 0xFF, 0xFF, 0xE0,
    0x0F, 0xFF, 0xFF, 0xFF, 0xFF, 0xC0, 0x7F, 0xFF, 0xFF, 0xC0, 0xFF, 0x00, 0x00, 0x3F, 0x7E, 0x01,
    0xF8, 0x00, 0x03, 0xF3, 0xF0, 0x0F, 0xE0, 0x00, 0x1F, 0x9F, 0x80, 0x3F, 0x00, 0x01, 0xF8, 0xFC,
    0x01, 0xF8, 0x00, 0x1F, 0x87, 0xE0, 0x07, 0xE0, 0x01, 0xFC, 0x3F, 0x00, 0x3F, 0x00, 0x0F, 0xC1,
    0xF8, 0x01, 0xF8, 0x00, 0xFC, 0x0F, 0xC0, 0x0F, 0xC0, 0x0F, 0xE0, 0x7E, 0x00, 0x7E, 0x00, 0x7E,
    0x03, 0xF0, 0x03, 0xF0, 0x07, 0xE0, 0x1F, 0x80, 0x1F, 0x80, 0x7F, 0x00, 0xFC, 0x00, 0xFC, 0x03,
    0xF0, 0x07, 0xE0, 0x0F, 0xE0, 0x3F, 0x00, 0x3F, 0x00, 0x7E, 0x03, 0xF8, 0x01, 0xF8, 0x07, 0xF0,
    0x3F, 0x80, 0x0F, 0xC0, 0x7F, 0x01, 0xF8, 0x00, 0x7E, 0x0F, 0xF8, 0x1F, 0xC0, 0x03, 0xFF, 0xFF,
    0x81, 0xFF, 0xFF, 0xFF, 0xFF, 0xF8, 0x0F, 0xFF, 0xFF, 0xFF, 0xFF, 0x80, 0x7F, 0xFF, 0xFF, 0xFF,
    0xF0, 0x03, 0xFF, 0xFF, 0xFF, 0xFE, 0x00, 0x1F, 0xFF, 0xFE, 0xFF, 0xF8, 0x00, 0x00, 0x00, 0x7F,
    0xFF, 0x80, 0x00, 0x00, 0x3F, 0xFF, 0xE0, 0x00, 0x00, 0x1F, 0xFF, 0xFC, 0x00, 0x00, 0x0F, 0xC0,
    0xFF, 0x00, 0x00, 0x07, 0xE0, 0x1F, 0x80, 0x00, 0x03, 0xF0, 0x0F, 0xE0, 0xFF, 0xFF, 0xF8, 0x03,
    0xF0, 0x7F, 0xFF, 0xFC, 0x01, 0xF8, 0x3F, 0xFF, 0xFE, 0x00, 0x7E, 0x1F, 0xFF, 0xFF, 0x00, 0x3F,
    0x00, 0x0F, 0xDF, 0x80, 0x1F, 0x80, 0x07, 0xEF, 0xC0, 0x0F, 0xC0, 0x07, 0xE7, 0xE0, 0x07, 0xE0,
    0x07, 0xE3, 0xF0, 0x03, 0xF0, 0x03, 0xF1, 0xF8, 0x01, 0xF8, 0x03, 0xF0, 0xFC, 0x00, 0xFC, 0x03,
    0xF0, 0x7E, 0x00, 0xFE, 0x03, 0xF8, 0x3F, 0x00, 0x7E, 0x01, 0xF8, 0x1F, 0x80, 0x7F, 0x01, 0xF8,
    0x0F, 0xC0, 0x7F, 0x01, 0xFC, 0x07, 0xE0, 0xFF, 0x80, 0xFC, 0x03, 0xFF, 0xFF, 0x80, 0xFC, 0x01,
    0xFF, 0xFF, 0x80, 0xFF, 0xFF, 0xFF, 0xFF, 0x80, 0x7F, 0xFF, 0xFF, 0xFF, 0x00, 0x3F, 0xFF, 0xFF,
    0xFE, 0x00, 0x1F, 0xFF, 0xE0, 0x00, 0x07, 0xE0, 0x00, 0x00, 0x00, 0x0F, 0xC0, 0x00, 0x00, 0x00,
    0x1F, 0x80, 0x00, 0x00, 0x00, 0x3F, 0x00, 0x00, 0x00, 0x00, 0x7E, 0x00, 0x00, 0x00, 0x00, 0xFC,
    0x00, 0x00, 0x00, 0x01, 0xF8, 0x00, 0x00, 0x00, 0x03, 0xF0, 0x00, 0x00, 0x07, 0xC7, 0xE0, 0xFF,
    0xFE, 0x3F, 0xEF, 0xC1, 0xFF, 0xFC, 0xFF, 0xFF, 0x83, 0xFF, 0xF9, 0xFF, 0xFF, 0x07, 0xFF, 0xF7,
    0xF1, 0xFE, 0x00, 0x0F, 0xCF, 0xC1, 0xFC, 0x00, 0x1F, 0xBF, 0x81, 0xF8, 0x00, 0x7E, 0x7E, 0x03,
    0xF0, 0x01, 0xF8, 0xFC, 0x07, 0xE0, 0x03, 0xF1, 0xF8, 0x0F, 0xC0, 0x0F, 0xC3, 0xF0, 0x1F, 0x80,
    0x3F, 0x07, 0xE0, 0x3F, 0x00, 0xFE, 0x0F, 0xC0, 0x7E, 0x01, 0xF8, 0x1F, 0x80, 0xFC, 0x07, 0xE0,
    0x3F, 0x81, 0xF8, 0x1F, 0xC0, 0x3F, 0x03, 0xF0, 0x3F, 0x00, 0x7F, 0x0F, 0xE0, 0xFC, 0x00, 0xFF,
    0xFF, 0xC3, 0xFF, 0xFC, 0xFF, 0xFF, 0x87, 0xFF, 0xF8, 0xFF, 0x9F, 0x0F, 0xFF, 0xF0, 0x7C, 0x3E,
    0x1F, 0xFF, 0xE0, 0x00, 0x07, 0xE0, 0x00, 0x3F, 0x80, 0x00, 0xFC, 0x00, 0x07, 0xC0, 0x00, 0x3E,
    0x00, 0x01, 0xF0, 0x00, 0x07, 0x00, 0x00, 0x00, 0x00, 0x00, 0x00, 0x00, 0x00, 0xFF, 0x00, 0x1F,
    0xFF, 0x81, 0xFF, 0xFF, 0x0F, 0xFF, 0xF8, 0x7F, 0xFF, 0xE3, 0xFE, 0x03, 0x0F, 0xE0, 0x00, 0x7F,
    0x00, 0x01, 0xF8, 0x00, 0x0F, 0xE0, 0x00, 0x3F, 0x00, 0x00, 0xFC, 0x1F, 0xFF, 0xF0, 0x7F, 0xFF,
    0xC1, 0xFF, 0xFF, 0x07, 0xFF, 0xFC, 0x1F, 0xFF, 0xF0, 0x03, 0xFF, 0xE0, 0x0F, 0xDF, 0x80, 0x3F,
    0x7E, 0x00, 0xFD, 0xFC, 0x03, 0xF3, 0xFC, 0x0F, 0xCF, 0xFF, 0xFF, 0x1F, 0xFF, 0xFC, 0x3F, 0xFF,
    0xF0, 0x3F, 0xFF, 0xC0, 0x3F, 0xF0, 0x00, 0x1F, 0xC0, 0x03, 0xF8, 0x00, 0x7E, 0x00, 0x07, 0xC0,
    0x00, 0xF8, 0x00, 0x1F, 0x00, 0x00, 0x00, 0x00, 0x00, 0x00, 0x07, 0xE3, 0xF1, 0xFF, 0xBF, 0x3F,
    0xFF, 0xF3, 0xFF, 0xFF, 0x7F, 0x0F, 0xF7, 0xE0, 0x7F, 0xFE, 0x07, 0xFF, 0xC0, 0x3F, 0xFC, 0x03,
    0xFF, 0xC0, 0x3F, 0xFC, 0x03, 0xFF, 0xC0, 0x3F, 0xFC, 0x03, 0xFF, 0xC0, 0x3F, 0xFE, 0x03, 0xF7,
    0xE0, 0x7F, 0x7F, 0x0F, 0xF3, 0xFF, 0xFF, 0x3F, 0xFB, 0xF1, 0xFF, 0xBF, 0x07, 0xE3, 0xF0, 0x00,
    0x3F, 0x00, 0x03, 0xF0, 0x00, 0x7F, 0x40, 0x07, 0xE7, 0x81, 0xFE, 0x7F, 0xFF, 0xC7, 0xFF, 0xFC,
    0x7F, 0xFF, 0x01, 0xFF, 0xC0, 0xFC, 0x03, 0xF0, 0x00, 0x7E, 0x01, 0xF8, 0x00, 0x3F, 0x00, 0xFC,
    0x00, 0x1F, 0x80, 0x7E, 0x00, 0x0F, 0xC0, 0x3F, 0x00, 0x07, 0xE0, 0x1F, 0x80, 0x03, 0xF0, 0x0F,
    0xC0, 0x7F, 0xF8, 0x07, 0xE0, 0x3F, 0xFC, 0x03, 0xF0, 0x1F, 0xFE, 0x01, 0xF8, 0x0F, 0xFF, 0xFF,
    0xFC, 0x07, 0xFF, 0xFF, 0xFE, 0x03, 0xFF, 0xFF, 0xFF, 0x01, 0xFF, 0xFF, 0xFF, 0x80, 0xFF, 0xFF,
    0xFF, 0xC0, 0x7F, 0xF8, 0x07, 0xE0, 0x3F, 0xFC, 0x03, 0xF0, 0x1F, 0xFE, 0x01, 0xF8, 0x0F, 0xFF,
    0x00, 0xFC, 0x07, 0xFF, 0x80, 0x7E, 0x03, 0xFF, 0xC0, 0x3F, 0x01, 0xFF, 0xE0, 0x1F, 0xC1, 0xFB,
    0xF0, 0x07, 0xE1, 0xFD, 0xF8, 0x03, 0xFF, 0xFE, 0xFC, 0x00, 0xFF, 0xFE, 0x7E, 0x00, 0x3F, 0xFE,
    0x3F, 0x00, 0x07, 0xF8, 0x00, 0xF8, 0x3E, 0x0F, 0x8F, 0xF8, 0xF9, 0xFF, 0xCF, 0xBF, 0xFE, 0xFF,
    0xFF, 0xEF, 0xF8, 0xFE, 0xFF, 0x07, 0xFF, 0xE0, 0x3F, 0xFE, 0x03, 0xFF, 0xC0, 0x3F, 0xFC, 0x03,
    0xFF, 0xC0, 0x3F, 0xFC, 0x03, 0xFF, 0xC0, 0x7F, 0xFC, 0x07, 0xEF, 0xC0, 0x7E, 0xFC, 0x0F, 0xEF,
    0xC1, 0xFC, 0xFC, 0x1F, 0xCF, 0xC3, 0xF8, 0xFC, 0xFF, 0x0F, 0xDF, 0xE0, 0xFF, 0xFC, 0x0F, 0xFF,
    0x80, 0xFF, 0xF0, 0x0F, 0xFC, 0x00, 0xFE, 0x00, 0x0F, 0xC0, 0x00, 0xFC, 0x00, 0x0F, 0xC0, 0x00,
    0xFC, 0x00, 0x0F, 0xC0, 0x00, 0xFC, 0x00, 0x0F, 0xC0, 0x00, 0xFC, 0x00, 0x0F, 0xC0, 0x00, 0x03,
    0xF0, 0x00, 0x01, 0xF8, 0x00, 0x00, 0xFC, 0x00, 0x00, 0x7E, 0x00, 0x00, 0x3F, 0x00, 0x00, 0x0F,
    0x00, 0x00, 0x07, 0x80, 0x00, 0x00, 0x00, 0x00, 0x00, 0x00, 0xFF, 0x00, 0x1F, 0xFF, 0x00, 0x1F,
    0xFF, 0x80, 0x1F, 0xFF, 0x80, 0x1F, 0xFF, 0xC0, 0x1F, 0xFF, 0xC0, 0x1F, 0xFF, 0xE0, 0x1F, 0xFB,
    0xF0, 0x1F, 0xFB, 0xF0, 0x1F, 0xF9, 0xF8, 0x1F, 0xF9, 0xF8, 0x1F, 0xF8, 0xFC, 0x1F, 0xF8, 0xFE,
    0x1F, 0xF8, 0x7E, 0x1F, 0xF8, 0x3F, 0x1F, 0xF8, 0x3F, 0x1F, 0xF8, 0x1F, 0x9F, 0xF8, 0x1F, 0x9F,
    0xF8, 0x0F, 0xDF, 0xF8, 0x0F, 0xFF, 0xF8, 0x07, 0xFF, 0xF8, 0x03, 0xFF, 0xF8, 0x03, 0xFF, 0xF8,
    0x01, 0xFF, 0xF8, 0x01, 0xFF, 0xF8, 0x00, 0xFF, 0xF8, 0x00, 0xFF, 0x0F, 0xC0, 0x00, 0xFC, 0x00,
    0x0F, 0xC0, 0x00, 0xF8, 0x00, 0x0F, 0x80, 0x00, 0x78, 0x00, 0x00, 0x00, 0x00, 0x00, 0xF8, 0x7E,
    0x1F, 0x3F, 0xF3, 0xEF, 0xFF, 0x7F, 0xFF, 0xEF, 0xF0, 0xFF, 0xFC, 0x1F, 0xFF, 0x81, 0xFF, 0xE0,
    0x3F, 0xFC, 0x07, 0xFF, 0x80, 0xFF, 0xF0, 0x1F, 0xFE, 0x03, 0xFF, 0xC0, 0x7F, 0xF8, 0x0F, 0xFF,
    0x01, 0xFF, 0xE0, 0x3F, 0xFC, 0x07, 0xFF, 0x80, 0xFF, 0xF0, 0x1F, 0xFE, 0x03, 0xFF, 0xC0, 0x7E,
    0x00, 0x07, 0xE0, 0x00, 0x07, 0xE0, 0x00, 0x07, 0xC0, 0x00, 0x07, 0xC0, 0x00, 0x00, 0x00, 0x00,
    0x01, 0xF0, 0x00, 0x01, 0xFC, 0x00, 0x01, 0xC7, 0x00, 0x00, 0xE3, 0x80, 0x00, 0x71, 0xC0, 0x00,
    0x3D, 0xE0, 0x00, 0x0F, 0xE0, 0x00, 0x0F, 0xF8, 0x00, 0x07, 0xFC, 0x00, 0x03, 0xFE, 0x00, 0x03,
    0xEF, 0x80, 0x01, 0xF7, 0xC0, 0x00, 0xFB, 0xE0, 0x00, 0xF8, 0xF8, 0x00, 0x7C, 0x7C, 0x00, 0x7E,
    0x3F, 0x00, 0x3F, 0x0F, 0x80, 0x1F, 0x07, 0xC0, 0x1F, 0x83, 0xF0, 0x0F, 0xC0, 0xF8, 0x07, 0xFF,
    0xFC, 0x07, 0xFF, 0xFF, 0x03, 0xFF, 0xFF, 0x83, 0xFF, 0xFF, 0xE1, 0xFF, 0xFF, 0xF0, 0xFC, 0x01,
    0xF8, 0xFC, 0x00, 0x7E, 0x7E, 0x00, 0x3F, 0x3F, 0x00, 0x1F, 0xBF, 0x00, 0x07, 0xFF, 0x80, 0x03,
    0xF0, 0x00, 0x3F, 0x00, 0x1F, 0x80, 0x0F, 0x80, 0x07, 0xC0, 0x00, 0x00, 0x00, 0x00, 0x00, 0x1F,
    0x80, 0x0F, 0xF0, 0x07, 0x9E, 0x01, 0xC3, 0x80, 0x70, 0xE0, 0x1E, 0x78, 0x03, 0xFC, 0x00, 0x7E,
    0x00, 0x00, 0x00, 0x00, 0x00, 0x07, 0xFC, 0x0F, 0xFF, 0xC3, 0xFF, 0xF8, 0x7F, 0xFE, 0x1C, 0x1F,
    0xC0, 0x03, 0xF0, 0x00, 0xFC, 0x00, 0x3F, 0x07, 0xFF, 0xCF, 0xFF, 0xF7, 0xFF, 0xFD, 0xFF, 0xFF,
    0xFE, 0x0F, 0xFF, 0x03, 0xFF, 0xC0, 0xFF, 0xF0, 0x7F, 0xFE, 0x3F, 0xFF, 0xFF, 0xF7, 0xFF, 0x7C,
    0xFF, 0x8F, 0x1F, 0xC3, 0xC0, 0x00, 0x00, 0x0F, 0xC0, 0x00, 0x00, 0x07, 0xF0, 0x00, 0x00, 0x03,
    0xF8, 0x00, 0x00, 0x00, 0xF8, 0x00, 0x00, 0x00, 0x7C, 0x00, 0x00, 0x00, 0x3E, 0x00, 0x00, 0x00,
    0x1E, 0x00, 0x00, 0x00, 0x00, 0x00, 0x00, 0x00, 0x00, 0x00, 0x00, 0x00, 0x03, 0xFF, 0xFF, 0xF0,
    0x00, 0xFF, 0xFF, 0xFC, 0x00, 0x7F, 0xFF, 0xFF, 0x00, 0x1F, 0xFF, 0xFF, 0xC0, 0x0F, 0x8F, 0xC0,
    0x00, 0x03, 0xE3, 0xF0, 0x00, 0x00, 0xF8, 0xFC, 0x00, 0x00, 0x7C, 0x3F, 0x00, 0x00, 0x1F, 0x0F,
    0xC0, 0x00, 0x0F, 0xC3, 0xF0, 0x00, 0x03, 0xE0, 0xFC, 0x00, 0x01, 0xF8, 0x3F, 0xFF, 0xC0, 0x7C,
    0x0F, 0xFF, 0xF0, 0x3F, 0x03, 0xFF, 0xFC, 0x0F, 0xC0, 0xFF, 0xFF, 0x03, 0xE0, 0x3F, 0x00, 0x01,
    0xFF, 0xFF, 0xC0, 0x00, 0x7F, 0xFF, 0xF0, 0x00, 0x3F, 0xFF, 0xFC, 0x00, 0x0F, 0xFF, 0xFF, 0x00,
    0x07, 0xFF, 0xFF, 0xC0, 0x01, 0xF8, 0x03, 0xF0, 0x00, 0xFC, 0x00, 0xFC, 0x00, 0x3F, 0x00, 0x3F,
    0xFF, 0xCF, 0x80, 0x0F, 0xFF, 0xF7, 0xE0, 0x03, 0xFF, 0xFD, 0xF8, 0x00, 0xFF, 0xFF, 0x00, 0x00,
    0xFE, 0x00, 0x00, 0x03, 0xF0, 0x00, 0x00, 0x0F, 0xC0, 0x00, 0x00, 0x3F, 0x00, 0x00, 0x00, 0x7C,
    0x00, 0x00, 0x01, 0xE0, 0x00, 0x00, 0x00, 0x00, 0x00, 0x00, 0x00, 0x00, 0x00, 0x07, 0xF8, 0x1F,
    0x80, 0x3F, 0xFC, 0xFF, 0xC0, 0xFF, 0xFF, 0xFF, 0xE0, 0xFF, 0xFF, 0xFF, 0xC1, 0xC1, 0xFF, 0x0F,
    0xC0, 0x01, 0xFC, 0x0F, 0x80, 0x03, 0xF0, 0x0F, 0x80, 0x07, 0xE0, 0x1F, 0x07, 0xFF, 0xFF, 0xFE,
    0x7F, 0xFF, 0xFF, 0xFD, 0xFF, 0xFF, 0xFF, 0xFB, 0xF8, 0x7F, 0xFF, 0xFF, 0xC0, 0xFC, 0x00, 0x1F,
    0x81, 0xF8, 0x00, 0x3F, 0x03, 0xF0, 0x00, 0x7E, 0x0F, 0xF0, 0x00, 0xFE, 0x3F, 0xF8, 0x1C, 0xFF,
    0xFF, 0xFF, 0xF9, 0xFF, 0xF3, 0xFF, 0xF1, 0xFF, 0x83, 0xFF, 0xE0, 0xFC, 0x01, 0xFE, 0x00, 0x00,
    0x03, 0xF0, 0x00, 0x03, 0xF0, 0x00, 0x03, 0xF0, 0x00, 0x01, 0xF0, 0x00, 0x01, 0xF0, 0x00, 0x01,
    0xF0, 0x00, 0x00, 0xE0, 0x00, 0x00, 0x00, 0x00, 0x00, 0x00, 0x08, 0x00, 0x7F, 0x8F, 0x00, 0xFF,
    0xFF, 0x81, 0xFF, 0xFF, 0x81, 0xFF, 0xFF, 0xC1, 0xFF, 0xFF, 0xE0, 0xFF, 0x07, 0xF8, 0xFE, 0x03,
    0xFE, 0x7E, 0x01, 0xFF, 0x3F, 0x01, 0xFF, 0xBF, 0x01, 0xEF, 0xFF, 0x80, 0xF3, 0xFF, 0xC0, 0xF1,
    0xFF, 0xE0, 0xF0, 0xFF, 0xF0, 0x78, 0x7F, 0xF8, 0x78, 0x3F, 0xFC, 0x78, 0x1F, 0xFE, 0x3C, 0x0F,
    0xFF, 0x3C, 0x0F, 0xEF, 0xFC, 0x07, 0xE7, 0xFE, 0x03, 0xF3, 0xFE, 0x03, 0xF8, 0xFF, 0x07, 0xF8,
    0x7F, 0xFF, 0xFC, 0x1F, 0xFF, 0xFC, 0x0F, 0xFF, 0xFC, 0x0F, 0xFF, 0xF8, 0x07, 0x9F, 0xF0, 0x00,
    0x80, 0x00, 0x00, 0x00, 0x3F, 0x80, 0x07, 0xE0, 0x00, 0x7C, 0x00, 0x0F, 0x80, 0x01, 0xF0, 0x00,
    0x3E, 0x00, 0x00, 0x00, 0x00, 0x00, 0x10, 0x03, 0xF9, 0x80, 0xFF, 0xFC, 0x1F, 0xFF, 0x83, 0xFF,
    0xFC, 0x7F, 0x0F, 0xE7, 0xE1, 0xFE, 0x7E, 0x1F, 0xEF, 0xC3, 0xFF, 0xFC, 0x7B, 0xFF, 0xC7, 0xBF,
    0xFC, 0xF3, 0xFF, 0xCF, 0x3F, 0xFD, 0xE3, 0xFF, 0xFC, 0x3F, 0x7F, 0xC7, 0xE7, 0xF8, 0x7E, 0x7F,
    0x8F, 0xE3, 0xFF, 0xFC, 0x1F, 0xFF, 0x83, 0xFF, 0xF0, 0x3D, 0xFC, 0x00, 0x80, 0x00, 0x1F, 0xBF,
    0x00, 0x03, 0xE7, 0xC0, 0x00, 0x7C, 0xF8, 0x00, 0x0F, 0x1E, 0x00, 0x01, 0xE3, 0xC0, 0x00, 0x38,
    0x78, 0x00, 0x00, 0x00, 0x00, 0x00, 0x00, 0x00, 0x00, 0x7F, 0x80, 0x00, 0x1F, 0xE0, 0x00, 0x07,
    0xF8, 0x00, 0x03, 0xFF, 0x00, 0x00, 0xFF, 0xC0, 0x00, 0x7F, 0xF0, 0x00, 0x1F, 0x3E, 0x00, 0x07,
    0xCF, 0x80, 0x03, 0xF3, 0xE0, 0x00, 0xFC, 0xFC, 0x00, 0x3E, 0x1F, 0x00, 0x1F, 0x87, 0xE0, 0x07,
    0xE1, 0xF8, 0x01, 0xF0, 0x3E, 0x00, 0xFC, 0x0F, 0xC0, 0x3F, 0x03, 0xF0, 0x0F, 0xFF, 0xFC, 0x07,
    0xFF, 0xFF, 0x81, 0xFF, 0xFF, 0xE0, 0x7F, 0xFF, 0xF8, 0x3F, 0xFF, 0xFF, 0x0F, 0xC0, 0x0F, 0xC3,
    0xF0, 0x03, 0xF1, 0xF8, 0x00, 0x7E, 0x7E, 0x00, 0x1F, 0x9F, 0x80, 0x07, 0xEF, 0xC0, 0x00, 0xFC,
    0xF9, 0xF0, 0x1F, 0x3E, 0x03, 0xC7, 0x80, 0x78, 0xF0, 0x0F, 0x3C, 0x01, 0xC7, 0x80, 0x00, 0x00,
    0x00, 0x00, 0x03, 0xFC, 0x07, 0xFF, 0xC1, 0xFF, 0xF8, 0x7F, 0xFE, 0x1C, 0x1F, 0xC0, 0x03, 0xF0,
    0x00, 0xFC, 0x00, 0x3F, 0x07, 0xFF, 0xCF, 0xFF, 0xF7, 0xFF, 0xFD, 0xFF, 0xFF, 0xFE, 0x0F, 0xFF,
    0x03, 0xFF, 0xC0, 0xFF, 0xF0, 0x7F, 0xFE, 0x3F, 0xFF, 0xFF, 0xF7, 0xFF, 0x7C, 0xFF, 0x9F, 0x1F,
    0x83, 0xC0, 0x00, 0x3F, 0x00, 0x00, 0x3F, 0xF0, 0x00, 0x1F, 0xFE, 0x00, 0x0F, 0xFF, 0x80, 0x03,
    0xC0, 0xF0, 0x00, 0xE0, 0x1C, 0x00, 0x00, 0x00, 0x00, 0x00, 0x00, 0x00, 0x00, 0x7F, 0x80, 0x00,
    0x1F, 0xE0, 0x00, 0x07, 0xF8, 0x00, 0x03, 0xFF, 0x00, 0x00, 0xFF, 0xC0, 0x00, 0x7F, 0xF0, 0x00,
    0x1F, 0x3E, 0x00, 0x07, 0xCF, 0x80, 0x03, 0xF3, 0xE0, 0x00, 0xFC, 0xFC, 0x00, 0x3E, 0x1F, 0x00,
    0x1F, 0x87, 0xC0, 0x07, 0xE1, 0xF8, 0x01, 0xF0, 0x3E, 0x00, 0xFC, 0x0F, 0xC0, 0x3F, 0x03, 0xF0,
    0x0F, 0xFF, 0xFC, 0x07, 0xFF, 0xFF, 0x81, 0xFF, 0xFF, 0xE0, 0x7F, 0xFF, 0xF8, 0x3F, 0xFF, 0xFF,
    0x0F, 0xC0, 0x0F, 0xC3, 0xF0, 0x03, 0xF1, 0xF8, 0x00, 0x7E, 0x7E, 0x00, 0x1F, 0x9F, 0x80, 0x07,
    0xEF, 0xC0, 0x00, 0xFC, 0x01, 0xF8, 0x01, 0xFF, 0x80, 0xFF, 0xF0, 0x7F, 0xFC, 0x1E, 0x07, 0x87,
    0x00, 0xE0, 0x00, 0x00, 0x00, 0x00, 0x03, 0xFC, 0x07, 0xFF, 0xC1, 0xFF, 0xF8, 0x7F, 0xFE, 0x1C,
    0x1F, 0xC0, 0x03, 0xF0, 0x00, 0xFC, 0x00, 0x3F, 0x07, 0xFF, 0xCF, 0xFF, 0xF7, 0xFF, 0xFD, 0xFF,
    0xFF, 0xFE, 0x0F, 0xFF, 0x03, 0xFF, 0xC0, 0xFF, 0xF0, 0x7F, 0xFE, 0x3F, 0xFF, 0xFF, 0xF7, 0xFF,
    0x7C, 0xFF, 0x8F, 0x1F, 0xC3, 0xC0, 0xFC, 0xF8, 0x1F, 0x3E, 0x03, 0xE7, 0xC0, 0x78, 0xF0, 0x0F,
    0x1E, 0x01, 0xE3, 0xC0, 0x00, 0x00, 0x00, 0x00, 0x3F, 0xFF, 0xCF, 0xFF, 0xF3, 0xFF, 0xFC, 0xFF,
    0xFF, 0x3F, 0x00, 0x0F, 0xC0, 0x03, 0xF0, 0x00, 0xFC, 0x00, 0x3F, 0x00, 0x0F, 0xC0, 0x03, 0xF0,
    0x00, 0xFF, 0xFE, 0x3F, 0xFF, 0x8F, 0xFF, 0xE3, 0xFF, 0xF8, 0xFC, 0x00, 0x3F, 0x00, 0x0F, 0xC0,
    0x03, 0xF0, 0x00, 0xFC, 0x00, 0x3F, 0x00, 0x0F, 0xC0, 0x03, 0xF0, 0x00, 0xFF, 0xFF, 0x3F, 0xFF,
    0xCF, 0xFF, 0xF3, 0xFF, 0xFC, 0xF9, 0xF0, 0x1F, 0x9E, 0x01, 0xF3, 0xE0, 0x1F, 0x3E, 0x01, 0xE3,
    0xC0, 0x1E, 0x3C, 0x00, 0x00, 0x00, 0x00, 0x00, 0x03, 0xF8, 0x01, 0xFF, 0xC0, 0x7F, 0xFE, 0x1F,
    0xFF, 0xC7, 0xF1, 0xFC, 0xFC, 0x1F, 0x9F, 0x01, 0xFF, 0xE0, 0x3F, 0xFF, 0xFF, 0xFF, 0xFF, 0xFF,
    0xFF, 0xFF, 0xFF, 0xFF, 0xFF, 0xC0, 0x01, 0xF8, 0x00, 0x3F, 0x00, 0x03, 0xF0, 0x00, 0x7F, 0x81,
    0xC7, 0xFF, 0xF8, 0x7F, 0xFF, 0x07, 0xFF, 0xE0, 0x1F, 0xE0, 0x07, 0xE0, 0x1F, 0xF8, 0x3F, 0xFC,
    0x7F, 0xFE, 0x78, 0x1E, 0x70, 0x0E, 0x00, 0x00, 0x00, 0x00, 0xFF, 0xFF, 0xFF, 0xFF, 0xFF, 0xFF,
    0xFF, 0xFF, 0xFC, 0x00, 0xFC, 0x00, 0xFC, 0x00, 0xFC, 0x00, 0xFC, 0x00, 0xFC, 0x00, 0xFC, 0x00,
    0xFF, 0xFE, 0xFF, 0xFE, 0xFF, 0xFE, 0xFF, 0xFE, 0xFC, 0x00, 0xFC, 0x00, 0xFC, 0x00, 0xFC, 0x00,
    0xFC, 0x00, 0xFC, 0x00, 0xFC, 0x00, 0xFC, 0x00, 0xFF, 0xFF, 0xFF, 0xFF, 0xFF, 0xFF, 0xFF, 0xFF,
    0x01, 0xF8, 0x00, 0x7F, 0xE0, 0x0F, 0xFF, 0x01, 0xFF, 0xF0, 0x1E, 0x07, 0x83, 0xC0, 0x38, 0x00,
    0x00, 0x00, 0x00, 0x00, 0x01, 0xFC, 0x00, 0xFF, 0xF0, 0x1F, 0xFF, 0xC3, 0xFF, 0xFC, 0x7F, 0x0F,
    0xE7, 0xE0, 0x7E, 0x7C, 0x03, 0xFF, 0xC0, 0x3F, 0xFF, 0xFF, 0xFF, 0xFF, 0xFF, 0xFF, 0xFF, 0xFF,
    0xFF, 0xFF, 0xFC, 0x00, 0x0F, 0xC0, 0x00, 0x7E, 0x00, 0x07, 0xE0, 0x00, 0x7F, 0x80, 0xC3, 0xFF,
    0xFC, 0x1F, 0xFF, 0xC0, 0xFF, 0xFC, 0x01, 0xFF, 0x00, 0xFD, 0xF8, 0x7C, 0xF8, 0x3E, 0x7C, 0x1E,
    0x3C, 0x0F, 0x1E, 0x07, 0x0F, 0x00, 0x00, 0x00, 0x00, 0x0F, 0xFF, 0x0F, 0xFF, 0x0F, 0xFF, 0x0F,
    0xFF, 0x03, 0xFC, 0x01, 0xF8, 0x01, 0xF8, 0x01, 0xF8, 0x01, 0xF8, 0x01, 0xF8, 0x01, 0xF8, 0x01,
    0xF8, 0x01, 0xF8, 0x01, 0xF8, 0x01, 0xF8, 0x01, 0xF8, 0x01, 0xF8, 0x01, 0xF8, 0x01, 0xF8, 0x01,
    0xF8, 0x01, 0xF8, 0x01, 0xF8, 0x03, 0xFC, 0x0F, 0xFF, 0x0F, 0xFF, 0x0F, 0xFF, 0x0F, 0xFF, 0xF9,
    0xF8, 0x7C, 0xF8, 0x3C, 0x7C, 0x1E, 0x3E, 0x0F, 0x1E, 0x07, 0x0F, 0x00, 0x00, 0x00, 0x00, 0x01,
    0xF8, 0x01, 0xF8, 0x01, 0xF8, 0x01, 0xF8, 0x01, 0xF8, 0x01, 0xF8, 0x01, 0xF8, 0x01, 0xF8, 0x01,
    0xF8, 0x01, 0xF8, 0x01, 0xF8, 0x01, 0xF8, 0x01, 0xF8, 0x01, 0xF8, 0x01, 0xF8, 0x01, 0xF8, 0x01,
    0xF8, 0x01, 0xF8, 0x01, 0xF8, 0x01, 0xF8, 0x01, 0xF8, 0x0F, 0xC0, 0xFF, 0xC7, 0xFF, 0x9F, 0xFF,
    0xF0, 0x3F, 0x80, 0x70, 0x00, 0x00, 0x00, 0x7F, 0xF9, 0xFF, 0xE7, 0xFF, 0x9F, 0xFE, 0x1F, 0xE0,
    0x3F, 0x00, 0xFC, 0x03, 0xF0, 0x0F, 0xC0, 0x3F, 0x00, 0xFC, 0x03, 0xF0, 0x0F, 0xC0, 0x3F, 0x00,
    0xFC, 0x03, 0xF0, 0x0F, 0xC0, 0x3F, 0x00, 0xFC, 0x03, 0xF0, 0x0F, 0xC0, 0x3F, 0x01, 0xFE, 0x1F,
    0xFE, 0x7F, 0xF9, 0xFF, 0xE7, 0xFF, 0x80, 0x0F, 0xC0, 0xFF, 0xC7, 0xFF, 0xBF, 0xFE, 0xF0, 0x3F,
    0x80, 0x70, 0x00, 0x00, 0x00, 0x0F, 0xC0, 0x3F, 0x00, 0xFC, 0x03, 0xF0, 0x0F, 0xC0, 0x3F, 0x00,
    0xFC, 0x03, 0xF0, 0x0F, 0xC0, 0x3F, 0x00, 0xFC, 0x03, 0xF0, 0x0F, 0xC0, 0x3F, 0x00, 0xFC, 0x03,
    0xF0, 0x0F, 0xC0, 0x3F, 0x00, 0xFC, 0x03, 0xF0, 0x0F, 0xC0, 0x1F, 0x3E, 0x00, 0x07, 0xCF, 0x80,
    0x03, 0xE3, 0xC0, 0x00, 0xF8, 0xF0, 0x00, 0x3C, 0x38, 0x00, 0x07, 0x0E, 0x00, 0x00, 0x00, 0x00,
    0x00, 0x00, 0x00, 0x00, 0x00, 0x00, 0x00, 0x7F, 0xC0, 0x00, 0xFF, 0xF8, 0x01, 0xFF, 0xFF, 0x01,
    0xFF, 0xFF, 0xC1, 0xFF, 0xFF, 0xF0, 0xFF, 0x07, 0xF8, 0xFE, 0x00, 0xFE, 0x7E, 0x00, 0x3F, 0x3F,
    0x00, 0x1F, 0xBF, 0x00, 0x0F, 0xFF, 0x80, 0x03, 0xFF, 0xC0, 0x01, 0xFF, 0xE0, 0x00, 0xFF, 0xF0,
    0x00, 0x7F, 0xF8, 0x00, 0x3F, 0xFC, 0x00, 0x1F, 0xFE, 0x00, 0x0F, 0xFF, 0x80, 0x0F, 0xEF, 0xC0,
    0x07, 0xE7, 0xE0, 0x03, 0xF3, 0xF8, 0x03, 0xF8, 0xFF, 0x07, 0xF8, 0x7F, 0xFF, 0xFC, 0x1F, 0xFF,
    0xFC, 0x07, 0xFF, 0xFC, 0x00, 0xFF, 0xF8, 0x00, 0x1F, 0xF0, 0x00, 0xFC, 0xF8, 0x07, 0xCF, 0x80,
    0x3E, 0x7C, 0x01, 0xE3, 0xC0, 0x0F, 0x1E, 0x00, 0x78, 0xF0, 0x00, 0x00, 0x00, 0x00, 0x00, 0x03,
    0xFC, 0x00, 0xFF, 0xF0, 0x1F, 0xFF, 0x83, 0xFF, 0xFC, 0x7F, 0x0F, 0xE7, 0xE0, 0x7E, 0xFE, 0x07,
    0xEF, 0xC0, 0x3F, 0xFC, 0x03, 0xFF, 0xC0, 0x3F, 0xFC, 0x03, 0xFF, 0xC0, 0x3F, 0xFC, 0x03, 0xFF,
    0xC0, 0x3F, 0x7E, 0x07, 0xE7, 0xE0, 0x7E, 0x7F, 0x0F, 0xE3, 0xFF, 0xFC, 0x1F, 0xFF, 0x80, 0xFF,
    0xF0, 0x03, 0xFC, 0x00, 0x00, 0x3F, 0x00, 0x00, 0x7F, 0xE0, 0x00, 0x7F, 0xF8, 0x00, 0x7F, 0xFC,
    0x00, 0x3C, 0x0F, 0x00, 0x1C, 0x03, 0x80, 0x0E, 0x01, 0xC0, 0x00, 0x00, 0x00, 0x00, 0x00, 0x00,
    0x00, 0x7F, 0xC0, 0x00, 0xFF, 0xF8, 0x01, 0xFF, 0xFF, 0x01, 0xFF, 0xFF, 0xC1, 0xFF, 0xFF, 0xF0,
    0xFF, 0x07, 0xF8, 0xFE, 0x00, 0xFE, 0x7E, 0x00, 0x3F, 0x3F, 0x00, 0x1F, 0xBF, 0x00, 0x0F, 0xFF,
    0x80, 0x03, 0xFF, 0xC0, 0x01, 0xFF, 0xE0, 0x00, 0xFF, 0xF0, 0x00, 0x7F, 0xF8, 0x00, 0x3F, 0xFC,
    0x00, 0x1F, 0xFE, 0x00, 0x0F, 0xFF, 0x80, 0x0F, 0xEF, 0xC0, 0x07, 0xE7, 0xE0, 0x03, 0xF3, 0xF8,
    0x03, 0xF8, 0xFF, 0x07, 0xF8, 0x7F, 0xFF, 0xFC, 0x1F, 0xFF, 0xFC, 0x07, 0xFF, 0xFC, 0x00, 0xFF,
    0xF8, 0x00, 0x1F, 0xF0, 0x00, 0x01, 0xF8, 0x00, 0x7F, 0xE0, 0x0F, 0xFF, 0x00, 0xFF, 0xF0, 0x1E,
    0x07, 0x81, 0xC0, 0x38, 0x00, 0x00, 0x00, 0x00, 0x00, 0x03, 0xFC, 0x00, 0xFF, 0xF0, 0x1F, 0xFF,
    0x83, 0xFF, 0xFC, 0x7F, 0x0F, 0xE7, 0xE0, 0x7E, 0xFE, 0x07, 0xEF, 0xC0, 0x3F, 0xFC, 0x03, 0xFF,
    0xC0, 0x3F, 0xFC, 0x03, 0xFF, 0xC0, 0x3F, 0xFC, 0x03, 0xFF, 0xC0, 0x3F, 0x7E, 0x07, 0xE7, 0xE0,
    0x7E, 0x7F, 0x0F, 0xE3, 0xFF, 0xFC, 0x1F, 0xFF, 0x80, 0xFF, 0xF0, 0x03, 0xFC, 0x00, 0xFC, 0xF8,
    0x00, 0xF8, 0xF8, 0x00, 0xF9, 0xF0, 0x00, 0xF9, 0xF0, 0x00, 0xF1, 0xE0, 0x00, 0xF1, 0xE0, 0x00,
    0x00, 0x00, 0x00, 0x00, 0x00, 0x7F, 0xFC, 0x00, 0xFF, 0xFF, 0x01, 0xFF, 0xFF, 0x03, 0xFF, 0xFF,
    0x07, 0xE0, 0xFE, 0x0F, 0xC0, 0xFE, 0x1F, 0x80, 0xFC, 0x3F, 0x01, 0xF8, 0x7E, 0x03, 0xF0, 0xFC,
    0x07, 0xE1, 0xF8, 0x1F, 0x83, 0xF0, 0x7F, 0x07, 0xFF, 0xFC, 0x0F, 0xFF, 0xF0, 0x1F, 0xFF, 0x80,
    0x3F, 0xFF, 0x80, 0x7E, 0x3F, 0x00, 0xFC, 0x3F, 0x01, 0xF8, 0x7E, 0x03, 0xF0, 0x7E, 0x07, 0xE0,
    0x7E, 0x0F, 0xC0, 0xFC, 0x1F, 0x80, 0xFC, 0x3F, 0x01, 0xFC, 0x7E, 0x01, 0xF8, 0xFC, 0x03, 0xF9,
    0xF8, 0x03, 0xF0, 0xF9, 0xF8, 0x7E, 0x7C, 0x1F, 0x1F, 0x07, 0xC7, 0x81, 0xF1, 0xE0, 0x78, 0x78,
    0x00, 0x00, 0x00, 0x00, 0x1F, 0x0F, 0x8F, 0x9F, 0xC7, 0xDF, 0xE3, 0xEF, 0xF1, 0xFF, 0xF0, 0xFF,
    0x80, 0x7F, 0x00, 0x3F, 0x80, 0x1F, 0x80, 0x0F, 0xC0, 0x07, 0xE0, 0x03, 0xF0, 0x01, 0xF8, 0x00,
    0xFC, 0x00, 0x7E, 0x00, 0x3F, 0x00, 0x1F, 0x80, 0x0F, 0xC0, 0x07, 0xE0, 0x03, 0xF0, 0x01, 0xF8,
    0x00, 0x03, 0xF0, 0x00, 0x3F, 0xF0, 0x01, 0xFF, 0xE0, 0x07, 0xFF, 0xC0, 0x3C, 0x0F, 0x00, 0xE0,
    0x1C, 0x00, 0x00, 0x00, 0x00, 0x00, 0x00, 0xFF, 0xF8, 0x03, 0xFF, 0xFC, 0x0F, 0xFF, 0xF8, 0x3F,
    0xFF, 0xF0, 0xFC, 0x1F, 0xC3, 0xF0, 0x3F, 0x8F, 0xC0, 0x7E, 0x3F, 0x01, 0xF8, 0xFC, 0x07, 0xE3,
    0xF0, 0x1F, 0x8F, 0xC0, 0xFC, 0x3F, 0x07, 0xF0, 0xFF, 0xFF, 0x83, 0xFF, 0xFC, 0x0F, 0xFF, 0xC0,
    0x3F, 0xFF, 0x00, 0xFC, 0x7E, 0x03, 0xF0, 0xFC, 0x0F, 0xC3, 0xF0, 0x3F, 0x07, 0xE0, 0xFC, 0x1F,
    0xC3, 0xF0, 0x3F, 0x0F, 0xC0, 0xFE, 0x3F, 0x01, 0xF8, 0xFC, 0x07, 0xF3, 0xF0, 0x0F, 0xEF, 0xC0,
    0x3F, 0x80, 0x07, 0xE0, 0x3F, 0xF0, 0xFF, 0xF3, 0xFF, 0xE7, 0x81, 0xFE, 0x01, 0xC0, 0x00, 0x00,
    0x00, 0x7C, 0x3E, 0xF9, 0xFD, 0xF7, 0xFB, 0xEF, 0xF7, 0xFF, 0xCF, 0xF8, 0x1F, 0xC0, 0x3F, 0x80,
    0x7E, 0x00, 0xFC, 0x01, 0xF8, 0x03, 0xF0, 0x07, 0xE0, 0x0F, 0xC0, 0x1F, 0x80, 0x3F, 0x00, 0x7E,
    0x00, 0xFC, 0x01, 0xF8, 0x03, 0xF0, 0x07, 0xE0, 0x00, 0x7E, 0x7C, 0x00, 0xF9, 0xF0, 0x01, 0xF3,
    0xE0, 0x03, 0xC7, 0x80, 0x07, 0x8F, 0x00, 0x0F, 0x1C, 0x00, 0x00, 0x00, 0x00, 0x00, 0x00, 0x00,
    0x00, 0x03, 0xF0, 0x03, 0xFF, 0xC0, 0x0F, 0xFF, 0x00, 0x3F, 0xFC, 0x00, 0xFF, 0xF0, 0x03, 0xFF,
    0xC0, 0x0F, 0xFF, 0x00, 0x3F, 0xFC, 0x00, 0xFF, 0xF0, 0x03, 0xFF, 0xC0, 0x0F, 0xFF, 0x00, 0x3F,
    0xFC, 0x00, 0xFF, 0xF0, 0x03, 0xFF, 0xC0, 0x0F, 0xFF, 0x00, 0x3F, 0xFC, 0x00, 0xFF, 0xF0, 0x03,
    0xFF, 0xC0, 0x0F, 0xFF, 0x00, 0x3F, 0xFE, 0x01, 0xFF, 0xF8, 0x07, 0xF7, 0xF8, 0x3F, 0x9F, 0xFF,
    0xFE, 0x3F, 0xFF, 0xF0, 0x7F, 0xFF, 0x80, 0xFF, 0xFC, 0x00, 0x7F, 0x80, 0xF9, 0xF0, 0x1F, 0x9F,
    0x01, 0xF1, 0xE0, 0x1F, 0x1E, 0x01, 0xE1, 0xC0, 0x0E, 0x1C, 0x00, 0x00, 0x00, 0x00, 0x00, 0xFC,
    0x07, 0xFF, 0x80, 0xFF, 0xF0, 0x1F, 0xFE, 0x03, 0xFF, 0xC0, 0x7F, 0xF8, 0x0F, 0xFF, 0x01, 0xFF,
    0xE0, 0x3F, 0xFC, 0x07, 0xFF, 0x80, 0xFF, 0xF0, 0x1F, 0xFE, 0x03, 0xFF, 0xC0, 0x7F, 0xF8, 0x0F,
    0xFF, 0x03, 0xFF, 0xF0, 0x7F, 0xFE, 0x1F, 0xEF, 0xFF, 0xFD, 0xFF, 0xEF, 0x9F, 0xF9, 0xF0, 0xFC,
    0x3E, 0x00, 0xFC, 0x00, 0x07, 0xFC, 0x00, 0x3F, 0xF8, 0x01, 0xFF, 0xE0, 0x0F, 0x83, 0xC0, 0x3C,
    0x07, 0x00, 0xE0, 0x1C, 0x00, 0x00, 0x00, 0x00, 0x00, 0x03, 0xF0, 0x03, 0xFF, 0xC0, 0x0F, 0xFF,
    0x00, 0x3F, 0xFC, 0x00, 0xFF, 0xF0, 0x03, 0xFF, 0xC0, 0x0F, 0xFF, 0x00, 0x3F, 0xFC, 0x00, 0xFF,
    0xF0, 0x03, 0xFF, 0xC0, 0x0F, 0xFF, 0x00, 0x3F, 0xFC, 0x00, 0xFF, 0xF0, 0x03, 0xFF, 0xC0, 0x0F,
    0xFF, 0x00, 0x3F, 0xFC, 0x00, 0xFF, 0xF0, 0x03, 0xFF, 0xC0, 0x0F, 0xFF, 0x00, 0x3F, 0xFE, 0x01,
    0xFF, 0xF8, 0x07, 0xF7, 0xF8, 0x3F, 0x9F, 0xFF, 0xFE, 0x3F, 0xFF, 0xF0, 0x7F, 0xFF, 0x80, 0xFF,
    0xFC, 0x00, 0x7F, 0x80, 0x01, 0xF8, 0x00, 0xFF, 0xC0, 0x3F, 0xFC, 0x0F, 0xFF, 0x81, 0xE0, 0x78,
    0x38, 0x07, 0x00, 0x00, 0x00, 0x00, 0x00, 0xFC, 0x07, 0xFF, 0x80, 0xFF, 0xF0, 0x1F, 0xFE, 0x03,
    0xFF, 0xC0, 0x7F, 0xF8, 0x0F, 0xFF, 0x01, 0xFF, 0xE0, 0x3F, 0xFC, 0x07, 0xFF, 0x80, 0xFF, 0xF0,
    0x1F, 0xFE, 0x03, 0xFF, 0xC0, 0x7F, 0xF8, 0x0F, 0xFF, 0x03, 0xFF, 0xF0, 0x7F, 0xFE, 0x1F, 0xEF,
    0xFF, 0xFD, 0xFF, 0xFF, 0x9F, 0xF8, 0xF0, 0xFE, 0x1E, 0x01, 0xFE, 0x00, 0x1F, 0xFE, 0x01, 0xFF,
    0xFC, 0x0F, 0xFF, 0xF8, 0x3F, 0xFF, 0xF1, 0xFE, 0x1F, 0xC7, 0xF0, 0x1F, 0x9F, 0x80, 0x7E, 0x7E,
    0x01, 0xF9, 0xF8, 0x00, 0x07, 0xF0, 0x00, 0x0F, 0xF8, 0x00, 0x3F, 0xFE, 0x00, 0x7F, 0xFE, 0x00,
    0x7F, 0xFE, 0x00, 0x7F, 0xFC, 0x00, 0x1F, 0xF8, 0x00, 0x0F, 0xF0, 0x00, 0x1F, 0xDF, 0x80, 0x3F,
    0x7E, 0x00, 0xFD, 0xF8, 0x03, 0xF7, 0xF0, 0x1F, 0xCF, 0xFF, 0xFE, 0x3F, 0xFF, 0xF8, 0x7F, 0xFF,
    0xC0, 0xFF, 0xFE, 0x00, 0xFF, 0xE0, 0x00, 0x10, 0x00, 0x00, 0x00, 0x00, 0x07, 0xC0, 0x00, 0x1F,
    0x00, 0x00, 0x7C, 0x00, 0x01, 0xF0, 0x00, 0x03, 0x80, 0x00, 0x0E, 0x00, 0x00, 0x70, 0x00, 0x03,
    0xC0, 0x00, 0x07, 0xF8, 0x07, 0xFF, 0x87, 0xFF, 0xF1, 0xFF, 0xFE, 0xFE, 0x1F, 0xBF, 0x07, 0xFF,
    0xC0, 0xFF, 0xF0, 0x00, 0xFF, 0x80, 0x1F, 0xFE, 0x03, 0xFF, 0xF0, 0x3F, 0xFE, 0x01, 0xFF, 0x80,
    0x07, 0xFF, 0x80, 0xFF, 0xF0, 0x3F, 0xFE, 0x1F, 0xDF, 0xFF, 0xE7, 0xFF, 0xF8, 0x7F, 0xF8, 0x07,
    0xF8, 0x00, 0x00, 0x00, 0x00, 0x00, 0x07, 0xC0, 0x01, 0xF0, 0x00, 0x7C, 0x00, 0x1F, 0x00, 0x03,
    0x80, 0x01, 0xE0, 0x00, 0x70, 0x00, 0xFF, 0xFF, 0xFF, 0xFF, 0xFF, 0xFF, 0xFF, 0xFF, 0xFF, 0xFF,
    0xFF, 0xFF, 0xFF, 0xFC, 0x03, 0xF0, 0x00, 0x0F, 0xC0, 0x00, 0x3F, 0x00, 0x00, 0xFC, 0x00, 0x03,
    0xF0, 0x00, 0x0F, 0xC0, 0x00, 0x3F, 0x00, 0x00, 0xFC, 0x00, 0x03, 0xF0, 0x00, 0x0F, 0xC0, 0x00,
    0x3F, 0x00, 0x00, 0xFC, 0x00, 0x03, 0xF0, 0x00, 0x0F, 0xC0, 0x00, 0x3F, 0x00, 0x00, 0xFC, 0x00,
    0x03, 0xF0, 0x00, 0x0F, 0xC0, 0x00, 0x3F, 0x00, 0x00, 0xFC, 0x00, 0x03, 0xF0, 0x00, 0x0F, 0xC0,
    0x00, 0x00, 0x00, 0x00, 0x00, 0x00, 0x03, 0xE0, 0x00, 0x0F, 0x80, 0x00, 0x3E, 0x00, 0x00, 0xF8,
    0x00, 0x01, 0xC0, 0x00, 0x07, 0x00, 0x00, 0x38, 0x00, 0x00, 0xE0, 0x00, 0x1F, 0x80, 0x7E, 0x01,
    0xF8, 0x07, 0xE0, 0x1F, 0x83, 0xFF, 0xFF, 0xFF, 0xFF, 0xFF, 0xFF, 0xFC, 0x7E, 0x01, 0xF8, 0x07,
    0xE0, 0x1F, 0x80, 0x7E, 0x01, 0xF8, 0x07, 0xE0, 0x1F, 0x80, 0x7E, 0x01, 0xF8, 0x07, 0xE0, 0x1F,
    0x80, 0x7F, 0x01, 0xFF, 0xC3, 0xFF, 0x0F, 0xFC, 0x0F, 0xF0, 0x00, 0x00, 0x00, 0x03, 0xE0, 0x0F,
    0x80, 0x3E, 0x00, 0xF8, 0x01, 0xC0, 0x0F, 0x00, 0x38, 0x01, 0xE0, 0x07, 0xFE, 0x03, 0xFF, 0xF8,
    0xFF, 0xFF, 0xCF, 0xFF, 0xFE, 0x7C, 0x0F, 0xF2, 0x00, 0x3F, 0x00, 0x03, 0xF0, 0x00, 0x3F, 0x00,
    0x03, 0xF0, 0x00, 0xFE, 0x00, 0x3F, 0xC0, 0x1F, 0xF8, 0x0F, 0xFF, 0x00, 0xFF, 0xF8, 0x0F, 0xFF,
    0xC0, 0x78, 0x7E, 0x00, 0x07, 0xE0, 0x00, 0x3F, 0x00, 0x03, 0xF0, 0x00, 0x3F, 0x00, 0x03, 0xF0,
    0x00, 0x3F, 0x00, 0x07, 0xF0, 0x00, 0xFE, 0x00, 0x1F, 0xE0, 0x03, 0xFC, 0x00, 0xFF, 0x80, 0x7F,
    0xF0, 0x7F, 0xFE, 0x0F, 0xFF, 0x80, 0xFF, 0xE0, 0x0F, 0xF0, 0x00, 0xF0, 0x00, 0x00, 0x00, 0x00,
    0x1F, 0xE0, 0x3F, 0xFE, 0x1F, 0xFF, 0x8F, 0xFF, 0xC3, 0x83, 0xF0, 0x00, 0xF8, 0x00, 0x7C, 0x00,
    0x3E, 0x00, 0x3F, 0x00, 0x3F, 0x00, 0xFF, 0x03, 0xFF, 0x00, 0xFF, 0xC0, 0x7F, 0xF0, 0x38, 0xFC,
    0x00, 0x3F, 0x00, 0x1F, 0x80, 0x0F, 0xC0, 0x07, 0xE0, 0x03, 0xF0, 0x03, 0xF8, 0x03, 0xF8, 0x03,
    0xFC, 0x07, 0xFC, 0x3F, 0xFC, 0x7F, 0xFC, 0x3F, 0xF8, 0x1F, 0xE0, 0x0F, 0x80, 0x00, 0x00, 0x00,
    0x1E, 0x01, 0xE0, 0x3E, 0x0F, 0x80, 0x7C, 0xFC, 0x00, 0xFF, 0xE0, 0x01, 0xFF, 0x00, 0x07, 0xF8,
    0x00, 0x0F, 0xC0, 0x00, 0x00, 0x00, 0x00, 0x00, 0x03, 0xF0, 0x03, 0xFF, 0xC0, 0x0F, 0xFF, 0x00,
    0x3F, 0xFC, 0x00, 0xFF, 0xF0, 0x03, 0xFF, 0xC0, 0x0F, 0xFF, 0x00, 0x3F, 0xFC, 0x00, 0xFF, 0xF0,
    0x03, 0xFF, 0xC0, 0x0F, 0xFF, 0xFF, 0xFF, 0xFF, 0xFF, 0xFF, 0xFF, 0xFF, 0xFF, 0xFF, 0xFF, 0xFF,
    0xFF, 0xFF, 0xFC, 0x00, 0xFF, 0xF0, 0x03, 0xFF, 0xC0, 0x0F, 0xFF, 0x00, 0x3F, 0xFC, 0x00, 0xFF,
    0xF0, 0x03, 0xFF, 0xC0, 0x0F, 0xFF, 0x00, 0x3F, 0xFC, 0x00, 0xFF, 0xF0, 0x03, 0xFF, 0xC0, 0x0F,
    0xFF, 0x00, 0x3F, 0xF8, 0x0F, 0x00, 0x7C, 0x1E, 0x00, 0x3F, 0x7C, 0x00, 0x1F, 0xFC, 0x00, 0x0F,
    0xF8, 0x00, 0x07, 0xF0, 0x00, 0x00, 0x00, 0x00, 0x00, 0x00, 0x00, 0x07, 0xE0, 0x00, 0x07, 0xE0,
    0x00, 0x07, 0xE0, 0x00, 0x07, 0xE0, 0x00, 0x07, 0xE0, 0x00, 0x07, 0xE0, 0x00, 0x07, 0xE0, 0x00,
    0x07, 0xE0, 0x00, 0x07, 0xE3, 0xF0, 0x07, 0xEF, 0xFC, 0x07, 0xFF, 0xFE, 0x07, 0xFF, 0xFE, 0x07,
    0xF8, 0x7F, 0x07, 0xF0, 0x7F, 0x07, 0xF0, 0x3F, 0x07, 0xE0, 0x3F, 0x07, 0xE0, 0x3F, 0x07, 0xE0,
    0x3F, 0x07, 0xE0, 0x3F, 0x07, 0xE0, 0x3F, 0x07, 0xE0, 0x3F, 0x07, 0xE0, 0x3F, 0x07, 0xE0, 0x3F,
    0x07, 0xE0, 0x3F, 0x07, 0xE0, 0x3F, 0x07, 0xE0, 0x3F, 0x07, 0xE0, 0x3F, 0x07, 0xE0, 0x3F, 0x07,
    0xE0, 0x3F, 0x7C, 0x7C, 0x3E, 0x1E, 0x1F, 0x3F, 0x3E, 0x7C, 0x7C, 0x78, 0x0F, 0xC0, 0xFE, 0x0F,
    0xF8, 0x7B, 0xC7, 0x8F, 0x3C, 0x3C, 0x3C, 0x3B, 0xF9, 0xDF, 0xFF, 0xFF, 0xEE, 0x3F, 0x70, 0xF0,
    0xFF, 0xFF, 0xFF, 0xFF, 0xFF, 0xF0, 0xFF, 0xFF, 0xFF, 0xFF, 0xFF, 0xFF, 0xFF, 0xFF, 0xE0, 0x7F,
    0x0F, 0xF0, 0xF7, 0xFE, 0x3F, 0xC1, 0xF8, 0xFF, 0xFF, 0xFF, 0xFC, 0xFF, 0xF3, 0xFF, 0xCF, 0xFF,
    0x3F, 0xFC, 0xFE, 0xFF, 0x0F, 0x0F, 0x1F, 0x3E, 0x38, 0x38, 0x3C, 0x7E, 0xE7, 0xE7, 0xE7, 0xE7,
    0x7E, 0x3C, 0x3F, 0x7C, 0x7C, 0xF9, 0xF3, 0xE3, 0xE7, 0x87, 0x9F, 0x00, 0x78, 0x7B, 0xC7, 0x8F,
    0x7C, 0x7F, 0xC1, 0xFC, 0x07, 0xE0, 0xFF, 0xFF, 0xFF, 0xF3, 0xFC, 0xFF, 0x3F, 0xCF, 0xF3, 0xFC,
    0xF0, 0xF9, 0xF1, 0xF9, 0xF1, 0xF1, 0xE1, 0xF1, 0xE1, 0xE1, 0xE1, 0xE1, 0xC0, 0x07, 0x00, 0x7C,
    0x03, 0xE1, 0xCE, 0x7E, 0x03, 0xF8, 0x39, 0xFF, 0xC7, 0xFC, 0x1F, 0x80, 0x0F, 0xC0, 0xFF, 0xC7,
    0xFF, 0x9F, 0xFE, 0xF0, 0x3F, 0x80, 0x7E, 0x01, 0xC0, 0x39, 0xE7, 0x3C, 0xFB, 0xEF, 0xBE, 0x3F,
    0x3E, 0x3E, 0x3E, 0x7C, 0x7C, 0x7C, 0x78, 0x78, 0xFC, 0x7C, 0x7C, 0x7C, 0x3E, 0x3E, 0x1E, 0x1E,
    0x1F, 0x3F, 0x3E, 0x3E, 0x3E, 0x7C, 0x7C, 0x7C, 0x78, 0x78, 0xFE, 0x0F, 0xC0, 0xFC, 0x0F, 0xC0,
    0x7C, 0x07, 0xC0, 0x0F, 0xC7, 0xE3, 0xF1, 0xF8, 0x7C, 0x3C, 0x00, 0x0C, 0x3F, 0xFF, 0x0C, 0x30,
    0xC0, 0xC1, 0x83, 0xFF, 0xFC, 0x18, 0x30, 0x00, 0xFF, 0xFF, 0xC0, 0x60, 0x30, 0x18, 0x0C, 0x06,
    0x03, 0x01, 0x80, 0x1F, 0x8F, 0xC7, 0xE3, 0xE7, 0xF7, 0xF3, 0xF1, 0xE0, 0x3B, 0xF9, 0xCE, 0x71,
    0xE7, 0x18, 0x18, 0x18, 0x18, 0xFF, 0xFF, 0xFF, 0xFF, 0x18, 0x18, 0x18, 0x18, 0x18, 0x18, 0xFF,
    0xFF, 0x18, 0x18, 0x18, 0xFF, 0xFF, 0x0F, 0x87, 0xC3, 0xE1, 0xF0, 0xF8, 0x7C, 0x3F, 0xFF, 0xFF,
    0x7F, 0xBF, 0x00, 0xF8, 0x7C, 0x3E, 0x1F, 0x0F, 0x87, 0xC3, 0xE1, 0xFF, 0x7F, 0xBF, 0xC7, 0xE0,
    0x7B, 0xFF, 0xFF, 0x78, 0x70, 0x77, 0xC7, 0xFE, 0x3F, 0xF1, 0xF7, 0x07, 0x00, 0x3E, 0x3F, 0xB9,
    0xFC, 0x7E, 0x3F, 0x3D, 0xFC, 0x7C, 0x7D, 0xF7, 0xDF, 0x39, 0xE7, 0x3C, 0x1C, 0x1E, 0x0F, 0xC3,
    0xF0, 0x3E, 0x1F, 0xFE, 0xFE, 0x3E, 0x00, 0x18, 0x1F, 0x0F, 0x0F, 0x8F, 0x87, 0xC3, 0xFD, 0xFE,
    0x7F, 0x9F, 0x00, 0xFF, 0xFF, 0xFF, 0xFF, 0xFF, 0xFF, 0xF0, 0x07, 0x80, 0x3C, 0x01, 0xE0, 0x0C,
    0xC3, 0x0F, 0x0C, 0x3E, 0x79, 0xDF, 0xFE, 0x3C, 0xF0, 0x78, 0x0F, 0x7C, 0x3E, 0x3F, 0x7C, 0x1F,
    0xFC, 0x0F, 0xF8, 0x07, 0xF0, 0x07, 0xE0, 0x1F, 0xE0, 0x7F, 0xE1, 0xF7, 0xE7, 0xC3, 0xDF, 0x03,
    0xC0, 0xE0, 0x1F, 0xC0, 0xFF, 0xFF, 0x9F, 0xFE, 0x3F, 0xF0, 0x3F, 0x00, 0x0F, 0xC0, 0xFF, 0xC7,
    0xFF, 0x9F, 0xFE, 0xF0, 0x3F, 0x80, 0x7E, 0x01, 0xC0, 0x1E, 0x07, 0x3F, 0x8E, 0x7F, 0xFE, 0x7F,
    0xFE, 0x71, 0xFC, 0xE0, 0x78, 0xFF, 0xFF, 0xFF, 0xFF, 0xFF, 0xFF, 0xFF, 0xFF, 0xFF, 0xFF, 0xF0,
    0xFF, 0xFF, 0xFF, 0xFF, 0x00, 0x00, 0x00, 0x00, 0x00, 0x00, 0xFF, 0xFF, 0xFF, 0xFF, 0x1E, 0x0E,
    0xFF, 0x3D, 0xFF, 0xF7, 0xFF, 0xEE, 0x3F, 0x9C, 0x1E, 0x00, 0xFF, 0xFF, 0xFF, 0xFF, 0xFF, 0xFF,
    0xF0, 0xFF, 0xFF, 0xFF, 0xFF, 0xFF, 0xFF, 0xFF, 0xFF, 0xFF, 0xFF, 0xFF, 0xFF, 0xFF, 0xF0, 0x00,
    0x30, 0x1F, 0x07, 0xF3, 0xFE, 0xFF, 0x8F, 0xC0, 0xF0, 0x08, 0x00, 0x00, 0x01, 0xE0, 0x00, 0x38,
    0x00, 0x0F, 0x00, 0x03, 0xC0, 0x00, 0x70, 0x00, 0x1E, 0x00, 0x07, 0x80, 0x00, 0xE0, 0x00, 0x38,
    0x00, 0x0F, 0x00, 0x03, 0xC0, 0x00, 0x70, 0x00, 0x1E, 0x00, 0x07, 0x80, 0x00, 0xE0, 0x00, 0x3C,
    0x00, 0x0F, 0x00, 0x01, 0xC0, 0x00, 0x78, 0x00, 0x1E, 0x00, 0x03, 0x80, 0x00, 0xE0, 0x00, 0x00,
    0xE7, 0x9E, 0x73, 0xBF, 0xDC, 0xC0, 0x1E, 0x00, 0xF0, 0x07, 0x80, 0x3C, 0x01, 0xFF, 0xFF, 0xFF,
    0xE0, 0xFF, 0xFF, 0xFF, 0xFC, 0x00, 0xF0, 0x03, 0xC0, 0x0F, 0x00, 0x3F, 0xFF, 0xFF, 0xFF, 0x3C,
    0xF1, 0xFF, 0xEE, 0x79, 0xF0, 0xC3, 0xC3, 0x0C, 0x66, 0xFF, 0x7E, 0x3C, 0x7E, 0x7F, 0x66, 0x3B,
    0xF9, 0xCE, 0x38, 0xE7, 0x3F, 0xB8, 0xFF, 0xFF, 0xFF, 0xFF, 0x00, 0x00, 0x00, 0x00, 0x00, 0x00,
    0xFF, 0xFF, 0xFF, 0xFF, 0xFC, 0x1F, 0x83, 0xF0, 0x7E, 0x07, 0xC0, 0xF0, 0x0F, 0xC3, 0xF0, 0xFC,
    0x3F, 0x07, 0xC1, 0xE0, 0x00, 0x1E, 0x0E, 0xFE, 0x3D, 0xFF, 0xF7, 0xFF, 0xEE, 0x3F, 0x98, 0x1E,
    0x00, 0xFB, 0xFF, 0xCF, 0x3D, 0xE3, 0x00, 0x71, 0xFD, 0xDF, 0x3F, 0x7F, 0xE7, 0xCF, 0xFC, 0xF9,
    0xF7, 0x3E, 0x1C, 0x07, 0x80, 0x00, 0xF1, 0xE3, 0xC7, 0xDF, 0xFF, 0xDF, 0x80, 0xFF, 0xFF, 0xFF,
    0xFF, 0xC0, 0x03, 0xC0, 0x03, 0xC0, 0x03, 0xC0, 0x03, 0xFF, 0xFF, 0xFF, 0xFF, 0x00, 0x00, 0x00,
    0x00, 0x00, 0x00, 0xFF, 0xFF, 0xFF, 0xFF, 0xF3, 0xFC, 0xFF, 0x3F, 0xCF, 0xF3, 0xFC, 0xF0, 0xFF,
    0xFC, 0x18, 0x30, 0x60, 0xC1, 0x80, 0x01, 0xC0, 0xF6, 0x77, 0xF9, 0xF9, 0xFE, 0xE6, 0xF0, 0x30,
    0x00, 0x00, 0x00, 0x03, 0x80, 0x0F, 0x80, 0x1F, 0x00, 0x1C, 0x01, 0xC0, 0xC7, 0xF3, 0x9F, 0xFF,
    0x3F, 0xFE, 0xE3, 0xF9, 0xC1, 0xE0, 0x0E, 0x00, 0x3E, 0x00, 0x7C, 0x00, 0x70, 0x00, 0x7C, 0x37,
    0xFF, 0xB0, 0xF8, 0x00, 0x00, 0x00, 0x3C, 0x1B, 0xF8, 0xD8, 0xFE, 0xC1, 0xE0, 0x08, 0x40, 0xE1,
    0xC7, 0xFF, 0x9F, 0xFE, 0x38, 0x70, 0x21, 0x00, 0x30, 0xC7, 0xBF, 0x30, 0xC3, 0x0C, 0xFC, 0x3F,
    0x07, 0xFF, 0x87, 0xE0, 0xFF, 0x00, 0x00, 0x01, 0xE0, 0x00, 0x00, 0x3C, 0x00, 0xC0, 0x07, 0x80,
    0xD9, 0x80, 0xC0, 0x18, 0x30, 0x00, 0x0C, 0x01, 0x80, 0x01, 0x80, 0x30, 0x00, 0xC0, 0x01, 0x80,
    0x18, 0x00, 0x30, 0x60, 0x00, 0x00, 0x3C, 0x00, 0x00, 0x07, 0x98, 0x00, 0x0C, 0xF3, 0x00, 0x01,
    0x9E, 0x00, 0x00, 0x03, 0xC6, 0x00, 0x0C, 0x60, 0xC0, 0x01, 0x80, 0x06, 0x00, 0xC0, 0x00, 0xC0,
    0x18, 0x00, 0x06, 0x0C, 0x01, 0x80, 0xD9, 0x80, 0xF0, 0x03, 0x00, 0x1E, 0x00, 0x00, 0x03, 0xC0,
    0x00, 0x00, 0x7F, 0x87, 0xE0, 0xFF, 0xF0, 0xFC, 0x1F, 0x80, 0x83, 0xC7, 0xC7, 0x7F, 0xC8, 0x00,
    0x3B, 0xF9, 0xCE, 0x71, 0xE7, 0x0F, 0xC1, 0xFF, 0x1F, 0xFC, 0xE1, 0xEE, 0x03, 0xF3, 0x9C, 0x3E,
    0x01, 0xF0, 0x07, 0x00, 0x00, 0x66, 0x7E, 0x3C, 0x3C, 0x7E, 0x66, 0x04, 0xFF, 0xB8, 0xF8, 0xF0,
    0xC0, 0x83, 0xC7, 0xC7, 0x7F, 0xC8, 0x00, 0x80, 0x73, 0xC1, 0xC7, 0xCF, 0x07, 0x3E, 0x7D, 0xDB,
    0xC6, 0x68, 0x18, 0xC0, 0xE7, 0x8E, 0x73, 0x9F, 0xDC, 0x7B, 0xFF, 0xFF, 0x78, 0x18, 0x18, 0xFF,
    0xFF, 0x3C, 0x7E, 0x66, 0x00, 0x3C, 0xF1, 0xFF, 0xEE, 0x79, 0xF0, 0xC3, 0xC3, 0x0F, 0x9E, 0x77,
    0xFF, 0x8F, 0x3C, 0x30, 0x60, 0x60, 0x7E, 0x7E, 0x06, 0x06, 0x0C, 0xF0, 0x00, 0x00, 0x3D, 0xE0,
    0x00, 0x01, 0xE7, 0xE0, 0x00, 0x1F, 0x8F, 0xF0, 0x03, 0xFC, 0x1F, 0xFF, 0xFF, 0xE0, 0x3F, 0xFF,
    0xFF, 0x00, 0x3F, 0xFF, 0xF0, 0x00, 0x0F, 0xFC, 0x00, 0xF0, 0x00, 0x00, 0x3D, 0xE0, 0x00, 0x01,
    0xE7, 0xE0, 0x00, 0x1F, 0x8F, 0xF0, 0x03, 0xFC, 0x1F, 0xFF, 0xFF, 0xE0, 0x3F, 0xFF, 0xFF, 0x00,
    0x3F, 0xFF, 0xF0, 0x00, 0x0F, 0xFC, 0x00, 0xFF, 0xFF, 0xFF, 0xFF, 0xFF, 0xFC, 0xFF, 0xFF, 0xFF,
    0xFF, 0xFF, 0xFC, 0x0F, 0xF8, 0x00, 0x1C, 0xFF, 0xFF, 0x00, 0xF7, 0xFF, 0xFF, 0xFF, 0x9F, 0xFF,
    0xFF, 0xFE, 0xF0, 0x0F, 0xFF, 0xF3, 0x80, 0x00, 0xFF, 0x00, 0x00, 0x3F, 0xF0, 0x00, 0x07, 0xFF,
    0xFC, 0x00, 0x7F, 0xFF, 0xFC, 0x07, 0xFF, 0xFF, 0xF8, 0x3F, 0xC0, 0x0F, 0xF1, 0xF8, 0x00, 0x07,
    0xE7, 0x80, 0x00, 0x07, 0xBC, 0x00, 0x00, 0x0F, 0x00, 0x00, 0x00, 0x80, 0x00, 0x00, 0x03, 0x00,
    0x00, 0x00, 0x0F, 0x3F, 0xFF, 0xFF, 0xFE, 0xFF, 0xFF, 0xFF, 0xF8, 0x00, 0x00, 0x03, 0xC0, 0x00,
    0x00, 0x0C, 0x00, 0x00, 0x00, 0x20, 0x00, 0x7E, 0x07, 0x07, 0x7F, 0xE7, 0xE7, 0xFF, 0x7B, 0x3E,
    0x3F, 0xB8, 0xDC, 0x6F, 0xFF, 0x03, 0xC4, 0xFE, 0x08, 0x00, 0xFC, 0x7F, 0xFF, 0xFF, 0x80, 0x3E,
    0x39, 0xB8, 0xFC, 0x7E, 0x3F, 0x1D, 0xFC, 0x7C, 0xE3, 0xF1, 0xF8, 0xFC, 0x7E, 0x3F, 0x1F, 0x9E,
    0xFF, 0x3E, 0xFF, 0xC7, 0x0E, 0x1C, 0x3C, 0x3F, 0x3E, 0x03, 0x81, 0xCE, 0xEF, 0xFE, 0x3F, 0x1F,
    0x8F, 0xC7, 0xF3, 0xBF, 0xCE, 0xE0, 0xE0, 0x70, 0x38, 0x1D, 0xEF, 0xFF, 0x9F, 0x8F, 0xC7, 0xE3,
    0xF1, 0xF8, 0xE0, 0xCE, 0x77, 0xFF, 0xF9, 0xCF, 0xCE, 0x7E, 0x73, 0xF3, 0x9F, 0x9C, 0xFC, 0xE7,
    0xCF, 0xFF, 0x38, 0xE3, 0x8E, 0x38, 0x31, 0xCF, 0xDC, 0x71, 0xC7, 0x1C, 0x7C, 0xF0, 0xC3, 0xF1,
    0xD8, 0xCE, 0xE3, 0x61, 0xF0, 0xF0, 0x38, 0x71, 0xCE, 0xE1, 0xF0, 0x78, 0x1E, 0x0F, 0xC3, 0x39,
    0xC7, 0x07, 0xC0, 0x00, 0x7C, 0x00, 0x0F, 0x80, 0x00, 0xF8, 0x00, 0x0F, 0x00, 0x00, 0x00, 0x00,
    0x00, 0x00, 0x00, 0x00, 0xFF, 0xFF, 0xFF, 0xFF, 0xFF, 0xFF, 0xFF, 0xFF, 0xFF, 0xFF, 0xFF, 0xFF,
    0xF8, 0x00, 0x3F, 0x00, 0x07, 0xE0, 0x00, 0xFC, 0x00, 0x1F, 0x80, 0x03, 0xF0, 0x00, 0x7F, 0xFF,
    0xEF, 0xFF, 0xFD, 0xFF, 0xFF, 0xBF, 0xFF, 0xF7, 0xFF, 0xFE, 0xFC, 0x00, 0x1F, 0x80, 0x03, 0xF0,
    0x00, 0x7E, 0x00, 0x0F, 0xC0, 0x01, 0xF8, 0x00, 0x3F, 0xFF, 0xFF, 0xFF, 0xFF, 0xFF, 0xFF, 0xFF,
    0xFF, 0xFF, 0xFF, 0xFF, 0x80, 0x3F, 0x3F, 0x07, 0xE7, 0xE0, 0xFC, 0xFC, 0x1F, 0x9F, 0x80, 0x00,
    0x00, 0x00, 0x00, 0x00, 0x00, 0x07, 0xFF, 0xFF, 0xFF, 0xFF, 0xFF, 0xFF, 0xFF, 0xFF, 0xFF, 0xFF,
    0xFF, 0xFF, 0xC0, 0x01, 0xF8, 0x00, 0x3F, 0x00, 0x07, 0xE0, 0x00, 0xFC, 0x00, 0x1F, 0x80, 0x03,
    0xFF, 0xFF, 0x7F, 0xFF, 0xEF, 0xFF, 0xFD, 0xFF, 0xFF, 0xBF, 0xFF, 0xF7, 0xE0, 0x00, 0xFC, 0x00,
    0x1F, 0x80, 0x03, 0xF0, 0x00, 0x7E, 0x00, 0x0F, 0xC0, 0x01, 0xFF, 0xFF, 0xFF, 0xFF, 0xFF, 0xFF,
    0xFF, 0xFF, 0xFF, 0xFF, 0xFF, 0xFC, 0xFF, 0xFF, 0xF0, 0x0F, 0xFF, 0xFF, 0x00, 0xFF, 0xFF, 0xF0,
    0x0F, 0xFF, 0xFF, 0x00, 0xFF, 0xFF, 0xF0, 0x00, 0x1F, 0x80, 0x00, 0x01, 0xF8, 0x00, 0x00, 0x1F,
    0x80, 0x00, 0x01, 0xF8, 0x00, 0x00, 0x1F, 0x87, 0xE0, 0x01, 0xF9, 0xFF, 0x80, 0x1F, 0xBF, 0xFC,
    0x01, 0xFF, 0xFF, 0xE0, 0x1F, 0xFF, 0xFE, 0x01, 0xFF, 0x0F, 0xE0, 0x1F, 0xC0, 0x7F, 0x01, 0xFC,
    0x03, 0xF0, 0x1F, 0x80, 0x3F, 0x01, 0xF8, 0x03, 0xF0, 0x1F, 0x80, 0x3F, 0x01, 0xF8, 0x07, 0xF0,
    0x1F, 0x80, 0xFE, 0x01, 0xF8, 0x7F, 0xE0, 0x1F, 0x87, 0xFC, 0x01, 0xF8, 0x7F, 0x80, 0x1F, 0x87,
    0xF0, 0x01, 0xF8, 0x78, 0x00, 0x00, 0x7E, 0x00, 0x07, 0xC0, 0x00, 0x78, 0x00, 0x0F, 0x80, 0x00,
    0xF0, 0x00, 0x00, 0x00, 0x00, 0x00, 0x00, 0x00, 0x00, 0xFF, 0xFF, 0xFF, 0xFF, 0xFF, 0xFF, 0xFF,
    0xFF, 0xFF, 0xFF, 0xFF, 0xFF, 0xFF, 0xC0, 0x00, 0xFC, 0x00, 0x0F, 0xC0, 0x00, 0xFC, 0x00, 0x0F,
    0xC0, 0x00, 0xFC, 0x00, 0x0F, 0xC0, 0x00, 0xFC, 0x00, 0x0F, 0xC0, 0x00, 0xFC, 0x00, 0x0F, 0xC0,
    0x00, 0xFC, 0x00, 0x0F, 0xC0, 0x00, 0xFC, 0x00, 0x0F, 0xC0, 0x00, 0xFC, 0x00, 0x0F, 0xC0, 0x00,
    0xFC, 0x00, 0x0F, 0xC0, 0x00, 0xFC, 0x00, 0x0F, 0xC0, 0x00, 0xFC, 0x00, 0x00, 0x00, 0x00, 0x00,
    0x00, 0xFF, 0xE0, 0x00, 0xFF, 0xFC, 0x01, 0xFF, 0xFF, 0x81, 0xFF, 0xFF, 0xE1, 0xFF, 0xFF, 0xF0,
    0xFE, 0x01, 0xFC, 0xFE, 0x00, 0x7F, 0x7E, 0x00, 0x1F, 0xBF, 0x00, 0x0F, 0xFF, 0x80, 0x07, 0xFF,
    0x80, 0x00, 0x0F, 0xFF, 0xE0, 0x07, 0xFF, 0xF0, 0x03, 0xFF, 0xF8, 0x01, 0xFF, 0xFC, 0x00, 0xFC,
    0x00, 0x00, 0x7E, 0x00, 0x00, 0x3F, 0x80, 0x07, 0xEF, 0xC0, 0x03, 0xF7, 0xE0, 0x03, 0xFB, 0xF8,
    0x01, 0xF8, 0xFE, 0x03, 0xFC, 0x7F, 0xFF, 0xFC, 0x1F, 0xFF, 0xFC, 0x07, 0xFF, 0xFC, 0x01, 0xFF,
    0xFC, 0x00, 0x3F, 0xF8, 0x00, 0x00, 0x80, 0x00, 0x00, 0x00, 0x00, 0x0F, 0xFC, 0x00, 0xFF, 0xFC,
    0x07, 0xFF, 0xF8, 0x3F, 0xFF, 0xF0, 0xFF, 0xFF, 0xC7, 0xF0, 0x3F, 0x9F, 0x80, 0x7E, 0x7E, 0x01,
    0xF9, 0xF8, 0x03, 0xF7, 0xF0, 0x00, 0x0F, 0xF0, 0x00, 0x3F, 0xF8, 0x00, 0x7F, 0xFE, 0x00, 0x7F,
    0xFE, 0x00, 0x7F, 0xFC, 0x00, 0x1F, 0xF8, 0x00, 0x0F, 0xE0, 0x00, 0x1F, 0xDF, 0x80, 0x3F, 0x7E,
    0x00, 0xFD, 0xF8, 0x03, 0xF7, 0xF0, 0x1F, 0xCF, 0xFF, 0xFE, 0x3F, 0xFF, 0xF8, 0x7F, 0xFF, 0xC0,
    0xFF, 0xFE, 0x00, 0xFF, 0xE0, 0x00, 0x10, 0x00, 0xFF, 0xFF, 0xFF, 0xFF, 0xFF, 0xFF, 0xFF, 0xFF,
    0xFF, 0xFF, 0xFF, 0xFF, 0xFF, 0xFF, 0xFF, 0xFF, 0xFF, 0xFF, 0xFF, 0xFF, 0xC0, 0xFC, 0xFF, 0xF3,
    0xFF, 0xCF, 0xFF, 0x3F, 0x00, 0x00, 0x00, 0x00, 0x00, 0x03, 0xF0, 0x0F, 0xC0, 0x3F, 0x00, 0xFC,
    0x03, 0xF0, 0x0F, 0xC0, 0x3F, 0x00, 0xFC, 0x03, 0xF0, 0x0F, 0xC0, 0x3F, 0x00, 0xFC, 0x03, 0xF0,
    0x0F, 0xC0, 0x3F, 0x00, 0xFC, 0x03, 0xF0, 0x0F, 0xC0, 0x3F, 0x00, 0xFC, 0x03, 0xF0, 0x0F, 0xC0,
    0x3F, 0x00, 0xFC, 0x03, 0xF0, 0x0F, 0xC0, 0x3F, 0x00, 0x00, 0x03, 0xF0, 0x00, 0x3F, 0x00, 0x03,
    0xF0, 0x00, 0x3F, 0x00, 0x03, 0xF0, 0x00, 0x3F, 0x00, 0x03, 0xF0, 0x00, 0x3F, 0x00, 0x03, 0xF0,
    0x00, 0x3F, 0x00, 0x03, 0xF0, 0x00, 0x3F, 0x00, 0x03, 0xF0, 0x00, 0x3F, 0x00, 0x03, 0xF0, 0x00,
    0x3F, 0x00, 0x03, 0xFF, 0xC0, 0x3F, 0xFC, 0x03, 0xFF, 0xC0, 0x3F, 0xFE, 0x07, 0xF7, 0xE0, 0x7E,
    0x7F, 0xFF, 0xE3, 0xFF, 0xFC, 0x1F, 0xFF, 0x80, 0xFF, 0xF0, 0x07, 0xFE, 0x00, 0x04, 0x00, 0x03,
    0xFF, 0xFF, 0x80, 0x00, 0x07, 0xFF, 0xFF, 0x00, 0x00, 0x0F, 0xFF, 0xFE, 0x00, 0x00, 0x1F, 0xFF,
    0xFC, 0x00, 0x00, 0x3F, 0xFF, 0xF8, 0x00, 0x00, 0x7C, 0x07, 0xF0, 0x00, 0x00, 0xF8, 0x0F, 0xE0,
    0x00, 0x01, 0xF0, 0x1F, 0xC0, 0x00, 0x03, 0xE0, 0x3F, 0x80, 0x00, 0x0F, 0xC0, 0x7F, 0xFF, 0x00,
    0x1F, 0x80, 0xFF, 0xFF, 0x80, 0x3F, 0x01, 0xFF, 0xFF, 0x80, 0x7E, 0x03, 0xFF, 0xFF, 0x80, 0xFC,
    0x07, 0xFF, 0xFF, 0x81, 0xF8, 0x0F, 0xE0, 0x7F, 0x03, 0xF0, 0x1F, 0xC0, 0x7F, 0x07, 0xC0, 0x3F,
    0x80, 0x7E, 0x0F, 0x80, 0x7F, 0x00, 0xFC, 0x1F, 0x00, 0xFE, 0x01, 0xF8, 0x3E, 0x01, 0xFC, 0x03,
    0xF0, 0xFC, 0x03, 0xF8, 0x0F, 0xE1, 0xF8, 0x07, 0xF0, 0x3F, 0xBF, 0xF0, 0x0F, 0xFF, 0xFF, 0x7F,
    0xC0, 0x1F, 0xFF, 0xFC, 0xFF, 0x80, 0x3F, 0xFF, 0xF1, 0xFE, 0x00, 0x7F, 0xFF, 0xC3, 0xF8, 0x00,
    0xFF, 0xFE, 0x00, 0xFC, 0x01, 0xF8, 0x00, 0x07, 0xE0, 0x0F, 0xC0, 0x00, 0x3F, 0x00, 0x7E, 0x00,
    0x01, 0xF8, 0x03, 0xF0, 0x00, 0x0F, 0xC0, 0x1F, 0x80, 0x00, 0x7E, 0x00, 0xFC, 0x00, 0x03, 0xF0,
    0x07, 0xE0, 0x00, 0x1F, 0x80, 0x3F, 0x00, 0x00, 0xFC, 0x01, 0xF8, 0x00, 0x07, 0xFF, 0xFF, 0xFF,
    0xE0, 0x3F, 0xFF, 0xFF, 0xFF, 0xE1, 0xFF, 0xFF, 0xFF, 0xFF, 0x8F, 0xFF, 0xFF, 0xFF, 0xFE, 0x7F,
    0xFF, 0xFF, 0xFF, 0xFB, 0xF0, 0x07, 0xE0, 0x1F, 0xDF, 0x80, 0x3F, 0x00, 0x7F, 0xFC, 0x01, 0xF8,
    0x01, 0xFF, 0xE0, 0x0F, 0xC0, 0x0F, 0xFF, 0x00, 0x7E, 0x00, 0x7F, 0xF8, 0x03, 0xF0, 0x03, 0xFF,
    0xC0, 0x1F, 0x80, 0x3F, 0xFE, 0x00, 0xFC, 0x03, 0xFB, 0xF0, 0x07, 0xFF, 0xFF, 0xDF, 0x80, 0x3F,
    0xFF, 0xFC, 0xFC, 0x01, 0xFF, 0xFF, 0xC7, 0xE0, 0x0F, 0xFF, 0xFC, 0x3F, 0x00, 0x7F, 0xFF, 0x00,
    0xFF, 0xFF, 0xF0, 0x0F, 0xFF, 0xFF, 0x00, 0xFF, 0xFF, 0xF0, 0x0F, 0xFF, 0xFF, 0x00, 0xFF, 0xFF,
    0xF0, 0x00, 0x1F, 0x80, 0x00, 0x01, 0xF8, 0x00, 0x00, 0x1F, 0x80, 0x00, 0x01, 0xF8, 0x00, 0x00,
    0x1F, 0x87, 0xE0, 0x01, 0xF9, 0xFF, 0x80, 0x1F, 0xBF, 0xFC, 0x01, 0xFF, 0xFF, 0xE0, 0x1F, 0xFF,
    0xFE, 0x01, 0xFF, 0x0F, 0xF0, 0x1F, 0xC0, 0x7F, 0x01, 0xF8, 0x03, 0xF0, 0x1F, 0x80, 0x3F, 0x01,
    0xF8, 0x03, 0xF0, 0x1F, 0x80, 0x3F, 0x01, 0xF8, 0x03, 0xF0, 0x1F, 0x80, 0x3F, 0x01, 0xF8, 0x03,
    0xF0, 0x1F, 0x80, 0x3F, 0x01, 0xF8, 0x03, 0xF0, 0x1F, 0x80, 0x3F, 0x01, 0xF8, 0x03, 0xF0, 0x00,
    0x3F, 0x00, 0x00, 0x7C, 0x00, 0x01, 0xF0, 0x00, 0x03, 0xE0, 0x00, 0x07, 0x80, 0x00, 0x00, 0x00,
    0x00, 0x00, 0x00, 0x00, 0x00, 0x00, 0xFC, 0x00, 0xFD, 0xF8, 0x03, 0xF3, 0xF0, 0x0F, 0xE7, 0xE0,
    0x3F, 0x8F, 0xC0, 0xFE, 0x1F, 0x81, 0xF8, 0x3F, 0x07, 0xE0, 0x7E, 0x1F, 0xC0, 0xFC, 0x7F, 0x01,
    0xF9, 0xFC, 0x03, 0xF3, 0xF0, 0x07, 0xEF, 0xC0, 0x0F, 0xFF, 0x80, 0x1F, 0x80, 0x00, 0x3F, 0xFE,
    0x00, 0x7E, 0xFC, 0x00, 0xFC, 0xFC, 0x01, 0xF8, 0xFC, 0x03, 0xF1, 0xFC, 0x07, 0xE1, 0xFC, 0x0F,
    0xC1, 0xFC, 0x1F, 0x81, 0xF8, 0x3F, 0x01, 0xF8, 0x7E, 0x03, 0xF8, 0xFC, 0x03, 0xF9, 0xF8, 0x03,
    0xFB, 0xF0, 0x03, 0xF0, 0x01, 0xF0, 0x00, 0x03, 0xE0, 0x00, 0x03, 0xE0, 0x00, 0x07, 0xC0, 0x00,
    0x07, 0xC0, 0x00, 0x00, 0x00, 0x00, 0x00, 0x00, 0x00, 0x00, 0x00, 0xFC, 0x00, 0xFF, 0xF8, 0x01,
    0xFF, 0xF0, 0x07, 0xFF, 0xE0, 0x1F, 0xFF, 0xC0, 0x3F, 0xFF, 0x80, 0xFF, 0xFF, 0x01, 0xFF, 0xFE,
    0x07, 0xFF, 0xFC, 0x0F, 0xFF, 0xF8, 0x3F, 0xFF, 0xF0, 0x7D, 0xFF, 0xE1, 0xFB, 0xFF, 0xC7, 0xE7,
    0xFF, 0x8F, 0x8F, 0xFF, 0x3F, 0x1F, 0xFE, 0x7C, 0x3F, 0xFD, 0xF8, 0x7F, 0xFB, 0xE0, 0xFF, 0xFF,
    0xC1, 0xFF, 0xFF, 0x03, 0xFF, 0xFC, 0x07, 0xFF, 0xF8, 0x0F, 0xFF, 0xE0, 0x1F, 0xFF, 0xC0, 0x3F,
    0xFF, 0x00, 0x7F, 0xFE, 0x00, 0xFF, 0xF8, 0x01, 0xF8, 0x07, 0x03, 0x80, 0x1E, 0x1E, 0x00, 0x78,
    0x78, 0x00, 0xFF, 0xC0, 0x01, 0xFE, 0x00, 0x03, 0xF0, 0x00, 0x00, 0x00, 0x00, 0x00, 0x00, 0xFC,
    0x00, 0xFD, 0xF8, 0x03, 0xE7, 0xE0, 0x1F, 0x8F, 0x80, 0x7E, 0x3F, 0x03, 0xF0, 0xFC, 0x0F, 0xC1,
    0xF0, 0x3F, 0x07, 0xE1, 0xF8, 0x1F, 0x87, 0xE0, 0x3E, 0x1F, 0x80, 0xFC, 0xFC, 0x01, 0xF3, 0xF0,
    0x07, 0xEF, 0xC0, 0x1F, 0xFE, 0x00, 0x3F, 0xF8, 0x00, 0xFF, 0xC0, 0x03, 0xFF, 0x00, 0x07, 0xFC,
    0x00, 0x1F, 0xE0, 0x00, 0x1F, 0x80, 0x00, 0x7E, 0x00, 0x03, 0xF0, 0x01, 0xFF, 0xC0, 0x07, 0xFF,
    0x00, 0x1F, 0xF8, 0x00, 0x7F, 0xC0, 0x01, 0xFE, 0x00, 0x00, 0xFC, 0x00, 0xFF, 0xF0, 0x03, 0xFF,
    0xC0, 0x0F, 0xFF, 0x00, 0x3F, 0xFC, 0x00, 0xFF, 0xF0, 0x03, 0xFF, 0xC0, 0x0F, 0xFF, 0x00, 0x3F,
    0xFC, 0x00, 0xFF, 0xF0, 0x03, 0xFF, 0xC0, 0x0F, 0xFF, 0x00, 0x3F, 0xFC, 0x00, 0xFF, 0xF0, 0x03,
    0xFF, 0xC0, 0x0F, 0xFF, 0x00, 0x3F, 0xFC, 0x00, 0xFF, 0xF0, 0x03, 0xFF, 0xC0, 0x0F, 0xFF, 0x00,
    0x3F, 0xFC, 0x00, 0xFF, 0xF0, 0x03, 0xFF, 0xFF, 0xFF, 0xFF, 0xFF, 0xFF, 0xFF, 0xFF, 0xFF, 0xFF,
    0xFF, 0xFF, 0xFF, 0xFF, 0xC0, 0x3F, 0x00, 0x00, 0xFC, 0x00, 0x03, 0xF0, 0x00, 0x0F, 0xC0, 0x00,
    0x3F, 0x00, 0x00, 0xFC, 0x00, 0x00, 0x7F, 0x00, 0x00, 0x1F, 0xE0, 0x00, 0x0F, 0xF8, 0x00, 0x03,
    0xFE, 0x00, 0x00, 0xFF, 0xC0, 0x00, 0x7F, 0xF0, 0x00, 0x1F, 0x7C, 0x00, 0x07, 0xDF, 0x80, 0x03,
    0xF3, 0xE0, 0x00, 0xF8, 0xF8, 0x00, 0x3E, 0x3F, 0x00, 0x1F, 0x87, 0xC0, 0x07, 0xC1, 0xF0, 0x03,
    0xF0, 0x7E, 0x00, 0xFC, 0x0F, 0x80, 0x3E, 0x03, 0xF0, 0x1F, 0xFF, 0xFC, 0x07, 0xFF, 0xFF, 0x01,
    0xFF, 0xFF, 0xE0, 0xFF, 0xFF, 0xF8, 0x3F, 0xFF, 0xFE, 0x0F, 0x80, 0x0F, 0xC7, 0xE0, 0x03, 0xF1,
    0xF8, 0x00, 0x7C, 0x7C, 0x00, 0x1F, 0xBF, 0x00, 0x07, 0xEF, 0xC0, 0x00, 0xF8, 0xFF, 0xFF, 0xF7,
    0xFF, 0xFF, 0xBF, 0xFF, 0xFD, 0xFF, 0xFF, 0xEF, 0xFF, 0xFF, 0x7E, 0x00, 0x03, 0xF0, 0x00, 0x1F,
    0x80, 0x00, 0xFC, 0x00, 0x07, 0xE0, 0x00, 0x3F, 0xFF, 0x81, 0xFF, 0xFF, 0x0F, 0xFF, 0xFE, 0x7F,
    0xFF, 0xF3, 0xFF, 0xFF, 0xDF, 0x80, 0xFF, 0xFC, 0x03, 0xFF, 0xE0, 0x0F, 0xFF, 0x00, 0x7F, 0xF8,
    0x03, 0xFF, 0xC0, 0x3F, 0xFE, 0x03, 0xFF, 0xFF, 0xFF, 0xDF, 0xFF, 0xFC, 0xFF, 0xFF, 0xC7, 0xFF,
    0xFC, 0x3F, 0xFF, 0x80, 0xFF, 0xFE, 0x03, 0xFF, 0xFF, 0x0F, 0xFF, 0xFE, 0x3F, 0xFF, 0xFC, 0xFF,
    0xFF, 0xFB, 0xF0, 0x1F, 0xEF, 0xC0, 0x1F, 0xBF, 0x00, 0x7E, 0xFC, 0x01, 0xFB, 0xF0, 0x07, 0xEF,
    0xC0, 0x7F, 0x3F, 0xFF, 0xF8, 0xFF, 0xFF, 0x83, 0xFF, 0xFF, 0x0F, 0xFF, 0xFF, 0x3F, 0x00, 0xFE,
    0xFC, 0x01, 0xFB, 0xF0, 0x03, 0xFF, 0xC0, 0x0F, 0xFF, 0x00, 0x3F, 0xFC, 0x01, 0xFF, 0xF0, 0x0F,
    0xFF, 0xFF, 0xFF, 0xBF, 0xFF, 0xFE, 0xFF, 0xFF, 0xF3, 0xFF, 0xFF, 0x8F, 0xFF, 0xF0, 0x00, 0xFF,
    0xFF, 0xFF, 0xFF, 0xFF, 0xFF, 0xFF, 0xFF, 0xFF, 0xFF, 0xFF, 0xFF, 0xFF, 0xC0, 0x00, 0xFC, 0x00,
    0x0F, 0xC0, 0x00, 0xFC, 0x00, 0x0F, 0xC0, 0x00, 0xFC, 0x00, 0x0F, 0xC0, 0x00, 0xFC, 0x00, 0x0F,
    0xC0, 0x00, 0xFC, 0x00, 0x0F, 0xC0, 0x00, 0xFC, 0x00, 0x0F, 0xC0, 0x00, 0xFC, 0x00, 0x0F, 0xC0,
    0x00, 0xFC, 0x00, 0x0F, 0xC0, 0x00, 0xFC, 0x00, 0x0F, 0xC0, 0x00, 0xFC, 0x00, 0x0F, 0xC0, 0x00,
    0xFC, 0x00, 0x00, 0x01, 0xFF, 0xFF, 0x80, 0x1F, 0xFF, 0xF8, 0x01, 0xFF, 0xFF, 0x80, 0x3F, 0xFF,
    0xF8, 0x03, 0xFF, 0xFF, 0x80, 0x3F, 0x01, 0xF8, 0x03, 0xF0, 0x1F, 0x80, 0x3F, 0x01, 0xF8, 0x03,
    0xF0, 0x1F, 0x80, 0x3E, 0x01, 0xF8, 0x03, 0xE0, 0x1F, 0x80, 0x3E, 0x01, 0xF8, 0x07, 0xE0, 0x1F,
    0x80, 0x7E, 0x01, 0xF8, 0x07, 0xE0, 0x1F, 0x80, 0x7E, 0x01, 0xF8, 0x07, 0xE0, 0x1F, 0x80, 0x7E,
    0x01, 0xF8, 0x07, 0xC0, 0x1F, 0x80, 0xFC, 0x01, 0xF8, 0x0F, 0xC0, 0x1F, 0x81, 0xF8, 0x01, 0xF8,
    0xFF, 0xFF, 0xFF, 0xFF, 0xFF, 0xFF, 0xFF, 0xFF, 0xFF, 0xFF, 0xFF, 0xFF, 0xFF, 0xFF, 0xFF, 0xFF,
    0xFF, 0xFF, 0xC0, 0x00, 0x3F, 0xFC, 0x00, 0x03, 0xFF, 0xC0, 0x00, 0x3F, 0xFC, 0x00, 0x03, 0xFF,
    0xC0, 0x00, 0x3F, 0xFC, 0x00, 0x03, 0xF0, 0xFF, 0xFF, 0xFF, 0xFF, 0xFF, 0xFF, 0xFF, 0xFF, 0xFF,
    0xFF, 0xFF, 0xFF, 0xF8, 0x00, 0x3F, 0x00, 0x07, 0xE0, 0x00, 0xFC, 0x00, 0x1F, 0x80, 0x03, 0xF0,
    0x00, 0x7F, 0xFF, 0xEF, 0xFF, 0xFD, 0xFF, 0xFF, 0xBF, 0xFF, 0xF7, 0xFF, 0xFE, 0xFC, 0x00, 0x1F,
    0x80, 0x03, 0xF0, 0x00, 0x7E, 0x00, 0x0F, 0xC0, 0x01, 0xF8, 0x00, 0x3F, 0xFF, 0xFF, 0xFF, 0xFF,
    0xFF, 0xFF, 0xFF, 0xFF, 0xFF, 0xFF, 0xFF, 0x80, 0x7F, 0x00, 0xFC, 0x03, 0xF9, 0xFE, 0x03, 0xF0,
    0x1F, 0xE3, 0xF8, 0x0F, 0xC0, 0x7F, 0x07, 0xF0, 0x3F, 0x03, 0xF8, 0x0F, 0xE0, 0xFC, 0x1F, 0xC0,
    0x3F, 0x83, 0xF0, 0x7F, 0x00, 0x7F, 0x0F, 0xC3, 0xF8, 0x00, 0xFE, 0x3F, 0x1F, 0xC0, 0x03, 0xFC,
    0xFC, 0xFF, 0x00, 0x07, 0xF3, 0xF3, 0xF8, 0x00, 0x0F, 0xEF, 0xDF, 0xC0, 0x00, 0x1F, 0xFF, 0xFE,
    0x00, 0x00, 0x7F, 0xFF, 0xF8, 0x00, 0x00, 0xFF, 0xFF, 0xC0, 0x00, 0x07, 0xFF, 0xFF, 0x80, 0x00,
    0x3F, 0xFF, 0xFE, 0x00, 0x00, 0xFE, 0xFD, 0xFC, 0x00, 0x07, 0xF3, 0xF3, 0xF8, 0x00, 0x3F, 0x8F,
    0xC7, 0xF0, 0x00, 0xFE, 0x3F, 0x1F, 0xC0, 0x07, 0xF0, 0xFC, 0x3F, 0x80, 0x3F, 0x83, 0xF0, 0x7F,
    0x01, 0xFC, 0x0F, 0xC0, 0xFE, 0x07, 0xF0, 0x3F, 0x03, 0xF8, 0x3F, 0x80, 0xFC, 0x07, 0xF1, 0xFC,
    0x03, 0xF0, 0x0F, 0xEF, 0xF0, 0x0F, 0xC0, 0x3F, 0xC0, 0x00, 0x00, 0x00, 0x07, 0xFF, 0x00, 0x3F,
    0xFF, 0x80, 0xFF, 0xFF, 0x83, 0xFF, 0xFF, 0x87, 0xFF, 0xFF, 0x9F, 0xC0, 0x7F, 0x3F, 0x00, 0x7E,
    0x00, 0x00, 0xFC, 0x00, 0x01, 0xF8, 0x00, 0x07, 0xE0, 0x00, 0x1F, 0x80, 0x07, 0xFE, 0x00, 0x0F,
    0xF0, 0x00, 0x1F, 0xF8, 0x00, 0x3F, 0xFC, 0x00, 0x01, 0xFC, 0x00, 0x01, 0xF8, 0x00, 0x01, 0xF8,
    0x00, 0x03, 0xF7, 0xC0, 0x07, 0xEF, 0xC0, 0x1F, 0xDF, 0xC0, 0x3F, 0xBF, 0xFF, 0xFE, 0x3F, 0xFF,
    0xFC, 0x3F, 0xFF, 0xF0, 0x3F, 0xFF, 0xC0, 0x1F, 0xFE, 0x00, 0x01, 0x80, 0x00, 0xFC, 0x00, 0xFF,
    0xF8, 0x01, 0xFF, 0xF0, 0x07, 0xFF, 0xE0, 0x1F, 0xFF, 0xC0, 0x3F, 0xFF, 0x80, 0xFF, 0xFF, 0x01,
    0xFF, 0xFE, 0x07, 0xFF, 0xFC, 0x0F, 0xFF, 0xF8, 0x3F, 0xFF, 0xF0, 0x7D, 0xFF, 0xE1, 0xFB, 0xFF,
    0xC7, 0xE7, 0xFF, 0x8F, 0x8F, 0xFF, 0x3F, 0x1F, 0xFE, 0x7C, 0x3F, 0xFD, 0xF8, 0x7F, 0xFB, 0xE0,
    0xFF, 0xFF, 0xC1, 0xFF, 0xFF, 0x03, 0xFF, 0xFC, 0x07, 0xFF, 0xF8, 0x0F, 0xFF, 0xE0, 0x1F, 0xFF,
    0xC0, 0x3F, 0xFF, 0x00, 0x7F, 0xFE, 0x00, 0xFF, 0xF8, 0x01, 0xF8, 0x07, 0x83, 0x80, 0x0F, 0x8F,
    0x00, 0x0F, 0xFC, 0x00, 0x1F, 0xF8, 0x00, 0x0F, 0xC0, 0x00, 0x00, 0x00, 0x00, 0x00, 0x00, 0x00,
    0x00, 0x00, 0xFC, 0x00, 0xFF, 0xF8, 0x01, 0xFF, 0xF0, 0x07, 0xFF, 0xE0, 0x1F, 0xFF, 0xC0, 0x3F,
    0xFF, 0x80, 0xFF, 0xFF, 0x01, 0xFF, 0xFE, 0x07, 0xFF, 0xFC, 0x0F, 0xFF, 0xF8, 0x3F, 0xFF, 0xF0,
    0x7D, 0xFF, 0xE1, 0xFB, 0xFF, 0xC7, 0xE7, 0xFF, 0x8F, 0x8F, 0xFF, 0x3F, 0x1F, 0xFE, 0x7C, 0x3F,
    0xFD, 0xF8, 0x7F, 0xFB, 0xE0, 0xFF, 0xFF, 0xC1, 0xFF, 0xFF, 0x03, 0xFF, 0xFC, 0x07, 0xFF, 0xF8,
    0x0F, 0xFF, 0xE0, 0x1F, 0xFF, 0xC0, 0x3F, 0xFF, 0x00, 0x7F, 0xFE, 0x00, 0xFF, 0xF8, 0x01, 0xF8,
    0xFC, 0x00, 0xFD, 0xF8, 0x03, 0xF3, 0xF0, 0x0F, 0xE7, 0xE0, 0x3F, 0x8F, 0xC0, 0xFE, 0x1F, 0x81,
    0xF8, 0x3F, 0x07, 0xE0, 0x7E, 0x1F, 0xC0, 0xFC, 0x7F, 0x01, 0xF9, 0xFC, 0x03, 0xF3, 0xF0, 0x07,
    0xEF, 0xC0, 0x0F, 0xFF, 0x80, 0x1F, 0x80, 0x00, 0x3F, 0xFE, 0x00, 0x7E, 0xFC, 0x00, 0xFC, 0xFC,
    0x01, 0xF8, 0xFC, 0x03, 0xF1, 0xFC, 0x07, 0xE1, 0xFC, 0x0F, 0xC1, 0xFC, 0x1F, 0x81, 0xF8, 0x3F,
    0x01, 0xF8, 0x7E, 0x03, 0xF8, 0xFC, 0x03, 0xF9, 0xF8, 0x03, 0xFB, 0xF0, 0x03, 0xF0, 0x03, 0xFF,
    0xFF, 0x81, 0xFF, 0xFF, 0xC0, 0xFF, 0xFF, 0xE0, 0x7F, 0xFF, 0xF0, 0x3F, 0xFF, 0xF8, 0x1F, 0x00,
    0xFC, 0x0F, 0x80, 0x7E, 0x07, 0xC0, 0x3F, 0x07, 0xE0, 0x1F, 0x83, 0xF0, 0x0F, 0xC1, 0xF8, 0x07,
    0xE0, 0xFC, 0x03, 0xF0, 0x7E, 0x01, 0xF8, 0x3F, 0x00, 0xFC, 0x1F, 0x80, 0x7E, 0x0F, 0xC0, 0x3F,
    0x07, 0xC0, 0x1F, 0x83, 0xE0, 0x0F, 0xC1, 0xF0, 0x07, 0xE1, 0xF8, 0x03, 0xF0, 0xFC, 0x01, 0xF8,
    0x7E, 0x00, 0xFF, 0xFF, 0x00, 0x7F, 0xFF, 0x00, 0x3F, 0xFF, 0x80, 0x1F, 0xFF, 0x80, 0x0F, 0xFF,
    0x00, 0x07, 0xE0, 0xFF, 0x00, 0x07, 0xFF, 0xF8, 0x00, 0x3F, 0xFF, 0xE0, 0x03, 0xFF, 0xFF, 0x00,
    0x1F, 0xFF, 0xF8, 0x00, 0xFF, 0xFF, 0xE0, 0x0F, 0xFF, 0xFF, 0x00, 0x7F, 0xFF, 0xF8, 0x03, 0xFF,
    0xFF, 0xE0, 0x3F, 0xFF, 0xFF, 0x01, 0xFF, 0xFF, 0xF8, 0x0F, 0xFF, 0xFB, 0xE0, 0xFB, 0xFF, 0xDF,
    0x07, 0xDF, 0xFE, 0xF8, 0x3E, 0xFF, 0xF3, 0xE3, 0xE7, 0xFF, 0x9F, 0x1F, 0x3F, 0xFC, 0xF8, 0xF9,
    0xFF, 0xE3, 0xEF, 0x8F, 0xFF, 0x1F, 0x7C, 0x7F, 0xF8, 0xFB, 0xE3, 0xFF, 0xC3, 0xFE, 0x1F, 0xFE,
    0x1F, 0xF0, 0xFF, 0xF0, 0x7F, 0x07, 0xFF, 0x83, 0xF8, 0x3F, 0xFC, 0x1F, 0xC1, 0xFF, 0xE0, 0x7C,
    0x0F, 0xFF, 0x03, 0xE0, 0x7E, 0xFC, 0x00, 0xFF, 0xF0, 0x03, 0xFF, 0xC0, 0x0F, 0xFF, 0x00, 0x3F,
    0xFC, 0x00, 0xFF, 0xF0, 0x03, 0xFF, 0xC0, 0x0F, 0xFF, 0x00, 0x3F, 0xFC, 0x00, 0xFF, 0xF0, 0x03,
    0xFF, 0xC0, 0x0F, 0xFF, 0xFF, 0xFF, 0xFF, 0xFF, 0xFF, 0xFF, 0xFF, 0xFF, 0xFF, 0xFF, 0xFF, 0xFF,
    0xFF, 0xFC, 0x00, 0xFF, 0xF0, 0x03, 0xFF, 0xC0, 0x0F, 0xFF, 0x00, 0x3F, 0xFC, 0x00, 0xFF, 0xF0,
    0x03, 0xFF, 0xC0, 0x0F, 0xFF, 0x00, 0x3F, 0xFC, 0x00, 0xFF, 0xF0, 0x03, 0xFF, 0xC0, 0x0F, 0xC0,
    0x00, 0x00, 0x00, 0x00, 0x7F, 0xF8, 0x00, 0x3F, 0xFF, 0x00, 0x3F, 0xFF, 0xF0, 0x1F, 0xFF, 0xFE,
    0x0F, 0xFF, 0xFF, 0x83, 0xF8, 0x07, 0xF1, 0xFC, 0x00, 0xFE, 0x7E, 0x00, 0x1F, 0x9F, 0x80, 0x07,
    0xEF, 0xE0, 0x01, 0xFF, 0xF0, 0x00, 0x3F, 0xFC, 0x00, 0x0F, 0xFF, 0x00, 0x03, 0xFF, 0xC0, 0x00,
    0xFF, 0xF0, 0x00, 0x3F, 0xFC, 0x00, 0x0F, 0xFF, 0x00, 0x03, 0xFF, 0xC0, 0x01, 0xFD, 0xF8, 0x00,
    0x7E, 0x7E, 0x00, 0x1F, 0x9F, 0xC0, 0x0F, 0xE3, 0xF8, 0x07, 0xF0, 0xFF, 0xFF, 0xFC, 0x1F, 0xFF,
    0xFE, 0x03, 0xFF, 0xFF, 0x00, 0x3F, 0xFF, 0x00, 0x07, 0xFF, 0x80, 0x00, 0x0C, 0x00, 0x00, 0xFF,
    0xFF, 0xFF, 0xFF, 0xFF, 0xFF, 0xFF, 0xFF, 0xFF, 0xFF, 0xFF, 0xFF, 0xFF, 0xFE, 0x00, 0xFF, 0xF0,
    0x07, 0xFF, 0x80, 0x3F, 0xFC, 0x01, 0xFF, 0xE0, 0x0F, 0xFF, 0x00, 0x7F, 0xF8, 0x03, 0xFF, 0xC0,
    0x1F, 0xFE, 0x00, 0xFF, 0xF0, 0x07, 0xFF, 0x80, 0x3F, 0xFC, 0x01, 0xFF, 0xE0, 0x0F, 0xFF, 0x00,
    0x7F, 0xF8, 0x03, 0xFF, 0xC0, 0x1F, 0xFE, 0x00, 0xFF, 0xF0, 0x07, 0xFF, 0x80, 0x3F, 0xFC, 0x01,
    0xFF, 0xE0, 0x0F, 0xFF, 0x00, 0x7E, 0xFF, 0xFE, 0x07, 0xFF, 0xFC, 0x3F, 0xFF, 0xF1, 0xFF, 0xFF,
    0xCF, 0xFF, 0xFF, 0x7E, 0x03, 0xFB, 0xF0, 0x0F, 0xFF, 0x80, 0x3F, 0xFC, 0x01, 0xFF, 0xE0, 0x0F,
    0xFF, 0x00, 0x7F, 0xF8, 0x07, 0xFF, 0xC0, 0x7F, 0x7F, 0xFF, 0xFB, 0xFF, 0xFF, 0x9F, 0xFF, 0xF8,
    0xFF, 0xFF, 0x87, 0xFF, 0xF0, 0x3F, 0x00, 0x01, 0xF8, 0x00, 0x0F, 0xC0, 0x00, 0x7E, 0x00, 0x03,
    0xF0, 0x00, 0x1F, 0x80, 0x00, 0xFC, 0x00, 0x07, 0xE0, 0x00, 0x3F, 0x00, 0x00, 0x00, 0x00, 0x00,
    0x00, 0xFF, 0xE0, 0x00, 0xFF, 0xFC, 0x01, 0xFF, 0xFF, 0x01, 0xFF, 0xFF, 0xC1, 0xFF, 0xFF, 0xF0,
    0xFE, 0x03, 0xF8, 0xFE, 0x00, 0xFE, 0x7E, 0x00, 0x3F, 0x3F, 0x00, 0x1F, 0xBF, 0x80, 0x07, 0xFF,
    0x80, 0x00, 0x0F, 0xC0, 0x00, 0x07, 0xE0, 0x00, 0x03, 0xF0, 0x00, 0x01, 0xF8, 0x00, 0x00, 0xFC,
    0x00, 0x00, 0x7E, 0x00, 0x00, 0x3F, 0x80, 0x07, 0xEF, 0xC0, 0x07, 0xE7, 0xE0, 0x03, 0xF3, 0xF8,
    0x03, 0xF8, 0xFE, 0x03, 0xF8, 0x7F, 0xFF, 0xFC, 0x1F, 0xFF, 0xFC, 0x07, 0xFF, 0xFC, 0x01, 0xFF,
    0xFC, 0x00, 0x3F, 0xF8, 0x00, 0x00, 0x80, 0x00, 0xFF, 0xFF, 0xFF, 0xFF, 0xFF, 0xFF, 0xFF, 0xFF,
    0xFF, 0xFF, 0xFF, 0xFF, 0xFF, 0xFC, 0x03, 0xF0, 0x00, 0x0F, 0xC0, 0x00, 0x3F, 0x00, 0x00, 0xFC,
    0x00, 0x03, 0xF0, 0x00, 0x0F, 0xC0, 0x00, 0x3F, 0x00, 0x00, 0xFC, 0x00, 0x03, 0xF0, 0x00, 0x0F,
    0xC0, 0x00, 0x3F, 0x00, 0x00, 0xFC, 0x00, 0x03, 0xF0, 0x00, 0x0F, 0xC0, 0x00, 0x3F, 0x00, 0x00,
    0xFC, 0x00, 0x03, 0xF0, 0x00, 0x0F, 0xC0, 0x00, 0x3F, 0x00, 0x00, 0xFC, 0x00, 0x03, 0xF0, 0x00,
    0x0F, 0xC0, 0x00, 0xFC, 0x01, 0xFF, 0xE0, 0x0F, 0xDF, 0x80, 0x7C, 0xFC, 0x07, 0xE7, 0xE0, 0x3F,
    0x1F, 0x81, 0xF0, 0xFC, 0x1F, 0x83, 0xE0, 0xFC, 0x1F, 0x8F, 0xC0, 0xFC, 0x7E, 0x03, 0xE3, 0xF0,
    0x1F, 0xBF, 0x00, 0xFD, 0xF8, 0x03, 0xEF, 0xC0, 0x1F, 0xFC, 0x00, 0x7F, 0xE0, 0x03, 0xFE, 0x00,
    0x1F, 0xF0, 0x00, 0x7F, 0x80, 0x00, 0xF8, 0x00, 0x0F, 0xC0, 0x00, 0x7E, 0x00, 0x7F, 0xE0, 0x03,
    0xFF, 0x00, 0x1F, 0xF0, 0x00, 0xFF, 0x80, 0x07, 0xF0, 0x00, 0x00, 0x0F, 0xC0, 0x00, 0x00, 0x7E,
    0x00, 0x00, 0x03, 0xF0, 0x00, 0x00, 0x7F, 0xC0, 0x00, 0x3F, 0xFF, 0xC0, 0x03, 0xFF, 0xFF, 0x80,
    0x7F, 0xFF, 0xFF, 0x07, 0xFF, 0xFF, 0xFC, 0x7F, 0xEF, 0xFF, 0xF3, 0xF8, 0x7E, 0x3F, 0xBF, 0x83,
    0xF0, 0xFF, 0xF8, 0x1F, 0x83, 0xFF, 0xC0, 0xFC, 0x1F, 0xFE, 0x07, 0xE0, 0xFF, 0xF0, 0x3F, 0x07,
    0xFF, 0x81, 0xF8, 0x3F, 0xFE, 0x0F, 0xC3, 0xFB, 0xF8, 0x7E, 0x3F, 0x9F, 0xFB, 0xFF, 0xFC, 0x7F,
    0xFF, 0xFF, 0xC1, 0xFF, 0xFF, 0xFC, 0x03, 0xFF, 0xFF, 0x80, 0x0F, 0xFF, 0xF0, 0x00, 0x07, 0xFC,
    0x00, 0x00, 0x0F, 0xC0, 0x00, 0x00, 0x7E, 0x00, 0x00, 0x03, 0xF0, 0x00, 0x7E, 0x00, 0x3F, 0x9F,
    0x80, 0x1F, 0x8F, 0xE0, 0x1F, 0xC3, 0xF0, 0x1F, 0xC0, 0xFC, 0x0F, 0xC0, 0x7F, 0x0F, 0xE0, 0x1F,
    0x87, 0xE0, 0x07, 0xE7, 0xE0, 0x03, 0xFF, 0xF0, 0x00, 0xFF, 0xF0, 0x00, 0x3F, 0xF0, 0x00, 0x1F,
    0xF8, 0x00, 0x07, 0xF8, 0x00, 0x03, 0xF8, 0x00, 0x01, 0xFE, 0x00, 0x01, 0xFF, 0x80, 0x01, 0xFF,
    0xC0, 0x00, 0xFF, 0xF0, 0x00, 0xFD, 0xFC, 0x00, 0xFE, 0x7E, 0x00, 0x7E, 0x1F, 0x80, 0x7F, 0x0F,
    0xE0, 0x7F, 0x03, 0xF0, 0x3F, 0x00, 0xFC, 0x3F, 0x80, 0x7F, 0x3F, 0x80, 0x1F, 0x9F, 0x80, 0x0F,
    0xE0, 0xFC, 0x01, 0xF8, 0x3F, 0x00, 0x7E, 0x0F, 0xC0, 0x1F, 0x83, 0xF0, 0x07, 0xE0, 0xFC, 0x01,
    0xF8, 0x3F, 0x00, 0x7E, 0x0F, 0xC0, 0x1F, 0x83, 0xF0, 0x07, 0xE0, 0xFC, 0x01, 0xF8, 0x3F, 0x00,
    0x7E, 0x0F, 0xC0, 0x1F, 0x83, 0xF0, 0x07, 0xE0, 0xFC, 0x01, 0xF8, 0x3F, 0x00, 0x7E, 0x0F, 0xC0,
    0x1F, 0x83, 0xF0, 0x07, 0xE0, 0xFC, 0x01, 0xF8, 0x3F, 0x00, 0x7E, 0x0F, 0xC0, 0x1F, 0x83, 0xF0,
    0x07, 0xE0, 0xFC, 0x01, 0xF8, 0x3F, 0x00, 0x7E, 0x0F, 0xFF, 0xFF, 0xFF, 0xFF, 0xFF, 0xFF, 0xFF,
    0xFF, 0xFF, 0xFF, 0xFF, 0xFF, 0xFF, 0xFF, 0xFF, 0xFC, 0x00, 0x00, 0x3F, 0x00, 0x00, 0x0F, 0xC0,
    0x00, 0x03, 0xF0, 0x00, 0x00, 0xFC, 0x00, 0x00, 0x3F, 0x00, 0x00, 0x0F, 0xC0, 0xFC, 0x01, 0xFF,
    0xE0, 0x0F, 0xFF, 0x00, 0x7F, 0xF8, 0x03, 0xFF, 0xC0, 0x1F, 0xFE, 0x00, 0xFF, 0xF0, 0x07, 0xFF,
    0x80, 0x3F, 0xFC, 0x01, 0xFF, 0xE0, 0x0F, 0xFF, 0x00, 0xFF, 0xFC, 0x07, 0xFF, 0xF0, 0xFF, 0xBF,
    0xFF, 0xFD, 0xFF, 0xFF, 0xE7, 0xFF, 0xBF, 0x1F, 0xF9, 0xF8, 0x3F, 0x0F, 0xC0, 0x00, 0x7E, 0x00,
    0x03, 0xF0, 0x00, 0x1F, 0x80, 0x00, 0xFC, 0x00, 0x07, 0xE0, 0x00, 0x3F, 0x00, 0x01, 0xF8, 0x00,
    0x0F, 0xC0, 0x00, 0x7E, 0xFC, 0x0F, 0xC0, 0xFF, 0xF0, 0x3F, 0x03, 0xFF, 0xC0, 0xFC, 0x0F, 0xFF,
    0x03, 0xF0, 0x3F, 0xFC, 0x0F, 0xC0, 0xFF, 0xF0, 0x3F, 0x03, 0xFF, 0xC0, 0xFC, 0x0F, 0xFF, 0x03,
    0xF0, 0x3F, 0xFC, 0x0F, 0xC0, 0xFF, 0xF0, 0x3F, 0x03, 0xFF, 0xC0, 0xFC, 0x0F, 0xFF, 0x03, 0xF0,
    0x3F, 0xFC, 0x0F, 0xC0, 0xFF, 0xF0, 0x3F, 0x03, 0xFF, 0xC0, 0xFC, 0x0F, 0xFF, 0x03, 0xF0, 0x3F,
    0xFC, 0x0F, 0xC0, 0xFF, 0xF0, 0x3F, 0x03, 0xFF, 0xC0, 0xFC, 0x0F, 0xFF, 0x03, 0xF0, 0x3F, 0xFC,
    0x0F, 0xC0, 0xFF, 0xF0, 0x3F, 0x03, 0xFF, 0xFF, 0xFF, 0xFF, 0xFF, 0xFF, 0xFF, 0xFF, 0xFF, 0xFF,
    0xFF, 0xFF, 0xFF, 0xFF, 0xFF, 0xFF, 0xFF, 0xFF, 0xFF, 0xC0, 0xFC, 0x0F, 0xC0, 0x7E, 0x1F, 0x81,
    0xF8, 0x0F, 0xC3, 0xF0, 0x3F, 0x01, 0xF8, 0x7E, 0x07, 0xE0, 0x3F, 0x0F, 0xC0, 0xFC, 0x07, 0xE1,
    0xF8, 0x1F, 0x80, 0xFC, 0x3F, 0x03, 0xF0, 0x1F, 0x87, 0xE0, 0x7E, 0x03, 0xF0, 0xFC, 0x0F, 0xC0,
    0x7E, 0x1F, 0x81, 0xF8, 0x0F, 0xC3, 0xF0, 0x3F, 0x01, 0xF8, 0x7E, 0x07, 0xE0, 0x3F, 0x0F, 0xC0,
    0xFC, 0x07, 0xE1, 0xF8, 0x1F, 0x80, 0xFC, 0x3F, 0x03, 0xF0, 0x1F, 0x87, 0xE0, 0x7E, 0x03, 0xF0,
    0xFC, 0x0F, 0xC0, 0x7E, 0x1F, 0x81, 0xF8, 0x0F, 0xC3, 0xF0, 0x3F, 0x01, 0xF8, 0x7E, 0x07, 0xE0,
    0x3F, 0x0F, 0xC0, 0xFC, 0x07, 0xE1, 0xF8, 0x1F, 0x80, 0xFC, 0x3F, 0xFF, 0xFF, 0xFF, 0xFF, 0xFF,
    0xFF, 0xFF, 0xFF, 0xFF, 0xFF, 0xFF, 0xFF, 0xFF, 0xFF, 0xFF, 0xFF, 0xFF, 0xFF, 0xFF, 0xFF, 0xFF,
    0x80, 0x00, 0x00, 0x03, 0xF0, 0x00, 0x00, 0x00, 0x7E, 0x00, 0x00, 0x00, 0x0F, 0xC0, 0x00, 0x00,
    0x01, 0xF8, 0x00, 0x00, 0x00, 0x3F, 0x00, 0x00, 0x00, 0x07, 0xE0, 0xFF, 0xC0, 0x00, 0x7F, 0xE0,
    0x00, 0x3F, 0xF0, 0x00, 0x1F, 0xF8, 0x00, 0x0F, 0xFC, 0x00, 0x00, 0x7E, 0x00, 0x00, 0x3F, 0x00,
    0x00, 0x1F, 0x80, 0x00, 0x0F, 0xC0, 0x00, 0x07, 0xFF, 0xF0, 0x03, 0xFF, 0xFE, 0x01, 0xFF, 0xFF,
    0x80, 0xFF, 0xFF, 0xE0, 0x7F, 0xFF, 0xF8, 0x3F, 0x01, 0xFC, 0x1F, 0x80, 0x7F, 0x0F, 0xC0, 0x1F,
    0x87, 0xE0, 0x0F, 0xC3, 0xF0, 0x07, 0xE1, 0xF8, 0x03, 0xF0, 0xFC, 0x03, 0xF8, 0x7E, 0x03, 0xF8,
    0x3F, 0xFF, 0xFC, 0x1F, 0xFF, 0xFC, 0x0F, 0xFF, 0xFC, 0x07, 0xFF, 0xFC, 0x03, 0xFF, 0xF8, 0x00,
    0xFC, 0x00, 0x01, 0xFF, 0xE0, 0x00, 0x0F, 0xFF, 0x00, 0x00, 0x7F, 0xF8, 0x00, 0x03, 0xFF, 0xC0,
    0x00, 0x1F, 0xFE, 0x00, 0x00, 0xFF, 0xF0, 0x00, 0x07, 0xFF, 0x80, 0x00, 0x3F, 0xFC, 0x00, 0x01,
    0xFF, 0xFF, 0xF0, 0x0F, 0xFF, 0xFF, 0xE0, 0x7F, 0xFF, 0xFF, 0x83, 0xFF, 0xFF, 0xFE, 0x1F, 0xFF,
    0xFF, 0xF8, 0xFF, 0xF0, 0x1F, 0xC7, 0xFF, 0x80, 0x7F, 0x3F, 0xFC, 0x01, 0xF9, 0xFF, 0xE0, 0x0F,
    0xCF, 0xFF, 0x00, 0x7E, 0x7F, 0xF8, 0x03, 0xF3, 0xFF, 0xC0, 0x3F, 0x9F, 0xFE, 0x03, 0xF8, 0xFF,
    0xFF, 0xFF, 0xC7, 0xFF, 0xFF, 0xFC, 0x3F, 0xFF, 0xFF, 0xC1, 0xFF, 0xFF, 0xFC, 0x0F, 0xFF, 0xFF,
    0x80, 0x7E, 0xFC, 0x00, 0x07, 0xE0, 0x00, 0x3F, 0x00, 0x01, 0xF8, 0x00, 0x0F, 0xC0, 0x00, 0x7E,
    0x00, 0x03, 0xF0, 0x00, 0x1F, 0x80, 0x00, 0xFC, 0x00, 0x07, 0xFF, 0xF0, 0x3F, 0xFF, 0xE1, 0xFF,
    0xFF, 0x8F, 0xFF, 0xFE, 0x7F, 0xFF, 0xFB, 0xF0, 0x1F, 0xDF, 0x80, 0x7F, 0xFC, 0x01, 0xFF, 0xE0,
    0x0F, 0xFF, 0x00, 0x7F, 0xF8, 0x03, 0xFF, 0xC0, 0x3F, 0xFE, 0x03, 0xFB, 0xFF, 0xFF, 0xDF, 0xFF,
    0xFC, 0xFF, 0xFF, 0xC7, 0xFF, 0xFC, 0x3F, 0xFF, 0x80, 0x00, 0x08, 0x00, 0x00, 0xFF, 0xE0, 0x01,
    0xFF, 0xF8, 0x03, 0xFF, 0xFF, 0x03, 0xFF, 0xFF, 0xC1, 0xFF, 0xFF, 0xF1, 0xFC, 0x03, 0xF9, 0xFC,
    0x00, 0xFE, 0xFC, 0x00, 0x3F, 0x7E, 0x00, 0x1F, 0xBF, 0x00, 0x0F, 0xE0, 0x00, 0x03, 0xF0, 0x03,
    0xFF, 0xF8, 0x01, 0xFF, 0xFC, 0x00, 0xFF, 0xFE, 0x00, 0x7F, 0xFF, 0x00, 0x00, 0x1F, 0x80, 0x00,
    0x0F, 0xFF, 0x00, 0x0F, 0xFF, 0x80, 0x07, 0xEF, 0xE0, 0x03, 0xF3, 0xF0, 0x03, 0xF9, 0xFE, 0x03,
    0xF8, 0x7F, 0xFF, 0xFC, 0x1F, 0xFF, 0xFC, 0x07, 0xFF, 0xFC, 0x01, 0xFF, 0xFC, 0x00, 0x3F, 0xF8,
    0x00, 0x01, 0x80, 0x00, 0x00, 0x00, 0x00, 0x00, 0x1F, 0x80, 0x1F, 0xFE, 0x03, 0xF0, 0x07, 0xFF,
    0xE0, 0x7E, 0x03, 0xFF, 0xFF, 0x0F, 0xC0, 0xFF, 0xFF, 0xF1, 0xF8, 0x3F, 0xFF, 0xFE, 0x3F, 0x07,
    0xF0, 0x0F, 0xE7, 0xE1, 0xFC, 0x00, 0xFE, 0xFC, 0x3F, 0x00, 0x0F, 0xDF, 0x87, 0xE0, 0x01, 0xFB,
    0xF1, 0xFC, 0x00, 0x3F, 0xFE, 0x3F, 0x00, 0x03, 0xFF, 0xFF, 0xE0, 0x00, 0x7F, 0xFF, 0xFC, 0x00,
    0x0F, 0xFF, 0xFF, 0x80, 0x01, 0xFF, 0xFF, 0xF0, 0x00, 0x3F, 0xFF, 0xFE, 0x00, 0x07, 0xFF, 0x8F,
    0xC0, 0x00, 0xFF, 0xF1, 0xF8, 0x00, 0x3F, 0xFE, 0x1F, 0x80, 0x07, 0xEF, 0xC3, 0xF0, 0x00, 0xFD,
    0xF8, 0x7F, 0x00, 0x3F, 0xBF, 0x07, 0xF0, 0x0F, 0xE7, 0xE0, 0xFF, 0xFF, 0xFC, 0xFC, 0x0F, 0xFF,
    0xFF, 0x1F, 0x80, 0xFF, 0xFF, 0xC3, 0xF0, 0x07, 0xFF, 0xE0, 0x7E, 0x00, 0x7F, 0xF8, 0x00, 0x00,
    0x00, 0x60, 0x00, 0x01, 0xFF, 0xFC, 0x1F, 0xFF, 0xF1, 0xFF, 0xFF, 0xCF, 0xFF, 0xFF, 0x3F, 0xFF,
    0xFD, 0xFE, 0x03, 0xF7, 0xF0, 0x0F, 0xDF, 0x80, 0x3F, 0x7E, 0x00, 0xFD, 0xF8, 0x03, 0xF7, 0xF0,
    0x0F, 0xDF, 0xE0, 0x3F, 0x3F, 0xFF, 0xFC, 0x7F, 0xFF, 0xF0, 0xFF, 0xFF, 0xC1, 0xFF, 0xFF, 0x03,
    0xFF, 0xFC, 0x1F, 0x83, 0xF0, 0x7E, 0x0F, 0xC3, 0xF0, 0x3F, 0x0F, 0xC0, 0xFC, 0x7E, 0x03, 0xF3,
    0xF8, 0x0F, 0xCF, 0xC0, 0x3F, 0x7F, 0x00, 0xFD, 0xF8, 0x03, 0xFF, 0xE0, 0x0F, 0xC0, 0x03, 0xFC,
    0x00, 0xFF, 0xF0, 0x3F, 0xFF, 0x83, 0xFF, 0xFC, 0x7F, 0x0F, 0xC7, 0xE0, 0xFE, 0xFC, 0x07, 0xE0,
    0x00, 0x7E, 0x00, 0x3F, 0xE0, 0x7F, 0xFE, 0x1F, 0xFF, 0xE7, 0xFF, 0xFE, 0x7F, 0x07, 0xEF, 0xC0,
    0x7E, 0xFC, 0x07, 0xEF, 0xC0, 0xFE, 0xFE, 0x1F, 0xFF, 0xFF, 0xFF, 0x7F, 0xFB, 0xF3, 0xFF, 0x1F,
    0x0F, 0xC0, 0xF0, 0x00, 0x3E, 0x00, 0x01, 0xF0, 0x00, 0x0F, 0x80, 0x00, 0xFC, 0x00, 0x1F, 0xC0,
    0x03, 0xFC, 0x00, 0x3F, 0xC0, 0x03, 0xFC, 0x00, 0x3F, 0x80, 0x03, 0xF0, 0x00, 0x1F, 0x00, 0x00,
    0xF9, 0xFC, 0x0F, 0xBF, 0xF8, 0x7F, 0xFF, 0xE3, 0xFF, 0xFF, 0x9F, 0xF0, 0xFE, 0xFE, 0x03, 0xF7,
    0xF0, 0x1F, 0xFF, 0x00, 0x7F, 0xF8, 0x03, 0xFF, 0xC0, 0x1F, 0xFE, 0x00, 0xFF, 0xF0, 0x07, 0xEF,
    0xC0, 0x3F, 0x7E, 0x03, 0xF1, 0xF8, 0x3F, 0x8F, 0xFF, 0xF8, 0x3F, 0xFF, 0x80, 0xFF, 0xF8, 0x01,
    0xFF, 0x80, 0x00, 0x80, 0x00, 0xFF, 0xF8, 0x1F, 0xFF, 0xE3, 0xFF, 0xFE, 0x7F, 0xFF, 0xCF, 0xC1,
    0xFD, 0xF8, 0x1F, 0xBF, 0x03, 0xF7, 0xE0, 0x7E, 0xFC, 0x1F, 0x9F, 0xFF, 0xF3, 0xFF, 0xF8, 0x7F,
    0xFF, 0xCF, 0xFF, 0xFD, 0xF8, 0x1F, 0xFF, 0x01, 0xFF, 0xE0, 0x3F, 0xFC, 0x0F, 0xFF, 0xFF, 0xFF,
    0xFF, 0xFF, 0x7F, 0xFF, 0xCF, 0xFF, 0xE0, 0xFF, 0xFF, 0xFF, 0xFF, 0xFF, 0xFF, 0xFF, 0xFF, 0xC0,
    0x1F, 0x80, 0x3F, 0x00, 0x7E, 0x00, 0xFC, 0x01, 0xF8, 0x03, 0xF0, 0x07, 0xE0, 0x0F, 0xC0, 0x1F,
    0x80, 0x3F, 0x00, 0x7E, 0x00, 0xFC, 0x01, 0xF8, 0x03, 0xF0, 0x07, 0xE0, 0x0F, 0xC0, 0x00, 0x03,
    0xFF, 0xFC, 0x01, 0xFF, 0xFE, 0x00, 0xFF, 0xFF, 0x00, 0x7F, 0xFF, 0x80, 0x3E, 0x0F, 0xC0, 0x1E,
    0x07, 0xE0, 0x1F, 0x03, 0xF0, 0x0F, 0x81, 0xF8, 0x07, 0xC0, 0xFC, 0x03, 0xE0, 0x7E, 0x01, 0xF0,
    0x3F, 0x00, 0xF8, 0x1F, 0x80, 0x7C, 0x0F, 0xC0, 0x7C, 0x07, 0xE0, 0x3E, 0x03, 0xF0, 0x1F, 0x01,
    0xF8, 0x1F, 0x80, 0xFC, 0x7F, 0xFF, 0xFF, 0xFF, 0xFF, 0xFF, 0xFF, 0xFF, 0xFF, 0xFF, 0xFF, 0xFF,
    0xFF, 0xE0, 0x00, 0xFF, 0xF0, 0x00, 0x7F, 0xF8, 0x00, 0x3F, 0xFC, 0x00, 0x1F, 0xFE, 0x00, 0x0F,
    0xFF, 0x00, 0x07, 0xE0, 0x01, 0xF8, 0x00, 0xFF, 0xF0, 0x1F, 0xFF, 0x83, 0xFF, 0xFC, 0x3F, 0x0F,
    0xC7, 0xE0, 0x7E, 0x7C, 0x03, 0xEF, 0xC0, 0x3F, 0xFF, 0xFF, 0xFF, 0xFF, 0xFF, 0xFF, 0xFF, 0xFF,
    0xFF, 0xFF, 0xFC, 0x00, 0x0F, 0xC0, 0x00, 0x7C, 0x00, 0x07, 0xE0, 0x7E, 0x7F, 0x0F, 0xE3, 0xFF,
    0xFC, 0x1F, 0xFF, 0x80, 0xFF, 0xF0, 0x01, 0xFC, 0x00, 0x7F, 0x03, 0xF0, 0x3F, 0x9F, 0xC0, 0xFC,
    0x0F, 0xE3, 0xF8, 0x3F, 0x07, 0xF0, 0x7F, 0x0F, 0xC3, 0xF8, 0x0F, 0xE3, 0xF1, 0xFC, 0x01, 0xF8,
    0xFC, 0x7E, 0x00, 0x7F, 0x3F, 0x3F, 0x80, 0x0F, 0xEF, 0xDF, 0xC0, 0x01, 0xFF, 0xFF, 0xE0, 0x00,
    0x3F, 0xFF, 0xF0, 0x00, 0x00, 0x3F, 0x00, 0x00, 0x03, 0xFF, 0xFF, 0x00, 0x01, 0xFF, 0xFF, 0xE0,
    0x00, 0xFE, 0xFD, 0xFC, 0x00, 0x7F, 0x3F, 0x3F, 0x80, 0x3F, 0x8F, 0xC7, 0xF0, 0x0F, 0xC3, 0xF0,
    0xFC, 0x07, 0xF0, 0xFC, 0x3F, 0x83, 0xF8, 0x3F, 0x07, 0xF1, 0xFC, 0x0F, 0xC0, 0xFE, 0xFE, 0x03,
    0xF0, 0x1F, 0xC0, 0x03, 0xF8, 0x03, 0xFF, 0xE0, 0xFF, 0xFE, 0x3F, 0xFF, 0xC7, 0xE1, 0xFC, 0xFC,
    0x1F, 0x80, 0x03, 0xF0, 0x00, 0xFC, 0x00, 0xFF, 0x00, 0x1F, 0xC0, 0x03, 0xFC, 0x00, 0x7F, 0xC0,
    0x00, 0xFC, 0x00, 0x0F, 0xFF, 0x01, 0xFF, 0xE0, 0x3F, 0xFE, 0x0F, 0xEF, 0xFF, 0xF8, 0xFF, 0xFF,
    0x0F, 0xFF, 0x80, 0x7F, 0xC0, 0xFC, 0x0F, 0xFF, 0x03, 0xFF, 0xC1, 0xFF, 0xF0, 0x7F, 0xFC, 0x3F,
    0xFF, 0x0F, 0xFF, 0xC7, 0xFF, 0xF1, 0xFF, 0xFC, 0xFF, 0xFF, 0x7F, 0xFF, 0xDE, 0xFF, 0xFF, 0xBF,
    0xFF, 0xCF, 0xFF, 0xF3, 0xFF, 0xF8, 0xFF, 0xFE, 0x3F, 0xFF, 0x0F, 0xFF, 0xC3, 0xFF, 0xE0, 0xFF,
    0xF8, 0x3F, 0xFC, 0x0F, 0xC0, 0x1C, 0x1E, 0x07, 0x87, 0x81, 0xE3, 0xE0, 0x3F, 0xF0, 0x07, 0xF8,
    0x00, 0xFC, 0x00, 0x00, 0x00, 0x00, 0x00, 0xFC, 0x0F, 0xFF, 0x03, 0xFF, 0xC1, 0xFF, 0xF0, 0x7F,
    0xFC, 0x3F, 0xFF, 0x0F, 0xFF, 0xC7, 0xFF, 0xF1, 0xFF, 0xFC, 0xFF, 0xFF, 0x3F, 0xFF, 0xDE, 0xFF,
    0xFF, 0xBF, 0xFF, 0xCF, 0xFF, 0xF3, 0xFF, 0xF8, 0xFF, 0xFE, 0x3F, 0xFF, 0x0F, 0xFF, 0xC3, 0xFF,
    0xE0, 0xFF, 0xF8, 0x3F, 0xFC, 0x0F, 0xC0, 0xFC, 0x07, 0xF7, 0xE0, 0x7F, 0x3F, 0x03, 0xF1, 0xF8,
    0x3F, 0x0F, 0xC3, 0xF8, 0x7E, 0x3F, 0x83, 0xF3, 0xF8, 0x1F, 0x9F, 0x80, 0xFD, 0xF8, 0x07, 0xFF,
    0xC0, 0x3F, 0x00, 0x01, 0xFF, 0xF0, 0x0F, 0xDF, 0x80, 0x7E, 0x7E, 0x03, 0xF1, 0xF8, 0x1F, 0x8F,
    0xE0, 0xFC, 0x3F, 0x87, 0xE0, 0xFE, 0x3F, 0x03, 0xF1, 0xF8, 0x0F, 0xCF, 0xC0, 0x7F, 0x00, 0x07,
    0xFF, 0xFC, 0x1F, 0xFF, 0xF0, 0x7F, 0xFF, 0xC1, 0xFF, 0xFF, 0x07, 0xC0, 0xFC, 0x1F, 0x03, 0xF0,
    0x7C, 0x0F, 0xC3, 0xF0, 0x3F, 0x0F, 0xC0, 0xFC, 0x3F, 0x03, 0xF0, 0xFC, 0x0F, 0xC3, 0xF0, 0x3F,
    0x0F, 0x80, 0xFC, 0x3E, 0x03, 0xF0, 0xF8, 0x0F, 0xC7, 0xE0, 0x3F, 0x1F, 0x80, 0xFF, 0xFE, 0x03,
    0xFF, 0xF0, 0x0F, 0xFF, 0xC0, 0x3F, 0xFC, 0x00, 0xFC, 0xFE, 0x00, 0xFF, 0xFC, 0x01, 0xFF, 0xFC,
    0x07, 0xFF, 0xF8, 0x0F, 0xFF, 0xF0, 0x1F, 0xFF, 0xF0, 0x7F, 0xFF, 0xE0, 0xFF, 0xFF, 0xC1, 0xFF,
    0xFF, 0x83, 0xFF, 0xFF, 0x8F, 0xFF, 0xFF, 0x1F, 0xFF, 0xEE, 0x3B, 0xFF, 0xDE, 0xF7, 0xFF, 0xBD,
    0xEF, 0xFF, 0x3B, 0x9F, 0xFE, 0x77, 0x3F, 0xFC, 0xFE, 0x7F, 0xF8, 0xF8, 0xFF, 0xF1, 0xF1, 0xFF,
    0xE3, 0xE3, 0xFF, 0xC3, 0xC7, 0xE0, 0xFC, 0x0F, 0xFF, 0x03, 0xFF, 0xC0, 0xFF, 0xF0, 0x3F, 0xFC,
    0x0F, 0xFF, 0x03, 0xFF, 0xC0, 0xFF, 0xF0, 0x3F, 0xFC, 0x0F, 0xFF, 0xFF, 0xFF, 0xFF, 0xFF, 0xFF,
    0xFF, 0xFF, 0xFF, 0xFF, 0x03, 0xFF, 0xC0, 0xFF, 0xF0, 0x3F, 0xFC, 0x0F, 0xFF, 0x03, 0xFF, 0xC0,
    0xFF, 0xF0, 0x3F, 0xFC, 0x0F, 0xC0, 0x01, 0xF8, 0x00, 0xFF, 0xF0, 0x1F, 0xFF, 0x83, 0xFF, 0xFC,
    0x7F, 0x0F, 0xC7, 0xE0, 0x7E, 0x7E, 0x07, 0xEF, 0xC0, 0x3F, 0xFC, 0x03, 0xFF, 0xC0, 0x3F, 0xFC,
    0x03, 0xFF, 0xC0, 0x3F, 0xFC, 0x03, 0xFF, 0xC0, 0x3F, 0x7E, 0x07, 0xE7, 0xE0, 0x7E, 0x7F, 0x0F,
    0xE3, 0xFF, 0xFC, 0x1F, 0xFF, 0x80, 0xFF, 0xF0, 0x03, 0xFC, 0x00, 0xFF, 0xFF, 0xFF, 0xFF, 0xFF,
    0xFF, 0xFF, 0xFF, 0xFF, 0xFC, 0x0F, 0xFF, 0x03, 0xFF, 0xC0, 0xFF, 0xF0, 0x3F, 0xFC, 0x0F, 0xFF,
    0x03, 0xFF, 0xC0, 0xFF, 0xF0, 0x3F, 0xFC, 0x0F, 0xFF, 0x03, 0xFF, 0xC0, 0xFF, 0xF0, 0x3F, 0xFC,
    0x0F, 0xFF, 0x03, 0xFF, 0xC0, 0xFF, 0xF0, 0x3F, 0xFC, 0x0F, 0xC0, 0xFC, 0x7E, 0x0F, 0xDF, 0xF0,
    0xFF, 0xFF, 0x8F, 0xFF, 0xFC, 0xFF, 0x0F, 0xEF, 0xE0, 0x7E, 0xFE, 0x07, 0xFF, 0xC0, 0x3F, 0xFC,
    0x03, 0xFF, 0xC0, 0x3F, 0xFC, 0x03, 0xFF, 0xC0, 0x3F, 0xFC, 0x03, 0xFF, 0xC0, 0x3F, 0xFE, 0x07,
    0xFF, 0xE0, 0x7E, 0xFF, 0x0F, 0xEF, 0xFF, 0xFC, 0xFF, 0xFF, 0x8F, 0xDF, 0xF0, 0xFC, 0x7E, 0x0F,
    0xC0, 0x00, 0xFC, 0x00, 0x0F, 0xC0, 0x00, 0xFC, 0x00, 0x0F, 0xC0, 0x00, 0xFC, 0x00, 0x00, 0x01,
    0xFC, 0x00, 0x7F, 0xF0, 0x1F, 0xFF, 0xC3, 0xFF, 0xFE, 0x3F, 0x0F, 0xE7, 0xE0, 0x3F, 0x7E, 0x03,
    0xFF, 0xC0, 0x3F, 0xFC, 0x00, 0x0F, 0xC0, 0x00, 0xFC, 0x00, 0x0F, 0xC0, 0x00, 0xFC, 0x00, 0x0F,
    0xC0, 0x3F, 0x7E, 0x03, 0xF7, 0xE0, 0x3F, 0x3F, 0x0F, 0xE3, 0xFF, 0xFC, 0x1F, 0xFF, 0xC0, 0xFF,
    0xF0, 0x01, 0xFC, 0x00, 0xFF, 0xFF, 0xFF, 0xFF, 0xFF, 0xFF, 0xFF, 0xFF, 0xFF, 0xF0, 0x1F, 0x80,
    0x03, 0xF0, 0x00, 0x7E, 0x00, 0x0F, 0xC0, 0x01, 0xF8, 0x00, 0x3F, 0x00, 0x07, 0xE0, 0x00, 0xFC,
    0x00, 0x1F, 0x80, 0x03, 0xF0, 0x00, 0x7E, 0x00, 0x0F, 0xC0, 0x01, 0xF8, 0x00, 0x3F, 0x00, 0x07,
    0xE0, 0x00, 0xFC, 0x00, 0x1F, 0x80, 0xFC, 0x03, 0xFF, 0xC0, 0x3F, 0x7C, 0x03, 0xE7, 0xE0, 0x7E,
    0x7E, 0x07, 0xE3, 0xE0, 0x7C, 0x3E, 0x0F, 0xC3, 0xF0, 0xFC, 0x1F, 0x0F, 0x81, 0xF0, 0xF8, 0x1F,
    0x9F, 0x80, 0xF9, 0xF0, 0x0F, 0x9F, 0x00, 0xFF, 0xF0, 0x07, 0xFE, 0x00, 0x7F, 0xE0, 0x07, 0xFE,
    0x00, 0x3F, 0xC0, 0x03, 0xFC, 0x00, 0x3F, 0xC0, 0x00, 0xF8, 0x00, 0x0F, 0x80, 0x01, 0xF8, 0x01,
    0xFF, 0x00, 0x1F, 0xF0, 0x01, 0xFE, 0x00, 0x1F, 0xC0, 0x00, 0x00, 0x3E, 0x00, 0x00, 0x3E, 0x00,
    0x00, 0x3E, 0x00, 0x00, 0x3E, 0x00, 0x00, 0x3E, 0x00, 0x00, 0x3E, 0x00, 0x00, 0x3E, 0x00, 0x00,
    0xFF, 0x00, 0x07, 0xFF, 0xE0, 0x1F, 0xFF, 0xF8, 0x3F, 0xFF, 0xFC, 0x7F, 0xBF, 0xFE, 0x7F, 0x3E,
    0xFE, 0xFE, 0x3E, 0x7F, 0xFC, 0x3E, 0x3F, 0xFC, 0x3E, 0x3F, 0xFC, 0x3E, 0x3F, 0xFC, 0x3E, 0x3F,
    0xFC, 0x3E, 0x3F, 0xFE, 0x3E, 0x7F, 0x7F, 0x3E, 0xFE, 0x7F, 0xBF, 0xFE, 0x3F, 0xFF, 0xFC, 0x1F,
    0xFF, 0xF8, 0x07, 0xFF, 0xE0, 0x01, 0xFF, 0x00, 0x00, 0x3E, 0x00, 0x00, 0x3E, 0x00, 0x00, 0x3E,
    0x00, 0x00, 0x3E, 0x00, 0x00, 0x3E, 0x00, 0x00, 0x3E, 0x00, 0x00, 0x3E, 0x00, 0xFC, 0x03, 0xF3,
    0xF0, 0x3F, 0x0F, 0x81, 0xF8, 0x7E, 0x1F, 0x81, 0xF8, 0xF8, 0x07, 0xCF, 0xC0, 0x3F, 0xFC, 0x00,
    0xFF, 0xC0, 0x03, 0xFE, 0x00, 0x1F, 0xE0, 0x00, 0x7F, 0x00, 0x07, 0xF8, 0x00, 0x7F, 0xE0, 0x03,
    0xFF, 0x80, 0x3F, 0x7C, 0x03, 0xF3, 0xF0, 0x1F, 0x8F, 0xC1, 0xF8, 0x3E, 0x1F, 0x81, 0xF8, 0xFC,
    0x07, 0xEF, 0xC0, 0x3F, 0x00, 0xFC, 0x0F, 0xC3, 0xF0, 0x3F, 0x0F, 0xC0, 0xFC, 0x3F, 0x03, 0xF0,
    0xFC, 0x0F, 0xC3, 0xF0, 0x3F, 0x0F, 0xC0, 0xFC, 0x3F, 0x03, 0xF0, 0xFC, 0x0F, 0xC3, 0xF0, 0x3F,
    0x0F, 0xC0, 0xFC, 0x3F, 0x03, 0xF0, 0xFC, 0x0F, 0xC3, 0xF0, 0x3F, 0x0F, 0xC0, 0xFC, 0x3F, 0x03,
    0xF0, 0xFC, 0x0F, 0xC3, 0xFF, 0xFF, 0xFF, 0xFF, 0xFF, 0xFF, 0xFF, 0xFF, 0xFF, 0xFF, 0xFC, 0x00,
    0x03, 0xF0, 0x00, 0x0F, 0xC0, 0x00, 0x3F, 0x00, 0x00, 0xFC, 0x00, 0x03, 0xF0, 0x00, 0x0F, 0xC0,
    0xFC, 0x03, 0xFF, 0xC0, 0x3F, 0xFC, 0x03, 0xFF, 0xC0, 0x3F, 0xFC, 0x03, 0xFF, 0xC0, 0x3F, 0xFC,
    0x03, 0xFF, 0xC0, 0x3F, 0xFE, 0x07, 0xFF, 0xE0, 0x7F, 0x7F, 0x0F, 0xF7, 0xFF, 0xFF, 0x3F, 0xFF,
    0xF1, 0xFF, 0xBF, 0x07, 0xE3, 0xF0, 0x00, 0x3F, 0x00, 0x03, 0xF0, 0x00, 0x3F, 0x00, 0x03, 0xF0,
    0x00, 0x3F, 0x00, 0x03, 0xF0, 0xFC, 0x1F, 0x87, 0xFF, 0x83, 0xF0, 0xFF, 0xF0, 0x7E, 0x1F, 0xFE,
    0x0F, 0xC3, 0xFF, 0xC1, 0xF8, 0x7F, 0xF8, 0x3F, 0x0F, 0xFF, 0x07, 0xE1, 0xFF, 0xE0, 0xFC, 0x3F,
    0xFC, 0x1F, 0x87, 0xFF, 0x83, 0xF0, 0xFF, 0xF0, 0x7E, 0x1F, 0xFE, 0x0F, 0xC3, 0xFF, 0xC1, 0xF8,
    0x7F, 0xF8, 0x3F, 0x0F, 0xFF, 0x07, 0xE1, 0xFF, 0xE0, 0xFC, 0x3F, 0xFC, 0x1F, 0x87, 0xFF, 0xFF,
    0xFF, 0xFF, 0xFF, 0xFF, 0xFF, 0xFF, 0xFF, 0xFF, 0xFF, 0xFF, 0xFF, 0xFE, 0xFC, 0x1F, 0x87, 0xE0,
    0xFC, 0x1F, 0x87, 0xE0, 0xFC, 0x1F, 0x87, 0xE0, 0xFC, 0x1F, 0x87, 0xE0, 0xFC, 0x1F, 0x87, 0xE0,
    0xFC, 0x1F, 0x87, 0xE0, 0xFC, 0x1F, 0x87, 0xE0, 0xFC, 0x1F, 0x87, 0xE0, 0xFC, 0x1F, 0x87, 0xE0,
    0xFC, 0x1F, 0x87, 0xE0, 0xFC, 0x1F, 0x87, 0xE0, 0xFC, 0x1F, 0x87, 0xE0, 0xFC, 0x1F, 0x87, 0xE0,
    0xFC, 0x1F, 0x87, 0xE0, 0xFC, 0x1F, 0x87, 0xE0, 0xFC, 0x1F, 0x87, 0xE0, 0xFC, 0x1F, 0x87, 0xE0,
    0xFF, 0xFF, 0xFF, 0xFF, 0xFF, 0xFF, 0xFF, 0xFF, 0xFF, 0xFF, 0xFF, 0xFF, 0xFF, 0xFF, 0xFF, 0xFF,
    0x00, 0x00, 0x00, 0x3F, 0x00, 0x00, 0x00, 0x3F, 0x00, 0x00, 0x00, 0x3F, 0x00, 0x00, 0x00, 0x3F,
    0x00, 0x00, 0x00, 0x3F, 0x00, 0x00, 0x00, 0x3F, 0xFF, 0x80, 0x03, 0xFE, 0x00, 0x0F, 0xF8, 0x00,
    0x3F, 0xE0, 0x00, 0x1F, 0x80, 0x00, 0x7E, 0x00, 0x01, 0xF8, 0x00, 0x07, 0xE0, 0x00, 0x1F, 0xFF,
    0x80, 0x7F, 0xFF, 0x81, 0xFF, 0xFF, 0x87, 0xFF, 0xFE, 0x1F, 0x81, 0xFC, 0x7E, 0x03, 0xF1, 0xF8,
    0x0F, 0xC7, 0xE0, 0x3F, 0x1F, 0x81, 0xFC, 0x7F, 0xFF, 0xE1, 0xFF, 0xFF, 0x87, 0xFF, 0xF8, 0x1F,
    0xFF, 0x80, 0xFC, 0x00, 0x03, 0xFF, 0xC0, 0x00, 0x3F, 0xFC, 0x00, 0x03, 0xFF, 0xC0, 0x00, 0x3F,
    0xFC, 0x00, 0x03, 0xFF, 0xC0, 0x00, 0x3F, 0xFC, 0x00, 0x03, 0xFF, 0xC0, 0x00, 0x3F, 0xFF, 0xFC,
    0x03, 0xFF, 0xFF, 0xF0, 0x3F, 0xFF, 0xFF, 0xC3, 0xFF, 0xFF, 0xFC, 0x3F, 0xFC, 0x0F, 0xE3, 0xFF,
    0xC0, 0x7E, 0x3F, 0xFC, 0x07, 0xE3, 0xFF, 0xC0, 0x7E, 0x3F, 0xFC, 0x0F, 0xE3, 0xFF, 0xFF, 0xFC,
    0x3F, 0xFF, 0xFF, 0xC3, 0xFF, 0xFF, 0xF0, 0x3F, 0xFF, 0xFC, 0x03, 0xF0, 0xFC, 0x00, 0x1F, 0x80,
    0x03, 0xF0, 0x00, 0x7E, 0x00, 0x0F, 0xC0, 0x01, 0xF8, 0x00, 0x3F, 0x00, 0x07, 0xE0, 0x00, 0xFF,
    0xFC, 0x1F, 0xFF, 0xE3, 0xFF, 0xFF, 0x7F, 0xFF, 0xEF, 0xC0, 0xFF, 0xF8, 0x0F, 0xFF, 0x01, 0xFF,
    0xE0, 0x3F, 0xFC, 0x0F, 0xFF, 0xFF, 0xFB, 0xFF, 0xFF, 0x7F, 0xFF, 0x8F, 0xFF, 0xC0, 0x03, 0xF8,
    0x00, 0xFF, 0xE0, 0x1F, 0xFF, 0x83, 0xFF, 0xFC, 0x7F, 0x0F, 0xCF, 0xE0, 0x7E, 0xFC, 0x07, 0xE0,
    0x00, 0x3F, 0x00, 0x7F, 0xF0, 0x07, 0xFF, 0x00, 0x7F, 0xF0, 0x07, 0xFF, 0x00, 0x03, 0xFF, 0xC0,
    0x3F, 0xFC, 0x07, 0xE7, 0xE0, 0x7E, 0x7F, 0x0F, 0xC3, 0xFF, 0xFC, 0x1F, 0xFF, 0x80, 0xFF, 0xF0,
    0x03, 0xF8, 0x00, 0xFC, 0x01, 0xFC, 0x07, 0xE0, 0x3F, 0xF8, 0x3F, 0x07, 0xFF, 0xF1, 0xF8, 0x7F,
    0xFF, 0xCF, 0xC3, 0xF0, 0xFE, 0x7E, 0x3F, 0x01, 0xFB, 0xF1, 0xF8, 0x0F, 0xDF, 0x9F, 0x80, 0x3F,
    0xFF, 0xFC, 0x01, 0xFF, 0xFF, 0xE0, 0x0F, 0xFF, 0xFF, 0x00, 0x7F, 0xFF, 0xF8, 0x03, 0xFF, 0xCF,
    0xC0, 0x1F, 0xFE, 0x7E, 0x00, 0xFF, 0xF1, 0xF8, 0x0F, 0xDF, 0x8F, 0xC0, 0x7E, 0xFC, 0x3F, 0x07,
    0xE7, 0xE1, 0xFF, 0xFF, 0x3F, 0x07, 0xFF, 0xF1, 0xF8, 0x0F, 0xFE, 0x0F, 0xC0, 0x1F, 0xC0, 0x00,
    0x03, 0xFF, 0xE1, 0xFF, 0xFC, 0x7F, 0xFF, 0x9F, 0xFF, 0xF7, 0xF0, 0x7E, 0xFC, 0x0F, 0xDF, 0x81,
    0xFB, 0xF0, 0x3F, 0x7E, 0x07, 0xEF, 0xE0, 0xFC, 0xFF, 0xFF, 0x8F, 0xFF, 0xF0, 0xFF, 0xFE, 0x0F,
    0xFF, 0xC3, 0xF1, 0xF8, 0x7C, 0x3F, 0x1F, 0x87, 0xE7, 0xE0, 0xFC, 0xFC, 0x1F, 0xBF, 0x03, 0xF7,
    0xE0, 0x7E, 0x03, 0xE0, 0x00, 0x3E, 0x00, 0x01, 0xF0, 0x00, 0x0F, 0x00, 0x00, 0xF0, 0x00, 0x00,
    0x00, 0x00, 0x00, 0x00, 0x00, 0x00, 0x01, 0xF8, 0x00, 0xFF, 0xF0, 0x1F, 0xFF, 0x83, 0xFF, 0xFC,
    0x3F, 0x0F, 0xC7, 0xE0, 0x7E, 0x7C, 0x03, 0xEF, 0xC0, 0x3F, 0xFF, 0xFF, 0xFF, 0xFF, 0xFF, 0xFF,
    0xFF, 0xFF, 0xFF, 0xFF, 0xFC, 0x00, 0x0F, 0xC0, 0x00, 0x7C, 0x00, 0x07, 0xE0, 0x7E, 0x7F, 0x0F,
    0xE3, 0xFF, 0xFC, 0x1F, 0xFF, 0x80, 0xFF, 0xF0, 0x01, 0xFC, 0x00, 0x1F, 0x9F, 0x81, 0xF9, 0xF8,
    0x1F, 0x9F, 0x81, 0xF9, 0xF8, 0x00, 0x00, 0x00, 0x00, 0x00, 0x01, 0xF8, 0x00, 0xFF, 0xF0, 0x1F,
    0xFF, 0x83, 0xFF, 0xFC, 0x3F, 0x0F, 0xC7, 0xE0, 0x7E, 0x7C, 0x03, 0xEF, 0xC0, 0x3F, 0xFF, 0xFF,
    0xFF, 0xFF, 0xFF, 0xFF, 0xFF, 0xFF, 0xFF, 0xFF, 0xFC, 0x00, 0x0F, 0xC0, 0x00, 0x7C, 0x00, 0x07,
    0xE0, 0x7E, 0x3F, 0x0F, 0xE3, 0xFF, 0xFC, 0x1F, 0xFF, 0x80, 0xFF, 0xF0, 0x01, 0xFC, 0x00, 0x1F,
    0x80, 0x00, 0xFC, 0x00, 0x3F, 0xFE, 0x01, 0xFF, 0xF0, 0x0F, 0xFF, 0x80, 0x0F, 0xC0, 0x00, 0x7E,
    0x3E, 0x03, 0xF7, 0xFC, 0x1F, 0xFF, 0xE0, 0xFF, 0xFF, 0x87, 0xF8, 0xFC, 0x3F, 0x87, 0xF1, 0xF8,
    0x1F, 0x8F, 0xC0, 0xFC, 0x7E, 0x07, 0xE3, 0xF0, 0x3F, 0x1F, 0x81, 0xF8, 0xFC, 0x0F, 0xC7, 0xE0,
    0x7E, 0x3F, 0x03, 0xF1, 0xF8, 0x1F, 0x8F, 0xC0, 0xFC, 0x7E, 0x07, 0xE3, 0xF0, 0x3F, 0x1F, 0x81,
    0xF8, 0xFC, 0x0F, 0xC7, 0xE0, 0x7E, 0x00, 0x03, 0xF0, 0x00, 0x3F, 0x80, 0x07, 0xFC, 0x00, 0x3F,
    0xC0, 0x01, 0xFC, 0x00, 0x0F, 0xC0, 0x01, 0xF0, 0x03, 0xE0, 0x0F, 0x80, 0x1E, 0x00, 0x3C, 0x00,
    0x00, 0x00, 0x00, 0x7F, 0xFF, 0xFF, 0xFF, 0xFF, 0xFF, 0xFF, 0xFF, 0xE0, 0x0F, 0xC0, 0x1F, 0x80,
    0x3F, 0x00, 0x7E, 0x00, 0xFC, 0x01, 0xF8, 0x03, 0xF0, 0x07, 0xE0, 0x0F, 0xC0, 0x1F, 0x80, 0x3F,
    0x00, 0x7E, 0x00, 0xFC, 0x01, 0xF8, 0x03, 0xF0, 0x07, 0xE0, 0x00, 0x01, 0xFC, 0x00, 0x7F, 0xF0,
    0x1F, 0xFF, 0x83, 0xFF, 0xFC, 0x3F, 0x0F, 0xE7, 0xE0, 0x7F, 0x7E, 0x03, 0xFF, 0xC0, 0x00, 0xFF,
    0xE0, 0x0F, 0xFE, 0x00, 0xFF, 0xE0, 0x0F, 0xFE, 0x00, 0xFC, 0x00, 0x0F, 0xC0, 0x3F, 0x7E, 0x03,
    0xF7, 0xE0, 0x7E, 0x3F, 0x0F, 0xE3, 0xFF, 0xFC, 0x1F, 0xFF, 0x80, 0xFF, 0xF0, 0x01, 0xFC, 0x00,
    0x07, 0xF8, 0x07, 0xFF, 0x87, 0xFF, 0xF1, 0xFF, 0xFE, 0xFE, 0x1F, 0xBF, 0x07, 0xFF, 0xC0, 0xFF,
    0xF0, 0x00, 0xFF, 0x80, 0x1F, 0xFE, 0x03, 0xFF, 0xF0, 0x3F, 0xFE, 0x01, 0xFF, 0x80, 0x07, 0xFF,
    0x80, 0xFF, 0xF0, 0x3F, 0xFE, 0x1F, 0xDF, 0xFF, 0xE7, 0xFF, 0xF8, 0x7F, 0xF8, 0x07, 0xF8, 0x00,
    0xFF, 0xFF, 0xFF, 0x00, 0x0F, 0xFF, 0xFF, 0xFF, 0xFF, 0xFF, 0xFF, 0xFF, 0xFF, 0xFF, 0xFF, 0xFF,
    0xFF, 0xFF, 0xFF, 0xFF, 0xC0, 0xFC, 0xFF, 0xF3, 0xFF, 0xCF, 0xFF, 0x3F, 0x00, 0x00, 0x00, 0x00,
    0xFC, 0x03, 0xF0, 0x0F, 0xC0, 0x3F, 0x00, 0xFC, 0x03, 0xF0, 0x0F, 0xC0, 0x3F, 0x00, 0xFC, 0x03,
    0xF0, 0x0F, 0xC0, 0x3F, 0x00, 0xFC, 0x03, 0xF0, 0x0F, 0xC0, 0x3F, 0x00, 0xFC, 0x03, 0xF0, 0x0F,
    0xC0, 0x3F, 0x00, 0xFC, 0x00, 0x07, 0xE0, 0xFC, 0x1F, 0x83, 0xF0, 0x00, 0x00, 0x01, 0xF8, 0x3F,
    0x07, 0xE0, 0xFC, 0x1F, 0x83, 0xF0, 0x7E, 0x0F, 0xC1, 0xF8, 0x3F, 0x07, 0xE0, 0xFC, 0x1F, 0x83,
    0xF0, 0x7E, 0x0F, 0xC1, 0xF8, 0x3F, 0x07, 0xE0, 0xFC, 0x1F, 0x83, 0xF0, 0xFF, 0xFF, 0xFF, 0xF7,
    0xFC, 0xFF, 0x00, 0x07, 0xFF, 0xFC, 0x00, 0x00, 0xFF, 0xFF, 0x80, 0x00, 0x1F, 0xFF, 0xF0, 0x00,
    0x03, 0xFF, 0xFE, 0x00, 0x00, 0x7C, 0x0F, 0xC0, 0x00, 0x0F, 0x81, 0xF8, 0x00, 0x01, 0xF0, 0x3F,
    0x00, 0x00, 0x7E, 0x07, 0xE0, 0x00, 0x0F, 0xC0, 0xFF, 0xFC, 0x01, 0xF8, 0x1F, 0xFF, 0xE0, 0x3F,
    0x03, 0xFF, 0xFF, 0x07, 0xC0, 0x7F, 0xFF, 0xE0, 0xF8, 0x0F, 0xC0, 0xFE, 0x1F, 0x01, 0xF8, 0x0F,
    0xC3, 0xE0, 0x3F, 0x01, 0xF8, 0xFC, 0x07, 0xE0, 0x3F, 0x1F, 0x80, 0xFC, 0x0F, 0xFF, 0xF0, 0x1F,
    0xFF, 0xFB, 0xFC, 0x03, 0xFF, 0xFF, 0x7F, 0x80, 0x7F, 0xFF, 0x8F, 0xC0, 0x0F, 0xFF, 0xC0, 0xFC,
    0x0F, 0xC0, 0x01, 0xF8, 0x1F, 0x80, 0x03, 0xF0, 0x3F, 0x00, 0x07, 0xE0, 0x7E, 0x00, 0x0F, 0xC0,
    0xFC, 0x00, 0x1F, 0x81, 0xF8, 0x00, 0x3F, 0x03, 0xF0, 0x00, 0x7E, 0x07, 0xE0, 0x00, 0xFF, 0xFF,
    0xFF, 0xC1, 0xFF, 0xFF, 0xFF, 0xE3, 0xFF, 0xFF, 0xFF, 0xF7, 0xFF, 0xFF, 0xFF, 0xEF, 0xC0, 0xFC,
    0x0F, 0xFF, 0x81, 0xF8, 0x0F, 0xFF, 0x03, 0xF0, 0x1F, 0xFE, 0x07, 0xE0, 0x3F, 0xFC, 0x0F, 0xC0,
    0xFF, 0xF8, 0x1F, 0xFF, 0xFB, 0xF0, 0x3F, 0xFF, 0xF7, 0xE0, 0x7F, 0xFF, 0x8F, 0xC0, 0xFF, 0xFC,
    0x00, 0x1F, 0x80, 0x07, 0xFF, 0xC0, 0x3F, 0xFE, 0x01, 0xFF, 0xF0, 0x0F, 0xFF, 0x80, 0x0F, 0xC0,
    0x00, 0x7E, 0x3E, 0x03, 0xF7, 0xFC, 0x1F, 0xFF, 0xF0, 0xFF, 0xFF, 0x87, 0xF8, 0xFE, 0x3F, 0x83,
    0xF1, 0xF8, 0x1F, 0x8F, 0xC0, 0xFC, 0x7E, 0x07, 0xE3, 0xF0, 0x3F, 0x1F, 0x81, 0xF8, 0xFC, 0x0F,
    0xC7, 0xE0, 0x7E, 0x3F, 0x03, 0xF1, 0xF8, 0x1F, 0x8F, 0xC0, 0xFC, 0x7E, 0x07, 0xE3, 0xF0, 0x3F,
    0x1F, 0x81, 0xF8, 0xFC, 0x0F, 0xC7, 0xE0, 0x7E, 0x00, 0x7C, 0x00, 0x03, 0xE0, 0x00, 0x3E, 0x00,
    0x01, 0xE0, 0x00, 0x1F, 0x00, 0x00, 0x00, 0x00, 0x00, 0x00, 0x1F, 0x80, 0xFE, 0xFC, 0x0F, 0xE7,
    0xE0, 0x7E, 0x3F, 0x07, 0xE1, 0xF8, 0x7F, 0x0F, 0xC7, 0xF0, 0x7E, 0x7F, 0x03, 0xF3, 0xF0, 0x1F,
    0xBF, 0x00, 0xFF, 0xF8, 0x07, 0xE0, 0x00, 0x3F, 0xFE, 0x01, 0xFB, 0xF0, 0x0F, 0xCF, 0xC0, 0x7E,
    0x3F, 0x03, 0xF1, 0xFC, 0x1F, 0x87, 0xF0, 0xFC, 0x1F, 0xC7, 0xE0, 0x7E, 0x3F, 0x01, 0xF9, 0xF8,
    0x0F, 0xE0, 0x0F, 0x80, 0x01, 0xF0, 0x00, 0x7C, 0x00, 0x0F, 0x80, 0x01, 0xE0, 0x00, 0x00, 0x00,
    0x00, 0x03, 0xF0, 0x3F, 0xFC, 0x0F, 0xFF, 0x07, 0xFF, 0xC1, 0xFF, 0xF0, 0xFF, 0xFC, 0x3F, 0xFF,
    0x1F, 0xFF, 0xC7, 0xFF, 0xF3, 0xFF, 0xFD, 0xFF, 0xFF, 0x7B, 0xFF, 0xFE, 0xFF, 0xFF, 0x3F, 0xFF,
    0xCF, 0xFF, 0xE3, 0xFF, 0xF8, 0xFF, 0xFC, 0x3F, 0xFF, 0x0F, 0xFF, 0x83, 0xFF, 0xE0, 0xFF, 0xF0,
    0x3F, 0x0E, 0x07, 0x00, 0x78, 0x78, 0x01, 0xFF, 0x80, 0x0F, 0xFC, 0x00, 0x1F, 0x80, 0x00, 0x00,
    0x00, 0x00, 0x00, 0x1F, 0x80, 0x3E, 0xFC, 0x03, 0xF3, 0xE0, 0x1F, 0x9F, 0x80, 0xF8, 0xFC, 0x0F,
    0xC3, 0xE0, 0x7E, 0x1F, 0x83, 0xE0, 0xFC, 0x3F, 0x03, 0xE1, 0xF8, 0x1F, 0x8F, 0x80, 0xFC, 0xFC,
    0x03, 0xE7, 0xE0, 0x1F, 0xBE, 0x00, 0x7D, 0xF0, 0x03, 0xFF, 0x80, 0x1F, 0xF8, 0x00, 0x7F, 0xC0,
    0x03, 0xFE, 0x00, 0x1F, 0xE0, 0x00, 0x7F, 0x00, 0x01, 0xF0, 0x00, 0x0F, 0x80, 0x00, 0xFC, 0x00,
    0x7F, 0xC0, 0x03, 0xFE, 0x00, 0x1F, 0xE0, 0x00, 0xFE, 0x00, 0x00, 0xFC, 0x0F, 0xFF, 0x03, 0xFF,
    0xC0, 0xFF, 0xF0, 0x3F, 0xFC, 0x0F, 0xFF, 0x03, 0xFF, 0xC0, 0xFF, 0xF0, 0x3F, 0xFC, 0x0F, 0xFF,
    0x03, 0xFF, 0xC0, 0xFF, 0xF0, 0x3F, 0xFC, 0x0F, 0xFF, 0x03, 0xFF, 0xC0, 0xFF, 0xF0, 0x3F, 0xFC,
    0x0F, 0xFF, 0xFF, 0xFF, 0xFF, 0xFF, 0xFF, 0xFF, 0xFF, 0xFF, 0xC0, 0xFC, 0x00, 0x3F, 0x00, 0x0F,
    0xC0, 0x03, 0xF0, 0x00, 0xFC, 0x00, 0x3F, 0x00, 0xFC, 0x03, 0xF0, 0x0F, 0xFF, 0x00, 0xFC, 0x03,
    0xFF, 0xC0, 0x3F, 0x00, 0xFF, 0xF0, 0x0F, 0xC0, 0x3F, 0xFC, 0x03, 0xF0, 0x0F, 0xFF, 0x00, 0xFC,
    0x03, 0xFF, 0xC0, 0x1F, 0x00, 0xFD, 0xF8, 0x07, 0xE0, 0x3F, 0x7E, 0x01, 0xF8, 0x0F, 0x9F, 0x80,
    0xFE, 0x07, 0xE7, 0xE0, 0x3F, 0x81, 0xF8, 0xF8, 0x0F, 0xE0, 0x7E, 0x3F, 0x07, 0xFC, 0x1F, 0x8F,
    0xC1, 0xFF, 0x07, 0xE3, 0xF0, 0x7F, 0xC1, 0xF0, 0x7E, 0x3F, 0xF0, 0xFC, 0x1F, 0x8F, 0xFE, 0x3F,
    0x07, 0xE3, 0xFF, 0x8F, 0x80, 0xFD, 0xF3, 0xE3, 0xE0, 0x3F, 0x7C, 0xFD, 0xF8, 0x07, 0xDF, 0x1F,
    0x7C, 0x01, 0xFF, 0x87, 0xDF, 0x00, 0x3F, 0xE1, 0xFF, 0x80, 0x0F, 0xF8, 0x3F, 0xE0, 0x01, 0xFE,
    0x0F, 0xF0, 0x00, 0x7F, 0x01, 0xFC, 0x00, 0x0F, 0xC0, 0x3E, 0x00, 0xFC, 0x07, 0xE0, 0x7F, 0xF8,
    0x0F, 0xC0, 0xFF, 0xF0, 0x1F, 0x81, 0xFF, 0xE0, 0x3F, 0x03, 0xFF, 0xC0, 0x7E, 0x07, 0xEF, 0x80,
    0xFC, 0x0F, 0xDF, 0x80, 0xFC, 0x1F, 0x3F, 0x01, 0xF8, 0x7E, 0x7E, 0x03, 0xF0, 0xFC, 0x7C, 0x0F,
    0xE1, 0xF8, 0xFC, 0x1F, 0xC3, 0xE1, 0xF8, 0x7F, 0xC7, 0xC1, 0xF0, 0xFF, 0x9F, 0x83, 0xF3, 0xFF,
    0x3E, 0x03, 0xE7, 0xBE, 0x7C, 0x07, 0xDF, 0x3F, 0xF0, 0x0F, 0xFC, 0x7F, 0xE0, 0x0F, 0xF8, 0x7F,
    0x80, 0x1F, 0xE0, 0xFF, 0x00, 0x1F, 0xC0, 0xFC, 0x00, 0x1F, 0x00, 0xF0, 0x00, 0x0F, 0xC0, 0x00,
    0x07, 0xE0, 0x00, 0x03, 0xF0, 0x00, 0x1F, 0xFF, 0x80, 0x0F, 0xFF, 0xC0, 0x07, 0xFF, 0xE0, 0x03,
    0xFF, 0xF0, 0x00, 0x1F, 0x80, 0x00, 0x0F, 0xC0, 0x00, 0x07, 0xFF, 0xF0, 0x03, 0xFF, 0xFE, 0x01,
    0xFF, 0xFF, 0xC0, 0xFF, 0xFF, 0xF0, 0x7F, 0xFF, 0xF8, 0x3F, 0x01, 0xFE, 0x1F, 0x80, 0x3F, 0x0F,
    0xC0, 0x1F, 0x87, 0xE0, 0x0F, 0xC3, 0xF0, 0x07, 0xE1, 0xF8, 0x03, 0xF0, 0xFC, 0x01, 0xF8, 0x7E,
    0x03, 0xFC, 0x3F, 0xFF, 0xFC, 0x1F, 0xFF, 0xFE, 0x0F, 0xFF, 0xFE, 0x07, 0xFF, 0xFC, 0x03, 0xFF,
    0xF8, 0x00, 0x0F, 0xC0, 0x00, 0x1F, 0x80, 0x00, 0x3F, 0x00, 0x07, 0xFF, 0xE0, 0x0F, 0xFF, 0xC0,
    0x1F, 0xFF, 0x80, 0x3F, 0xFF, 0x00, 0x07, 0xE0, 0x00, 0x0F, 0xC0, 0x00, 0x1F, 0x80, 0x00, 0x3F,
    0x00, 0x00, 0x7E, 0x00, 0x00, 0xFC, 0x00, 0x01, 0xFF, 0xF8, 0x03, 0xFF, 0xFC, 0x07, 0xFF, 0xFC,
    0x0F, 0xFF, 0xFC, 0x1F, 0x81, 0xFC, 0x3F, 0x01, 0xF8, 0x7E, 0x03, 0xF0, 0xFC, 0x07, 0xE1, 0xF8,
    0x0F, 0xC3, 0xF0, 0x3F, 0x87, 0xFF, 0xFE, 0x0F, 0xFF, 0xF8, 0x1F, 0xFF, 0xE0, 0x3F, 0xFF, 0x00,
    0xFC, 0x00, 0x1F, 0xE1, 0xF8, 0x01, 0xFF, 0xFB, 0xF0, 0x0F, 0xFF, 0xFF, 0xE0, 0x3F, 0xFF, 0xEF,
    0xC0, 0xFF, 0xFF, 0xDF, 0x81, 0xFE, 0x07, 0xBF, 0x07, 0xF0, 0x00, 0x7E, 0x0F, 0xC0, 0x00, 0xFC,
    0x3F, 0x00, 0x01, 0xF8, 0x7E, 0x00, 0x03, 0xFF, 0xFF, 0xFF, 0x87, 0xFF, 0xFF, 0xFF, 0x0F, 0xFF,
    0xFF, 0xFE, 0x1F, 0xFF, 0xFF, 0xFC, 0x3F, 0xFF, 0xFF, 0xF8, 0x7E, 0x1F, 0x80, 0x00, 0xFC, 0x3F,
    0x00, 0x01, 0xF8, 0x7E, 0x00, 0x03, 0xF0, 0xFC, 0x00, 0x07, 0xE0, 0xFC, 0x00, 0x0F, 0xC1, 0xFC,
    0x00, 0x1F, 0x81, 0xFE, 0x03, 0xBF, 0x03, 0xFF, 0xFF, 0x7E, 0x03, 0xFF, 0xFE, 0xFC, 0x03, 0xFF,
    0xFD, 0xF8, 0x01, 0xFF, 0xFB, 0xF0, 0x00, 0xFF, 0xC0, 0xFC, 0x00, 0xFF, 0x3F, 0x00, 0xFF, 0xFF,
    0xC0, 0xFF, 0xFF, 0xF0, 0x7F, 0xFE, 0xFC, 0x1F, 0x81, 0xBF, 0x0F, 0xC0, 0x0F, 0xC3, 0xF0, 0x03,
    0xF0, 0xF8, 0x00, 0xFF, 0xFF, 0xFE, 0x3F, 0xFF, 0xFF, 0x8F, 0xFF, 0xFF, 0xE3, 0xFF, 0xFF, 0xF8,
    0xFC, 0x3E, 0x00, 0x3F, 0x0F, 0xC0, 0x0F, 0xC3, 0xF0, 0x03, 0xF0, 0x7C, 0x01, 0xFC, 0x1F, 0xC1,
    0xFF, 0x03, 0xFF, 0xFF, 0xC0, 0xFF, 0xFF, 0xF0, 0x0F, 0xFF, 0xFC, 0x00, 0xFF, 0x00, 0x00, 0x3F,
    0x80, 0x00, 0x0F, 0xF8, 0x00, 0x01, 0xFF, 0x00, 0x00, 0x3F, 0xE0, 0x00, 0x0F, 0xBE, 0x00, 0x01,
    0xF7, 0xC0, 0x00, 0x3C, 0x78, 0x00, 0x0F, 0x8F, 0x80, 0x01, 0xF1, 0xF0, 0x00, 0x7C, 0x1F, 0x00,
    0x0F, 0x83, 0xE0, 0x01, 0xFF, 0xFC, 0x00, 0x7F, 0xFF, 0xC0, 0x0F, 0xFF, 0xF8, 0x03, 0xFF, 0xFF,
    0x00, 0x7C, 0xF9, 0xF0, 0x0F, 0x9F, 0x3E, 0x03, 0xE3, 0xE3, 0xE0, 0x7C, 0x7C, 0x7C, 0x0F, 0x8F,
    0x8F, 0x83, 0xE1, 0xF0, 0xF8, 0x7C, 0x3E, 0x1F, 0x1F, 0x87, 0xC3, 0xE3, 0xE0, 0xF8, 0x3E, 0x7C,
    0x1F, 0x07, 0xDF, 0x83, 0xE0, 0xFF, 0xF0, 0x7C, 0x1F, 0x80, 0x00, 0x7F, 0x00, 0x00, 0x7F, 0xC0,
    0x00, 0x3F, 0xE0, 0x00, 0x1F, 0xF0, 0x00, 0x1F, 0x7C, 0x00, 0x0F, 0xBE, 0x00, 0x0F, 0x8F, 0x80,
    0x07, 0xC7, 0xC0, 0x03, 0xE3, 0xE0, 0x03, 0xE0, 0xF8, 0x01, 0xFF, 0xFC, 0x01, 0xFF, 0xFF, 0x00,
    0xFF, 0xFF, 0x80, 0xF9, 0xF3, 0xC0, 0x7C, 0xF9, 0xF0, 0x3E, 0x7C, 0xF8, 0x3E, 0x3E, 0x3E, 0x1F,
    0x1F, 0x1F, 0x1F, 0x8F, 0x8F, 0xCF, 0x87, 0xC3, 0xE7, 0xC3, 0xE1, 0xF0, 0xFC, 0x00, 0x7F, 0x00,
    0x3F, 0x00, 0x3F, 0xE0, 0x0F, 0xC0, 0x0F, 0xF8, 0x03, 0xF0, 0x03, 0xDE, 0x00, 0xFC, 0x01, 0xF7,
    0xC0, 0x3F, 0x00, 0x7D, 0xF0, 0x0F, 0xC0, 0x1E, 0x3C, 0x03, 0xF0, 0x0F, 0x8F, 0x80, 0xFC, 0x03,
    0xE3, 0xE0, 0x3F, 0x01, 0xF0, 0x7C, 0x0F, 0xFF, 0xFC, 0x1F, 0x03, 0xFF, 0xFF, 0xFF, 0xC0, 0xFF,
    0xFF, 0xFF, 0xF8, 0x3F, 0xFF, 0xFF, 0xFE, 0x0F, 0xFF, 0xFF, 0xFF, 0x83, 0xF0, 0x7C, 0xF9, 0xF0,
    0xFC, 0x1F, 0x3E, 0x7C, 0x3F, 0x07, 0x8F, 0x8F, 0x8F, 0xC3, 0xE3, 0xE3, 0xE3, 0xF0, 0xF8, 0xF8,
    0xF8, 0xFC, 0x7E, 0x3E, 0x1F, 0x3F, 0x1F, 0x0F, 0x87, 0xCF, 0xC7, 0xC3, 0xE1, 0xF3, 0xF3, 0xF0,
    0xF8, 0x3E, 0xFC, 0xF8, 0x3E, 0x0F, 0xBF, 0x3E, 0x0F, 0x83, 0xFF, 0xDF, 0x83, 0xE0, 0xFC, 0xF8,
    0x01, 0xFC, 0x01, 0xF0, 0x07, 0xFC, 0x03, 0xE0, 0x0F, 0xF8, 0x07, 0xC0, 0x1E, 0xF0, 0x0F, 0x80,
    0x7D, 0xF0, 0x1F, 0x00, 0xFB, 0xE0, 0x3E, 0x01, 0xE3, 0xE0, 0x7C, 0x07, 0xC7, 0xC0, 0xFF, 0xFF,
    0x87, 0x81, 0xFF, 0xFF, 0xFF, 0x83, 0xFF, 0xFF, 0xFF, 0x07, 0xFF, 0xFF, 0xFF, 0x0F, 0x83, 0xEF,
    0xBE, 0x1F, 0x07, 0x9F, 0x3C, 0x3E, 0x1F, 0x3E, 0x7C, 0x7C, 0x3E, 0x7C, 0xF8, 0xF8, 0x78, 0xF8,
    0xF9, 0xF1, 0xF1, 0xF1, 0xF3, 0xE3, 0xE3, 0xE3, 0xF7, 0xCF, 0x87, 0xC3, 0xEF, 0x9F, 0x0F, 0x87,
    0xC0, 0x1F, 0xFF, 0xFF, 0x81, 0xFF, 0xFF, 0xF8, 0x1F, 0xFF, 0xFF, 0x81, 0xFF, 0xFF, 0xF8, 0x1F,
    0xFF, 0xFF, 0x81, 0xF8, 0x01, 0xF8, 0x0F, 0xC0, 0x3F, 0x00, 0x7E, 0x07, 0xE0, 0x03, 0xE0, 0x7C,
    0x00, 0x3F, 0x0F, 0xC0, 0x01, 0xF9, 0xF8, 0x00, 0x0F, 0xFF, 0x00, 0x01, 0xFF, 0xF8, 0x00, 0x3F,
    0xFF, 0xC0, 0x07, 0xFF, 0xFE, 0x00, 0xFF, 0xFF, 0xF0, 0x0F, 0xFF, 0xFF, 0x01, 0xF9, 0xF9, 0xF8,
    0x1F, 0x9F, 0x9F, 0x81, 0xF1, 0xF8, 0xF8, 0x3F, 0x1F, 0x8F, 0xC3, 0xF1, 0xF8, 0xFC, 0x3E, 0x1F,
    0x87, 0xC7, 0xE1, 0xF8, 0x7E, 0x7E, 0x1F, 0x87, 0xE7, 0xE1, 0xF8, 0x3E, 0xFC, 0x1F, 0x83, 0xF0,
    0x3F, 0xFF, 0xFE, 0x1F, 0xFF, 0xFF, 0x0F, 0xFF, 0xFF, 0x87, 0xFF, 0xFF, 0xC0, 0x00, 0x00, 0x00,
    0xF8, 0x03, 0xE0, 0x3E, 0x03, 0xE0, 0x0F, 0x83, 0xE0, 0x03, 0xE3, 0xE0, 0x00, 0xFB, 0xE0, 0x00,
    0xFF, 0xF8, 0x01, 0xFF, 0xFF, 0x01, 0xFF, 0xFF, 0xC0, 0xF9, 0xF3, 0xE0, 0x7C, 0xF9, 0xF0, 0x7C,
    0x7C, 0x7C, 0x3E, 0x3E, 0x3E, 0x3F, 0x1F, 0x1F, 0x9F, 0x8F, 0x8F, 0xCF, 0x87, 0xC3, 0xEF, 0xC3,
    0xE1, 0xF8, 0xFC, 0x3F, 0xFF, 0xFF, 0xCF, 0xC3, 0xFF, 0xFF, 0xFC, 0xFC, 0x3F, 0xFF, 0xFF, 0xCF,
    0xC1, 0xFF, 0xFF, 0xF8, 0xFC, 0x0F, 0xFF, 0xFF, 0x0F, 0xC0, 0xFC, 0x03, 0xF0, 0xFC, 0x07, 0xE0,
    0x7E, 0x0F, 0xC0, 0x3F, 0x0F, 0xC0, 0xFC, 0x01, 0xF9, 0xF8, 0x0F, 0xC0, 0x0F, 0xFF, 0x00, 0xFF,
    0xFF, 0xFF, 0xE0, 0x0F, 0xFF, 0xFF, 0xFF, 0x80, 0xFF, 0xFF, 0xFF, 0xFC, 0x0F, 0xFF, 0xFF, 0xFF,
    0xE0, 0xFF, 0xFF, 0xFF, 0xFF, 0x0F, 0xC0, 0xFD, 0xFB, 0xF8, 0xFC, 0x1F, 0x9F, 0x9F, 0x8F, 0xC1,
    0xF1, 0xF8, 0xF8, 0xFC, 0x3F, 0x1F, 0x8F, 0xCF, 0xC3, 0xE1, 0xF8, 0xFC, 0xFC, 0x3E, 0x1F, 0x87,
    0xCF, 0xC7, 0xE1, 0xF8, 0x7E, 0xFC, 0x7E, 0x1F, 0x87, 0xEF, 0xC7, 0xC1, 0xF8, 0x3E, 0xFC, 0xFC,
    0x1F, 0x83, 0xFF, 0xCF, 0xC1, 0xF8, 0x3F, 0xFC, 0xF8, 0x1F, 0x81, 0xF0, 0xF8, 0xFF, 0xFF, 0xF7,
    0xC7, 0xFF, 0xFF, 0xBE, 0x3F, 0xFF, 0xFD, 0xF0, 0xFF, 0xFF, 0xCF, 0x83, 0xE0, 0x7C, 0x7C, 0x0F,
    0x83, 0xC3, 0xE0, 0x3E, 0x3E, 0x1F, 0x00, 0xFB, 0xE0, 0xFF, 0xFF, 0xFE, 0x07, 0xFF, 0xFF, 0xF8,
    0x3F, 0xFF, 0xFF, 0xE1, 0xFF, 0xFF, 0xFF, 0x8F, 0x87, 0xEF, 0xBE, 0x7C, 0x3E, 0x7C, 0xF3, 0xE1,
    0xF3, 0xE7, 0x9F, 0x1F, 0x1F, 0x3E, 0xF8, 0xF8, 0xF8, 0xF7, 0xC7, 0xC7, 0xC7, 0xBE, 0x3C, 0x3E,
    0x3F, 0xF3, 0xE1, 0xF1, 0xFF, 0x9F, 0x0F, 0x87, 0x80, 0x00, 0x01, 0xF0, 0x3E, 0x0F, 0xC0, 0x7C,
    0x7F, 0x00, 0xF3, 0xC0, 0x01, 0xFE, 0x00, 0x03, 0xF0, 0x00, 0x7F, 0xF0, 0x0F, 0xFF, 0xF0, 0x7F,
    0xFF, 0xE1, 0xFF, 0xFF, 0xC3, 0xF0, 0xFF, 0x8E, 0x00, 0xFE, 0x00, 0x01, 0xF8, 0x00, 0x07, 0xE0,
    0x00, 0x1F, 0x80, 0x00, 0xFC, 0x00, 0x0F, 0xE0, 0x1F, 0xFF, 0x00, 0x7F, 0xF0, 0x01, 0xFF, 0xE0,
    0x07, 0xFF, 0xE0, 0x00, 0x3F, 0xE0, 0x00, 0x1F, 0x80, 0x00, 0x3F, 0x00, 0x00, 0xFC, 0x00, 0x03,
    0xF0, 0x00, 0x0F, 0xC0, 0x00, 0x7F, 0x00, 0x07, 0xF8, 0x3F, 0xFF, 0xC3, 0xFF, 0xFE, 0x1F, 0xFF,
    0xF0, 0xFF, 0xFE, 0x03, 0xF8, 0x00, 0x0F, 0xC0, 0x00, 0x3F, 0x00, 0x00, 0xFF, 0xFF, 0xC1, 0xFF,
    0xFF, 0x03, 0xFF, 0xFC, 0x03, 0xFF, 0xF0, 0x00, 0x00, 0x00, 0x00, 0x07, 0xC3, 0xC1, 0xF8, 0x3C,
    0x7F, 0x03, 0xDF, 0x00, 0x7F, 0xC0, 0x3F, 0xF8, 0x1F, 0xFF, 0xC1, 0xFF, 0xFC, 0x3F, 0xFF, 0xC3,
    0x01, 0xF8, 0x00, 0x1F, 0x00, 0x03, 0xE0, 0x00, 0xF8, 0x07, 0xFF, 0x00, 0xFF, 0x80, 0x1F, 0xF8,
    0x03, 0xFF, 0xC0, 0x03, 0xF8, 0x00, 0x1F, 0x80, 0x03, 0xF0, 0x00, 0x7E, 0x00, 0x3F, 0xC3, 0xFF,
    0xF1, 0xFF, 0xFC, 0x7F, 0xFF, 0x1F, 0xFF, 0x83, 0xF0, 0x00, 0x7C, 0x00, 0x0F, 0x80, 0x01, 0xFF,
    0xFE, 0x1F, 0xFF, 0xC3, 0xFF, 0xF8, 0x1F, 0xFF, 0x00, 0x00, 0x20, 0xFC, 0x1F, 0x07, 0xFF, 0x83,
    0xE0, 0xFF, 0xF0, 0x7C, 0x1F, 0xFE, 0x0F, 0x83, 0xFF, 0xC1, 0xF0, 0x7F, 0xF8, 0x3E, 0x0F, 0xFF,
    0x07, 0xC1, 0xFF, 0xE0, 0xF8, 0x3F, 0xFC, 0x1F, 0x07, 0xFF, 0x83, 0xE0, 0xFF, 0xF0, 0x7C, 0x1F,
    0xFE, 0x0F, 0x83, 0xFF, 0xC1, 0xF0, 0x7E, 0xFC, 0x3E, 0x1F, 0x9F, 0x87, 0xC3, 0xF1, 0xFC, 0xF9,
    0xFC, 0x3F, 0xFF, 0xFF, 0x83, 0xFF, 0xFF, 0xE0, 0x1F, 0xFF, 0xF0, 0x00, 0xFF, 0xF8, 0x00, 0x01,
    0xF0, 0x00, 0x00, 0x3E, 0x00, 0x00, 0x07, 0xC0, 0x00, 0x00, 0xF8, 0x00, 0x00, 0x1F, 0x00, 0x00,
    0x03, 0xE0, 0x00, 0x00, 0x7C, 0x00, 0x00, 0x00, 0x3F, 0x00, 0x00, 0x0F, 0xC0, 0x00, 0x03, 0xF0,
    0x00, 0x00, 0xFC, 0x00, 0x00, 0x3F, 0x00, 0x00, 0x0F, 0xC0, 0x00, 0x03, 0xF0, 0x00, 0x00, 0xFC,
    0x00, 0xFC, 0x3F, 0x1F, 0xBF, 0x0F, 0xC7, 0xEF, 0xC3, 0xF1, 0xFB, 0xF0, 0xFC, 0x7E, 0xFC, 0x3F,
    0x0F, 0xBF, 0x0F, 0xC3, 0xFF, 0xC3, 0xF0, 0xFF, 0xF0, 0xFC, 0x3F, 0xFC, 0x3F, 0x0F, 0xFF, 0x0F,
    0xC3, 0xFF, 0xC3, 0xF0, 0xFF, 0xF0, 0xFC, 0x3F, 0xFC, 0x3F, 0x0F, 0xFF, 0x0F, 0xC3, 0xFF, 0xE3,
    0xF1, 0xF9, 0xF8, 0xFC, 0xFE, 0x7F, 0xFF, 0xFF, 0x8F, 0xFF, 0xFF, 0xC3, 0xFF, 0xFF, 0xE0, 0x3F,
    0xFF, 0xF0, 0x03, 0xFF, 0xF0, 0x00, 0x0F, 0xC0, 0x00, 0x03, 0xF0, 0x00, 0x00, 0xFC, 0x00, 0x00,
    0x3F, 0x00, 0x00, 0x0F, 0xC0, 0x00, 0x03, 0xF0, 0x00, 0x00, 0xFC, 0x00, 0x00, 0x3F, 0x00, 0x00,
    0x0F, 0xC0, 0x00, 0x00, 0x00, 0x00, 0x00, 0x7F, 0xF8, 0x00, 0x3F, 0xFF, 0x00, 0x3F, 0xFF, 0xF0,
    0x1F, 0xFF, 0xFE, 0x0F, 0xFF, 0xFF, 0x83, 0xF8, 0x07, 0xF1, 0xFC, 0x00, 0xFE, 0x7E, 0x00, 0x1F,
    0x9F, 0x80, 0x07, 0xEF, 0xE0, 0x01, 0xFF, 0xFF, 0x80, 0x3F, 0xFF, 0xFC, 0x0F, 0xFF, 0xFF, 0xFF,
    0xFF, 0xFF, 0xFF, 0xFF, 0xFF, 0xFF, 0xFF, 0xFC, 0x0F, 0xFF, 0xFF, 0x00, 0x7F, 0xFF, 0xC0, 0x01,
    0xFD, 0xF8, 0x00, 0x7E, 0x7E, 0x00, 0x1F, 0x9F, 0xC0, 0x0F, 0xE3, 0xF8, 0x07, 0xF0, 0xFF, 0xFF,
    0xFC, 0x1F, 0xFF, 0xFE, 0x03, 0xFF, 0xFF, 0x00, 0x3F, 0xFF, 0x00, 0x07, 0xFF, 0x80, 0x00, 0x0C,
    0x00, 0x00, 0x01, 0xF8, 0x00, 0xFF, 0xF0, 0x1F, 0xFF, 0x83, 0xFF, 0xFC, 0x7F, 0x0F, 0xC7, 0xE0,
    0x7E, 0x7E, 0x07, 0xEF, 0xF8, 0x3F, 0xFF, 0xE3, 0xFF, 0xFF, 0xFF, 0xFF, 0xFF, 0xFF, 0xC7, 0xFF,
    0xFC, 0x1F, 0xFF, 0xC0, 0x3F, 0x7E, 0x07, 0xE7, 0xE0, 0x7E, 0x7F, 0x0F, 0xE3, 0xFF, 0xFC, 0x1F,
    0xFF, 0x80, 0xFF, 0xF0, 0x03, 0xFC, 0x00, 0x7C, 0x00, 0x01, 0xF7, 0xE0, 0x00, 0x7F, 0x7E, 0x00,
    0x0F, 0xF3, 0xF0, 0x00, 0xFF, 0x3F, 0x00, 0x1F, 0xF3, 0xF0, 0x01, 0xF8, 0x1F, 0x80, 0x3F, 0x01,
    0xF8, 0x03, 0xF0, 0x1F, 0x80, 0x3E, 0x00, 0xFC, 0x07, 0xE0, 0x0F, 0xC0, 0x7E, 0x00, 0x7C, 0x0F,
    0xC0, 0x07, 0xE0, 0xFC, 0x00, 0x7E, 0x0F, 0xC0, 0x03, 0xE1, 0xF8, 0x00, 0x3F, 0x1F, 0x80, 0x03,
    0xF1, 0xF8, 0x00, 0x1F, 0x3F, 0x00, 0x01, 0xFB, 0xF0, 0x00, 0x1F, 0xBE, 0x00, 0x00, 0xFF, 0xE0,
    0x00, 0x0F, 0xFE, 0x00, 0x00, 0xFF, 0xC0, 0x00, 0x07, 0xFC, 0x00, 0x00, 0x7F, 0xC0, 0x00, 0x03,
    0xF8, 0x00, 0x00, 0x3F, 0x80, 0x00, 0xF8, 0x00, 0x3F, 0xF0, 0x03, 0xFF, 0xC0, 0x1F, 0xDF, 0x00,
    0xFF, 0x7E, 0x03, 0xF1, 0xF8, 0x1F, 0x83, 0xE0, 0x7C, 0x0F, 0xC1, 0xF0, 0x1F, 0x0F, 0xC0, 0x7C,
    0x3E, 0x01, 0xF8, 0xF8, 0x03, 0xE7, 0xE0, 0x0F, 0x9F, 0x00, 0x3F, 0x7C, 0x00, 0x7F, 0xF0, 0x01,
    0xFF, 0x80, 0x07, 0xFE, 0x00, 0x0F, 0xF8, 0x00, 0x3F, 0xC0, 0x00, 0xFF, 0x00, 0x01, 0xFC, 0x00,
    0x3F, 0x7E, 0x00, 0x07, 0xCF, 0x80, 0x00, 0xF9, 0xF0, 0x00, 0x1E, 0x3C, 0x00, 0x03, 0xC7, 0x80,
    0x00, 0x70, 0xF0, 0x00, 0x00, 0x00, 0x00, 0x00, 0x00, 0x00, 0xF8, 0x00, 0x0F, 0xFF, 0x00, 0x07,
    0xFF, 0xC0, 0x03, 0xFD, 0xF0, 0x00, 0xFF, 0x7E, 0x00, 0x7E, 0x1F, 0x80, 0x1F, 0x03, 0xE0, 0x0F,
    0xC0, 0xFC, 0x03, 0xE0, 0x3F, 0x00, 0xF8, 0x07, 0xC0, 0x7E, 0x01, 0xF8, 0x1F, 0x00, 0x7E, 0x07,
    0xC0, 0x0F, 0x83, 0xF0, 0x03, 0xF0, 0xF8, 0x00, 0xFC, 0x3E, 0x00, 0x1F, 0x1F, 0x80, 0x07, 0xE7,
    0xC0, 0x01, 0xF9, 0xF0, 0x00, 0x3E, 0xFC, 0x00, 0x0F, 0xBE, 0x00, 0x03, 0xEF, 0x80, 0x00, 0x7F,
    0xE0, 0x00, 0x1F, 0xF0, 0x00, 0x07, 0xFC, 0x00, 0x00, 0xFF, 0x00, 0x00, 0x3F, 0x80, 0x00, 0x0F,
    0xE0, 0x00, 0x3E, 0x7C, 0x00, 0x7C, 0x7C, 0x00, 0x7C, 0xF8, 0x00, 0x7C, 0xF8, 0x00, 0x78, 0xF8,
    0x00, 0x78, 0x70, 0x00, 0x00, 0x00, 0x00, 0x00, 0x00, 0x7C, 0x00, 0x3E, 0xFC, 0x01, 0xFD, 0xF8,
    0x03, 0xF9, 0xF0, 0x0F, 0xF3, 0xF0, 0x1F, 0xE7, 0xE0, 0x7E, 0x07, 0xC0, 0xFC, 0x0F, 0xC1, 0xF0,
    0x0F, 0x87, 0xE0, 0x1F, 0x0F, 0x80, 0x3F, 0x1F, 0x00, 0x3E, 0x7E, 0x00, 0x7C, 0xF8, 0x00, 0xF9,
    0xF0, 0x00, 0xFF, 0xC0, 0x01, 0xFF, 0x80, 0x01, 0xFF, 0x00, 0x03, 0xFC, 0x00, 0x07, 0xF8, 0x00,
    0x07, 0xF0, 0x00, 0x0F, 0xC0, 0x00, 0x00, 0xFF, 0x00, 0x00, 0x00, 0x00, 0x0F, 0xFF, 0xC0, 0x00,
    0x00, 0x00, 0x3F, 0xFF, 0xC0, 0x00, 0x00, 0x00, 0xFF, 0xFF, 0xC0, 0x00, 0x00, 0x03, 0xFF, 0xFF,
    0xC0, 0x00, 0x00, 0x07, 0xF0, 0x3F, 0x80, 0x00, 0x00, 0x1F, 0xC0, 0x3F, 0x8F, 0xC0, 0x1F, 0xBF,
    0x00, 0x3F, 0x1F, 0x80, 0x3F, 0x7E, 0x00, 0x7E, 0x1F, 0x80, 0xFD, 0xF8, 0x00, 0x7E, 0x3F, 0x01,
    0xFB, 0xF0, 0x00, 0xFC, 0x3E, 0x03, 0xF7, 0xE0, 0x01, 0xF8, 0x7E, 0x0F, 0xCF, 0xC0, 0x03, 0xF0,
    0xFC, 0x1F, 0x9F, 0x80, 0x07, 0xE0, 0xF8, 0x3E, 0x3F, 0x00, 0x0F, 0xC1, 0xF8, 0xFC, 0x7E, 0x00,
    0x1F, 0x81, 0xF1, 0xF8, 0xFC, 0x00, 0x3F, 0x03, 0xF3, 0xE1, 0xF8, 0x00, 0x7E, 0x07, 0xEF, 0xC1,
    0xF8, 0x01, 0xF8, 0x07, 0xDF, 0x83, 0xF0, 0x03, 0xF0, 0x0F, 0xBE, 0x07, 0xF0, 0x0F, 0xE0, 0x0F,
    0x7C, 0x07, 0xF0, 0x3F, 0x80, 0x1F, 0xF0, 0x0F, 0xFF, 0xFF, 0x00, 0x3F, 0xE0, 0x0F, 0xFF, 0xFC,
    0x00, 0x3F, 0xC0, 0x0F, 0xFF, 0xF0, 0x00, 0x7F, 0x00, 0x0F, 0xFF, 0xC0, 0x00, 0x7E, 0x00, 0x03,
    0xFC, 0x00, 0x00, 0xFC, 0x00, 0x00, 0x00, 0x00, 0x01, 0xF0, 0x00, 0x00, 0x00, 0x00, 0x07, 0xE0,
    0x00, 0x00, 0x00, 0x00, 0x0F, 0xC0, 0x00, 0x00, 0x00, 0x00, 0x3F, 0x00, 0x00, 0x00, 0x00, 0x00,
    0xFE, 0x00, 0x00, 0x00, 0x00, 0x1F, 0xF8, 0x00, 0x00, 0x00, 0x00, 0x3F, 0xE0, 0x00, 0x00, 0x00,
    0x00, 0x7F, 0x80, 0x00, 0x00, 0x00, 0x00, 0xFC, 0x00, 0x00, 0x03, 0xFC, 0x07, 0xE0, 0x0F, 0xC3,
    0xFF, 0xC1, 0xF8, 0x03, 0xF1, 0xFF, 0xF8, 0x3E, 0x01, 0xF8, 0xFF, 0xFF, 0x0F, 0xC0, 0x7E, 0x7F,
    0x0F, 0xE1, 0xF0, 0x1F, 0x1F, 0x81, 0xF8, 0x7C, 0x0F, 0xCF, 0xE0, 0x7E, 0x1F, 0x83, 0xF3, 0xF0,
    0x0F, 0xC3, 0xE0, 0xF8, 0xFC, 0x03, 0xF0, 0xF8, 0x3E, 0x3F, 0x00, 0xFC, 0x1F, 0x1F, 0x8F, 0xC0,
    0x3F, 0x07, 0xC7, 0xC3, 0xF0, 0x0F, 0xC1, 0xF1, 0xF0, 0xFC, 0x03, 0xF0, 0x3E, 0xF8, 0x3F, 0x00,
    0xFC, 0x0F, 0xBE, 0x07, 0xE0, 0x7E, 0x01, 0xEF, 0x81, 0xF8, 0x1F, 0x80, 0x7B, 0xC0, 0x7F, 0x0F,
    0xE0, 0x1F, 0xF0, 0x0F, 0xFF, 0xF0, 0x03, 0xFC, 0x01, 0xFF, 0xF8, 0x00, 0xFE, 0x00, 0x3F, 0xFC,
    0x00, 0x3F, 0x80, 0x03, 0xFC, 0x00, 0x07, 0xE0, 0x00, 0x00, 0x00, 0x03, 0xF0, 0x00, 0x00, 0x00,
    0x00, 0xFC, 0x00, 0x00, 0x00, 0x00, 0x3E, 0x00, 0x00, 0x00, 0x00, 0x1F, 0x80, 0x00, 0x00, 0x00,
    0x0F, 0xE0, 0x00, 0x00, 0x00, 0x3F, 0xF0, 0x00, 0x00, 0x00, 0x0F, 0xF8, 0x00, 0x00, 0x00, 0x03,
    0xFC, 0x00, 0x00, 0x00, 0x00, 0xFC, 0x00, 0x00, 0x00, 0x0E, 0x00, 0x00, 0x03, 0xE0, 0x00, 0x01,
    0xFF, 0x00, 0x01, 0xFF, 0xFC, 0x00, 0x7F, 0xFF, 0xC0, 0x1F, 0xFF, 0xFC, 0x07, 0xFF, 0xFF, 0xC1,
    0xFE, 0xFB, 0xFC, 0x7F, 0x8E, 0x1F, 0x8F, 0xE0, 0x03, 0xF9, 0xF8, 0x00, 0x3F, 0x7F, 0x00, 0x07,
    0xFF, 0xC0, 0x00, 0x7F, 0xF8, 0x00, 0x0F, 0xFF, 0x00, 0x01, 0xFF, 0xE0, 0x00, 0x3F, 0xFC, 0x00,
    0x07, 0xFF, 0x80, 0x00, 0xFF, 0xF0, 0x00, 0x1F, 0xFE, 0x00, 0x03, 0xFF, 0xE0, 0x00, 0xFE, 0xFC,
    0x00, 0x1F, 0x9F, 0xC0, 0x07, 0xF1, 0xFC, 0x71, 0xFC, 0x3F, 0xDF, 0x7F, 0x83, 0xFF, 0xFF, 0xE0,
    0x3F, 0xFF, 0xF8, 0x03, 0xFF, 0xFE, 0x00, 0x3F, 0xFF, 0x80, 0x00, 0xFF, 0x80, 0x00, 0x07, 0xC0,
    0x00, 0x00, 0x70, 0x00, 0x00, 0x78, 0x00, 0x01, 0xE0, 0x00, 0x1F, 0xE0, 0x03, 0xFF, 0xE0, 0x1F,
    0xFF, 0xE0, 0xFF, 0xFF, 0xC7, 0xF7, 0xBF, 0x1F, 0x9E, 0x7E, 0x7E, 0x01, 0xFB, 0xF0, 0x03, 0xFF,
    0xC0, 0x0F, 0xFF, 0x00, 0x3F, 0xFC, 0x00, 0xFF, 0xF0, 0x03, 0xFF, 0xC0, 0x0F, 0xFF, 0x00, 0x3F,
    0x7E, 0x01, 0xF9, 0xF9, 0xE7, 0xE3, 0xF7, 0xBF, 0x8F, 0xFF, 0xFC, 0x1F, 0xFF, 0xE0, 0x3F, 0xFF,
    0x00, 0x1F, 0xE0, 0x00, 0x1E, 0x00, 0x00, 0x78, 0x00, 0x00, 0x03, 0xE0, 0x00, 0x00, 0x00, 0x7F,
    0xE0, 0x00, 0x00, 0x03, 0xFF, 0xF0, 0x00, 0x00, 0x3F, 0xFF, 0x80, 0x00, 0x01, 0xE3, 0xFC, 0x00,
    0x00, 0x0F, 0x03, 0xE0, 0x00, 0x00, 0x07, 0xC0, 0x00, 0x00, 0x00, 0x3F, 0x00, 0x00, 0x00, 0x01,
    0xF8, 0x00, 0x00, 0x00, 0x03, 0xC0, 0x00, 0x00, 0x00, 0x1E, 0x00, 0x00, 0x00, 0x01, 0xE0, 0x00,
    0x00, 0x00, 0x1E, 0x00, 0x00, 0x00, 0x00, 0xC0, 0x00, 0x00, 0x07, 0xE0, 0x07, 0xF0, 0x00, 0xFF,
    0xE0, 0xFF, 0xE0, 0x1F, 0xFF, 0x07, 0xFF, 0x80, 0xFF, 0xF0, 0x3F, 0xFE, 0x0F, 0xE1, 0x80, 0xC3,
    0xF8, 0xFE, 0x00, 0x00, 0x0F, 0xE7, 0xE0, 0x00, 0x00, 0x3F, 0x3F, 0x00, 0x00, 0x01, 0xFB, 0xF0,
    0x00, 0x00, 0x07, 0xFF, 0x80, 0x00, 0x00, 0x3F, 0xFC, 0x00, 0x00, 0x01, 0xFF, 0xE0, 0x00, 0x00,
    0x0F, 0xFF, 0x00, 0x00, 0x00, 0x7F, 0xF8, 0x03, 0xF0, 0x03, 0xFF, 0xC0, 0x1F, 0x80, 0x1F, 0xFE,
    0x00, 0xFC, 0x00, 0xFF, 0xF0, 0x07, 0xE0, 0x07, 0xFF, 0xC0, 0x3F, 0x00, 0x7F, 0x7E, 0x01, 0xF8,
    0x03, 0xF3, 0xF8, 0x0F, 0xC0, 0x3F, 0x9F, 0xC0, 0x7E, 0x03, 0xFC, 0x7F, 0x87, 0xF8, 0x3F, 0xC3,
    0xFF, 0xFF, 0xFF, 0xFE, 0x0F, 0xFF, 0xFF, 0xFF, 0xE0, 0x3F, 0xFF, 0xFF, 0xFE, 0x00, 0xFF, 0xF1,
    0xFF, 0xC0, 0x00, 0xFE, 0x03, 0xF8, 0x00, 0x00, 0x1F, 0x00, 0x00, 0x00, 0x7F, 0xE0, 0x00, 0x00,
    0x7F, 0xFE, 0x00, 0x00, 0xFF, 0xFE, 0x00, 0x00, 0xF1, 0xFE, 0x00, 0x00, 0xF0, 0x3E, 0x00, 0x00,
    0x07, 0x80, 0x00, 0x00, 0x0F, 0xC0, 0x00, 0x00, 0x0F, 0xC0, 0x00, 0x00, 0x03, 0xC0, 0x00, 0x00,
    0x03, 0xC0, 0x00, 0x00, 0x0F, 0x80, 0x00, 0x00, 0x0E, 0x00, 0x00, 0x00, 0x00, 0x00, 0x00, 0x03,
    0xF0, 0x0F, 0xC0, 0x0F, 0xFC, 0x3F, 0xF0, 0x1F, 0xF8, 0x1F, 0xF8, 0x3F, 0xF8, 0x1F, 0xFC, 0x7F,
    0x10, 0x08, 0xFE, 0x7E, 0x00, 0x00, 0x7E, 0xFE, 0x00, 0x00, 0x7F, 0xFC, 0x00, 0x00, 0x3F, 0xFC,
    0x00, 0x00, 0x3F, 0xFC, 0x00, 0x00, 0x3F, 0xFC, 0x07, 0xE0, 0x3F, 0xFC, 0x07, 0xE0, 0x3F, 0xFC,
    0x07, 0xE0, 0x3F, 0xFC, 0x07, 0xE0, 0x3F, 0xFE, 0x07, 0xE0, 0x7F, 0x7E, 0x07, 0xE0, 0x7E, 0x7F,
    0x0F, 0xF0, 0xFE, 0x3F, 0xFF, 0xFF, 0xFC, 0x3F, 0xFF, 0xFF, 0xFC, 0x0F, 0xFC, 0x7F, 0xF0, 0x03,
    0xF0, 0x1F, 0xC0, 0x00, 0x3F, 0xFF, 0x80, 0x00, 0x0F, 0xFF, 0xE0, 0x00, 0x03, 0xFF, 0xF8, 0x00,
    0x00, 0x63, 0x8C, 0x00, 0x00, 0x10, 0x43, 0x00, 0x00, 0x00, 0x00, 0x00, 0x00, 0x00, 0x00, 0x00,
    0x03, 0xF0, 0x0F, 0xC0, 0x3F, 0xFC, 0x03, 0xF0, 0x0F, 0xFF, 0x00, 0xFC, 0x03, 0xFF, 0xC0, 0x3F,
    0x00, 0xFF, 0xF0, 0x0F, 0xC0, 0x3F, 0xFC, 0x03, 0xF0, 0x0F, 0xDF, 0x80, 0x7E, 0x03, 0xF7, 0xE0,
    0x1F, 0x80, 0xFD, 0xF8, 0x07, 0xE0, 0x3E, 0x7E, 0x03, 0xF8, 0x0F, 0x9F, 0x80, 0xFE, 0x07, 0xE3,
    0xF0, 0x3F, 0x81, 0xF8, 0xFC, 0x1F, 0xF0, 0x7E, 0x3F, 0x07, 0xFC, 0x1F, 0x8F, 0xC1, 0xFF, 0x07,
    0xC1, 0xF8, 0xFF, 0xE1, 0xF0, 0x7E, 0x3F, 0xF8, 0xFC, 0x1F, 0x8F, 0xFE, 0x3E, 0x03, 0xF3, 0xCF,
    0xCF, 0x80, 0xFD, 0xF3, 0xF3, 0xE0, 0x1F, 0xFC, 0x7D, 0xF0, 0x07, 0xFE, 0x1F, 0xFC, 0x00, 0xFF,
    0x83, 0xFE, 0x00, 0x3F, 0xE0, 0xFF, 0x80, 0x07, 0xF8, 0x1F, 0xC0, 0x01, 0xFC, 0x07, 0xF0, 0x00,
    0x3F, 0x00, 0xF8, 0x00, 0x00, 0xFF, 0xFE, 0x00, 0x01, 0xFF, 0xFC, 0x00, 0x03, 0xFF, 0xF8, 0x00,
    0x03, 0x1C, 0x60, 0x00, 0x06, 0x10, 0x40, 0x00, 0x00, 0x00, 0x00, 0x00, 0x00, 0x00, 0x00, 0x7E,
    0x03, 0xF0, 0x3F, 0xFC, 0x07, 0xE0, 0x7F, 0xF8, 0x0F, 0xC0, 0xFF, 0xF0, 0x1F, 0x81, 0xFF, 0xE0,
    0x3F, 0x03, 0xF7, 0xC0, 0x7E, 0x07, 0xEF, 0xC0, 0x7E, 0x0F, 0x9F, 0x80, 0xFC, 0x3F, 0x3F, 0x01,
    0xF8, 0x7E, 0x3E, 0x07, 0xF0, 0xFC, 0x7E, 0x0F, 0xE1, 0xF0, 0xFC, 0x3F, 0xE3, 0xE0, 0xF8, 0x7F,
    0xCF, 0xC1, 0xF9, 0xFF, 0x9F, 0x01, 0xF3, 0xDF, 0x3E, 0x03, 0xEF, 0x9F, 0xF8, 0x07, 0xFE, 0x3F,
    0xF0, 0x07, 0xFC, 0x3F, 0xC0, 0x07, 0xF0, 0x7F, 0x80, 0x0F, 0xE0, 0x7E, 0x00, 0x0F, 0x80, 0x7C,
    0x00, 0x00, 0x7F, 0x80, 0x07, 0xFF, 0xE0, 0x7F, 0xFF, 0xC3, 0xFF, 0xFE, 0x1F, 0xFF, 0xF8, 0xFF,
    0x81, 0xC3, 0xF8, 0x01, 0x1F, 0xC0, 0x00, 0x7E, 0x00, 0x03, 0xF8, 0x00, 0x0F, 0xC0, 0x00, 0x3F,
    0x00, 0x00, 0xFC, 0x00, 0x03, 0xF0, 0x00, 0x0F, 0xC0, 0x00, 0x3F, 0x00, 0x00, 0xFC, 0x00, 0x03,
    0xF8, 0x00, 0x07, 0xE0, 0x00, 0x1F, 0xC0, 0x00, 0x7F, 0x00, 0x00, 0xFF, 0x00, 0x83, 0xFF, 0xFE,
    0x07, 0xFF, 0xF8, 0x0F, 0xFF, 0xE0, 0x0F, 0xFF, 0x80, 0x07, 0xFE, 0x00, 0x01, 0xF8, 0x00, 0x07,
    0xE0, 0x00, 0x1F, 0x80, 0x00, 0x7E, 0x00, 0x01, 0xF8, 0x00, 0x07, 0xE0, 0x00, 0x1F, 0x80, 0x00,
    0x7E, 0x00, 0x01, 0xF8, 0x03, 0xFC, 0x07, 0xFF, 0xC7, 0xFF, 0xC7, 0xFF, 0xE7, 0xF0, 0x73, 0xF0,
    0x03, 0xF8, 0x01, 0xF8, 0x00, 0xFC, 0x00, 0x7E, 0x00, 0x3F, 0x00, 0x1F, 0x80, 0x0F, 0xC0, 0x07,
    0xE0, 0x03, 0xF8, 0x00, 0xFC, 0x00, 0x7F, 0x02, 0x1F, 0xFF, 0x0F, 0xFF, 0x83, 0xFF, 0xC0, 0x7F,
    0xE0, 0x03, 0xF0, 0x01, 0xF8, 0x00, 0xFC, 0x00, 0x7E, 0x00, 0x3F, 0x00, 0x1F, 0x80, 0x0F, 0xC0,
    0x07, 0xE0, 0x03, 0xF0, 0x00, 0x00, 0x00, 0x00, 0x70, 0x00, 0x1E, 0x01, 0x03, 0x80, 0x78, 0xE0,
    0x0F, 0xDC, 0x00, 0x7F, 0x00, 0x03, 0xE0, 0x00, 0x3F, 0x00, 0x0F, 0xF0, 0x01, 0xCF, 0x80, 0x70,
    0x66, 0x0E, 0x05, 0xE3, 0x80, 0x1F, 0x70, 0x00, 0xFC, 0x00, 0x0F, 0xC0, 0x00, 0xFC, 0x00, 0x3B,
    0xE0, 0x07, 0x3E, 0x01, 0xC1, 0x80, 0x78, 0x00, 0x0E, 0x00, 0x00, 0xC0, 0x00, 0x00, 0x08, 0x00,
    0x39, 0xFF, 0xF7, 0xFF, 0xEF, 0xFF, 0xDE, 0x00, 0x00, 0x00, 0x00, 0x01, 0xF8, 0x1F, 0xFB, 0xFF,
    0xFF, 0xFF, 0xFF, 0xF1, 0xFF, 0x01, 0xC0, 0x7B, 0xFF, 0xFC, 0xF1, 0xF1, 0xC0, 0x7B, 0xFF, 0xCF,
    0x3F, 0xEE, 0x00, 0x3F, 0x00, 0xFF, 0xC3, 0xFF, 0xFF, 0xFF, 0xFF, 0x1F, 0xFC, 0x07, 0xC0, 0x00,
    0x00, 0x1F, 0x00, 0x00, 0x00, 0x00, 0x07, 0xF0, 0x00, 0x00, 0x00, 0x01, 0x83, 0x00, 0x00, 0x00,
    0x00, 0x30, 0x60, 0x00, 0x00, 0x00, 0x00, 0x00, 0x00, 0x00, 0x00, 0x00, 0x00, 0x00, 0x00, 0x00,
    0x00, 0x00, 0x00, 0x00, 0x00, 0x1F, 0x00, 0x00, 0x07, 0xC0, 0x07, 0xF8, 0x00, 0x01, 0xFC, 0x00,
    0xC3, 0x00, 0x00, 0x61, 0xC0, 0x30, 0x30, 0x00, 0x0C, 0x18, 0x00, 0x00, 0x00, 0x00, 0x00, 0x00,
    0x00, 0x00, 0x00, 0x00, 0x00, 0x00, 0x00, 0x00, 0x00, 0x00, 0x00, 0x00, 0x00, 0x00, 0x00, 0x00,
    0x00, 0x00, 0x00, 0x00, 0x00, 0x00, 0x00, 0x00, 0x00, 0x00, 0x00, 0x00, 0x00, 0x00, 0x00, 0x00,
    0xF8, 0x00, 0x00, 0x00, 0x3E, 0x3F, 0xC0, 0x00, 0x00, 0x0F, 0xE6, 0x18, 0x00, 0x00, 0x03, 0x06,
    0x81, 0x80, 0x00, 0x00, 0x60, 0xC0, 0x00, 0x00, 0x00, 0x00, 0x00, 0x00, 0x00, 0x00, 0x00, 0x00,
    0x00, 0x00, 0x00, 0x00, 0x00, 0x00, 0x00, 0x00, 0x00, 0x00, 0x00, 0x00, 0x00, 0x00, 0x00, 0x00,
    0x00, 0x00, 0x00, 0x00, 0x00, 0x00, 0x00, 0x00, 0x00, 0x00, 0x00, 0x07, 0xC0, 0x00, 0x01, 0xF0,
    0x01, 0xFE, 0x00, 0x00, 0x7F, 0x00, 0x30, 0xC0, 0x00, 0x18, 0x70, 0x0C, 0x0C, 0x00, 0x03, 0x06,
    0x00, 0x00, 0x00, 0x00, 0x00, 0x00, 0x00, 0x00, 0x00, 0x00, 0x00, 0x00, 0x00, 0x0F, 0x80, 0x00,
    0x00, 0x00, 0x03, 0xF8, 0x00, 0x00, 0x00, 0x00, 0xC1, 0x80, 0x00, 0x00, 0x00, 0x18, 0x30, 0x00,
    0x00, 0x00, 0x00, 0x06, 0x00, 0x00, 0x00, 0x00, 0x07, 0x00, 0x00, 0x00, 0x00, 0x03, 0x00, 0x00,
    0x00, 0x00, 0x03, 0x80, 0x00, 0x00, 0x00, 0x01, 0xC0, 0x00, 0x00, 0x08, 0x00, 0xE0, 0x00, 0x00,
    0x06, 0x00, 0xF0, 0x00, 0x00, 0x03, 0x00, 0x70, 0x00, 0x40, 0x01, 0xC0, 0x00, 0x01, 0xF0, 0x00,
    0x70, 0x00, 0x03, 0xF0, 0x00, 0x38, 0x00, 0x03, 0xE0, 0x00, 0x0E, 0x00, 0x00, 0xE0, 0x00, 0x06,
    0x00, 0x00, 0x00, 0x00, 0x00, 0x00, 0x00, 0x00, 0x00, 0x00, 0x00, 0x00, 0x00, 0x00, 0x00, 0x00,
    0x00, 0x00, 0x00, 0x00, 0x00, 0x00, 0x00, 0x00, 0x00, 0x00, 0x00, 0x00, 0x00, 0x00, 0x00, 0x00,
    0x00, 0x00, 0x1E, 0x00, 0x00, 0x00, 0x0E, 0x0F, 0xF0, 0x00, 0x00, 0x07, 0xE1, 0xF8, 0x00, 0x00,
    0x03, 0xFC, 0x1C, 0x00, 0x00, 0x00, 0x3E, 0x00, 0x00, 0x00, 0x00, 0x00, 0x00, 0x00, 0x00, 0x00,
    0x00, 0x00, 0x00, 0x00, 0x00, 0x00, 0x00, 0x00, 0x00, 0x00, 0x00, 0x00, 0x00, 0x00, 0x00, 0x00,
    0x00, 0x00, 0x00, 0x00, 0x00, 0x00, 0x00, 0x00, 0x00, 0x10, 0x00, 0x00, 0x80, 0x00, 0x0C, 0x00,
    0x00, 0xE0, 0x00, 0x0E, 0x00, 0x00, 0xF8, 0x00, 0x03, 0x80, 0x01, 0xF8, 0x00, 0x01, 0xC0, 0x01,
    0xF0, 0x03, 0x80, 0x70, 0x00, 0x40, 0x03, 0xC0, 0x38, 0x00, 0x00, 0x01, 0xC0, 0x0C, 0x00, 0x00,
    0x00, 0xE0, 0x02, 0x00, 0x00, 0x00, 0x70, 0x00, 0x00, 0x00, 0x00, 0x30, 0x00, 0x00, 0x00, 0x00,
    0x38, 0x00, 0x00, 0x00, 0x00, 0x18, 0x00, 0x00, 0x00, 0x1F, 0x00, 0xF8, 0x00, 0x7C, 0x03, 0xE0,
    0x01, 0xF8, 0x1F, 0x00, 0x03, 0xE0, 0xFC, 0x00, 0x0F, 0xFF, 0xE0, 0x00, 0x1F, 0xFF, 0x00, 0x00,
    0x1F, 0xF0, 0x00, 0x00, 0x00, 0x00, 0x00, 0x00, 0x00, 0x00, 0x03, 0xE0, 0x01, 0xFC, 0x0F, 0x80,
    0x0F, 0xF0, 0x3E, 0x00, 0x3F, 0xC0, 0xF8, 0x01, 0xFF, 0x03, 0xE0, 0x0F, 0xFC, 0x0F, 0x80, 0x3F,
    0xF0, 0x3E, 0x01, 0xFF, 0xC0, 0xF8, 0x07, 0xDF, 0x03, 0xE0, 0x3F, 0x7C, 0x0F, 0x81, 0xF9, 0xF0,
    0x3E, 0x07, 0xE7, 0xC0, 0xF8, 0x3F, 0x1F, 0x03, 0xE0, 0xF8, 0x7C, 0x0F, 0x87, 0xE1, 0xF0, 0x3E,
    0x3F, 0x07, 0xC0, 0xF8, 0xFC, 0x1F, 0x03, 0xE7, 0xE0, 0x7C, 0x0F, 0x9F, 0x01, 0xF0, 0x3E, 0xFC,
    0x07, 0xC0, 0xFF, 0xE0, 0x1F, 0x03, 0xFF, 0x80, 0x7C, 0x0F, 0xFC, 0x01, 0xF0, 0x3F, 0xE0, 0x07,
    0xFF, 0xFF, 0x80, 0x1F, 0xFF, 0xFC, 0x00, 0x7F, 0xEF, 0xF0, 0x01, 0xFF, 0xBF, 0x80, 0x07, 0xFE,
    0x00, 0x00, 0x00, 0xF8, 0x00, 0x00, 0x07, 0xC0, 0x00, 0x00, 0x1F, 0x00, 0x00, 0x00, 0xFC, 0x00,
    0x00, 0x03, 0xF0, 0x00, 0x00, 0x0F, 0x80, 0x00, 0x00, 0x7E, 0x00, 0x00, 0x01, 0xF8, 0x3E, 0x03,
    0xE0, 0x0F, 0x80, 0xF8, 0x03, 0xF0, 0x7E, 0x00, 0x7C, 0x3F, 0x00, 0x1F, 0xFF, 0xC0, 0x03, 0xFF,
    0xE0, 0x00, 0x3F, 0xE0, 0x00, 0x00, 0x00, 0x00, 0x00, 0x00, 0x00, 0x3F, 0x00, 0xFE, 0x0F, 0xC0,
    0x7F, 0x83, 0xF0, 0x3F, 0xE0, 0xFC, 0x0F, 0xF8, 0x3F, 0x07, 0xFE, 0x0F, 0xC1, 0xFF, 0x83, 0xF0,
    0xFF, 0xE0, 0xFC, 0x3F, 0xF8, 0x3F, 0x1F, 0x7E, 0x0F, 0xC7, 0xDF, 0x83, 0xF3, 0xE7, 0xE0, 0xFD,
    0xF9, 0xF8, 0x3F, 0x7C, 0x7E, 0x0F, 0xFE, 0x1F, 0x83, 0xFF, 0x87, 0xE0, 0xFF, 0xC1, 0xF8, 0x3F,
    0xF0, 0x7E, 0x0F, 0xF8, 0x1F, 0xFF, 0xFE, 0x07, 0xFF, 0xFF, 0x01, 0xFF, 0xFF, 0x80, 0x7F, 0xF0,
    0x00, 0x00, 0x78, 0x00, 0x00, 0x3E, 0x00, 0x00, 0x0F, 0x80, 0x00, 0x03, 0xE0, 0x00, 0x01, 0xF0,
    0x00, 0x00, 0x7C, 0x00, 0x00, 0x3F, 0x00, 0x3F, 0x00, 0x01, 0xF8, 0x00, 0x0F, 0xC0, 0x01, 0xFF,
    0xF8, 0x0F, 0xFF, 0xC0, 0x7F, 0xFE, 0x03, 0xFF, 0xF0, 0x07, 0xE0, 0x00, 0x3F, 0x00, 0x01, 0xF8,
    0x00, 0x0F, 0xC0, 0x00, 0x7F, 0xFC, 0x03, 0xFF, 0xF8, 0x1F, 0xFF, 0xF0, 0xFF, 0xFF, 0xC7, 0xE0,
    0xFE, 0x3F, 0x03, 0xF9, 0xF8, 0x0F, 0xCF, 0xC0, 0x7E, 0x7E, 0x03, 0xF3, 0xF0, 0x1F, 0x9F, 0x81,
    0xFC, 0xFC, 0x1F, 0xC7, 0xFF, 0xFE, 0x3F, 0xFF, 0xE1, 0xFF, 0xFC, 0x0F, 0xFF, 0x80, 0x1F, 0x80,
    0x00, 0x7E, 0x00, 0x01, 0xF8, 0x00, 0x07, 0xE0, 0x00, 0xFF, 0xFE, 0x03, 0xFF, 0xF8, 0x0F, 0xFF,
    0xE0, 0x3F, 0xFF, 0x80, 0x1F, 0x80, 0x00, 0x7E, 0x00, 0x01, 0xF8, 0x00, 0x07, 0xE0, 0x00, 0x1F,
    0x80, 0x00, 0x7E, 0x00, 0x01, 0xF8, 0x00, 0x07, 0xE0, 0x00, 0x1F, 0xFF, 0x80, 0x7F, 0xFF, 0xC1,
    0xFF, 0xFF, 0x87, 0xFF, 0xFE, 0x1F, 0x81, 0xFC, 0x7E, 0x03, 0xF1, 0xF8, 0x0F, 0xC7, 0xE0, 0x3F,
    0x1F, 0x81, 0xFC, 0x7F, 0xFF, 0xE1, 0xFF, 0xFF, 0x87, 0xFF, 0xF8, 0x1F, 0xFF, 0x80, 0xFF, 0xF8,
    0x1F, 0xFF, 0xE3, 0xFF, 0xFE, 0x7F, 0xFF, 0xEF, 0xC1, 0xFD, 0xF8, 0x1F, 0xFF, 0x01, 0xFF, 0xE0,
    0x3F, 0xFC, 0x07, 0xFF, 0x8C, 0xFF, 0xF3, 0xDF, 0xFE, 0x7F, 0xFF, 0xC7, 0xFD, 0xFF, 0xFF, 0xBF,
    0xFF, 0xE7, 0xFF, 0xF0, 0xFF, 0xFF, 0x1F, 0x80, 0xF3, 0xF0, 0x1C, 0x7E, 0x01, 0x0F, 0xC0, 0x01,
    0xF8, 0x00, 0x3F, 0x00, 0x07, 0xE0, 0x00, 0xFC, 0x00, 0x1F, 0x80, 0x03, 0xF0, 0x00, 0x00, 0xF8,
    0x7C, 0x1F, 0x3F, 0xE3, 0xFF, 0xFE, 0x7F, 0xFF, 0xCF, 0xF1, 0xFD, 0xFC, 0x1F, 0xBF, 0x01, 0xFF,
    0xE0, 0x3F, 0xFC, 0x07, 0xFF, 0x80, 0xFF, 0xF0, 0x1F, 0xFE, 0x03, 0xFF, 0xC3, 0x7F, 0xF8, 0xEF,
    0xFF, 0x1F, 0xFF, 0xF3, 0xFE, 0xFF, 0x3F, 0xDF, 0xFF, 0xF3, 0xFF, 0xFE, 0x7E, 0xFF, 0xCF, 0xCF,
    0xFD, 0xF8, 0x0F, 0x3F, 0x00, 0xC7, 0xE0, 0x00, 0xFC, 0x00, 0x1F, 0x80, 0x03, 0xF0, 0x00, 0x7E,
    0x00, 0x0F, 0xC0, 0x01, 0xF8, 0x00, 0x00, 0x00, 0x0F, 0xC0, 0x03, 0xF0, 0x00, 0xFC, 0x00, 0x3F,
    0x00, 0x0F, 0xC0, 0x03, 0xFF, 0xFF, 0xFF, 0xFF, 0xFF, 0xFF, 0xFF, 0xFF, 0xFF, 0xFF, 0xFF, 0xFF,
    0xF0, 0x00, 0xFC, 0x00, 0x3F, 0x00, 0x0F, 0xC0, 0x03, 0xF0, 0x00, 0xFC, 0x00, 0x3F, 0x00, 0x0F,
    0xC0, 0x03, 0xF0, 0x00, 0xFC, 0x00, 0x3F, 0x00, 0x0F, 0xC0, 0x03, 0xF0, 0x00, 0xFC, 0x00, 0x3F,
    0x00, 0x0F, 0xC0, 0x03, 0xF0, 0x00, 0xFC, 0x00, 0x3F, 0x00, 0x0F, 0xC0, 0x03, 0xF0, 0x00, 0xFC,
    0x00, 0x00, 0x00, 0xFC, 0x03, 0xF0, 0x0F, 0xC0, 0x3F, 0x00, 0xFC, 0x03, 0xFF, 0xFF, 0xFF, 0xFF,
    0xFF, 0xFF, 0xFF, 0xFF, 0xC0, 0x3F, 0x00, 0xFC, 0x03, 0xF0, 0x0F, 0xC0, 0x3F, 0x00, 0xFC, 0x03,
    0xF0, 0x0F, 0xC0, 0x3F, 0x00, 0xFC, 0x03, 0xF0, 0x0F, 0xC0, 0x3F, 0x00, 0xFC, 0x03, 0xF0, 0x0F,
    0xC0, 0x00, 0x1F, 0xFF, 0xFE, 0x3F, 0xFF, 0xFC, 0x7F, 0xFF, 0xF8, 0xFF, 0xFF, 0xF1, 0xFF, 0xFF,
    0xE3, 0xF0, 0x00, 0x07, 0xE0, 0x00, 0x0F, 0xC0, 0x00, 0x1F, 0x80, 0x00, 0x3F, 0x00, 0x00, 0x7E,
    0x00, 0x00, 0xFC, 0x00, 0x0F, 0xFF, 0xF8, 0x1F, 0xFF, 0xF0, 0x3F, 0xFF, 0xE0, 0x7F, 0xFF, 0xC0,
    0xFF, 0xFF, 0x80, 0x3F, 0x00, 0x00, 0x7E, 0x00, 0x00, 0xFC, 0x00, 0x01, 0xF8, 0x00, 0x03, 0xF0,
    0x00, 0x07, 0xE0, 0x00, 0x0F, 0xC0, 0x00, 0x1F, 0x80, 0x00, 0x3F, 0x00, 0x00, 0x7E, 0x00, 0x00,
    0x3F, 0xFF, 0x9F, 0xFF, 0xCF, 0xFF, 0xE7, 0xFF, 0xF3, 0xF0, 0x01, 0xF8, 0x00, 0xFC, 0x00, 0x7E,
    0x00, 0x3F, 0x00, 0x7F, 0xFC, 0x3F, 0xFE, 0x1F, 0xFF, 0x0F, 0xFF, 0x81, 0xF8, 0x00, 0xFC, 0x00,
    0x7E, 0x00, 0x3F, 0x00, 0x1F, 0x80, 0x0F, 0xC0, 0x07, 0xE0, 0x03, 0xF0, 0x00, 0xFF, 0xFF, 0x03,
    0xFF, 0xFC, 0x0F, 0xFF, 0xF0, 0x3F, 0xFF, 0xC0, 0xFC, 0x00, 0x03, 0xF0, 0x00, 0x0F, 0xC0, 0x00,
    0x3F, 0x00, 0x00, 0xFC, 0x00, 0x03, 0xF0, 0x00, 0x0F, 0xC0, 0x00, 0x3F, 0x00, 0x00, 0xFF, 0xFC,
    0x03, 0xFF, 0xFE, 0x0F, 0xFF, 0xFC, 0x3F, 0xFF, 0xF8, 0xFF, 0xFF, 0xF3, 0xF0, 0x3F, 0xCF, 0xC0,
    0x3F, 0xBF, 0x00, 0x7E, 0xFC, 0x01, 0xFF, 0xF0, 0x03, 0xFF, 0xC0, 0x0F, 0xFF, 0x00, 0x3F, 0xFC,
    0x00, 0xFF, 0xF0, 0x03, 0xFF, 0xC0, 0x0F, 0xC0, 0x00, 0x7F, 0x00, 0x01, 0xF8, 0x00, 0x0F, 0xE0,
    0x10, 0x7F, 0x80, 0x7F, 0xFC, 0x01, 0xFF, 0xF0, 0x07, 0xFF, 0x80, 0x1F, 0xF8, 0x00, 0x3F, 0x80,
    0xFF, 0xFE, 0x1F, 0xFF, 0xC3, 0xFF, 0xF8, 0x7F, 0xFF, 0x0F, 0xC0, 0x01, 0xF8, 0x00, 0x3F, 0x00,
    0x07, 0xE0, 0x00, 0xFC, 0x00, 0x1F, 0xFE, 0x03, 0xFF, 0xF0, 0x7F, 0xFF, 0x8F, 0xFF, 0xF9, 0xFF,
    0xFF, 0x3F, 0x0F, 0xF7, 0xE0, 0x7E, 0xFC, 0x0F, 0xFF, 0x80, 0xFF, 0xF0, 0x1F, 0xFE, 0x03, 0xFF,
    0xC0, 0x7E, 0x00, 0x0F, 0xC0, 0x03, 0xF8, 0x00, 0x7F, 0x04, 0x1F, 0xC0, 0xFF, 0xF8, 0x1F, 0xFE,
    0x03, 0xFF, 0x80, 0x7F, 0xE0, 0x07, 0xF0, 0x00, 0x7F, 0x00, 0xFC, 0x03, 0xF8, 0x7F, 0x80, 0xFC,
    0x07, 0xF0, 0x3F, 0x80, 0xFC, 0x0F, 0xF0, 0x1F, 0xC0, 0xFC, 0x0F, 0xE0, 0x0F, 0xE0, 0xFC, 0x1F,
    0xC0, 0x0F, 0xF0, 0xFC, 0x3F, 0x80, 0x07, 0xF0, 0xFC, 0x3F, 0x80, 0x03, 0xF8, 0xFC, 0x7F, 0x00,
    0x01, 0xFC, 0xFC, 0xFE, 0x00, 0x01, 0xFC, 0xFD, 0xFC, 0x00, 0x00, 0xFE, 0xFD, 0xFC, 0x00, 0x00,
    0x7F, 0xFF, 0xF8, 0x00, 0x00, 0x7F, 0xFF, 0xF0, 0x00, 0x00, 0x3F, 0xFF, 0xF0, 0x00, 0x00, 0x7F,
    0xFF, 0xF8, 0x00, 0x00, 0xFF, 0xFF, 0xF8, 0x00, 0x00, 0xFE, 0xFD, 0xFC, 0x00, 0x01, 0xFC, 0xFC,
    0xFE, 0x00, 0x03, 0xF8, 0xFC, 0x7F, 0x00, 0x07, 0xF8, 0xFC, 0x7F, 0x00, 0x07, 0xF0, 0xFC, 0x3F,
    0x80, 0x0F, 0xE0, 0xFC, 0x1F, 0xC0, 0x1F, 0xC0, 0xFC, 0x1F, 0xC0, 0x1F, 0xC0, 0xFC, 0x0F, 0xFF,
    0x3F, 0x80, 0xFC, 0x07, 0xFF, 0x7F, 0x00, 0xFC, 0x07, 0xFF, 0xFF, 0x00, 0xFC, 0x03, 0xFF, 0x00,
    0x00, 0x00, 0x00, 0x3F, 0x00, 0x00, 0x00, 0x00, 0x3F, 0x00, 0x00, 0x00, 0x00, 0x3F, 0x00, 0x00,
    0x00, 0x00, 0x3F, 0x00, 0x00, 0x00, 0x00, 0x3F, 0x00, 0x00, 0x00, 0x00, 0x3F, 0x7F, 0x03, 0xF0,
    0x3F, 0x8F, 0xE0, 0x7E, 0x07, 0xF0, 0xFE, 0x0F, 0xC1, 0xFC, 0x0F, 0xE1, 0xF8, 0x7F, 0x00, 0xFE,
    0x3F, 0x1F, 0xC0, 0x0F, 0xC7, 0xE3, 0xF0, 0x01, 0xFC, 0xFC, 0xFE, 0x00, 0x1F, 0xDF, 0xBF, 0x80,
    0x01, 0xFF, 0xFF, 0xE0, 0x00, 0x1F, 0xFF, 0xF8, 0x00, 0x00, 0x0F, 0xC0, 0x00, 0x00, 0x7F, 0xFF,
    0xE0, 0x00, 0x1F, 0xFF, 0xFE, 0x00, 0x07, 0xF7, 0xEF, 0xE0, 0x01, 0xFC, 0xFC, 0xFE, 0x00, 0x7F,
    0x1F, 0x8F, 0xE0, 0x0F, 0xC3, 0xF0, 0xFC, 0x03, 0xF8, 0x7E, 0x1F, 0xC0, 0xFE, 0x0F, 0xC1, 0xFF,
    0xBF, 0x81, 0xF8, 0x1F, 0xFF, 0xE0, 0x3F, 0x01, 0xFE, 0x00, 0x00, 0x00, 0x0F, 0xC0, 0x00, 0x00,
    0x01, 0xF8, 0x00, 0x00, 0x00, 0x3F, 0x00, 0x00, 0x00, 0x07, 0xE0, 0x00, 0x00, 0x00, 0xFC, 0x00,
    0x00, 0x00, 0x1F, 0x80, 0x0F, 0xF8, 0x0F, 0xFF, 0xC1, 0xFF, 0xFC, 0x3F, 0xFF, 0xC7, 0x83, 0xFC,
    0x00, 0x1F, 0x80, 0x03, 0xF0, 0x00, 0x7E, 0x00, 0x0F, 0xC0, 0x03, 0xF0, 0x00, 0xFE, 0x07, 0xFF,
    0x80, 0xFF, 0x80, 0x1F, 0xFC, 0x03, 0xFF, 0xE0, 0x01, 0xFE, 0x00, 0x0F, 0xC0, 0x00, 0xFC, 0x00,
    0x1F, 0x80, 0x03, 0xF0, 0x00, 0x7F, 0x00, 0x1F, 0xFC, 0x07, 0xF7, 0xFF, 0xFE, 0xFF, 0xFF, 0x9F,
    0xFF, 0xC0, 0x7F, 0xE0, 0x00, 0x78, 0x00, 0x07, 0x80, 0x00, 0x70, 0x00, 0x0F, 0x00, 0x01, 0xE0,
    0x01, 0xFC, 0x00, 0x3F, 0x80, 0x07, 0xE0, 0x00, 0xF8, 0x00, 0x1F, 0xF0, 0xFF, 0xFC, 0xFF, 0xFE,
    0x7F, 0xFF, 0x70, 0x7F, 0x00, 0x3F, 0x00, 0x3F, 0x00, 0x3F, 0x00, 0x7E, 0x1F, 0xFC, 0x1F, 0xF0,
    0x1F, 0xFC, 0x1F, 0xFE, 0x00, 0x7F, 0x00, 0x3F, 0x00, 0x3F, 0xC0, 0x7F, 0xFF, 0xFF, 0xFF, 0xFE,
    0xFF, 0xFC, 0x3F, 0xE0, 0x03, 0xC0, 0x01, 0xE0, 0x00, 0xE0, 0x00, 0xF0, 0x00, 0xF0, 0x07, 0xF0,
    0x07, 0xF0, 0x07, 0xE0, 0x07, 0xC0, 0xFC, 0x01, 0xFC, 0x7E, 0x00, 0xFC, 0x3F, 0x00, 0xFE, 0x1F,
    0x80, 0xFE, 0x0F, 0xC0, 0xFE, 0x07, 0xE0, 0x7E, 0x03, 0xF0, 0x7E, 0x01, 0xF8, 0x7F, 0x00, 0xFC,
    0x7F, 0x00, 0x7E, 0x7F, 0x00, 0x3F, 0x3F, 0x00, 0x1F, 0xBF, 0x00, 0x0F, 0xFF, 0x80, 0x07, 0xE0,
    0x00, 0x03, 0xFF, 0xE0, 0x01, 0xFB, 0xF0, 0x00, 0xFC, 0xFC, 0x00, 0x7E, 0x3F, 0x00, 0x3F, 0x1F,
    0xC0, 0x1F, 0x87, 0xF0, 0x0F, 0xC1, 0xFC, 0x07, 0xE0, 0x7E, 0x03, 0xF0, 0x1F, 0x81, 0xF8, 0x0F,
    0xFF, 0xFC, 0x03, 0xFF, 0xFE, 0x00, 0xFF, 0xFF, 0x00, 0x3F, 0xE0, 0x00, 0x03, 0xF0, 0x00, 0x01,
    0xF8, 0x00, 0x00, 0xFC, 0x00, 0x00, 0x7E, 0x00, 0x00, 0x3F, 0x00, 0x00, 0x1F, 0x80, 0xFC, 0x07,
    0xF3, 0xF0, 0x3F, 0x8F, 0xC0, 0xFC, 0x3F, 0x07, 0xE0, 0xFC, 0x3F, 0x83, 0xF1, 0xFC, 0x0F, 0xCF,
    0xE0, 0x3F, 0x3F, 0x00, 0xFD, 0xF8, 0x03, 0xFF, 0xE0, 0x0F, 0xC0, 0x00, 0x3F, 0xFE, 0x00, 0xFD,
    0xF8, 0x03, 0xF3, 0xF0, 0x0F, 0xC7, 0xE0, 0x3F, 0x1F, 0xC0, 0xFC, 0x3F, 0x83, 0xF0, 0x7F, 0x0F,
    0xC0, 0xFF, 0xFF, 0x01, 0xFF, 0xFC, 0x07, 0xFC, 0x00, 0x03, 0xF0, 0x00, 0x0F, 0xC0, 0x00, 0x3F,
    0x00, 0x00, 0xFC, 0x00, 0x03, 0xF0, 0x00, 0x0F, 0xC0, 0xFC, 0x01, 0xFB, 0xF0, 0x0F, 0xEF, 0xC0,
    0x3F, 0x3F, 0x39, 0xF8, 0xFC, 0xEF, 0xE3, 0xF3, 0xBF, 0x0F, 0xCF, 0xF8, 0x3F, 0x3F, 0xC0, 0xFC,
    0xFF, 0x03, 0xF3, 0xF8, 0x0F, 0xCF, 0xC0, 0x3F, 0x7F, 0x00, 0xFD, 0xF8, 0x03, 0xFF, 0xC0, 0x0F,
    0xDF, 0x80, 0x3F, 0x7F, 0x00, 0xFC, 0xFE, 0x03, 0xF3, 0xF8, 0x0F, 0xCF, 0xF0, 0x3F, 0x3F, 0xE0,
    0xFC, 0xFF, 0x83, 0xF3, 0xBF, 0x0F, 0xCE, 0xFE, 0x3F, 0x39, 0xFC, 0xFC, 0x03, 0xF3, 0xF0, 0x07,
    0xEF, 0xC0, 0x1F, 0xC0, 0xFC, 0x07, 0xEF, 0xC0, 0xFC, 0xFD, 0xCF, 0xCF, 0xDD, 0xF8, 0xFD, 0xFF,
    0x0F, 0xDF, 0xE0, 0xFD, 0xFC, 0x0F, 0xDF, 0xC0, 0xFD, 0xF8, 0x0F, 0xDF, 0x00, 0xFF, 0xF0, 0x0F,
    0xDF, 0x80, 0xFD, 0xF8, 0x0F, 0xDF, 0xC0, 0xFD, 0xFE, 0x0F, 0xDF, 0xF0, 0xFD, 0xFF, 0x8F, 0xDD,
    0xF8, 0xFD, 0xCF, 0xCF, 0xC0, 0x7E, 0xFC, 0x07, 0xF0, 0x3F, 0x00, 0x7E, 0x3F, 0x00, 0xFE, 0x3F,
    0x00, 0xFC, 0xFF, 0xE1, 0xF8, 0xFF, 0xE3, 0xF0, 0xFF, 0xE3, 0xF0, 0xFF, 0xE7, 0xE0, 0x3F, 0x0F,
    0xC0, 0x3F, 0x0F, 0xC0, 0x3F, 0x1F, 0x80, 0x3F, 0xFF, 0x00, 0x3F, 0xFF, 0x00, 0x3F, 0xFE, 0x00,
    0x3F, 0xFF, 0x00, 0x3F, 0xFF, 0x00, 0x3F, 0x1F, 0x80, 0x3F, 0x1F, 0xC0, 0x3F, 0x0F, 0xC0, 0x3F,
    0x07, 0xE0, 0x3F, 0x07, 0xF0, 0x3F, 0x03, 0xF0, 0x3F, 0x03, 0xF8, 0x3F, 0x01, 0xFC, 0x3F, 0x00,
    0xFC, 0x3F, 0x00, 0xFE, 0x3F, 0x00, 0x7E, 0x3F, 0x00, 0x3F, 0x1F, 0x80, 0x00, 0x3F, 0x00, 0x03,
    0xFF, 0xF0, 0x07, 0xFF, 0xE0, 0x0F, 0xFF, 0xC0, 0x1F, 0xFF, 0x80, 0x07, 0xE0, 0x00, 0x0F, 0xC0,
    0x7E, 0x1F, 0x81, 0xFC, 0x3F, 0x03, 0xF0, 0x7E, 0x0F, 0xC0, 0xFC, 0x3F, 0x01, 0xF8, 0xFC, 0x03,
    0xF1, 0xF8, 0x07, 0xE7, 0xE0, 0x0F, 0xDF, 0x80, 0x1F, 0xBE, 0x00, 0x3F, 0xFC, 0x00, 0x7E, 0xFC,
    0x00, 0xFC, 0xFC, 0x01, 0xF9, 0xF8, 0x03, 0xF1, 0xF8, 0x07, 0xE1, 0xF8, 0x0F, 0xC1, 0xF8, 0x1F,
    0x83, 0xF8, 0x3F, 0x03, 0xF0, 0x7E, 0x03, 0xF0, 0xFC, 0x03, 0xF0, 0xFF, 0xF0, 0x07, 0xEF, 0xFF,
    0x00, 0xFE, 0xFF, 0xF0, 0x0F, 0xCF, 0xFF, 0x01, 0xF8, 0xFF, 0xF0, 0x3F, 0x00, 0x3F, 0x03, 0xF0,
    0x03, 0xF0, 0x7E, 0x00, 0x3F, 0x0F, 0xC0, 0x03, 0xF1, 0xF8, 0x00, 0x3F, 0x1F, 0x80, 0x03, 0xF3,
    0xF0, 0x00, 0x3F, 0x7E, 0x00, 0x03, 0xF7, 0xC0, 0x00, 0x3F, 0xFC, 0x00, 0x03, 0xF7, 0xE0, 0x00,
    0x3F, 0x7F, 0x00, 0x03, 0xF3, 0xF0, 0x00, 0x3F, 0x1F, 0x80, 0x03, 0xF0, 0xFC, 0x00, 0x3F, 0x0F,
    0xE0, 0x03, 0xF0, 0x7E, 0x00, 0x3F, 0x03, 0xF0, 0x03, 0xF0, 0x3F, 0x80, 0x3F, 0x01, 0xFC, 0x03,
    0xF0, 0x0F, 0xC0, 0x3F, 0x00, 0x7E, 0x03, 0xF0, 0x07, 0xF0, 0xFF, 0xF0, 0x1F, 0xBF, 0xFC, 0x07,
    0xCF, 0xFF, 0x03, 0xF3, 0xFF, 0xC1, 0xF8, 0x01, 0xF0, 0xFC, 0x00, 0x7C, 0x3E, 0x00, 0x1F, 0x1F,
    0x00, 0x07, 0xCF, 0x80, 0x01, 0xF7, 0xE0, 0x00, 0x7F, 0xF0, 0x00, 0x1F, 0xFC, 0x00, 0x07, 0xDF,
    0x80, 0x01, 0xF3, 0xF0, 0x00, 0x7C, 0x7C, 0x00, 0x1F, 0x1F, 0x80, 0x07, 0xC3, 0xF0, 0x01, 0xF0,
    0x7E, 0x00, 0x7C, 0x0F, 0xC0, 0x1F, 0x03, 0xF0, 0x07, 0xC0, 0x7E, 0x01, 0xF0, 0x0F, 0xC0, 0xFC,
    0x00, 0xFC, 0x7E, 0x00, 0x7E, 0x3F, 0x00, 0x3F, 0x1F, 0x80, 0x1F, 0x8F, 0xC0, 0x0F, 0xC7, 0xE0,
    0x07, 0xE3, 0xF0, 0x03, 0xF1, 0xF8, 0x01, 0xF8, 0xFC, 0x00, 0xFC, 0x7E, 0x00, 0x7E, 0x3F, 0x00,
    0x3F, 0x1F, 0xFF, 0xFF, 0x8F, 0xFF, 0xFF, 0xC7, 0xFF, 0xFF, 0xE3, 0xFF, 0xFF, 0xF1, 0xFF, 0xFF,
    0xF8, 0xFC, 0x00, 0xFC, 0x7E, 0x00, 0x7E, 0x3F, 0x00, 0x3F, 0x1F, 0x80, 0x1F, 0x8F, 0xC0, 0x0F,
    0xC7, 0xE0, 0x07, 0xE3, 0xF0, 0x03, 0xF1, 0xF8, 0x01, 0xFF, 0xFC, 0x00, 0xFF, 0xFE, 0x00, 0x7F,
    0xFF, 0x00, 0x3F, 0xE0, 0x00, 0x03, 0xF0, 0x00, 0x01, 0xF8, 0x00, 0x00, 0xFC, 0x00, 0x00, 0x7E,
    0x00, 0x00, 0x3F, 0x00, 0x00, 0x1F, 0x80, 0xFC, 0x0F, 0xC7, 0xE0, 0x7E, 0x3F, 0x03, 0xF1, 0xF8,
    0x1F, 0x8F, 0xC0, 0xFC, 0x7E, 0x07, 0xE3, 0xF0, 0x3F, 0x1F, 0x81, 0xF8, 0xFC, 0x0F, 0xC7, 0xFF,
    0xFE, 0x3F, 0xFF, 0xF1, 0xFF, 0xFF, 0x8F, 0xFF, 0xFC, 0x7E, 0x07, 0xE3, 0xF0, 0x3F, 0x1F, 0x81,
    0xF8, 0xFC, 0x0F, 0xC7, 0xE0, 0x7E, 0x3F, 0x03, 0xFF, 0xF8, 0x1F, 0xFF, 0xC0, 0xFF, 0x80, 0x00,
    0xFC, 0x00, 0x07, 0xE0, 0x00, 0x3F, 0x00, 0x01, 0xF8, 0x00, 0x0F, 0xC0, 0x00, 0x7E, 0xFC, 0x00,
    0xFF, 0xFF, 0xC0, 0x0F, 0xFF, 0xFC, 0x00, 0xFF, 0xFF, 0xC0, 0x0F, 0xFF, 0xFC, 0x00, 0xFF, 0xFF,
    0xC0, 0x0F, 0xC0, 0xFC, 0x00, 0xFC, 0x0F, 0xC0, 0x0F, 0xC0, 0xFC, 0x00, 0xFC, 0x0F, 0xC0, 0x0F,
    0xC0, 0xFF, 0xFF, 0xFC, 0x0F, 0xFF, 0xFF, 0xC0, 0xFF, 0xFF, 0xFC, 0x0F, 0xFF, 0xFF, 0xC0, 0xFF,
    0xFF, 0xFC, 0x0F, 0xC0, 0x0F, 0xC0, 0xFC, 0x00, 0xFC, 0x0F, 0xC0, 0x0F, 0xC0, 0xFC, 0x00, 0xFC,
    0x0F, 0xC0, 0x0F, 0xC0, 0xFC, 0x00, 0xFC, 0x0F, 0xC0, 0x0F, 0xC0, 0xFC, 0x00, 0xFC, 0x0F, 0xC0,
    0x0F, 0xC0, 0xFC, 0x00, 0xFC, 0x0F, 0xC0, 0x0F, 0xC0, 0xFC, 0x00, 0xFC, 0x00, 0xFC, 0x07, 0xFF,
    0xFF, 0x01, 0xFF, 0xFF, 0xC0, 0x7F, 0xFF, 0xF0, 0x1F, 0xFF, 0xFC, 0x07, 0xE0, 0x3F, 0x01, 0xF8,
    0x0F, 0xC0, 0x7E, 0x03, 0xF0, 0x1F, 0x80, 0xFF, 0xFF, 0xE0, 0x3F, 0xFF, 0xF8, 0x0F, 0xFF, 0xFE,
    0x03, 0xFF, 0xFF, 0x80, 0xFC, 0x07, 0xE0, 0x3F, 0x01, 0xF8, 0x0F, 0xC0, 0x7E, 0x03, 0xF0, 0x1F,
    0x80, 0xFC, 0x07, 0xE0, 0x3F, 0x01, 0xF8, 0x0F, 0xC0, 0x7E, 0x03, 0xF0, 0x1F, 0x80, 0xFC, 0x07,
    0xE0, 0x00, 0xFF, 0xFF, 0xF8, 0x00, 0x07, 0xFF, 0xFF, 0xC0, 0x00, 0x3F, 0xFF, 0xFE, 0x00, 0x01,
    0xFF, 0xFF, 0xF0, 0x00, 0x0F, 0xFF, 0xFF, 0x80, 0x00, 0x7E, 0x00, 0xFC, 0x00, 0x03, 0xF0, 0x07,
    0xE0, 0x00, 0x1F, 0x80, 0x3F, 0x00, 0x00, 0xFC, 0x01, 0xF8, 0x00, 0x07, 0xE0, 0x0F, 0xC0, 0x00,
    0x3F, 0x00, 0x7E, 0x00, 0x01, 0xF8, 0x03, 0xF0, 0x00, 0x0F, 0xC0, 0x1F, 0xFF, 0x80, 0x7E, 0x00,
    0xFF, 0xFF, 0x83, 0xF0, 0x07, 0xFF, 0xFE, 0x1F, 0x80, 0x3F, 0xFF, 0xF8, 0xFC, 0x01, 0xFF, 0xFF,
    0xE7, 0xE0, 0x0F, 0xC0, 0xFF, 0xBF, 0x00, 0x7E, 0x01, 0xFD, 0xF8, 0x03, 0xF0, 0x07, 0xEF, 0xC0,
    0x1F, 0x80, 0x3F, 0xFE, 0x00, 0xFC, 0x00, 0xFF, 0xF0, 0x07, 0xE0, 0x07, 0xFF, 0x80, 0x3F, 0x00,
    0x3F, 0xFC, 0x01, 0xF8, 0x01, 0xFF, 0xE0, 0x0F, 0xC0, 0x0F, 0xFF, 0x00, 0x7E, 0x00, 0x7E, 0x00,
    0x00, 0x00, 0x07, 0xF0, 0x00, 0x00, 0x00, 0x3F, 0x00, 0x00, 0x00, 0x03, 0xF8, 0x00, 0x00, 0x00,
    0x3F, 0xC0, 0x00, 0x00, 0x7F, 0xFC, 0x00, 0x00, 0x03, 0xFF, 0xE0, 0x00, 0x00, 0x1F, 0xFE, 0x00,
    0x00, 0x00, 0xFF, 0xC0, 0x00, 0x00, 0x03, 0xF8, 0x00, 0xFF, 0xFF, 0xC0, 0x07, 0xFF, 0xFE, 0x00,
    0x3F, 0xFF, 0xF0, 0x01, 0xFF, 0xFF, 0x80, 0x0F, 0xC0, 0xFC, 0x00, 0x7E, 0x07, 0xE0, 0x03, 0xF0,
    0x3F, 0x00, 0x1F, 0x81, 0xF8, 0x00, 0xFC, 0x0F, 0xC0, 0x07, 0xE0, 0x7F, 0xF0, 0x3F, 0x03, 0xFF,
    0xE1, 0xF8, 0x1F, 0xFF, 0x8F, 0xC0, 0xFF, 0xFE, 0x7E, 0x07, 0xFF, 0xFB, 0xF0, 0x3F, 0x1F, 0xDF,
    0x81, 0xF8, 0x7E, 0xFC, 0x0F, 0xC3, 0xFF, 0xE0, 0x7E, 0x0F, 0xFF, 0x03, 0xF0, 0x7F, 0xF8, 0x1F,
    0x83, 0xFF, 0xC0, 0xFC, 0x1F, 0x80, 0x00, 0x00, 0xFC, 0x00, 0x00, 0x0F, 0xE0, 0x00, 0x00, 0x7F,
    0x00, 0x01, 0x07, 0xF0, 0x00, 0x0F, 0xFF, 0x80, 0x00, 0x7F, 0xF8, 0x00, 0x03, 0xFF, 0x80, 0x00,
    0x1F, 0xF8, 0x00, 0x00, 0x7F, 0x00, 0x00, 0xFF, 0x00, 0x01, 0xFF, 0xC0, 0x00, 0xFF, 0xF0, 0x00,
    0x7F, 0xFC, 0x00, 0x3F, 0xC0, 0x00, 0x0F, 0xC0, 0x00, 0x07, 0xE0, 0x1F, 0x81, 0xF8, 0x1F, 0xF0,
    0x7E, 0x0F, 0xFE, 0x3F, 0x03, 0xFF, 0xCF, 0xC1, 0xF9, 0xF3, 0xF0, 0x7C, 0x3E, 0xFC, 0x1F, 0x0F,
    0xBF, 0x07, 0xC3, 0xEF, 0xC1, 0xF0, 0xFB, 0xF0, 0x7C, 0x3E, 0xFC, 0x1F, 0x0F, 0xBF, 0x87, 0xC7,
    0xE7, 0xE0, 0xF9, 0xF1, 0xFC, 0x3E, 0xFC, 0x7F, 0x87, 0xFF, 0x0F, 0xF1, 0xFF, 0x83, 0xFF, 0xFF,
    0xC0, 0x7F, 0xFF, 0xE0, 0x0F, 0xFF, 0xFF, 0xC0, 0xFF, 0xFF, 0xF0, 0x0F, 0xFF, 0xFC, 0x00, 0x00,
    0x7F, 0x03, 0xF8, 0x00, 0x3F, 0xE0, 0x01, 0xFF, 0x00, 0x0F, 0xFC, 0x00, 0x7F, 0x10, 0x01, 0xF8,
    0x3F, 0x0F, 0xE1, 0xFE, 0x3F, 0x0F, 0xFC, 0xFC, 0x7F, 0xFB, 0xF1, 0xF3, 0xEF, 0xC7, 0x87, 0xBF,
    0x1E, 0x1E, 0xFC, 0x78, 0x7B, 0xF1, 0xE1, 0xE7, 0xE7, 0xCF, 0x9F, 0x8F, 0xFC, 0x7F, 0x3F, 0xF0,
    0xFF, 0xFF, 0x81, 0xFF, 0xFF, 0xC3, 0xFF, 0xFF, 0x03, 0xFB, 0xFC, 0x00, 0x03, 0xF0, 0x00, 0x7F,
    0x80, 0x1F, 0xFF, 0x81, 0xFF, 0xFE, 0x1F, 0xFF, 0xE1, 0xFF, 0xFF, 0x1F, 0xE0, 0x79, 0xFE, 0x00,
    0x0F, 0xE0, 0x00, 0x7E, 0x00, 0x07, 0xF0, 0x00, 0x3F, 0x00, 0x01, 0xF8, 0x00, 0x0F, 0xC0, 0x00,
    0x7E, 0x00, 0x03, 0xF0, 0x00, 0x1F, 0x80, 0x00, 0xFC, 0x00, 0x07, 0xF0, 0x00, 0x1F, 0x80, 0x00,
    0xFE, 0x00, 0x07, 0xF0, 0x00, 0x1F, 0xE0, 0x38, 0xFF, 0xFF, 0xC3, 0xFF, 0xFE, 0x0F, 0xFF, 0xF0,
    0x1F, 0xFF, 0x80, 0x3F, 0xE0, 0x00, 0x78, 0x00, 0x01, 0xE0, 0x00, 0x07, 0x00, 0x00, 0x3C, 0x00,
    0x01, 0xE0, 0x00, 0xFF, 0x00, 0x07, 0xF8, 0x00, 0x3F, 0x80, 0x01, 0xF8, 0x00, 0x01, 0xFC, 0x07,
    0xFF, 0x87, 0xFF, 0xC7, 0xFF, 0xC7, 0xF0, 0x63, 0xF0, 0x01, 0xF8, 0x01, 0xF8, 0x00, 0xFC, 0x00,
    0x7E, 0x00, 0x3F, 0x00, 0x1F, 0x80, 0x0F, 0xC0, 0x07, 0xF0, 0x03, 0xF8, 0x00, 0xFF, 0x0E, 0x7F,
    0xFF, 0x1F, 0xFF, 0x87, 0xFF, 0xC1, 0xFF, 0xC0, 0x3F, 0x80, 0x07, 0x00, 0x01, 0xC0, 0x00, 0xF0,
    0x00, 0x78, 0x00, 0x3C, 0x00, 0xFE, 0x00, 0x7F, 0x00, 0x3F, 0x00, 0x1F, 0x00, 0xFF, 0xFF, 0xFF,
    0xFF, 0xFF, 0xFF, 0xFF, 0xFF, 0xFF, 0xFF, 0xFF, 0xFF, 0xF0, 0x1F, 0x80, 0x01, 0xF8, 0x00, 0x1F,
    0x80, 0x01, 0xF8, 0x00, 0x1F, 0x80, 0x01, 0xF8, 0x00, 0x1F, 0x80, 0x01, 0xF8, 0x00, 0x1F, 0x80,
    0x01, 0xF8, 0x00, 0x1F, 0x80, 0x01, 0xF8, 0x00, 0x1F, 0x80, 0x01, 0xF8, 0x00, 0x1F, 0x80, 0x01,
    0xF8, 0x00, 0x1F, 0x80, 0x01, 0xFF, 0xE0, 0x1F, 0xFE, 0x01, 0xFF, 0xE0, 0x1F, 0xFE, 0x01, 0xFF,
    0xE0, 0x00, 0x7E, 0x00, 0x07, 0xE0, 0x00, 0x7E, 0x00, 0x07, 0xE0, 0x00, 0x7E, 0x00, 0x07, 0xE0,
    0x00, 0x7E, 0x00, 0x07, 0xE0, 0xFF, 0xFF, 0xFF, 0xFF, 0xFF, 0xFF, 0xFF, 0xFF, 0xFF, 0xF0, 0x3F,
    0x00, 0x07, 0xE0, 0x00, 0xFC, 0x00, 0x1F, 0x80, 0x03, 0xF0, 0x00, 0x7E, 0x00, 0x0F, 0xC0, 0x01,
    0xF8, 0x00, 0x3F, 0x00, 0x07, 0xE0, 0x00, 0xFC, 0x00, 0x1F, 0x80, 0x03, 0xF0, 0x00, 0x7F, 0xF0,
    0x0F, 0xFE, 0x01, 0xFF, 0xC0, 0x3F, 0xF8, 0x00, 0x1F, 0x00, 0x03, 0xE0, 0x00, 0x7C, 0x00, 0x0F,
    0x80, 0x01, 0xF0, 0x00, 0x3E, 0x00, 0x07, 0xC0, 0xFC, 0x00, 0x3F, 0x7E, 0x00, 0x7E, 0x7E, 0x00,
    0x7E, 0x3F, 0x00, 0xFC, 0x3F, 0x81, 0xFC, 0x1F, 0x81, 0xF8, 0x1F, 0xC3, 0xF8, 0x0F, 0xC3, 0xF0,
    0x0F, 0xE7, 0xE0, 0x07, 0xE7, 0xE0, 0x03, 0xFF, 0xC0, 0x03, 0xFF, 0xC0, 0x01, 0xFF, 0x80, 0x01,
    0xFF, 0x80, 0x00, 0xFF, 0x00, 0x00, 0xFF, 0x00, 0x00, 0x7E, 0x00, 0x00, 0x7E, 0x00, 0x00, 0x7E,
    0x00, 0x00, 0x7E, 0x00, 0x00, 0x7E, 0x00, 0x00, 0x7E, 0x00, 0x00, 0x7E, 0x00, 0x00, 0x7E, 0x00,
    0x00, 0x7E, 0x00, 0x00, 0x7E, 0x00, 0x00, 0x7E, 0x00, 0xFC, 0x00, 0xFD, 0xF0, 0x07, 0xE7, 0xE0,
    0x1F, 0x9F, 0x80, 0x7E, 0x3E, 0x03, 0xF0, 0xFC, 0x0F, 0xC1, 0xF0, 0x3E, 0x07, 0xC1, 0xF8, 0x1F,
    0x87, 0xE0, 0x3E, 0x1F, 0x00, 0xF8, 0xFC, 0x03, 0xF3, 0xF0, 0x07, 0xCF, 0x80, 0x1F, 0x7E, 0x00,
    0x3F, 0xF0, 0x00, 0xFF, 0xC0, 0x03, 0xFF, 0x00, 0x07, 0xF8, 0x00, 0x1F, 0xE0, 0x00, 0x7F, 0x80,
    0x00, 0xFC, 0x00, 0x03, 0xF0, 0x00, 0x0F, 0xC0, 0x00, 0x3F, 0x00, 0x00, 0xFC, 0x00, 0x03, 0xF0,
    0x00, 0x0F, 0xC0, 0x00, 0xFC, 0x00, 0x7F, 0x7E, 0x00, 0x7E, 0x7E, 0x00, 0xFC, 0x3F, 0x00, 0xFC,
    0x3F, 0x81, 0xF8, 0x1F, 0x81, 0xF8, 0x1F, 0xC3, 0xF0, 0x0F, 0xC3, 0xF0, 0x07, 0xE7, 0xE0, 0x07,
    0xE7, 0xE0, 0x03, 0xFF, 0xC0, 0x03, 0xFF, 0xC0, 0x01, 0xFF, 0x80, 0x01, 0xFF, 0x80, 0x00, 0xFF,
    0x00, 0x0F, 0xFF, 0xFC, 0x0F, 0xFF, 0xFC, 0x0F, 0xFF, 0xFC, 0x0F, 0xFF, 0xFC, 0x0F, 0xFF, 0xFC,
    0x00, 0x7E, 0x00, 0x00, 0x7E, 0x00, 0x00, 0x7E, 0x00, 0x00, 0x7E, 0x00, 0x00, 0x7E, 0x00, 0x00,
    0x7E, 0x00, 0x00, 0x7E, 0x00, 0xFC, 0x00, 0xFB, 0xE0, 0x0F, 0xDF, 0x80, 0x7E, 0xFC, 0x03, 0xE3,
    0xE0, 0x3F, 0x1F, 0x81, 0xF8, 0xFC, 0x0F, 0x83, 0xE0, 0xFC, 0x1F, 0x87, 0xC0, 0x7C, 0x3E, 0x03,
    0xE3, 0xF0, 0x1F, 0x9F, 0x00, 0x7C, 0xF8, 0x03, 0xEF, 0xC0, 0x0F, 0xFC, 0x00, 0x7F, 0xE0, 0x03,
    0xFF, 0x00, 0x0F, 0xF0, 0x00, 0x7F, 0x80, 0x3F, 0xFF, 0x81, 0xFF, 0xFC, 0x0F, 0xFF, 0xE0, 0x7F,
    0xFF, 0x00, 0x1F, 0x80, 0x00, 0xFC, 0x00, 0x07, 0xE0, 0x00, 0x3F, 0x00, 0x7E, 0x00, 0x3F, 0x87,
    0xF0, 0x07, 0xF0, 0x3F, 0x80, 0x7F, 0x01, 0xF8, 0x0F, 0xE0, 0x1F, 0xC0, 0xFC, 0x00, 0xFE, 0x1F,
    0x80, 0x07, 0xE3, 0xF8, 0x00, 0x7F, 0x3F, 0x00, 0x03, 0xFF, 0xE0, 0x00, 0x1F, 0xFE, 0x00, 0x01,
    0xFF, 0xC0, 0x00, 0x0F, 0xF8, 0x00, 0x00, 0x7F, 0x80, 0x00, 0x07, 0xF0, 0x00, 0x00, 0xFF, 0x80,
    0x00, 0x0F, 0xFC, 0x00, 0x01, 0xFF, 0xC0, 0x00, 0x1F, 0xFE, 0x00, 0x03, 0xF7, 0xF0, 0x00, 0x7E,
    0x3F, 0x00, 0x07, 0xE1, 0xF8, 0x00, 0xFC, 0x1F, 0xC0, 0x1F, 0xC0, 0xFC, 0x01, 0xF8, 0x0F, 0xFF,
    0x3F, 0x00, 0x7F, 0xF7, 0xF0, 0x03, 0xFF, 0x7E, 0x00, 0x3F, 0xF0, 0x00, 0x00, 0x3F, 0x00, 0x00,
    0x03, 0xF0, 0x00, 0x00, 0x3F, 0x00, 0x00, 0x03, 0xF0, 0x00, 0x00, 0x3F, 0x00, 0x00, 0x03, 0xF0,
    0x7E, 0x03, 0xF8, 0xFC, 0x07, 0xE0, 0xFC, 0x1F, 0x80, 0xF8, 0x3F, 0x01, 0xF8, 0xFC, 0x01, 0xFB,
    0xF0, 0x01, 0xF7, 0xE0, 0x03, 0xFF, 0x80, 0x03, 0xFE, 0x00, 0x03, 0xF8, 0x00, 0x07, 0xF0, 0x00,
    0x1F, 0xF0, 0x00, 0x3F, 0xE0, 0x00, 0xFF, 0xE0, 0x03, 0xF7, 0xE0, 0x07, 0xE7, 0xC0, 0x1F, 0x8F,
    0xC0, 0x7E, 0x0F, 0xC0, 0xFC, 0x1F, 0xFB, 0xF0, 0x1F, 0xFF, 0xC0, 0x1F, 0xE0, 0x00, 0x0F, 0xC0,
    0x00, 0x1F, 0x80, 0x00, 0x3F, 0x00, 0x00, 0x7E, 0x00, 0x00, 0xFC, 0x00, 0x01, 0xF8, 0xFF, 0xFF,
    0xF3, 0xF0, 0x3F, 0xFF, 0xFC, 0xFC, 0x0F, 0xFF, 0xFF, 0x3F, 0x03, 0xFF, 0xFF, 0xCF, 0xC0, 0xFF,
    0xFF, 0xF3, 0xF0, 0x00, 0x7E, 0x00, 0xFC, 0x00, 0x1F, 0x80, 0x3F, 0x00, 0x07, 0xE0, 0x0F, 0xC0,
    0x01, 0xF8, 0x03, 0xF0, 0x00, 0x7E, 0x00, 0xFC, 0x00, 0x1F, 0x80, 0x3F, 0x00, 0x07, 0xE0, 0x0F,
    0xC0, 0x01, 0xF8, 0x03, 0xF0, 0x00, 0x7E, 0x00, 0xFC, 0x00, 0x1F, 0x80, 0x3F, 0x00, 0x07, 0xE0,
    0x0F, 0xC0, 0x01, 0xF8, 0x03, 0xF0, 0x00, 0x7E, 0x00, 0xFC, 0x00, 0x1F, 0x80, 0x3F, 0x00, 0x07,
    0xE0, 0x0F, 0xC0, 0x01, 0xF8, 0x03, 0xF0, 0x00, 0x7E, 0x00, 0xFC, 0x00, 0x1F, 0xFF, 0xFF, 0xFC,
    0x07, 0xFF, 0xFF, 0xFF, 0x01, 0xFF, 0xFF, 0xFF, 0xC0, 0x7F, 0xFF, 0xFF, 0xF0, 0x1F, 0xFF, 0xFF,
    0xFC, 0x00, 0x00, 0x00, 0x3F, 0x00, 0x00, 0x00, 0x0F, 0xC0, 0x00, 0x00, 0x03, 0xF0, 0x00, 0x00,
    0x00, 0xFC, 0x00, 0x00, 0x00, 0x3F, 0x00, 0x00, 0x00, 0x0F, 0xC0, 0x00, 0x00, 0x03, 0xF0, 0xFF,
    0xFF, 0x7E, 0x0F, 0xFF, 0xF7, 0xE0, 0xFF, 0xFF, 0x7E, 0x0F, 0xFF, 0xF7, 0xE0, 0x0F, 0xC0, 0x7E,
    0x00, 0xFC, 0x07, 0xE0, 0x0F, 0xC0, 0x7E, 0x00, 0xFC, 0x07, 0xE0, 0x0F, 0xC0, 0x7E, 0x00, 0xFC,
    0x07, 0xE0, 0x0F, 0xC0, 0x7E, 0x00, 0xFC, 0x07, 0xE0, 0x0F, 0xC0, 0x7E, 0x00, 0xFC, 0x07, 0xE0,
    0x0F, 0xC0, 0x7E, 0x00, 0xFC, 0x07, 0xE0, 0x0F, 0xC0, 0x7E, 0x00, 0xFF, 0xFF, 0xFF, 0x0F, 0xFF,
    0xFF, 0xF0, 0xFF, 0xFF, 0xFF, 0x0F, 0xFF, 0xFF, 0xF0, 0x00, 0x00, 0x1F, 0x00, 0x00, 0x01, 0xF0,
    0x00, 0x00, 0x1F, 0x00, 0x00, 0x01, 0xF0, 0x00, 0x00, 0x1F, 0x00, 0x00, 0x01, 0xF0, 0x00, 0x00,
    0x1F, 0xFC, 0x01, 0xF8, 0x7E, 0x00, 0xFC, 0x3F, 0x00, 0x7E, 0x1F, 0x80, 0x3F, 0x0F, 0xC0, 0x1F,
    0x87, 0xE0, 0x0F, 0xC3, 0xF0, 0x07, 0xE1, 0xF8, 0x03, 0xF0, 0xFC, 0x01, 0xF8, 0x7E, 0x00, 0xFC,
    0x3F, 0x00, 0xFE, 0x1F, 0xC0, 0x7F, 0x0F, 0xF0, 0xFF, 0x83, 0xFF, 0xFF, 0xC1, 0xFF, 0xFF, 0xE0,
    0x7F, 0xFF, 0xF0, 0x1F, 0xF9, 0xF8, 0x03, 0xF0, 0xFC, 0x00, 0x00, 0x7E, 0x00, 0x00, 0x3F, 0x00,
    0x00, 0x1F, 0x80, 0x00, 0x0F, 0xC0, 0x00, 0x07, 0xE0, 0x00, 0x03, 0xFF, 0x00, 0x01, 0xFF, 0x80,
    0x00, 0xFF, 0xC0, 0x00, 0x7F, 0xE0, 0x00, 0x03, 0xF0, 0x00, 0x01, 0xF8, 0x00, 0x00, 0xFC, 0x00,
    0x00, 0x7E, 0x00, 0x00, 0x3F, 0x00, 0x00, 0x1F, 0x80, 0xFC, 0x03, 0xF1, 0xF8, 0x07, 0xE3, 0xF0,
    0x0F, 0xC7, 0xE0, 0x1F, 0x8F, 0xC0, 0x3F, 0x1F, 0x80, 0x7E, 0x3F, 0x00, 0xFC, 0x7E, 0x01, 0xF8,
    0xFE, 0x07, 0xF1, 0xFC, 0x0F, 0xE1, 0xFC, 0x3F, 0xC3, 0xFF, 0xFF, 0x83, 0xFF, 0xBF, 0x03, 0xFF,
    0x7E, 0x01, 0xF8, 0xFC, 0x00, 0x01, 0xF8, 0x00, 0x03, 0xF0, 0x00, 0x07, 0xE0, 0x00, 0x0F, 0xF8,
    0x00, 0x1F, 0xF0, 0x00, 0x3F, 0xE0, 0x00, 0x0F, 0xC0, 0x00, 0x1F, 0x80, 0x00, 0x3F, 0x00, 0x00,
    0x7E, 0x00, 0x00, 0xFC, 0x00, 0x01, 0xF8, 0xFC, 0x00, 0xFF, 0xF0, 0x03, 0xFF, 0xC0, 0x0F, 0xFF,
    0x00, 0x3F, 0xFC, 0x00, 0xFF, 0xF0, 0x03, 0xFF, 0xC0, 0x0F, 0xFF, 0x00, 0x3F, 0xFC, 0x70, 0xFF,
    0xF1, 0xC3, 0xFF, 0xC7, 0x0F, 0xFF, 0x1C, 0x3F, 0xFE, 0x73, 0xFF, 0xFF, 0xFF, 0xF7, 0xFF, 0xFF,
    0xDF, 0xFF, 0xFF, 0x3F, 0xFF, 0xFC, 0x1F, 0xC3, 0xF0, 0x07, 0x0F, 0xC0, 0x1C, 0x3F, 0x00, 0x70,
    0xFC, 0x01, 0xC3, 0xF0, 0x07, 0x0F, 0xC0, 0x1C, 0x3F, 0x00, 0x00, 0xFC, 0x00, 0x03, 0xF0, 0x00,
    0x0F, 0xC0, 0xFC, 0x03, 0xFF, 0xC0, 0x3F, 0xFC, 0x03, 0xFF, 0xC0, 0x3F, 0xFC, 0x03, 0xFF, 0xC0,
    0x3F, 0xFC, 0xE3, 0xFF, 0xCE, 0x3F, 0xFC, 0xE3, 0xFF, 0xCE, 0x3F, 0xFE, 0xEF, 0xF7, 0xFF, 0xFF,
    0x7F, 0xFF, 0xF3, 0xFF, 0xFF, 0x0F, 0xE3, 0xF0, 0x0E, 0x3F, 0x00, 0xE3, 0xF0, 0x0E, 0x3F, 0x00,
    0xE3, 0xF0, 0x00, 0x3F, 0x00, 0x03, 0xF0, 0xFC, 0x00, 0x07, 0xE0, 0x00, 0x3F, 0x00, 0x01, 0xF8,
    0x00, 0x0F, 0xC0, 0x00, 0x7E, 0x00, 0x03, 0xF0, 0x00, 0x1F, 0x80, 0x00, 0xFC, 0x00, 0x07, 0xE1,
    0xF8, 0x3F, 0x3F, 0xF1, 0xFB, 0xFF, 0xCF, 0xFF, 0xFF, 0x7F, 0xFF, 0xFB, 0xFE, 0x1F, 0xFF, 0xC0,
    0x7F, 0xFC, 0x01, 0xFF, 0xE0, 0x0F, 0xFF, 0x00, 0x7F, 0xF8, 0x03, 0xFF, 0xC0, 0x1F, 0xFE, 0x00,
    0xFF, 0xF0, 0x07, 0xFF, 0x80, 0x3F, 0xFC, 0x01, 0xFF, 0xE0, 0x0F, 0xFF, 0x00, 0x7E, 0xFC, 0x00,
    0x3F, 0x00, 0x0F, 0xC0, 0x03, 0xF0, 0x00, 0xFC, 0x00, 0x3F, 0x00, 0x0F, 0xC7, 0xC3, 0xF7, 0xFC,
    0xFF, 0xFF, 0xBF, 0xFF, 0xEF, 0xF1, 0xFF, 0xF8, 0x3F, 0xFC, 0x0F, 0xFF, 0x03, 0xFF, 0xC0, 0xFF,
    0xF0, 0x3F, 0xFC, 0x0F, 0xFF, 0x03, 0xFF, 0xC0, 0xFF, 0xF0, 0x3F, 0xFC, 0x0F, 0xFF, 0x03, 0xFF,
    0xC0, 0xFF, 0xF0, 0x3F, 0xFC, 0x0F, 0xFF, 0x03, 0xFF, 0xC0, 0xFC, 0x00, 0x00, 0xFF, 0x80, 0x00,
    0x03, 0xFF, 0xF0, 0x00, 0x03, 0xFF, 0xFE, 0x00, 0x03, 0xFF, 0xFF, 0x80, 0x03, 0xFF, 0xFF, 0xE0,
    0x03, 0xFC, 0x07, 0xF1, 0xE3, 0xF8, 0x00, 0xFD, 0xF1, 0xF8, 0x00, 0x7E, 0xF8, 0xFC, 0x00, 0x1F,
    0x7C, 0x7C, 0x00, 0x0F, 0xFF, 0xFF, 0xFF, 0xFF, 0xFF, 0xFF, 0xFF, 0xFF, 0xF7, 0xFF, 0xFF, 0xFF,
    0xFB, 0xFF, 0xFF, 0xFF, 0xFC, 0x7F, 0xFF, 0xFF, 0xFE, 0x03, 0xF0, 0x00, 0x00, 0x00, 0xF8, 0x00,
    0x00, 0x00, 0x7E, 0x00, 0x00, 0x00, 0x3F, 0x00, 0x00, 0x00, 0x1F, 0xC0, 0x00, 0x20, 0x07, 0xF0,
    0x00, 0x70, 0x01, 0xFE, 0x03, 0xF8, 0x00, 0xFF, 0xFF, 0xFC, 0x00, 0x3F, 0xFF, 0xFE, 0x00, 0x0F,
    0xFF, 0xFE, 0x00, 0x01, 0xFF, 0xFC, 0x00, 0x00, 0x3F, 0xF0, 0x00, 0x00, 0x0F, 0xE0, 0x00, 0x1F,
    0xFC, 0x00, 0x1F, 0xFF, 0x80, 0x1F, 0xFF, 0xC0, 0x1F, 0x87, 0xF7, 0x8F, 0x81, 0xFB, 0xCF, 0xC0,
    0x7F, 0xE7, 0xE0, 0x3F, 0xFF, 0xFF, 0xFF, 0xFF, 0xFF, 0xFF, 0xDF, 0xFF, 0xFF, 0xE7, 0xFF, 0xFF,
    0xF0, 0x3F, 0x00, 0x00, 0x1F, 0x80, 0x00, 0x0F, 0xC0, 0x00, 0x03, 0xF0, 0x00, 0x01, 0xFC, 0x07,
    0x00, 0x7F, 0xFF, 0x80, 0x1F, 0xFF, 0xC0, 0x07, 0xFF, 0xE0, 0x00, 0x7F, 0x80, 0x00, 0x00, 0xFF,
    0x80, 0x00, 0x03, 0xFF, 0xF0, 0x00, 0x03, 0xFF, 0xFE, 0x00, 0x07, 0xFF, 0xFF, 0x80, 0x07, 0xFF,
    0xFF, 0xE0, 0x03, 0xFC, 0x07, 0xF1, 0xE3, 0xF8, 0x00, 0xFD, 0xF1, 0xF8, 0x00, 0x7E, 0xF8, 0xF8,
    0x00, 0x1F, 0x7C, 0xFC, 0x00, 0x0F, 0xFF, 0xFF, 0xFF, 0xFF, 0xFF, 0xFF, 0xFF, 0xFF, 0xF7, 0xFF,
    0xFF, 0xFF, 0xFB, 0xFF, 0xFF, 0xFF, 0xFC, 0x7F, 0xFF, 0xFF, 0xFE, 0x03, 0xF0, 0x00, 0x00, 0x01,
    0xF8, 0x00, 0x00, 0x00, 0x7C, 0x00, 0x00, 0x00, 0x3F, 0x00, 0x00, 0x00, 0x1F, 0x80, 0x00, 0x20,
    0x07, 0xE0, 0x00, 0x70, 0x03, 0xFC, 0x03, 0xF8, 0x00, 0xFF, 0xFF, 0xFC, 0x00, 0x3F, 0xFF, 0xFE,
    0x00, 0x0F, 0xFF, 0xFE, 0x00, 0x01, 0xFF, 0xFC, 0x00, 0x00, 0x1F, 0xC0, 0x00, 0x00, 0x0F, 0xC0,
    0x00, 0x00, 0x07, 0xE0, 0x00, 0x00, 0x03, 0xF0, 0x00, 0x00, 0x01, 0xF8, 0x00, 0x00, 0x00, 0xFC,
    0x00, 0x00, 0x00, 0x7E, 0x00, 0x00, 0x00, 0x3F, 0x00, 0x00, 0x00, 0x0F, 0xE0, 0x00, 0x1F, 0xFC,
    0x00, 0x1F, 0xFF, 0x80, 0x1F, 0xFF, 0xC0, 0x1F, 0x87, 0xF7, 0x8F, 0x81, 0xFB, 0xCF, 0xC0, 0x7F,
    0xE7, 0xC0, 0x3F, 0xFF, 0xFF, 0xFF, 0xFF, 0xFF, 0xFF, 0xDF, 0xFF, 0xFF, 0xE7, 0xFF, 0xFF, 0xF0,
    0x3E, 0x00, 0x00, 0x1F, 0x80, 0x00, 0x0F, 0xC0, 0x00, 0x03, 0xF0, 0x00, 0x01, 0xFC, 0x07, 0x00,
    0x7F, 0xFF, 0x80, 0x1F, 0xFF, 0xC0, 0x07, 0xFF, 0xE0, 0x00, 0xFF, 0xC0, 0x00, 0x3E, 0x00, 0x00,
    0x1F, 0x00, 0x00, 0x0F, 0x80, 0x00, 0x07, 0xC0, 0x00, 0x03, 0xE0, 0x00, 0x01, 0xF0, 0x00, 0x00,
    0xF8, 0x00, 0xFF, 0xFF, 0xFF, 0xFF, 0xFF, 0xFF, 0xFF, 0xFF, 0xFF, 0xFF, 0xFF, 0xFF, 0xFF, 0xFF,
    0xFF, 0xFF, 0xFF, 0xFF, 0xFF, 0xFF, 0xC0, 0x00, 0x0F, 0x83, 0xE0, 0x00, 0x00, 0x7C, 0x1E, 0x00,
    0x00, 0x03, 0xF1, 0xF0, 0x00, 0x00, 0x0F, 0xFF, 0x80, 0x00, 0x00, 0x3F, 0xF8, 0x00, 0x00, 0x00,
    0x7F, 0x00, 0x00, 0x00, 0x00, 0x00, 0x00, 0x00, 0x00, 0x00, 0x00, 0x00, 0x00, 0x00, 0x00, 0x00,
    0x01, 0xF8, 0x07, 0xE0, 0x1F, 0x8F, 0xC0, 0x3F, 0x01, 0xF8, 0x3F, 0x01, 0xF8, 0x0F, 0xC0, 0xFC,
    0x0F, 0xC0, 0xFC, 0x07, 0xE0, 0x7E, 0x0F, 0xC0, 0x1F, 0x83, 0xF0, 0x7E, 0x00, 0x7E, 0x1F, 0x87,
    0xE0, 0x03, 0xF0, 0xFC, 0x3E, 0x00, 0x0F, 0xC7, 0xE3, 0xF0, 0x00, 0x3F, 0x3F, 0x3F, 0x00, 0x01,
    0xFF, 0xFF, 0xF0, 0x00, 0x07, 0xFF, 0xFF, 0x80, 0x00, 0x3F, 0xFF, 0xF8, 0x00, 0x01, 0xFF, 0xFF,
    0xE0, 0x00, 0x1F, 0xFF, 0xFF, 0x00, 0x00, 0xFC, 0xFC, 0xFC, 0x00, 0x0F, 0xC7, 0xE3, 0xF0, 0x00,
    0xFE, 0x3F, 0x1F, 0x80, 0x07, 0xE1, 0xF8, 0x7E, 0x00, 0x7E, 0x0F, 0xC3, 0xF0, 0x07, 0xF0, 0x7E,
    0x0F, 0xC0, 0x3F, 0x03, 0xF0, 0x7F, 0x03, 0xF8, 0x1F, 0x81, 0xF8, 0x1F, 0x80, 0xFC, 0x07, 0xE1,
    0xF8, 0x07, 0xE0, 0x3F, 0x9F, 0xC0, 0x3F, 0x00, 0xFC, 0xFC, 0x01, 0xF8, 0x07, 0xF0, 0x00, 0xF8,
    0x3E, 0x00, 0x00, 0x7C, 0x7E, 0x00, 0x00, 0x7F, 0xFC, 0x00, 0x00, 0x3F, 0xFC, 0x00, 0x00, 0x3F,
    0xF8, 0x00, 0x00, 0x0F, 0xE0, 0x00, 0x00, 0x00, 0x00, 0x00, 0x00, 0x00, 0x00, 0x00, 0x7C, 0x07,
    0xC0, 0x7E, 0x7E, 0x07, 0xC0, 0xFC, 0x3F, 0x07, 0xC0, 0xF8, 0x1F, 0x07, 0xC1, 0xF8, 0x1F, 0x87,
    0xC3, 0xF0, 0x0F, 0xC7, 0xC3, 0xE0, 0x07, 0xC7, 0xC7, 0xE0, 0x07, 0xE7, 0xCF, 0xC0, 0x03, 0xFF,
    0xFF, 0x80, 0x01, 0xFF, 0xFF, 0x80, 0x03, 0xFF, 0xFF, 0x80, 0x03, 0xFF, 0xFF, 0xC0, 0x07, 0xE7,
    0xCF, 0xC0, 0x07, 0xE7, 0xC7, 0xE0, 0x0F, 0xC7, 0xC7, 0xF0, 0x1F, 0x87, 0xC3, 0xF0, 0x1F, 0x87,
    0xC1, 0xF8, 0x3F, 0x07, 0xC1, 0xFC, 0x7F, 0x07, 0xC0, 0xFC, 0x7E, 0x07, 0xC0, 0x7E, 0xFC, 0x07,
    0xC0, 0x7F, 0xFC, 0x01, 0xF9, 0xF8, 0x07, 0xE3, 0xF0, 0x1F, 0x87, 0xE0, 0x3F, 0x0F, 0xC0, 0xFC,
    0x1F, 0x83, 0xF0, 0x3F, 0x0F, 0xC0, 0x7E, 0x1F, 0x00, 0xFC, 0x7E, 0x01, 0xF9, 0xF8, 0x03, 0xF3,
    0xE0, 0x07, 0xEF, 0x80, 0x0F, 0xFE, 0x00, 0x1F, 0xFF, 0xE0, 0x3F, 0xFF, 0xF0, 0x7F, 0xFF, 0xF8,
    0xFF, 0xFF, 0xF9, 0xF8, 0x1F, 0xF3, 0xF0, 0x07, 0xF7, 0xE0, 0x07, 0xEF, 0xC0, 0x0F, 0xFF, 0x80,
    0x0F, 0xFF, 0x00, 0x1F, 0xFE, 0x00, 0x3F, 0xFC, 0x00, 0x7F, 0xF8, 0x00, 0xFF, 0xF0, 0x01, 0xF8,
    0x00, 0x07, 0xF0, 0x00, 0x0F, 0xC0, 0x00, 0x3F, 0x80, 0x00, 0xFF, 0x00, 0x7F, 0xFC, 0x00, 0xFF,
    0xF8, 0x01, 0xFF, 0xE0, 0x03, 0xFF, 0x00, 0x03, 0xF8, 0x00, 0xFC, 0x0F, 0xFF, 0xC0, 0xFE, 0xFC,
    0x1F, 0xCF, 0xC3, 0xF8, 0xFC, 0x3F, 0x0F, 0xC7, 0xE0, 0xFC, 0xFC, 0x0F, 0xDF, 0x80, 0xFD, 0xF0,
    0x0F, 0xFE, 0x00, 0xFF, 0xFE, 0x0F, 0xFF, 0xF8, 0xFF, 0xFF, 0xCF, 0xFF, 0xFE, 0xFC, 0x0F, 0xEF,
    0xC0, 0x7F, 0xFC, 0x07, 0xFF, 0xC0, 0x3F, 0xFC, 0x03, 0xFF, 0xC0, 0x3F, 0xFC, 0x03, 0xF0, 0x00,
    0x3F, 0x00, 0x03, 0xF0, 0x00, 0x7E, 0x00, 0x0F, 0xE0, 0x1F, 0xFE, 0x01, 0xFF, 0xC0, 0x1F, 0xF8,
    0x01, 0xFF, 0x00, 0x0F, 0xC0, 0x00, 0xFF, 0xFF, 0x80, 0x01, 0xFF, 0xFF, 0x00, 0x07, 0xFF, 0xFE,
    0x00, 0x0F, 0xFF, 0xFC, 0x00, 0x1F, 0xFF, 0xF8, 0x00, 0x3E, 0x03, 0xF0, 0x00, 0x7C, 0x07, 0xE0,
    0x00, 0xF8, 0x0F, 0xC0, 0x01, 0xF0, 0x1F, 0x80, 0x03, 0xE0, 0x3F, 0x00, 0x0F, 0xC0, 0x7E, 0x00,
    0x1F, 0x80, 0xFC, 0x00, 0x3F, 0x01, 0xF8, 0x00, 0x7C, 0x03, 0xF0, 0x00, 0xF8, 0x07, 0xE0, 0x01,
    0xF0, 0x0F, 0xC0, 0x07, 0xE0, 0x1F, 0x80, 0x0F, 0xC0, 0x3F, 0x00, 0x1F, 0x80, 0x7E, 0x00, 0x3E,
    0x00, 0xFC, 0x00, 0x7C, 0x01, 0xF8, 0x01, 0xF8, 0x03, 0xF0, 0x23, 0xF0, 0x07, 0xFF, 0xFF, 0xC0,
    0x0F, 0xFF, 0xFF, 0x80, 0x1F, 0xFD, 0xFE, 0x00, 0x3F, 0xFB, 0xF0, 0x00, 0x7F, 0xF0, 0x00, 0x00,
    0x03, 0xE0, 0x00, 0x00, 0x0F, 0x80, 0x00, 0x00, 0x1F, 0x00, 0x00, 0x00, 0x7E, 0x00, 0x00, 0x00,
    0xFC, 0x00, 0x00, 0x03, 0xF0, 0x00, 0x00, 0x07, 0xE0, 0x00, 0x00, 0x0F, 0xC0, 0x03, 0xFF, 0xFC,
    0x00, 0x7F, 0xFF, 0x80, 0x0F, 0xFF, 0xF0, 0x01, 0xFF, 0xFE, 0x00, 0x3E, 0x0F, 0xC0, 0x07, 0xC1,
    0xF8, 0x00, 0xF8, 0x3F, 0x00, 0x1F, 0x07, 0xE0, 0x03, 0xC0, 0xFC, 0x00, 0xF8, 0x1F, 0x80, 0x1F,
    0x03, 0xF0, 0x03, 0xE0, 0x7E, 0x00, 0x7C, 0x0F, 0xC0, 0x0F, 0x81, 0xF8, 0x03, 0xE0, 0x3F, 0x00,
    0x7C, 0x07, 0xE0, 0x9F, 0x80, 0xFC, 0x1F, 0xF0, 0x1F, 0xFF, 0xFC, 0x03, 0xFF, 0xFF, 0x00, 0x7F,
    0xFF, 0xC0, 0x0F, 0xFE, 0x00, 0x00, 0x07, 0x80, 0x00, 0x01, 0xF0, 0x00, 0x00, 0x3E, 0x00, 0x00,
    0x07, 0xC0, 0x00, 0x01, 0xF0, 0x00, 0x00, 0x3E, 0x00, 0x00, 0x0F, 0xC0, 0xFC, 0x00, 0xFF, 0xF0,
    0x03, 0xFF, 0xC0, 0x0F, 0xFF, 0x00, 0x3F, 0xFC, 0x00, 0xFF, 0xF0, 0x03, 0xFF, 0xC0, 0x0F, 0xFF,
    0x00, 0x3F, 0xFC, 0x00, 0xFF, 0xF0, 0x03, 0xFF, 0xFF, 0xFF, 0xFF, 0xFF, 0xFF, 0xFF, 0xFF, 0xFF,
    0xFF, 0xFF, 0xFF, 0xFF, 0xFF, 0xFF, 0x00, 0x3F, 0xFC, 0x00, 0xFF, 0xF0, 0x03, 0xFF, 0xC0, 0x0F,
    0xFF, 0x00, 0x3F, 0xFC, 0x00, 0xFF, 0xF0, 0x03, 0xFF, 0xC0, 0x0F, 0xFF, 0x00, 0x3F, 0xFC, 0x00,
    0xFF, 0xF0, 0x03, 0xFF, 0xC0, 0x0F, 0xC0, 0x00, 0x3F, 0x00, 0x01, 0xFC, 0x00, 0x07, 0xE0, 0x20,
    0x7F, 0x80, 0xFF, 0xFC, 0x03, 0xFF, 0xF0, 0x0F, 0xFF, 0x80, 0x3F, 0xFC, 0x00, 0x3F, 0x80, 0xFC,
    0x07, 0xFF, 0x80, 0xFF, 0xF0, 0x1F, 0xFE, 0x03, 0xFF, 0xC0, 0x7F, 0xF8, 0x0F, 0xFF, 0x01, 0xFF,
    0xE0, 0x3F, 0xFF, 0xFF, 0xFF, 0xFF, 0xFF, 0xFF, 0xFF, 0xFF, 0xFF, 0xFF, 0xC0, 0x7F, 0xF8, 0x0F,
    0xFF, 0x01, 0xFF, 0xE0, 0x3F, 0xFC, 0x07, 0xFF, 0x80, 0xFF, 0xF0, 0x1F, 0xFE, 0x03, 0xFF, 0xC0,
    0x7E, 0x00, 0x0F, 0xC0, 0x01, 0xF8, 0x00, 0x7F, 0x02, 0x1F, 0xC0, 0x7F, 0xF8, 0x0F, 0xFE, 0x01,
    0xFF, 0xC0, 0x3F, 0xE0, 0x03, 0xF0, 0x00, 0xFC, 0x00, 0xFC, 0x0F, 0xC0, 0x0F, 0xC0, 0xFC, 0x00,
    0xFC, 0x0F, 0xC0, 0x0F, 0xC0, 0xFC, 0x00, 0xFC, 0x0F, 0xC0, 0x0F, 0xC0, 0xFC, 0x00, 0xFC, 0x0F,
    0xC0, 0x0F, 0xC0, 0xFC, 0x00, 0xFC, 0x0F, 0xC0, 0x0F, 0xC0, 0xFF, 0xFF, 0xFC, 0x0F, 0xFF, 0xFF,
    0xC0, 0xFF, 0xFF, 0xFC, 0x0F, 0xFF, 0xFF, 0xC0, 0xFF, 0xFF, 0xFC, 0x0F, 0xC0, 0x0F, 0xC0, 0xFC,
    0x00, 0xFC, 0x0F, 0xC0, 0x0F, 0xC0, 0xFC, 0x00, 0xFC, 0x0F, 0xC0, 0x0F, 0xC0, 0xFC, 0x00, 0xFC,
    0x0F, 0xC0, 0x0F, 0xC0, 0xFC, 0x00, 0xFF, 0xFF, 0xC0, 0x0F, 0xFF, 0xFC, 0x00, 0xFF, 0xEF, 0xC0,
    0x0F, 0xFE, 0xFC, 0x00, 0xFF, 0xE0, 0x00, 0x00, 0x3E, 0x00, 0x00, 0x07, 0xC0, 0x00, 0x00, 0x7C,
    0x00, 0x00, 0x0F, 0xC0, 0x00, 0x00, 0xFC, 0x00, 0x00, 0x1F, 0x80, 0x00, 0x01, 0xF8, 0x00, 0x00,
    0x1F, 0x80, 0xFC, 0x07, 0xE0, 0xFC, 0x07, 0xE0, 0xFC, 0x07, 0xE0, 0xFC, 0x07, 0xE0, 0xFC, 0x07,
    0xE0, 0xFC, 0x07, 0xE0, 0xFC, 0x07, 0xE0, 0xFC, 0x07, 0xE0, 0xFF, 0xFF, 0xE0, 0xFF, 0xFF, 0xE0,
    0xFF, 0xFF, 0xE0, 0xFF, 0xFF, 0xE0, 0xFC, 0x07, 0xE0, 0xFC, 0x07, 0xE0, 0xFC, 0x07, 0xE0, 0xFC,
    0x07, 0xE0, 0xFC, 0x07, 0xE0, 0xFC, 0x07, 0xFF, 0xFC, 0x07, 0xFF, 0xFC, 0x07, 0xFF, 0xFC, 0x07,
    0xFF, 0x00, 0x00, 0x1E, 0x00, 0x00, 0x3E, 0x00, 0x00, 0x3E, 0x00, 0x00, 0x3E, 0x00, 0x00, 0x7C,
    0x00, 0x00, 0x7C, 0x00, 0x00, 0xFC, 0xFC, 0x00, 0xFF, 0xF0, 0x03, 0xFF, 0xC0, 0x0F, 0xFF, 0x00,
    0x3F, 0xFC, 0x00, 0xFF, 0xF0, 0x03, 0xFF, 0xC0, 0x0F, 0xFF, 0x00, 0x3F, 0xFC, 0x00, 0xFF, 0xF0,
    0x03, 0xFF, 0xC0, 0x0F, 0xFF, 0x00, 0x3F, 0xFE, 0x07, 0xFF, 0xFF, 0xFF, 0xF7, 0xFF, 0xFF, 0xDF,
    0xFF, 0xFF, 0x3F, 0xFF, 0xFC, 0x3F, 0xC3, 0xF0, 0x00, 0x0F, 0xC0, 0x00, 0x3F, 0x00, 0x00, 0xFC,
    0x00, 0x03, 0xF0, 0x00, 0x0F, 0xC0, 0x07, 0xFF, 0x00, 0x1F, 0xFC, 0x00, 0x7F, 0xF0, 0x01, 0xFF,
    0xC0, 0x07, 0xE0, 0x00, 0x1F, 0x80, 0x00, 0x7E, 0x00, 0x01, 0xF8, 0x00, 0x07, 0xE0, 0x00, 0x1F,
    0x80, 0x00, 0x7E, 0x00, 0x01, 0xF8, 0x00, 0xFC, 0x03, 0xFF, 0xC0, 0x3F, 0xFC, 0x03, 0xFF, 0xC0,
    0x3F, 0xFC, 0x03, 0xFF, 0xC0, 0x3F, 0xFC, 0x03, 0xFF, 0xC0, 0x3F, 0xFC, 0x03, 0xFF, 0xC0, 0x3F,
    0xFE, 0x0F, 0xF7, 0xFF, 0xFF, 0x7F, 0xFF, 0xF3, 0xFF, 0xBF, 0x0F, 0xE3, 0xF0, 0x00, 0x3F, 0x00,
    0x03, 0xF0, 0x03, 0xFF, 0x00, 0x3F, 0xF0, 0x03, 0xFF, 0x00, 0x3F, 0xF0, 0x03, 0xE0, 0x00, 0x3E,
    0x00, 0x03, 0xE0, 0x00, 0x3E, 0x00, 0x03, 0xE0, 0x00, 0x3E, 0x00, 0x03, 0xE0, 0xFF, 0x00, 0x07,
    0xF8, 0x1F, 0xE0, 0x00, 0xFF, 0x03, 0xFE, 0x00, 0x1F, 0xE0, 0x7F, 0xC0, 0x07, 0xFC, 0x0F, 0xF8,
    0x00, 0xFF, 0x81, 0xFF, 0x80, 0x1F, 0xF0, 0x3F, 0xF0, 0x07, 0xFE, 0x07, 0xFE, 0x00, 0xF7, 0xC0,
    0xFB, 0xE0, 0x1E, 0xF8, 0x1F, 0x7C, 0x07, 0xDF, 0x03, 0xEF, 0x80, 0xF3, 0xE0, 0x7C, 0xF8, 0x1E,
    0x7C, 0x0F, 0x9F, 0x07, 0xCF, 0x81, 0xF3, 0xE0, 0xF1, 0xF0, 0x3E, 0x3C, 0x1E, 0x3E, 0x07, 0xC7,
    0xC7, 0xC7, 0xC0, 0xF8, 0xF8, 0xF0, 0xF8, 0x1F, 0x0F, 0x1E, 0x1F, 0x03, 0xE1, 0xF7, 0xC3, 0xE0,
    0x7C, 0x3E, 0xF0, 0x7C, 0x0F, 0x83, 0xDE, 0x0F, 0x81, 0xF0, 0x7F, 0xC1, 0xF0, 0x3E, 0x0F, 0xF0,
    0x3F, 0xFF, 0xC1, 0xFE, 0x07, 0xFF, 0xF8, 0x1F, 0xC0, 0xFF, 0xDF, 0x03, 0xF0, 0x1F, 0xFB, 0xE0,
    0x7E, 0x03, 0xFF, 0x00, 0x00, 0x00, 0x03, 0xE0, 0x00, 0x00, 0x00, 0xF8, 0x00, 0x00, 0x00, 0x1F,
    0x00, 0x00, 0x00, 0x03, 0xE0, 0x00, 0x00, 0x00, 0xFC, 0x00, 0x00, 0x00, 0x1F, 0x00, 0x00, 0x00,
    0x07, 0xE0, 0x00, 0x00, 0x00, 0xFC, 0x00, 0xFF, 0x00, 0x3F, 0xC1, 0xFE, 0x00, 0x7F, 0x83, 0xFE,
    0x00, 0xFF, 0x07, 0xFC, 0x03, 0xFE, 0x0F, 0xFC, 0x07, 0xFC, 0x1F, 0xF8, 0x1F, 0xF8, 0x3E, 0xF0,
    0x3F, 0xF0, 0x7D, 0xF0, 0x7B, 0xE0, 0xFB, 0xE1, 0xF7, 0xC1, 0xF3, 0xC3, 0xCF, 0x83, 0xE7, 0xC7,
    0x9F, 0x07, 0xCF, 0x9F, 0x3E, 0x0F, 0x8F, 0x3C, 0x7C, 0x1F, 0x1F, 0xF8, 0xF8, 0x3E, 0x1F, 0xF1,
    0xF0, 0x7C, 0x3F, 0xC3, 0xE0, 0xF8, 0x7F, 0x87, 0xC1, 0xF0, 0x7F, 0x0F, 0xFF, 0xE0, 0xFC, 0x1F,
    0xFF, 0xC1, 0xF8, 0x3F, 0xFF, 0x81, 0xE0, 0x7F, 0xE0, 0x00, 0x00, 0x07, 0x80, 0x00, 0x00, 0x1F,
    0x00, 0x00, 0x00, 0x3E, 0x00, 0x00, 0x00, 0x7C, 0x00, 0x00, 0x01, 0xF0, 0x00, 0x00, 0x03, 0xE0,
    0x00, 0x00, 0x07, 0xC0, 0xFF, 0xFF, 0xFF, 0xFF, 0xFF, 0xFF, 0xFF, 0xFF, 0xFF, 0xFF, 0xFF, 0xFF,
    0xFF, 0xFF, 0xFF, 0xFF, 0xFF, 0xFF, 0xFF, 0xFF, 0xC0, 0x03, 0xE0, 0xF8, 0x00, 0xF8, 0x3E, 0x00,
    0x3E, 0x0F, 0x00, 0x07, 0xC7, 0xC0, 0x01, 0xFF, 0xF0, 0x00, 0x3F, 0xF8, 0x00, 0x03, 0xF8, 0x00,
    0x00, 0x00, 0x00, 0x00, 0x00, 0x00, 0x00, 0x1F, 0xE0, 0x00, 0x07, 0xF8, 0x00, 0x01, 0xFE, 0x00,
    0x00, 0xFF, 0xC0, 0x00, 0x3F, 0xF0, 0x00, 0x1F, 0xFC, 0x00, 0x07, 0xCF, 0x80, 0x01, 0xF3, 0xE0,
    0x00, 0xFC, 0xF8, 0x00, 0x3F, 0x3F, 0x00, 0x0F, 0x87, 0xC0, 0x07, 0xE1, 0xF8, 0x01, 0xF8, 0x7E,
    0x00, 0x7C, 0x0F, 0x80, 0x3F, 0x03, 0xF0, 0x0F, 0xC0, 0xFC, 0x03, 0xFF, 0xFF, 0x01, 0xFF, 0xFF,
    0xE0, 0x7F, 0xFF, 0xF8, 0x1F, 0xFF, 0xFE, 0x0F, 0xFF, 0xFF, 0xC3, 0xF0, 0x03, 0xF0, 0xFC, 0x00,
    0xFC, 0x7E, 0x00, 0x1F, 0x9F, 0x80, 0x07, 0xE7, 0xE0, 0x01, 0xFB, 0xF0, 0x00, 0x3F, 0x1F, 0x0F,
    0x87, 0xC3, 0xE0, 0xF9, 0xF8, 0x3F, 0xFE, 0x07, 0xFF, 0x00, 0xFF, 0x80, 0x1F, 0xC0, 0x00, 0x00,
    0x00, 0x00, 0x00, 0xFF, 0x01, 0xFF, 0xF0, 0x7F, 0xFE, 0x1F, 0xFF, 0x87, 0x07, 0xF0, 0x00, 0xFC,
    0x00, 0x3F, 0x00, 0x0F, 0xC1, 0xFF, 0xF3, 0xFF, 0xFD, 0xFF, 0xFF, 0x7F, 0xFF, 0xFF, 0x83, 0xFF,
    0xC0, 0xFF, 0xF0, 0x3F, 0xFC, 0x1F, 0xFF, 0x8F, 0xFF, 0xFF, 0xFD, 0xFF, 0xDF, 0x3F, 0xE7, 0xC7,
    0xE0, 0xF0, 0x01, 0xC1, 0xC0, 0x01, 0xF1, 0xF0, 0x00, 0xF8, 0xF8, 0x00, 0x7C, 0x7C, 0x00, 0x1C,
    0x1C, 0x00, 0x00, 0x00, 0x00, 0x00, 0x00, 0x00, 0x00, 0x00, 0x00, 0x00, 0x7F, 0x00, 0x00, 0x7F,
    0xC0, 0x00, 0x3F, 0xE0, 0x00, 0x1F, 0xF0, 0x00, 0x1F, 0x7C, 0x00, 0x0F, 0xBE, 0x00, 0x07, 0xDF,
    0x00, 0x07, 0xEF, 0xC0, 0x03, 0xF3, 0xE0, 0x01, 0xF1, 0xF0, 0x01, 0xF8, 0xFC, 0x00, 0xFC, 0x7E,
    0x00, 0x7C, 0x1F, 0x00, 0x7E, 0x0F, 0xC0, 0x3F, 0x07, 0xE0, 0x1F, 0x01, 0xF0, 0x1F, 0xFF, 0xFC,
    0x0F, 0xFF, 0xFE, 0x07, 0xFF, 0xFF, 0x07, 0xFF, 0xFF, 0xC3, 0xFF, 0xFF, 0xE1, 0xF8, 0x03, 0xF1,
    0xF8, 0x00, 0xFC, 0xFC, 0x00, 0x7E, 0x7E, 0x00, 0x3F, 0xFE, 0x00, 0x0F, 0xFF, 0x00, 0x07, 0xE0,
    0x0E, 0x0E, 0x07, 0xC7, 0xC1, 0xF1, 0xF0, 0x7C, 0x7C, 0x0E, 0x0E, 0x00, 0x00, 0x00, 0x00, 0x00,
    0x00, 0x00, 0x03, 0xFC, 0x07, 0xFF, 0xC3, 0xFF, 0xF8, 0x7F, 0xFE, 0x1C, 0x1F, 0xC0, 0x03, 0xF0,
    0x00, 0xFC, 0x00, 0x3F, 0x07, 0xFF, 0xCF, 0xFF, 0xF7, 0xFF, 0xFD, 0xFF, 0xFF, 0xFE, 0x0F, 0xFF,
    0x03, 0xFF, 0xC0, 0xFF, 0xF0, 0x7F, 0xFE, 0x3F, 0xFF, 0xFF, 0xF7, 0xFF, 0x7C, 0xFF, 0x9F, 0x1F,
    0x83, 0xC0, 0x00, 0x0F, 0xFF, 0xFF, 0xC0, 0x03, 0xFF, 0xFF, 0xF0, 0x01, 0xFF, 0xFF, 0xFC, 0x00,
    0x7F, 0xFF, 0xFF, 0x00, 0x3E, 0x3F, 0x00, 0x00, 0x0F, 0x8F, 0xC0, 0x00, 0x03, 0xE3, 0xF0, 0x00,
    0x01, 0xF0, 0xFC, 0x00, 0x00, 0x7C, 0x3F, 0x00, 0x00, 0x3F, 0x0F, 0xC0, 0x00, 0x0F, 0x83, 0xF0,
    0x00, 0x07, 0xE0, 0xFF, 0xFF, 0x01, 0xF0, 0x3F, 0xFF, 0xC0, 0xFC, 0x0F, 0xFF, 0xF0, 0x3F, 0x03,
    0xFF, 0xFC, 0x0F, 0x80, 0xFC, 0x00, 0x07, 0xFF, 0xFF, 0x00, 0x01, 0xFF, 0xFF, 0xC0, 0x00, 0xFF,
    0xFF, 0xF0, 0x00, 0x3F, 0xFF, 0xFC, 0x00, 0x1F, 0xFF, 0xFF, 0x00, 0x07, 0xE0, 0x0F, 0xC0, 0x03,
    0xF0, 0x03, 0xF0, 0x00, 0xFC, 0x00, 0xFF, 0xFF, 0x3E, 0x00, 0x3F, 0xFF, 0xDF, 0x80, 0x0F, 0xFF,
    0xF7, 0xE0, 0x03, 0xFF, 0xFC, 0x07, 0xF8, 0x1F, 0x80, 0x3F, 0xFC, 0xFF, 0xC0, 0xFF, 0xFF, 0xFF,
    0xE0, 0xFF, 0xFF, 0xFF, 0xC1, 0xC1, 0xFF, 0x0F, 0xC0, 0x01, 0xFC, 0x0F, 0x80, 0x03, 0xF0, 0x0F,
    0x80, 0x07, 0xE0, 0x1F, 0x07, 0xFF, 0xFF, 0xFE, 0x7F, 0xFF, 0xFF, 0xFD, 0xFF, 0xFF, 0xFF, 0xFB,
    0xF8, 0x7F, 0xFF, 0xFF, 0xC0, 0xFC, 0x00, 0x1F, 0x81, 0xF8, 0x00, 0x3F, 0x03, 0xF0, 0x00, 0x7E,
    0x0F, 0xF0, 0x00, 0xFE, 0x3F, 0xF8, 0x1C, 0xFF, 0xFF, 0xFF, 0xF9, 0xFF, 0xF3, 0xFF, 0xF1, 0xFF,
    0x83, 0xFF, 0xE0, 0xFC, 0x01, 0xFE, 0x00, 0xF8, 0x3E, 0xF8, 0x3E, 0x7C, 0x3E, 0x7C, 0x7C, 0x3F,
    0xFC, 0x1F, 0xF8, 0x0F, 0xE0, 0x00, 0x00, 0x00, 0x00, 0xFF, 0xFF, 0xFF, 0xFF, 0xFF, 0xFF, 0xFF,
    0xFF, 0xFC, 0x00, 0xFC, 0x00, 0xFC, 0x00, 0xFC, 0x00, 0xFC, 0x00, 0xFC, 0x00, 0xFC, 0x00, 0xFF,
    0xFE, 0xFF, 0xFE, 0xFF, 0xFE, 0xFF, 0xFE, 0xFC, 0x00, 0xFC, 0x00, 0xFC, 0x00, 0xFC, 0x00, 0xFC,
    0x00, 0xFC, 0x00, 0xFC, 0x00, 0xFC, 0x00, 0xFF, 0xFF, 0xFF, 0xFF, 0xFF, 0xFF, 0xFF, 0xFF, 0x1F,
    0x0F, 0x83, 0xE1, 0xF0, 0x7E, 0x7E, 0x07, 0xFF, 0xC0, 0xFF, 0xF0, 0x0F, 0xFC, 0x00, 0x7E, 0x00,
    0x00, 0x00, 0x00, 0x00, 0x00, 0x7F, 0x00, 0x3F, 0xF8, 0x0F, 0xFF, 0xC3, 0xFF, 0xF8, 0xFE, 0x3F,
    0x9F, 0x83, 0xF3, 0xE0, 0x3F, 0xFC, 0x07, 0xFF, 0xFF, 0xFF, 0xFF, 0xFF, 0xFF, 0xFF, 0xFF, 0xFF,
    0xFF, 0xF8, 0x00, 0x3F, 0x00, 0x07, 0xE0, 0x00, 0x7E, 0x00, 0x0F, 0xF0, 0x38, 0xFF, 0xFF, 0x0F,
    0xFF, 0xE0, 0xFF, 0xFC, 0x03, 0xFC, 0x00, 0x00, 0x00, 0x00, 0x00, 0x3F, 0xF0, 0x00, 0x3F, 0xFF,
    0x00, 0x1F, 0xFF, 0xF0, 0x0F, 0xFF, 0xFE, 0x07, 0xFF, 0xFF, 0x83, 0xFC, 0x0F, 0xF0, 0xFE, 0x00,
    0xFE, 0x3F, 0x00, 0x3F, 0x80, 0x00, 0x07, 0xE0, 0x00, 0x01, 0xFC, 0x00, 0x00, 0x3F, 0x00, 0x00,
    0x0F, 0xFF, 0xFF, 0xFF, 0xFF, 0xFF, 0xFF, 0xFD, 0xFF, 0xFF, 0xFF, 0x7F, 0xFF, 0xFF, 0xDF, 0x80,
    0x03, 0xF7, 0xE0, 0x00, 0xFD, 0xF8, 0x00, 0x7E, 0x7F, 0x00, 0x1F, 0x8F, 0xC0, 0x0F, 0xE3, 0xFC,
    0x07, 0xF0, 0x7F, 0xFF, 0xF8, 0x0F, 0xFF, 0xFE, 0x01, 0xFF, 0xFF, 0x00, 0x3F, 0xFF, 0x00, 0x03,
    0xFF, 0x00, 0x00, 0x0C, 0x00, 0x00, 0x03, 0xF8, 0x00, 0xFF, 0xE0, 0x1F, 0xFF, 0x83, 0xFF, 0xFC,
    0x7F, 0x0F, 0xC7, 0xE0, 0x7E, 0x00, 0x03, 0xE0, 0x00, 0x3F, 0x00, 0x03, 0xFF, 0xFF, 0xFF, 0xFF,
    0xFF, 0xFF, 0xFF, 0xFF, 0xFF, 0xFF, 0xFF, 0xC0, 0x3F, 0x7C, 0x03, 0xE7, 0xE0, 0x7E, 0x3F, 0x0F,
    0xC3, 0xFF, 0xFC, 0x1F, 0xFF, 0x80, 0xFF, 0xF0, 0x03, 0xF8, 0x00, 0x01, 0xC1, 0xC0, 0x01, 0xF1,
    0xF0, 0x00, 0xF8, 0xF8, 0x00, 0x7C, 0x7C, 0x00, 0x1C, 0x1C, 0x00, 0x00, 0x00, 0x00, 0x00, 0x00,
    0x00, 0x00, 0x00, 0x00, 0x01, 0xFF, 0x00, 0x07, 0xFF, 0xF0, 0x0F, 0xFF, 0xFC, 0x0F, 0xFF, 0xFF,
    0x07, 0xFF, 0xFF, 0xC3, 0xF0, 0x0F, 0xF1, 0xC0, 0x01, 0xFC, 0x00, 0x00, 0x7E, 0x00, 0x00, 0x1F,
    0x00, 0x00, 0x0F, 0xC0, 0x00, 0x07, 0xFF, 0xFF, 0xFF, 0xFF, 0xFF, 0xFF, 0xFF, 0xFF, 0xFF, 0xFF,
    0xFF, 0xFF, 0xFF, 0xFF, 0xFF, 0xFF, 0xFC, 0x00, 0x1F, 0xFE, 0x00, 0x0F, 0xDF, 0x00, 0x0F, 0xCF,
    0xC0, 0x07, 0xE7, 0xF0, 0x07, 0xF1, 0xFC, 0x0F, 0xF0, 0xFF, 0xFF, 0xF8, 0x3F, 0xFF, 0xF8, 0x0F,
    0xFF, 0xF8, 0x01, 0xFF, 0xF0, 0x00, 0x3F, 0xE0, 0x00, 0x0E, 0x0E, 0x03, 0xE3, 0xE0, 0x7C, 0x7C,
    0x0F, 0x8F, 0x80, 0xE0, 0xE0, 0x00, 0x00, 0x00, 0x00, 0x00, 0x00, 0x00, 0x0F, 0xF0, 0x0F, 0xFF,
    0xC1, 0xFF, 0xFC, 0x3F, 0xFF, 0xC7, 0x03, 0xFC, 0x00, 0x1F, 0x80, 0x03, 0xF0, 0x00, 0x3F, 0x00,
    0x07, 0xFF, 0xFF, 0xFF, 0xFF, 0xFF, 0xFF, 0xFF, 0xFF, 0xFF, 0xFF, 0xF8, 0x0F, 0xFF, 0x01, 0xF3,
    0xF0, 0x7E, 0x7F, 0x1F, 0xC7, 0xFF, 0xF0, 0xFF, 0xFC, 0x07, 0xFF, 0x00, 0x3F, 0x80, 0x00, 0x07,
    0x07, 0x00, 0x00, 0x00, 0x7C, 0x7C, 0x00, 0x00, 0x03, 0xE3, 0xE0, 0x00, 0x00, 0x1F, 0x1F, 0x00,
    0x00, 0x00, 0x70, 0x70, 0x00, 0x00, 0x00, 0x00, 0x00, 0x00, 0x00, 0x00, 0x00, 0x00, 0x00, 0x00,
    0x00, 0x00, 0x00, 0x3F, 0x00, 0xFC, 0x03, 0xF1, 0xF8, 0x07, 0xE0, 0x3F, 0x07, 0xE0, 0x3F, 0x01,
    0xF8, 0x1F, 0x81, 0xF8, 0x1F, 0x80, 0xFC, 0x0F, 0xC1, 0xF8, 0x03, 0xF0, 0x7E, 0x0F, 0xC0, 0x0F,
    0xC3, 0xF0, 0xFC, 0x00, 0x7E, 0x1F, 0x87, 0xC0, 0x01, 0xF8, 0xFC, 0x7E, 0x00, 0x07, 0xE7, 0xE7,
    0xE0, 0x00, 0x3F, 0xFF, 0xFE, 0x00, 0x00, 0xFF, 0xFF, 0xF0, 0x00, 0x07, 0xFF, 0xFF, 0x00, 0x00,
    0x3F, 0xFF, 0xFC, 0x00, 0x03, 0xFF, 0xFF, 0xE0, 0x00, 0x1F, 0x9F, 0x9F, 0x80, 0x01, 0xF8, 0xFC,
    0x7E, 0x00, 0x1F, 0xC7, 0xE3, 0xF0, 0x00, 0xFC, 0x3F, 0x0F, 0xC0, 0x0F, 0xC1, 0xF8, 0x7E, 0x00,
    0xFE, 0x0F, 0xC1, 0xF8, 0x07, 0xE0, 0x7E, 0x0F, 0xE0, 0x7F, 0x03, 0xF0, 0x3F, 0x03, 0xF0, 0x1F,
    0x80, 0xFC, 0x3F, 0x00, 0xFC, 0x07, 0xF3, 0xF8, 0x07, 0xE0, 0x1F, 0x9F, 0x80, 0x3F, 0x00, 0xFE,
    0x00, 0x38, 0x38, 0x00, 0x00, 0x7C, 0x7C, 0x00, 0x00, 0x7C, 0x7C, 0x00, 0x00, 0x7C, 0x7C, 0x00,
    0x00, 0x38, 0x38, 0x00, 0x00, 0x00, 0x00, 0x00, 0x00, 0x00, 0x00, 0x00, 0x7C, 0x07, 0xC0, 0x7E,
    0x7E, 0x07, 0xC0, 0xFC, 0x3F, 0x07, 0xC0, 0xF8, 0x1F, 0x07, 0xC1, 0xF8, 0x1F, 0x87, 0xC3, 0xF0,
    0x0F, 0xC7, 0xC3, 0xE0, 0x07, 0xC7, 0xC7, 0xE0, 0x07, 0xE7, 0xCF, 0xC0, 0x03, 0xFF, 0xFF, 0x80,
    0x01, 0xFF, 0xFF, 0x80, 0x03, 0xFF, 0xFF, 0x80, 0x03, 0xFF, 0xFF, 0xC0, 0x07, 0xE7, 0xCF, 0xC0,
    0x07, 0xE7, 0xC7, 0xE0, 0x0F, 0xC7, 0xC7, 0xF0, 0x1F, 0x87, 0xC3, 0xF0, 0x1F, 0x87, 0xC1, 0xF8,
    0x3F, 0x07, 0xC1, 0xFC, 0x7F, 0x07, 0xC0, 0xFC, 0x7E, 0x07, 0xC0, 0x7E, 0xFC, 0x07, 0xC0, 0x7F,
    0x0E, 0x0E, 0x03, 0xE3, 0xE0, 0x7C, 0x7C, 0x0F, 0x8F, 0x80, 0xE0, 0xE0, 0x00, 0x00, 0x00, 0x00,
    0x00, 0x00, 0x00, 0x0F, 0xFC, 0x0F, 0xFF, 0xE1, 0xFF, 0xFE, 0x3F, 0xFF, 0xE3, 0x81, 0xFE, 0x00,
    0x1F, 0xC0, 0x01, 0xF8, 0x00, 0x3F, 0x00, 0x07, 0xE0, 0x01, 0xF8, 0x00, 0x7F, 0x07, 0xFF, 0x80,
    0xFF, 0xC0, 0x1F, 0xFC, 0x03, 0xFF, 0xE0, 0x01, 0xFE, 0x00, 0x0F, 0xC0, 0x00, 0xFC, 0x00, 0x1F,
    0x80, 0x03, 0xF0, 0x00, 0x7F, 0x00, 0x1F, 0xFC, 0x07, 0xF7, 0xFF, 0xFE, 0xFF, 0xFF, 0x9F, 0xFF,
    0xC0, 0x7F, 0xE0, 0x00, 0x1C, 0x1C, 0x1F, 0x1F, 0x0F, 0x8F, 0x87, 0xC7, 0xC1, 0xC1, 0xC0, 0x00,
    0x00, 0x00, 0x00, 0x00, 0x00, 0x0F, 0xF8, 0x7F, 0xFF, 0x1F, 0xFF, 0xCF, 0xFF, 0xF3, 0x03, 0xF8,
    0x00, 0xFC, 0x00, 0x7E, 0x00, 0x7E, 0x0F, 0xFE, 0x07, 0xFC, 0x03, 0xFF, 0x01, 0xFF, 0xE0, 0x03,
    0xF0, 0x00, 0xFC, 0x00, 0x7E, 0x00, 0x3F, 0xE0, 0x3F, 0xFF, 0xFF, 0xBF, 0xFF, 0xDF, 0xFF, 0x81,
    0xFF, 0x00, 0x7F, 0xFF, 0xE7, 0xFF, 0xFE, 0x7F, 0xFF, 0xE7, 0xFF, 0xFE, 0x00, 0x3F, 0xC0, 0x07,
    0xF0, 0x00, 0xFE, 0x00, 0x1F, 0xC0, 0x03, 0xF8, 0x00, 0x7F, 0x00, 0x0F, 0xE0, 0x00, 0xFF, 0xE0,
    0x0F, 0xFF, 0x80, 0xFF, 0xFC, 0x0F, 0xFF, 0xE0, 0x01, 0xFE, 0x00, 0x07, 0xF0, 0x00, 0x3F, 0x00,
    0x03, 0xF0, 0x00, 0x3F, 0x00, 0x03, 0xF8, 0x00, 0x7E, 0xF0, 0x1F, 0xEF, 0xFF, 0xFC, 0xFF, 0xFF,
    0x8F, 0xFF, 0xF0, 0x1F, 0xF8, 0x00, 0x7F, 0xFF, 0xE7, 0xFF, 0xFE, 0x7F, 0xFF, 0xE7, 0xFF, 0xFE,
    0x00, 0x1F, 0xC0, 0x03, 0xF8, 0x00, 0x7F, 0x00, 0x0F, 0xE0, 0x01, 0xFC, 0x00, 0x3F, 0x80, 0x07,
    0xF0, 0x00, 0xFF, 0x00, 0x0F, 0xFE, 0x00, 0xFF, 0xF8, 0x0F, 0xFF, 0xC0, 0xFF, 0xFE, 0x00, 0x1F,
    0xE0, 0x00, 0x7F, 0x00, 0x07, 0xF0, 0x00, 0x3F, 0x00, 0x03, 0xF0, 0x00, 0x3F, 0x00, 0x03, 0xF0,
    0x00, 0x7F, 0x80, 0x07, 0xEF, 0x01, 0xFE, 0xFF, 0xFF, 0xCF, 0xFF, 0xF8, 0xFF, 0xFF, 0x01, 0xFF,
    0x80, 0x03, 0xFF, 0x80, 0x07, 0xFF, 0x00, 0x0F, 0xFE, 0x00, 0x1F, 0xFC, 0x00, 0x00, 0x00, 0x00,
    0x00, 0x00, 0x00, 0x00, 0x00, 0x7E, 0x00, 0x7F, 0xFC, 0x00, 0xFF, 0xF8, 0x03, 0xFF, 0xF0, 0x07,
    0xFF, 0xE0, 0x1F, 0xFF, 0xC0, 0x7F, 0xFF, 0x80, 0xFF, 0xFF, 0x03, 0xFF, 0xFE, 0x07, 0xFF, 0xFC,
    0x1F, 0xFF, 0xF8, 0x3E, 0xFF, 0xF0, 0xFD, 0xFF, 0xE3, 0xF3, 0xFF, 0xC7, 0xC7, 0xFF, 0x9F, 0x8F,
    0xFF, 0x3E, 0x1F, 0xFE, 0xFC, 0x3F, 0xFD, 0xF0, 0x7F, 0xFF, 0xE0, 0xFF, 0xFF, 0x81, 0xFF, 0xFE,
    0x03, 0xFF, 0xFC, 0x07, 0xFF, 0xF0, 0x0F, 0xFF, 0xE0, 0x1F, 0xFF, 0x80, 0x3F, 0xFF, 0x00, 0x7F,
    0xFC, 0x00, 0xFC, 0x1F, 0xFC, 0x07, 0xFF, 0x01, 0xFF, 0xC0, 0x7F, 0xF0, 0x00, 0x00, 0x00, 0x00,
    0x0F, 0xC0, 0xFF, 0xF0, 0x3F, 0xFC, 0x1F, 0xFF, 0x07, 0xFF, 0xC3, 0xFF, 0xF1, 0xFF, 0xFC, 0x7F,
    0xFF, 0x3F, 0xFF, 0xCF, 0xFF, 0xF7, 0xFF, 0xFD, 0xEF, 0xFF, 0xFB, 0xFF, 0xFC, 0xFF, 0xFF, 0x3F,
    0xFF, 0x8F, 0xFF, 0xE3, 0xFF, 0xF0, 0xFF, 0xFC, 0x3F, 0xFE, 0x0F, 0xFF, 0x83, 0xFF, 0xC0, 0xFC,
    0x03, 0x83, 0x80, 0x0F, 0x8F, 0x80, 0x1F, 0x1F, 0x00, 0x3E, 0x3E, 0x00, 0x38, 0x38, 0x00, 0x00,
    0x00, 0x00, 0x00, 0x00, 0x00, 0x00, 0x00, 0xFC, 0x01, 0xFF, 0xF8, 0x03, 0xFF, 0xF0, 0x0F, 0xFF,
    0xE0, 0x1F, 0xFF, 0xC0, 0x7F, 0xFF, 0x80, 0xFF, 0xFF, 0x01, 0xFF, 0xFE, 0x07, 0xFF, 0xFC, 0x0F,
    0x7F, 0xF8, 0x3E, 0xFF, 0xF0, 0x79, 0xFF, 0xE1, 0xF3, 0xFF, 0xC3, 0xC7, 0xFF, 0x8F, 0x8F, 0xFF,
    0x1E, 0x1F, 0xFE, 0x7C, 0x3F, 0xFC, 0xF0, 0x7F, 0xFB, 0xE0, 0xFF, 0xF7, 0x81, 0xFF, 0xFF, 0x03,
    0xFF, 0xFC, 0x07, 0xFF, 0xF8, 0x0F, 0xFF, 0xF0, 0x1F, 0xFF, 0xC0, 0x3F, 0xFF, 0x80, 0x7F, 0xFE,
    0x00, 0xFF, 0xFC, 0x01, 0xF8, 0x0E, 0x0E, 0x01, 0xF1, 0xF0, 0x1F, 0x1F, 0x01, 0xF1, 0xF0, 0x0E,
    0x0E, 0x00, 0x00, 0x00, 0x00, 0x00, 0x0F, 0xC0, 0x7F, 0xFC, 0x0F, 0xFF, 0xC0, 0xFF, 0xFC, 0x1F,
    0xFF, 0xC1, 0xFF, 0xFC, 0x3F, 0xFF, 0xC3, 0xFF, 0xFC, 0x7F, 0xFF, 0xC7, 0xBF, 0xFC, 0xFB, 0xFF,
    0xCF, 0x3F, 0xFD, 0xF3, 0xFF, 0xDE, 0x3F, 0xFF, 0xE3, 0xFF, 0xFC, 0x3F, 0xFF, 0xC3, 0xFF, 0xF8,
    0x3F, 0xFF, 0x03, 0xFF, 0xF0, 0x3F, 0xFE, 0x03, 0xFF, 0xE0, 0x3F, 0x01, 0xC1, 0xC0, 0x01, 0xF1,
    0xF0, 0x00, 0xF8, 0xF8, 0x00, 0x7C, 0x7C, 0x00, 0x1C, 0x1C, 0x00, 0x00, 0x00, 0x00, 0x00, 0x00,
    0x00, 0x00, 0x00, 0x00, 0x00, 0xFF, 0x80, 0x01, 0xFF, 0xF0, 0x03, 0xFF, 0xFE, 0x03, 0xFF, 0xFF,
    0x83, 0xFF, 0xFF, 0xE1, 0xFE, 0x0F, 0xF1, 0xFC, 0x01, 0xFC, 0xFC, 0x00, 0x7E, 0x7E, 0x00, 0x3F,
    0x7E, 0x00, 0x1F, 0xFF, 0x00, 0x07, 0xFF, 0x80, 0x03, 0xFF, 0xC0, 0x01, 0xFF, 0xE0, 0x00, 0xFF,
    0xF0, 0x00, 0x7F, 0xF8, 0x00, 0x3F, 0xFC, 0x00, 0x1F, 0xFF, 0x00, 0x1F, 0xDF, 0x80, 0x0F, 0xCF,
    0xC0, 0x07, 0xE7, 0xF0, 0x07, 0xF1, 0xFE, 0x0F, 0xF0, 0xFF, 0xFF, 0xF8, 0x3F, 0xFF, 0xF8, 0x0F,
    0xFF, 0xF8, 0x01, 0xFF, 0xF0, 0x00, 0x3F, 0xE0, 0x00, 0x0E, 0x07, 0x01, 0xF0, 0xF8, 0x1F, 0x0F,
    0x81, 0xF0, 0xF8, 0x0E, 0x07, 0x00, 0x00, 0x00, 0x00, 0x00, 0x00, 0x00, 0x00, 0x03, 0xFC, 0x00,
    0xFF, 0xF0, 0x1F, 0xFF, 0x83, 0xFF, 0xFC, 0x7F, 0x0F, 0xE7, 0xE0, 0x7E, 0xFE, 0x07, 0xEF, 0xC0,
    0x3F, 0xFC, 0x03, 0xFF, 0xC0, 0x3F, 0xFC, 0x03, 0xFF, 0xC0, 0x3F, 0xFC, 0x03, 0xFF, 0xC0, 0x3F,
    0x7E, 0x07, 0xE7, 0xE0, 0x7E, 0x7F, 0x0F, 0xE3, 0xFF, 0xFC, 0x1F, 0xFF, 0x80, 0xFF, 0xF0, 0x03,
    0xFC, 0x00, 0x00, 0x00, 0x00, 0x00, 0x7F, 0xF8, 0x00, 0x3F, 0xFF, 0x00, 0x3F, 0xFF, 0xF0, 0x1F,
    0xFF, 0xFE, 0x0F, 0xFF, 0xFF, 0x83, 0xF8, 0x07, 0xF1, 0xFC, 0x00, 0xFE, 0x7E, 0x00, 0x1F, 0x9F,
    0x80, 0x07, 0xEF, 0xE0, 0x01, 0xFF, 0xF0, 0x00, 0x3F, 0xFF, 0xFF, 0xFF, 0xFF, 0xFF, 0xFF, 0xFF,
    0xFF, 0xFF, 0xFF, 0xFF, 0xFF, 0xFF, 0xFF, 0xFF, 0xFF, 0xFF, 0x00, 0x03, 0xFF, 0xC0, 0x01, 0xFD,
    0xF8, 0x00, 0x7E, 0x7E, 0x00, 0x1F, 0x9F, 0xC0, 0x0F, 0xE3, 0xF8, 0x07, 0xF0, 0xFF, 0xFF, 0xFC,
    0x1F, 0xFF, 0xFE, 0x03, 0xFF, 0xFF, 0x00, 0x3F, 0xFF, 0x00, 0x07, 0xFF, 0x80, 0x00, 0x0C, 0x00,
    0x00, 0x01, 0xFC, 0x00, 0x3F, 0xF8, 0x07, 0xFF, 0xF0, 0x7F, 0xFF, 0xC3, 0xF0, 0xFE, 0x3F, 0x01,
    0xF9, 0xF8, 0x0F, 0xDF, 0x80, 0x3F, 0xFF, 0xFF, 0xFF, 0xFF, 0xFF, 0xFF, 0xFF, 0xFF, 0xFF, 0xFF,
    0xFF, 0xC0, 0x1F, 0xFE, 0x00, 0xFD, 0xF8, 0x0F, 0xCF, 0xC0, 0x7E, 0x3F, 0x07, 0xE1, 0xFF, 0xFF,
    0x07, 0xFF, 0xF0, 0x0F, 0xFE, 0x00, 0x1F, 0xC0, 0x00, 0x01, 0xC1, 0xC0, 0x00, 0xF8, 0xF8, 0x00,
    0x3E, 0x3E, 0x00, 0x0F, 0x8F, 0x80, 0x01, 0xC1, 0xC0, 0x00, 0x00, 0x00, 0x00, 0x00, 0x00, 0x00,
    0x00, 0x00, 0x00, 0x00, 0x7F, 0x80, 0x00, 0xFF, 0xFC, 0x00, 0xFF, 0xFF, 0xC0, 0x7F, 0xFF, 0xF8,
    0x3F, 0xC0, 0xFF, 0x0F, 0xC0, 0x0F, 0xC7, 0xF0, 0x03, 0xF9, 0xF8, 0x00, 0x7E, 0x7E, 0x00, 0x1F,
    0xBF, 0x00, 0x03, 0xFF, 0xC0, 0x00, 0xFF, 0xFF, 0xFF, 0xFF, 0xFF, 0xFF, 0xFF, 0xFF, 0xFF, 0xFF,
    0xFF, 0xFF, 0xFF, 0xFF, 0xF0, 0x00, 0x3F, 0xFC, 0x00, 0x0F, 0xFF, 0x00, 0x03, 0xF7, 0xE0, 0x01,
    0xF9, 0xF8, 0x00, 0x7E, 0x7F, 0x00, 0x1F, 0x8F, 0xC0, 0x0F, 0xC1, 0xFC, 0x0F, 0xE0, 0x7F, 0xFF,
    0xF8, 0x0F, 0xFF, 0xFC, 0x00, 0xFF, 0xFC, 0x00, 0x07, 0xF8, 0x00, 0x0E, 0x07, 0x01, 0xF0, 0xF8,
    0x1F, 0x0F, 0x81, 0xF0, 0xF8, 0x0E, 0x07, 0x00, 0x00, 0x00, 0x00, 0x00, 0x00, 0x00, 0x00, 0x03,
    0xF8, 0x00, 0xFF, 0xF0, 0x1F, 0xFF, 0x83, 0xFF, 0xFC, 0x7F, 0x0F, 0xE7, 0xC0, 0x3E, 0xFC, 0x03,
    0xEF, 0x80, 0x3F, 0xFF, 0xFF, 0xFF, 0xFF, 0xFF, 0xFF, 0xFF, 0xFF, 0xFF, 0xFF, 0xF8, 0x03, 0xFF,
    0xC0, 0x3F, 0x7C, 0x03, 0xE7, 0xE0, 0x7E, 0x7F, 0x0F, 0xE3, 0xFF, 0xFC, 0x1F, 0xFF, 0x80, 0xFF,
    0xF0, 0x03, 0xF8, 0x00, 0x1C, 0x1E, 0x01, 0xF1, 0xF8, 0x0F, 0x8F, 0xC0, 0x7C, 0x7E, 0x01, 0xC1,
    0xE0, 0x00, 0x00, 0x00, 0x00, 0x00, 0x00, 0x00, 0x00, 0x0F, 0xF8, 0x03, 0xFF, 0xF0, 0x3F, 0xFF,
    0xE0, 0xFF, 0xFF, 0x87, 0xFF, 0xFE, 0x38, 0x0F, 0xF0, 0x00, 0x1F, 0xC0, 0x00, 0x7E, 0x00, 0x03,
    0xF0, 0x00, 0x0F, 0xC7, 0xFF, 0xFE, 0x3F, 0xFF, 0xF1, 0xFF, 0xFF, 0x8F, 0xFF, 0xFC, 0x7F, 0xFF,
    0xE0, 0x00, 0x3F, 0x00, 0x01, 0xF8, 0x00, 0x1F, 0xC0, 0x00, 0xFC, 0x00, 0x07, 0xE0, 0x00, 0x7F,
    0x78, 0x0F, 0xF3, 0xFF, 0xFF, 0x1F, 0xFF, 0xF8, 0xFF, 0xFF, 0x83, 0xFF, 0xF0, 0x07, 0xFE, 0x00,
    0x38, 0x38, 0x3E, 0x3E, 0x1F, 0x1F, 0x0F, 0x8F, 0x83, 0x83, 0x80, 0x00, 0x00, 0x00, 0x00, 0x00,
    0x00, 0x1F, 0xE0, 0x7F, 0xFC, 0x1F, 0xFF, 0x0F, 0xFF, 0xC2, 0x0F, 0xF0, 0x01, 0xF8, 0x00, 0xFE,
    0x00, 0x3F, 0x1F, 0xFF, 0x8F, 0xFF, 0xC7, 0xFF, 0xE3, 0xFF, 0xF0, 0x01, 0xF8, 0x00, 0xFC, 0x00,
    0xFC, 0x00, 0x7E, 0xE0, 0xFF, 0x7F, 0xFF, 0x3F, 0xFF, 0x1F, 0xFF, 0x03, 0xFC, 0x00, 0x07, 0xFF,
    0x00, 0x3F, 0xF8, 0x01, 0xFF, 0xC0, 0x0F, 0xFE, 0x00, 0x00, 0x00, 0x00, 0x00, 0x00, 0x00, 0x00,
    0x1F, 0x80, 0x3F, 0xFC, 0x01, 0xFB, 0xF0, 0x1F, 0x9F, 0x80, 0xFC, 0xFC, 0x07, 0xE3, 0xF0, 0x7E,
    0x1F, 0x83, 0xF0, 0x7C, 0x1F, 0x03, 0xF1, 0xF8, 0x1F, 0x8F, 0xC0, 0x7C, 0x7C, 0x03, 0xF7, 0xE0,
    0x1F, 0xBF, 0x00, 0x7D, 0xF0, 0x03, 0xFF, 0x80, 0x0F, 0xFC, 0x00, 0x7F, 0xC0, 0x03, 0xFE, 0x00,
    0x0F, 0xF0, 0x00, 0x1F, 0x00, 0x01, 0xF8, 0x00, 0x0F, 0xC0, 0x0F, 0xFC, 0x00, 0x7F, 0xE0, 0x03,
    0xFE, 0x00, 0x1F, 0xF0, 0x00, 0xFE, 0x00, 0x00, 0x0F, 0xFE, 0x00, 0xFF, 0xE0, 0x0F, 0xFE, 0x00,
    0xFF, 0xE0, 0x00, 0x00, 0x00, 0x00, 0x00, 0xF8, 0x03, 0xEF, 0xC0, 0x7E, 0xFC, 0x07, 0xE7, 0xC0,
    0x7C, 0x7E, 0x07, 0xC7, 0xE0, 0xFC, 0x3E, 0x0F, 0xC3, 0xE0, 0xF8, 0x3F, 0x1F, 0x81, 0xF1, 0xF8,
    0x1F, 0x1F, 0x01, 0xF9, 0xF0, 0x0F, 0xBF, 0x00, 0xFB, 0xE0, 0x0F, 0xFE, 0x00, 0x7F, 0xE0, 0x07,
    0xFC, 0x00, 0x7F, 0xC0, 0x03, 0xFC, 0x00, 0x3F, 0x80, 0x00, 0xF8, 0x00, 0x0F, 0x80, 0x01, 0xF0,
    0x01, 0xFF, 0x00, 0x1F, 0xF0, 0x01, 0xFE, 0x00, 0x1F, 0xC0, 0x00, 0x03, 0x83, 0x80, 0x0F, 0x8F,
    0x80, 0x1F, 0x1F, 0x00, 0x3E, 0x3E, 0x00, 0x38, 0x38, 0x00, 0x00, 0x00, 0x00, 0x00, 0x00, 0x00,
    0x00, 0x00, 0xFC, 0x00, 0x7E, 0xF8, 0x00, 0xFD, 0xF8, 0x01, 0xF3, 0xF0, 0x07, 0xE3, 0xF0, 0x0F,
    0x87, 0xE0, 0x1F, 0x07, 0xE0, 0x7E, 0x0F, 0xC0, 0xF8, 0x0F, 0x83, 0xF0, 0x1F, 0x87, 0xC0, 0x1F,
    0x0F, 0x80, 0x3F, 0x3F, 0x00, 0x3E, 0x7C, 0x00, 0x7D, 0xF8, 0x00, 0x7F, 0xE0, 0x00, 0xFF, 0xC0,
    0x01, 0xFF, 0x00, 0x01, 0xFE, 0x00, 0x03, 0xFC, 0x00, 0x03, 0xF0, 0x00, 0x0F, 0xE0, 0x00, 0x3F,
    0x80, 0x0F, 0xFF, 0x00, 0x1F, 0xFC, 0x00, 0x3F, 0xF0, 0x00, 0x7F, 0xC0, 0x00, 0xFE, 0x00, 0x00,
    0x07, 0x07, 0x00, 0x7C, 0x7C, 0x03, 0xE3, 0xE0, 0x1F, 0x1F, 0x00, 0x70, 0x70, 0x00, 0x00, 0x00,
    0x00, 0x00, 0x00, 0x00, 0x00, 0xFC, 0x01, 0xFF, 0xE0, 0x0F, 0xDF, 0x80, 0x7C, 0xFC, 0x07, 0xE3,
    0xE0, 0x3E, 0x1F, 0x81, 0xF0, 0xFC, 0x1F, 0x83, 0xE0, 0xF8, 0x1F, 0x87, 0xC0, 0xFC, 0x7E, 0x03,
    0xE3, 0xE0, 0x1F, 0x9F, 0x00, 0x7D, 0xF8, 0x03, 0xEF, 0x80, 0x1F, 0x7C, 0x00, 0x7F, 0xC0, 0x03,
    0xFE, 0x00, 0x0F, 0xF0, 0x00, 0x7F, 0x00, 0x03, 0xF8, 0x00, 0x0F, 0xC0, 0x00, 0x7C, 0x00, 0x03,
    0xE0, 0x00, 0x3E, 0x00, 0x01, 0xF0, 0x00, 0x3F, 0x00, 0x1F, 0xF8, 0x00, 0xFF, 0x80, 0x07, 0xF8,
    0x00, 0x3F, 0x00, 0x00, 0x00, 0x3F, 0x7E, 0x00, 0x3E, 0x7C, 0x00, 0x7C, 0xF8, 0x00, 0xF8, 0xF0,
    0x00, 0xF1, 0xE0, 0x01, 0xC3, 0xC0, 0x00, 0x00, 0x00, 0x00, 0x00, 0x00, 0x00, 0x00, 0x00, 0xFC,
    0x00, 0x3F, 0x7E, 0x00, 0x7E, 0x7E, 0x00, 0x7E, 0x3E, 0x00, 0x7C, 0x3F, 0x00, 0xFC, 0x3F, 0x00,
    0xF8, 0x1F, 0x81, 0xF8, 0x1F, 0x81, 0xF8, 0x0F, 0xC1, 0xF0, 0x0F, 0xC3, 0xF0, 0x07, 0xC3, 0xE0,
    0x07, 0xE3, 0xE0, 0x03, 0xE7, 0xC0, 0x03, 0xF7, 0xC0, 0x01, 0xFF, 0xC0, 0x01, 0xFF, 0x80, 0x00,
    0xFF, 0x80, 0x00, 0xFF, 0x00, 0x00, 0x7F, 0x00, 0x00, 0x7E, 0x00, 0x00, 0xFE, 0x00, 0x01, 0xFC,
    0x00, 0x3F, 0xFC, 0x00, 0x3F, 0xF8, 0x00, 0x3F, 0xF0, 0x00, 0x3F, 0xE0, 0x00, 0x3F, 0x80, 0x00,
    0x01, 0xF9, 0xF0, 0x0F, 0x9F, 0x80, 0xF9, 0xF8, 0x0F, 0x8F, 0x00, 0x78, 0xF0, 0x07, 0x8F, 0x00,
    0x00, 0x00, 0x00, 0x00, 0x00, 0xFC, 0x01, 0xFF, 0xE0, 0x0F, 0xDF, 0x00, 0xFC, 0xFC, 0x07, 0xE7,
    0xE0, 0x3E, 0x1F, 0x01, 0xF0, 0xFC, 0x1F, 0x83, 0xE0, 0xF8, 0x1F, 0x07, 0xC0, 0xFC, 0x7E, 0x03,
    0xE3, 0xE0, 0x1F, 0x1F, 0x00, 0xFD, 0xF0, 0x03, 0xEF, 0x80, 0x1F, 0x7C, 0x00, 0x7B, 0xC0, 0x03,
    0xFE, 0x00, 0x1F, 0xF0, 0x00, 0x7F, 0x00, 0x03, 0xF8, 0x00, 0x0F, 0xC0, 0x00, 0x7C, 0x00, 0x07,
    0xE0, 0x00, 0x3E, 0x00, 0x03, 0xF0, 0x00, 0x3F, 0x80, 0x1F, 0xF8, 0x00, 0xFF, 0x80, 0x07, 0xF8,
    0x00, 0x3F, 0x00, 0x00, 0x07, 0x07, 0x00, 0x7C, 0x7C, 0x03, 0xE3, 0xE0, 0x1F, 0x1F, 0x00, 0x70,
    0x70, 0x00, 0x00, 0x00, 0x00, 0x00, 0x00, 0x00, 0x00, 0xFC, 0x01, 0xFF, 0xE0, 0x0F, 0xFF, 0x00,
    0x7F, 0xF8, 0x03, 0xFF, 0xC0, 0x1F, 0xFE, 0x00, 0xFF, 0xF0, 0x07, 0xFF, 0x80, 0x3F, 0xFC, 0x01,
    0xFF, 0xE0, 0x0F, 0xFF, 0x00, 0x7F, 0xFC, 0x03, 0xF7, 0xF0, 0x3F, 0xBF, 0xFF, 0xFC, 0xFF, 0xFF,
    0xE3, 0xFF, 0xFF, 0x07, 0xFD, 0xF8, 0x00, 0x0F, 0xC0, 0x00, 0x7E, 0x00, 0x03, 0xF0, 0x00, 0x1F,
    0x80, 0x00, 0xFC, 0x00, 0x07, 0xE0, 0x00, 0x3F, 0x00, 0x01, 0xF8, 0x00, 0x0F, 0xC0, 0x00, 0x7E,
    0x0E, 0x0E, 0x03, 0xE3, 0xE0, 0x7C, 0x7C, 0x0F, 0x8F, 0x80, 0xE0, 0xE0, 0x00, 0x00, 0x00, 0x00,
    0x07, 0xE0, 0x3F, 0xFC, 0x07, 0xFF, 0x80, 0xFF, 0xF0, 0x1F, 0xFE, 0x03, 0xFF, 0xC0, 0x7F, 0xF8,
    0x0F, 0xFF, 0x01, 0xFF, 0xE0, 0x3F, 0xFE, 0x07, 0xEF, 0xFF, 0xFD, 0xFF, 0xFF, 0x9F, 0xFF, 0xF0,
    0xFF, 0x7E, 0x00, 0x0F, 0xC0, 0x01, 0xF8, 0x00, 0x3F, 0x00, 0x07, 0xE0, 0x00, 0xFC, 0x00, 0x1F,
    0x80, 0x03, 0xF0, 0xFF, 0xFF, 0xFF, 0xFF, 0xFF, 0xFF, 0xFF, 0xFF, 0xFF, 0xC0, 0x07, 0xE0, 0x03,
    0xF0, 0x01, 0xF8, 0x00, 0xFC, 0x00, 0x7E, 0x00, 0x3F, 0x00, 0x1F, 0x80, 0x0F, 0xC0, 0x07, 0xE0,
    0x03, 0xF0, 0x01, 0xF8, 0x00, 0xFC, 0x00, 0x7E, 0x00, 0x3F, 0x00, 0x1F, 0x80, 0x0F, 0xC0, 0x07,
    0xE0, 0x03, 0xFF, 0x81, 0xFF, 0xC0, 0xFF, 0xE0, 0x7F, 0xF0, 0x3F, 0xF8, 0x00, 0x7C, 0x00, 0x3E,
    0x00, 0x1F, 0x00, 0x0F, 0x80, 0x07, 0xC0, 0x03, 0xE0, 0x01, 0xF0, 0x00, 0xF8, 0x00, 0xFF, 0xFF,
    0xFF, 0xFF, 0xFF, 0xFF, 0xFF, 0xFC, 0x03, 0xF0, 0x0F, 0xC0, 0x3F, 0x00, 0xFC, 0x03, 0xF0, 0x0F,
    0xC0, 0x3F, 0x00, 0xFC, 0x03, 0xF0, 0x0F, 0xC0, 0x3F, 0x00, 0xFC, 0x03, 0xFF, 0x8F, 0xFE, 0x3F,
    0xF8, 0xFF, 0xE0, 0x0F, 0x80, 0x3E, 0x00, 0xF8, 0x03, 0xE0, 0x0F, 0x80, 0x3E, 0x00, 0xF8, 0x00,
    0xE0, 0xE0, 0x00, 0x1F, 0x1F, 0x00, 0x01, 0xF1, 0xF0, 0x00, 0x1F, 0x1F, 0x00, 0x00, 0xE0, 0xE0,
    0x00, 0x00, 0x00, 0x00, 0x00, 0x00, 0x00, 0x00, 0x00, 0x00, 0x00, 0xFC, 0x00, 0x03, 0xFF, 0xC0,
    0x00, 0x3F, 0xFC, 0x00, 0x03, 0xFF, 0xC0, 0x00, 0x3F, 0xFC, 0x00, 0x03, 0xFF, 0xC0, 0x00, 0x3F,
    0xFC, 0x00, 0x03, 0xFF, 0xC0, 0x00, 0x3F, 0xFC, 0x00, 0x03, 0xFF, 0xC0, 0x00, 0x3F, 0xFF, 0xF8,
    0x03, 0xFF, 0xFF, 0xE0, 0x3F, 0xFF, 0xFF, 0x83, 0xFF, 0xFF, 0xFC, 0x3F, 0xFC, 0x1F, 0xC3, 0xFF,
    0xC0, 0xFE, 0x3F, 0xFC, 0x07, 0xE3, 0xFF, 0xC0, 0x7E, 0x3F, 0xFC, 0x07, 0xE3, 0xFF, 0xC0, 0x7E,
    0x3F, 0xFC, 0x07, 0xE3, 0xFF, 0xC0, 0xFE, 0x3F, 0xFC, 0x1F, 0xC3, 0xFF, 0xFF, 0xFC, 0x3F, 0xFF,
    0xFF, 0x83, 0xFF, 0xFF, 0xE0, 0x3F, 0xFF, 0xF8, 0x03, 0xF0, 0x01, 0xC0, 0xE0, 0x00, 0xF8, 0x7C,
    0x00, 0x3E, 0x1F, 0x00, 0x0F, 0x87, 0xC0, 0x01, 0xC0, 0xE0, 0x00, 0x00, 0x00, 0x00, 0x00, 0x00,
    0x03, 0xF0, 0x00, 0x3F, 0xFC, 0x00, 0x0F, 0xFF, 0x00, 0x03, 0xFF, 0xC0, 0x00, 0xFF, 0xF0, 0x00,
    0x3F, 0xFC, 0x00, 0x0F, 0xFF, 0x00, 0x03, 0xFF, 0xFF, 0x80, 0xFF, 0xFF, 0xF8, 0x3F, 0xFF, 0xFF,
    0x0F, 0xFF, 0xFF, 0xE3, 0xFF, 0xC1, 0xFC, 0xFF, 0xF0, 0x3F, 0x3F, 0xFC, 0x0F, 0xCF, 0xFF, 0x03,
    0xF3, 0xFF, 0xC0, 0xFC, 0xFF, 0xF0, 0x7F, 0x3F, 0xFF, 0xFF, 0x8F, 0xFF, 0xFF, 0xC3, 0xFF, 0xFF,
    0xE0, 0xFF, 0xFF, 0xE0, 0x3F, 0x3F, 0xFF, 0xF3, 0xFF, 0xFF, 0x3F, 0xFF, 0xF3, 0xFF, 0xFF, 0x3F,
    0x00, 0x03, 0xF0, 0x00, 0x3F, 0x00, 0x03, 0xF0, 0x00, 0x3F, 0x00, 0x03, 0xF0, 0x00, 0x3F, 0x00,
    0x0F, 0xFF, 0xF0, 0xFF, 0xFF, 0x0F, 0xFF, 0xF0, 0xFF, 0xFF, 0x03, 0xF0, 0x00, 0x3F, 0x00, 0x03,
    0xF0, 0x00, 0x3F, 0x00, 0x03, 0xF0, 0x00, 0x3F, 0x00, 0x03, 0xF0, 0x00, 0x3F, 0xFC, 0x03, 0xFF,
    0xC0, 0x3F, 0xFC, 0x03, 0xFF, 0xC0, 0x3F, 0xFC, 0x00, 0x0F, 0xC0, 0x00, 0xFC, 0x00, 0x0F, 0xC0,
    0x00, 0xFC, 0x00, 0x1F, 0xC0, 0x0F, 0xF8, 0x00, 0xFF, 0x80, 0x0F, 0xF0, 0x00, 0xFC, 0x00, 0x3F,
    0xFF, 0xCF, 0xFF, 0xF3, 0xFF, 0xFC, 0xFF, 0xFF, 0x3F, 0x00, 0x0F, 0xC0, 0x03, 0xF0, 0x00, 0xFC,
    0x00, 0x3F, 0x00, 0x3F, 0xFF, 0x0F, 0xFF, 0xC3, 0xFF, 0xF0, 0xFF, 0xFC, 0x0F, 0xC0, 0x03, 0xF0,
    0x00, 0xFC, 0x00, 0x3F, 0x00, 0x0F, 0xFE, 0x03, 0xFF, 0x80, 0xFF, 0xE0, 0x3F, 0xF8, 0x00, 0x3E,
    0x00, 0x0F, 0x80, 0x03, 0xE0, 0x00, 0xF8, 0x00, 0x7E, 0x00, 0xFF, 0x80, 0x3F, 0xC0, 0x0F, 0xF0,
    0x03, 0xF0, 0x00, 0x7E, 0x00, 0x7F, 0x0F, 0xE0, 0x0F, 0xE0, 0xFC, 0x03, 0xF8, 0x0F, 0xC0, 0x7E,
    0x01, 0xFC, 0x1F, 0xC0, 0x1F, 0x83, 0xF0, 0x01, 0xF8, 0xFC, 0x00, 0x3F, 0x3F, 0x80, 0x03, 0xF7,
    0xE0, 0x00, 0x3F, 0xF8, 0x00, 0x07, 0xFF, 0x00, 0x00, 0x7F, 0xC0, 0x00, 0x0F, 0xF0, 0x00, 0x00,
    0xFE, 0x00, 0x00, 0x3F, 0xC0, 0x00, 0x0F, 0xFC, 0x00, 0x01, 0xFF, 0xC0, 0x00, 0x7F, 0xF8, 0x00,
    0x1F, 0xDF, 0x80, 0x03, 0xF1, 0xF8, 0x00, 0xFC, 0x3F, 0x80, 0x3F, 0x83, 0xF0, 0x07, 0xE0, 0x7F,
    0xF9, 0xF8, 0x07, 0xFF, 0x7F, 0x00, 0x7F, 0xEF, 0xC0, 0x0F, 0xFF, 0xF8, 0x00, 0xFF, 0x80, 0x00,
    0x03, 0xF0, 0x00, 0x00, 0x7E, 0x00, 0x00, 0x0F, 0xC0, 0x00, 0x01, 0xF8, 0x00, 0x00, 0x7F, 0x00,
    0x00, 0xFF, 0xC0, 0x00, 0x1F, 0xF8, 0x00, 0x03, 0xFE, 0x00, 0x00, 0x7F, 0x00, 0x7E, 0x03, 0xF8,
    0xFE, 0x07, 0xE0, 0xFC, 0x1F, 0xC0, 0xFC, 0x3F, 0x01, 0xF8, 0xFC, 0x01, 0xFB, 0xF8, 0x01, 0xFF,
    0xE0, 0x03, 0xFF, 0x80, 0x03, 0xFF, 0x00, 0x03, 0xFC, 0x00, 0x07, 0xF8, 0x00, 0x1F, 0xF0, 0x00,
    0x3F, 0xF0, 0x00, 0xFF, 0xE0, 0x03, 0xF7, 0xE0, 0x07, 0xE7, 0xE0, 0x1F, 0x8F, 0xC0, 0x7F, 0x0F,
    0xFC, 0xFC, 0x0F, 0xFB, 0xF0, 0x1F, 0xFF, 0xE0, 0x1F, 0xE0, 0x00, 0x07, 0xC0, 0x00, 0x0F, 0x80,
    0x00, 0x1F, 0x00, 0x00, 0x3E, 0x00, 0x00, 0x7C, 0x00, 0x0F, 0xF8, 0x00, 0x1F, 0xE0, 0x00, 0x3F,
    0xC0, 0x00, 0x7E, 0x00, 0x7E, 0x00, 0x3F, 0x1F, 0x80, 0x3F, 0x0F, 0xC0, 0x3F, 0x83, 0xF0, 0x1F,
    0x81, 0xFC, 0x1F, 0xC0, 0x7E, 0x0F, 0xC0, 0x1F, 0x8F, 0xC0, 0x0F, 0xC7, 0xE0, 0x03, 0xF7, 0xE0,
    0x00, 0xFF, 0xE0, 0x00, 0x7F, 0xF0, 0x07, 0xFF, 0xFF, 0xC3, 0xFF, 0xFF, 0xE1, 0xFF, 0xFF, 0xF0,
    0xFF, 0xFF, 0xF8, 0x03, 0xFF, 0x80, 0x03, 0xFF, 0xC0, 0x01, 0xFB, 0xF0, 0x01, 0xF9, 0xFC, 0x00,
    0xFC, 0x7E, 0x00, 0xFC, 0x1F, 0x80, 0xFE, 0x0F, 0xE0, 0x7E, 0x03, 0xF0, 0x7F, 0x01, 0xFC, 0x3F,
    0x00, 0x7E, 0x3F, 0x00, 0x1F, 0xBF, 0x80, 0x0F, 0xE0, 0x7E, 0x01, 0xF8, 0xFC, 0x0F, 0xE3, 0xF0,
    0x3F, 0x07, 0xE1, 0xF8, 0x1F, 0x87, 0xE0, 0x3F, 0x3F, 0x00, 0xFF, 0xFC, 0x01, 0xFF, 0xE0, 0x03,
    0xFF, 0x00, 0xFF, 0xFF, 0xC3, 0xFF, 0xFF, 0x0F, 0xFF, 0xFC, 0x3F, 0xFF, 0xF0, 0x1F, 0xFE, 0x00,
    0x7F, 0xF8, 0x03, 0xF3, 0xF0, 0x1F, 0xCF, 0xE0, 0x7E, 0x1F, 0x83, 0xF0, 0x3F, 0x1F, 0xC0, 0xFE,
    0x7E, 0x01, 0xF8, 0x7F, 0x80, 0xFF, 0x3F, 0xC0, 0xFE, 0x3F, 0xE0, 0xFE, 0x1F, 0xE0, 0xFE, 0x0F,
    0xF0, 0xFE, 0x07, 0xF8, 0xFE, 0x07, 0xF8, 0xFE, 0x03, 0xFC, 0xFE, 0x03, 0xFF, 0xFC, 0x0F, 0xFF,
    0xFC, 0x1F, 0xFF, 0xF8, 0x1F, 0xFF, 0xF0, 0x3F, 0xFF, 0xE0, 0x3F, 0xBF, 0xC0, 0x7F, 0x1F, 0xC0,
    0x7F, 0x1F, 0xE0, 0x7F, 0x0F, 0xF0, 0x7F, 0x0F, 0xF0, 0x7F, 0x07, 0xF8, 0x7F, 0x07, 0xF8, 0xFF,
    0x03, 0xFC, 0xFE, 0x01, 0xFE, 0xFE, 0x01, 0xFE, 0x3F, 0xF8, 0x01, 0xFF, 0xF0, 0x0F, 0xFF, 0xC0,
    0x7F, 0xFF, 0x03, 0xFF, 0xF8, 0x1F, 0xFF, 0xE0, 0x00, 0xFF, 0x00, 0x03, 0xF8, 0x00, 0x1F, 0xC0,
    0x00, 0xFE, 0x00, 0x07, 0xF0, 0x00, 0x3F, 0x80, 0x01, 0xFC, 0x00, 0x0F, 0xE0, 0x00, 0x7F, 0x00,
    0x03, 0xF8, 0x00, 0x1F, 0xC7, 0xFF, 0xFF, 0xFF, 0xFF, 0xFF, 0xFF, 0xFF, 0xEF, 0xFF, 0xFF, 0x7F,
    0xFF, 0xFB, 0xFF, 0xFF, 0xC0, 0x3F, 0x80, 0xFF, 0x83, 0xFF, 0x0F, 0xFC, 0x3F, 0xF9, 0xFF, 0xE0,
    0x7F, 0x80, 0xFE, 0x03, 0xF8, 0x0F, 0xE0, 0x3F, 0x80, 0xFE, 0x03, 0xF8, 0x0F, 0xE0, 0x3F, 0x81,
    0xFE, 0x0F, 0xFB, 0xFF, 0xEF, 0xFF, 0xBF, 0x7F, 0xFD, 0xFF, 0xE3, 0xFF, 0x0F, 0x00, 0xFF, 0xFF,
    0xFF, 0xFF, 0xFE, 0xFF, 0xFF, 0xEF, 0xFF, 0xFE, 0xFF, 0xFF, 0xEF, 0xFF, 0xFE, 0x00, 0x3F, 0x00,
    0x03, 0xF0, 0x00, 0x7F, 0x00, 0x07, 0xF0, 0x00, 0x7F, 0x00, 0x07, 0xF0, 0x00, 0x7F, 0x00, 0x07,
    0xF0, 0x00, 0x7F, 0x00, 0x07, 0xF0, 0x00, 0x7F, 0x00, 0x07, 0xF0, 0x00, 0x7F, 0x00, 0x07, 0xF0,
    0x00, 0x7F, 0x00, 0x07, 0xF0, 0x00, 0x7F, 0x00, 0xFF, 0xFE, 0x0F, 0xFF, 0xF8, 0xFF, 0xFF, 0xCF,
    0xFF, 0xFE, 0xFF, 0xFF, 0xEF, 0xFF, 0xFF, 0x00, 0x0F, 0xF0, 0x00, 0x7F, 0x00, 0x07, 0xF0, 0x00,
    0x7F, 0x00, 0x07, 0xFF, 0xE0, 0x7F, 0xFE, 0x07, 0xFF, 0xE0, 0x7F, 0xFE, 0x07, 0xFF, 0xE0, 0x7F,
    0xFE, 0x07, 0xFF, 0xE0, 0x7F, 0xFE, 0x07, 0xFF, 0xE0, 0x7F, 0xFE, 0x07, 0xFF, 0xE0, 0x7F, 0xFE,
    0x07, 0xF0, 0x7F, 0xDF, 0xF7, 0xFD, 0xFF, 0xFF, 0xFF, 0xF1, 0xFC, 0x7F, 0x1F, 0xC7, 0xF1, 0xFC,
    0x7F, 0x1F, 0xC7, 0xF1, 0xFC, 0x7F, 0x1F, 0xC7, 0xF1, 0xFC, 0x7F, 0x1F, 0xC7, 0xF1, 0xFC, 0xFF,
    0xFF, 0xFF, 0xBF, 0xFD, 0xFF, 0xEF, 0xFF, 0x7F, 0xF8, 0x1F, 0x83, 0xF0, 0x3F, 0x81, 0xF8, 0x1F,
    0xC0, 0xFE, 0x07, 0xF0, 0x3F, 0x81, 0xFC, 0x0F, 0xF0, 0x7F, 0x83, 0xFC, 0x1F, 0xE0, 0x7F, 0x03,
    0xF8, 0x1F, 0xE0, 0xFF, 0x00, 0x7F, 0xFF, 0x80, 0xFF, 0xFF, 0xE1, 0xFF, 0xFF, 0xE3, 0xFF, 0xFF,
    0xE7, 0xFF, 0xFF, 0xDF, 0xFF, 0xFF, 0xC7, 0xE0, 0x7F, 0x9F, 0xC0, 0x7F, 0x3F, 0x80, 0xFE, 0x7F,
    0x01, 0xFC, 0xFE, 0x03, 0xF9, 0xFC, 0x07, 0xF3, 0xF8, 0x0F, 0xE7, 0xF0, 0x1F, 0xCF, 0xE0, 0x3F,
    0x9F, 0xC0, 0x7F, 0x3F, 0x80, 0xFE, 0x7F, 0x01, 0xFC, 0xFE, 0x03, 0xF9, 0xFC, 0x07, 0xF3, 0xF8,
    0x0F, 0xE7, 0xF0, 0x1F, 0xCF, 0xE0, 0x3F, 0x80, 0xFE, 0x3F, 0x83, 0xF8, 0xFF, 0x8F, 0xE3, 0xFF,
    0x3F, 0x8F, 0xFE, 0xFE, 0x3F, 0xFB, 0xF8, 0xFF, 0xEF, 0xE0, 0x3F, 0xFF, 0x80, 0x7F, 0xFE, 0x01,
    0xFF, 0xF8, 0x07, 0xFF, 0xE0, 0x1F, 0xFF, 0x80, 0x7F, 0xFE, 0x01, 0xFF, 0xF8, 0x07, 0xFF, 0xF0,
    0x3F, 0xDF, 0xC0, 0xFE, 0x7F, 0x87, 0xF9, 0xFF, 0xFF, 0xE3, 0xFF, 0xFF, 0x07, 0xFF, 0xF8, 0x0F,
    0xFF, 0xE0, 0x1F, 0xFE, 0x00, 0x1F, 0xE0, 0x00, 0x7F, 0xDF, 0xF7, 0xFD, 0xFF, 0xFF, 0xFF, 0xF1,
    0xFC, 0x7F, 0x1F, 0xC7, 0xF1, 0xFC, 0x7F, 0x1F, 0xC7, 0xF0, 0x7F, 0xF0, 0x1F, 0xFF, 0x07, 0xFF,
    0xF3, 0xFF, 0xFE, 0xFF, 0xFF, 0xBF, 0xFF, 0xE0, 0x03, 0xFC, 0x00, 0x7F, 0x00, 0x1F, 0xC0, 0x07,
    0xF0, 0x01, 0xFC, 0x00, 0x7F, 0x00, 0x1F, 0xC0, 0x07, 0xF0, 0x01, 0xFC, 0x00, 0x7F, 0x00, 0x1F,
    0xC0, 0x07, 0xF0, 0x01, 0xFC, 0x00, 0x7F, 0x00, 0x1F, 0xC0, 0x07, 0xF0, 0x01, 0xFC, 0x00, 0x7F,
    0x00, 0x1F, 0xC0, 0x07, 0xF0, 0x01, 0xFC, 0x00, 0x7F, 0x00, 0x1F, 0xC0, 0x07, 0xF0, 0x7F, 0xC0,
    0x3F, 0xF8, 0x3F, 0xFF, 0x1F, 0xFF, 0xCF, 0xFF, 0xE7, 0xFF, 0xF8, 0x03, 0xFC, 0x00, 0xFF, 0x00,
    0x3F, 0x80, 0x1F, 0xC0, 0x0F, 0xE0, 0x07, 0xF0, 0x03, 0xF8, 0x01, 0xFC, 0x00, 0xFE, 0x00, 0xFF,
    0x00, 0xFF, 0x7F, 0xFF, 0xBF, 0xFF, 0x9F, 0xFF, 0xCF, 0xFF, 0xC7, 0xFF, 0xC3, 0xFF, 0x00, 0x02,
    0x00, 0x1F, 0xC0, 0x03, 0xF8, 0x00, 0x7F, 0x00, 0x0F, 0xE0, 0x01, 0xFC, 0x00, 0x3F, 0xFF, 0xFF,
    0xFF, 0xFF, 0xFF, 0xFF, 0xFF, 0xFF, 0xFF, 0xFF, 0xFF, 0x7F, 0xFF, 0xE0, 0x01, 0xFC, 0x00, 0x7F,
    0x00, 0x0F, 0xE0, 0x01, 0xFC, 0x00, 0x7F, 0x00, 0x0F, 0xE0, 0x03, 0xFC, 0x00, 0x7F, 0x00, 0x0F,
    0xE0, 0x03, 0xFC, 0x00, 0x7F, 0x00, 0x0F, 0xE0, 0x03, 0xFC, 0x00, 0x7F, 0x00, 0x0F, 0xE0, 0x03,
    0xFC, 0x00, 0x7F, 0x00, 0x7F, 0xFF, 0xC0, 0xFF, 0xFF, 0xE1, 0xFF, 0xFF, 0xE3, 0xFF, 0xFF, 0xEF,
    0xFF, 0xFF, 0xDF, 0xFF, 0xFF, 0xC7, 0xE0, 0x7F, 0x8F, 0xC0, 0x7F, 0x3F, 0x80, 0xFE, 0x7F, 0x01,
    0xFC, 0xFE, 0x03, 0xF9, 0xFC, 0x07, 0xF3, 0xF8, 0x0F, 0xE7, 0xF0, 0x1F, 0xCF, 0xE0, 0x3F, 0x9F,
    0xC0, 0x7F, 0x3F, 0x80, 0xFE, 0x7F, 0xFF, 0xFC, 0xFF, 0xFF, 0xF9, 0xFF, 0xFF, 0xF3, 0xFF, 0xFF,
    0xE7, 0xFF, 0xFF, 0xCF, 0xFF, 0xFF, 0x80, 0xFE, 0x0F, 0xC0, 0xFE, 0x3F, 0xF0, 0xFE, 0x7F, 0xF8,
    0x7E, 0xFF, 0xFC, 0x7F, 0xFF, 0xFE, 0x7F, 0xFF, 0xFE, 0x3F, 0xF1, 0xFE, 0x3F, 0xE0, 0xFF, 0x3F,
    0xC0, 0x7F, 0x3F, 0xC0, 0x7F, 0x3F, 0xC0, 0x7F, 0x3F, 0x80, 0x7F, 0x3F, 0x80, 0x7F, 0x3F, 0x80,
    0x7F, 0x3F, 0x80, 0xFF, 0x3F, 0x80, 0xFF, 0x7F, 0x81, 0xFE, 0x7F, 0x1F, 0xFE, 0x7F, 0x1F, 0xFC,
    0x7F, 0x1F, 0xFC, 0x7F, 0x1F, 0xF8, 0x7F, 0x1F, 0xE0, 0xFF, 0x1F, 0x80, 0x7F, 0xDF, 0xF7, 0xFD,
    0xFF, 0xFF, 0xFF, 0xF1, 0xFC, 0x7F, 0x1F, 0xC7, 0xF1, 0xFC, 0x7F, 0x1F, 0xC7, 0xF1, 0xFC, 0x7F,
    0x1F, 0xC7, 0xF1, 0xFC, 0x7F, 0x1F, 0xC7, 0xF1, 0xFC, 0x7F, 0x1F, 0xC7, 0xF1, 0xFC, 0x7F, 0x1F,
    0xC7, 0xF0, 0x7F, 0x07, 0xFC, 0x7F, 0xE7, 0xFE, 0x7F, 0xF7, 0xFF, 0x07, 0xF0, 0x7F, 0x07, 0xF0,
    0x7F, 0x07, 0xF0, 0x7F, 0x07, 0xF0, 0x7F, 0x07, 0xF0, 0x7F, 0x07, 0xFF, 0xFF, 0xFF, 0xFF, 0xFF,
    0xFF, 0xFF, 0xFF, 0xFF, 0xF0, 0x7F, 0xFF, 0x80, 0xFF, 0xFF, 0xC1, 0xFF, 0xFF, 0xC3, 0xFF, 0xFF,
    0xC7, 0xFF, 0xFF, 0xDF, 0xFF, 0xFF, 0x83, 0xE0, 0x7F, 0x0F, 0x80, 0xFF, 0x3F, 0x00, 0xFE, 0xFE,
    0x01, 0xFD, 0xFC, 0x03, 0xFB, 0xF8, 0x07, 0xF7, 0xF0, 0x0F, 0xEF, 0xE0, 0x1F, 0xDF, 0xE0, 0x7F,
    0xBF, 0xC0, 0xFE, 0x7F, 0xC3, 0xFC, 0x7F, 0xFF, 0xF8, 0xFF, 0xFF, 0xE0, 0xFF, 0xFF, 0x80, 0xFF,
    0xFF, 0x00, 0xFF, 0xF8, 0x00, 0x3F, 0xC0, 0x00, 0x7F, 0x01, 0xFD, 0xFC, 0x07, 0xF7, 0xF8, 0x1F,
    0xCF, 0xE0, 0xFF, 0x3F, 0x83, 0xFC, 0xFE, 0x0F, 0xF3, 0xF8, 0x3F, 0x8F, 0xE0, 0xFE, 0x3F, 0xC3,
    0xF8, 0x7F, 0x0F, 0xE1, 0xFC, 0x3F, 0x87, 0xF0, 0xFE, 0x1F, 0xC3, 0xF8, 0x7F, 0x1F, 0xC0, 0xFC,
    0x7F, 0x03, 0xF3, 0xFC, 0x0F, 0xFF, 0xE0, 0x3F, 0xFF, 0x8F, 0xFF, 0xFC, 0x3F, 0xFF, 0xE0, 0xFF,
    0xFE, 0x03, 0xFF, 0xE0, 0x0F, 0xFC, 0x00, 0x3E, 0x00, 0x00, 0x00, 0x00, 0x00, 0x03, 0xFC, 0x00,
    0xFF, 0xF8, 0x0F, 0xFF, 0xF0, 0xFF, 0xFF, 0xC7, 0xFF, 0xFE, 0x7F, 0xFF, 0xFB, 0xFC, 0x3F, 0xDF,
    0xC0, 0xFF, 0xFE, 0x03, 0xFF, 0xF0, 0x1F, 0xFF, 0xE0, 0xFE, 0xFF, 0x07, 0xF7, 0xF8, 0x3F, 0x9F,
    0xC1, 0xFC, 0x7E, 0x0F, 0xE0, 0x70, 0x7F, 0x00, 0x03, 0xF8, 0x00, 0x1F, 0xC0, 0x00, 0xFE, 0x00,
    0x07, 0xF0, 0x00, 0x3F, 0x80, 0x01, 0xFC, 0x00, 0x0F, 0xE0, 0x00, 0x7F, 0x00, 0x03, 0xF8, 0x00,
    0x1F, 0xC0, 0x00, 0xFE, 0x00, 0x07, 0xF0, 0x00, 0x3F, 0x80, 0x01, 0xFC, 0x03, 0xFC, 0x00, 0xFF,
    0xF8, 0x0F, 0xFF, 0xE0, 0xFF, 0xFF, 0x87, 0xFF, 0xFE, 0x7F, 0xFF, 0xFB, 0xFC, 0x3F, 0xDF, 0xC0,
    0xFF, 0xFE, 0x03, 0xFF, 0xF0, 0x1F, 0xFF, 0xE0, 0xFE, 0xFF, 0x07, 0xF7, 0xF8, 0x3F, 0x9F, 0xC1,
    0xFC, 0x3E, 0x1F, 0xE0, 0x10, 0xFE, 0x00, 0x1F, 0xF3, 0xFF, 0xFF, 0x9F, 0xFF, 0xF8, 0xFF, 0xFF,
    0x87, 0xFF, 0xF8, 0x3F, 0xFF, 0x01, 0xFF, 0xE0, 0x00, 0x7F, 0x03, 0xFD, 0xFE, 0x0F, 0xF7, 0xF8,
    0x3F, 0x8F, 0xE0, 0xFE, 0x3F, 0xC3, 0xF8, 0x7F, 0x0F, 0xE1, 0xFC, 0x3F, 0x87, 0xF8, 0xFE, 0x0F,
    0xE3, 0xF8, 0x3F, 0x9F, 0xC0, 0xFF, 0x7F, 0x01, 0xFF, 0xF8, 0x07, 0xFF, 0xE0, 0x1F, 0xFF, 0x00,
    0x3F, 0xF8, 0x00, 0xFF, 0x80, 0x03, 0xF8, 0x00, 0x07, 0xF0, 0x00, 0x1F, 0xC0, 0x00, 0x7F, 0x00,
    0x01, 0xFE, 0x00, 0x03, 0xF8, 0x00, 0x0F, 0xE0, 0x00, 0x3F, 0x80, 0x00, 0xFF, 0x00, 0x01, 0xFC,
    0x00, 0x07, 0xF0, 0x00, 0x1F, 0xC0, 0x00, 0x7F, 0x80, 0x00, 0xFE, 0x00, 0xFF, 0x83, 0xFB, 0xFC,
    0x1F, 0xCF, 0xF0, 0xFE, 0x7F, 0x87, 0xF1, 0xFE, 0x7F, 0x8F, 0xF3, 0xF8, 0x3F, 0xDF, 0xC0, 0xFE,
    0xFE, 0x07, 0xFF, 0xF0, 0x1F, 0xFF, 0x00, 0xFF, 0xF0, 0x03, 0xFF, 0x00, 0x0F, 0xF0, 0x00, 0x7F,
    0x80, 0x01, 0xFE, 0x00, 0x0F, 0xF0, 0x00, 0x3F, 0xC3, 0xFF, 0xFF, 0x1F, 0xFF, 0xF8, 0xFF, 0xFF,
    0xC7, 0xFF, 0xFE, 0x3F, 0xFF, 0xF1, 0xFF, 0xFF, 0x80, 0x7F, 0xFF, 0xFE, 0xFF, 0xFF, 0xF9, 0xFF,
    0xFF, 0xF3, 0xFF, 0xFF, 0xE7, 0xFF, 0xFF, 0xDF, 0xFF, 0xFF, 0x80, 0x00, 0xFF, 0x00, 0x01, 0xFC,
    0x00, 0x03, 0xF8, 0x00, 0x07, 0xF0, 0x00, 0x1F, 0xE3, 0xF8, 0x3F, 0x87, 0xF0, 0x7F, 0x0F, 0xE0,
    0xFE, 0x1F, 0xC3, 0xFC, 0x3F, 0x87, 0xF0, 0x7F, 0x0F, 0xE0, 0xFE, 0x1F, 0xC1, 0xFC, 0x7F, 0x03,
    0xF8, 0xFE, 0x07, 0xF1, 0xFC, 0x0F, 0xE3, 0xF8, 0x1F, 0xCF, 0xE0, 0x3F, 0x80, 0x00, 0x7F, 0x00,
    0x00, 0xFE, 0x00, 0x01, 0xFC, 0x00, 0x03, 0xF8, 0x00, 0x07, 0xF0, 0x00, 0x0F, 0xE0, 0x00, 0x00,
    0x7F, 0xF0, 0x3F, 0xFE, 0x1F, 0xFF, 0x8F, 0xFF, 0xE7, 0xFF, 0xF7, 0xFF, 0xFC, 0x01, 0xFE, 0x00,
    0x7F, 0x00, 0x3F, 0x80, 0x1F, 0xC0, 0x0F, 0xE0, 0x07, 0xF0, 0x03, 0xF8, 0x01, 0xFC, 0x00, 0xFE,
    0x00, 0x7F, 0x00, 0x3F, 0x80, 0x1F, 0xC0, 0x0F, 0xE0, 0x07, 0xF0, 0x03, 0xF8, 0x01, 0xFC, 0x00,
    0xFE, 0xFE, 0x7F, 0x1F, 0xFF, 0x9F, 0xC7, 0xFF, 0xE7, 0xF1, 0xFF, 0xF9, 0xFC, 0x7F, 0xFE, 0x7F,
    0x1F, 0xFF, 0x9F, 0xC7, 0xFF, 0xE7, 0xF1, 0xFF, 0xFB, 0xF8, 0x7F, 0xFF, 0xFE, 0x1F, 0xFF, 0xFF,
    0x07, 0xFF, 0xFF, 0x81, 0xFF, 0xFF, 0xC0, 0x7F, 0xFF, 0x80, 0x1F, 0xFF, 0xC0, 0x0F, 0xF7, 0xF0,
    0x03, 0xF9, 0xFE, 0x01, 0xFE, 0x7F, 0xC0, 0xFF, 0x8F, 0xFF, 0xFF, 0xC1, 0xFF, 0xFF, 0xF0, 0x7F,
    0xFF, 0xF8, 0x0F, 0xFF, 0xFC, 0x00, 0xFF, 0xFC, 0x00, 0x07, 0xFC, 0x00, 0x7F, 0xFF, 0xE0, 0x7F,
    0xFF, 0xF8, 0x7F, 0xFF, 0xFC, 0x7F, 0xFF, 0xFE, 0x7F, 0xFF, 0xFE, 0x7F, 0xFF, 0xFF, 0x0F, 0xE0,
    0xFF, 0x0F, 0xE0, 0x7F, 0x0F, 0xE0, 0x7F, 0x0F, 0xE0, 0x7F, 0x0F, 0xE0, 0x7F, 0x0F, 0xE0, 0x7F,
    0x0F, 0xE0, 0x7F, 0x0F, 0xE0, 0x7F, 0x0F, 0xE0, 0x7F, 0x0F, 0xE0, 0x7F, 0x0F, 0xE0, 0x7F, 0x7F,
    0xE0, 0x7F, 0x7F, 0xC0, 0x7F, 0x7F, 0xC0, 0x7F, 0x7F, 0xC0, 0x7F, 0x7F, 0x80, 0x7F, 0xFE, 0x00,
    0x7F, 0x10, 0x3C, 0x3E, 0x7C, 0x7C, 0xF8, 0xFE, 0xFF, 0xFF, 0x7F, 0x3E, 0x1F, 0x1F, 0x1F, 0x3F,
    0x3F, 0x3E, 0x7E, 0x7E, 0x7E, 0x7E, 0xFE, 0x00, 0x00, 0x00, 0x00, 0x00, 0x00, 0x00, 0x00, 0x00,
    0x7E, 0x7E, 0xFF, 0xFF, 0xFF, 0x7E, 0x18, 0x0F, 0xF8, 0x1F, 0xFF, 0x1F, 0xFF, 0xFF, 0xFF, 0xEF,
    0xFF, 0xF7, 0xFB, 0xF3, 0xF0, 0x19, 0xF8, 0x00, 0xFE, 0x00, 0x7F, 0x00, 0x1F, 0xE0, 0x0F, 0xF8,
    0x01, 0xFE, 0x00, 0x7F, 0x00, 0x1F, 0xC0, 0x07, 0xE0, 0x03, 0xF0, 0x01, 0xF8, 0x00, 0x00, 0x00,
    0x00, 0x00, 0x08, 0x00, 0x1F, 0x80, 0x1F, 0xC0, 0x0F, 0xF0, 0x07, 0xF8, 0x03, 0xF8, 0x00, 0xFC,
    0x00, 0x01, 0xE0, 0x07, 0xFC, 0x07, 0xFE, 0x07, 0xFF, 0x03, 0xFF, 0x03, 0xFF, 0x81, 0xFC, 0x00,
    0xFE, 0x00, 0x7F, 0x00, 0x1F, 0x81, 0x0F, 0xE7, 0x83, 0xFF, 0xC0, 0xFF, 0xF0, 0xFF, 0xFB, 0xFF,
    0xFF, 0xFF, 0xFC, 0xFF, 0xF0, 0x3F, 0xE0, 0x1F, 0x80, 0x0E, 0x00, 0x00, 0xFF, 0xFB, 0xFF, 0xFF,
    0xFF, 0xFF, 0xFF, 0xFF, 0xFF, 0xFF, 0xE0, 0x08, 0x0E, 0x0F, 0x8F, 0xEF, 0xFB, 0xFC, 0xFC, 0x3C,
    0x0C, 0x04, 0x00, 0x04, 0x3F, 0x3F, 0x9F, 0xCF, 0xE7, 0xF1, 0xFC, 0xFE, 0x7F, 0x3F, 0x9F, 0xCF,
    0xE3, 0xF9, 0xFC, 0xFE, 0x7F, 0x3F, 0x9F, 0xCF, 0xE7, 0xF1, 0xF8, 0xFC, 0x7E, 0x3F, 0x1F, 0x8F,
    0xC0, 0x04, 0x04, 0x0F, 0xC0, 0xFF, 0xF8, 0x1F, 0xFF, 0x03, 0xF7, 0xE1, 0xFE, 0xFF, 0xFF, 0x9F,
    0xFF, 0xF3, 0xFF, 0xFC, 0x7F, 0xFF, 0x8F, 0xFF, 0xC0, 0xFF, 0xE0, 0x1F, 0xC0, 0x03, 0xF8, 0x00,
    0x7F, 0x00, 0x0F, 0xE0, 0x01, 0xFC, 0x00, 0x3F, 0x80, 0x07, 0xF0, 0x00, 0x7E, 0x00, 0x0F, 0xC0,
    0x01, 0xF8, 0x00, 0x3F, 0x80, 0x07, 0xF0, 0x00, 0xFE, 0x00, 0x1F, 0xC0, 0x03, 0xF8, 0x00, 0x06,
    0x00, 0x13, 0xF1, 0x03, 0xBF, 0x8F, 0x3C, 0xFE, 0x79, 0xF7, 0xF3, 0xCF, 0xBF, 0xFF, 0xFD, 0xFF,
    0xFF, 0xEF, 0xFF, 0xFE, 0x3F, 0xFF, 0xF1, 0xFF, 0xBF, 0x0F, 0xF8, 0xF0, 0x7F, 0x00, 0x03, 0xF8,
    0x00, 0x1F, 0xC0, 0x00, 0xFE, 0x00, 0x03, 0xF0, 0x00, 0x1F, 0x80, 0x00, 0xFE, 0x00, 0x07, 0xF0,
    0x00, 0x3F, 0x80, 0x01, 0xFC, 0x00, 0x0F, 0xE0, 0x00, 0x7F, 0x00, 0x03, 0xF8, 0x00, 0x1F, 0xC0,
    0x00, 0x7E, 0x00, 0x00, 0x00, 0x60, 0x01, 0xF0, 0x01, 0xFC, 0x03, 0xFE, 0x03, 0xFF, 0x01, 0xFF,
    0xC1, 0xFF, 0x00, 0xFE, 0x00, 0x7E, 0x00, 0x7E, 0x00, 0x1F, 0xC8, 0x0F, 0xFC, 0x03, 0xFE, 0x00,
    0xFF, 0x00, 0x7F, 0xC0, 0x7F, 0xC0, 0x7F, 0x80, 0x3F, 0x00, 0x3F, 0x80, 0x1F, 0xC0, 0x4F, 0xFF,
    0xF3, 0xFF, 0xF9, 0xFF, 0xFC, 0x7F, 0xFF, 0x1F, 0xFF, 0x83, 0xFF, 0x00, 0x00, 0x80, 0x03, 0xFC,
    0x03, 0xFF, 0x03, 0xFF, 0xC3, 0xFF, 0xE3, 0xFF, 0xF9, 0xFF, 0xFD, 0xFC, 0x7F, 0xFE, 0x3F, 0xFE,
    0x0F, 0xFF, 0x07, 0xFF, 0x83, 0xFF, 0xC1, 0xFF, 0xE1, 0xFF, 0xF8, 0xFF, 0xFF, 0xFF, 0x7F, 0xFF,
    0x3F, 0xFF, 0x8F, 0xFF, 0x83, 0xFF, 0x80, 0x7F, 0x00, 0x70, 0x01, 0x0F, 0xFF, 0xE1, 0xFF, 0xFC,
    0x3F, 0xFF, 0x8F, 0xFF, 0xF1, 0xFF, 0xFE, 0x1F, 0xFF, 0xC0, 0x0D, 0xF8, 0x00, 0x3F, 0x00, 0x07,
    0xE0, 0x00, 0xFE, 0x00, 0x1F, 0xC0, 0x03, 0xF8, 0x00, 0x7F, 0x00, 0x0F, 0xE0, 0x01, 0xFC, 0x00,
    0x1F, 0x80, 0x03, 0xF0, 0x00, 0x7F, 0x00, 0x0F, 0xE0, 0x01, 0xFC, 0x00, 0x3F, 0x80, 0x07, 0xF0,
    0x00, 0x7E, 0x00, 0x0F, 0xE0, 0x01, 0xFC, 0x0C, 0x01, 0x83, 0xF0, 0x1F, 0x3F, 0x80, 0xFE, 0xFC,
    0x07, 0xE7, 0xF0, 0x7F, 0x3F, 0x83, 0xF8, 0xFC, 0x1F, 0x87, 0xE0, 0xFC, 0x3F, 0x8F, 0xC0, 0xFC,
    0x7E, 0x07, 0xE3, 0xF0, 0x3F, 0x1F, 0x00, 0xF9, 0xF8, 0x07, 0xEF, 0xC0, 0x3F, 0x7E, 0x00, 0xFB,
    0xE0, 0x07, 0xDF, 0x00, 0x3F, 0xF8, 0x01, 0xFF, 0x80, 0x07, 0xFC, 0x00, 0x3F, 0xE0, 0x01, 0xFF,
    0x00, 0x0F, 0xF0, 0x00, 0x3F, 0x80, 0x01, 0xFC, 0x00, 0x0F, 0xE0, 0x00, 0x00, 0x0C, 0x00, 0x0F,
    0xE0, 0x00, 0x7F, 0x00, 0x03, 0xF8, 0x00, 0x3F, 0xE0, 0x01, 0xFF, 0x00, 0x0F, 0xF8, 0x00, 0x7F,
    0xC0, 0x07, 0xFF, 0x00, 0x3F, 0xF8, 0x01, 0xF7, 0xC0, 0x0F, 0xBF, 0x00, 0xFD, 0xF8, 0x07, 0xEF,
    0xC0, 0x3E, 0x3E, 0x03, 0xF1, 0xF8, 0x1F, 0x8F, 0xC0, 0xFC, 0x7E, 0x0F, 0xE3, 0xF8, 0x7E, 0x0F,
    0xC3, 0xF0, 0x7E, 0x3F, 0x83, 0xF9, 0xF8, 0x0F, 0xDF, 0xC0, 0x7E, 0xFE, 0x03, 0xF8, 0xE0, 0x1F,
    0x01, 0x00, 0x40, 0x00, 0xE0, 0x00, 0xFF, 0x80, 0x7F, 0xF8, 0x1F, 0xFF, 0x03, 0xFF, 0xF0, 0xFF,
    0xFE, 0x1F, 0xFF, 0xE7, 0xF1, 0xFC, 0xFE, 0x1F, 0x9F, 0xC3, 0xF3, 0xF8, 0x7E, 0x7F, 0xFF, 0xCF,
    0xFF, 0xFC, 0xFF, 0xFF, 0x9F, 0xFF, 0xF1, 0xFF, 0xFE, 0x0F, 0xFF, 0xC0, 0x01, 0xF8, 0x00, 0x3F,
    0x00, 0x07, 0xE0, 0x00, 0xFC, 0x00, 0x1F, 0x80, 0x03, 0xF8, 0x00, 0x7F, 0x00, 0x0F, 0xE0, 0x00,
    0xE0, 0x00, 0x00, 0x04, 0x00, 0x00, 0x1F, 0x00, 0x00, 0x3F, 0x80, 0x00, 0x1F, 0xE0, 0x00, 0x07,
    0xF1, 0x00, 0x03, 0xF9, 0xF0, 0x01, 0xFC, 0xFE, 0x00, 0x7F, 0x7E, 0x00, 0x3F, 0xFF, 0x00, 0x1F,
    0xFF, 0x80, 0x0F, 0xFF, 0xC0, 0x07, 0xFF, 0xC0, 0x03, 0xFF, 0xF0, 0x01, 0xFF, 0xF8, 0x00, 0xFF,
    0xFC, 0x00, 0xFE, 0xFF, 0x00, 0xFF, 0x3F, 0xFF, 0xFF, 0x9F, 0xFF, 0xFF, 0x87, 0xFF, 0xFF, 0x83,
    0xFF, 0xFF, 0xC0, 0x7F, 0xFF, 0x80, 0x0F, 0xFF, 0x00, 0x00, 0x7C, 0x00, 0x7F, 0xDF, 0xF7, 0xFF,
    0xFF, 0x08, 0x0E, 0x0F, 0x8F, 0xEF, 0xFB, 0xFC, 0xFC, 0x3C, 0x0C, 0x04, 0x00, 0x04, 0x3F, 0x3F,
    0x9F, 0xCF, 0xE7, 0xF1, 0xFC, 0xFE, 0x7F, 0x3F, 0x9F, 0xCF, 0xE3, 0xF9, 0xFC, 0xFE, 0x7F, 0x3F,
    0x9F, 0xCF, 0xE7, 0xF1, 0xF8, 0xFC, 0x7E, 0x3F, 0x1F, 0x8F, 0xC0, 0x04, 0x04, 0x0F, 0xC0, 0xFF,
    0xF8, 0x1F, 0xFF, 0x03, 0xF7, 0xE1, 0xFE, 0xFF, 0xFF, 0x9F, 0xFF, 0xF3, 0xFF, 0xFC, 0x7F, 0xFF,
    0x8F, 0xFF, 0xC0, 0xFF, 0xE0, 0x1F, 0xC0, 0x03, 0xF8, 0x00, 0x7F, 0x00, 0x0F, 0xE0, 0x01, 0xFC,
    0x00, 0x3F, 0x80, 0x07, 0xF0, 0x00, 0x7E, 0x00, 0x0F, 0xC0, 0x01, 0xF8, 0x00, 0x3F, 0x80, 0x07,
    0xF0, 0x00, 0xFE, 0x00, 0x1F, 0xC0, 0x03, 0xF8, 0x00, 0x06, 0x00, 0x13, 0xF1, 0x03, 0xBF, 0x8F,
    0x3C, 0xFE, 0x79, 0xF7, 0xF3, 0xCF, 0xBF, 0xFF, 0xFD, 0xFF, 0xFF, 0xEF, 0xFF, 0xFE, 0x3F, 0xFF,
    0xF1, 0xFF, 0xBF, 0x0F, 0xF8, 0xF0, 0x7F, 0x00, 0x03, 0xF8, 0x00, 0x1F, 0xC0, 0x00, 0xFE, 0x00,
    0x03, 0xF0, 0x00, 0x1F, 0x80, 0x00, 0xFE, 0x00, 0x07, 0xF0, 0x00, 0x3F, 0x80, 0x01, 0xFC, 0x00,
    0x0F, 0xE0, 0x00, 0x7F, 0x00, 0x03, 0xF8, 0x00, 0x1F, 0xC0, 0x00, 0x7E, 0x00, 0x00, 0x0C, 0x0F,
    0x8F, 0x87, 0xFB, 0xF9, 0xFE, 0x7F, 0x3F, 0xCF, 0xE7, 0xF9, 0xFC, 0xF8, 0x1F, 0x9F, 0x03, 0xFB,
    0xE2, 0x7F, 0x3F, 0xCF, 0xFF, 0xFD, 0xFF, 0xFF, 0xBF, 0xFF, 0xF3, 0xFF, 0xFE, 0x7F, 0xFE, 0x0F,
    0xE0, 0x01, 0xFC, 0x00, 0x3F, 0x80, 0x07, 0xF0, 0x00, 0xFE, 0x00, 0x1F, 0xC0, 0x01, 0xF8, 0x00,
    0x3F, 0x00, 0x07, 0xE0, 0x00, 0xFC, 0x00, 0x1F, 0x80, 0x03, 0xF0, 0x00, 0x00, 0x40, 0x00, 0x07,
    0x00, 0x00, 0x7C, 0x00, 0x07, 0xF0, 0x00, 0x7F, 0xC0, 0x01, 0xFF, 0x00, 0x0F, 0xF8, 0x00, 0xFF,
    0xE0, 0x07, 0xFF, 0x80, 0x7F, 0xFC, 0x07, 0xFF, 0xF0, 0x3F, 0xBF, 0xC3, 0xF8, 0xFE, 0x1F, 0x87,
    0xF1, 0xFC, 0x1F, 0xCF, 0xC0, 0x7E, 0x7E, 0x03, 0xF7, 0xF0, 0x1F, 0xFF, 0x1C, 0x7F, 0xFD, 0xF7,
    0xFF, 0xEF, 0xFF, 0xFF, 0xFF, 0xF9, 0xFF, 0xFF, 0xCF, 0xFF, 0xFC, 0x3F, 0xDF, 0xE0, 0xF8, 0x7C,
    0x00, 0x03, 0xF0, 0x07, 0xFC, 0x0F, 0xFE, 0x07, 0xFF, 0x07, 0xFF, 0x03, 0xFF, 0x83, 0xFC, 0x01,
    0xFC, 0x00, 0xFE, 0x00, 0x7F, 0x00, 0x1F, 0xC3, 0x0F, 0xF7, 0xC7, 0xFF, 0xE1, 0xFF, 0xF8, 0x7F,
    0xFE, 0x0F, 0xFE, 0x07, 0xFE, 0x07, 0xFE, 0x07, 0xFE, 0x07, 0xFE, 0x03, 0xFE, 0x03, 0xFE, 0x01,
    0xFE, 0x01, 0xFE, 0x00, 0x7F, 0x00, 0x0F, 0x00, 0x01, 0x80, 0x00, 0x0C, 0x01, 0x83, 0xF0, 0x1F,
    0x3F, 0x80, 0xFE, 0xFC, 0x07, 0xE7, 0xF0, 0x7F, 0x3F, 0x83, 0xF8, 0xFC, 0x1F, 0x87, 0xE0, 0xFC,
    0x3F, 0x8F, 0xC0, 0xFC, 0x7E, 0x07, 0xE3, 0xF0, 0x3F, 0x1F, 0x00, 0xF9, 0xF8, 0x07, 0xEF, 0xC0,
    0x3F, 0x7E, 0x00, 0xFB, 0xE0, 0x07, 0xDF, 0x00, 0x3F, 0xF8, 0x01, 0xFF, 0x80, 0x07, 0xFC, 0x00,
    0x3F, 0xE0, 0x01, 0xFF, 0x00, 0x0F, 0xF0, 0x00, 0x3F, 0x80, 0x01, 0xFC, 0x00, 0x0F, 0xE0, 0x00,
    0x00, 0x0C, 0x00, 0x0F, 0xE0, 0x00, 0x7F, 0x00, 0x03, 0xF8, 0x00, 0x3F, 0xE0, 0x01, 0xFF, 0x00,
    0x0F, 0xF8, 0x00, 0x7F, 0xC0, 0x07, 0xFF, 0x00, 0x3F, 0xF8, 0x01, 0xF7, 0xC0, 0x0F, 0xBF, 0x00,
    0xFD, 0xF8, 0x07, 0xEF, 0xC0, 0x3E, 0x3E, 0x03, 0xF1, 0xF8, 0x1F, 0x8F, 0xC0, 0xFC, 0x7E, 0x0F,
    0xE3, 0xF8, 0x7E, 0x0F, 0xC3, 0xF0, 0x7E, 0x3F, 0x83, 0xF9, 0xF8, 0x0F, 0xDF, 0xC0, 0x7E, 0xFE,
    0x03, 0xF8, 0xE0, 0x1F, 0x01, 0x00, 0x40, 0x00, 0xE0, 0x00, 0xFF, 0x80, 0x7F, 0xF8, 0x1F, 0xFF,
    0x03, 0xFF, 0xF0, 0xFF, 0xFE, 0x1F, 0xFF, 0xE7, 0xF1, 0xFC, 0xFE, 0x1F, 0x9F, 0xC3, 0xF3, 0xF8,
    0x7E, 0x7F, 0xFF, 0xCF, 0xFF, 0xFC, 0xFF, 0xFF, 0x9F, 0xFF, 0xF1, 0xFF, 0xFE, 0x0F, 0xFF, 0xC0,
    0x01, 0xF8, 0x00, 0x3F, 0x00, 0x07, 0xE0, 0x00, 0xFC, 0x00, 0x1F, 0x80, 0x03, 0xF8, 0x00, 0x7F,
    0x00, 0x0F, 0xE0, 0x00, 0xE0, 0x00, 0x7F, 0x80, 0x00, 0x1F, 0xE0, 0x00, 0x07, 0xF8, 0x00, 0x03,
    0xFF, 0x00, 0x00, 0xFF, 0xC0, 0x00, 0x3F, 0xF0, 0x00, 0x1F, 0x3E, 0x00, 0x07, 0xCF, 0x80, 0x01,
    0xF3, 0xE0, 0x00, 0xFC, 0xFC, 0x00, 0x3E, 0x1F, 0x00, 0x1F, 0x87, 0xC0, 0x07, 0xE1, 0xF8, 0x01,
    0xF8, 0x3E, 0x00, 0xFC, 0x0F, 0xC0, 0x3F, 0x03, 0xF0, 0x0F, 0xFF, 0xFC, 0x07, 0xFF, 0xFF, 0x81,
    0xFF, 0xFF, 0xE0, 0x7F, 0xFF, 0xF8, 0x3F, 0xFF, 0xFF, 0x0F, 0xC0, 0x0F, 0xC3, 0xF0, 0x03, 0xF1,
    0xF8, 0x00, 0x7E, 0x7E, 0x00, 0x1F, 0x9F, 0x80, 0x07, 0xEF, 0xC0, 0x00, 0xFC, 0x00, 0x00, 0x00,
    0x00, 0x00, 0x00, 0x00, 0x00, 0x00, 0x00, 0x01, 0xE0, 0x00, 0x00, 0xFC, 0x00, 0x00, 0x3F, 0x00,
    0x00, 0x0F, 0xC0, 0x00, 0x01, 0xE0, 0x00, 0x03, 0xFC, 0x07, 0xFF, 0xC1, 0xFF, 0xF8, 0x7F, 0xFE,
    0x1C, 0x1F, 0xC0, 0x03, 0xF0, 0x00, 0xFC, 0x00, 0x3F, 0x07, 0xFF, 0xCF, 0xFF, 0xF7, 0xFF, 0xFD,
    0xFF, 0xFF, 0xFE, 0x0F, 0xFF, 0x03, 0xFF, 0xC0, 0xFF, 0xF0, 0x7F, 0xFE, 0x3F, 0xFF, 0xFF, 0xF7,
    0xFF, 0xBC, 0xFF, 0xCF, 0x1F, 0xC3, 0xC0, 0x00, 0x00, 0x00, 0x00, 0x03, 0xC0, 0x01, 0xF8, 0x00,
    0x7E, 0x00, 0x1F, 0x80, 0x03, 0xC0, 0x00, 0x7E, 0x00, 0x00, 0x1F, 0xC0, 0x00, 0x07, 0xF8, 0x00,
    0x00, 0x1E, 0x00, 0x00, 0x07, 0x80, 0x00, 0x01, 0xE0, 0x00, 0x01, 0xF0, 0x00, 0x00, 0x78, 0x00,
    0x00, 0x1C, 0x00, 0x00, 0x00, 0x00, 0x00, 0x00, 0x00, 0x00, 0x01, 0xFC, 0x00, 0x00, 0x7F, 0x80,
    0x00, 0x1F, 0xE0, 0x00, 0x0F, 0xF8, 0x00, 0x03, 0xFF, 0x00, 0x00, 0xFF, 0xC0, 0x00, 0x7C, 0xF8,
    0x00, 0x1F, 0x3E, 0x00, 0x07, 0xCF, 0x80, 0x03, 0xF3, 0xF0, 0x00, 0xF8, 0x7C, 0x00, 0x7E, 0x1F,
    0x00, 0x1F, 0x87, 0xE0, 0x07, 0xC1, 0xF8, 0x03, 0xF0, 0x3E, 0x00, 0xFC, 0x0F, 0xC0, 0x3F, 0xFF,
    0xF0, 0x1F, 0xFF, 0xFC, 0x07, 0xFF, 0xFF, 0x81, 0xFF, 0xFF, 0xE0, 0xFF, 0xFF, 0xF8, 0x3F, 0x00,
    0x3F, 0x0F, 0xC0, 0x0F, 0xC7, 0xE0, 0x03, 0xF1, 0xF8, 0x00, 0x7E, 0x7E, 0x00, 0x1F, 0xBF, 0x00,
    0x07, 0xF0, 0x03, 0xF0, 0x00, 0xFE, 0x00, 0x3F, 0xC0, 0x00, 0xF0, 0x00, 0x3C, 0x00, 0x0F, 0x00,
    0x0F, 0x80, 0x03, 0xC0, 0x00, 0xE0, 0x00, 0x00, 0x00, 0x00, 0x00, 0x0F, 0xF0, 0x1F, 0xFF, 0x07,
    0xFF, 0xE1, 0xFF, 0xF8, 0x70, 0x7F, 0x00, 0x0F, 0xC0, 0x03, 0xF0, 0x00, 0xFC, 0x1F, 0xFF, 0x3F,
    0xFF, 0xDF, 0xFF, 0xF7, 0xFF, 0xFF, 0xF8, 0x3F, 0xFC, 0x0F, 0xFF, 0x03, 0xFF, 0xC1, 0xFF, 0xF8,
    0xFF, 0xFF, 0xFF, 0xDF, 0xFD, 0xF3, 0xFE, 0x3C, 0x7F, 0x0F, 0x00, 0x00, 0x0F, 0x80, 0x00, 0x03,
    0xC0, 0x03, 0xF1, 0xE0, 0x01, 0xFE, 0xF0, 0x00, 0xFF, 0xC0, 0x00, 0x3C, 0xF0, 0x00, 0x1E, 0x1E,
    0x00, 0x0F, 0x03, 0xC0, 0x00, 0x00, 0x00, 0x00, 0x00, 0x00, 0x00, 0x07, 0xF8, 0x00, 0x01, 0xFE,
    0x00, 0x00, 0x7F, 0x80, 0x00, 0x3F, 0xF0, 0x00, 0x0F, 0xFC, 0x00, 0x07, 0xFF, 0x00, 0x01, 0xF3,
    0xE0, 0x00, 0x7C, 0xF8, 0x00, 0x3F, 0x3E, 0x00, 0x0F, 0xCF, 0xC0, 0x03, 0xE1, 0xF0, 0x01, 0xF8,
    0x7E, 0x00, 0x7E, 0x1F, 0x80, 0x1F, 0x03, 0xE0, 0x0F, 0xC0, 0xFC, 0x03, 0xF0, 0x3F, 0x00, 0xFF,
    0xFF, 0xC0, 0x7F, 0xFF, 0xF8, 0x1F, 0xFF, 0xFE, 0x07, 0xFF, 0xFF, 0x83, 0xFF, 0xFF, 0xF0, 0xFC,
    0x00, 0xFC, 0x3F, 0x00, 0x3F, 0x1F, 0x80, 0x07, 0xE7, 0xE0, 0x01, 0xF9, 0xF8, 0x00, 0x7E, 0xFC,
    0x00, 0x0F, 0xC0, 0x00, 0x00, 0x78, 0x00, 0x03, 0xE0, 0x3F, 0x1E, 0x00, 0xFE, 0xF0, 0x07, 0xFC,
    0x00, 0x3E, 0xF8, 0x00, 0xF1, 0xE0, 0x07, 0x83, 0xC0, 0x00, 0x00, 0x00, 0x00, 0x00, 0x00, 0x3F,
    0xC0, 0x07, 0xFF, 0xC0, 0x1F, 0xFF, 0x80, 0x7F, 0xFE, 0x01, 0xC1, 0xFC, 0x00, 0x03, 0xF0, 0x00,
    0x0F, 0xC0, 0x00, 0x3F, 0x00, 0x7F, 0xFC, 0x0F, 0xFF, 0xF0, 0x7F, 0xFF, 0xC1, 0xFF, 0xFF, 0x0F,
    0xE0, 0xFC, 0x3F, 0x03, 0xF0, 0xFC, 0x0F, 0xC3, 0xF0, 0x7F, 0x0F, 0xE3, 0xFC, 0x3F, 0xFF, 0xF0,
    0x7F, 0xF7, 0xC0, 0xFF, 0x9F, 0x01, 0xF8, 0x3C, 0x00, 0x78, 0x00, 0x00, 0x0F, 0x00, 0x00, 0x01,
    0xE3, 0xF0, 0x00, 0x3D, 0xFE, 0x00, 0x00, 0xFF, 0xC0, 0x00, 0x3C, 0xF0, 0x00, 0x1E, 0x1E, 0x00,
    0x0F, 0x03, 0xC0, 0x00, 0x00, 0x00, 0x00, 0x00, 0x00, 0x00, 0x07, 0xF8, 0x00, 0x01, 0xFE, 0x00,
    0x00, 0x7F, 0x80, 0x00, 0x3F, 0xF0, 0x00, 0x0F, 0xFC, 0x00, 0x07, 0xFF, 0x00, 0x01, 0xF3, 0xE0,
    0x00, 0x7C, 0xF8, 0x00, 0x3F, 0x3E, 0x00, 0x0F, 0xCF, 0xC0, 0x03, 0xE1, 0xF0, 0x01, 0xF8, 0x7E,
    0x00, 0x7E, 0x1F, 0x80, 0x1F, 0x03, 0xE0, 0x0F, 0xC0, 0xFC, 0x03, 0xF0, 0x3F, 0x00, 0xFF, 0xFF,
    0xC0, 0x7F, 0xFF, 0xF8, 0x1F, 0xFF, 0xFE, 0x07, 0xFF, 0xFF, 0x83, 0xFF, 0xFF, 0xF0, 0xFC, 0x00,
    0xFC, 0x3F, 0x00, 0x3F, 0x1F, 0x80, 0x07, 0xE7, 0xE0, 0x01, 0xF9, 0xF8, 0x00, 0x7E, 0xFC, 0x00,
    0x0F, 0xC0, 0xF0, 0x00, 0x07, 0x80, 0x00, 0x3C, 0x7C, 0x01, 0xEF, 0xE0, 0x01, 0xFF, 0x00, 0x3E,
    0xF8, 0x03, 0xC7, 0x80, 0x78, 0x3C, 0x00, 0x00, 0x00, 0x00, 0x00, 0x00, 0xFF, 0x00, 0x7F, 0xFC,
    0x07, 0xFF, 0xE0, 0x7F, 0xFE, 0x07, 0x07, 0xF0, 0x00, 0x3F, 0x00, 0x03, 0xF0, 0x00, 0x3F, 0x01,
    0xFF, 0xF0, 0xFF, 0xFF, 0x1F, 0xFF, 0xF1, 0xFF, 0xFF, 0x3F, 0x83, 0xF3, 0xF0, 0x3F, 0x3F, 0x03,
    0xF3, 0xF0, 0x7F, 0x3F, 0x8F, 0xF3, 0xFF, 0xFF, 0x1F, 0xFD, 0xF0, 0xFF, 0x9F, 0x07, 0xE0, 0xF0,
    0x00, 0x00, 0x3E, 0x00, 0x00, 0x0F, 0xC0, 0x00, 0x00, 0x70, 0x00, 0x00, 0x1C, 0x00, 0x3F, 0x1E,
    0x00, 0x1F, 0xE6, 0x00, 0x0F, 0xFC, 0x00, 0x03, 0xCF, 0x80, 0x01, 0xE1, 0xE0, 0x00, 0xF0, 0x1C,
    0x00, 0x00, 0x00, 0x00, 0x00, 0x00, 0x00, 0x00, 0x7F, 0x80, 0x00, 0x1F, 0xE0, 0x00, 0x07, 0xFC,
    0x00, 0x03, 0xFF, 0x00, 0x00, 0xFF, 0xC0, 0x00, 0x3F, 0xF8, 0x00, 0x1F, 0xBE, 0x00, 0x07, 0xCF,
    0x80, 0x01, 0xF3, 0xF0, 0x00, 0xFC, 0x7C, 0x00, 0x3F, 0x1F, 0x00, 0x0F, 0x87, 0xE0, 0x07, 0xE1,
    0xF8, 0x01, 0xF8, 0x3F, 0x00, 0x7C, 0x0F, 0xC0, 0x3F, 0x03, 0xF0, 0x0F, 0xFF, 0xFE, 0x07, 0xFF,
    0xFF, 0x81, 0xFF, 0xFF, 0xE0, 0x7F, 0xFF, 0xFC, 0x3F, 0xFF, 0xFF, 0x0F, 0xC0, 0x0F, 0xC3, 0xF0,
    0x03, 0xF9, 0xFC, 0x00, 0x7E, 0x7E, 0x00, 0x1F, 0xDF, 0x80, 0x07, 0xFF, 0xE0, 0x00, 0xFC, 0x00,
    0x03, 0xE0, 0x00, 0x3F, 0x00, 0x00, 0x70, 0x00, 0x07, 0x01, 0xF1, 0xE0, 0x3F, 0x9C, 0x07, 0xFC,
    0x00, 0xFB, 0xE0, 0x0F, 0x1E, 0x01, 0xE0, 0xF0, 0x00, 0x00, 0x00, 0x00, 0x00, 0x03, 0xFC, 0x01,
    0xFF, 0xF0, 0x1F, 0xFF, 0x81, 0xFF, 0xF8, 0x1C, 0x1F, 0xC0, 0x00, 0xFC, 0x00, 0x0F, 0xC0, 0x00,
    0xFC, 0x07, 0xFF, 0xC3, 0xFF, 0xFC, 0x7F, 0xFF, 0xC7, 0xFF, 0xFC, 0xFE, 0x0F, 0xCF, 0xC0, 0xFC,
    0xFC, 0x0F, 0xCF, 0xC1, 0xFC, 0xFE, 0x3F, 0xCF, 0xFF, 0xFC, 0x7F, 0xF7, 0xC3, 0xFE, 0x7C, 0x1F,
    0x83, 0xC0, 0x00, 0x7E, 0x38, 0x00, 0x3F, 0xFC, 0x00, 0x0C, 0x3E, 0x00, 0x00, 0x00, 0x00, 0x00,
    0x1F, 0x80, 0x00, 0x07, 0xF0, 0x00, 0x03, 0xFC, 0x00, 0x01, 0xE7, 0x80, 0x00, 0xF0, 0xF0, 0x00,
    0x78, 0x1E, 0x00, 0x00, 0x00, 0x00, 0x00, 0x00, 0x00, 0x00, 0x7F, 0x80, 0x00, 0x1F, 0xE0, 0x00,
    0x07, 0xF8, 0x00, 0x03, 0xFF, 0x00, 0x00, 0xFF, 0xC0, 0x00, 0x7F, 0xF0, 0x00, 0x1F, 0x3E, 0x00,
    0x07, 0xCF, 0x80, 0x03, 0xF3, 0xE0, 0x00, 0xFC, 0xFC, 0x00, 0x3E, 0x1F, 0x00, 0x1F, 0x87, 0xE0,
    0x07, 0xE1, 0xF8, 0x01, 0xF0, 0x3E, 0x00, 0xFC, 0x0F, 0xC0, 0x3F, 0x03, 0xF0, 0x0F, 0xFF, 0xFC,
    0x07, 0xFF, 0xFF, 0x81, 0xFF, 0xFF, 0xE0, 0x7F, 0xFF, 0xF8, 0x3F, 0xFF, 0xFF, 0x0F, 0xC0, 0x0F,
    0xC3, 0xF0, 0x03, 0xF1, 0xF8, 0x00, 0x7E, 0x7E, 0x00, 0x1F, 0x9F, 0x80, 0x07, 0xEF, 0xC0, 0x00,
    0xFC, 0x03, 0xC1, 0x81, 0xFC, 0xE0, 0x63, 0xF0, 0x38, 0x78, 0x00, 0x00, 0x00, 0x3E, 0x00, 0x1F,
    0xC0, 0x0F, 0x78, 0x07, 0x8F, 0x03, 0xC0, 0xE0, 0x00, 0x00, 0x00, 0x00, 0x00, 0x00, 0x00, 0xFF,
    0x01, 0xFF, 0xF0, 0x7F, 0xFE, 0x1F, 0xFF, 0x87, 0x07, 0xF0, 0x00, 0xFC, 0x00, 0x3F, 0x00, 0x0F,
    0xC1, 0xFF, 0xF3, 0xFF, 0xFD, 0xFF, 0xFF, 0x7F, 0xFF, 0xFF, 0x83, 0xFF, 0xC0, 0xFF, 0xF0, 0x3F,
    0xFC, 0x1F, 0xFF, 0x8F, 0xFF, 0xFF, 0xFD, 0xFF, 0xDF, 0x3F, 0xE7, 0xC7, 0xE0, 0xF0, 0x00, 0x3F,
    0x00, 0x00, 0x0F, 0xE0, 0x00, 0x07, 0xF8, 0x00, 0x03, 0xFF, 0x00, 0x01, 0xF3, 0xE0, 0x00, 0xF8,
    0x7C, 0x00, 0x38, 0x07, 0x80, 0x00, 0x00, 0x00, 0x00, 0x00, 0x00, 0x00, 0x1F, 0xE0, 0x00, 0x07,
    0xF8, 0x00, 0x01, 0xFE, 0x00, 0x00, 0xFF, 0xC0, 0x00, 0x3F, 0xF0, 0x00, 0x0F, 0xFC, 0x00, 0x07,
    0xCF, 0x80, 0x01, 0xF3, 0xE0, 0x00, 0x7C, 0xF8, 0x00, 0x3F, 0x3F, 0x00, 0x0F, 0x87, 0xC0, 0x07,
    0xE1, 0xF0, 0x01, 0xF8, 0x7E, 0x00, 0x7E, 0x0F, 0x80, 0x3F, 0x03, 0xF0, 0x0F, 0xC0, 0xFC, 0x03,
    0xFF, 0xFF, 0x01, 0xFF, 0xFF, 0xE0, 0x7F, 0xFF, 0xF8, 0x1F, 0xFF, 0xFE, 0x0F, 0xFF, 0xFF, 0xC3,
    0xF0, 0x03, 0xF0, 0xFC, 0x00, 0xFC, 0x7E, 0x00, 0x1F, 0x9F, 0x80, 0x07, 0xE7, 0xE0, 0x01, 0xFB,
    0xF0, 0x00, 0x3F, 0x00, 0x00, 0x00, 0x00, 0x00, 0x00, 0x00, 0x00, 0x00, 0x00, 0x00, 0x78, 0x00,
    0x00, 0x3F, 0x00, 0x00, 0x0F, 0xC0, 0x00, 0x03, 0xF0, 0x00, 0x00, 0x78, 0x00, 0x01, 0xF8, 0x00,
    0xFF, 0x00, 0x7F, 0xE0, 0x3F, 0x78, 0x1F, 0x8F, 0x0F, 0x81, 0xE0, 0x00, 0x00, 0x00, 0x00, 0x03,
    0xFC, 0x07, 0xFF, 0xC1, 0xFF, 0xF8, 0x7F, 0xFE, 0x1E, 0x0F, 0xC0, 0x01, 0xF0, 0x00, 0x7C, 0x00,
    0x1F, 0x07, 0xFF, 0xC7, 0xFF, 0xF7, 0xFF, 0xFD, 0xFF, 0xFF, 0xFE, 0x07, 0xFF, 0x01, 0xFF, 0xC0,
    0x7F, 0xF0, 0x3F, 0xFE, 0x1F, 0xDF, 0xFF, 0xF7, 0xFF, 0xBC, 0xFF, 0xCF, 0x0F, 0xC3, 0xC0, 0x00,
    0x00, 0x00, 0x00, 0x03, 0xC0, 0x01, 0xF8, 0x00, 0x7E, 0x00, 0x1F, 0x80, 0x03, 0xC0, 0x00, 0x07,
    0xC0, 0x00, 0x01, 0xE0, 0x00, 0x00, 0xF0, 0x00, 0x07, 0x39, 0xC0, 0x01, 0xC0, 0x70, 0x00, 0x78,
    0x3C, 0x00, 0x0F, 0xFE, 0x00, 0x01, 0xFF, 0x00, 0x00, 0x3F, 0x80, 0x00, 0x00, 0x00, 0x00, 0x00,
    0x00, 0x00, 0x01, 0xFE, 0x00, 0x00, 0x7F, 0x80, 0x00, 0x1F, 0xE0, 0x00, 0x0F, 0xFC, 0x00, 0x03,
    0xFF, 0x00, 0x00, 0xFF, 0xE0, 0x00, 0x7E, 0xF8, 0x00, 0x1F, 0x3E, 0x00, 0x07, 0xCF, 0xC0, 0x03,
    0xF3, 0xF0, 0x00, 0xFC, 0x7C, 0x00, 0x3E, 0x1F, 0x80, 0x1F, 0x87, 0xE0, 0x07, 0xE0, 0xF8, 0x03,
    0xF0, 0x3F, 0x00, 0xFC, 0x0F, 0xC0, 0x3F, 0xFF, 0xF0, 0x1F, 0xFF, 0xFE, 0x07, 0xFF, 0xFF, 0x81,
    0xFF, 0xFF, 0xE0, 0xFF, 0xFF, 0xFC, 0x3F, 0x00, 0x3F, 0x0F, 0xC0, 0x0F, 0xE7, 0xF0, 0x01, 0xF9,
    0xF8, 0x00, 0x7E, 0x7E, 0x00, 0x1F, 0xFF, 0x80, 0x03, 0xF0, 0x00, 0x3C, 0x00, 0x1E, 0x00, 0x07,
    0x00, 0x73, 0x9C, 0x0E, 0x07, 0x03, 0xC3, 0xC0, 0x7F, 0xE0, 0x1F, 0xF0, 0x01, 0xF8, 0x00, 0x00,
    0x00, 0x00, 0x00, 0x0F, 0xF0, 0x1F, 0xFF, 0x07, 0xFF, 0xE1, 0xFF, 0xF8, 0x70, 0x7F, 0x00, 0x0F,
    0xC0, 0x03, 0xF0, 0x00, 0xFC, 0x1F, 0xFF, 0x3F, 0xFF, 0xDF, 0xFF, 0xF7, 0xFF, 0xFF, 0xF8, 0x3F,
    0xFC, 0x0F, 0xFF, 0x03, 0xFF, 0xC1, 0xFF, 0xF8, 0xFF, 0xFF, 0xFF, 0xDF, 0xFD, 0xF3, 0xFE, 0x7C,
    0x7E, 0x0F, 0x00, 0x78, 0x00, 0x00, 0x0F, 0x00, 0x00, 0x01, 0xE0, 0x00, 0x07, 0x39, 0xC0, 0x01,
    0xC0, 0x70, 0x00, 0x78, 0x3C, 0x00, 0x0F, 0xFE, 0x00, 0x01, 0xFF, 0x00, 0x00, 0x3F, 0x80, 0x00,
    0x00, 0x00, 0x00, 0x00, 0x00, 0x00, 0x01, 0xFE, 0x00, 0x00, 0x7F, 0x80, 0x00, 0x1F, 0xF0, 0x00,
    0x0F, 0xFC, 0x00, 0x03, 0xFF, 0x00, 0x00, 0xFF, 0xE0, 0x00, 0x7E, 0xF8, 0x00, 0x1F, 0x3E, 0x00,
    0x07, 0xCF, 0xC0, 0x03, 0xF1, 0xF0, 0x00, 0xFC, 0x7C, 0x00, 0x3E, 0x1F, 0x80, 0x1F, 0x87, 0xE0,
    0x07, 0xE0, 0xF8, 0x01, 0xF0, 0x3F, 0x00, 0xFC, 0x0F, 0xC0, 0x3F, 0xFF, 0xF0, 0x1F, 0xFF, 0xFE,
    0x07, 0xFF, 0xFF, 0x81, 0xFF, 0xFF, 0xF0, 0xFF, 0xFF, 0xFC, 0x3F, 0x00, 0x3F, 0x0F, 0xC0, 0x0F,
    0xE7, 0xF0, 0x01, 0xF9, 0xF8, 0x00, 0x7E, 0x7E, 0x00, 0x1F, 0xFF, 0x80, 0x03, 0xF0, 0x03, 0xC0,
    0x00, 0x70, 0x00, 0x0E, 0x00, 0x71, 0x9C, 0x0E, 0x07, 0x03, 0xC3, 0xC0, 0x7F, 0xE0, 0x1F, 0xF0,
    0x01, 0xF8, 0x00, 0x00, 0x00, 0x00, 0x00, 0x0F, 0xF0, 0x1F, 0xFF, 0x07, 0xFF, 0xE1, 0xFF, 0xF8,
    0x70, 0x7F, 0x00, 0x0F, 0xC0, 0x03, 0xF0, 0x00, 0xFC, 0x1F, 0xFF, 0x3F, 0xFF, 0xDF, 0xFF, 0xF7,
    0xFF, 0xFF, 0xF8, 0x3F, 0xFC, 0x0F, 0xFF, 0x03, 0xFF, 0xC1, 0xFF, 0xF8, 0xFF, 0xFF, 0xFF, 0xDF,
    0xFD, 0xF3, 0xFE, 0x7C, 0x7E, 0x0F, 0x00, 0x3E, 0x00, 0x00, 0x0F, 0xC0, 0x00, 0x00, 0x70, 0x00,
    0x00, 0x1C, 0x00, 0x00, 0x1E, 0x00, 0x00, 0xE6, 0x18, 0x00, 0x38, 0x0E, 0x00, 0x07, 0x87, 0x80,
    0x01, 0xFF, 0xE0, 0x00, 0x3F, 0xF0, 0x00, 0x03, 0xF0, 0x00, 0x00, 0x00, 0x00, 0x00, 0x00, 0x00,
    0x00, 0x1F, 0xE0, 0x00, 0x07, 0xF8, 0x00, 0x03, 0xFE, 0x00, 0x00, 0xFF, 0xC0, 0x00, 0x3F, 0xF0,
    0x00, 0x1F, 0x7E, 0x00, 0x07, 0xDF, 0x80, 0x03, 0xF3, 0xE0, 0x00, 0xFC, 0xFC, 0x00, 0x3E, 0x3F,
    0x00, 0x1F, 0x87, 0xC0, 0x07, 0xE1, 0xF8, 0x01, 0xF0, 0x7E, 0x00, 0xFC, 0x0F, 0x80, 0x3F, 0x03,
    0xF0, 0x0F, 0x80, 0xFC, 0x07, 0xFF, 0xFF, 0x01, 0xFF, 0xFF, 0xE0, 0x7F, 0xFF, 0xF8, 0x3F, 0xFF,
    0xFE, 0x0F, 0xFF, 0xFF, 0xC3, 0xF0, 0x03, 0xF1, 0xF8, 0x00, 0xFC, 0x7E, 0x00, 0x1F, 0x9F, 0x80,
    0x07, 0xEF, 0xC0, 0x01, 0xFB, 0xF0, 0x00, 0x3F, 0x01, 0xF0, 0x00, 0x7E, 0x00, 0x03, 0x80, 0x00,
    0xE0, 0x00, 0xF0, 0x07, 0x30, 0xC1, 0xE0, 0x70, 0x3C, 0x3C, 0x0F, 0xFE, 0x01, 0xFF, 0x80, 0x1F,
    0x80, 0x00, 0x00, 0x00, 0x00, 0x00, 0xFF, 0x01, 0xFF, 0xF0, 0x7F, 0xFE, 0x1F, 0xFF, 0x87, 0x83,
    0xF0, 0x00, 0x7C, 0x00, 0x1F, 0x00, 0x07, 0xC1, 0xFF, 0xF1, 0xFF, 0xFD, 0xFF, 0xFF, 0x7F, 0xFF,
    0xFF, 0x81, 0xFF, 0xC0, 0x7F, 0xF0, 0x1F, 0xFC, 0x0F, 0xFF, 0x87, 0xF7, 0xFF, 0xFD, 0xFF, 0xEF,
    0x3F, 0xF3, 0xC3, 0xF0, 0xF0, 0x00, 0x3E, 0x18, 0x00, 0x1F, 0xFE, 0x00, 0x0E, 0x3F, 0x00, 0x00,
    0x00, 0x00, 0x00, 0x00, 0x00, 0x00, 0x38, 0x0E, 0x00, 0x0F, 0x07, 0x80, 0x01, 0xFF, 0xC0, 0x00,
    0x3F, 0xF0, 0x00, 0x07, 0xF0, 0x00, 0x00, 0x00, 0x00, 0x00, 0x00, 0x00, 0x00, 0x3F, 0x80, 0x00,
    0x1F, 0xE0, 0x00, 0x07, 0xFC, 0x00, 0x01, 0xFF, 0x00, 0x00, 0xFF, 0xC0, 0x00, 0x3E, 0xF8, 0x00,
    0x1F, 0xBE, 0x00, 0x07, 0xCF, 0x80, 0x01, 0xF3, 0xF0, 0x00, 0xFC, 0x7C, 0x00, 0x3F, 0x1F, 0x00,
    0x0F, 0x87, 0xE0, 0x07, 0xE0, 0xF8, 0x01, 0xF8, 0x3F, 0x00, 0x7C, 0x0F, 0xC0, 0x3F, 0x01, 0xF0,
    0x0F, 0xFF, 0xFE, 0x03, 0xFF, 0xFF, 0x81, 0xFF, 0xFF, 0xE0, 0x7F, 0xFF, 0xFC, 0x1F, 0xFF, 0xFF,
    0x0F, 0xC0, 0x0F, 0xC3, 0xF0, 0x01, 0xF8, 0xFC, 0x00, 0x7E, 0x7E, 0x00, 0x1F, 0x9F, 0x80, 0x03,
    0xF7, 0xE0, 0x00, 0xFC, 0x03, 0xC1, 0x81, 0xFC, 0xE0, 0x63, 0xF8, 0x18, 0x3C, 0x00, 0x00, 0x03,
    0x80, 0xE0, 0x60, 0x38, 0x1E, 0x1E, 0x07, 0xFF, 0x00, 0xFF, 0x80, 0x0F, 0xC0, 0x00, 0x00, 0x00,
    0x00, 0x00, 0xFF, 0x01, 0xFF, 0xF0, 0x7F, 0xFE, 0x1F, 0xFF, 0x87, 0x07, 0xF0, 0x00, 0xFC, 0x00,
    0x3F, 0x00, 0x0F, 0xC1, 0xFF, 0xF3, 0xFF, 0xFD, 0xFF, 0xFF, 0x7F, 0xFF, 0xFF, 0x83, 0xFF, 0xC0,
    0xFF, 0xF0, 0x3F, 0xFC, 0x1F, 0xFF, 0x8F, 0xFF, 0xFF, 0xFD, 0xFF, 0xDF, 0x3F, 0xE7, 0xC7, 0xE0,
    0xF0, 0x03, 0x80, 0x70, 0x01, 0xE0, 0x38, 0x00, 0xF8, 0x3C, 0x00, 0x3F, 0xFC, 0x00, 0x1F, 0xFE,
    0x00, 0x07, 0xFE, 0x00, 0x00, 0xFC, 0x00, 0x00, 0x00, 0x00, 0x00, 0x00, 0x00, 0x00, 0x3F, 0xC0,
    0x00, 0x1F, 0xE0, 0x00, 0x0F, 0xF0, 0x00, 0x0F, 0xFC, 0x00, 0x07, 0xFE, 0x00, 0x07, 0xFF, 0x00,
    0x03, 0xE7, 0xC0, 0x01, 0xF3, 0xE0, 0x01, 0xF9, 0xF0, 0x00, 0xFC, 0xFC, 0x00, 0x7C, 0x3E, 0x00,
    0x7E, 0x1F, 0x00, 0x3F, 0x0F, 0xC0, 0x1F, 0x03, 0xE0, 0x1F, 0x81, 0xF0, 0x0F, 0xC0, 0xFC, 0x0F,
    0xFF, 0xFE, 0x07, 0xFF, 0xFF, 0x03, 0xFF, 0xFF, 0xC3, 0xFF, 0xFF, 0xE1, 0xFF, 0xFF, 0xF0, 0xFC,
    0x00, 0xFC, 0xFE, 0x00, 0x7E, 0x7E, 0x00, 0x3F, 0x3F, 0x00, 0x1F, 0xFF, 0x00, 0x07, 0xFF, 0x80,
    0x03, 0xF0, 0x00, 0x00, 0x00, 0x00, 0x00, 0x00, 0x00, 0x00, 0x00, 0x00, 0x3C, 0x00, 0x00, 0x3F,
    0x00, 0x00, 0x1F, 0x80, 0x00, 0x0F, 0xC0, 0x00, 0x03, 0xC0, 0x00, 0x1C, 0x03, 0x87, 0x81, 0xE1,
    0xFF, 0xF0, 0x3F, 0xFC, 0x07, 0xFE, 0x00, 0x7E, 0x00, 0x00, 0x00, 0x00, 0x00, 0x03, 0xFC, 0x07,
    0xFF, 0xC3, 0xFF, 0xF8, 0x7F, 0xFE, 0x1C, 0x1F, 0xC0, 0x03, 0xF0, 0x00, 0xFC, 0x00, 0x3F, 0x07,
    0xFF, 0xCF, 0xFF, 0xF7, 0xFF, 0xFD, 0xFF, 0xFF, 0xFE, 0x0F, 0xFF, 0x03, 0xFF, 0xC0, 0xFF, 0xF0,
    0x7F, 0xFE, 0x3F, 0xFF, 0xFF, 0xF7, 0xFF, 0x7C, 0xFF, 0x9F, 0x1F, 0x83, 0xC0, 0x00, 0x00, 0x00,
    0x00, 0x07, 0x80, 0x03, 0xF0, 0x00, 0xFC, 0x00, 0x3F, 0x00, 0x07, 0x80, 0xFF, 0xFF, 0xFF, 0xFF,
    0xFF, 0xFF, 0xFF, 0xFF, 0xFC, 0x00, 0xFC, 0x00, 0xFC, 0x00, 0xFC, 0x00, 0xFC, 0x00, 0xFC, 0x00,
    0xFC, 0x00, 0xFF, 0xFE, 0xFF, 0xFE, 0xFF, 0xFE, 0xFF, 0xFE, 0xFC, 0x00, 0xFC, 0x00, 0xFC, 0x00,
    0xFC, 0x00, 0xFC, 0x00, 0xFC, 0x00, 0xFC, 0x00, 0xFC, 0x00, 0xFF, 0xFF, 0xFF, 0xFF, 0xFF, 0xFF,
    0xFF, 0xFF, 0x00, 0x00, 0x00, 0x00, 0x00, 0x00, 0x07, 0x80, 0x0F, 0xC0, 0x0F, 0xC0, 0x0F, 0xC0,
    0x07, 0x80, 0x03, 0xF8, 0x01, 0xFF, 0xC0, 0x7F, 0xFE, 0x1F, 0xFF, 0xC7, 0xF1, 0xFC, 0xFC, 0x1F,
    0x9F, 0x01, 0xFF, 0xE0, 0x3F, 0xFF, 0xFF, 0xFF, 0xFF, 0xFF, 0xFF, 0xFF, 0xFF, 0xFF, 0xFF, 0xC0,
    0x01, 0xF8, 0x00, 0x3F, 0x00, 0x03, 0xF0, 0x00, 0x7F, 0x81, 0xC7, 0xFF, 0xF8, 0x7F, 0xFF, 0x07,
    0xFF, 0xE0, 0x1F, 0xE0, 0x00, 0x00, 0x00, 0x00, 0x00, 0x07, 0x80, 0x01, 0xF8, 0x00, 0x3F, 0x00,
    0x07, 0xE0, 0x00, 0x78, 0x00, 0x1F, 0x80, 0x1F, 0xC0, 0x1F, 0xE0, 0x01, 0xE0, 0x01, 0xE0, 0x01,
    0xE0, 0x07, 0xC0, 0x07, 0x80, 0x07, 0x00, 0x00, 0x00, 0x00, 0x00, 0xFF, 0xFF, 0xFF, 0xFF, 0xFF,
    0xFF, 0xFF, 0xFF, 0xFC, 0x00, 0xFC, 0x00, 0xFC, 0x00, 0xFC, 0x00, 0xFC, 0x00, 0xFC, 0x00, 0xFC,
    0x00, 0xFF, 0xFE, 0xFF, 0xFE, 0xFF, 0xFE, 0xFF, 0xFE, 0xFC, 0x00, 0xFC, 0x00, 0xFC, 0x00, 0xFC,
    0x00, 0xFC, 0x00, 0xFC, 0x00, 0xFC, 0x00, 0xFC, 0x00, 0xFF, 0xFF, 0xFF, 0xFF, 0xFF, 0xFF, 0xFF,
    0xFF, 0x03, 0xF0, 0x00, 0x7F, 0x00, 0x0F, 0xF0, 0x00, 0x1E, 0x00, 0x03, 0xC0, 0x00, 0x78, 0x00,
    0x3E, 0x00, 0x07, 0x80, 0x00, 0xE0, 0x00, 0x00, 0x00, 0x00, 0x00, 0x01, 0xFC, 0x00, 0xFF, 0xE0,
    0x3F, 0xFF, 0x0F, 0xFF, 0xE3, 0xF8, 0xFE, 0x7E, 0x0F, 0xCF, 0x80, 0xFF, 0xF0, 0x1F, 0xFF, 0xFF,
    0xFF, 0xFF, 0xFF, 0xFF, 0xFF, 0xFF, 0xFF, 0xFF, 0xE0, 0x00, 0xFC, 0x00, 0x1F, 0x80, 0x01, 0xF8,
    0x00, 0x3F, 0xC0, 0xE3, 0xFF, 0xFC, 0x3F, 0xFF, 0x83, 0xFF, 0xF0, 0x0F, 0xF0, 0x07, 0x87, 0x01,
    0xFC, 0xE0, 0x3F, 0xFC, 0x0F, 0xFF, 0x01, 0xC7, 0xE0, 0x38, 0x78, 0x00, 0x00, 0x00, 0x00, 0x00,
    0xFF, 0xFF, 0xFF, 0xFF, 0xFF, 0xFF, 0xFF, 0xFF, 0xFF, 0xFF, 0xFF, 0xFF, 0xF8, 0x00, 0x3F, 0x00,
    0x07, 0xE0, 0x00, 0xFC, 0x00, 0x1F, 0x80, 0x03, 0xF0, 0x00, 0x7F, 0xFF, 0xEF, 0xFF, 0xFD, 0xFF,
    0xFF, 0xBF, 0xFF, 0xF7, 0xFF, 0xFE, 0xFC, 0x00, 0x1F, 0x80, 0x03, 0xF0, 0x00, 0x7E, 0x00, 0x0F,
    0xC0, 0x01, 0xF8, 0x00, 0x3F, 0xFF, 0xFF, 0xFF, 0xFF, 0xFF, 0xFF, 0xFF, 0xFF, 0xFF, 0xFF, 0xFF,
    0x80, 0x03, 0xC3, 0x80, 0x7F, 0x38, 0x07, 0xFF, 0x80, 0xFF, 0xF0, 0x0E, 0x3F, 0x00, 0xE1, 0xE0,
    0x00, 0x00, 0x00, 0x00, 0x00, 0x01, 0xF8, 0x00, 0xFF, 0xF0, 0x1F, 0xFF, 0x83, 0xFF, 0xFC, 0x3F,
    0x0F, 0xC7, 0xE0, 0x7E, 0x7C, 0x03, 0xEF, 0xC0, 0x3F, 0xFF, 0xFF, 0xFF, 0xFF, 0xFF, 0xFF, 0xFF,
    0xFF, 0xFF, 0xFF, 0xFC, 0x00, 0x0F, 0xC0, 0x00, 0x7C, 0x00, 0x07, 0xE0, 0x3E, 0x3F, 0x0F, 0xE3,
    0xFF, 0xFC, 0x1F, 0xFF, 0x80, 0xFF, 0xF0, 0x01, 0xFC, 0x00, 0x00, 0x03, 0xE0, 0x00, 0xF8, 0x3F,
    0x1E, 0x0F, 0xF7, 0x03, 0xFE, 0x00, 0xF9, 0xE0, 0x3E, 0x1E, 0x07, 0x01, 0xC0, 0x00, 0x00, 0x00,
    0x00, 0x03, 0xFF, 0xFC, 0x7F, 0xFF, 0x8F, 0xFF, 0xF1, 0xFF, 0xFE, 0x3F, 0x00, 0x07, 0xE0, 0x00,
    0xFC, 0x00, 0x1F, 0x80, 0x03, 0xF0, 0x00, 0x7E, 0x00, 0x0F, 0xC0, 0x01, 0xFF, 0xFC, 0x3F, 0xFF,
    0x87, 0xFF, 0xF0, 0xFF, 0xFE, 0x1F, 0x80, 0x03, 0xF0, 0x00, 0x7E, 0x00, 0x0F, 0xC0, 0x01, 0xF8,
    0x00, 0x3F, 0x00, 0x07, 0xE0, 0x00, 0xFC, 0x00, 0x1F, 0xFF, 0xE3, 0xFF, 0xFC, 0x7F, 0xFF, 0x8F,
    0xFF, 0xF0, 0x00, 0x00, 0x7C, 0x00, 0x03, 0xE0, 0x1F, 0x0F, 0x00, 0xFE, 0x70, 0x07, 0xFC, 0x00,
    0x3E, 0xF8, 0x00, 0xF1, 0xF0, 0x07, 0x83, 0xC0, 0x00, 0x00, 0x00, 0x00, 0x00, 0x00, 0x3F, 0x80,
    0x03, 0xFF, 0x80, 0x1F, 0xFF, 0x80, 0xFF, 0xFE, 0x07, 0xF1, 0xFC, 0x1F, 0x83, 0xF0, 0x7C, 0x07,
    0xE3, 0xF0, 0x1F, 0x8F, 0xFF, 0xFE, 0x3F, 0xFF, 0xF8, 0xFF, 0xFF, 0xE3, 0xFF, 0xFF, 0x8F, 0xC0,
    0x00, 0x3F, 0x00, 0x00, 0xFC, 0x00, 0x01, 0xF8, 0x00, 0x07, 0xF8, 0x1C, 0x0F, 0xFF, 0xF0, 0x1F,
    0xFF, 0xC0, 0x3F, 0xFF, 0x00, 0x1F, 0xE0, 0x00, 0xF8, 0x00, 0x01, 0xE0, 0x00, 0x03, 0xC7, 0xF0,
    0x03, 0x9F, 0xC0, 0x00, 0xFF, 0x80, 0x07, 0xCF, 0x00, 0x3C, 0x1C, 0x01, 0xE0, 0x38, 0x00, 0x00,
    0x00, 0x00, 0x00, 0x00, 0x3F, 0xFF, 0xC0, 0xFF, 0xFF, 0x03, 0xFF, 0xFC, 0x0F, 0xFF, 0xF0, 0x3F,
    0x00, 0x00, 0xFC, 0x00, 0x03, 0xF0, 0x00, 0x0F, 0xC0, 0x00, 0x3F, 0x00, 0x00, 0xFC, 0x00, 0x03,
    0xF0, 0x00, 0x0F, 0xFF, 0xE0, 0x3F, 0xFF, 0x80, 0xFF, 0xFE, 0x03, 0xFF, 0xF8, 0x0F, 0xC0, 0x00,
    0x3F, 0x00, 0x00, 0xFC, 0x00, 0x03, 0xF0, 0x00, 0x0F, 0xC0, 0x00, 0x3F, 0x00, 0x00, 0xFC, 0x00,
    0x03, 0xF0, 0x00, 0x0F, 0xFF, 0xF0, 0x3F, 0xFF, 0xC0, 0xFF, 0xFF, 0x03, 0xFF, 0xFC, 0x78, 0x00,
    0x00, 0xF0, 0x00, 0x01, 0xE3, 0xF0, 0x03, 0xDF, 0xC0, 0x00, 0xFF, 0x80, 0x07, 0xDF, 0x00, 0x1E,
    0x3E, 0x00, 0xF0, 0x78, 0x00, 0x00, 0x00, 0x00, 0x00, 0x00, 0x07, 0xF0, 0x00, 0x7F, 0xF0, 0x03,
    0xFF, 0xF0, 0x1F, 0xFF, 0xC0, 0xFE, 0x3F, 0x83, 0xF0, 0x7E, 0x0F, 0x80, 0xFC, 0x7E, 0x03, 0xF1,
    0xFF, 0xFF, 0xC7, 0xFF, 0xFF, 0x1F, 0xFF, 0xFC, 0x7F, 0xFF, 0xF1, 0xF8, 0x00, 0x07, 0xE0, 0x00,
    0x1F, 0x80, 0x00, 0x3F, 0x00, 0x00, 0xFF, 0x03, 0x81, 0xFF, 0xFE, 0x03, 0xFF, 0xF8, 0x07, 0xFF,
    0xE0, 0x03, 0xFC, 0x00, 0x00, 0x1F, 0x00, 0x0F, 0xC0, 0x00, 0xE0, 0x00, 0x70, 0xFC, 0xF0, 0xFE,
    0x60, 0xFF, 0x80, 0xF9, 0xE0, 0xF8, 0x78, 0x70, 0x1C, 0x00, 0x00, 0x00, 0x00, 0x0F, 0xFF, 0xE7,
    0xFF, 0xF3, 0xFF, 0xF9, 0xFF, 0xFC, 0xFC, 0x00, 0x7E, 0x00, 0x3F, 0x00, 0x1F, 0x80, 0x0F, 0xC0,
    0x07, 0xE0, 0x03, 0xF0, 0x01, 0xFF, 0xF8, 0xFF, 0xFC, 0x7F, 0xFE, 0x3F, 0xFF, 0x1F, 0x80, 0x0F,
    0xC0, 0x07, 0xE0, 0x03, 0xF0, 0x01, 0xF8, 0x00, 0xFC, 0x00, 0x7E, 0x00, 0x3F, 0x00, 0x1F, 0xFF,
    0xCF, 0xFF, 0xE7, 0xFF, 0xF3, 0xFF, 0xF8, 0x00, 0x03, 0xE0, 0x00, 0x3F, 0x00, 0x00, 0x70, 0x00,
    0x07, 0x01, 0xF1, 0xE0, 0x3F, 0x9C, 0x07, 0xFC, 0x00, 0xFB, 0xE0, 0x0F, 0x1E, 0x01, 0xE0, 0xF0,
    0x00, 0x00, 0x00, 0x00, 0x00, 0x03, 0xF8, 0x00, 0xFF, 0xE0, 0x1F, 0xFF, 0x83, 0xFF, 0xF8, 0x7F,
    0x1F, 0xC7, 0xE0, 0xFC, 0x7C, 0x07, 0xEF, 0xC0, 0x7E, 0xFF, 0xFF, 0xEF, 0xFF, 0xFE, 0xFF, 0xFF,
    0xEF, 0xFF, 0xFE, 0xFC, 0x00, 0x0F, 0xC0, 0x00, 0xFC, 0x00, 0x07, 0xE0, 0x00, 0x7F, 0x81, 0x83,
    0xFF, 0xF8, 0x1F, 0xFF, 0x80, 0xFF, 0xF8, 0x03, 0xFE, 0x00, 0x1F, 0x0C, 0x3F, 0xFC, 0x70, 0xF8,
    0x00, 0x00, 0x07, 0xE0, 0x07, 0xE0, 0x0F, 0xF0, 0x1E, 0x78, 0x3C, 0x3C, 0x78, 0x1C, 0x00, 0x00,
    0x00, 0x00, 0xFF, 0xFF, 0xFF, 0xFF, 0xFF, 0xFF, 0xFF, 0xFF, 0xFC, 0x00, 0xFC, 0x00, 0xFC, 0x00,
    0xFC, 0x00, 0xFC, 0x00, 0xFC, 0x00, 0xFC, 0x00, 0xFF, 0xFE, 0xFF, 0xFE, 0xFF, 0xFE, 0xFF, 0xFE,
    0xFC, 0x00, 0xFC, 0x00, 0xFC, 0x00, 0xFC, 0x00, 0xFC, 0x00, 0xFC, 0x00, 0xFC, 0x00, 0xFC, 0x00,
    0xFF, 0xFF, 0xFF, 0xFF, 0xFF, 0xFF, 0xFF, 0xFF, 0x03, 0xC1, 0xC0, 0xFE, 0x70, 0x18, 0xFE, 0x07,
    0x07, 0x80, 0x00, 0x00, 0x01, 0xF0, 0x00, 0x7F, 0x00, 0x1E, 0xF0, 0x07, 0x8F, 0x01, 0xE0, 0x78,
    0x00, 0x00, 0x00, 0x00, 0x00, 0x00, 0x00, 0x07, 0xF0, 0x03, 0xFF, 0x80, 0xFF, 0xFC, 0x3F, 0xFF,
    0x8F, 0xE3, 0xF9, 0xF8, 0x3F, 0x3E, 0x03, 0xFF, 0xC0, 0x7F, 0xFF, 0xFF, 0xFF, 0xFF, 0xFF, 0xFF,
    0xFF, 0xFF, 0xFF, 0xFF, 0x80, 0x03, 0xF0, 0x00, 0x7E, 0x00, 0x07, 0xE0, 0x00, 0xFF, 0x03, 0x8F,
    0xFF, 0xF0, 0xFF, 0xFE, 0x0F, 0xFF, 0xC0, 0x3F, 0xC0, 0x07, 0xC0, 0x0F, 0xE0, 0x1F, 0xF0, 0x3F,
    0xF8, 0x7E, 0x7C, 0x78, 0x3C, 0xF0, 0x1E, 0x00, 0x00, 0x00, 0x00, 0xFF, 0xFF, 0xFF, 0xFF, 0xFF,
    0xFF, 0xFF, 0xFF, 0xFC, 0x00, 0xFC, 0x00, 0xFC, 0x00, 0xFC, 0x00, 0xFC, 0x00, 0xFC, 0x00, 0xFC,
    0x00, 0xFF, 0xFE, 0xFF, 0xFE, 0xFF, 0xFE, 0xFF, 0xFE, 0xFC, 0x00, 0xFC, 0x00, 0xFC, 0x00, 0xFC,
    0x00, 0xFC, 0x00, 0xFC, 0x00, 0xFC, 0x00, 0xFC, 0x00, 0xFF, 0xFF, 0xFF, 0xFF, 0xFF, 0xFF, 0xFF,
    0xFF, 0x00, 0x00, 0x00, 0x00, 0x00, 0x00, 0x07, 0x80, 0x0F, 0xC0, 0x0F, 0xC0, 0x0F, 0xC0, 0x07,
    0x80, 0x03, 0xF0, 0x00, 0x7F, 0x00, 0x1F, 0xF0, 0x07, 0xDF, 0x01, 0xF1, 0xF0, 0x7C, 0x1F, 0x00,
    0x00, 0x00, 0x00, 0x00, 0x03, 0xF8, 0x01, 0xFF, 0xC0, 0x7F, 0xFE, 0x1F, 0xFF, 0xC7, 0xF1, 0xFC,
    0xFC, 0x1F, 0x9F, 0x01, 0xFF, 0xE0, 0x3F, 0xFF, 0xFF, 0xFF, 0xFF, 0xFF, 0xFF, 0xFF, 0xFF, 0xFF,
    0xFF, 0xC0, 0x01, 0xF8, 0x00, 0x3F, 0x00, 0x03, 0xF0, 0x00, 0x7F, 0x81, 0xC7, 0xFF, 0xF8, 0x7F,
    0xFF, 0x07, 0xFF, 0xE0, 0x1F, 0xE0, 0x00, 0x00, 0x00, 0x00, 0x00, 0x07, 0x80, 0x01, 0xF8, 0x00,
    0x3F, 0x00, 0x07, 0xE0, 0x00, 0x78, 0x00, 0x7F, 0x07, 0xF8, 0x7F, 0xC0, 0x3C, 0x03, 0xC0, 0x7C,
    0x1F, 0x81, 0xF0, 0x1E, 0x00, 0x00, 0x00, 0x0F, 0xFF, 0xFF, 0xFF, 0xFF, 0xFF, 0xF3, 0xFC, 0x1F,
    0x81, 0xF8, 0x1F, 0x81, 0xF8, 0x1F, 0x81, 0xF8, 0x1F, 0x81, 0xF8, 0x1F, 0x81, 0xF8, 0x1F, 0x81,
    0xF8, 0x1F, 0x81, 0xF8, 0x1F, 0x81, 0xF8, 0x1F, 0x83, 0xFC, 0xFF, 0xFF, 0xFF, 0xFF, 0xFF, 0xFF,
    0xFC, 0xFE, 0xFF, 0x0F, 0x0F, 0x1F, 0x3E, 0x38, 0x00, 0x00, 0x7E, 0x7E, 0x7E, 0x7E, 0x7E, 0x7E,
    0x7E, 0x7E, 0x7E, 0x7E, 0x7E, 0x7E, 0x7E, 0x7E, 0x7E, 0x7E, 0x7E, 0x7E, 0x7E, 0x7E, 0x7E, 0xFF,
    0xFF, 0xFF, 0xFF, 0xFF, 0xFF, 0x3F, 0xC1, 0xF8, 0x1F, 0x81, 0xF8, 0x1F, 0x81, 0xF8, 0x1F, 0x81,
    0xF8, 0x1F, 0x81, 0xF8, 0x1F, 0x81, 0xF8, 0x1F, 0x81, 0xF8, 0x1F, 0x81, 0xF8, 0x1F, 0x81, 0xF8,
    0x3F, 0xCF, 0xFF, 0xFF, 0xFF, 0xFF, 0xFF, 0xF0, 0x00, 0x00, 0x00, 0x00, 0x1E, 0x03, 0xF0, 0x3F,
    0x03, 0xF0, 0x1E, 0x00, 0x7B, 0xFF, 0xFF, 0x78, 0x00, 0x00, 0xFF, 0xFF, 0xFF, 0xFF, 0xFF, 0xFF,
    0xFF, 0xFF, 0xFF, 0xFF, 0xFF, 0xFF, 0xFF, 0xFF, 0xFF, 0xFC, 0x00, 0x00, 0x7B, 0xFF, 0xFF, 0x78,
    0x00, 0xFF, 0x80, 0x01, 0xFF, 0xF0, 0x03, 0xFF, 0xFE, 0x03, 0xFF, 0xFF, 0x83, 0xFF, 0xFF, 0xE1,
    0xFE, 0x0F, 0xF1, 0xFC, 0x01, 0xFC, 0xFC, 0x00, 0x7E, 0x7E, 0x00, 0x3F, 0x7E, 0x00, 0x1F, 0xFF,
    0x00, 0x07, 0xFF, 0x80, 0x03, 0xFF, 0xC0, 0x01, 0xFF, 0xE0, 0x00, 0xFF, 0xF0, 0x00, 0x7F, 0xF8,
    0x00, 0x3F, 0xFC, 0x00, 0x1F, 0xFF, 0x00, 0x1F, 0xDF, 0x80, 0x0F, 0xCF, 0xC0, 0x07, 0xE7, 0xF0,
    0x07, 0xF1, 0xFE, 0x0F, 0xF0, 0xFF, 0xFF, 0xF8, 0x3F, 0xFF, 0xF8, 0x0F, 0xFF, 0xF8, 0x01, 0xFF,
    0xF0, 0x00, 0x3F, 0xE0, 0x00, 0x00, 0x00, 0x00, 0x00, 0x00, 0x00, 0x00, 0xF0, 0x00, 0x00, 0xFC,
    0x00, 0x00, 0x7E, 0x00, 0x00, 0x3F, 0x00, 0x00, 0x0F, 0x00, 0x00, 0x03, 0xFC, 0x00, 0xFF, 0xF0,
    0x1F, 0xFF, 0x83, 0xFF, 0xFC, 0x7F, 0x0F, 0xE7, 0xE0, 0x7E, 0xFE, 0x07, 0xEF, 0xC0, 0x3F, 0xFC,
    0x03, 0xFF, 0xC0, 0x3F, 0xFC, 0x03, 0xFF, 0xC0, 0x3F, 0xFC, 0x03, 0xFF, 0xC0, 0x3F, 0x7E, 0x07,
    0xE7, 0xE0, 0x7E, 0x7F, 0x0F, 0xE3, 0xFF, 0xFC, 0x1F, 0xFF, 0x80, 0xFF, 0xF0, 0x03, 0xFC, 0x00,
    0x00, 0x00, 0x00, 0x00, 0x00, 0x0F, 0x00, 0x01, 0xF8, 0x00, 0x1F, 0x80, 0x01, 0xF8, 0x00, 0x0F,
    0x00, 0x00, 0x7E, 0x00, 0x00, 0x3F, 0x80, 0x00, 0x1F, 0xE0, 0x00, 0x00, 0xF0, 0x00, 0x00, 0x78,
    0x00, 0x00, 0x3C, 0x00, 0x00, 0x7C, 0x00, 0x00, 0x3C, 0x00, 0x00, 0x1C, 0x00, 0x00, 0x0E, 0x00,
    0x00, 0x00, 0x00, 0x00, 0x1F, 0xF0, 0x00, 0x3F, 0xFE, 0x00, 0x7F, 0xFF, 0xC0, 0x7F, 0xFF, 0xF0,
    0x7F, 0xFF, 0xFC, 0x3F, 0xC1, 0xFE, 0x3F, 0x80, 0x3F, 0x9F, 0x80, 0x0F, 0xCF, 0xC0, 0x07, 0xEF,
    0xC0, 0x03, 0xFF, 0xE0, 0x00, 0xFF, 0xF0, 0x00, 0x7F, 0xF8, 0x00, 0x3F, 0xFC, 0x00, 0x1F, 0xFE,
    0x00, 0x0F, 0xFF, 0x00, 0x07, 0xFF, 0x80, 0x03, 0xFF, 0xE0, 0x03, 0xFB, 0xF0, 0x01, 0xF9, 0xF8,
    0x00, 0xFC, 0xFE, 0x00, 0xFE, 0x3F, 0xC1, 0xFE, 0x1F, 0xFF, 0xFF, 0x07, 0xFF, 0xFF, 0x01, 0xFF,
    0xFF, 0x00, 0x3F, 0xFE, 0x00, 0x07, 0xFC, 0x00, 0x03, 0xF0, 0x00, 0x3F, 0x80, 0x03, 0xFC, 0x00,
    0x03, 0xC0, 0x00, 0x3C, 0x00, 0x03, 0xC0, 0x00, 0xF8, 0x00, 0x0F, 0x00, 0x00, 0xE0, 0x00, 0x00,
    0x00, 0x00, 0x00, 0x00, 0x3F, 0xC0, 0x0F, 0xFF, 0x01, 0xFF, 0xF8, 0x3F, 0xFF, 0xC7, 0xF0, 0xFE,
    0x7E, 0x07, 0xEF, 0xE0, 0x7E, 0xFC, 0x03, 0xFF, 0xC0, 0x3F, 0xFC, 0x03, 0xFF, 0xC0, 0x3F, 0xFC,
    0x03, 0xFF, 0xC0, 0x3F, 0xFC, 0x03, 0xF7, 0xE0, 0x7E, 0x7E, 0x07, 0xE7, 0xF0, 0xFE, 0x3F, 0xFF,
    0xC1, 0xFF, 0xF8, 0x0F, 0xFF, 0x00, 0x3F, 0xC0, 0x00, 0x00, 0x0F, 0x00, 0x00, 0x0F, 0x00, 0x1F,
    0x8F, 0x00, 0x0F, 0xEF, 0x00, 0x0F, 0xF8, 0x00, 0x0F, 0x3E, 0x00, 0x0F, 0x0F, 0x00, 0x07, 0x03,
    0xC0, 0x00, 0x00, 0x00, 0x00, 0x00, 0x00, 0x00, 0x3F, 0xE0, 0x00, 0x7F, 0xFC, 0x00, 0xFF, 0xFF,
    0x80, 0xFF, 0xFF, 0xE0, 0xFF, 0xFF, 0xF8, 0x7F, 0x83, 0xFC, 0x7F, 0x00, 0x7F, 0x3F, 0x00, 0x1F,
    0x9F, 0x80, 0x0F, 0xDF, 0x80, 0x07, 0xFF, 0xC0, 0x01, 0xFF, 0xE0, 0x00, 0xFF, 0xF0, 0x00, 0x7F,
    0xF8, 0x00, 0x3F, 0xFC, 0x00, 0x1F, 0xFE, 0x00, 0x0F, 0xFF, 0x00, 0x07, 0xFF, 0xC0, 0x07, 0xF7,
    0xE0, 0x03, 0xF3, 0xF0, 0x01, 0xF9, 0xFC, 0x01, 0xFC, 0x7F, 0x83, 0xFC, 0x3F, 0xFF, 0xFE, 0x0F,
    0xFF, 0xFE, 0x03, 0xFF, 0xFE, 0x00, 0x7F, 0xFC, 0x00, 0x0F, 0xF8, 0x00, 0x00, 0x00, 0x7C, 0x00,
    0x01, 0xE0, 0x1F, 0x8F, 0x00, 0xFF, 0x78, 0x07, 0xFC, 0x00, 0x1E, 0x78, 0x00, 0xF0, 0xF0, 0x07,
    0x81, 0xE0, 0x00, 0x00, 0x00, 0x00, 0x00, 0x00, 0x3F, 0xC0, 0x03, 0xFF, 0xC0, 0x1F, 0xFF, 0x80,
    0xFF, 0xFF, 0x07, 0xF0, 0xFE, 0x1F, 0x81, 0xF8, 0xFE, 0x07, 0xE3, 0xF0, 0x0F, 0xCF, 0xC0, 0x3F,
    0x3F, 0x00, 0xFC, 0xFC, 0x03, 0xF3, 0xF0, 0x0F, 0xCF, 0xC0, 0x3F, 0x3F, 0x00, 0xFC, 0x7E, 0x07,
    0xE1, 0xF8, 0x1F, 0x87, 0xF0, 0xFE, 0x0F, 0xFF, 0xF0, 0x1F, 0xFF, 0x80, 0x3F, 0xFC, 0x00, 0x3F,
    0xC0, 0x00, 0x78, 0x00, 0x00, 0x3E, 0x00, 0x00, 0x07, 0x1F, 0xC0, 0x01, 0xCF, 0xE0, 0x00, 0x0F,
    0xF8, 0x00, 0x0F, 0xBE, 0x00, 0x07, 0x8F, 0x00, 0x07, 0x03, 0xC0, 0x00, 0x00, 0x00, 0x00, 0x00,
    0x00, 0x00, 0x3F, 0xE0, 0x00, 0x7F, 0xFC, 0x00, 0xFF, 0xFF, 0x80, 0xFF, 0xFF, 0xE0, 0xFF, 0xFF,
    0xF8, 0x7F, 0x83, 0xFC, 0x7F, 0x00, 0x7F, 0x3F, 0x00, 0x1F, 0x9F, 0x80, 0x0F, 0xDF, 0x80, 0x07,
    0xFF, 0xC0, 0x01, 0xFF, 0xE0, 0x00, 0xFF, 0xF0, 0x00, 0x7F, 0xF8, 0x00, 0x3F, 0xFC, 0x00, 0x1F,
    0xFE, 0x00, 0x0F, 0xFF, 0x00, 0x07, 0xFF, 0xC0, 0x07, 0xF7, 0xE0, 0x03, 0xF3, 0xF0, 0x01, 0xF9,
    0xFC, 0x01, 0xFC, 0x7F, 0x83, 0xFC, 0x3F, 0xFF, 0xFE, 0x0F, 0xFF, 0xFE, 0x03, 0xFF, 0xFE, 0x00,
    0x7F, 0xFC, 0x00, 0x0F, 0xF8, 0x00, 0xF0, 0x00, 0x01, 0xE0, 0x00, 0x03, 0xC7, 0xE0, 0x07, 0xBF,
    0xC0, 0x01, 0xFF, 0x00, 0x07, 0x9E, 0x00, 0x3C, 0x3C, 0x01, 0xE0, 0x78, 0x00, 0x00, 0x00, 0x00,
    0x00, 0x00, 0x0F, 0xF0, 0x00, 0xFF, 0xF0, 0x07, 0xFF, 0xE0, 0x3F, 0xFF, 0xC1, 0xFC, 0x3F, 0x87,
    0xE0, 0x7E, 0x3F, 0x81, 0xF8, 0xFC, 0x03, 0xF3, 0xF0, 0x0F, 0xCF, 0xC0, 0x3F, 0x3F, 0x00, 0xFC,
    0xFC, 0x03, 0xF3, 0xF0, 0x0F, 0xCF, 0xC0, 0x3F, 0x1F, 0x81, 0xF8, 0x7E, 0x07, 0xE1, 0xFC, 0x3F,
    0x83, 0xFF, 0xFC, 0x07, 0xFF, 0xE0, 0x0F, 0xFF, 0x00, 0x0F, 0xF0, 0x00, 0x00, 0x00, 0x7C, 0x00,
    0x00, 0x3F, 0x00, 0x00, 0x03, 0x80, 0x00, 0x01, 0xC0, 0x07, 0xE3, 0xC0, 0x03, 0xF9, 0x80, 0x03,
    0xFE, 0x00, 0x03, 0xCF, 0x80, 0x03, 0xC3, 0xC0, 0x01, 0xC0, 0xF0, 0x00, 0x00, 0x00, 0x00, 0x00,
    0x00, 0x00, 0x0F, 0xF8, 0x00, 0x1F, 0xFF, 0x00, 0x3F, 0xFF, 0xE0, 0x3F, 0xFF, 0xF8, 0x3F, 0xFF,
    0xFE, 0x1F, 0xE0, 0xFF, 0x1F, 0xC0, 0x1F, 0xCF, 0xC0, 0x07, 0xE7, 0xE0, 0x03, 0xF7, 0xE0, 0x01,
    0xFF, 0xF0, 0x00, 0x7F, 0xF8, 0x00, 0x3F, 0xFC, 0x00, 0x1F, 0xFE, 0x00, 0x0F, 0xFF, 0x00, 0x07,
    0xFF, 0x80, 0x03, 0xFF, 0xC0, 0x01, 0xFF, 0xF0, 0x01, 0xFD, 0xF8, 0x00, 0xFC, 0xFC, 0x00, 0x7E,
    0x7F, 0x00, 0x7F, 0x1F, 0xE0, 0xFF, 0x0F, 0xFF, 0xFF, 0x83, 0xFF, 0xFF, 0x80, 0xFF, 0xFF, 0x80,
    0x1F, 0xFF, 0x00, 0x03, 0xFE, 0x00, 0x00, 0x01, 0xE0, 0x00, 0x1F, 0x00, 0x00, 0x70, 0x00, 0x07,
    0x01, 0xF9, 0xE0, 0x3F, 0xDC, 0x07, 0xFC, 0x00, 0x79, 0xE0, 0x0F, 0x0F, 0x01, 0xE0, 0x70, 0x00,
    0x00, 0x00, 0x00, 0x00, 0x03, 0xFC, 0x00, 0xFF, 0xF0, 0x1F, 0xFF, 0x83, 0xFF, 0xFC, 0x7F, 0x0F,
    0xE7, 0xE0, 0x7E, 0xFE, 0x07, 0xEF, 0xC0, 0x3F, 0xFC, 0x03, 0xFF, 0xC0, 0x3F, 0xFC, 0x03, 0xFF,
    0xC0, 0x3F, 0xFC, 0x03, 0xFF, 0xC0, 0x3F, 0x7E, 0x07, 0xE7, 0xE0, 0x7E, 0x7F, 0x0F, 0xE3, 0xFF,
    0xFC, 0x1F, 0xFF, 0x80, 0xFF, 0xF0, 0x03, 0xFC, 0x00, 0x00, 0x78, 0x30, 0x00, 0x7F, 0x38, 0x00,
    0x73, 0xF8, 0x00, 0x30, 0x78, 0x00, 0x00, 0x00, 0x00, 0x00, 0xF8, 0x00, 0x00, 0xFE, 0x00, 0x00,
    0xF7, 0x80, 0x00, 0xF1, 0xE0, 0x00, 0xE0, 0x38, 0x00, 0x00, 0x00, 0x00, 0x00, 0x00, 0x00, 0x00,
    0x00, 0x00, 0x07, 0xFC, 0x00, 0x0F, 0xFF, 0x80, 0x1F, 0xFF, 0xF0, 0x1F, 0xFF, 0xFC, 0x1F, 0xFF,
    0xFF, 0x0F, 0xF0, 0x7F, 0x8F, 0xE0, 0x0F, 0xE7, 0xE0, 0x03, 0xF3, 0xF0, 0x01, 0xFB, 0xF8, 0x00,
    0xFF, 0xF8, 0x00, 0x3F, 0xFC, 0x00, 0x1F, 0xFE, 0x00, 0x0F, 0xFF, 0x00, 0x07, 0xFF, 0x80, 0x03,
    0xFF, 0xC0, 0x01, 0xFF, 0xE0, 0x00, 0xFF, 0xF8, 0x00, 0xFE, 0xFC, 0x00, 0x7E, 0x7E, 0x00, 0x3F,
    0x3F, 0x80, 0x3F, 0x8F, 0xF0, 0x7F, 0x87, 0xFF, 0xFF, 0xC1, 0xFF, 0xFF, 0xC0, 0x7F, 0xFF, 0xC0,
    0x0F, 0xFF, 0x80, 0x01, 0xFF, 0x00, 0x01, 0xE1, 0xC0, 0x7F, 0x1C, 0x06, 0x3F, 0x80, 0x60, 0xF0,
    0x00, 0x00, 0x00, 0x0F, 0xC0, 0x01, 0xFE, 0x00, 0x3F, 0xF0, 0x07, 0xC7, 0x80, 0xF0, 0x3C, 0x00,
    0x00, 0x00, 0x00, 0x00, 0x00, 0x00, 0x00, 0x3F, 0xC0, 0x0F, 0xFF, 0x01, 0xFF, 0xF8, 0x3F, 0xFF,
    0xC7, 0xF0, 0xFE, 0x7E, 0x07, 0xEF, 0xE0, 0x7E, 0xFC, 0x03, 0xFF, 0xC0, 0x3F, 0xFC, 0x03, 0xFF,
    0xC0, 0x3F, 0xFC, 0x03, 0xFF, 0xC0, 0x3F, 0xFC, 0x03, 0xF7, 0xE0, 0x7E, 0x7E, 0x07, 0xE7, 0xF0,
    0xFE, 0x3F, 0xFF, 0xC1, 0xFF, 0xF8, 0x0F, 0xFF, 0x00, 0x3F, 0x80, 0x00, 0x3F, 0x00, 0x00, 0x1F,
    0x80, 0x00, 0x1F, 0xE0, 0x00, 0x1F, 0xF8, 0x00, 0x1F, 0x3E, 0x00, 0x1F, 0x0F, 0x00, 0x1E, 0x01,
    0xC0, 0x00, 0x00, 0x00, 0x00, 0x00, 0x00, 0x00, 0x7F, 0xC0, 0x00, 0xFF, 0xF8, 0x01, 0xFF, 0xFF,
    0x01, 0xFF, 0xFF, 0xC1, 0xFF, 0xFF, 0xF0, 0xFF, 0x07, 0xF8, 0xFE, 0x00, 0xFE, 0x7E, 0x00, 0x3F,
    0x3F, 0x00, 0x1F, 0xBF, 0x00, 0x0F, 0xFF, 0x80, 0x03, 0xFF, 0xC0, 0x01, 0xFF, 0xE0, 0x00, 0xFF,
    0xF0, 0x00, 0x7F, 0xF8, 0x00, 0x3F, 0xFC, 0x00, 0x1F, 0xFE, 0x00, 0x0F, 0xFF, 0x80, 0x0F, 0xEF,
    0xC0, 0x07, 0xE7, 0xE0, 0x03, 0xF3, 0xF8, 0x03, 0xF8, 0xFF, 0x07, 0xF8, 0x7F, 0xFF, 0xFC, 0x1F,
    0xFF, 0xFC, 0x07, 0xFF, 0xFC, 0x00, 0xFF, 0xF8, 0x00, 0x1F, 0xF0, 0x00, 0x00, 0x00, 0x00, 0x00,
    0x00, 0x00, 0x00, 0x78, 0x00, 0x00, 0x7E, 0x00, 0x00, 0x3F, 0x00, 0x00, 0x1F, 0x80, 0x00, 0x07,
    0x80, 0x00, 0x01, 0xF8, 0x00, 0x3F, 0xC0, 0x07, 0xFE, 0x00, 0x7D, 0xF0, 0x0F, 0x8F, 0x81, 0xE0,
    0x78, 0x00, 0x00, 0x00, 0x00, 0x00, 0x03, 0xFC, 0x00, 0xFF, 0xF0, 0x1F, 0xFF, 0x83, 0xFF, 0xFC,
    0x7F, 0x0F, 0xE7, 0xE0, 0x7E, 0xFE, 0x07, 0xEF, 0xC0, 0x3F, 0xFC, 0x03, 0xFF, 0xC0, 0x3F, 0xFC,
    0x03, 0xFF, 0xC0, 0x3F, 0xFC, 0x03, 0xFF, 0xC0, 0x3F, 0x7E, 0x07, 0xE7, 0xE0, 0x7E, 0x7F, 0x0F,
    0xE3, 0xFF, 0xFC, 0x1F, 0xFF, 0x80, 0xFF, 0xF0, 0x03, 0xFC, 0x00, 0x00, 0x00, 0x00, 0x00, 0x00,
    0x0F, 0x00, 0x01, 0xF8, 0x00, 0x1F, 0x80, 0x01, 0xF8, 0x00, 0x0F, 0x00, 0x00, 0x03, 0xF8, 0x00,
    0x00, 0x0F, 0xC0, 0x00, 0x00, 0x7E, 0x00, 0x00, 0x03, 0xF0, 0x00, 0x00, 0x1F, 0x00, 0x00, 0x00,
    0xF8, 0x00, 0x00, 0x03, 0xC0, 0x00, 0x00, 0x00, 0x00, 0x1F, 0x00, 0x00, 0x00, 0x7C, 0x01, 0xFE,
    0x03, 0xF0, 0x3F, 0xFF, 0x0F, 0xC1, 0xFF, 0xFF, 0x3E, 0x1F, 0xFF, 0xFF, 0xF8, 0x7F, 0xFF, 0xFF,
    0xC3, 0xFC, 0x0F, 0xFC, 0x1F, 0xC0, 0x0F, 0xE0, 0x7F, 0x00, 0x3F, 0x81, 0xF8, 0x00, 0x7F, 0x0F,
    0xE0, 0x01, 0xFC, 0x3F, 0x00, 0x03, 0xF0, 0xFC, 0x00, 0x0F, 0xC3, 0xF0, 0x00, 0x3F, 0x0F, 0xC0,
    0x00, 0xFC, 0x3F, 0x00, 0x03, 0xF0, 0xFC, 0x00, 0x0F, 0xC3, 0xF0, 0x00, 0x3F, 0x0F, 0xE0, 0x01,
    0xFC, 0x1F, 0x80, 0x07, 0xE0, 0x7F, 0x00, 0x1F, 0x81, 0xFC, 0x00, 0xFE, 0x03, 0xFC, 0x0F, 0xF0,
    0x07, 0xFF, 0xFF, 0x80, 0x1F, 0xFF, 0xFE, 0x00, 0x3F, 0xFF, 0xF0, 0x00, 0x3F, 0xFF, 0x00, 0x00,
    0x1F, 0xE0, 0x00, 0x00, 0x1F, 0x80, 0x00, 0x1F, 0x80, 0x00, 0x1F, 0x80, 0x00, 0x0F, 0x80, 0x00,
    0x0F, 0x80, 0x00, 0x0F, 0x00, 0xFC, 0x00, 0x00, 0x7E, 0x00, 0x00, 0x3F, 0x03, 0xFC, 0x1F, 0x07,
    0xFF, 0x9F, 0x87, 0xFF, 0xFF, 0x87, 0xFF, 0xFF, 0xC7, 0xF0, 0xFF, 0x83, 0xF0, 0x3F, 0x03, 0xF8,
    0x1F, 0x81, 0xF8, 0x07, 0xE0, 0xFC, 0x03, 0xF0, 0x7E, 0x01, 0xF8, 0x3F, 0x00, 0xFC, 0x1F, 0x80,
    0x7E, 0x0F, 0xC0, 0x3F, 0x07, 0xE0, 0x1F, 0x81, 0xF8, 0x1F, 0x80, 0xFC, 0x0F, 0xC0, 0x7F, 0x0F,
    0xE0, 0x1F, 0xFF, 0xE0, 0x07, 0xFF, 0xE0, 0x01, 0xFF, 0xE0, 0x00, 0x3F, 0x80, 0x00, 0x03, 0xF8,
    0x00, 0x00, 0x07, 0xE0, 0x00, 0x00, 0x0F, 0xC0, 0x00, 0x00, 0x1F, 0x80, 0x00, 0x00, 0x3F, 0x00,
    0x00, 0x00, 0x3E, 0x00, 0x00, 0x00, 0x78, 0x00, 0x00, 0x00, 0x00, 0x1F, 0x00, 0x00, 0x00, 0x7C,
    0x01, 0xFE, 0x03, 0xF0, 0x3F, 0xFF, 0x0F, 0xC1, 0xFF, 0xFF, 0x3E, 0x1F, 0xFF, 0xFF, 0xF8, 0x7F,
    0xFF, 0xFF, 0xC3, 0xFC, 0x0F, 0xFC, 0x1F, 0xC0, 0x0F, 0xE0, 0x7F, 0x00, 0x3F, 0x81, 0xF8, 0x00,
    0x7F, 0x0F, 0xE0, 0x01, 0xFC, 0x3F, 0x00, 0x03, 0xF0, 0xFC, 0x00, 0x0F, 0xC3, 0xF0, 0x00, 0x3F,
    0x0F, 0xC0, 0x00, 0xFC, 0x3F, 0x00, 0x03, 0xF0, 0xFC, 0x00, 0x0F, 0xC3, 0xF0, 0x00, 0x3F, 0x0F,
    0xE0, 0x01, 0xFC, 0x1F, 0x80, 0x07, 0xE0, 0x7F, 0x00, 0x1F, 0x81, 0xFC, 0x00, 0xFE, 0x03, 0xFC,
    0x0F, 0xF0, 0x07, 0xFF, 0xFF, 0x80, 0x1F, 0xFF, 0xFE, 0x00, 0x3F, 0xFF, 0xF0, 0x00, 0x3F, 0xFF,
    0x00, 0x00, 0x1F, 0xE0, 0x00, 0x1F, 0xC0, 0x00, 0x03, 0xF0, 0x00, 0x00, 0xF8, 0x00, 0x00, 0x3E,
    0x00, 0x00, 0x0F, 0x80, 0x00, 0x03, 0xE0, 0xFC, 0x00, 0x00, 0x7E, 0x00, 0x00, 0x3F, 0x03, 0xFC,
    0x1F, 0x07, 0xFF, 0x9F, 0x87, 0xFF, 0xFF, 0x87, 0xFF, 0xFF, 0xC7, 0xF0, 0xFF, 0x83, 0xF0, 0x3F,
    0x03, 0xF8, 0x1F, 0x81, 0xF8, 0x07, 0xE0, 0xFC, 0x03, 0xF0, 0x7E, 0x01, 0xF8, 0x3F, 0x00, 0xFC,
    0x1F, 0x80, 0x7E, 0x0F, 0xC0, 0x3F, 0x07, 0xE0, 0x1F, 0x81, 0xF8, 0x1F, 0x80, 0xFC, 0x0F, 0xC0,
    0x7F, 0x0F, 0xE0, 0x1F, 0xFF, 0xE0, 0x07, 0xFF, 0xE0, 0x01, 0xFF, 0xE0, 0x00, 0x3F, 0x80, 0x00,
    0x00, 0x7E, 0x00, 0x00, 0x01, 0xFC, 0x00, 0x00, 0x07, 0xF8, 0x00, 0x00, 0x01, 0xE0, 0x00, 0x00,
    0x07, 0x80, 0x00, 0x00, 0x3E, 0x00, 0x00, 0x01, 0xF0, 0x00, 0x00, 0x07, 0x00, 0x00, 0x00, 0x1C,
    0x00, 0x00, 0x00, 0x00, 0x01, 0xF0, 0x00, 0x00, 0x07, 0xC0, 0x1F, 0xE0, 0x3F, 0x03, 0xFF, 0xF0,
    0xFC, 0x1F, 0xFF, 0xF3, 0xE1, 0xFF, 0xFF, 0xFF, 0x87, 0xFF, 0xFF, 0xFC, 0x3F, 0xC0, 0xFF, 0xC1,
    0xFC, 0x00, 0xFE, 0x07, 0xF0, 0x03, 0xF8, 0x1F, 0x80, 0x07, 0xF0, 0xFE, 0x00, 0x1F, 0xC3, 0xF0,
    0x00, 0x3F, 0x0F, 0xC0, 0x00, 0xFC, 0x3F, 0x00, 0x03, 0xF0, 0xFC, 0x00, 0x0F, 0xC3, 0xF0, 0x00,
    0x3F, 0x0F, 0xC0, 0x00, 0xFC, 0x3F, 0x00, 0x03, 0xF0, 0xFE, 0x00, 0x1F, 0xC1, 0xF8, 0x00, 0x7E,
    0x07, 0xF0, 0x01, 0xF8, 0x1F, 0xC0, 0x0F, 0xE0, 0x3F, 0xC0, 0xFF, 0x00, 0x7F, 0xFF, 0xF8, 0x01,
    0xFF, 0xFF, 0xE0, 0x03, 0xFF, 0xFF, 0x00, 0x03, 0xFF, 0xF0, 0x00, 0x01, 0xFE, 0x00, 0x00, 0x03,
    0xF0, 0x00, 0x01, 0xFC, 0x00, 0x00, 0xFF, 0x00, 0x00, 0x07, 0x80, 0x00, 0x03, 0xC0, 0x00, 0x01,
    0xE0, 0x00, 0x03, 0xE0, 0x00, 0x01, 0xE0, 0x00, 0x00, 0xE0, 0x1F, 0x80, 0x00, 0x0F, 0xC0, 0x00,
    0x07, 0xE0, 0x7F, 0x83, 0xE0, 0xFF, 0xF3, 0xF0, 0xFF, 0xFF, 0xF0, 0xFF, 0xFF, 0xF0, 0xFE, 0x1F,
    0xF0, 0x7E, 0x07, 0xE0, 0x7F, 0x03, 0xF8, 0x3F, 0x00, 0xFC, 0x1F, 0x80, 0x7E, 0x0F, 0xC0, 0x3F,
    0x07, 0xE0, 0x1F, 0x83, 0xF0, 0x0F, 0xC1, 0xF8, 0x07, 0xE0, 0xFC, 0x03, 0xF0, 0x3F, 0x03, 0xF0,
    0x1F, 0x81, 0xF8, 0x0F, 0xE1, 0xFC, 0x03, 0xFF, 0xFC, 0x00, 0xFF, 0xFC, 0x00, 0x3F, 0xFC, 0x00,
    0x07, 0xF0, 0x00, 0x00, 0xF8, 0x38, 0x00, 0x07, 0xF8, 0xE0, 0x00, 0x3F, 0xFF, 0x80, 0x00, 0xFF,
    0xFC, 0x00, 0x03, 0x8F, 0xE0, 0x00, 0x1C, 0x0F, 0x00, 0x00, 0x00, 0x00, 0x07, 0xC0, 0x00, 0x00,
    0x1F, 0x00, 0x7F, 0x80, 0xFC, 0x0F, 0xFF, 0xC3, 0xF0, 0x7F, 0xFF, 0xCF, 0x87, 0xFF, 0xFF, 0xFE,
    0x1F, 0xFF, 0xFF, 0xF0, 0xFF, 0x03, 0xFF, 0x07, 0xF0, 0x03, 0xF8, 0x1F, 0xC0, 0x0F, 0xE0, 0x7E,
    0x00, 0x1F, 0xC3, 0xF8, 0x00, 0x7F, 0x0F, 0xC0, 0x00, 0xFC, 0x3F, 0x00, 0x03, 0xF0, 0xFC, 0x00,
    0x0F, 0xC3, 0xF0, 0x00, 0x3F, 0x0F, 0xC0, 0x00, 0xFC, 0x3F, 0x00, 0x03, 0xF0, 0xFC, 0x00, 0x0F,
    0xC3, 0xF8, 0x00, 0x7F, 0x07, 0xE0, 0x01, 0xF8, 0x1F, 0xC0, 0x07, 0xE0, 0x7F, 0x00, 0x3F, 0x80,
    0xFF, 0x03, 0xFC, 0x01, 0xFF, 0xFF, 0xE0, 0x07, 0xFF, 0xFF, 0x80, 0x0F, 0xFF, 0xFC, 0x00, 0x0F,
    0xFF, 0xC0, 0x00, 0x07, 0xF8, 0x00, 0x00, 0x03, 0xC1, 0xC0, 0x07, 0xF1, 0xE0, 0x03, 0xFF, 0xE0,
    0x03, 0xFF, 0xF0, 0x01, 0xC7, 0xF0, 0x00, 0xE0, 0xF0, 0xFC, 0x00, 0x00, 0x7E, 0x00, 0x00, 0x3F,
    0x03, 0xFC, 0x1F, 0x07, 0xFF, 0x9F, 0x87, 0xFF, 0xFF, 0x87, 0xFF, 0xFF, 0x87, 0xF0, 0xFF, 0x83,
    0xF0, 0x3F, 0x03, 0xF8, 0x1F, 0xC1, 0xF8, 0x07, 0xE0, 0xFC, 0x03, 0xF0, 0x7E, 0x01, 0xF8, 0x3F,
    0x00, 0xFC, 0x1F, 0x80, 0x7E, 0x0F, 0xC0, 0x3F, 0x07, 0xE0, 0x1F, 0x81, 0xF8, 0x1F, 0x80, 0xFC,
    0x0F, 0xC0, 0x7F, 0x0F, 0xE0, 0x1F, 0xFF, 0xE0, 0x07, 0xFF, 0xE0, 0x01, 0xFF, 0xE0, 0x00, 0x3F,
    0x80, 0x00, 0x00, 0x00, 0x00, 0x7C, 0x00, 0x00, 0x01, 0xF0, 0x07, 0xF8, 0x0F, 0xC0, 0xFF, 0xFC,
    0x3F, 0x07, 0xFF, 0xFC, 0xF8, 0x7F, 0xFF, 0xFF, 0xE1, 0xFF, 0xFF, 0xFF, 0x0F, 0xF0, 0x3F, 0xF0,
    0x7F, 0x00, 0x3F, 0x81, 0xFC, 0x00, 0xFE, 0x07, 0xE0, 0x01, 0xFC, 0x3F, 0x80, 0x07, 0xF0, 0xFC,
    0x00, 0x0F, 0xC3, 0xF0, 0x00, 0x3F, 0x0F, 0xC0, 0x00, 0xFC, 0x3F, 0x00, 0x03, 0xF0, 0xFC, 0x00,
    0x0F, 0xC3, 0xF0, 0x00, 0x3F, 0x0F, 0xC0, 0x00, 0xFC, 0x3F, 0x80, 0x07, 0xF0, 0x7E, 0x00, 0x1F,
    0x81, 0xFC, 0x00, 0x7E, 0x07, 0xF0, 0x03, 0xF8, 0x0F, 0xF0, 0x3F, 0xC0, 0x1F, 0xFF, 0xFE, 0x00,
    0x7F, 0xFF, 0xF8, 0x00, 0xFF, 0xFF, 0xC0, 0x00, 0xFF, 0xFC, 0x00, 0x00, 0x7F, 0x80, 0x00, 0x00,
    0x00, 0x00, 0x00, 0x00, 0x00, 0x00, 0x00, 0x07, 0x80, 0x00, 0x00, 0x3F, 0x00, 0x00, 0x00, 0xFC,
    0x00, 0x00, 0x03, 0xF0, 0x00, 0x00, 0x07, 0x80, 0x00, 0x00, 0x00, 0x1F, 0x80, 0x00, 0x0F, 0xC0,
    0x00, 0x07, 0xE0, 0x7F, 0x83, 0xE0, 0xFF, 0xF3, 0xF0, 0xFF, 0xFF, 0xF0, 0xFF, 0xFF, 0xF0, 0xFE,
    0x1F, 0xF0, 0x7E, 0x07, 0xE0, 0x7F, 0x03, 0xF8, 0x3F, 0x00, 0xFC, 0x1F, 0x80, 0x7E, 0x0F, 0xC0,
    0x3F, 0x07, 0xE0, 0x1F, 0x83, 0xF0, 0x0F, 0xC1, 0xF8, 0x07, 0xE0, 0xFC, 0x03, 0xF0, 0x3F, 0x03,
    0xF0, 0x1F, 0x81, 0xF8, 0x0F, 0xE1, 0xFC, 0x03, 0xFF, 0xFC, 0x00, 0xFF, 0xFC, 0x00, 0x3F, 0xFC,
    0x00, 0x07, 0xF0, 0x00, 0x00, 0x00, 0x00, 0x00, 0x00, 0x00, 0x00, 0x3C, 0x00, 0x00, 0x3F, 0x00,
    0x00, 0x1F, 0x80, 0x00, 0x0F, 0xC0, 0x00, 0x03, 0xC0, 0x00, 0xFC, 0x00, 0xFF, 0xF0, 0x03, 0xFF,
    0xC0, 0x0F, 0xFF, 0x00, 0x3F, 0xFC, 0x00, 0xFF, 0xF0, 0x03, 0xFF, 0xC0, 0x0F, 0xFF, 0x00, 0x3F,
    0xFC, 0x00, 0xFF, 0xF0, 0x03, 0xFF, 0xC0, 0x0F, 0xFF, 0x00, 0x3F, 0xFC, 0x00, 0xFF, 0xF0, 0x03,
    0xFF, 0xC0, 0x0F, 0xFF, 0x00, 0x3F, 0xFC, 0x00, 0xFF, 0xF0, 0x03, 0xFF, 0xC0, 0x0F, 0xFF, 0x80,
    0x7F, 0xFE, 0x01, 0xFD, 0xFE, 0x0F, 0xE7, 0xFF, 0xFF, 0x8F, 0xFF, 0xFC, 0x1F, 0xFF, 0xE0, 0x3F,
    0xFF, 0x00, 0x1F, 0xE0, 0x00, 0x00, 0x00, 0x00, 0x00, 0x00, 0x03, 0xC0, 0x00, 0x1F, 0x80, 0x00,
    0x7E, 0x00, 0x01, 0xF8, 0x00, 0x03, 0xC0, 0x00, 0xFC, 0x07, 0xFF, 0x80, 0xFF, 0xF0, 0x1F, 0xFE,
    0x03, 0xFF, 0xC0, 0x7F, 0xF8, 0x0F, 0xFF, 0x01, 0xFF, 0xE0, 0x3F, 0xFC, 0x07, 0xFF, 0x80, 0xFF,
    0xF0, 0x1F, 0xFE, 0x03, 0xFF, 0xC0, 0x7F, 0xF8, 0x0F, 0xFF, 0x03, 0xFF, 0xF0, 0x7F, 0xFE, 0x1F,
    0xEF, 0xFF, 0xFD, 0xFF, 0xEF, 0x9F, 0xF9, 0xF0, 0xFC, 0x3E, 0x00, 0x00, 0x00, 0x00, 0x00, 0x0F,
    0x00, 0x03, 0xF0, 0x00, 0x7E, 0x00, 0x0F, 0xC0, 0x00, 0xF0, 0x00, 0x01, 0xF0, 0x00, 0x07, 0xE0,
    0x00, 0x1F, 0xC0, 0x00, 0x0F, 0x00, 0x00, 0x3C, 0x00, 0x00, 0xF0, 0x00, 0x0F, 0x80, 0x00, 0x3C,
    0x00, 0x00, 0xE0, 0x00, 0x00, 0x00, 0x00, 0x00, 0x00, 0x3F, 0x00, 0x3F, 0xFC, 0x00, 0xFF, 0xF0,
    0x03, 0xFF, 0xC0, 0x0F, 0xFF, 0x00, 0x3F, 0xFC, 0x00, 0xFF, 0xF0, 0x03, 0xFF, 0xC0, 0x0F, 0xFF,
    0x00, 0x3F, 0xFC, 0x00, 0xFF, 0xF0, 0x03, 0xFF, 0xC0, 0x0F, 0xFF, 0x00, 0x3F, 0xFC, 0x00, 0xFF,
    0xF0, 0x03, 0xFF, 0xC0, 0x0F, 0xFF, 0x00, 0x3F, 0xFC, 0x00, 0xFF, 0xF0, 0x03, 0xFF, 0xE0, 0x1F,
    0xFF, 0x80, 0x7F, 0x7F, 0x83, 0xF9, 0xFF, 0xFF, 0xE3, 0xFF, 0xFF, 0x07, 0xFF, 0xF8, 0x0F, 0xFF,
    0xC0, 0x07, 0xF8, 0x00, 0x03, 0xF0, 0x00, 0x7F, 0x00, 0x0F, 0xF0, 0x00, 0x1E, 0x00, 0x03, 0xC0,
    0x00, 0xF8, 0x00, 0x3E, 0x00, 0x07, 0x80, 0x00, 0xE0, 0x00, 0x00, 0x00, 0x00, 0x00, 0x7E, 0x03,
    0xFF, 0xC0, 0x7F, 0xF8, 0x0F, 0xFF, 0x01, 0xFF, 0xE0, 0x3F, 0xFC, 0x07, 0xFF, 0x80, 0xFF, 0xF0,
    0x1F, 0xFE, 0x03, 0xFF, 0xC0, 0x7F, 0xF8, 0x0F, 0xFF, 0x01, 0xFF, 0xE0, 0x3F, 0xFC, 0x07, 0xFF,
    0x81, 0xFF, 0xF8, 0x3F, 0xFF, 0x0F, 0xF7, 0xFF, 0xFE, 0xFF, 0xF7, 0xCF, 0xFC, 0xF8, 0x7E, 0x1F,
    0x00, 0x0F, 0xC0, 0x00, 0x00, 0x7E, 0x00, 0x00, 0x01, 0xF0, 0x00, 0x00, 0x0F, 0x80, 0x00, 0x00,
    0x7C, 0x00, 0x00, 0x03, 0xE0, 0x00, 0x00, 0x0E, 0x00, 0x00, 0x00, 0x00, 0x00, 0x3F, 0x00, 0x00,
    0x00, 0xFF, 0xF0, 0x03, 0xF3, 0xFF, 0xC0, 0x0F, 0xCF, 0xBF, 0x00, 0x3F, 0x7E, 0xFC, 0x00, 0xFF,
    0xF3, 0xF0, 0x03, 0xFF, 0x8F, 0xC0, 0x0F, 0xFC, 0x3F, 0x00, 0x3F, 0x80, 0xFC, 0x00, 0xFC, 0x03,
    0xF0, 0x03, 0xF0, 0x0F, 0xC0, 0x0F, 0xC0, 0x3F, 0x00, 0x3F, 0x00, 0xFC, 0x00, 0xFC, 0x03, 0xF0,
    0x03, 0xF0, 0x0F, 0xC0, 0x0F, 0xC0, 0x3F, 0x00, 0x3F, 0x00, 0xFC, 0x00, 0xFC, 0x03, 0xF0, 0x03,
    0xF0, 0x0F, 0xC0, 0x0F, 0xC0, 0x3F, 0x00, 0x3F, 0x00, 0xFE, 0x01, 0xFC, 0x03, 0xF8, 0x07, 0xF0,
    0x07, 0xF0, 0x3F, 0x80, 0x1F, 0xFF, 0xFE, 0x00, 0x3F, 0xFF, 0xF0, 0x00, 0x7F, 0xFF, 0x80, 0x00,
    0xFF, 0xF8, 0x00, 0x00, 0x7F, 0x80, 0x00, 0x00, 0x3F, 0x80, 0x00, 0x07, 0xE0, 0x00, 0x01, 0xF0,
    0x00, 0x00, 0x7C, 0x00, 0x00, 0x1F, 0x00, 0x00, 0x03, 0x80, 0x0F, 0xC0, 0x00, 0x01, 0xF8, 0x00,
    0x00, 0x3F, 0xFC, 0x07, 0xE7, 0xDF, 0x80, 0xFD, 0xFB, 0xF0, 0x1F, 0xFE, 0x7E, 0x03, 0xFF, 0xCF,
    0xC0, 0x7F, 0xE1, 0xF8, 0x0F, 0xF0, 0x3F, 0x01, 0xF8, 0x07, 0xE0, 0x3F, 0x00, 0xFC, 0x07, 0xE0,
    0x1F, 0x80, 0xFC, 0x03, 0xF0, 0x1F, 0x80, 0x7E, 0x03, 0xF0, 0x0F, 0xC0, 0x7E, 0x01, 0xF8, 0x0F,
    0xC0, 0x3F, 0x03, 0xF8, 0x07, 0xF0, 0x7F, 0x00, 0xFE, 0x1F, 0xE0, 0x0F, 0xFF, 0xFC, 0x01, 0xFF,
    0xEF, 0x80, 0x1F, 0xF9, 0xF0, 0x00, 0xFC, 0x3E, 0x00, 0x0F, 0xC0, 0x00, 0x00, 0x1F, 0x80, 0x00,
    0x00, 0x3F, 0x00, 0x00, 0x00, 0x7C, 0x00, 0x00, 0x00, 0xF8, 0x00, 0x00, 0x01, 0xF0, 0x00, 0x00,
    0x01, 0xC0, 0x00, 0x00, 0x00, 0x00, 0x3F, 0x00, 0x00, 0x00, 0xFF, 0xF0, 0x03, 0xF3, 0xFF, 0xC0,
    0x0F, 0xCF, 0xBF, 0x00, 0x3F, 0x7E, 0xFC, 0x00, 0xFF, 0xF3, 0xF0, 0x03, 0xFF, 0x8F, 0xC0, 0x0F,
    0xFC, 0x3F, 0x00, 0x3F, 0x80, 0xFC, 0x00, 0xFC, 0x03, 0xF0, 0x03, 0xF0, 0x0F, 0xC0, 0x0F, 0xC0,
    0x3F, 0x00, 0x3F, 0x00, 0xFC, 0x00, 0xFC, 0x03, 0xF0, 0x03, 0xF0, 0x0F, 0xC0, 0x0F, 0xC0, 0x3F,
    0x00, 0x3F, 0x00, 0xFC, 0x00, 0xFC, 0x03, 0xF0, 0x03, 0xF0, 0x0F, 0xC0, 0x0F, 0xC0, 0x3F, 0x00,
    0x3F, 0x00, 0xFE, 0x01, 0xFC, 0x03, 0xF8, 0x07, 0xF0, 0x07, 0xF0, 0x3F, 0x80, 0x1F, 0xFF, 0xFE,
    0x00, 0x3F, 0xFF, 0xF0, 0x00, 0x7F, 0xFF, 0x80, 0x00, 0xFF, 0xF8, 0x00, 0x00, 0x7F, 0x80, 0x00,
    0x1F, 0x80, 0x00, 0x01, 0xF8, 0x00, 0x00, 0x1F, 0x80, 0x00, 0x00, 0xF8, 0x00, 0x00, 0x0F, 0x00,
    0x00, 0x00, 0xF0, 0x0F, 0xC0, 0x00, 0x01, 0xF8, 0x00, 0x00, 0x3F, 0xFC, 0x07, 0xE7, 0xDF, 0x80,
    0xFD, 0xFB, 0xF0, 0x1F, 0xFE, 0x7E, 0x03, 0xFF, 0xCF, 0xC0, 0x7F, 0xE1, 0xF8, 0x0F, 0xF0, 0x3F,
    0x01, 0xF8, 0x07, 0xE0, 0x3F, 0x00, 0xFC, 0x07, 0xE0, 0x1F, 0x80, 0xFC, 0x03, 0xF0, 0x1F, 0x80,
    0x7E, 0x03, 0xF0, 0x0F, 0xC0, 0x7E, 0x01, 0xF8, 0x0F, 0xC0, 0x3F, 0x03, 0xF8, 0x07, 0xF0, 0x7F,
    0x00, 0xFE, 0x1F, 0xE0, 0x0F, 0xFF, 0xFC, 0x01, 0xFF, 0xEF, 0x80, 0x1F, 0xF9, 0xF0, 0x00, 0xFC,
    0x3E, 0x00, 0x01, 0xF8, 0x00, 0x00, 0x07, 0xF0, 0x00, 0x00, 0x1F, 0xE0, 0x00, 0x00, 0x07, 0x80,
    0x00, 0x00, 0x1E, 0x00, 0x00, 0x00, 0xF8, 0x00, 0x00, 0x0F, 0xC0, 0x00, 0x00, 0x1E, 0x00, 0x00,
    0x00, 0x70, 0x00, 0x00, 0x00, 0x00, 0x03, 0xF0, 0x00, 0x00, 0x0F, 0xFF, 0x00, 0x3F, 0x3F, 0xFC,
    0x00, 0xFC, 0xFB, 0xF0, 0x03, 0xF7, 0xEF, 0xC0, 0x0F, 0xFF, 0x3F, 0x00, 0x3F, 0xF8, 0xFC, 0x00,
    0xFF, 0xC3, 0xF0, 0x03, 0xF8, 0x0F, 0xC0, 0x0F, 0xC0, 0x3F, 0x00, 0x3F, 0x00, 0xFC, 0x00, 0xFC,
    0x03, 0xF0, 0x03, 0xF0, 0x0F, 0xC0, 0x0F, 0xC0, 0x3F, 0x00, 0x3F, 0x00, 0xFC, 0x00, 0xFC, 0x03,
    0xF0, 0x03, 0xF0, 0x0F, 0xC0, 0x0F, 0xC0, 0x3F, 0x00, 0x3F, 0x00, 0xFC, 0x00, 0xFC, 0x03, 0xF0,
    0x03, 0xF0, 0x0F, 0xE0, 0x1F, 0xC0, 0x3F, 0x80, 0x7F, 0x00, 0x7F, 0x03, 0xF8, 0x01, 0xFF, 0xFF,
    0xE0, 0x03, 0xFF, 0xFF, 0x00, 0x07, 0xFF, 0xF8, 0x00, 0x0F, 0xFF, 0x80, 0x00, 0x07, 0xF8, 0x00,
    0x00, 0x03, 0xF0, 0x00, 0x00, 0x7F, 0x00, 0x00, 0x0F, 0xF0, 0x00, 0x00, 0x1E, 0x00, 0x00, 0x03,
    0xC0, 0x00, 0x00, 0xF8, 0x00, 0x00, 0x3E, 0x00, 0x00, 0x07, 0x80, 0x00, 0x00, 0xE0, 0x07, 0xE0,
    0x00, 0x00, 0xFC, 0x00, 0x00, 0x1F, 0xFE, 0x03, 0xF3, 0xEF, 0xC0, 0x7E, 0xFD, 0xF8, 0x0F, 0xFF,
    0x3F, 0x01, 0xFF, 0xE7, 0xE0, 0x3F, 0xF0, 0xFC, 0x07, 0xF8, 0x1F, 0x80, 0xFC, 0x03, 0xF0, 0x1F,
    0x80, 0x7E, 0x03, 0xF0, 0x0F, 0xC0, 0x7E, 0x01, 0xF8, 0x0F, 0xC0, 0x3F, 0x01, 0xF8, 0x07, 0xE0,
    0x3F, 0x00, 0xFC, 0x07, 0xE0, 0x1F, 0x81, 0xFC, 0x03, 0xF8, 0x3F, 0x80, 0x7F, 0x0F, 0xF0, 0x07,
    0xFF, 0xFE, 0x00, 0xFF, 0xF7, 0xC0, 0x0F, 0xFC, 0xF8, 0x00, 0x7E, 0x1F, 0x00, 0x03, 0xC1, 0xC0,
    0x00, 0x1F, 0xC7, 0x00, 0x00, 0xFF, 0xFC, 0x00, 0x03, 0xFF, 0xF0, 0x00, 0x0E, 0x3F, 0x80, 0x00,
    0x38, 0x3C, 0x00, 0x00, 0x00, 0x00, 0x0F, 0xC0, 0x00, 0x00, 0x3F, 0xFC, 0x00, 0xFC, 0xFF, 0xF0,
    0x03, 0xF3, 0xEF, 0xC0, 0x0F, 0xDF, 0xBF, 0x00, 0x3F, 0xFC, 0xFC, 0x00, 0xFF, 0xE3, 0xF0, 0x03,
    0xFF, 0x0F, 0xC0, 0x0F, 0xE0, 0x3F, 0x00, 0x3F, 0x00, 0xFC, 0x00, 0xFC, 0x03, 0xF0, 0x03, 0xF0,
    0x0F, 0xC0, 0x0F, 0xC0, 0x3F, 0x00, 0x3F, 0x00, 0xFC, 0x00, 0xFC, 0x03, 0xF0, 0x03, 0xF0, 0x0F,
    0xC0, 0x0F, 0xC0, 0x3F, 0x00, 0x3F, 0x00, 0xFC, 0x00, 0xFC, 0x03, 0xF0, 0x03, 0xF0, 0x0F, 0xC0,
    0x0F, 0xC0, 0x3F, 0x80, 0x7F, 0x00, 0xFE, 0x01, 0xFC, 0x01, 0xFC, 0x0F, 0xE0, 0x07, 0xFF, 0xFF,
    0x80, 0x0F, 0xFF, 0xFC, 0x00, 0x1F, 0xFF, 0xE0, 0x00, 0x3F, 0xFE, 0x00, 0x00, 0x1F, 0xE0, 0x00,
    0x00, 0x07, 0x83, 0x80, 0x01, 0xFC, 0x70, 0x00, 0x7F, 0xFE, 0x00, 0x0F, 0xFF, 0x80, 0x03, 0xC7,
    0xF0, 0x00, 0x70, 0x78, 0x0F, 0xC0, 0x00, 0x01, 0xF8, 0x00, 0x00, 0x3F, 0xFC, 0x07, 0xE7, 0xFF,
    0x80, 0xFD, 0xFB, 0xF0, 0x1F, 0xFE, 0x7E, 0x03, 0xFF, 0xCF, 0xC0, 0x7F, 0xE1, 0xF8, 0x0F, 0xF0,
    0x3F, 0x01, 0xF8, 0x07, 0xE0, 0x3F, 0x00, 0xFC, 0x07, 0xE0, 0x1F, 0x80, 0xFC, 0x03, 0xF0, 0x1F,
    0x80, 0x7E, 0x03, 0xF0, 0x0F, 0xC0, 0x7E, 0x01, 0xF8, 0x0F, 0xC0, 0x3F, 0x03, 0xF8, 0x07, 0xF0,
    0x7F, 0x00, 0xFE, 0x1F, 0xE0, 0x0F, 0xFF, 0xFC, 0x01, 0xFF, 0xEF, 0x80, 0x1F, 0xF9, 0xF0, 0x00,
    0xFC, 0x3E, 0x00, 0x00, 0x00, 0x00, 0xFC, 0x00, 0x00, 0x03, 0xFF, 0xC0, 0x0F, 0xCF, 0xFF, 0x00,
    0x3F, 0x3E, 0xFC, 0x00, 0xFD, 0xFB, 0xF0, 0x03, 0xFF, 0xCF, 0xC0, 0x0F, 0xFE, 0x3F, 0x00, 0x3F,
    0xF0, 0xFC, 0x00, 0xFE, 0x03, 0xF0, 0x03, 0xF0, 0x0F, 0xC0, 0x0F, 0xC0, 0x3F, 0x00, 0x3F, 0x00,
    0xFC, 0x00, 0xFC, 0x03, 0xF0, 0x03, 0xF0, 0x0F, 0xC0, 0x0F, 0xC0, 0x3F, 0x00, 0x3F, 0x00, 0xFC,
    0x00, 0xFC, 0x03, 0xF0, 0x03, 0xF0, 0x0F, 0xC0, 0x0F, 0xC0, 0x3F, 0x00, 0x3F, 0x00, 0xFC, 0x00,
    0xFC, 0x03, 0xF8, 0x07, 0xF0, 0x0F, 0xE0, 0x1F, 0xC0, 0x1F, 0xC0, 0xFE, 0x00, 0x7F, 0xFF, 0xF8,
    0x00, 0xFF, 0xFF, 0xC0, 0x01, 0xFF, 0xFE, 0x00, 0x03, 0xFF, 0xE0, 0x00, 0x01, 0xFE, 0x00, 0x00,
    0x00, 0x00, 0x00, 0x00, 0x00, 0x00, 0x00, 0x00, 0x3C, 0x00, 0x00, 0x01, 0xF8, 0x00, 0x00, 0x07,
    0xE0, 0x00, 0x00, 0x1F, 0x80, 0x00, 0x00, 0x3C, 0x00, 0x00, 0x00, 0x00, 0x07, 0xE0, 0x00, 0x00,
    0xFC, 0x00, 0x00, 0x1F, 0xFE, 0x03, 0xF3, 0xEF, 0xC0, 0x7E, 0xFD, 0xF8, 0x0F, 0xFF, 0x3F, 0x01,
    0xFF, 0xE7, 0xE0, 0x3F, 0xF0, 0xFC, 0x07, 0xF8, 0x1F, 0x80, 0xFC, 0x03, 0xF0, 0x1F, 0x80, 0x7E,
    0x03, 0xF0, 0x0F, 0xC0, 0x7E, 0x01, 0xF8, 0x0F, 0xC0, 0x3F, 0x01, 0xF8, 0x07, 0xE0, 0x3F, 0x00,
    0xFC, 0x07, 0xE0, 0x1F, 0x81, 0xFC, 0x03, 0xF8, 0x3F, 0x80, 0x7F, 0x0F, 0xF0, 0x07, 0xFF, 0xFE,
    0x00, 0xFF, 0xF7, 0xC0, 0x0F, 0xFC, 0xF8, 0x00, 0x7E, 0x1F, 0x00, 0x00, 0x00, 0x00, 0x00, 0x00,
    0x00, 0x00, 0x07, 0x80, 0x00, 0x01, 0xF8, 0x00, 0x00, 0x3F, 0x00, 0x00, 0x07, 0xE0, 0x00, 0x00,
    0x78, 0x00, 0x00, 0x01, 0xF8, 0x00, 0x00, 0xF8, 0x00, 0x00, 0xF8, 0x00, 0x00, 0x7C, 0x00, 0x00,
    0x3C, 0x00, 0x00, 0x00, 0x00, 0x00, 0x00, 0x00, 0x00, 0x00, 0x00, 0xFC, 0x00, 0x3F, 0x7E, 0x00,
    0x7E, 0x7E, 0x00, 0x7E, 0x3F, 0x00, 0xFC, 0x3F, 0x81, 0xFC, 0x1F, 0x81, 0xF8, 0x1F, 0xC3, 0xF8,
    0x0F, 0xC3, 0xF0, 0x0F, 0xE7, 0xE0, 0x07, 0xE7, 0xE0, 0x03, 0xFF, 0xC0, 0x03, 0xFF, 0xC0, 0x01,
    0xFF, 0x80, 0x01, 0xFF, 0x80, 0x00, 0xFF, 0x00, 0x00, 0xFF, 0x00, 0x00, 0x7E, 0x00, 0x00, 0x7E,
    0x00, 0x00, 0x7E, 0x00, 0x00, 0x7E, 0x00, 0x00, 0x7E, 0x00, 0x00, 0x7E, 0x00, 0x00, 0x7E, 0x00,
    0x00, 0x7E, 0x00, 0x00, 0x7E, 0x00, 0x00, 0x7E, 0x00, 0x00, 0x7E, 0x00, 0x07, 0xC0, 0x00, 0x3E,
    0x00, 0x03, 0xE0, 0x00, 0x1F, 0x00, 0x00, 0xF0, 0x00, 0x00, 0x00, 0x00, 0x00, 0x0F, 0xC0, 0x3F,
    0xFC, 0x03, 0xF7, 0xC0, 0x3E, 0x7E, 0x07, 0xE7, 0xE0, 0x7E, 0x3E, 0x07, 0xC3, 0xE0, 0xFC, 0x3F,
    0x0F, 0xC1, 0xF0, 0xF8, 0x1F, 0x0F, 0x81, 0xF9, 0xF8, 0x0F, 0x9F, 0x00, 0xF9, 0xF0, 0x0F, 0xFF,
    0x00, 0x7F, 0xE0, 0x07, 0xFE, 0x00, 0x7F, 0xE0, 0x03, 0xFC, 0x00, 0x3F, 0xC0, 0x03, 0xFC, 0x00,
    0x0F, 0x80, 0x00, 0xF8, 0x00, 0x1F, 0x80, 0x1F, 0xF0, 0x01, 0xFF, 0x00, 0x1F, 0xE0, 0x01, 0xFC,
    0x00, 0x7E, 0x00, 0x7F, 0x7E, 0x00, 0x7E, 0x3F, 0x00, 0xFE, 0x3F, 0x00, 0xFC, 0x1F, 0x81, 0xF8,
    0x1F, 0x81, 0xF8, 0x0F, 0xC3, 0xF0, 0x0F, 0xC3, 0xF0, 0x07, 0xE7, 0xE0, 0x07, 0xE7, 0xE0, 0x03,
    0xF7, 0xC0, 0x03, 0xFF, 0xC0, 0x01, 0xFF, 0x80, 0x01, 0xFF, 0x80, 0x00, 0xFF, 0x00, 0x00, 0xFF,
    0x00, 0x00, 0x7E, 0x00, 0x00, 0x7E, 0x00, 0x00, 0x7E, 0x00, 0x00, 0x7E, 0x00, 0x00, 0x7E, 0x00,
    0x00, 0x7E, 0x00, 0x00, 0x7E, 0x00, 0x00, 0x7E, 0x00, 0x00, 0x7E, 0x00, 0x00, 0x7E, 0x00, 0x00,
    0x7E, 0x00, 0x00, 0x00, 0x00, 0x00, 0x00, 0x00, 0x00, 0x00, 0x00, 0x00, 0x3C, 0x00, 0x00, 0x7E,
    0x00, 0x00, 0x7E, 0x00, 0x00, 0x7E, 0x00, 0x00, 0x3C, 0x00, 0xFC, 0x01, 0xFF, 0xE0, 0x0F, 0x9F,
    0x00, 0xFC, 0xFC, 0x07, 0xE7, 0xE0, 0x3E, 0x1F, 0x03, 0xF0, 0xFC, 0x1F, 0x83, 0xE0, 0xF8, 0x1F,
    0x07, 0xC0, 0xFC, 0x7C, 0x03, 0xE3, 0xE0, 0x1F, 0x1F, 0x00, 0xFD, 0xF0, 0x03, 0xEF, 0x80, 0x1F,
    0x7C, 0x00, 0x7B, 0xC0, 0x03, 0xFE, 0x00, 0x1F, 0xF0, 0x00, 0x7F, 0x00, 0x03, 0xF8, 0x00, 0x0F,
    0x80, 0x00, 0x7C, 0x00, 0x07, 0xE0, 0x00, 0x3E, 0x00, 0x03, 0xF1, 0xE0, 0x3F, 0x1F, 0x9F, 0xF8,
    0xFC, 0xFF, 0x87, 0xE7, 0xF8, 0x1E, 0x3F, 0x00, 0x00, 0x00, 0xFC, 0x00, 0x01, 0xFC, 0x00, 0x03,
    0xFC, 0x00, 0x00, 0x78, 0x00, 0x00, 0xF0, 0x00, 0x01, 0xE0, 0x00, 0x0F, 0x80, 0x00, 0x1E, 0x00,
    0x00, 0x38, 0x00, 0x00, 0x00, 0x00, 0x00, 0x00, 0x07, 0xF0, 0x03, 0xF7, 0xE0, 0x0F, 0xCF, 0xC0,
    0x1F, 0x8F, 0xC0, 0x7E, 0x1F, 0x80, 0xFC, 0x1F, 0x83, 0xF0, 0x1F, 0x07, 0xE0, 0x3F, 0x1F, 0x80,
    0x3E, 0x3F, 0x00, 0x7E, 0xFC, 0x00, 0x7D, 0xF8, 0x00, 0xFF, 0xE0, 0x00, 0xFF, 0xC0, 0x01, 0xFF,
    0x00, 0x01, 0xFE, 0x00, 0x03, 0xFC, 0x00, 0x03, 0xF0, 0x00, 0x07, 0xE0, 0x00, 0x0F, 0xC0, 0x00,
    0x1F, 0x80, 0x00, 0x3F, 0x00, 0x00, 0x7E, 0x00, 0x00, 0xFC, 0x00, 0x01, 0xF8, 0x00, 0x03, 0xF0,
    0x00, 0x07, 0xE0, 0x00, 0x0F, 0xC0, 0x00, 0x01, 0xF8, 0x00, 0x0F, 0xE0, 0x00, 0x7F, 0x80, 0x00,
    0x3C, 0x00, 0x01, 0xE0, 0x00, 0x1F, 0x00, 0x01, 0xF0, 0x00, 0x0E, 0x00, 0x00, 0x00, 0x00, 0x00,
    0x00, 0x3F, 0x00, 0x7E, 0xFC, 0x03, 0xF7, 0xE0, 0x1F, 0x1F, 0x01, 0xF8, 0xF8, 0x0F, 0x87, 0xE0,
    0x7C, 0x1F, 0x07, 0xE0, 0xF8, 0x3E, 0x07, 0xE1, 0xF0, 0x1F, 0x0F, 0x80, 0xF8, 0xF8, 0x03, 0xE7,
    0xC0, 0x1F, 0x3E, 0x00, 0xFB, 0xE0, 0x03, 0xDF, 0x00, 0x1F, 0xF8, 0x00, 0xFF, 0x80, 0x03, 0xFC,
    0x00, 0x1F, 0xC0, 0x00, 0x7E, 0x00, 0x03, 0xF0, 0x00, 0x1F, 0x00, 0x00, 0xF8, 0x00, 0x0F, 0xC0,
    0x00, 0x7C, 0x00, 0x07, 0xE0, 0x07, 0xFE, 0x00, 0x3F, 0xE0, 0x01, 0xFE, 0x00, 0x0F, 0xC0, 0x00,
    0x00, 0xF0, 0xE0, 0x00, 0xFE, 0x70, 0x00, 0x7F, 0xF8, 0x00, 0x7F, 0xF8, 0x00, 0x38, 0xFC, 0x00,
    0x1C, 0x3C, 0x00, 0x00, 0x00, 0x00, 0x00, 0x00, 0x00, 0x7E, 0x00, 0x3F, 0x3F, 0x00, 0x3F, 0x8F,
    0xC0, 0x1F, 0x87, 0xE0, 0x1F, 0xC1, 0xF8, 0x0F, 0xC0, 0xFC, 0x0F, 0xC0, 0x3F, 0x07, 0xE0, 0x1F,
    0x87, 0xE0, 0x07, 0xE7, 0xF0, 0x03, 0xF3, 0xF0, 0x00, 0xFF, 0xF8, 0x00, 0x7F, 0xF8, 0x00, 0x1F,
    0xF8, 0x00, 0x0F, 0xFC, 0x00, 0x03, 0xFC, 0x00, 0x01, 0xFE, 0x00, 0x00, 0x7E, 0x00, 0x00, 0x3F,
    0x00, 0x00, 0x1F, 0x80, 0x00, 0x0F, 0xC0, 0x00, 0x07, 0xE0, 0x00, 0x03, 0xF0, 0x00, 0x01, 0xF8,
    0x00, 0x00, 0xFC, 0x00, 0x00, 0x7E, 0x00, 0x00, 0x3F, 0x00, 0x00, 0x1F, 0x80, 0x00, 0x00, 0x03,
    0x80, 0x1E, 0x1C, 0x01, 0xFC, 0xE0, 0x0F, 0xFF, 0x00, 0xFF, 0xF0, 0x07, 0x1F, 0x80, 0x38, 0x78,
    0x00, 0x00, 0x00, 0xFC, 0x01, 0xFB, 0xE0, 0x1F, 0x9F, 0x80, 0xFC, 0xFC, 0x07, 0xE3, 0xE0, 0x3E,
    0x1F, 0x83, 0xF0, 0xFC, 0x1F, 0x83, 0xE0, 0xF8, 0x1F, 0x8F, 0xC0, 0x7C, 0x7E, 0x03, 0xE3, 0xE0,
    0x1F, 0x9F, 0x00, 0x7D, 0xF8, 0x03, 0xEF, 0x80, 0x1F, 0xFC, 0x00, 0x7F, 0xE0, 0x03, 0xFE, 0x00,
    0x1F, 0xF0, 0x00, 0x7F, 0x80, 0x03, 0xF8, 0x00, 0x07, 0xC0, 0x00, 0x7E, 0x00, 0x03, 0xE0, 0x03,
    0xFF, 0x00, 0x1F, 0xF0, 0x00, 0xFF, 0x80, 0x07, 0xF0, 0x00, 0x00, 0x00, 0x00, 0x00, 0x00, 0x00,
    0x00, 0x00, 0x00, 0x00, 0x00, 0x00, 0x00, 0x00, 0x0C, 0x03, 0x00, 0xDF, 0xFC, 0x36, 0x33, 0x31,
    0x80, 0xC0, 0x60, 0x30, 0x18, 0x0C, 0x06, 0x03, 0x01, 0x80, 0xC0, 0x60, 0x30, 0x18, 0x0C, 0x06,
    0x03, 0x01, 0x80, 0xC0, 0x60, 0x30, 0x18, 0x0C, 0x06, 0x03, 0x00, 0x18, 0x18, 0x18, 0x1F, 0xF6,
    0x19, 0x8C, 0x66, 0x03, 0x01, 0x80, 0xC0, 0x60, 0x30, 0x18, 0x0C, 0x06, 0x03, 0x01, 0x80, 0xC0,
    0x60, 0x30, 0x18, 0x0C, 0x06, 0x03, 0x01, 0x80, 0xC0, 0x60, 0x30, 0x18, 0x0C, 0x06, 0xFF, 0xFF,
    0xFF, 0xFF, 0xFF, 0xFF, 0xFF, 0xFF, 0xFF, 0xFF, 0xFF, 0xFF, 0xFF, 0xFF, 0xFF, 0xFF, 0xFF, 0xFF,
    0xFF, 0xF0, 0xFF, 0xFF, 0xFF, 0xFF, 0xFF, 0xFF, 0xFF, 0xFF, 0xFF, 0xFF, 0xFF, 0xFF, 0xFF, 0xFF,
    0xFF, 0xFF, 0xFF, 0xFF, 0xFF, 0xFF, 0xFF, 0xFF, 0xFF, 0xFF, 0xFF, 0xF0, 0xFF, 0xFF, 0xFF, 0xFF,
    0xFF, 0xFF, 0xFF, 0xFF, 0xFF, 0xFF, 0xFF, 0xFF, 0xFF, 0xFF, 0xFF, 0xFF, 0xFF, 0xF0, 0xF0, 0x3F,
    0xC0, 0xFF, 0x03, 0xFC, 0x0F, 0xF0, 0x3F, 0xC0, 0xFF, 0x03, 0xFC, 0x0F, 0xF0, 0x3F, 0xC0, 0xFF,
    0x03, 0xFC, 0x0F, 0xF0, 0x3F, 0xC0, 0xFF, 0x03, 0xFC, 0x0F, 0xF0, 0x3F, 0xC0, 0xFF, 0x03, 0xFC,
    0x0F, 0xF0, 0x3F, 0xC0, 0xFF, 0x03, 0xFC, 0x0F, 0xF0, 0x3F, 0xC0, 0xFF, 0x03, 0xFC, 0x0F, 0xF0,
    0x3F, 0xC0, 0xFF, 0x03, 0xFC, 0x0F, 0xF0, 0x3F, 0xC0, 0xFF, 0x03, 0xFC, 0x0F, 0xF0, 0x3F, 0xC0,
    0xF0, 0xFF, 0xFF, 0xFF, 0xFF, 0x00, 0x00, 0x00, 0x00, 0x00, 0x00, 0xFF, 0xFF, 0xFF, 0xFF, 0x38,
    0xE3, 0x9C, 0x73, 0xCF, 0xFF, 0xFF, 0xFF, 0xFF, 0xFF, 0xFF, 0xFF, 0xFF, 0xF3, 0xCE, 0x39, 0xC7,
    0x1C, 0xFF, 0xFF, 0xFF, 0xFF, 0xF3, 0xCE, 0x39, 0xC7, 0x1C, 0xFC, 0x7C, 0x7C, 0x7C, 0x3E, 0x3E,
    0x1E, 0x1E, 0x1F, 0x38, 0x38, 0xE0, 0xE3, 0x83, 0x9C, 0x1C, 0x70, 0x73, 0xC3, 0xCF, 0xCF, 0xFF,
    0x3F, 0xFC, 0xFF, 0xF3, 0xFF, 0xCF, 0xFF, 0x3F, 0xFC, 0xFF, 0xF3, 0xFF, 0xCF, 0xFF, 0x3F, 0xFC,
    0xFF, 0xF3, 0xF3, 0xC3, 0xCE, 0x0E, 0x38, 0x39, 0xC1, 0xC7, 0x07, 0x1C, 0x1C, 0xFC, 0xFF, 0xF3,
    0xFF, 0xCF, 0xFF, 0x3F, 0xFC, 0xFF, 0xF3, 0xF3, 0xC3, 0xCE, 0x0E, 0x38, 0x39, 0xC1, 0xC7, 0x07,
    0x1C, 0x1C, 0xFC, 0x7C, 0x7C, 0x7E, 0x7C, 0x3E, 0x7C, 0x3E, 0x3E, 0x3E, 0x3E, 0x1E, 0x1E, 0x1F,
    0x1E, 0x0F, 0x1F, 0x0F, 0x03, 0xE0, 0x01, 0xF0, 0x00, 0xF8, 0x00, 0x7C, 0x00, 0x3E, 0x00, 0x1F,
    0x03, 0xFF, 0xFF, 0xFF, 0xFF, 0xFF, 0xFF, 0xFF, 0xFF, 0xC0, 0xF8, 0x00, 0x7C, 0x00, 0x3E, 0x00,
    0x1F, 0x00, 0x0F, 0x80, 0x07, 0xC0, 0x03, 0xE0, 0x01, 0xF0, 0x00, 0xF8, 0x00, 0x7C, 0x00, 0x3E,
    0x00, 0x1F, 0x00, 0x0F, 0x80, 0x07, 0xC0, 0x03, 0xE0, 0x01, 0xF0, 0x00, 0xF8, 0x00, 0x03, 0xE0,
    0x01, 0xF0, 0x00, 0xF8, 0x00, 0x7C, 0x00, 0x3E, 0x00, 0x1F, 0x03, 0xFF, 0xFF, 0xFF, 0xFF, 0xFF,
    0xFF, 0xFF, 0xFF, 0xC0, 0xF8, 0x00, 0x7C, 0x00, 0x3E, 0x00, 0x1F, 0x00, 0x0F, 0x80, 0x07, 0xC0,
    0xFF, 0xFF, 0xFF, 0xFF, 0xFF, 0xFF, 0xFF, 0xFF, 0xF0, 0x3E, 0x00, 0x1F, 0x00, 0x0F, 0x80, 0x07,
    0xC0, 0x03, 0xE0, 0x01, 0xF0, 0x00, 0xF8, 0x00, 0x1F, 0x07, 0xF1, 0xFF, 0x7F, 0xFF, 0xFF, 0xFF,
    0xFF, 0xFF, 0xFF, 0x7F, 0xC7, 0xF0, 0x7C, 0x00, 0x80, 0x0E, 0x00, 0xF0, 0x0F, 0xC0, 0xFF, 0x0F,
    0xF8, 0xFF, 0xEF, 0xFE, 0xFF, 0x8F, 0xE0, 0xFC, 0x0F, 0x00, 0xC0, 0x08, 0x00, 0x7B, 0xFF, 0xFF,
    0xFD, 0xE0, 0x78, 0x0F, 0x7E, 0x0F, 0xFF, 0x07, 0xFF, 0x83, 0xFF, 0xC1, 0xFB, 0xC0, 0x78, 0xFC,
    0x7E, 0x3F, 0xFC, 0x7E, 0x3F, 0xFC, 0x7E, 0x3F, 0xFC, 0x7E, 0x3F, 0xFC, 0x7E, 0x3F, 0xFC, 0x7E,
    0x3F, 0x7B, 0xFF, 0xFF, 0xFD, 0xE0, 0x00, 0x00, 0xFF, 0xE0, 0x30, 0x18, 0x0C, 0x06, 0x03, 0x01,
    0x80, 0xC0, 0x60, 0x30, 0x18, 0x0C, 0x06, 0x03, 0x01, 0x80, 0xC0, 0x60, 0x30, 0x18, 0x0C, 0x06,
    0x03, 0x01, 0x80, 0xC0, 0x60, 0x30, 0x18, 0x00, 0xFF, 0x80, 0xC0, 0x60, 0x30, 0x18, 0x0C, 0x06,
    0x03, 0x01, 0x80, 0xC0, 0x60, 0x30, 0x18, 0x0C, 0x06, 0x03, 0x01, 0x80, 0xC0, 0x60, 0x30, 0x18,
    0x0C, 0x06, 0x03, 0x01, 0x80, 0xC0, 0x60, 0x30, 0xFF, 0xFF, 0xFF, 0xFF, 0xFF, 0xFF, 0xFF, 0xFF,
    0xFF, 0x18, 0x0C, 0x06, 0x03, 0x01, 0x80, 0xC0, 0x60, 0x30, 0x18, 0x0C, 0x06, 0x03, 0x01, 0x80,
    0xC0, 0x60, 0x30, 0x18, 0x0C, 0x06, 0x03, 0x01, 0x80, 0xC0, 0x60, 0xFF, 0xC0, 0x20, 0x10, 0x08,
    0x04, 0x02, 0x01, 0xFF, 0x18, 0x0C, 0x06, 0x03, 0x01, 0x80, 0xC0, 0x60, 0x30, 0x18, 0x0C, 0x06,
    0x03, 0x01, 0x80, 0xC0, 0x60, 0x30, 0x18, 0x0C, 0x06, 0x03, 0x01, 0x80, 0xC0, 0x60, 0xFF, 0x80,
    0x40, 0x20, 0x10, 0x08, 0x04, 0x03, 0xFF, 0x0C, 0x06, 0x03, 0x01, 0x80, 0xC0, 0x60, 0x30, 0x18,
    0x0C, 0x06, 0x03, 0x01, 0x80, 0xC0, 0x60, 0x30, 0x18, 0x0C, 0x06, 0x03, 0x01, 0x80, 0xC0, 0x60,
    0x30, 0x00, 0x0F, 0x80, 0x07, 0x00, 0x00, 0x07, 0xFC, 0x01, 0xC0, 0x00, 0x01, 0xFF, 0xC0, 0x38,
    0x00, 0x00, 0x7C, 0x78, 0x0E, 0x00, 0x00, 0x0F, 0x07, 0x83, 0x80, 0x00, 0x01, 0xE0, 0xF0, 0x70,
    0x00, 0x00, 0x3C, 0x1E, 0x1C, 0x00, 0x00, 0x07, 0x83, 0xC7, 0x80, 0x00, 0x00, 0xF0, 0x78, 0xE0,
    0x00, 0x00, 0x1F, 0x1E, 0x38, 0x00, 0x00, 0x01, 0xFF, 0xCF, 0x00, 0x00, 0x00, 0x1F, 0xF1, 0xC0,
    0x00, 0x00, 0x00, 0xF8, 0x70, 0x00, 0x00, 0x00, 0x00, 0x0E, 0x3F, 0x00, 0x7C, 0x00, 0x03, 0x8F,
    0xF0, 0x3F, 0xE0, 0x00, 0xF3, 0xFF, 0x0F, 0xFE, 0x00, 0x1C, 0x79, 0xE1, 0xE3, 0xC0, 0x07, 0x1E,
    0x1E, 0x78, 0x3C, 0x01, 0xE3, 0xC3, 0xCF, 0x07, 0x80, 0x38, 0x78, 0x79, 0xE0, 0xF0, 0x0E, 0x0F,
    0x0F, 0x3C, 0x1E, 0x03, 0xC1, 0xE1, 0xE7, 0x83, 0xC0, 0x70, 0x3C, 0x3C, 0xF0, 0x78, 0x1E, 0x03,
    0xCF, 0x0F, 0x1E, 0x07, 0x80, 0x7F, 0xE1, 0xFF, 0xC0, 0xE0, 0x07, 0xF8, 0x1F, 0xF0, 0x3C, 0x00,
    0x7E, 0x00, 0xF8, 0x00, 0x0F, 0x80, 0x07, 0x80, 0x00, 0x00, 0x00, 0x01, 0xFF, 0x00, 0x7C, 0x00,
    0x00, 0x00, 0x00, 0x1F, 0xFC, 0x03, 0xC0, 0x00, 0x00, 0x00, 0x00, 0xFF, 0xE0, 0x3E, 0x00, 0x00,
    0x00, 0x00, 0x0F, 0xDF, 0x01, 0xE0, 0x00, 0x00, 0x00, 0x00, 0x7C, 0x7C, 0x1F, 0x00, 0x00, 0x00,
    0x00, 0x03, 0xE3, 0xE0, 0xF0, 0x00, 0x00, 0x00, 0x00, 0x1F, 0x1F, 0x0F, 0x00, 0x00, 0x00, 0x00,
    0x00, 0xF8, 0xF8, 0x78, 0x00, 0x00, 0x00, 0x00, 0x07, 0xC7, 0xC7, 0x80, 0x00, 0x00, 0x00, 0x00,
    0x3E, 0x3E, 0x7C, 0x7C, 0x01, 0xF0, 0x07, 0xE1, 0xFB, 0xF3, 0xCF, 0xF8, 0x3F, 0xE0, 0xFF, 0x87,
    0xFF, 0x3E, 0xFF, 0xC3, 0xFF, 0x07, 0xFE, 0x3F, 0xF9, 0xE7, 0xFF, 0x1F, 0xFC, 0x7F, 0xF8, 0xFF,
    0x9F, 0x7E, 0xF9, 0xFB, 0xE3, 0xE7, 0xC1, 0xF0, 0xF3, 0xE3, 0xEF, 0x8F, 0xBE, 0x1F, 0x00, 0x0F,
    0x1F, 0x1F, 0x7C, 0x7D, 0xF0, 0xF8, 0x00, 0x78, 0xF8, 0xFB, 0xE3, 0xEF, 0x87, 0xC0, 0x07, 0x87,
    0xC7, 0xDF, 0x1F, 0x7C, 0x3E, 0x00, 0x7C, 0x3E, 0x3E, 0xF8, 0xFB, 0xE1, 0xF0, 0x03, 0xC1, 0xF1,
    0xF7, 0xC7, 0xDF, 0x0F, 0x80, 0x3E, 0x0F, 0x8F, 0xBE, 0x3E, 0xF8, 0x7C, 0x01, 0xE0, 0x3E, 0xF8,
    0xFB, 0xE3, 0xE7, 0xC0, 0x1F, 0x01, 0xFF, 0xC7, 0xFF, 0x1F, 0xFE, 0x00, 0xF0, 0x07, 0xFE, 0x1F,
    0xF8, 0x7F, 0xE0, 0x0F, 0x00, 0x3F, 0xE0, 0xFF, 0x81, 0xFE, 0x00, 0x78, 0x00, 0x7C, 0x01, 0xF0,
    0x07, 0xE0, 0x3E, 0x7C, 0xFB, 0xE7, 0xCF, 0x9F, 0x3C, 0x78, 0x3E, 0x7C, 0xFB, 0xF3, 0xEF, 0x9F,
    0x3E, 0x7C, 0xF9, 0xF3, 0xE7, 0xCF, 0x1E, 0x3C, 0x79, 0xF0, 0x0F, 0x87, 0xC7, 0xC3, 0xE3, 0xE3,
    0xE1, 0xF1, 0xF0, 0xF0, 0x78, 0x78, 0x7C, 0x3C, 0x3E, 0x1E, 0x0F, 0x0F, 0x0F, 0x07, 0x87, 0x83,
    0xC1, 0xC1, 0xE1, 0xE0, 0xF0, 0xF0, 0x70, 0x00, 0xF8, 0x1F, 0x03, 0xC0, 0xF8, 0x1E, 0x03, 0xC0,
    0xF0, 0x1E, 0x03, 0x80, 0xF0, 0xF8, 0x7C, 0x1F, 0x1F, 0x03, 0xC3, 0xE0, 0xF8, 0x78, 0x1E, 0x1F,
    0x03, 0xC3, 0xC0, 0xF8, 0x78, 0x1E, 0x1E, 0x03, 0xC3, 0xC0, 0xF8, 0x7C, 0x7C, 0x1F, 0x1F, 0x0F,
    0x03, 0xC3, 0xE3, 0xE0, 0xF8, 0x78, 0x78, 0x1E, 0x1F, 0x0F, 0x03, 0xC3, 0xC3, 0xE0, 0xF8, 0x78,
    0x78, 0x1E, 0x1E, 0x0F, 0x03, 0xC3, 0xC3, 0xC0, 0x07, 0x00, 0x1C, 0x00, 0xF8, 0x03, 0xE0, 0x1D,
    0xC0, 0x77, 0x03, 0x8E, 0x0E, 0x38, 0x70, 0x71, 0xC1, 0xCE, 0x03, 0xB8, 0x0E, 0x07, 0xE0, 0xFC,
    0x1F, 0x83, 0xF8, 0x7F, 0x07, 0xE0, 0xFC, 0x0F, 0x80, 0xFC, 0x07, 0xE0, 0x7F, 0x03, 0xF8, 0x1F,
    0x80, 0xFC, 0x07, 0xE0, 0x7E, 0x03, 0xF0, 0x1F, 0x81, 0xFC, 0x0F, 0xE0, 0x7E, 0x03, 0xF0, 0x1F,
    0x03, 0xF0, 0x7E, 0x0F, 0xE1, 0xFC, 0x1F, 0x83, 0xF0, 0x7E, 0x00, 0x00, 0x0F, 0x00, 0x01, 0x81,
    0xF8, 0x08, 0x3C, 0x1F, 0x83, 0xC7, 0xE1, 0xF8, 0x7E, 0x3F, 0x1F, 0x8F, 0xC1, 0xF8, 0xF1, 0xF8,
    0x0F, 0xC0, 0x3F, 0x00, 0x7E, 0x07, 0xE0, 0x03, 0xF0, 0xFC, 0x00, 0x0F, 0x9F, 0x00, 0x78, 0x7F,
    0xE1, 0xEF, 0xC3, 0xFC, 0x3F, 0xFC, 0x1F, 0x83, 0xFF, 0xC3, 0xFC, 0x3F, 0x78, 0x7F, 0xE1, 0xE0,
    0x0F, 0xBF, 0x00, 0x01, 0xF9, 0xF8, 0x00, 0x3F, 0x0F, 0xC0, 0x07, 0xE0, 0x7E, 0x00, 0xFC, 0x03,
    0xF0, 0x1F, 0x80, 0x1F, 0x01, 0xF0, 0xF0, 0xF8, 0x3E, 0x1F, 0x87, 0xC7, 0xC1, 0xF8, 0x3E, 0x38,
    0x1F, 0x81, 0xC1, 0x01, 0xF8, 0x08, 0x00, 0x0F, 0x00, 0x00, 0xFC, 0x1F, 0xFE, 0x0F, 0xFF, 0x07,
    0xFF, 0x83, 0xFF, 0xC1, 0xFF, 0xE0, 0xFF, 0xF0, 0x7F, 0xF8, 0x3F, 0xFC, 0x1F, 0xFE, 0x0F, 0xFF,
    0x07, 0xFF, 0x83, 0xFF, 0xC1, 0xFF, 0xE0, 0xFF, 0xF0, 0x7F, 0xF8, 0x3F, 0xFC, 0x1F, 0xFE, 0x0F,
    0xC0, 0x00, 0x00, 0x00, 0x00, 0x00, 0x03, 0xC0, 0x7B, 0xF0, 0x7F, 0xF8, 0x3F, 0xFC, 0x1F, 0xFE,
    0x0F, 0xDE, 0x03, 0xC0, 0x07, 0xF0, 0x1F, 0xFE, 0x1F, 0xFF, 0xCF, 0xFF, 0xE3, 0xFB, 0xF9, 0xBC,
    0x7C, 0x1E, 0x3E, 0x0F, 0x1F, 0x07, 0x8F, 0x83, 0xCF, 0x81, 0xEF, 0xC0, 0xFF, 0xC0, 0x7F, 0x80,
    0x3F, 0x80, 0x1F, 0x80, 0x0F, 0x80, 0x07, 0xC0, 0x03, 0xE0, 0x00, 0x00, 0x00, 0x00, 0x00, 0x00,
    0x00, 0x1E, 0x00, 0x1F, 0x80, 0x0F, 0xC0, 0x07, 0xE0, 0x03, 0xF0, 0x00, 0xF0, 0x00, 0xFF, 0xFF,
    0xFF, 0xFF, 0xFF, 0xFF, 0xFF, 0xFF, 0xFF, 0xF0, 0x00, 0x00, 0x16, 0x00, 0x00, 0xF8, 0x00, 0x0C,
    0xE0, 0x00, 0xE3, 0x80, 0x0E, 0x0F, 0x01, 0xE0, 0x1F, 0xFC, 0x00, 0x3F, 0x80, 0x01, 0xFC, 0x00,
    0x3F, 0xF8, 0x07, 0x80, 0xF0, 0x70, 0x01, 0xC7, 0x00, 0x07, 0x70, 0x00, 0x1B, 0x00, 0x00, 0x60,
    0x00, 0x02, 0x00, 0x1C, 0x00, 0xE0, 0x03, 0x80, 0x0E, 0x00, 0x70, 0x01, 0xC0, 0x0E, 0x00, 0x38,
    0x01, 0xC0, 0x07, 0x00, 0x38, 0x00, 0xE0, 0x07, 0x00, 0x1C, 0x00, 0xF8, 0x03, 0xE0, 0x1D, 0xC0,
    0x77, 0x03, 0x8E, 0x0E, 0x38, 0x70, 0x71, 0xC1, 0xC6, 0x03, 0xB8, 0x0E, 0x00, 0x00, 0x3E, 0x00,
    0x00, 0x00, 0x00, 0x0F, 0x00, 0x00, 0x00, 0x00, 0x07, 0x80, 0x00, 0x00, 0x00, 0x03, 0xC0, 0x00,
    0x00, 0x00, 0x01, 0xE0, 0x00, 0x00, 0x00, 0x70, 0xF0, 0xC0, 0x00, 0x00, 0x3F, 0x7F, 0xF0, 0x00,
    0x00, 0x1F, 0xFF, 0xF8, 0x00, 0x00, 0x0F, 0xFF, 0xFC, 0x00, 0x00, 0x03, 0xFF, 0xFE, 0x00, 0x00,
    0x00, 0x0F, 0xC0, 0x00, 0x00, 0x00, 0x0F, 0xF0, 0x00, 0x00, 0x00, 0x0F, 0x7C, 0x00, 0x00, 0x00,
    0x0F, 0x9E, 0x00, 0x00, 0x00, 0x07, 0xCF, 0x80, 0x00, 0x00, 0x07, 0xC3, 0xC0, 0x00, 0x01, 0xF0,
    0xE1, 0xC3, 0xE0, 0x00, 0xF0, 0x00, 0x01, 0xF0, 0x00, 0x78, 0x00, 0x00, 0xF8, 0x00, 0x3C, 0x00,
    0x00, 0x78, 0x00, 0x1E, 0x00, 0x00, 0x3C, 0x00, 0x0F, 0x02, 0x00, 0x0E, 0x05, 0xE7, 0x8F, 0x03,
    0xC7, 0x1F, 0xFF, 0xFF, 0x81, 0xFF, 0xFF, 0xFF, 0xFF, 0xC0, 0xFF, 0xFF, 0xFF, 0xFF, 0xE0, 0xFF,
    0xFF, 0xC0, 0xFC, 0x00, 0x01, 0xF8, 0x00, 0x7F, 0x00, 0x00, 0xFE, 0x00, 0x7F, 0xC0, 0x00, 0xFF,
    0x80, 0x7D, 0xE0, 0x00, 0xFB, 0xE0, 0x7C, 0xF8, 0x00, 0x79, 0xF0, 0x3E, 0x3E, 0x00, 0x7C, 0x7C,
    0x1E, 0x1E, 0x00, 0x1E, 0x3C, 0x03, 0x04, 0x00, 0x06, 0x08, 0x00, 0xFF, 0xFF, 0xFF, 0xFF, 0xFF,
    0x00, 0x00, 0x38, 0x00, 0x01, 0xE0, 0x00, 0x07, 0x00, 0x00, 0x38, 0x00, 0x01, 0xE0, 0x00, 0x07,
    0x00, 0x00, 0x38, 0x00, 0x01, 0xE0, 0x00, 0x07, 0x00, 0x00, 0x38, 0x00, 0x01, 0xE0, 0x00, 0x07,
    0x00, 0x00, 0x38, 0x00, 0x01, 0xE0, 0x00, 0x07, 0x00, 0x00, 0x3C, 0x00, 0x01, 0xE0, 0x00, 0x07,
    0x00, 0x00, 0x3C, 0x00, 0x01, 0xE0, 0x00, 0x07, 0x00, 0x00, 0x3C, 0x00, 0x01, 0xE0, 0x00, 0x07,
    0x00, 0x00, 0x3C, 0x00, 0x01, 0xE0, 0x00, 0x07, 0x00, 0x00, 0x00, 0xFF, 0xFF, 0xFF, 0xFF, 0xFF,
    0x87, 0xC3, 0xE1, 0xF0, 0xF8, 0x7C, 0x3E, 0x1F, 0x0F, 0x87, 0xC3, 0xE1, 0xFF, 0xFF, 0xFF, 0xFF,
    0xFF, 0x0F, 0x87, 0xC3, 0xE1, 0xF0, 0xF8, 0x7C, 0x3E, 0x1F, 0x0F, 0x87, 0xFF, 0xFF, 0xFF, 0xFF,
    0x80, 0xFF, 0xFF, 0xFF, 0xFF, 0xF0, 0xF8, 0x7C, 0x3E, 0x1F, 0x0F, 0x87, 0xC3, 0xE1, 0xF0, 0xF8,
    0x7C, 0x3F, 0xFF, 0xFF, 0xFF, 0xFF, 0xE1, 0xF0, 0xF8, 0x7C, 0x3E, 0x1F, 0x0F, 0x87, 0xC3, 0xE1,
    0xF0, 0xFF, 0xFF, 0xFF, 0xFF, 0xFF, 0x80, 0x0F, 0xF0, 0x03, 0xFC, 0x0F, 0xFF, 0x83, 0xFF, 0xE3,
    0xFF, 0xFC, 0xFF, 0xFF, 0x7F, 0xFF, 0x8F, 0xFF, 0xE7, 0x83, 0xF9, 0xE0, 0xFE, 0x80, 0x3F, 0x00,
    0x0F, 0xC0, 0x07, 0xE0, 0x01, 0xF8, 0x00, 0xFC, 0x00, 0x3F, 0x00, 0x3F, 0x80, 0x0F, 0xE0, 0x07,
    0xE0, 0x01, 0xF8, 0x03, 0xFC, 0x00, 0xFF, 0x00, 0xFF, 0x00, 0x3F, 0xC0, 0x3F, 0x80, 0x0F, 0xE0,
    0x07, 0xE0, 0x01, 0xF8, 0x01, 0xF8, 0x00, 0x7E, 0x00, 0x3E, 0x00, 0x0F, 0x80, 0x07, 0x80, 0x01,
    0xE0, 0x00, 0xF0, 0x00, 0x3C, 0x00, 0x00, 0x00, 0x00, 0x00, 0x00, 0x00, 0x00, 0x00, 0x00, 0x00,
    0x00, 0x00, 0x00, 0x0F, 0x00, 0x03, 0xC0, 0x03, 0xF0, 0x00, 0xFC, 0x00, 0x7E, 0x00, 0x1F, 0x80,
    0x0F, 0xC0, 0x03, 0xF0, 0x01, 0xF8, 0x00, 0x7E, 0x00, 0x1E, 0x00, 0x07, 0x80, 0x00, 0x0F, 0xF0,
    0x0F, 0xFF, 0xFF, 0x03, 0xFF, 0xFF, 0xF0, 0xFF, 0xFF, 0xFC, 0x3F, 0x78, 0x3F, 0x8F, 0xD0, 0x07,
    0xE3, 0xF0, 0x01, 0xF8, 0xFC, 0x00, 0x7E, 0x3F, 0x00, 0x3F, 0x8F, 0xC0, 0x1F, 0xC3, 0xF0, 0x0F,
    0xF0, 0xFC, 0x07, 0xF8, 0x3F, 0x03, 0xF8, 0x0F, 0xC0, 0xFC, 0x03, 0xF0, 0x7E, 0x00, 0xFC, 0x1E,
    0x00, 0x3F, 0x07, 0x80, 0x0F, 0xC1, 0xE0, 0x03, 0xF0, 0x00, 0x00, 0x00, 0x00, 0x00, 0x00, 0x00,
    0x00, 0x00, 0x01, 0xE0, 0x01, 0xE0, 0xFC, 0x00, 0xFC, 0x3F, 0x00, 0x3F, 0x0F, 0xC0, 0x0F, 0xC3,
    0xF0, 0x03, 0xF0, 0x78, 0x00, 0x78, 0xFC, 0x07, 0xF8, 0x3F, 0x1F, 0xFF, 0x8F, 0xC7, 0xFF, 0xFB,
    0xF1, 0xFF, 0xFE, 0xFC, 0x3C, 0x1F, 0xFF, 0x08, 0x03, 0xFF, 0xC0, 0x00, 0xFF, 0xF0, 0x00, 0x3F,
    0xFC, 0x00, 0x1F, 0xFF, 0x00, 0x0F, 0xEF, 0xC0, 0x07, 0xFB, 0xF0, 0x03, 0xFC, 0xFC, 0x01, 0xFC,
    0x3F, 0x00, 0x7E, 0x0F, 0xC0, 0x3F, 0x03, 0xF0, 0x0F, 0x00, 0xFC, 0x03, 0xC0, 0x3F, 0x00, 0xF0,
    0x00, 0x00, 0x00, 0x00, 0x00, 0x00, 0x00, 0x00, 0x00, 0x00, 0x1E, 0x00, 0xF0, 0x0F, 0xC0, 0x7E,
    0x03, 0xF0, 0x1F, 0x80, 0xFC, 0x07, 0xE0, 0x3F, 0x01, 0xF8, 0x07, 0x80, 0x3C, 0x00, 0xFF, 0xFF,
    0xFF, 0xFF, 0xFF, 0xFF, 0xFF, 0xFF, 0xFF, 0x00, 0x0F, 0x80, 0x03, 0xE0, 0x01, 0xF0, 0x00, 0xF8,
    0x00, 0x3E, 0x00, 0x1F, 0x00, 0x07, 0xC0, 0x03, 0xE0, 0x00, 0xF8, 0x00, 0x7C, 0x00, 0x3F, 0x00,
    0x0F, 0x80, 0x07, 0xC0, 0x01, 0xF0, 0x00, 0xF8, 0x00, 0x7E, 0x00, 0x1F, 0x00, 0x00, 0xFF, 0xFE,
    0x0F, 0xFF, 0xF8, 0xFF, 0xFF, 0xCF, 0xFF, 0xFC, 0xE3, 0xFF, 0xEE, 0x3F, 0xFE, 0xE3, 0xFF, 0xEE,
    0x3F, 0xFE, 0xE3, 0xFF, 0xEE, 0x3F, 0xFE, 0xE3, 0xFF, 0xEE, 0x3F, 0xFE, 0xE3, 0xFF, 0xEE, 0x3F,
    0xFE, 0xE3, 0xFF, 0xEE, 0x3F, 0xFC, 0xE3, 0xFF, 0xCE, 0x3F, 0xF8, 0xE3, 0xFF, 0x0E, 0x38, 0x00,
    0xE3, 0x80, 0x0E, 0x38, 0x00, 0xE3, 0x80, 0x0E, 0x38, 0x00, 0xE3, 0x80, 0x0E, 0x38, 0x00, 0xE3,
    0x80, 0x0E, 0x38, 0x00, 0xE3, 0x80, 0x0E, 0x38, 0x00, 0xE3, 0x80, 0x0E, 0x38, 0x00, 0xE3, 0x80,
    0x0E, 0x38, 0x00, 0x07, 0xFF, 0xE3, 0xFF, 0xFC, 0xFF, 0xFF, 0xBF, 0xFF, 0xF7, 0xFF, 0x8F, 0xFF,
    0xF1, 0xFF, 0xFE, 0x3F, 0xFF, 0xC7, 0xFF, 0xF8, 0xFF, 0xFF, 0x1F, 0xFF, 0xE3, 0xFF, 0xFC, 0x7F,
    0xFF, 0x8F, 0xFF, 0xF1, 0xDF, 0xFE, 0x3B, 0xFF, 0xFF, 0x3F, 0xFF, 0xE3, 0xFF, 0xFC, 0x1F, 0xFF,
    0x80, 0xFF, 0xFC, 0x1F, 0xFF, 0xE3, 0xFF, 0xFE, 0x7F, 0xFF, 0xEE, 0x3F, 0xFD, 0xC7, 0xFF, 0xF8,
    0xFF, 0xFF, 0x1F, 0xFF, 0xE3, 0xFF, 0xFC, 0x7F, 0xFF, 0x8F, 0xFF, 0xF1, 0xFF, 0xFE, 0x3F, 0xFF,
    0xC7, 0xFF, 0xF8, 0xFF, 0xF7, 0xFF, 0xFE, 0xFF, 0xFF, 0x9F, 0xFF, 0xE3, 0xFF, 0xF0, 0x00, 0x01,
    0xF0, 0x00, 0x78, 0x00, 0x1E, 0x00, 0x07, 0x80, 0x01, 0xE0, 0x18, 0x78, 0x77, 0xDE, 0xFF, 0xFF,
    0xFF, 0xFF, 0xFF, 0xFF, 0xFF, 0xF0, 0x3F, 0x00, 0x1F, 0xE0, 0x0F, 0xFC, 0x03, 0xCF, 0x81, 0xF3,
    0xE0, 0xFC, 0x7C, 0x0E, 0x1C, 0x00, 0x80, 0x00, 0x79, 0xFB, 0xF7, 0xEF, 0xCF, 0x00, 0x00, 0x00,
    0x00, 0x00, 0x00, 0x00, 0x00, 0x00, 0xF9, 0xF1, 0xF3, 0xE7, 0xC7, 0x8F, 0x0F, 0x1E, 0x01, 0xFC,
    0x00, 0x3F, 0xF8, 0x07, 0x80, 0xF0, 0x70, 0x01, 0xC7, 0x00, 0x07, 0x30, 0x00, 0x1B, 0x00, 0x00,
    0x68, 0x00, 0x02, 0x00, 0x00, 0x00, 0x00, 0x00, 0x00, 0x00, 0x00, 0x00, 0x00, 0x00, 0x00, 0x00,
    0x00, 0x00, 0x00, 0x00, 0x00, 0x00, 0x00, 0x00, 0x00, 0x00, 0x00, 0x00, 0x00, 0x00, 0x00, 0x00,
    0x00, 0x00, 0x00, 0x00, 0x00, 0x00, 0x00, 0x00, 0x00, 0x00, 0x00, 0x00, 0x00, 0x00, 0x00, 0x00,
    0x00, 0x00, 0x00, 0x00, 0x00, 0x00, 0x00, 0x00, 0x00, 0x00, 0x00, 0x00, 0x00, 0x00, 0x00, 0x08,
    0x00, 0x02, 0xC0, 0x00, 0x1F, 0x00, 0x01, 0x9C, 0x00, 0x1C, 0x70, 0x01, 0xC1, 0xE0, 0x3C, 0x03,
    0xFF, 0x80, 0x07, 0xF0, 0x00, 0x01, 0xF0, 0x00, 0x78, 0x00, 0x1E, 0x00, 0x07, 0x80, 0x01, 0xE0,
    0x18, 0x78, 0x77, 0xFE, 0xFF, 0xFF, 0xFF, 0xFF, 0xFF, 0xDF, 0xFF, 0xF0, 0x3F, 0x00, 0x1F, 0xE0,
    0x0F, 0xFC, 0x03, 0xCF, 0x81, 0xF3, 0xE0, 0xFC, 0x7C, 0x0E, 0x1C, 0x00, 0x80, 0x00, 0x00, 0x00,
    0x07, 0xC0, 0x01, 0xE0, 0x00, 0x78, 0x00, 0x1E, 0x00, 0x07, 0x80, 0x61, 0xE1, 0xDF, 0x7B, 0xFF,
    0xFF, 0xFF, 0xFF, 0xFF, 0xFF, 0xFF, 0xC0, 0xFC, 0x00, 0x7F, 0x80, 0x3F, 0xF0, 0x0F, 0x3E, 0x07,
    0xCF, 0x83, 0xF1, 0xF0, 0x38, 0x70, 0x02, 0x00, 0x00, 0x78, 0x1F, 0xF8, 0x7B, 0xF0, 0xF7, 0xE3,
    0xEF, 0xC7, 0x8F, 0x0F, 0x00, 0x3C, 0x00, 0x78, 0x01, 0xF0, 0x03, 0xC0, 0x07, 0x80, 0x1E, 0x00,
    0x3C, 0x00, 0xF8, 0x01, 0xE0, 0x03, 0xC0, 0x0F, 0x00, 0x1E, 0x00, 0x7C, 0x00, 0xF0, 0x01, 0xE0,
    0x07, 0x87, 0x8F, 0x1F, 0xBE, 0x3F, 0x78, 0x7E, 0xF0, 0xFF, 0xC0, 0xF0, 0x03, 0xFC, 0x00, 0x00,
    0x61, 0xFF, 0xFC, 0x00, 0x1C, 0xFF, 0xFF, 0xF8, 0x0F, 0x9F, 0xFF, 0xFF, 0xFF, 0xE7, 0x80, 0xFF,
    0xFF, 0xF8, 0xE0, 0x00, 0xFF, 0xFE, 0x38, 0x00, 0x00, 0xFF, 0x00, 0x01, 0xFC, 0x00, 0x7F, 0xF8,
    0x07, 0x80, 0xF0, 0x70, 0x01, 0xC7, 0x00, 0x07, 0x70, 0x00, 0x1B, 0x00, 0x00, 0x60, 0x00, 0x02,
    0x00, 0xE0, 0x00, 0x1C, 0x00, 0x63, 0x8C, 0x1E, 0x73, 0xC3, 0xEE, 0xF8, 0x3F, 0xFE, 0x03, 0xFF,
    0x80, 0x3F, 0xE0, 0xFF, 0xFF, 0xFF, 0xFF, 0xFF, 0xFF, 0xFF, 0x83, 0xFE, 0x00, 0xFF, 0xE0, 0x3F,
    0xFE, 0x0F, 0xBB, 0xE1, 0xE7, 0x3C, 0x18, 0xE3, 0x00, 0x1C, 0x00, 0x03, 0x80, 0x00, 0x00, 0x0F,
    0x00, 0x0F, 0xC0, 0x07, 0xE0, 0x03, 0xF0, 0x01, 0xF8, 0x00, 0x78, 0x00, 0x00, 0x00, 0x00, 0x00,
    0x00, 0x00, 0x00, 0x00, 0x00, 0x0F, 0x00, 0x0F, 0xC0, 0x07, 0xE0, 0x03, 0xF0, 0x01, 0xF8, 0x00,
    0x78, 0x00, 0x00, 0x00, 0x00, 0x00, 0x00, 0x00, 0x00, 0x00, 0x00, 0x00, 0x00, 0x00, 0x00, 0x00,
    0x1E, 0x00, 0x1F, 0x80, 0x0F, 0xC0, 0x07, 0xE0, 0x03, 0xF0, 0x00, 0xF0, 0x0F, 0x8F, 0x8F, 0x8F,
    0x87, 0xC7, 0xC7, 0x8F, 0x87, 0xC7, 0xC7, 0xC7, 0xC3, 0xC3, 0xC7, 0xC7, 0xC3, 0xC3, 0xC3, 0xC3,
    0xC1, 0xE1, 0xE3, 0xE3, 0xC1, 0xE1, 0xE1, 0xE1, 0xE0, 0xE1, 0xE1, 0xE1, 0xE0, 0xF0, 0xF0, 0xF0,
    0xE0, 0x00, 0x00, 0x0F, 0x00, 0x00, 0x01, 0xF8, 0x00, 0x00, 0x1F, 0x80, 0x00, 0x01, 0xF8, 0x00,
    0x00, 0x1F, 0x80, 0x00, 0x00, 0xF0, 0x00, 0x00, 0x00, 0x00, 0x00, 0x00, 0x00, 0x00, 0x00, 0x00,
    0x00, 0x00, 0x00, 0x00, 0x00, 0x00, 0x00, 0x00, 0x07, 0x80, 0x00, 0x1E, 0xFC, 0x00, 0x03, 0xFF,
    0xC0, 0x00, 0x3F, 0xFC, 0x00, 0x03, 0xFF, 0xC0, 0x00, 0x3F, 0x78, 0x00, 0x01, 0xE0, 0x00, 0x00,
    0x00, 0x00, 0x00, 0x00, 0x00, 0x00, 0x00, 0x00, 0x00, 0x00, 0x00, 0x00, 0x00, 0x00, 0x00, 0x00,
    0x00, 0x00, 0x00, 0x00, 0xF0, 0x00, 0x00, 0x1F, 0x80, 0x00, 0x01, 0xF8, 0x00, 0x00, 0x1F, 0x80,
    0x00, 0x01, 0xF8, 0x00, 0x00, 0x0F, 0x00, 0x00, 0x78, 0x00, 0x01, 0xEF, 0xC0, 0x00, 0x3F, 0xFC,
    0x00, 0x03, 0xFF, 0xC0, 0x00, 0x3F, 0xFC, 0x00, 0x03, 0xF7, 0x80, 0x00, 0x1E, 0x00, 0x00, 0x00,
    0x00, 0x00, 0x00, 0x00, 0x00, 0x00, 0x00, 0x00, 0x00, 0x00, 0x00, 0x00, 0x00, 0x00, 0x00, 0x00,
    0xF0, 0x00, 0x00, 0x1F, 0x80, 0x00, 0x01, 0xF8, 0x00, 0x00, 0x1F, 0x80, 0x00, 0x01, 0xF8, 0x00,
    0x00, 0x0F, 0x00, 0x00, 0x00, 0x00, 0x00, 0x00, 0x00, 0x00, 0x00, 0x00, 0x00, 0x00, 0x00, 0x00,
    0x00, 0x00, 0x00, 0x00, 0x00, 0x00, 0x00, 0x00, 0x07, 0x80, 0x00, 0x1E, 0xFC, 0x00, 0x03, 0xFF,
    0xC0, 0x00, 0x3F, 0xFC, 0x00, 0x03, 0xFF, 0xC0, 0x00, 0x3F, 0x78, 0x00, 0x01, 0xE0, 0x7B, 0xFF,
    0xFF, 0xFD, 0xE0, 0x00, 0x00, 0x00, 0x00, 0x00, 0x00, 0x00, 0x00, 0x00, 0x00, 0x01, 0xEF, 0xFF,
    0xFF, 0xF7, 0x80, 0x00, 0x78, 0x00, 0x03, 0xF0, 0x00, 0x0F, 0xC0, 0x00, 0x3F, 0x00, 0x00, 0xFC,
    0x00, 0x01, 0xE0, 0x00, 0x00, 0x00, 0x00, 0x00, 0x00, 0x00, 0x00, 0x00, 0x00, 0x00, 0x00, 0x00,
    0x00, 0x00, 0x00, 0x00, 0x78, 0x00, 0x7B, 0xF0, 0x03, 0xFF, 0xC0, 0x0F, 0xFF, 0x00, 0x3F, 0xFC,
    0x00, 0xFD, 0xE0, 0x01, 0xE0, 0x00, 0x00, 0x00, 0x00, 0x00, 0x00, 0x00, 0x00, 0x00, 0x00, 0x00,
    0x00, 0x00, 0x00, 0x00, 0x00, 0x00, 0x78, 0x00, 0x03, 0xF0, 0x00, 0x0F, 0xC0, 0x00, 0x3F, 0x00,
    0x00, 0xFC, 0x00, 0x01, 0xE0, 0x00, 0x00, 0x07, 0x80, 0x00, 0x00, 0x3C, 0x00, 0x07, 0x81, 0xE0,
    0xF0, 0x7E, 0x0F, 0x0F, 0xC3, 0xF0, 0x78, 0x7E, 0x1F, 0x83, 0xC3, 0xF0, 0xFC, 0x1E, 0x1F, 0x83,
    0xC0, 0xF0, 0x78, 0x00, 0x07, 0x80, 0x00, 0x00, 0x3C, 0x00, 0x00, 0x01, 0xE0, 0x00, 0x00, 0x0F,
    0x00, 0x0F, 0xFF, 0xFF, 0xFF, 0xFF, 0xFF, 0xFF, 0xFF, 0xFF, 0xFF, 0xFF, 0xFF, 0xFF, 0xFF, 0xFF,
    0x00, 0x07, 0x80, 0x00, 0x00, 0x3C, 0x00, 0x00, 0x01, 0xE0, 0x00, 0x00, 0x0F, 0x00, 0x00, 0x00,
    0x78, 0x00, 0x0F, 0x03, 0xC1, 0xE0, 0xFC, 0x1E, 0x1F, 0x87, 0xE0, 0xF0, 0xFC, 0x3F, 0x07, 0x87,
    0xE1, 0xF8, 0x3C, 0x3F, 0x07, 0x81, 0xE0, 0xF0, 0x00, 0x0F, 0x00, 0x00, 0x00, 0x78, 0x00, 0x00,
    0x7B, 0xFF, 0xFF, 0xFD, 0xE0, 0x00, 0x00, 0x00, 0x1E, 0xFF, 0xFF, 0xFF, 0x78, 0x00, 0x00, 0x00,
    0x00, 0x1E, 0xFF, 0xFF, 0xFF, 0x78, 0x7B, 0xFF, 0xFF, 0xFD, 0xE7, 0xBF, 0xFF, 0xFF, 0xDE, 0x00,
    0x07, 0xBF, 0xFF, 0xFF, 0xDE, 0x01, 0xEF, 0xFF, 0xFF, 0xF7, 0x80, 0x00, 0x00, 0x00, 0x00, 0x00,
    0x00, 0x00, 0x00, 0x00, 0x00, 0xFF, 0x8C, 0x06, 0x03, 0x01, 0x80, 0xC0, 0x61, 0xFF, 0x18, 0x0C,
    0x06, 0x03, 0x01, 0x80, 0xC0, 0x60, 0x30, 0x18, 0x0C, 0x06, 0x03, 0x01, 0x80, 0xC0, 0x60, 0x30,
    0x18, 0x0C, 0x06, 0x03, 0x01, 0x80, 0xC0, 0x60, 0xFF, 0x06, 0x0C, 0x18, 0x30, 0x60, 0xFF, 0x18,
    0x30, 0x60, 0xC1, 0x83, 0x06, 0x0C, 0x18, 0x30, 0x60, 0xC1, 0x83, 0x06, 0x0C, 0x18, 0x30, 0x60,
    0xC1, 0x83, 0x06, 0x00, 0x7F, 0x9F, 0xE3, 0xF0, 0xFC, 0x1E, 0x07, 0x80, 0xC0, 0x30, 0x0C, 0x03,
    0x00, 0xC0, 0x30, 0x0C, 0x03, 0x00, 0xC0, 0x30, 0x0C, 0x03, 0x00, 0xC0, 0x30, 0x0C, 0x03, 0x00,
    0xC0, 0x30, 0x0C, 0x03, 0x00, 0xC0, 0x30, 0x0C, 0x03, 0x00, 0xC0, 0x08, 0x03, 0x01, 0xE0, 0x78,
    0x3F, 0x0F, 0xC7, 0xF9, 0xFE, 0x0C, 0x03, 0x00, 0xC0, 0x30, 0x0C, 0x03, 0x00, 0xC0, 0x30, 0x0C,
    0x03, 0x00, 0xC0, 0x30, 0x0C, 0x03, 0x00, 0xC0, 0x30, 0x0C, 0x03, 0x00, 0xC0, 0x30, 0x0C, 0x03,
    0x00, 0xC0, 0x0C, 0x07, 0x83, 0x31, 0x86, 0x61, 0x8C, 0xC1, 0xE0, 0x30, 0x0C, 0x03, 0x00, 0xC0,
    0x30, 0x0C, 0x03, 0x00, 0xC0, 0x30, 0x0C, 0x03, 0x00, 0xC0, 0x30, 0x0C, 0x03, 0x00, 0xC0, 0x30,
    0x0C, 0x03, 0x00, 0xC0, 0x30, 0x0C, 0x03, 0x00, 0xC0, 0xF8, 0x0C, 0x06, 0x03, 0x01, 0x80, 0xC0,
    0x61, 0xFF, 0x18, 0x0C, 0x06, 0x03, 0x01, 0x80, 0xC0, 0x60, 0x30, 0x18, 0x0C, 0x06, 0x03, 0x01,
    0x80, 0xC0, 0x60, 0x30, 0x18, 0x0C, 0x06, 0x03, 0x01, 0x80, 0xC0, 0x60, 0x0F, 0x81, 0xFF, 0x1F,
    0xFC, 0xF1, 0xEF, 0x1F, 0xF8, 0xFF, 0xCD, 0xFE, 0xEF, 0xF6, 0x7F, 0xF3, 0xFF, 0x1E, 0xF1, 0xE7,
    0xFF, 0x1F, 0xF0, 0x3E, 0x00, 0xFF, 0x00, 0x0F, 0xFF, 0xFF, 0xFF, 0xFF, 0xFF, 0xF0, 0x03, 0xE0,
    0x3E, 0x07, 0xE0, 0xFE, 0x1F, 0xE1, 0xDE, 0x3D, 0xE7, 0x9E, 0x71, 0xEF, 0xFF, 0xFF, 0xFF, 0xFF,
    0x01, 0xE0, 0x1E, 0x01, 0xE0, 0x7F, 0xE7, 0xFE, 0x7F, 0xE7, 0x00, 0x70, 0x07, 0x7C, 0x7F, 0xEF,
    0xFF, 0xF1, 0xF0, 0x0F, 0x00, 0xFF, 0x1F, 0xFF, 0xE7, 0xFE, 0x1F, 0x80, 0x0F, 0x83, 0xFE, 0x7F,
    0xF7, 0x8F, 0xF0, 0x0F, 0x78, 0xFF, 0xEF, 0xFF, 0xF9, 0xFF, 0x0F, 0xF0, 0xFF, 0x9F, 0x7F, 0xE3,
    0xFE, 0x1F, 0x80, 0xFF, 0xFF, 0xFF, 0xFC, 0x0E, 0x07, 0x81, 0xC0, 0xF0, 0x38, 0x1E, 0x07, 0x81,
    0xC0, 0xF0, 0x3C, 0x0F, 0x03, 0xC0, 0x3F, 0xC7, 0xFE, 0xFF, 0xFF, 0x0F, 0xF0, 0xFF, 0x0F, 0x7F,
    0xC1, 0xF8, 0x7F, 0xEF, 0x0F, 0xF0, 0xFF, 0x0F, 0xFF, 0xF7, 0xFE, 0x3F, 0x80, 0x1F, 0x87, 0xFC,
    0x7F, 0xEF, 0x9E, 0xF0, 0xFF, 0x0F, 0xF9, 0xFF, 0xFF, 0x7F, 0xF3, 0xEF, 0x00, 0xFF, 0x1E, 0xFF,
    0xE7, 0xFC, 0x3F, 0x00, 0x0E, 0x01, 0xC0, 0x38, 0x07, 0x00, 0xE1, 0xFF, 0xFF, 0xF8, 0x70, 0x0E,
    0x01, 0xC0, 0x38, 0x00, 0xFF, 0xFF, 0xFC, 0xFF, 0xFF, 0xFC, 0x00, 0x00, 0x00, 0x01, 0xFF, 0xFF,
    0xF8, 0x1C, 0xE7, 0x9C, 0x71, 0xCE, 0x38, 0xE3, 0x8E, 0x38, 0xE3, 0x8E, 0x1C, 0x71, 0xC7, 0x8E,
    0x1C, 0xE1, 0xC7, 0x0E, 0x38, 0xE1, 0xC7, 0x1C, 0x71, 0xC7, 0x1C, 0x71, 0xCE, 0x38, 0xE7, 0x1C,
    0xE0, 0xE7, 0xCF, 0xFE, 0xF9, 0xFF, 0x0F, 0xF0, 0xFF, 0x0F, 0xF0, 0xFF, 0x0F, 0xF0, 0xFF, 0x0F,
    0xF0, 0xFF, 0x0F, 0x0F, 0x81, 0xFF, 0x1F, 0xFC, 0xF1, 0xEF, 0x1F, 0xF8, 0xFF, 0xCD, 0xFE, 0xEF,
    0xF6, 0x7F, 0xF3, 0xFF, 0x1E, 0xF1, 0xE7, 0xFF, 0x1F, 0xF0, 0x3E, 0x00, 0x07, 0x0F, 0x0F, 0x1F,
    0xFF, 0xFF, 0xFF, 0x0F, 0x0F, 0x0F, 0x0F, 0x0F, 0x0F, 0x0F, 0x0F, 0x1F, 0x0F, 0xF9, 0xFF, 0xF8,
    0xFE, 0x1E, 0x03, 0xC0, 0xF8, 0x7E, 0x3F, 0x8F, 0xC1, 0xE0, 0x78, 0x0F, 0xFF, 0xFF, 0xFF, 0xF8,
    0x1F, 0xC3, 0xFE, 0x7F, 0xF7, 0x8F, 0x00, 0xF0, 0x0F, 0x07, 0xE0, 0x78, 0x07, 0xE0, 0x0F, 0x00,
    0xFF, 0x0F, 0x7F, 0xF7, 0xFE, 0x1F, 0x80, 0x03, 0xE0, 0x3E, 0x07, 0xE0, 0xFE, 0x1F, 0xE1, 0xDE,
    0x3D, 0xE7, 0x9E, 0x71, 0xEF, 0xFF, 0xFF, 0xFF, 0xFF, 0x01, 0xE0, 0x1E, 0x01, 0xE0, 0x7F, 0xE7,
    0xFE, 0x7F, 0xE7, 0x00, 0x70, 0x07, 0x7C, 0x7F, 0xEF, 0xFF, 0xF1, 0xF0, 0x0F, 0x00, 0xFF, 0x1F,
    0xFF, 0xE7, 0xFE, 0x1F, 0x80, 0x0F, 0x83, 0xFE, 0x7F, 0xF7, 0x8F, 0xF0, 0x0F, 0x78, 0xFF, 0xEF,
    0xFF, 0xF9, 0xFF, 0x0F, 0xF0, 0xFF, 0x9F, 0x7F, 0xE3, 0xFE, 0x1F, 0x80, 0xFF, 0xFF, 0xFF, 0xFC,
    0x0E, 0x07, 0x81, 0xC0, 0xF0, 0x38, 0x1E, 0x07, 0x81, 0xC0, 0xF0, 0x3C, 0x0F, 0x03, 0xC0, 0x3F,
    0xC7, 0xFE, 0xFF, 0xFF, 0x0F, 0xF0, 0xFF, 0x0F, 0x7F, 0xC1, 0xF8, 0x7F, 0xEF, 0x1F, 0xF0, 0xFF,
    0x0F, 0xFF, 0xF7, 0xFE, 0x3F, 0x80, 0x1F, 0x87, 0xFC, 0x7F, 0xEF, 0x9E, 0xF0, 0xFF, 0x0F, 0xF9,
    0xFF, 0xFF, 0x7F, 0xF3, 0xEF, 0x00, 0xFF, 0x1E, 0xFF, 0xE7, 0xFC, 0x3F, 0x00, 0x0E, 0x01, 0xC0,
    0x38, 0x07, 0x00, 0xE1, 0xFF, 0xFF, 0xF8, 0x70, 0x0E, 0x01, 0xC0, 0x38, 0x00, 0xFF, 0xFF, 0xFC,
    0xFF, 0xFF, 0xFC, 0x00, 0x00, 0x00, 0x01, 0xFF, 0xFF, 0xF8, 0x1C, 0xE7, 0x9C, 0x71, 0xCE, 0x38,
    0xE3, 0x8E, 0x38, 0xE3, 0x8E, 0x1C, 0x71, 0xC7, 0x8E, 0x1C, 0xE1, 0xC7, 0x0E, 0x38, 0xE1, 0xC7,
    0x1C, 0x71, 0xC7, 0x1C, 0x71, 0xCE, 0x38, 0xE7, 0x1C, 0xE0, 0x1F, 0xC3, 0xFE, 0x31, 0xF0, 0x0F,
    0x00, 0xF1, 0xFF, 0x7F, 0xFF, 0x8F, 0xF0, 0xFF, 0x0F, 0xF1, 0xF7, 0xFF, 0x3E, 0x70, 0x0F, 0xC1,
    0xFF, 0x1E, 0x3C, 0xE0, 0xFF, 0x07, 0xFF, 0xFF, 0xFF, 0xFE, 0x00, 0xF0, 0x03, 0xC0, 0x1F, 0x04,
    0x7F, 0xE0, 0xFF, 0x00, 0x0F, 0x81, 0xFF, 0x1E, 0x3C, 0xE0, 0xEF, 0x07, 0xF8, 0x3F, 0xC1, 0xFE,
    0x0F, 0xF0, 0x7B, 0x83, 0x9E, 0x3C, 0x7F, 0xC0, 0xF8, 0x00, 0x78, 0x79, 0xE1, 0xE3, 0xCF, 0x07,
    0xF8, 0x1F, 0xE0, 0x3F, 0x00, 0x7C, 0x03, 0xF0, 0x1F, 0xE0, 0x73, 0xC3, 0xCF, 0x1E, 0x1E, 0xF8,
    0x3C, 0x3F, 0x07, 0xFC, 0x41, 0xE0, 0x1E, 0x00, 0xF0, 0x0F, 0xFF, 0xFF, 0xFF, 0xF0, 0xFF, 0x0E,
    0x79, 0xE3, 0xFC, 0x1F, 0x80, 0xF0, 0x0F, 0x00, 0xF0, 0x0F, 0x00, 0xF0, 0x0F, 0x7C, 0xFF, 0xEF,
    0x9F, 0xF0, 0xFF, 0x0F, 0xF0, 0xFF, 0x0F, 0xF0, 0xFF, 0x0F, 0xF0, 0xFF, 0x0F, 0xF0, 0xFF, 0x0F,
    0xF0, 0x03, 0xC0, 0x0F, 0x00, 0x3C, 0x00, 0xF0, 0x03, 0xC1, 0xEF, 0x0F, 0x3C, 0x78, 0xF3, 0xC3,
    0xDE, 0x0F, 0xF0, 0x3F, 0xE0, 0xFF, 0x83, 0xEF, 0x0F, 0x1E, 0x3C, 0x3C, 0xF0, 0xF3, 0xC1, 0xE0,
    0xFF, 0xFF, 0xFF, 0xFF, 0xFF, 0xFF, 0xFF, 0xFF, 0xFF, 0xE7, 0xC7, 0xCF, 0xFF, 0xFE, 0xF9, 0xF9,
    0xFF, 0x0F, 0x0F, 0xF0, 0xF0, 0xFF, 0x0F, 0x0F, 0xF0, 0xF0, 0xFF, 0x0F, 0x0F, 0xF0, 0xF0, 0xFF,
    0x0F, 0x0F, 0xF0, 0xF0, 0xFF, 0x0F, 0x0F, 0xF0, 0xF0, 0xF0, 0xE7, 0xCF, 0xFE, 0xF9, 0xFF, 0x0F,
    0xF0, 0xFF, 0x0F, 0xF0, 0xFF, 0x0F, 0xF0, 0xFF, 0x0F, 0xF0, 0xFF, 0x0F, 0xF0, 0xF0, 0xE7, 0xC7,
    0xFF, 0x3E, 0x3D, 0xE0, 0xFF, 0x07, 0xF8, 0x3F, 0xC1, 0xFE, 0x0F, 0xF0, 0x7F, 0xC7, 0xFF, 0xFD,
    0xFF, 0xCF, 0x7C, 0x78, 0x03, 0xC0, 0x1E, 0x00, 0xF0, 0x07, 0x80, 0x00, 0x3F, 0x9F, 0xEE, 0x1B,
    0x80, 0xF8, 0x3F, 0xC7, 0xF8, 0x7F, 0x07, 0xC0, 0xFC, 0x3F, 0xFE, 0xFF, 0x00, 0x1C, 0x0E, 0x0F,
    0x0F, 0xFF, 0xF9, 0xE0, 0xF0, 0x78, 0x3C, 0x1E, 0x0F, 0x07, 0x83, 0xC1, 0xE0, 0x7E, 0x1F, 0x03,
    0xF8, 0x00, 0xFF, 0xE0, 0x3F, 0xFC, 0x03, 0xFF, 0xC0, 0x7E, 0x08, 0x07, 0xC0, 0x00, 0xFC, 0x00,
    0x0F, 0x80, 0x00, 0xF8, 0x7F, 0xFF, 0x87, 0xFF, 0xF8, 0x7F, 0xFF, 0x87, 0xFF, 0xF8, 0x7C, 0x0F,
    0xC7, 0xC0, 0x7E, 0x7C, 0x07, 0xFF, 0xFF, 0x3F, 0xFF, 0xF1, 0xFF, 0xFF, 0x07, 0xFF, 0xF0, 0x07,
    0xC0, 0x00, 0x7C, 0x00, 0x07, 0xC0, 0x00, 0x7C, 0x00, 0x07, 0xFF, 0x00, 0x7F, 0xF0, 0x07, 0xFF,
    0x00, 0x7F, 0xF0, 0x00, 0x1C, 0x60, 0x00, 0xE7, 0x00, 0x07, 0x38, 0x01, 0xFF, 0xC0, 0x3F, 0xFF,
    0x87, 0xFF, 0xFC, 0x7F, 0xFF, 0xC7, 0xFF, 0x3E, 0x3F, 0x31, 0xC3, 0xF3, 0x8C, 0x1F, 0x9C, 0x61,
    0xF8, 0xE7, 0x0F, 0xC7, 0x38, 0x7E, 0x31, 0xC3, 0xF3, 0x8C, 0x1F, 0x9C, 0x60, 0xFC, 0xE7, 0x07,
    0xE7, 0x38, 0x3F, 0x31, 0xC0, 0xFF, 0x8C, 0x07, 0xFC, 0x60, 0x3F, 0xE7, 0x00, 0xFF, 0x39, 0xC3,
    0xFF, 0xFE, 0x0F, 0xFF, 0xF0, 0x3F, 0xFF, 0x80, 0xFF, 0xF8, 0x07, 0x38, 0x00, 0x31, 0xC0, 0x03,
    0x8C, 0x00, 0x1C, 0x60, 0x00, 0x00, 0xFF, 0x80, 0x7F, 0xFC, 0x3F, 0xFF, 0x8F, 0xFF, 0xE1, 0xFC,
    0x1C, 0x7E, 0x00, 0x1F, 0xC0, 0x03, 0xF0, 0x00, 0x7E, 0x00, 0x1F, 0x80, 0x03, 0xF1, 0xE7, 0xFE,
    0x3D, 0xFF, 0xC7, 0xFF, 0xF8, 0xFF, 0xFF, 0x1F, 0x87, 0xE3, 0xF0, 0xFC, 0x7C, 0x1F, 0xCF, 0x83,
    0xF9, 0xF0, 0x3F, 0x3E, 0x07, 0xF7, 0xC0, 0xFF, 0xF9, 0xCF, 0xFF, 0xF8, 0xFF, 0xFF, 0x0F, 0xFF,
    0xE0, 0xFF, 0xFC, 0x07, 0xFC, 0x00, 0x1F, 0xFF, 0xE3, 0xFF, 0xFC, 0x7F, 0xFF, 0x8F, 0xFF, 0xF1,
    0xF8, 0x00, 0x3F, 0x00, 0x07, 0xE0, 0x00, 0xFC, 0x00, 0x1F, 0x80, 0x03, 0xF0, 0x00, 0x7E, 0x00,
    0x0F, 0xFF, 0xE1, 0xFF, 0xFC, 0x3F, 0xFF, 0x87, 0xFF, 0xF0, 0xFC, 0x00, 0x1F, 0x80, 0x03, 0xF0,
    0x00, 0x7E, 0x00, 0x7F, 0xFE, 0x0F, 0xFF, 0xC1, 0xFF, 0xF8, 0x3F, 0xFF, 0x00, 0xFC, 0x00, 0x1F,
    0x80, 0x03, 0xF0, 0x00, 0x7E, 0x00, 0x00, 0x00, 0xFF, 0x00, 0x7F, 0xF8, 0x1F, 0xFF, 0x07, 0xFF,
    0xC1, 0xFC, 0x38, 0x3F, 0x00, 0x07, 0xE0, 0x00, 0xFC, 0x00, 0x1F, 0x80, 0x03, 0xF0, 0x03, 0xFF,
    0xF8, 0x7F, 0xFF, 0x0F, 0xFF, 0xE0, 0x3F, 0x00, 0x3F, 0xFF, 0x87, 0xFF, 0xF0, 0xFF, 0xFE, 0x1F,
    0xFF, 0xC0, 0x7E, 0x00, 0x0F, 0xC0, 0x03, 0xF0, 0x00, 0xFC, 0x00, 0x3F, 0xFF, 0xFF, 0xFF, 0xFF,
    0xFF, 0xFF, 0xFF, 0xFF, 0xFF, 0xFF, 0xFF, 0x80, 0x00, 0x00, 0x0F, 0x00, 0x00, 0x00, 0x0E, 0x00,
    0x00, 0x00, 0x1E, 0x00, 0x00, 0x00, 0x1E, 0x00, 0xF8, 0x7E, 0x3F, 0xF0, 0xF9, 0xFF, 0xBF, 0xFC,
    0xFB, 0xFF, 0xFF, 0xFE, 0xFF, 0xFF, 0xFF, 0xFE, 0xFF, 0x0F, 0xF8, 0x7F, 0xFE, 0x0F, 0xF0, 0x7F,
    0xFE, 0x07, 0xF0, 0x3F, 0xFC, 0x07, 0xE0, 0x3F, 0xFC, 0x07, 0xE0, 0x3F, 0xFC, 0x07, 0xE0, 0x3F,
    0xFC, 0x07, 0xE0, 0x3F, 0xFC, 0x07, 0xE0, 0x3F, 0xFC, 0x07, 0xE0, 0x3F, 0xFC, 0x0F, 0xE0, 0x3F,
    0xFC, 0x0F, 0xE0, 0x3F, 0xFC, 0x1F, 0xE0, 0x3F, 0xFC, 0x1F, 0xE0, 0x3F, 0xFC, 0x3F, 0xE0, 0x3F,
    0xFC, 0x3F, 0xE0, 0x3F, 0xFC, 0x7F, 0xE0, 0x3F, 0xFC, 0x7F, 0xE0, 0x3F, 0x00, 0xF0, 0x00, 0x00,
    0x00, 0xF0, 0x00, 0x00, 0x01, 0xE0, 0x00, 0x00, 0x01, 0xE0, 0x00, 0x00, 0x3F, 0x03, 0xC1, 0xF8,
    0x1E, 0x0F, 0xE0, 0xF0, 0x7F, 0x07, 0x83, 0xF8, 0x3C, 0x1F, 0xC1, 0xE0, 0xFF, 0x0F, 0x07, 0xB8,
    0x78, 0x3D, 0xC3, 0xC7, 0xFF, 0xFF, 0xFF, 0xFF, 0xFF, 0xFF, 0xFF, 0xF3, 0xCF, 0x3C, 0x1E, 0x79,
    0xE0, 0xF3, 0xCF, 0x1F, 0xFF, 0xFF, 0xFF, 0xFF, 0xFF, 0xFF, 0xFF, 0xCF, 0x0E, 0xF0, 0x78, 0x77,
    0x83, 0xC3, 0xFC, 0x1E, 0x0F, 0xE0, 0xF0, 0x7F, 0x07, 0x83, 0xF8, 0x3C, 0x1F, 0xC1, 0xE0, 0x7E,
    0x0F, 0x03, 0xF0, 0xFF, 0xE0, 0x00, 0x07, 0xFF, 0xE0, 0x00, 0x3F, 0xFF, 0x80, 0x01, 0xFF, 0xFE,
    0x00, 0x0F, 0xC7, 0xF0, 0x00, 0x7E, 0x1F, 0xC0, 0x03, 0xF0, 0x7E, 0x1C, 0x1F, 0x83, 0xF0, 0xE0,
    0xFC, 0x1F, 0x8F, 0x07, 0xE0, 0xFC, 0x78, 0x3F, 0x07, 0xE3, 0xC1, 0xF8, 0x7F, 0x3F, 0xFF, 0xC7,
    0xF7, 0xFF, 0xFF, 0xFF, 0xFF, 0xFF, 0xFF, 0xFB, 0xFF, 0xFF, 0xFF, 0x03, 0xE0, 0xFF, 0xE0, 0x1F,
    0x07, 0xE0, 0x00, 0xF8, 0x3F, 0x00, 0x07, 0xC1, 0xF8, 0x00, 0x3E, 0x0F, 0xC0, 0x01, 0xF0, 0x7E,
    0x00, 0x0F, 0x83, 0xF0, 0x00, 0x7E, 0x1F, 0x80, 0x03, 0xFF, 0xFC, 0x00, 0x0F, 0xFF, 0xE0, 0x00,
    0x7F, 0xFF, 0x00, 0x00, 0xFE, 0xFF, 0xE0, 0x00, 0x03, 0xFF, 0xE0, 0x00, 0x0F, 0xFF, 0xE0, 0x00,
    0x3F, 0xFF, 0x80, 0x00, 0xFC, 0x7F, 0x00, 0x03, 0xF0, 0xFC, 0x00, 0x0F, 0xC3, 0xF0, 0x7F, 0x3F,
    0x0F, 0xC7, 0xFF, 0xFC, 0x3F, 0x3F, 0xFB, 0xF0, 0xFD, 0xFF, 0xEF, 0xC3, 0xF7, 0xC3, 0xBF, 0x1F,
    0x9F, 0x00, 0xFF, 0xFC, 0x7C, 0x03, 0xFF, 0xE1, 0xFC, 0x0F, 0xFF, 0x03, 0xF8, 0x3F, 0xFC, 0x0F,
    0xF8, 0xFD, 0xF0, 0x1F, 0xF3, 0xF3, 0xE0, 0x1F, 0xEF, 0xCF, 0x80, 0x1F, 0xFF, 0x1F, 0x00, 0x3F,
    0xFC, 0x7C, 0x00, 0x7F, 0xF1, 0xF8, 0x01, 0xFF, 0xC3, 0xE7, 0x0F, 0xFF, 0x0F, 0x9F, 0xFE, 0xFC,
    0x3F, 0x7F, 0xFB, 0xF0, 0x7D, 0xFF, 0xCF, 0xC1, 0xFB, 0xFC, 0x00, 0xF8, 0x1F, 0x03, 0xEF, 0x03,
    0xE0, 0x79, 0xE0, 0x7C, 0x0F, 0x3C, 0x1F, 0xC1, 0xE7, 0x83, 0xF8, 0x3C, 0xF8, 0x77, 0x0F, 0x9F,
    0x0E, 0xE1, 0xF1, 0xE1, 0xDC, 0x3C, 0x3C, 0x3B, 0x87, 0x87, 0x8F, 0x70, 0xF0, 0xF1, 0xEF, 0x1E,
    0x1E, 0x3D, 0xE3, 0xCF, 0xFF, 0xFF, 0xFF, 0xFF, 0xFF, 0xFF, 0xFF, 0xFF, 0xFF, 0xF8, 0xF7, 0x8E,
    0x78, 0x1E, 0xF1, 0xEF, 0x03, 0xDE, 0x3D, 0xE0, 0x7B, 0xC7, 0xBC, 0x0F, 0x70, 0x77, 0x00, 0xEE,
    0x0E, 0xE0, 0x1F, 0xC1, 0xFC, 0x03, 0xF8, 0x3F, 0x80, 0x7F, 0x07, 0xF0, 0x0F, 0xE0, 0xFE, 0x00,
    0xF8, 0x0F, 0x80, 0x1F, 0x01, 0xF0, 0x00, 0xFF, 0xFF, 0x03, 0xFF, 0xFF, 0xF8, 0x7F, 0xFF, 0xFF,
    0x0F, 0xFF, 0xFF, 0xF1, 0xFF, 0x80, 0x3E, 0x3F, 0xF0, 0x03, 0xC7, 0xFE, 0x3C, 0x78, 0xFF, 0xC7,
    0x8F, 0x1F, 0xF8, 0xF1, 0xE3, 0xFF, 0x1E, 0x3C, 0x7F, 0xE3, 0xC7, 0x8F, 0xFC, 0x78, 0xF1, 0xFF,
    0x8F, 0x1E, 0x3F, 0xF1, 0xE3, 0xC7, 0xFE, 0x3C, 0x78, 0xFF, 0xC7, 0x8F, 0x1F, 0xF8, 0xF1, 0xE3,
    0xFF, 0x1E, 0x3C, 0x7F, 0xE3, 0xC7, 0x8F, 0xFC, 0x78, 0xF1, 0xFF, 0x8F, 0x00, 0x3F, 0xF1, 0xE0,
    0x07, 0xFE, 0x3C, 0x01, 0xFF, 0xC7, 0xFF, 0xFF, 0xF8, 0xFF, 0xFF, 0xDF, 0x1F, 0xFF, 0xF3, 0xE3,
    0xFF, 0xFC, 0x00, 0x00, 0x07, 0xE0, 0x00, 0x1F, 0x80, 0x00, 0x7E, 0x00, 0x3F, 0xFF, 0x00, 0xFF,
    0xFC, 0x03, 0xFF, 0xF0, 0x0F, 0xFF, 0xC0, 0x01, 0xF8, 0x00, 0x07, 0xE0, 0x1F, 0x1F, 0x81, 0xFF,
    0x7E, 0x0F, 0xFF, 0xF8, 0x7F, 0xFF, 0xE1, 0xFC, 0x7F, 0x87, 0xE0, 0xFE, 0x3F, 0x01, 0xF8, 0xFC,
    0x07, 0xE3, 0xF0, 0x1F, 0x8F, 0xC0, 0x7E, 0x3F, 0x01, 0xF8, 0xFC, 0x07, 0xE3, 0xF0, 0x1F, 0x8F,
    0xC0, 0x7E, 0x1F, 0x83, 0xF8, 0x7F, 0x1F, 0xE1, 0xFF, 0xFF, 0x83, 0xFF, 0xFE, 0x07, 0xFD, 0xF8,
    0x07, 0xC3, 0xE0, 0x00, 0x00, 0x00, 0x00, 0x00, 0x00, 0x00, 0x00, 0x3F, 0xFF, 0xC0, 0xFF, 0xFF,
    0x00, 0x00, 0x0F, 0xC0, 0x00, 0x1F, 0xFC, 0x00, 0x0F, 0xFF, 0xC0, 0x07, 0xFF, 0xF8, 0x03, 0xFF,
    0xFF, 0x01, 0xFE, 0x1F, 0xC0, 0x7E, 0x03, 0xF8, 0x3F, 0x80, 0x7E, 0x0F, 0xC0, 0x0F, 0x83, 0xF0,
    0x03, 0xFF, 0xFF, 0xF8, 0x03, 0xFF, 0xFE, 0x00, 0xFF, 0xFF, 0x00, 0x07, 0xE0, 0x00, 0x01, 0xF8,
    0x00, 0x00, 0x7E, 0x00, 0x00, 0xFF, 0xFF, 0x00, 0x3F, 0xFF, 0xC0, 0x0F, 0xFF, 0xF0, 0x00, 0x3F,
    0x00, 0x3F, 0x0F, 0xC0, 0x1F, 0x81, 0xF8, 0x07, 0xE0, 0x7F, 0x03, 0xF8, 0x0F, 0xFF, 0xFC, 0x03,
    0xFF, 0xFE, 0x00, 0x7F, 0xFF, 0x00, 0x07, 0xFF, 0x80, 0x00, 0xFF, 0xC0, 0x00, 0x02, 0x00, 0x00,
    0x3F, 0x01, 0xF1, 0xF8, 0x1F, 0x8F, 0xC0, 0xF8, 0x7E, 0x0F, 0xC3, 0xF0, 0x7C, 0x1F, 0x87, 0xC0,
    0xFC, 0x7E, 0x07, 0xE3, 0xE0, 0x3F, 0x3F, 0x01, 0xF9, 0xF0, 0x0F, 0xDF, 0x00, 0x7E, 0xF8, 0x0F,
    0xFF, 0xFE, 0x7F, 0xFF, 0xF3, 0xFF, 0xFF, 0x9F, 0xFF, 0xFC, 0x3F, 0xBE, 0x01, 0xF9, 0xF0, 0x0F,
    0xC7, 0xC0, 0x7E, 0x3E, 0x03, 0xF0, 0xF8, 0x1F, 0x87, 0xE0, 0xFC, 0x1F, 0x07, 0xE0, 0xFC, 0x3F,
    0x03, 0xE1, 0xF8, 0x1F, 0x8F, 0xC0, 0x7C, 0xFF, 0xFF, 0xFF, 0xFF, 0xFF, 0xFF, 0xFF, 0xFF, 0xFF,
    0xFF, 0xFF, 0xFF, 0xF0, 0x1F, 0x80, 0x01, 0xF8, 0x00, 0x1F, 0x98, 0x01, 0xFF, 0xC0, 0x1F, 0xF0,
    0x01, 0xFE, 0x00, 0x1F, 0xC0, 0x01, 0xF8, 0x00, 0x7F, 0x88, 0x0F, 0xFB, 0x81, 0xFF, 0xF8, 0x1D,
    0xFF, 0x00, 0x9F, 0xE0, 0x01, 0xF8, 0x00, 0x3F, 0x80, 0x07, 0xF8, 0x00, 0xFF, 0x80, 0x3F, 0xF8,
    0x01, 0x9F, 0x80, 0x01, 0xF8, 0x00, 0x1F, 0x80, 0x01, 0xF8, 0x00, 0x1F, 0xF8, 0x00, 0x00, 0x0F,
    0xFF, 0xF0, 0x00, 0x00, 0xFF, 0xFF, 0xC0, 0x00, 0x07, 0xFF, 0xFE, 0x00, 0x00, 0x70, 0x1F, 0xF0,
    0x00, 0x00, 0x00, 0x7F, 0x00, 0x00, 0x0F, 0xC3, 0xF8, 0x00, 0x00, 0xFC, 0x1F, 0x80, 0x00, 0x0F,
    0x80, 0xFC, 0x00, 0x00, 0xF8, 0x0F, 0xC0, 0x00, 0x0F, 0x80, 0xFC, 0x00, 0x01, 0xF8, 0x0F, 0xC0,
    0x00, 0x1F, 0x80, 0xFC, 0x00, 0x01, 0xF0, 0x0F, 0xC0, 0x00, 0x1F, 0x00, 0xFC, 0x3F, 0x81, 0xF0,
    0x1F, 0xC7, 0xFC, 0x3F, 0x01, 0xF8, 0xFF, 0xE3, 0xF0, 0x1F, 0x9F, 0xFF, 0x3E, 0x03, 0xF9, 0xF1,
    0xF3, 0xE0, 0x3F, 0x3E, 0x0F, 0x3E, 0x07, 0xF3, 0xE0, 0xF7, 0xE0, 0xFE, 0x3E, 0x0F, 0x7E, 0x3F,
    0xC7, 0xC1, 0xF7, 0xFF, 0xF8, 0x7F, 0xFE, 0x7F, 0xFF, 0x07, 0xFF, 0xEF, 0xFF, 0xC0, 0x7F, 0xFC,
    0xFF, 0xE0, 0x07, 0x9F, 0x00, 0x00, 0x00, 0xF8, 0x00, 0x00, 0x00, 0x0F, 0x80, 0x00, 0x00, 0x00,
    0xF8, 0x00, 0x00, 0x00, 0x0F, 0x80, 0x00, 0x00, 0x00, 0xF0, 0x00, 0x00, 0x00, 0x1F, 0x00, 0x00,
    0x00, 0x01, 0xF0, 0x00, 0x00, 0x00, 0x1F, 0x00, 0x00, 0x00, 0x01, 0xF0, 0x00, 0x00, 0x1F, 0x80,
    0x03, 0xFF, 0x00, 0x3F, 0xFC, 0x01, 0xFF, 0xE0, 0x1F, 0xDF, 0x80, 0xFC, 0x7C, 0x07, 0xE3, 0xE0,
    0x3F, 0x1F, 0x01, 0xF8, 0xF8, 0x0F, 0xC7, 0xC0, 0x3F, 0x7C, 0x01, 0xFB, 0xE0, 0x0F, 0xFF, 0x00,
    0x3F, 0xF0, 0x01, 0xFF, 0x80, 0x07, 0xF8, 0x00, 0x1F, 0x80, 0x30, 0xFC, 0x01, 0x87, 0xF0, 0x1E,
    0x3F, 0x80, 0xF3, 0xFE, 0x0F, 0xFF, 0xF0, 0xFF, 0xEF, 0x87, 0xFE, 0x7E, 0x79, 0xE3, 0xF3, 0xCF,
    0x1F, 0xBC, 0x30, 0x7E, 0x00, 0x83, 0xF0, 0x00, 0x1F, 0x80, 0x00, 0xFC, 0x00, 0x07, 0xE0, 0x00,
    0x7F, 0x00, 0x0F, 0xF0, 0x00, 0x7F, 0x80, 0x03, 0xF8, 0x00, 0x1F, 0x00, 0x3F, 0xFC, 0x01, 0xFF,
    0xF8, 0x0F, 0xFF, 0xE0, 0x7F, 0xFF, 0x83, 0xF1, 0xFC, 0x1F, 0x87, 0xE3, 0xFF, 0xFF, 0xFF, 0xFF,
    0xFF, 0x3F, 0x07, 0xE1, 0xF8, 0x3F, 0x0F, 0xC1, 0xF9, 0xFF, 0xFF, 0xFF, 0xFF, 0xFF, 0x9F, 0x87,
    0xE0, 0xFC, 0x3F, 0x07, 0xE3, 0xF0, 0x3F, 0xFF, 0x81, 0xFF, 0xF8, 0x0F, 0xFF, 0x80, 0x7F, 0xF0,
    0x03, 0xF0, 0x00, 0x1F, 0x80, 0x00, 0xFC, 0x00, 0x07, 0xE0, 0x00, 0x3F, 0x00, 0x01, 0xF8, 0x00,
    0x0F, 0xC0, 0x00, 0x00, 0x1C, 0x00, 0x00, 0x70, 0x00, 0x03, 0xFC, 0x00, 0x7F, 0xFE, 0x07, 0xFF,
    0xFC, 0x3F, 0xFF, 0xE1, 0xFF, 0xFF, 0x8F, 0xFF, 0x0C, 0x3F, 0x9C, 0x01, 0xFC, 0x70, 0x07, 0xE1,
    0xC0, 0x3F, 0x87, 0x00, 0xFC, 0x1C, 0x03, 0xF0, 0x7F, 0xFF, 0xC1, 0xFF, 0xFF, 0x07, 0xFF, 0xFC,
    0x1F, 0xFF, 0xF0, 0x7F, 0xFF, 0xC1, 0xCF, 0xFF, 0x87, 0x3F, 0x7E, 0x1C, 0xFD, 0xF8, 0x73, 0xF7,
    0xF1, 0xCF, 0xCF, 0xF7, 0x3F, 0x3F, 0xFF, 0xFC, 0x7F, 0xFF, 0xF0, 0xFF, 0xFF, 0xC0, 0xFF, 0xFF,
    0x00, 0xFF, 0xC0, 0x00, 0x70, 0x00, 0x01, 0xC0, 0x00, 0x07, 0x00, 0x00, 0x7E, 0x00, 0x00, 0xFF,
    0x00, 0x00, 0xFF, 0x00, 0x00, 0xFF, 0x00, 0x01, 0xFF, 0x80, 0x01, 0xFF, 0x80, 0x01, 0xFF, 0x80,
    0x03, 0xE7, 0xC0, 0x03, 0xE7, 0xC0, 0x03, 0xE7, 0xC0, 0xFF, 0xFF, 0xFF, 0xFF, 0xFF, 0xFF, 0xFF,
    0xFF, 0xFF, 0x0F, 0xC3, 0xF0, 0x0F, 0x81, 0xF0, 0x0F, 0x81, 0xF0, 0xFF, 0xFF, 0xFF, 0xFF, 0xFF,
    0xFF, 0xFF, 0xFF, 0xFF, 0x3F, 0x00, 0xFC, 0x3F, 0x00, 0xFC, 0x3E, 0x00, 0x7C, 0x7E, 0x00, 0x7E,
    0x7E, 0x00, 0x7E, 0x7C, 0x00, 0x3E, 0xFC, 0x00, 0x3F, 0xFC, 0x00, 0x3F, 0x00, 0x7F, 0x00, 0x07,
    0xFF, 0x80, 0x1F, 0xFF, 0xC0, 0x7F, 0xFF, 0xC1, 0xFF, 0xFF, 0x83, 0xF8, 0x7F, 0x8F, 0xE0, 0x7F,
    0x1F, 0x80, 0x7E, 0x00, 0x00, 0xFC, 0x00, 0x01, 0xFB, 0xFF, 0xFF, 0xFF, 0xFF, 0xFF, 0xFF, 0xFF,
    0xFF, 0xE0, 0x00, 0x00, 0x00, 0x00, 0x00, 0x00, 0x00, 0x00, 0xFF, 0xFF, 0xFF, 0xFF, 0xFF, 0xFF,
    0xFF, 0xFF, 0xF9, 0xF8, 0x00, 0x03, 0xF0, 0x00, 0x07, 0xE0, 0x1F, 0x8F, 0xE0, 0xFF, 0x0F, 0xFF,
    0xFC, 0x1F, 0xFF, 0xF0, 0x1F, 0xFF, 0xC0, 0x1F, 0xFF, 0x00, 0x07, 0xF0, 0x00, 0x00, 0x1C, 0x00,
    0x00, 0xF0, 0x00, 0x7F, 0xF8, 0x0F, 0xFF, 0xE0, 0xFF, 0xFF, 0x0F, 0xFF, 0xF8, 0xFF, 0x77, 0x87,
    0xF3, 0x84, 0x7F, 0x1C, 0x03, 0xF0, 0xE0, 0x1F, 0x87, 0x01, 0xF8, 0x38, 0x0F, 0xC1, 0xC0, 0x7E,
    0x0E, 0x03, 0xF0, 0x70, 0x1F, 0x83, 0x80, 0xFC, 0x1C, 0x07, 0xE0, 0xE0, 0x3F, 0x07, 0x01, 0xF8,
    0x38, 0x07, 0xE1, 0xC0, 0x3F, 0x0E, 0x01, 0xFC, 0x70, 0x07, 0xF3, 0x86, 0x3F, 0xFF, 0xF0, 0xFF,
    0xFF, 0x83, 0xFF, 0xFC, 0x0F, 0xFF, 0xE0, 0x1F, 0xF8, 0x00, 0x0E, 0x00, 0x00, 0x70, 0x00, 0x07,
    0x81, 0xE0, 0x03, 0xC0, 0xF0, 0x03, 0xE0, 0xF8, 0x01, 0xF0, 0x7C, 0x01, 0xFF, 0xFF, 0xFB, 0xFF,
    0xFF, 0xFF, 0xFF, 0xFF, 0xFF, 0xFF, 0xFF, 0xFF, 0x1F, 0x87, 0xE0, 0x0F, 0xC3, 0xF0, 0x07, 0xE1,
    0xF8, 0x03, 0xF0, 0xFC, 0x01, 0xF8, 0x7E, 0x00, 0xFC, 0x3F, 0x00, 0x7E, 0x1F, 0x80, 0x3F, 0x0F,
    0xC0, 0x1F, 0x87, 0xE0, 0x0F, 0xC3, 0xF0, 0x07, 0xE1, 0xF8, 0x03, 0xF0, 0xFC, 0x01, 0xF8, 0x7F,
    0x08, 0xFC, 0x3F, 0xFC, 0x7E, 0x0F, 0xFE, 0x3F, 0x03, 0xFF, 0x1F, 0x80, 0xFF, 0x00, 0x00, 0x03,
    0xFC, 0x00, 0x07, 0xFF, 0xE0, 0x03, 0xFF, 0xFC, 0x01, 0xFF, 0xFE, 0x00, 0x7F, 0xFF, 0x80, 0x3F,
    0x81, 0xC0, 0x0F, 0xC0, 0x00, 0x03, 0xF0, 0x00, 0x00, 0xFC, 0x00, 0x00, 0x3F, 0x80, 0x00, 0x07,
    0xF8, 0x00, 0x01, 0xFF, 0x80, 0x00, 0x3F, 0xF8, 0x00, 0x07, 0xFF, 0x80, 0x00, 0x7F, 0xF0, 0x00,
    0x03, 0xFE, 0x00, 0x00, 0x3F, 0x80, 0x00, 0x07, 0xF3, 0xDF, 0x3C, 0xFD, 0xFF, 0xFF, 0x9F, 0xCF,
    0x3C, 0xE7, 0xDB, 0x8E, 0x39, 0xF7, 0xE3, 0x8E, 0xF8, 0xFE, 0xE3, 0xFE, 0x1F, 0xFF, 0xFF, 0x03,
    0xFF, 0xFF, 0x80, 0xE7, 0xFF, 0x00, 0x38, 0xE3, 0x80, 0x0E, 0x38, 0xE0, 0x03, 0x8E, 0x38, 0x00,
    0xFF, 0xFF, 0xFF, 0xFF, 0xFF, 0xFF, 0xFF, 0xFF, 0xFF, 0xFF, 0xFF, 0xFF, 0xF0, 0x00, 0x00, 0x00,
    0x00, 0x0F, 0xFF, 0xFF, 0xFF, 0xFF, 0xFF, 0xFF, 0xFF, 0xFF, 0xFF, 0xFF, 0xFF, 0xFF, 0x01, 0xF8,
    0x00, 0x1F, 0x80, 0x01, 0xF8, 0x00, 0x1F, 0x80, 0x01, 0xF8, 0x00, 0x1F, 0x80, 0x01, 0xF8, 0x00,
    0x1F, 0x80, 0x01, 0xF8, 0x00, 0x1F, 0x80, 0x01, 0xF8, 0x00, 0x1F, 0x80, 0x01, 0xF8, 0x00, 0x1F,
    0x80, 0x01, 0xF8, 0x00, 0xFF, 0xFF, 0xFF, 0xFF, 0xFF, 0xFF, 0xFF, 0xFF, 0xFF, 0xFF, 0xE0, 0xFF,
    0xFF, 0xC0, 0x00, 0x7F, 0x00, 0x00, 0xFE, 0x00, 0x01, 0xF8, 0xFF, 0xFF, 0xFF, 0xFF, 0xFF, 0xFF,
    0xFF, 0xFF, 0xC0, 0x01, 0xF8, 0x00, 0x0F, 0xC3, 0xFF, 0xFF, 0x0F, 0xFF, 0xF8, 0x3F, 0xFF, 0xC0,
    0xFF, 0xFC, 0x03, 0xFF, 0x80, 0x07, 0xF0, 0x00, 0x0F, 0xE0, 0x00, 0x1F, 0xC0, 0x00, 0x3F, 0x80,
    0x00, 0x7F, 0x00, 0x00, 0xFE, 0x00, 0x01, 0xFC, 0x00, 0x03, 0xF8, 0x00, 0x07, 0xF8, 0x00, 0x1F,
    0x80, 0x01, 0xF8, 0x00, 0x1F, 0x80, 0x01, 0xF8, 0xE0, 0x1F, 0xFE, 0x01, 0xFF, 0xE0, 0x1F, 0xF8,
    0x0F, 0xFC, 0x00, 0xFF, 0x82, 0x0F, 0xF9, 0xE0, 0x9F, 0xFE, 0x01, 0xFF, 0xC0, 0x3F, 0xE0, 0x0F,
    0xF8, 0x00, 0xFF, 0x81, 0xFD, 0xF8, 0x1F, 0x1F, 0x81, 0xF1, 0xF8, 0x1F, 0x1F, 0x83, 0xE1, 0xF8,
    0x3E, 0x1F, 0x87, 0xE1, 0xF8, 0xFC, 0x1F, 0xFF, 0x81, 0xFF, 0xF0, 0x1F, 0xFE, 0x01, 0xFF, 0xC0,
    0x1F, 0xE0, 0x00, 0x1F, 0x00, 0x00, 0x03, 0xFC, 0x00, 0x00, 0x1C, 0xF0, 0x00, 0x01, 0xC3, 0xC0,
    0x00, 0x0E, 0x1E, 0x00, 0x00, 0x78, 0xF0, 0x00, 0x03, 0xFF, 0xFF, 0xFE, 0x1F, 0xFF, 0xFF, 0xFC,
    0x7F, 0xFF, 0xFF, 0xF1, 0xFF, 0xFF, 0xFF, 0x87, 0xFF, 0xFF, 0xFE, 0x03, 0xC0, 0x01, 0xF0, 0x1E,
    0x00, 0x03, 0x80, 0xF1, 0x8C, 0x1C, 0x07, 0x9E, 0xF0, 0xE0, 0x3F, 0xFF, 0xCE, 0x01, 0xFD, 0xF7,
    0xF0, 0x0F, 0xC7, 0x1F, 0x00, 0x7C, 0x00, 0x00, 0x07, 0xE0, 0x00, 0x00, 0xFF, 0x80, 0x00, 0x03,
    0x7F, 0x01, 0x00, 0x01, 0xFF, 0xF8, 0x00, 0x07, 0xFF, 0xC0, 0x00, 0x1F, 0xFE, 0x00, 0x00, 0x7F,
    0xF0, 0x00, 0x00, 0x7F, 0x80, 0x00, 0x0F, 0x80, 0x00, 0x00, 0x7C, 0x00, 0x00, 0x03, 0xE0, 0x00,
    0x00, 0x1F, 0x00, 0x00, 0x00, 0xF8, 0x00, 0x00, 0x07, 0xC0, 0x00, 0x00, 0x3E, 0x00, 0x00, 0x0F,
    0xFF, 0x00, 0x03, 0xFF, 0xFF, 0x00, 0x7F, 0xFF, 0xFC, 0x07, 0xFF, 0xFF, 0xF0, 0x7F, 0xFF, 0xFF,
    0xC3, 0xF8, 0xF8, 0xFF, 0x3F, 0x87, 0xC1, 0xF9, 0xF8, 0x3E, 0x0F, 0xCF, 0xC1, 0xF0, 0x7F, 0xFC,
    0x0F, 0x81, 0xFF, 0xE0, 0x7C, 0x0F, 0xFF, 0x03, 0xE0, 0x7F, 0xF8, 0x1F, 0x03, 0xFF, 0xC0, 0x00,
    0x1F, 0xFE, 0x00, 0x00, 0xFF, 0xF0, 0x00, 0x07, 0xFF, 0x80, 0x00, 0x3F, 0xFC, 0x00, 0x01, 0xFF,
    0xE0, 0x00, 0x0F, 0xFF, 0x00, 0x00, 0x7E, 0x0F, 0xFF, 0xE0, 0x03, 0xFF, 0xFE, 0x00, 0xFF, 0xFF,
    0xE0, 0x3F, 0xFF, 0xFC, 0x0F, 0xFF, 0xFF, 0x03, 0xF0, 0x1F, 0xE0, 0xFC, 0x01, 0xF8, 0x3F, 0x00,
    0x7E, 0x0F, 0xC0, 0x1F, 0x83, 0xF0, 0x07, 0xE0, 0xFC, 0x01, 0xF8, 0x3F, 0x00, 0x7E, 0x0F, 0xC0,
    0x7F, 0x83, 0xFF, 0xFF, 0xC0, 0xFF, 0xFF, 0xF0, 0x3F, 0xFF, 0xF8, 0x0F, 0xFF, 0xF8, 0x03, 0xFF,
    0xF8, 0x00, 0xFC, 0x00, 0x00, 0x3F, 0x00, 0x00, 0xFF, 0xFF, 0x00, 0x3F, 0xFF, 0xC0, 0x0F, 0xFF,
    0xF0, 0x00, 0x3F, 0x00, 0x00, 0x0F, 0xC0, 0x00, 0x03, 0xF0, 0x00, 0x00, 0xFC, 0x00, 0x00, 0x00,
    0x73, 0x80, 0x00, 0x1C, 0xE0, 0x00, 0x07, 0xF8, 0x00, 0x0F, 0xFF, 0xC0, 0x07, 0xFF, 0xF8, 0x07,
    0xFF, 0xFF, 0x01, 0xFF, 0x3F, 0xE0, 0xFD, 0xCE, 0xFC, 0x7F, 0x73, 0xBF, 0x9F, 0x9C, 0xE7, 0xE7,
    0xE7, 0x39, 0xFB, 0xF1, 0xCE, 0x3F, 0xFC, 0x73, 0x8F, 0xFF, 0x1C, 0xE3, 0xFF, 0xC7, 0x38, 0xFF,
    0xF1, 0xCE, 0x3F, 0xFC, 0x00, 0x00, 0x3F, 0x00, 0x00, 0x0F, 0xC0, 0x00, 0x01, 0xF8, 0x00, 0x00,
    0x7E, 0x00, 0x00, 0x0F, 0xC0, 0x00, 0x03, 0xF0, 0x00, 0x00, 0x7E, 0x00, 0x00, 0x0F, 0xE0, 0x00,
    0x0F, 0xFF, 0xFF, 0xC7, 0xFF, 0xFF, 0xF1, 0xFF, 0xFF, 0xFC, 0x7F, 0xFF, 0xFF, 0x00, 0x0E, 0x70,
    0x07, 0x38, 0x03, 0x9C, 0x01, 0xCE, 0x0F, 0xFF, 0x07, 0xFF, 0xC3, 0xFF, 0xF9, 0xFF, 0xFC, 0xFC,
    0x7F, 0x7E, 0x1F, 0xBF, 0x0F, 0xDF, 0x87, 0xEF, 0xC3, 0xF7, 0xE1, 0xFB, 0xF1, 0xF9, 0xFF, 0xFC,
    0xFF, 0xFC, 0x7F, 0xFF, 0x3F, 0xFF, 0xDF, 0x87, 0xEF, 0xC1, 0xFF, 0xE0, 0xFF, 0xF0, 0x7F, 0xF8,
    0x3F, 0xFC, 0x1F, 0xFE, 0x1F, 0xFF, 0x0F, 0xDF, 0xFF, 0xEF, 0xFF, 0xE7, 0xFF, 0xE3, 0xFF, 0xC0,
    0x1C, 0xE0, 0x0E, 0x70, 0x07, 0x38, 0x03, 0x9C, 0x00, 0x01, 0xFC, 0x0F, 0xFF, 0x1F, 0xFF, 0x3F,
    0xFE, 0x7F, 0x06, 0x7E, 0x00, 0xFE, 0x00, 0xFC, 0x00, 0xFC, 0x00, 0xFC, 0x00, 0xFC, 0x00, 0xFC,
    0x00, 0xFC, 0x00, 0xFC, 0x00, 0xFE, 0x00, 0x7E, 0x01, 0x7F, 0x07, 0x3F, 0xFF, 0x1F, 0xFF, 0x0F,
    0xFF, 0x03, 0xFC, 0x00, 0x00, 0x00, 0x00, 0x00, 0x00, 0xFF, 0xFF, 0xFF, 0xFF, 0xFF, 0xFF, 0xFF,
    0xFF, 0x00, 0x1F, 0x80, 0x00, 0x07, 0xE0, 0x00, 0x01, 0xF8, 0x00, 0x00, 0x7E, 0x00, 0x00, 0x1F,
    0x80, 0x00, 0x07, 0xE0, 0x00, 0x01, 0xF8, 0x00, 0x00, 0x7E, 0x00, 0x00, 0x1F, 0x80, 0x00, 0x07,
    0xFF, 0xFF, 0xFD, 0xFF, 0xFF, 0xFF, 0xFF, 0xFF, 0xFF, 0xF7, 0xFF, 0xFF, 0xFE, 0x7F, 0xFF, 0xFF,
    0xC7, 0xE0, 0x00, 0x00, 0x7E, 0x00, 0x00, 0x07, 0xE0, 0x00, 0x00, 0x7E, 0x00, 0x00, 0x07, 0xE0,
    0x00, 0x00, 0x7E, 0x00, 0x00, 0x07, 0xE0, 0x00, 0x00, 0x7E, 0x00, 0x00, 0x07, 0xE0, 0x00, 0x00,
    0x10, 0x00, 0x00, 0x70, 0x00, 0x01, 0xF0, 0x00, 0x07, 0xF0, 0x00, 0x1F, 0xF0, 0x00, 0x7F, 0xF0,
    0x01, 0xFF, 0xF0, 0x07, 0xFF, 0xF0, 0x1F, 0xFF, 0xF0, 0x7E, 0xFB, 0xF1, 0xF9, 0xF3, 0xF7, 0xE3,
    0xE3, 0xFF, 0x87, 0xC3, 0xFE, 0x0F, 0x83, 0xF8, 0x1F, 0x03, 0xE0, 0x3E, 0x03, 0x80, 0x7C, 0x02,
    0x00, 0xF8, 0x00, 0x01, 0xF0, 0x00, 0x03, 0xE0, 0x00, 0x07, 0xC0, 0x00, 0x0F, 0x80, 0x00, 0x1F,
    0x00, 0x00, 0x3E, 0x00, 0x00, 0x7C, 0x00, 0x00, 0xF8, 0x00, 0x00, 0x3F, 0x00, 0x00, 0x03, 0xF0,
    0x00, 0x00, 0x3F, 0x00, 0x00, 0x03, 0xF0, 0x00, 0x00, 0x3F, 0x00, 0x00, 0x03, 0xF0, 0x00, 0x00,
    0x3F, 0x00, 0x00, 0x03, 0xF0, 0x00, 0x00, 0x3F, 0x1F, 0xFF, 0xFF, 0xF3, 0xFF, 0xFF, 0xFF, 0x7F,
    0xFF, 0xFF, 0xFF, 0xFF, 0xFF, 0xFD, 0xFF, 0xFF, 0xFF, 0x00, 0x00, 0x0F, 0xC0, 0x00, 0x03, 0xF0,
    0x00, 0x00, 0xFC, 0x00, 0x00, 0x3F, 0x00, 0x00, 0x0F, 0xC0, 0x00, 0x03, 0xF0, 0x00, 0x00, 0xFC,
    0x00, 0x00, 0x3F, 0x00, 0x00, 0x0F, 0xC0, 0x00, 0x00, 0x7C, 0x00, 0x00, 0xF8, 0x00, 0x01, 0xF0,
    0x00, 0x03, 0xE0, 0x00, 0x07, 0xC0, 0x00, 0x0F, 0x80, 0x00, 0x1F, 0x00, 0x00, 0x3E, 0x00, 0x00,
    0x7C, 0x01, 0x00, 0xF8, 0x07, 0x01, 0xF0, 0x1F, 0x03, 0xE0, 0x7F, 0x07, 0xC1, 0xFF, 0x0F, 0x87,
    0xFF, 0x1F, 0x1F, 0xBF, 0x3E, 0x7E, 0x3F, 0x7D, 0xF8, 0x3F, 0xFF, 0xE0, 0x3F, 0xFF, 0x80, 0x3F,
    0xFE, 0x00, 0x3F, 0xF8, 0x00, 0x3F, 0xE0, 0x00, 0x3F, 0x80, 0x00, 0x3E, 0x00, 0x00, 0x38, 0x00,
    0x00, 0x20, 0x00, 0x00, 0x1F, 0x87, 0xE0, 0x00, 0x00, 0xFC, 0x0F, 0xC0, 0x00, 0x07, 0xE0, 0x1F,
    0x80, 0x00, 0x3F, 0x00, 0x3F, 0x00, 0x01, 0xF8, 0x00, 0x7E, 0x00, 0x0F, 0xC0, 0x00, 0xFC, 0x00,
    0x7E, 0x00, 0x01, 0xF8, 0x03, 0xF0, 0x00, 0x03, 0xF0, 0x1F, 0x80, 0x00, 0x07, 0xE0, 0xFF, 0xFF,
    0xFF, 0xFF, 0xC7, 0xFF, 0xFF, 0xFF, 0xFF, 0xBF, 0xFF, 0xFF, 0xFF, 0xFF, 0x7F, 0xFF, 0xFF, 0xFF,
    0xF8, 0xFF, 0xFF, 0xFF, 0xFF, 0xC1, 0xF8, 0x00, 0x00, 0x7E, 0x03, 0xF0, 0x00, 0x03, 0xF0, 0x07,
    0xE0, 0x00, 0x1F, 0x80, 0x0F, 0xC0, 0x00, 0xFC, 0x00, 0x1F, 0x80, 0x07, 0xE0, 0x00, 0x3F, 0x00,
    0x3F, 0x00, 0x00, 0x7E, 0x01, 0xF8, 0x00, 0x00, 0xFC, 0x0F, 0xC0, 0x00, 0x01, 0xF8, 0x7E, 0x00,
    0x00, 0x00, 0x10, 0x00, 0x00, 0x70, 0x00, 0x01, 0xF0, 0x00, 0x07, 0xF0, 0x00, 0x1F, 0xF0, 0x00,
    0x7F, 0xF0, 0x01, 0xFF, 0xF0, 0x07, 0xFF, 0xF0, 0x1F, 0xFF, 0xF0, 0x7E, 0xFB, 0xF1, 0xF9, 0xF3,
    0xF7, 0xE3, 0xE3, 0xFF, 0x87, 0xC3, 0xFE, 0x0F, 0x83, 0xF8, 0x1F, 0x03, 0xE0, 0x3E, 0x03, 0x80,
    0x7C, 0x02, 0x00, 0xF8, 0x00, 0x01, 0xF0, 0x00, 0x03, 0xE0, 0x00, 0x07, 0xC0, 0x10, 0x0F, 0x80,
    0x70, 0x1F, 0x01, 0xF0, 0x3E, 0x07, 0xF0, 0x7C, 0x1F, 0xF0, 0xF8, 0x7F, 0xF1, 0xF1, 0xFB, 0xF3,
    0xE7, 0xE3, 0xF7, 0xDF, 0x83, 0xFF, 0xFE, 0x03, 0xFF, 0xF8, 0x03, 0xFF, 0xE0, 0x03, 0xFF, 0x80,
    0x03, 0xFE, 0x00, 0x03, 0xF8, 0x00, 0x03, 0xE0, 0x00, 0x03, 0x80, 0x00, 0x02, 0x00, 0x00, 0xFF,
    0xFF, 0x87, 0xFF, 0xFE, 0x3F, 0xFF, 0xF9, 0xFF, 0xFF, 0xEF, 0xF0, 0x00, 0x7F, 0xC0, 0x03, 0xFF,
    0x00, 0x1F, 0xFC, 0x00, 0xF7, 0xF0, 0x07, 0x9F, 0xC0, 0x3C, 0x7F, 0x01, 0xE1, 0xFC, 0x0F, 0x07,
    0xF0, 0x78, 0x1F, 0xC3, 0xC0, 0x7F, 0x1E, 0x01, 0xFC, 0xF0, 0x07, 0xF3, 0x80, 0x1F, 0x8C, 0x00,
    0x78, 0x20, 0x01, 0x80, 0x00, 0x00, 0x00, 0x0F, 0xFF, 0xF8, 0xFF, 0xFF, 0xCF, 0xFF, 0xFE, 0xFF,
    0xFF, 0xF0, 0x00, 0x7F, 0x80, 0x07, 0xFC, 0x00, 0x7F, 0xE0, 0x07, 0xFF, 0x00, 0x7F, 0x78, 0x07,
    0xF3, 0xC0, 0x7F, 0x1E, 0x07, 0xF0, 0xF0, 0x7F, 0x07, 0x87, 0xF0, 0x3C, 0x7F, 0x01, 0xE7, 0xF0,
    0x0F, 0x7F, 0x00, 0x7B, 0xF0, 0x03, 0x8F, 0x00, 0x18, 0x30, 0x00, 0x80, 0x00, 0x00, 0x00, 0x00,
    0x00, 0x00, 0xC0, 0x02, 0x0F, 0x00, 0x18, 0xFC, 0x00, 0xE7, 0xF0, 0x07, 0x9F, 0xC0, 0x3C, 0x7F,
    0x01, 0xE1, 0xFC, 0x0F, 0x07, 0xF0, 0x78, 0x1F, 0xC3, 0xC0, 0x7F, 0x1E, 0x01, 0xFC, 0xF0, 0x07,
    0xF7, 0x80, 0x1F, 0xFC, 0x00, 0x7F, 0xE0, 0x01, 0xFF, 0x00, 0x07, 0xFB, 0xFF, 0xFF, 0xCF, 0xFF,
    0xFE, 0x3F, 0xFF, 0xF0, 0xFF, 0xFF, 0x80, 0x00, 0x00, 0x00, 0x80, 0x06, 0x0C, 0x00, 0x78, 0xE0,
    0x07, 0xEF, 0x00, 0x7F, 0x78, 0x07, 0xF3, 0xC0, 0x7F, 0x1E, 0x07, 0xF0, 0xF0, 0x7F, 0x07, 0x87,
    0xF0, 0x3C, 0x7F, 0x01, 0xE7, 0xF0, 0x0F, 0x7F, 0x00, 0x7F, 0xF0, 0x03, 0xFF, 0x00, 0x1F, 0xF0,
    0x00, 0xFF, 0x00, 0x07, 0xFF, 0xFF, 0xBF, 0xFF, 0xF9, 0xFF, 0xFF, 0x8F, 0xFF, 0xF8, 0x00, 0x00,
    0x00, 0x30, 0x78, 0x07, 0x8F, 0xE0, 0xFC, 0xFF, 0x1F, 0xE7, 0xFC, 0x7F, 0x7C, 0xE1, 0xFB, 0xC7,
    0x0F, 0xC0, 0x3C, 0xFF, 0x00, 0xFF, 0x98, 0x07, 0xF8, 0x00, 0x1F, 0xC0, 0x00, 0x78, 0x00, 0x7F,
    0xFE, 0x03, 0xFF, 0xFC, 0x1F, 0xFF, 0xF8, 0xFF, 0xFF, 0xE0, 0x00, 0x1F, 0x00, 0x00, 0x7C, 0x00,
    0x01, 0xE0, 0x00, 0x0F, 0x07, 0xC0, 0x78, 0x7C, 0x03, 0xC7, 0xC0, 0x3E, 0x7C, 0x03, 0xE7, 0xFF,
    0xFF, 0x7F, 0xFF, 0xF3, 0xFF, 0xFE, 0x0F, 0xFF, 0xC0, 0x3E, 0x00, 0x00, 0xF8, 0x00, 0x03, 0xE0,
    0x00, 0x0F, 0xC0, 0x00, 0x03, 0xFF, 0xF0, 0x7F, 0xFF, 0x8F, 0xFF, 0xFC, 0xFF, 0xFF, 0xE7, 0xC0,
    0x00, 0x7C, 0x00, 0x03, 0xC0, 0x00, 0x1E, 0x00, 0x00, 0xF0, 0x1F, 0x07, 0x80, 0x7C, 0x3E, 0x01,
    0xF0, 0xF8, 0x07, 0xC7, 0xFF, 0xFF, 0x1F, 0xFF, 0xFC, 0x3F, 0xFF, 0xE0, 0x7F, 0xFE, 0x00, 0x03,
    0xE0, 0x00, 0x3E, 0x00, 0x03, 0xE0, 0x00, 0x7E, 0x00, 0x01, 0x00, 0x00, 0x18, 0x00, 0x01, 0xC0,
    0x00, 0x1E, 0x00, 0x01, 0xF0, 0x00, 0x1F, 0xFF, 0xFF, 0xFF, 0xFF, 0xFF, 0xFF, 0xFF, 0x3F, 0xFF,
    0xF8, 0xF8, 0x03, 0xC3, 0xC0, 0x1E, 0x0E, 0x00, 0xF0, 0x30, 0x07, 0x80, 0x80, 0x3C, 0x00, 0x01,
    0xE0, 0x00, 0x0F, 0x00, 0x00, 0x78, 0x00, 0x03, 0xC0, 0x00, 0x1E, 0x00, 0x00, 0xF0, 0x00, 0x07,
    0x80, 0x00, 0x3C, 0x00, 0x01, 0xE0, 0x00, 0x0F, 0x00, 0x04, 0x00, 0x00, 0x18, 0x00, 0x00, 0x70,
    0x00, 0x01, 0xF0, 0x00, 0x07, 0xE3, 0xFF, 0xFF, 0xCF, 0xFF, 0xFF, 0xBF, 0xFF, 0xFF, 0xFF, 0xFF,
    0xF3, 0xC0, 0x1F, 0x8F, 0x00, 0x7C, 0x3C, 0x01, 0xC0, 0xF0, 0x06, 0x03, 0xC0, 0x10, 0x0F, 0x00,
    0x00, 0x3C, 0x00, 0x00, 0xF0, 0x00, 0x03, 0xC0, 0x00, 0x0F, 0x00, 0x00, 0x3C, 0x00, 0x00, 0xF0,
    0x00, 0x03, 0xC0, 0x00, 0x0F, 0x00, 0x00, 0x3C, 0x00, 0x00, 0xF0, 0x00, 0x03, 0xC0, 0x00, 0x0F,
    0x00, 0x00, 0x3C, 0x00, 0x00, 0xF0, 0x00, 0x03, 0xC0, 0x00, 0x0F, 0x00, 0x00, 0x3C, 0x00, 0x00,
    0xF0, 0x00, 0x03, 0xC0, 0x00, 0x0F, 0x00, 0x40, 0x3C, 0x01, 0x80, 0xF0, 0x07, 0x03, 0xC0, 0x1F,
    0x0F, 0x00, 0x7E, 0x3F, 0xFF, 0xFC, 0xFF, 0xFF, 0xFB, 0xFF, 0xFF, 0xFF, 0xFF, 0xFF, 0x00, 0x01,
    0xF8, 0x00, 0x07, 0xC0, 0x00, 0x1C, 0x00, 0x00, 0x60, 0x00, 0x01, 0x00, 0xFF, 0xFF, 0x83, 0xFF,
    0xFE, 0x0F, 0xFF, 0xF8, 0x3F, 0xFF, 0xE0, 0x00, 0x07, 0x80, 0x00, 0x1E, 0x00, 0x00, 0x78, 0x00,
    0x01, 0xE0, 0x00, 0x07, 0x80, 0x00, 0x1E, 0x00, 0x00, 0x78, 0x00, 0x01, 0xE0, 0x00, 0x07, 0x80,
    0x00, 0x1E, 0x00, 0x00, 0x78, 0x00, 0x01, 0xE0, 0x00, 0x07, 0x80, 0x00, 0x1E, 0x00, 0x00, 0x78,
    0x00, 0x1F, 0xFE, 0x00, 0x3F, 0xF0, 0x00, 0xFF, 0xC0, 0x01, 0xFE, 0x00, 0x03, 0xF0, 0x00, 0x07,
    0x80, 0x00, 0x0C, 0x00, 0x00, 0x20, 0x00, 0x00, 0x00, 0x78, 0x00, 0x03, 0xC0, 0x00, 0x1E, 0x00,
    0x00, 0xF0, 0x00, 0x07, 0x80, 0x00, 0x3C, 0x00, 0x01, 0xE0, 0x00, 0x0F, 0x00, 0x00, 0x78, 0x00,
    0x03, 0xC0, 0x40, 0x1E, 0x06, 0x00, 0xF0, 0x70, 0x07, 0x87, 0x80, 0x3C, 0x7C, 0x01, 0xE7, 0xFF,
    0xFF, 0xFF, 0xFF, 0xFF, 0xFF, 0xFF, 0xCF, 0xFF, 0xFE, 0x3E, 0x00, 0x00, 0xF0, 0x00, 0x03, 0x80,
    0x00, 0x0C, 0x00, 0x00, 0x20, 0x00, 0xE0, 0x00, 0x07, 0x00, 0x80, 0x38, 0x0C, 0x01, 0xC1, 0xE0,
    0x0E, 0x1F, 0x00, 0x71, 0xFF, 0xFF, 0x9F, 0xFF, 0xFC, 0xFF, 0xFF, 0xE3, 0xFF, 0xFF, 0x0F, 0x80,
    0x38, 0x3C, 0x01, 0xC0, 0x60, 0x0E, 0x01, 0x00, 0x70, 0x00, 0x00, 0x00, 0x00, 0x38, 0x02, 0x01,
    0xC0, 0x18, 0x0E, 0x00, 0xF0, 0x70, 0x07, 0xC3, 0xFF, 0xFF, 0x1F, 0xFF, 0xFC, 0xFF, 0xFF, 0xE7,
    0xFF, 0xFE, 0x38, 0x03, 0xE1, 0xC0, 0x1E, 0x0E, 0x00, 0xC0, 0x70, 0x04, 0x03, 0x80, 0x00, 0x1C,
    0x00, 0x01, 0x00, 0x00, 0x00, 0x07, 0x00, 0x00, 0x00, 0x1F, 0x00, 0x00, 0x00, 0x7F, 0x00, 0x00,
    0x01, 0xFF, 0x00, 0x00, 0x07, 0xDF, 0x00, 0x00, 0x1F, 0x1F, 0x00, 0x00, 0xFC, 0x1F, 0x00, 0x03,
    0xF0, 0x1F, 0x00, 0x0F, 0xC0, 0x1F, 0x00, 0x3F, 0x00, 0x1F, 0x00, 0xFC, 0x00, 0x1F, 0x03, 0xFF,
    0x01, 0xFF, 0x0F, 0xFE, 0x03, 0xFF, 0x3F, 0xFC, 0x07, 0xFF, 0x00, 0x78, 0x0F, 0x01, 0x00, 0xF0,
    0x1E, 0x00, 0x01, 0xE0, 0x3C, 0x00, 0x03, 0xC0, 0x78, 0x00, 0x07, 0x80, 0xF0, 0x00, 0x0F, 0x01,
    0xE0, 0x00, 0x1E, 0x03, 0xC0, 0x00, 0x3C, 0x07, 0x80, 0x00, 0x7F, 0xFF, 0x00, 0x00, 0xFF, 0xFE,
    0x00, 0x01, 0xFF, 0xFC, 0x00, 0x03, 0xFF, 0xF8, 0x00, 0x00, 0x00, 0x07, 0xC0, 0x01, 0xFC, 0x00,
    0xFF, 0xC0, 0x3F, 0xF8, 0x01, 0xFF, 0x00, 0x0F, 0xE0, 0x00, 0xFC, 0x00, 0x1F, 0x00, 0x03, 0xE0,
    0x7E, 0x78, 0x7F, 0xFE, 0x3F, 0xFF, 0xDF, 0xFF, 0xF7, 0xE1, 0xFF, 0xF0, 0x3F, 0xF8, 0x07, 0xFE,
    0x01, 0xFF, 0x80, 0x7F, 0xE0, 0x1F, 0xF8, 0x07, 0xFE, 0x03, 0xF7, 0xC0, 0xF9, 0xF8, 0x7E, 0x3F,
    0xFF, 0x0F, 0xFF, 0x80, 0xFF, 0xC0, 0x1F, 0xC0, 0x00, 0x7C, 0x00, 0x01, 0xFC, 0x00, 0x03, 0xF8,
    0x00, 0x07, 0xF8, 0x00, 0x1F, 0xF0, 0x00, 0x3D, 0xE0, 0x00, 0xFB, 0xE0, 0x01, 0xE3, 0xC0, 0x07,
    0xC7, 0xC0, 0x0F, 0x8F, 0x80, 0x1E, 0x0F, 0x00, 0x7C, 0x1F, 0x00, 0xF0, 0x1E, 0x03, 0xE0, 0x3E,
    0x07, 0xC0, 0x7C, 0x0F, 0x00, 0x78, 0x3E, 0x00, 0xF8, 0x78, 0x00, 0xF1, 0xF0, 0x01, 0xF3, 0xE0,
    0x03, 0xE7, 0x80, 0x03, 0xDF, 0x00, 0x07, 0xFF, 0xFF, 0xFF, 0xFF, 0xFF, 0xFF, 0xFF, 0xFF, 0xFF,
    0xFF, 0xFF, 0xFC, 0xFF, 0xFF, 0xFF, 0xFF, 0xFF, 0xFF, 0xFF, 0xFF, 0xFF, 0xFF, 0xFF, 0xFF, 0xF0,
    0xFC, 0x1F, 0x80, 0x7E, 0x0F, 0xC0, 0x3F, 0x07, 0xE0, 0x1F, 0x83, 0xF0, 0x0F, 0xC1, 0xF8, 0x07,
    0xE0, 0xFC, 0x03, 0xF0, 0x7E, 0x01, 0xF8, 0x3F, 0x00, 0xFC, 0x1F, 0x80, 0x7E, 0x0F, 0xC0, 0x3F,
    0x07, 0xE0, 0x1F, 0x83, 0xF0, 0x0F, 0xC1, 0xF8, 0x07, 0xE0, 0xFC, 0x03, 0xF0, 0x7E, 0x01, 0xF8,
    0x3F, 0x00, 0xFC, 0x1F, 0x80, 0x7E, 0x0F, 0xC0, 0x3F, 0x07, 0xE0, 0x1F, 0x83, 0xF0, 0x0F, 0xC1,
    0xF8, 0x07, 0xE0, 0xFC, 0x03, 0xF0, 0x7E, 0x01, 0xF8, 0x3F, 0x00, 0xFC, 0x1F, 0x80, 0x7E, 0x0F,
    0xC0, 0x3F, 0x07, 0xE0, 0x1F, 0x83, 0xF0, 0xFF, 0xFF, 0xFF, 0xFF, 0xFF, 0xFF, 0xFF, 0xFF, 0xFF,
    0xFF, 0xFF, 0xFF, 0x00, 0x07, 0xC0, 0x00, 0xF8, 0x00, 0x3F, 0x00, 0x07, 0xC0, 0x00, 0xF8, 0x00,
    0x3F, 0x00, 0x07, 0xC0, 0x00, 0xF8, 0x00, 0x7C, 0x00, 0x3F, 0x00, 0x0F, 0x80, 0x07, 0xC0, 0x03,
    0xF0, 0x00, 0xF8, 0x00, 0x7C, 0x00, 0x3F, 0x00, 0x0F, 0xFF, 0xFF, 0xFF, 0xFF, 0xFF, 0xFF, 0xFF,
    0xFF, 0xFF, 0xFF, 0xFC, 0xFF, 0xFF, 0xFF, 0xFF, 0xFF, 0xFF, 0xFF, 0xFF, 0xF0, 0x00, 0x07, 0xFF,
    0x80, 0x03, 0xFF, 0xC0, 0x01, 0xFF, 0xE0, 0x00, 0xFF, 0xF0, 0x00, 0x7C, 0x00, 0x00, 0x7C, 0x00,
    0x00, 0x3E, 0x00, 0x00, 0x1F, 0x00, 0x00, 0x0F, 0x80, 0x00, 0x07, 0xC0, 0x00, 0x07, 0xC0, 0x00,
    0x03, 0xE0, 0x00, 0x01, 0xF0, 0x07, 0xC0, 0xF8, 0x03, 0xE0, 0x7C, 0x01, 0xF8, 0x7C, 0x00, 0x7C,
    0x3E, 0x00, 0x3E, 0x1F, 0x00, 0x1F, 0x0F, 0x80, 0x0F, 0xC7, 0xC0, 0x03, 0xE7, 0xC0, 0x01, 0xF3,
    0xE0, 0x00, 0xF9, 0xF0, 0x00, 0x7E, 0xF8, 0x00, 0x1F, 0x7C, 0x00, 0x0F, 0xFC, 0x00, 0x07, 0xFE,
    0x00, 0x01, 0xFF, 0x00, 0x00, 0xFF, 0x80, 0x00, 0x7F, 0xC0, 0x00, 0x3F, 0xC0, 0x00, 0x0F, 0xC0,
    0x1F, 0x81, 0xFF, 0x83, 0xFF, 0x1F, 0xFE, 0x3F, 0xFC, 0xFF, 0xFB, 0xFF, 0xEF, 0xC3, 0xFE, 0x1F,
    0xFC, 0x07, 0xC0, 0x7F, 0xE0, 0x1E, 0x03, 0xFF, 0x00, 0xF0, 0x1F, 0xF8, 0x0F, 0x80, 0xFF, 0xE1,
    0xFF, 0x0F, 0xDF, 0xFF, 0x7F, 0xFC, 0xFF, 0xF1, 0xFF, 0xE3, 0xFF, 0x07, 0xFE, 0x07, 0xE0, 0x0F,
    0xC0, 0x00, 0x3F, 0x00, 0x7F, 0x00, 0xFF, 0x01, 0xFF, 0x01, 0xF8, 0x01, 0xF0, 0x01, 0xF0, 0x01,
    0xF0, 0x01, 0xF0, 0x01, 0xF0, 0x03, 0xF0, 0x03, 0xF0, 0x03, 0xF0, 0x03, 0xE0, 0x03, 0xE0, 0x03,
    0xE0, 0x03, 0xE0, 0x03, 0xE0, 0x07, 0xE0, 0x07, 0xE0, 0x07, 0xE0, 0x07, 0xC0, 0x07, 0xC0, 0x07,
    0xC0, 0x07, 0xC0, 0x07, 0xC0, 0x0F, 0xC0, 0x7F, 0x80, 0x7F, 0x80, 0x7F, 0x00, 0x7C, 0x00, 0x3F,
    0x07, 0xBF, 0xC3, 0xDF, 0xF3, 0xFF, 0x7F, 0xEF, 0x0F, 0xE7, 0x83, 0xE0, 0x00, 0x00, 0x00, 0x00,
    0x3F, 0x07, 0xBF, 0xC3, 0xDF, 0xF3, 0xFF, 0x7F, 0xEF, 0x0F, 0xE7, 0x83, 0xE0, 0x00, 0x3C, 0x00,
    0x1F, 0x00, 0x07, 0xC0, 0x01, 0xE0, 0xFF, 0xFF, 0xFF, 0xFF, 0xFF, 0xFF, 0xFF, 0xFF, 0xFF, 0x01,
    0xF0, 0x00, 0x78, 0x00, 0x1E, 0x00, 0x0F, 0x80, 0xFF, 0xFF, 0xFF, 0xFF, 0xFF, 0xFF, 0xFF, 0xFF,
    0xFF, 0x07, 0x80, 0x03, 0xE0, 0x00, 0xF8, 0x00, 0x3C, 0x00, 0x00, 0x00, 0x40, 0x00, 0xF0, 0x03,
    0xFC, 0x07, 0xFF, 0x0F, 0xFF, 0xDF, 0xFF, 0xCF, 0xFF, 0x03, 0xFE, 0x00, 0xF8, 0x00, 0x3F, 0xC0,
    0x0F, 0xFF, 0x03, 0xFF, 0xF8, 0x0F, 0xFF, 0xC0, 0x7F, 0xF0, 0x03, 0xFC, 0x00, 0x1F, 0x00, 0x00,
    0x40, 0x00, 0x0F, 0xFF, 0xFF, 0xFF, 0xFF, 0xFF, 0xFF, 0xFF, 0xFF, 0xF0, 0x80, 0x00, 0x3C, 0x00,
    0x0F, 0xF0, 0x03, 0xFF, 0x80, 0xFF, 0xFC, 0x0F, 0xFF, 0xE0, 0x3F, 0xFC, 0x01, 0xFF, 0x00, 0x07,
    0xC0, 0x0F, 0xF0, 0x3F, 0xFC, 0x7F, 0xFF, 0xFF, 0xFC, 0x3F, 0xF8, 0x0F, 0xF0, 0x03, 0xE0, 0x00,
    0x80, 0x00, 0x00, 0x00, 0x0F, 0xFF, 0xFF, 0xFF, 0xFF, 0xFF, 0xFF, 0xFF, 0xFF, 0xF0, 0x01, 0xFC,
    0x07, 0xF8, 0x1F, 0xF8, 0x7F, 0xF0, 0xFF, 0xE3, 0xFF, 0x87, 0xFF, 0x1F, 0xFE, 0x1F, 0xC0, 0x7F,
    0x08, 0x7E, 0x01, 0xF8, 0x01, 0xF8, 0x07, 0xE0, 0x07, 0xE0, 0x1F, 0x80, 0x3F, 0xFC, 0xFF, 0xF3,
    0xFF, 0xFF, 0xFF, 0xCF, 0xFF, 0xFF, 0xFF, 0x3F, 0xFF, 0xFF, 0xFC, 0x1F, 0x80, 0x7E, 0x00, 0x7E,
    0x01, 0xF8, 0x01, 0xF8, 0x07, 0xE0, 0x07, 0xE0, 0x1F, 0x80, 0x1F, 0x80, 0x7E, 0x00, 0x7E, 0x01,
    0xF8, 0x01, 0xF8, 0x07, 0xE0, 0x07, 0xE0, 0x1F, 0x80, 0x1F, 0x80, 0x7E, 0x00, 0x7E, 0x01, 0xF8,
    0x01, 0xF8, 0x07, 0xE0, 0x07, 0xE0, 0x1F, 0x80, 0x1F, 0x80, 0x7E, 0x00, 0x7E, 0x01, 0xF8, 0x01,
    0xF8, 0x07, 0xE0, 0x07, 0xE0, 0x1F, 0x80, 0x1F, 0x80, 0x7E, 0x00, 0x03, 0xFC, 0x7E, 0x0F, 0xF8,
    0xFC, 0x3F, 0xF1, 0xF8, 0xFF, 0xE3, 0xF1, 0xFF, 0xC7, 0xE3, 0xF8, 0x00, 0x07, 0xE0, 0x1F, 0xFF,
    0xFE, 0x3F, 0xFF, 0xFC, 0x7F, 0xFF, 0xF8, 0xFF, 0xFF, 0xF1, 0xF8, 0xFC, 0x03, 0xF1, 0xF8, 0x07,
    0xE3, 0xF0, 0x0F, 0xC7, 0xE0, 0x1F, 0x8F, 0xC0, 0x3F, 0x1F, 0x80, 0x7E, 0x3F, 0x00, 0xFC, 0x7E,
    0x01, 0xF8, 0xFC, 0x03, 0xF1, 0xF8, 0x07, 0xE3, 0xF0, 0x0F, 0xC7, 0xE0, 0x1F, 0x8F, 0xC0, 0x3F,
    0x1F, 0x80, 0x7E, 0x3F, 0x00, 0xFC, 0x7E, 0x01, 0xF8, 0x03, 0xFC, 0x7E, 0x01, 0xFF, 0x1F, 0x80,
    0xFF, 0xC7, 0xE0, 0x7F, 0xF1, 0xF8, 0x1F, 0xC0, 0x7E, 0x07, 0xE0, 0x1F, 0x81, 0xF8, 0x07, 0xE3,
    0xFF, 0xF1, 0xF8, 0xFF, 0xFC, 0x7E, 0x3F, 0xFF, 0x1F, 0x8F, 0xFF, 0xC7, 0xE0, 0x7E, 0x01, 0xF8,
    0x1F, 0x80, 0x7E, 0x07, 0xE0, 0x1F, 0x81, 0xF8, 0x07, 0xE0, 0x7E, 0x01, 0xF8, 0x1F, 0x80, 0x7E,
    0x07, 0xE0, 0x1F, 0x81, 0xF8, 0x07, 0xE0, 0x7E, 0x01, 0xF8, 0x1F, 0x80, 0x7E, 0x07, 0xE0, 0x1F,
    0x81, 0xF8, 0x07, 0xE0, 0x7E, 0x01, 0xFF, 0x1F, 0x80, 0x7F, 0xC7, 0xE0, 0x0F, 0xF1, 0xF8, 0x00,
    0xFC, 0x01, 0xFC, 0x07, 0xF8, 0xF0, 0x3F, 0xF0, 0xFF, 0xEF, 0xC3, 0xFF, 0x8F, 0xFE, 0x7E, 0x3F,
    0xF8, 0xFF, 0xF3, 0xF1, 0xFC, 0x07, 0xF0, 0x0F, 0x0F, 0xC0, 0x3F, 0x00, 0x00, 0x7E, 0x01, 0xF8,
    0x00, 0x03, 0xF0, 0x0F, 0xC0, 0x00, 0x3F, 0xFC, 0xFF, 0xF1, 0xFF, 0xFF, 0xFF, 0xFF, 0x8F, 0xFF,
    0xFF, 0xFF, 0xFC, 0x7F, 0xFF, 0xFF, 0xFF, 0xE3, 0xF1, 0xF8, 0x07, 0xE0, 0x1F, 0x8F, 0xC0, 0x3F,
    0x00, 0xFC, 0x7E, 0x01, 0xF8, 0x07, 0xE3, 0xF0, 0x0F, 0xC0, 0x3F, 0x1F, 0x80, 0x7E, 0x01, 0xF8,
    0xFC, 0x03, 0xF0, 0x0F, 0xC7, 0xE0, 0x1F, 0x80, 0x7E, 0x3F, 0x00, 0xFC, 0x03, 0xF1, 0xF8, 0x07,
    0xE0, 0x1F, 0x8F, 0xC0, 0x3F, 0x00, 0xFC, 0x7E, 0x01, 0xF8, 0x07, 0xE3, 0xF0, 0x0F, 0xC0, 0x3F,
    0x1F, 0x80, 0x7E, 0x01, 0xF8, 0xFC, 0x03, 0xF0, 0x0F, 0xC7, 0xE0, 0x1F, 0x80, 0x7E, 0x3F, 0x00,
    0xFC, 0x03, 0xF1, 0xF8, 0x07, 0xE0, 0x1F, 0x80, 0x01, 0xFC, 0x07, 0xF9, 0xF8, 0x3F, 0xF0, 0xFF,
    0xEF, 0xC3, 0xFF, 0x8F, 0xFE, 0x7E, 0x3F, 0xF8, 0xFF, 0xF3, 0xF1, 0xFC, 0x07, 0xF0, 0x9F, 0x8F,
    0xC0, 0x3F, 0x00, 0xFC, 0x7E, 0x01, 0xF8, 0x07, 0xE3, 0xF0, 0x0F, 0xC0, 0x3F, 0x3F, 0xFC, 0xFF,
    0xF1, 0xFF, 0xFF, 0xFF, 0xFF, 0x8F, 0xFF, 0xFF, 0xFF, 0xFC, 0x7F, 0xFF, 0xFF, 0xFF, 0xE3, 0xF1,
    0xF8, 0x07, 0xE0, 0x1F, 0x8F, 0xC0, 0x3F, 0x00, 0xFC, 0x7E, 0x01, 0xF8, 0x07, 0xE3, 0xF0, 0x0F,
    0xC0, 0x3F, 0x1F, 0x80, 0x7E, 0x01, 0xF8, 0xFC, 0x03, 0xF0, 0x0F, 0xC7, 0xE0, 0x1F, 0x80, 0x7E,
    0x3F, 0x00, 0xFC, 0x03, 0xF1, 0xF8, 0x07, 0xE0, 0x1F, 0x8F, 0xC0, 0x3F, 0x00, 0xFC, 0x7E, 0x01,
    0xF8, 0x07, 0xE3, 0xF0, 0x0F, 0xC0, 0x3F, 0x1F, 0x80, 0x7E, 0x01, 0xF8, 0xFC, 0x03, 0xF0, 0x0F,
    0xC7, 0xE0, 0x1F, 0x80, 0x7E, 0x3F, 0x00, 0xFC, 0x03, 0xF1, 0xF8, 0x07, 0xE0, 0x1F, 0x80, 0x03,
    0xFC, 0x00, 0x0F, 0xFF, 0xC0, 0x0F, 0xFF, 0xF8, 0x0F, 0xFF, 0xFC, 0x07, 0xF0, 0xFE, 0x07, 0xF0,
    0x3F, 0x03, 0xF0, 0x1F, 0x81, 0xF8, 0x0F, 0xC0, 0xFC, 0x07, 0xFF, 0xFE, 0x0F, 0xFF, 0xFF, 0x07,
    0xFF, 0xFF, 0x83, 0xFF, 0xFF, 0xC0, 0x7E, 0x07, 0xE0, 0x3F, 0x03, 0xF0, 0x1F, 0x81, 0xF8, 0x0F,
    0xC0, 0xFC, 0x07, 0xE0, 0x7E, 0x03, 0xF0, 0x3F, 0x01, 0xF8, 0x1F, 0x80, 0xFC, 0x0F, 0xC0, 0x7E,
    0x07, 0xE0, 0x3F, 0x03, 0xF0, 0x1F, 0x81, 0xF8, 0x0F, 0xC0, 0xFC, 0x07, 0xF0, 0xFE, 0x01, 0xFF,
    0xFF, 0x00, 0xFF, 0xFF, 0x80, 0x3F, 0xFF, 0xC0, 0x0F, 0xF8, 0x00, 0x07, 0xF8, 0x00, 0x00, 0x1F,
    0xFF, 0x00, 0x00, 0x7F, 0xFF, 0xC0, 0x00, 0x7F, 0xFF, 0xC0, 0x00, 0xFC, 0x1F, 0xC0, 0x00, 0xF8,
    0x0F, 0xC0, 0x00, 0xF8, 0x0F, 0xC0, 0x00, 0xF8, 0x0F, 0xC0, 0x0F, 0xFC, 0x0F, 0xFF, 0x3F, 0xFF,
    0x1F, 0xFF, 0x7F, 0xFE, 0x3F, 0xFF, 0xFF, 0xFE, 0x3F, 0xFF, 0xFC, 0x1C, 0x0F, 0xC0, 0xFC, 0x00,
    0x0F, 0xC0, 0xFE, 0x00, 0x0F, 0xC0, 0xFF, 0x80, 0x0F, 0xC0, 0x7F, 0xE0, 0x0F, 0xC0, 0x7F, 0xF8,
    0x0F, 0xC0, 0x3F, 0xFC, 0x0F, 0xC0, 0x0F, 0xFE, 0x0F, 0xC0, 0x01, 0xFF, 0x0F, 0xC0, 0x00, 0x7F,
    0x0F, 0xC0, 0x00, 0x3F, 0x0F, 0xC0, 0x00, 0x3F, 0x0F, 0xC0, 0xE0, 0x7F, 0x0F, 0xE1, 0xFF, 0xFE,
    0x07, 0xFF, 0xFF, 0xFE, 0x07, 0xFF, 0xFF, 0xFC, 0x03, 0xFF, 0x3F, 0xE0, 0x01, 0xFE, 0x00, 0x00,
    0x00, 0x00, 0x80, 0x00, 0x00, 0x00, 0xF8, 0x80, 0x00, 0x00, 0x7F, 0x3F, 0x00, 0x00, 0x07, 0xE7,
    0xE0, 0x00, 0x00, 0xFC, 0xFC, 0x00, 0x00, 0x1F, 0xFF, 0x00, 0x00, 0x03, 0xFF, 0xE0, 0x00, 0x00,
    0x3F, 0xFC, 0x00, 0x00, 0x07, 0xFF, 0xC0, 0x00, 0x00, 0xFF, 0xF8, 0x00, 0x00, 0x3F, 0xFF, 0xC0,
    0x00, 0x1F, 0xF7, 0xFF, 0xE3, 0xFF, 0xFE, 0xFF, 0xFF, 0xFF, 0xFF, 0x8F, 0xFF, 0xFF, 0xFF, 0xE0,
    0xFF, 0xFF, 0xFF, 0xF8, 0x0F, 0xFF, 0xFF, 0xFC, 0x00, 0x7F, 0xFF, 0xFE, 0x00, 0x00, 0xFF, 0xF0,
    0x00, 0x00, 0x00, 0x00, 0x00, 0x00, 0x00, 0x00, 0x00, 0x00, 0x00, 0x00, 0x00, 0x00, 0x00, 0x01,
    0x83, 0x00, 0x00, 0x00, 0x78, 0xF0, 0x00, 0x00, 0x1F, 0xBF, 0x00, 0x00, 0x03, 0xF7, 0xE0, 0x00,
    0x00, 0x3C, 0x78, 0x00, 0x00, 0x03, 0x0E, 0x00, 0x00, 0x00, 0x0E, 0x00, 0x00, 0x00, 0x03, 0xE0,
    0x00, 0x00, 0x00, 0x7C, 0x00, 0x00, 0x00, 0x0F, 0x80, 0x00, 0x00, 0x01, 0xF0, 0x00, 0x00, 0x00,
    0x1C, 0x00, 0x00, 0x20, 0x00, 0x00, 0x00, 0x00, 0x07, 0xE0, 0x00, 0x00, 0x00, 0x00, 0x7E, 0x00,
    0x00, 0x00, 0x00, 0x07, 0xE0, 0x00, 0x00, 0x0C, 0x00, 0xFC, 0x00, 0x00, 0x00, 0xF0, 0x0F, 0xC0,
    0x00, 0x00, 0x1F, 0xC0, 0xFC, 0x00, 0x00, 0x03, 0xF8, 0x0F, 0xE0, 0x00, 0x00, 0x7F, 0x80, 0xFE,
    0x00, 0x00, 0x1F, 0xF8, 0x0F, 0xF8, 0x00, 0x07, 0xFF, 0xE0, 0x7F, 0xFE, 0x3F, 0xFF, 0xFF, 0xE7,
    0xFF, 0xFF, 0xFF, 0xFF, 0xFF, 0x3F, 0xFF, 0xFF, 0xFF, 0x7F, 0xF1, 0xFF, 0xFF, 0xFF, 0xE3, 0xFF,
    0x0F, 0xFF, 0xFF, 0xF8, 0x3F, 0xF0, 0x3F, 0xFF, 0xFC, 0x00, 0xFE, 0x00, 0x3F, 0xF0, 0x00, 0x00,
    0x00, 0x00, 0x00, 0x00, 0x00, 0x00, 0x00, 0x00, 0x00, 0x00, 0x00, 0x00, 0x00, 0x00, 0x00, 0x00,
    0x00, 0x00, 0x03, 0x0E, 0x00, 0x00, 0x00, 0x00, 0xF9, 0xF0, 0x00, 0x00, 0x00, 0x0F, 0x9F, 0x00,
    0x00, 0x00, 0x00, 0xF9, 0xF0, 0x00, 0x00, 0x00, 0x0F, 0x9F, 0x00, 0x00, 0x00, 0x00, 0x70, 0xE0,
    0x00, 0x00, 0x00, 0x00, 0x60, 0x00, 0x00, 0x00, 0x00, 0x0F, 0x80, 0x00, 0x00, 0x00, 0x00, 0xF8,
    0x00, 0x00, 0x00, 0x00, 0x0F, 0x80, 0x00, 0x00, 0x00, 0x00, 0xF8, 0x00, 0x00, 0x00, 0x00, 0x07,
    0x00, 0x00, 0x00, 0x00, 0x20, 0x1E, 0x03, 0xF8, 0x0F, 0xC0, 0x7E, 0x03, 0xF8, 0x1F, 0xC0, 0x7E,
    0x03, 0xF0, 0x1F, 0x80, 0xFC, 0x07, 0xE0, 0x3F, 0x07, 0xFB, 0xFF, 0xDF, 0xFC, 0xFF, 0xE7, 0xFE,
    0x3F, 0xE1, 0xF8, 0x00, 0x00, 0x00, 0x00, 0x00, 0x07, 0x0E, 0x7C, 0xFB, 0xE7, 0xDF, 0x3E, 0xF9,
    0xF3, 0x87, 0x01, 0x80, 0x1E, 0x01, 0xF8, 0x0F, 0xC0, 0x3C, 0x00, 0xC0, 0x03, 0xC0, 0x00, 0x3F,
    0x00, 0x07, 0xF0, 0x00, 0x7F, 0x00, 0x07, 0xF0, 0x00, 0x7F, 0x00, 0x0F, 0xF0, 0x01, 0xFF, 0x80,
    0xFF, 0xFF, 0xEF, 0xFF, 0xFF, 0xFF, 0xFF, 0xFF, 0xF7, 0xFF, 0xFE, 0x3F, 0xFF, 0x81, 0xFE, 0x00,
    0x00, 0x00, 0x00, 0x00, 0x00, 0x00, 0x01, 0xC3, 0x00, 0x3E, 0x78, 0x03, 0xEF, 0xC0, 0x3E, 0xFC,
    0x03, 0xE7, 0xC0, 0x1C, 0x38, 0x00, 0x18, 0x00, 0x07, 0xC0, 0x00, 0x7E, 0x00, 0x07, 0xE0, 0x00,
    0x7C, 0x00, 0x01, 0x80, 0x00, 0x00, 0x07, 0x00, 0x00, 0x00, 0x00, 0xE0, 0x00, 0x00, 0x00, 0x1C,
    0xC0, 0x00, 0x00, 0x03, 0xFE, 0x00, 0x00, 0x00, 0x7F, 0xC0, 0x00, 0x00, 0x0F, 0x9C, 0x00, 0x00,
    0x01, 0xE3, 0x00, 0x00, 0x00, 0x7F, 0xE0, 0x00, 0x00, 0x0F, 0xFC, 0x00, 0x00, 0x01, 0xFE, 0x00,
    0x00, 0x00, 0x00, 0x00, 0x02, 0x00, 0x00, 0x00, 0x03, 0xE2, 0x00, 0x00, 0x01, 0xFC, 0xFC, 0x00,
    0x00, 0x1F, 0x9F, 0x80, 0x00, 0x03, 0xF3, 0xF0, 0x00, 0x00, 0x7F, 0xFC, 0x00, 0x00, 0x0F, 0xFF,
    0x80, 0x00, 0x00, 0xFF, 0xF0, 0x00, 0x00, 0x1F, 0xFF, 0x00, 0x00, 0x03, 0xFF, 0xE0, 0x00, 0x00,
    0xFF, 0xFF, 0x00, 0x00, 0x7F, 0xDF, 0xFF, 0x8F, 0xFF, 0xFB, 0xFF, 0xFF, 0xFF, 0xFE, 0x3F, 0xFF,
    0xFF, 0xFF, 0x83, 0xFF, 0xFF, 0xFF, 0xE0, 0x3F, 0xFF, 0xFF, 0xF0, 0x01, 0xFF, 0xFF, 0xF8, 0x00,
    0x03, 0xFF, 0xC0, 0x00, 0x00, 0x01, 0x80, 0x00, 0x00, 0x00, 0x00, 0x18, 0x00, 0x00, 0x00, 0x00,
    0x01, 0x98, 0x00, 0x00, 0x00, 0x00, 0x1F, 0xE0, 0x00, 0x00, 0x00, 0x01, 0xFF, 0x00, 0x00, 0x00,
    0x00, 0x1E, 0x70, 0x00, 0x00, 0x00, 0x01, 0xC7, 0x00, 0x00, 0x00, 0x00, 0x7B, 0xF0, 0x00, 0x00,
    0x00, 0x07, 0xFE, 0x00, 0x00, 0x00, 0x00, 0x7F, 0xC0, 0x00, 0x00, 0x00, 0x00, 0x00, 0x00, 0x00,
    0x00, 0x00, 0x00, 0x00, 0x00, 0x00, 0x20, 0x00, 0x00, 0x00, 0x00, 0x07, 0xE0, 0x00, 0x00, 0x00,
    0x00, 0x7E, 0x00, 0x00, 0x00, 0x00, 0x07, 0xE0, 0x00, 0x00, 0x0C, 0x00, 0xFC, 0x00, 0x00, 0x00,
    0xF0, 0x0F, 0xC0, 0x00, 0x00, 0x1F, 0xC0, 0xFC, 0x00, 0x00, 0x03, 0xF8, 0x0F, 0xE0, 0x00, 0x00,
    0x7F, 0x80, 0xFE, 0x00, 0x00, 0x1F, 0xF8, 0x0F, 0xF8, 0x00, 0x07, 0xFF, 0xE0, 0x7F, 0xFE, 0x3F,
    0xFF, 0xFF, 0xE7, 0xFF, 0xFF, 0xFF, 0xFF, 0xFF, 0x3F, 0xFF, 0xFF, 0xFF, 0x7F, 0xF1, 0xFF, 0xFF,
    0xFF, 0xE3, 0xFF, 0x0F, 0xFF, 0xFF, 0xF8, 0x3F, 0xF0, 0x3F, 0xFF, 0xFC, 0x00, 0xFE, 0x00, 0x3F,
    0xF0, 0x00, 0x00, 0x00, 0x70, 0x1C, 0x07, 0x31, 0xFF, 0x7F, 0xDE, 0x77, 0x1F, 0xFF, 0xFF, 0xBF,
    0xC0, 0x00, 0x00, 0x00, 0x00, 0x00, 0x08, 0x3C, 0x3F, 0x87, 0xE1, 0xF8, 0x7F, 0x1F, 0xC3, 0xF0,
    0xFC, 0x3F, 0x0F, 0xC3, 0xF0, 0xFC, 0x7F, 0xFF, 0xFF, 0xEF, 0xFB, 0xFC, 0xFE, 0x3E, 0x00, 0x06,
    0x00, 0x00, 0x70, 0x00, 0x07, 0x30, 0x00, 0x7F, 0x80, 0x07, 0xFC, 0x00, 0x79, 0xC0, 0x07, 0x1C,
    0x01, 0xEF, 0xC0, 0x1F, 0xF8, 0x01, 0xFF, 0x00, 0x00, 0x00, 0x00, 0x00, 0x00, 0x00, 0x00, 0x00,
    0x00, 0x00, 0x00, 0x00, 0x00, 0x3C, 0x00, 0x03, 0xF0, 0x00, 0x7F, 0x00, 0x07, 0xF0, 0x00, 0x7F,
    0x00, 0x07, 0xF0, 0x00, 0xFF, 0x00, 0x1F, 0xF8, 0x0F, 0xFF, 0xFE, 0xFF, 0xFF, 0xFF, 0xFF, 0xFF,
    0xFF, 0x7F, 0xFF, 0xE3, 0xFF, 0xF8, 0x1F, 0xE0, 0x0E, 0x00, 0x00, 0x3F, 0xFC, 0x00, 0x1F, 0xFF,
    0xC0, 0x0F, 0xFF, 0xFC, 0x07, 0xFF, 0xFF, 0xE3, 0xFF, 0xFF, 0xF1, 0xFF, 0xFF, 0xF8, 0x80, 0x3F,
    0xFE, 0x00, 0x03, 0xFF, 0x00, 0x07, 0xFF, 0x80, 0x1F, 0xFF, 0xC0, 0x1F, 0xFF, 0x80, 0x3F, 0xFC,
    0x00, 0x3F, 0xF0, 0x00, 0x3F, 0xE0, 0x00, 0x3F, 0xE0, 0x00, 0x3F, 0xC0, 0x00, 0x1F, 0xC0, 0x00,
    0x1F, 0xC6, 0x30, 0x0F, 0xE3, 0xBC, 0x0F, 0xE1, 0xDE, 0x07, 0xF0, 0xC6, 0x03, 0xF8, 0x0C, 0x01,
    0xFC, 0x0E, 0x00, 0xFE, 0x07, 0x00, 0x7F, 0x01, 0x80, 0x3F, 0xC0, 0x00, 0x1F, 0xF0, 0x00, 0x07,
    0xFE, 0x00, 0xE3, 0xFF, 0xFF, 0xF8, 0xFF, 0xFF, 0xFC, 0x3F, 0xFF, 0xFE, 0x0F, 0xFF, 0xFF, 0x83,
    0xFF, 0xFF, 0xC0, 0x7F, 0xFF, 0x00, 0x03, 0xF8, 0x00, 0x0E, 0x00, 0x00, 0x00, 0x7F, 0xF8, 0x00,
    0x00, 0x7F, 0xFF, 0x00, 0x00, 0x7F, 0xFF, 0xE0, 0x00, 0x7F, 0xFF, 0xFE, 0x00, 0x7F, 0xFF, 0xFE,
    0x00, 0x7F, 0xFF, 0xFE, 0x00, 0x40, 0x1F, 0xFF, 0x00, 0x00, 0x03, 0xFF, 0x00, 0x00, 0x0F, 0xFF,
    0x00, 0x00, 0x7F, 0xFF, 0x00, 0x00, 0xFF, 0xFC, 0x00, 0x03, 0xFF, 0xFE, 0x00, 0x07, 0xFE, 0x3E,
    0x00, 0x0F, 0xF8, 0x3F, 0x80, 0x1F, 0xF0, 0x3F, 0xFC, 0x3F, 0xC0, 0x1F, 0xFE, 0x3F, 0x80, 0x1F,
    0xFF, 0x7F, 0x18, 0xCF, 0xFE, 0x7F, 0x1D, 0xE7, 0xFE, 0xFE, 0x1D, 0xE1, 0xFC, 0xFE, 0x18, 0xC0,
    0x00, 0xFE, 0x03, 0x00, 0x00, 0xFE, 0x07, 0x00, 0x00, 0xFE, 0x07, 0x00, 0x00, 0xFE, 0x03, 0x00,
    0x00, 0xFF, 0x00, 0x00, 0x00, 0xFF, 0x80, 0x00, 0x00, 0x7F, 0xE0, 0x0E, 0x00, 0x7F, 0xFF, 0xFF,
    0x00, 0x3F, 0xFF, 0xFF, 0x00, 0x1F, 0xFF, 0xFF, 0x00, 0x0F, 0xFF, 0xFF, 0x80, 0x07, 0xFF, 0xFF,
    0x80, 0x01, 0xFF, 0xFC, 0x00, 0x00, 0x1F, 0xC0, 0x00, 0x3F, 0xF0, 0x00, 0x3F, 0xFE, 0x00, 0x3F,
    0xFF, 0x80, 0x3F, 0xFF, 0xE0, 0x1F, 0xFF, 0xFE, 0x1F, 0xFF, 0xFE, 0x1F, 0xFF, 0xFE, 0x00, 0x03,
    0xFE, 0x00, 0x01, 0xFF, 0x00, 0x07, 0xFF, 0x00, 0x3F, 0xF8, 0x03, 0xFF, 0xF0, 0xFF, 0xFF, 0xC0,
    0xFF, 0xFF, 0x80, 0xFF, 0xFE, 0x00, 0xFF, 0xF8, 0x00, 0xFF, 0xE0, 0x00, 0xFE, 0x00, 0x00, 0x00,
    0x00, 0x00, 0x00, 0x00, 0x00, 0x00, 0x00, 0x00, 0x01, 0xC3, 0x00, 0x03, 0xE7, 0xC0, 0x03, 0xE7,
    0xC0, 0x03, 0xE7, 0xC0, 0x03, 0xE7, 0xC0, 0x01, 0xC3, 0x80, 0x00, 0x18, 0x00, 0x00, 0x3C, 0x00,
    0x00, 0x7E, 0x00, 0x00, 0x7E, 0x00, 0x00, 0x3C, 0x00, 0x00, 0x18, 0x00, 0x3F, 0xF0, 0x00, 0x01,
    0xFF, 0xF0, 0x00, 0x0F, 0xFF, 0xE0, 0x00, 0x7F, 0xFF, 0xC0, 0x01, 0xFF, 0xFF, 0xE0, 0x0F, 0xFF,
    0xFF, 0x00, 0x7F, 0xFF, 0xF8, 0x00, 0x00, 0x7F, 0xC0, 0x00, 0x01, 0xFF, 0x00, 0x00, 0x3F, 0xF8,
    0x00, 0x0F, 0xFE, 0x00, 0x07, 0xFF, 0xFC, 0x0F, 0xFF, 0xFF, 0xFF, 0x7F, 0xFF, 0xFF, 0xFF, 0xFF,
    0xF8, 0xFF, 0xFF, 0xFF, 0x07, 0xFF, 0xFF, 0xE0, 0x1F, 0xFF, 0xF0, 0x00, 0x3F, 0x80, 0x00, 0x00,
    0x00, 0x00, 0x00, 0x00, 0x00, 0x00, 0x00, 0x00, 0x00, 0xC3, 0x80, 0x00, 0x1F, 0x3E, 0x00, 0x00,
    0xF9, 0xF0, 0x00, 0x07, 0xCF, 0x80, 0x00, 0x3E, 0x7C, 0x00, 0x00, 0xE1, 0xC0, 0x00, 0x00, 0x60,
    0x00, 0x00, 0x07, 0xC0, 0x00, 0x00, 0x7E, 0x00, 0x00, 0x03, 0xF0, 0x00, 0x00, 0x0F, 0x80, 0x00,
    0x00, 0x30, 0x00, 0x00, 0x1C, 0x00, 0x0E, 0x00, 0x07, 0x30, 0x03, 0xFC, 0x01, 0xFF, 0x00, 0xF3,
    0x80, 0x71, 0xC0, 0x7F, 0xE0, 0x3F, 0xE0, 0x1F, 0xE0, 0x00, 0x00, 0x00, 0x00, 0x00, 0x00, 0x00,
    0x01, 0x80, 0x01, 0xE0, 0x03, 0xF0, 0x07, 0xFC, 0x01, 0xFE, 0x00, 0x7F, 0x80, 0x3F, 0xC0, 0x0F,
    0xF0, 0x07, 0xF8, 0x01, 0xFC, 0x00, 0xFF, 0x00, 0x3F, 0x80, 0x1F, 0xC8, 0x1F, 0xE7, 0xFF, 0xF7,
    0xFF, 0xFB, 0xFF, 0xFD, 0xFF, 0xFD, 0xFF, 0xFC, 0xFF, 0xFC, 0x0F, 0xF8, 0x00, 0x1C, 0x00, 0x00,
    0x1C, 0x00, 0x00, 0x1C, 0xC0, 0x00, 0x1F, 0xE0, 0x00, 0x1F, 0xF0, 0x00, 0x1E, 0x70, 0x00, 0x1C,
    0x70, 0x00, 0x3F, 0xF0, 0x00, 0x3F, 0xE0, 0x00, 0x3F, 0xC0, 0x00, 0x00, 0x00, 0x00, 0x00, 0x00,
    0x00, 0x00, 0x00, 0x00, 0x00, 0x30, 0x00, 0x00, 0x78, 0x00, 0x01, 0xF8, 0x00, 0x07, 0xFC, 0x00,
    0x03, 0xFC, 0x00, 0x01, 0xFE, 0x00, 0x01, 0xFE, 0x00, 0x00, 0xFF, 0x00, 0x00, 0xFF, 0x00, 0x00,
    0x7F, 0x00, 0x00, 0x7F, 0x80, 0x00, 0x3F, 0x80, 0x00, 0x3F, 0x80, 0x20, 0x7F, 0xC0, 0x3F, 0xFF,
    0xE0, 0x7F, 0xFF, 0xFE, 0x7F, 0xFF, 0xFF, 0x7F, 0xFF, 0xFF, 0xFF, 0xFF, 0xFF, 0xFF, 0xFD, 0xFF,
    0x3F, 0xF0, 0x7E, 0x01, 0x00, 0x0F, 0x00, 0x7C, 0x01, 0xF8, 0x07, 0xC0, 0x0E, 0x01, 0xC3, 0x0F,
    0x9E, 0x3E, 0xFC, 0xF9, 0xF3, 0xE7, 0x87, 0x0C, 0x00, 0x00, 0x00, 0x00, 0x00, 0x00, 0x08, 0x00,
    0x70, 0x07, 0xC0, 0x7F, 0x80, 0xFE, 0x03, 0xF8, 0x07, 0xF0, 0x1F, 0xC0, 0x3F, 0x00, 0xFC, 0x03,
    0xF0, 0x0F, 0xC0, 0x3F, 0x01, 0xFC, 0x07, 0xF0, 0x3F, 0xC1, 0xFE, 0x1F, 0xF1, 0xFF, 0xCF, 0xFE,
    0x3F, 0xF0, 0x7F, 0x81, 0xF8, 0x07, 0x80, 0x08, 0x00, 0x01, 0x00, 0x00, 0x3E, 0x00, 0x01, 0xF0,
    0x00, 0x0F, 0x80, 0x00, 0x7C, 0x00, 0x01, 0xC0, 0x00, 0x70, 0xC0, 0x07, 0xCF, 0x00, 0x3E, 0xFC,
    0x01, 0xF7, 0xE0, 0x0F, 0x9E, 0x00, 0x38, 0x60, 0x00, 0x00, 0x00, 0x00, 0x00, 0x00, 0x00, 0x00,
    0x00, 0x04, 0x00, 0x00, 0x70, 0x00, 0x0F, 0x80, 0x01, 0xFC, 0x00, 0x07, 0xF0, 0x00, 0x3F, 0x80,
    0x00, 0xFE, 0x00, 0x07, 0xF0, 0x00, 0x1F, 0x80, 0x00, 0xFF, 0x00, 0x07, 0xFF, 0x80, 0x3F, 0xFE,
    0x01, 0xFF, 0xF0, 0x1F, 0xFF, 0x80, 0xFF, 0xFC, 0x0F, 0xE7, 0xC0, 0xFF, 0x00, 0x1F, 0xF0, 0x03,
    0xFF, 0x80, 0x3F, 0xF8, 0x01, 0xFF, 0x80, 0x07, 0xF8, 0x00, 0x3F, 0x00, 0x01, 0xE0, 0x00, 0x04,
    0x00, 0x00, 0x0C, 0x00, 0x30, 0x00, 0xEC, 0x03, 0xFC, 0x0F, 0xF8, 0x3C, 0xE0, 0xE3, 0x8F, 0x7E,
    0x3F, 0xF0, 0xFF, 0x80, 0x00, 0x00, 0x00, 0x00, 0x00, 0x00, 0x00, 0x02, 0x00, 0x1C, 0x01, 0xF0,
    0x1F, 0xE0, 0x3F, 0x80, 0xFE, 0x01, 0xFC, 0x07, 0xF0, 0x0F, 0xC0, 0x3F, 0x00, 0xFC, 0x03, 0xF0,
    0x0F, 0xC0, 0x7F, 0x01, 0xFC, 0x0F, 0xF0, 0x7F, 0x87, 0xFC, 0x7F, 0xF3, 0xFF, 0x8F, 0xFC, 0x1F,
    0xE0, 0x7E, 0x01, 0xE0, 0x02, 0x00, 0x00, 0x0C, 0x00, 0x00, 0x60, 0x00, 0x03, 0x38, 0x00, 0x1F,
    0xE0, 0x00, 0xFF, 0x80, 0x07, 0x9C, 0x00, 0x38, 0xE0, 0x07, 0xBE, 0x00, 0x3F, 0xF0, 0x01, 0xFE,
    0x00, 0x00, 0x00, 0x00, 0x00, 0x00, 0x00, 0x00, 0x00, 0x00, 0x00, 0x00, 0x00, 0x80, 0x00, 0x0E,
    0x00, 0x01, 0xF0, 0x00, 0x3F, 0x80, 0x00, 0xFE, 0x00, 0x07, 0xF0, 0x00, 0x1F, 0xC0, 0x00, 0xFE,
    0x00, 0x03, 0xF0, 0x00, 0x1F, 0xE0, 0x00, 0xFF, 0xF0, 0x07, 0xFF, 0xC0, 0x3F, 0xFE, 0x03, 0xFF,
    0xF0, 0x1F, 0xFF, 0x81, 0xFC, 0xF8, 0x1F, 0xE0, 0x03, 0xFE, 0x00, 0x7F, 0xF0, 0x07, 0xFF, 0x00,
    0x3F, 0xF0, 0x00, 0xFF, 0x00, 0x07, 0xE0, 0x00, 0x3C, 0x00, 0x00, 0x80, 0x00, 0x00, 0x00, 0x00,
    0x00, 0x01, 0x00, 0x00, 0x00, 0x00, 0xF0, 0x00, 0x00, 0x00, 0x7E, 0x00, 0x00, 0x00, 0x3F, 0xE0,
    0x00, 0x00, 0x1F, 0xFC, 0x00, 0x00, 0x0F, 0xFF, 0xC0, 0x00, 0x03, 0xFF, 0xC0, 0x00, 0x00, 0xFF,
    0xE0, 0x00, 0x00, 0x3F, 0xF0, 0x00, 0x00, 0x07, 0xF8, 0x00, 0x00, 0x00, 0xFE, 0x00, 0x00, 0x00,
    0x1F, 0xE0, 0x03, 0x00, 0x03, 0xFE, 0x00, 0xFC, 0x00, 0x3F, 0xE0, 0x1F, 0x80, 0x03, 0xFE, 0x03,
    0xF0, 0x00, 0x3F, 0xC0, 0x7E, 0x00, 0x03, 0xFC, 0x1F, 0x80, 0x00, 0x3F, 0xC3, 0xF0, 0x00, 0x03,
    0xF8, 0x7F, 0x00, 0x00, 0x7F, 0x0F, 0xE0, 0x00, 0x07, 0xE1, 0xFF, 0x00, 0x01, 0xFC, 0x1F, 0xFF,
    0x8F, 0xFF, 0x83, 0xFF, 0xFF, 0xFF, 0xF0, 0x3F, 0xFF, 0xFF, 0xFC, 0x03, 0xFF, 0xFF, 0xFF, 0x80,
    0x3F, 0xFF, 0xFF, 0xC0, 0x01, 0xFF, 0xFF, 0xE0, 0x00, 0x01, 0xFF, 0x80, 0x00, 0x00, 0x00, 0x00,
    0x01, 0x00, 0x00, 0x00, 0x00, 0x1E, 0x00, 0x00, 0x00, 0x00, 0xFE, 0x00, 0x00, 0x00, 0x07, 0xFC,
    0x00, 0x00, 0x00, 0x1F, 0xFC, 0x00, 0x00, 0x00, 0xFF, 0xF8, 0x00, 0x00, 0x03, 0xFF, 0xC0, 0x00,
    0x00, 0x1F, 0xFE, 0x00, 0x00, 0x00, 0x3F, 0xF0, 0x00, 0x00, 0x00, 0x7F, 0x80, 0x00, 0x00, 0x00,
    0xFE, 0x00, 0x00, 0x00, 0x01, 0xFE, 0x00, 0x03, 0x00, 0x03, 0xFC, 0x00, 0x0F, 0xC0, 0x03, 0xFC,
    0x00, 0x1F, 0x80, 0x03, 0xFC, 0x00, 0x3F, 0x00, 0x03, 0xFC, 0x00, 0x7E, 0x00, 0x03, 0xF8, 0x01,
    0xF8, 0x00, 0x03, 0xF8, 0x03, 0xF0, 0x00, 0x03, 0xF8, 0x07, 0xF0, 0x00, 0x07, 0xF0, 0x0F, 0xE0,
    0x00, 0x0F, 0xF0, 0x1F, 0xF0, 0x00, 0x1F, 0xF0, 0x1F, 0xFF, 0x87, 0xFF, 0xFF, 0x3F, 0xFF, 0xFF,
    0xFF, 0xFF, 0x3F, 0xFF, 0xFF, 0xFF, 0xFE, 0x3F, 0xFF, 0xFF, 0xFF, 0xFC, 0x3F, 0xFF, 0xFF, 0xCF,
    0xF8, 0x1F, 0xFF, 0xFE, 0x0F, 0xE0, 0x01, 0xFF, 0x80, 0x00, 0x00, 0x00, 0x02, 0x00, 0x03, 0xC0,
    0x03, 0xF0, 0x03, 0xFE, 0x03, 0xFF, 0x83, 0xFF, 0xF1, 0xFF, 0xE0, 0xFF, 0xE0, 0x7F, 0xE0, 0x1F,
    0xE0, 0x07, 0xF0, 0x01, 0xFE, 0x00, 0x7F, 0xC0, 0x0F, 0xF8, 0x01, 0xFF, 0x00, 0x3F, 0xE0, 0x07,
    0xF8, 0x00, 0xFF, 0x00, 0x1F, 0xC0, 0x07, 0xF0, 0x00, 0xFC, 0x00, 0x7F, 0x8F, 0xFF, 0xC3, 0xFF,
    0xF0, 0xFF, 0xFC, 0x3F, 0xFE, 0x0F, 0xFE, 0x03, 0xFE, 0x00, 0x00, 0x02, 0x00, 0x00, 0x1E, 0x00,
    0x00, 0xFC, 0x00, 0x07, 0xFC, 0x00, 0x3F, 0xF8, 0x01, 0xFF, 0xF8, 0x07, 0xFF, 0x80, 0x1F, 0xFC,
    0x00, 0x7F, 0xE0, 0x00, 0xFF, 0x00, 0x01, 0xFC, 0x00, 0x03, 0xFC, 0x00, 0x07, 0xFC, 0x00, 0x07,
    0xFC, 0x00, 0x07, 0xF8, 0x00, 0x07, 0xF8, 0x00, 0x07, 0xF8, 0x00, 0x07, 0xF0, 0x00, 0x07, 0xF0,
    0x00, 0x0F, 0xE0, 0x00, 0x0F, 0xE0, 0x00, 0x3F, 0xE0, 0x3F, 0xFF, 0xFE, 0x7F, 0xFF, 0xFE, 0xFF,
    0xFF, 0xFD, 0xFF, 0xFF, 0xFF, 0xFF, 0x9F, 0xF7, 0xFC, 0x1F, 0xC0, 0x00, 0x00, 0x00, 0x08, 0x00,
    0x00, 0x00, 0x03, 0x00, 0x00, 0x00, 0x01, 0xF0, 0x00, 0x00, 0x00, 0xFE, 0x00, 0x00, 0x00, 0x7F,
    0xE0, 0x00, 0x00, 0x3F, 0xF8, 0x00, 0x00, 0x1F, 0xFC, 0x00, 0x00, 0x07, 0xFE, 0x08, 0x00, 0x00,
    0x7F, 0x07, 0x80, 0x00, 0x0F, 0x83, 0xF0, 0x00, 0x00, 0xC1, 0xFF, 0x00, 0x00, 0x00, 0xFF, 0xE0,
    0x00, 0x00, 0x7F, 0xFE, 0x00, 0x00, 0x1F, 0xFE, 0x00, 0x00, 0x07, 0xFF, 0x00, 0x00, 0x01, 0xFF,
    0x80, 0x00, 0x00, 0x3F, 0xC0, 0x00, 0x00, 0x07, 0xF0, 0x00, 0x00, 0x00, 0xFF, 0x00, 0x18, 0x00,
    0x1F, 0xF0, 0x07, 0xE0, 0x01, 0xFF, 0x00, 0xFC, 0x00, 0x1F, 0xF0, 0x1F, 0x80, 0x01, 0xFE, 0x03,
    0xF0, 0x00, 0x1F, 0xE0, 0xFC, 0x00, 0x01, 0xFE, 0x1F, 0x80, 0x00, 0x1F, 0xC3, 0xF8, 0x00, 0x03,
    0xF8, 0x7F, 0x00, 0x00, 0x3F, 0x0F, 0xF8, 0x00, 0x0F, 0xE0, 0xFF, 0xFC, 0x7F, 0xFC, 0x1F, 0xFF,
    0xFF, 0xFF, 0x81, 0xFF, 0xFF, 0xFF, 0xE0, 0x1F, 0xFF, 0xFF, 0xFC, 0x01, 0xFF, 0xFF, 0xFE, 0x00,
    0x0F, 0xFF, 0xFF, 0x00, 0x00, 0x0F, 0xFC, 0x00, 0x00, 0x00, 0x00, 0x00, 0x08, 0x00, 0x00, 0x00,
    0x00, 0x30, 0x00, 0x00, 0x00, 0x01, 0xF0, 0x00, 0x00, 0x00, 0x0F, 0xE0, 0x00, 0x00, 0x00, 0x7F,
    0xE0, 0x00, 0x00, 0x03, 0xFF, 0x80, 0x00, 0x00, 0x1F, 0xFC, 0x00, 0x00, 0x00, 0x7F, 0xE0, 0x80,
    0x00, 0x00, 0x7F, 0x0F, 0x00, 0x00, 0x00, 0xF8, 0x7F, 0x00, 0x00, 0x00, 0xC3, 0xFE, 0x00, 0x00,
    0x00, 0x0F, 0xFE, 0x00, 0x00, 0x00, 0x7F, 0xFC, 0x00, 0x00, 0x01, 0xFF, 0xE0, 0x00, 0x00, 0x0F,
    0xFF, 0x00, 0x00, 0x00, 0x1F, 0xF8, 0x00, 0x00, 0x00, 0x3F, 0xC0, 0x00, 0x00, 0x00, 0x7F, 0x00,
    0x00, 0x00, 0x00, 0xFF, 0x00, 0x01, 0x80, 0x01, 0xFE, 0x00, 0x07, 0xE0, 0x01, 0xFE, 0x00, 0x0F,
    0xC0, 0x01, 0xFE, 0x00, 0x1F, 0x80, 0x01, 0xFE, 0x00, 0x3F, 0x00, 0x01, 0xFC, 0x00, 0xFC, 0x00,
    0x01, 0xFC, 0x01, 0xF8, 0x00, 0x01, 0xFC, 0x03, 0xF8, 0x00, 0x03, 0xF8, 0x07, 0xF0, 0x00, 0x07,
    0xF8, 0x0F, 0xF8, 0x00, 0x0F, 0xF8, 0x0F, 0xFF, 0xC3, 0xFF, 0xFF, 0x9F, 0xFF, 0xFF, 0xFF, 0xFF,
    0x9F, 0xFF, 0xFF, 0xFF, 0xFF, 0x1F, 0xFF, 0xFF, 0xFF, 0xFE, 0x1F, 0xFF, 0xFF, 0xE7, 0xFC, 0x0F,
    0xFF, 0xFF, 0x07, 0xF0, 0x00, 0xFF, 0xC0, 0x00, 0x00, 0x00, 0x08, 0x00, 0x03, 0x00, 0x01, 0xF0,
    0x00, 0xFE, 0x00, 0x7F, 0xE0, 0x3F, 0xF8, 0x1F, 0xFC, 0x07, 0xFE, 0x08, 0x7F, 0x07, 0x8F, 0x83,
    0xF0, 0xC1, 0xFF, 0x00, 0xFF, 0xE0, 0x7F, 0xFE, 0x1F, 0xFE, 0x07, 0xFF, 0x01, 0xFF, 0x80, 0x3F,
    0xC0, 0x07, 0xF0, 0x00, 0xFF, 0x00, 0x1F, 0xF0, 0x01, 0xFF, 0x00, 0x1F, 0xF0, 0x01, 0xFF, 0x00,
    0x1F, 0xE0, 0x01, 0xFE, 0x00, 0x1F, 0xC0, 0x03, 0xF8, 0x00, 0x3F, 0x00, 0x0F, 0xF0, 0xFF, 0xFC,
    0x1F, 0xFF, 0x83, 0xFF, 0xF0, 0x7F, 0xFC, 0x0F, 0xFE, 0x01, 0xFF, 0x00, 0x00, 0x00, 0x08, 0x00,
    0x00, 0x18, 0x00, 0x00, 0x7C, 0x00, 0x01, 0xFC, 0x00, 0x07, 0xFE, 0x00, 0x1F, 0xFC, 0x00, 0x7F,
    0xF0, 0x00, 0xFF, 0xC1, 0x00, 0x7F, 0x07, 0x80, 0x7C, 0x1F, 0x80, 0x30, 0x7F, 0xC0, 0x01, 0xFF,
    0xC0, 0x07, 0xFF, 0xE0, 0x0F, 0xFF, 0x00, 0x1F, 0xFC, 0x00, 0x3F, 0xF0, 0x00, 0x3F, 0xC0, 0x00,
    0x3F, 0x80, 0x00, 0x3F, 0xC0, 0x00, 0x3F, 0xE0, 0x00, 0x1F, 0xF0, 0x00, 0x0F, 0xF0, 0x00, 0x07,
    0xF8, 0x00, 0x03, 0xFC, 0x00, 0x01, 0xFC, 0x00, 0x00, 0xFE, 0x00, 0x00, 0xFE, 0x00, 0x00, 0x7F,
    0x00, 0x00, 0xFF, 0x80, 0x7F, 0xFF, 0xFC, 0x7F, 0xFF, 0xFE, 0x7F, 0xFF, 0xFE, 0x7F, 0xFF, 0xFF,
    0x7F, 0xF3, 0xFE, 0x7F, 0xC1, 0xFC, 0x00, 0x00, 0x04, 0x00, 0x00, 0x1F, 0x00, 0x00, 0x3F, 0x80,
    0x00, 0x1F, 0xE0, 0x00, 0x07, 0xF1, 0x00, 0x03, 0xF9, 0xF0, 0x01, 0xFC, 0xFE, 0x00, 0x7F, 0x7E,
    0x00, 0x3F, 0xFF, 0x00, 0x1F, 0xFF, 0x80, 0x0F, 0xFF, 0xC0, 0x07, 0xFF, 0xC0, 0x03, 0xFF, 0xF0,
    0x01, 0xFF, 0xF8, 0x00, 0xFF, 0xFC, 0x00, 0xFE, 0xFF, 0x00, 0xFF, 0x3F, 0xFF, 0xFF, 0x9F, 0xFF,
    0xFF, 0x87, 0xFF, 0xFF, 0x83, 0xFF, 0xFF, 0xC0, 0x7F, 0xFF, 0x80, 0x0F, 0xFF, 0x00, 0x00, 0x7C,
    0x00, 0x00, 0x00, 0x0E, 0x00, 0x00, 0x00, 0x7E, 0x00, 0x00, 0x00, 0x7F, 0x00, 0x00, 0x00, 0x7F,
    0x00, 0x20, 0x00, 0x3F, 0x00, 0x7C, 0x00, 0x3F, 0x80, 0x7F, 0x00, 0x3F, 0x80, 0x7E, 0x00, 0x3F,
    0xC0, 0xFE, 0x00, 0x3F, 0xFE, 0xFE, 0x00, 0x1F, 0xFF, 0xFE, 0x00, 0x3F, 0xFF, 0xFC, 0x00, 0x3F,
    0xFF, 0xFE, 0x00, 0x3F, 0xFF, 0xFE, 0x00, 0x3F, 0xFE, 0xFE, 0x00, 0x7F, 0x00, 0xFF, 0x80, 0xFF,
    0x00, 0x7F, 0xFF, 0xFE, 0x00, 0x7F, 0xFF, 0xFE, 0x00, 0x3F, 0xFF, 0xFC, 0x00, 0x3F, 0xFF, 0xF8,
    0x00, 0x0F, 0xFF, 0xF0, 0x00, 0x03, 0xFF, 0xC0, 0x00, 0x00, 0x3C, 0x00, 0x00, 0x03, 0x00, 0x03,
    0xC0, 0x01, 0xF0, 0x01, 0xFC, 0x01, 0xFF, 0x00, 0x7F, 0xC0, 0x3F, 0xF0, 0x3F, 0xFC, 0x3F, 0xFE,
    0x1F, 0xBF, 0x9F, 0x8F, 0xCF, 0x83, 0xFF, 0xC1, 0xFF, 0xE0, 0xFF, 0xF0, 0x7F, 0xF8, 0x7F, 0xFF,
    0xFF, 0x7F, 0xFF, 0x9F, 0xFF, 0xCF, 0xFF, 0xC3, 0xFF, 0xC0, 0x7F, 0x80, 0x00, 0x7E, 0x00, 0x00,
    0x7F, 0xF0, 0x00, 0x1F, 0xFF, 0x00, 0x0F, 0xFF, 0xE0, 0x03, 0xFF, 0xFC, 0x00, 0x7F, 0xFF, 0xC0,
    0x1F, 0xF3, 0xF8, 0x03, 0xF8, 0x3F, 0x80, 0x7E, 0x07, 0xF0, 0x1F, 0xC0, 0x7F, 0x01, 0xF8, 0x0F,
    0xFF, 0x3F, 0x00, 0xFF, 0xF7, 0xE0, 0x1F, 0xFE, 0xFE, 0x01, 0xFF, 0xCF, 0x80, 0x1F, 0xF9, 0x80,
    0x00, 0xFE, 0x00, 0x83, 0xC3, 0xF8, 0x7E, 0x1F, 0x87, 0xF1, 0xFC, 0x3F, 0x0F, 0xC3, 0xF0, 0xFC,
    0x3F, 0x0F, 0xC7, 0xFF, 0xFF, 0xFE, 0xFF, 0xBF, 0xCF, 0xE3, 0xE0, 0x02, 0x01, 0xC0, 0xF0, 0x38,
    0x1F, 0x87, 0xE0, 0xF0, 0x04, 0x00, 0x00, 0x1F, 0x00, 0x00, 0x7E, 0x00, 0x01, 0xFC, 0x00, 0x0F,
    0xF8, 0x0F, 0xDF, 0xF0, 0x7F, 0xBF, 0xE1, 0xFF, 0xFF, 0xC7, 0xFF, 0xFF, 0x9F, 0xFD, 0xDF, 0x3F,
    0xF8, 0x3F, 0x7E, 0x00, 0x7E, 0xF8, 0x00, 0x7F, 0xE0, 0x00, 0xFF, 0xC0, 0x01, 0xFF, 0x80, 0x01,
    0xFF, 0x00, 0x03, 0xFE, 0x00, 0x03, 0xFC, 0x00, 0x03, 0xF0, 0x00, 0x03, 0x00, 0x00, 0x00, 0x30,
    0x00, 0x00, 0x07, 0x80, 0x00, 0x01, 0xF8, 0x00, 0x00, 0x7F, 0xC0, 0x00, 0x0F, 0xFC, 0x00, 0x00,
    0x7F, 0xC0, 0x00, 0x1F, 0xFC, 0x00, 0x07, 0xFF, 0xE0, 0x01, 0xFF, 0xFE, 0x00, 0x3E, 0x3F, 0xE0,
    0x07, 0xC7, 0xFE, 0x00, 0xF8, 0xFF, 0xE0, 0x1F, 0x1F, 0xFC, 0x03, 0xE3, 0xEF, 0xC0, 0x7E, 0xFC,
    0xF8, 0x07, 0xFF, 0x1F, 0x3F, 0xFF, 0xE7, 0xE7, 0xFF, 0xFF, 0xFD, 0xFF, 0xFF, 0xFF, 0xBF, 0xFF,
    0xFF, 0xF7, 0xFF, 0xFF, 0xFD, 0xFF, 0xE1, 0xFE, 0x00, 0x00, 0x03, 0xF8, 0x00, 0x00, 0x1F, 0xF0,
    0x00, 0x00, 0xFF, 0xE0, 0x00, 0x07, 0xFF, 0x80, 0x00, 0x3F, 0xFF, 0x00, 0x00, 0xFC, 0xFC, 0x00,
    0x07, 0xF3, 0xF0, 0x00, 0x1F, 0x8F, 0xC0, 0x00, 0xFE, 0x3F, 0x00, 0x03, 0xF0, 0xF8, 0x00, 0x0F,
    0xC7, 0xE0, 0x00, 0x3F, 0x1F, 0x00, 0x01, 0xFD, 0xFC, 0x00, 0xFF, 0xFF, 0xFF, 0xE7, 0xFF, 0xFF,
    0xFF, 0xDF, 0xFF, 0xFF, 0xFF, 0x7F, 0xFF, 0xFF, 0xFD, 0xFF, 0xF8, 0xFF, 0xFF, 0xFF, 0xC1, 0xFF,
    0x80, 0x3F, 0x03, 0xE0, 0x00, 0xFE, 0x1F, 0xC0, 0x03, 0xF8, 0x7F, 0x00, 0x07, 0xFF, 0xF8, 0x00,
    0x1F, 0xFF, 0xE0, 0x00, 0x3F, 0xFF, 0x00, 0x00, 0x7F, 0xF8, 0x00, 0x00, 0x7F, 0xC0, 0x00, 0x03,
    0x00, 0x00, 0x0F, 0x00, 0x00, 0x3F, 0x00, 0x00, 0x7F, 0x80, 0x01, 0xFF, 0x80, 0x00, 0xFF, 0xC0,
    0x03, 0xFF, 0xC0, 0x0F, 0xFF, 0xC0, 0x1F, 0xFF, 0xC0, 0x7E, 0x7F, 0xC0, 0xF8, 0xFF, 0xC1, 0xF1,
    0xFF, 0xC3, 0xE3, 0xFF, 0xC7, 0xE7, 0xDF, 0x8F, 0xDF, 0x9F, 0x8F, 0xFF, 0x3F, 0xFF, 0xFC, 0x7F,
    0xFF, 0xFF, 0xFF, 0xFF, 0xFF, 0xF7, 0xFF, 0xFF, 0xEF, 0xFF, 0xFF, 0x9F, 0x83, 0xFE, 0x00, 0x00,
    0x7F, 0x00, 0x00, 0x7F, 0xC0, 0x00, 0x7F, 0xF0, 0x00, 0x7F, 0xF8, 0x00, 0x7F, 0xFE, 0x00, 0x3F,
    0x3F, 0x00, 0x3F, 0x9F, 0x80, 0x1F, 0x8F, 0xC0, 0x1F, 0xC7, 0xE0, 0x0F, 0xC3, 0xE0, 0x07, 0xE3,
    0xF0, 0x03, 0xF1, 0xF8, 0x01, 0xFB, 0xF8, 0x07, 0xFF, 0xFF, 0xFB, 0xFF, 0xFF, 0xFF, 0xFF, 0xFF,
    0xFF, 0xFF, 0xFF, 0xFF, 0xFF, 0xE3, 0xFF, 0xFF, 0xE0, 0xFF, 0xC3, 0xF0, 0x3E, 0x01, 0xFC, 0x1F,
    0x80, 0xFE, 0x1F, 0xC0, 0x3F, 0xFF, 0xC0, 0x1F, 0xFF, 0xE0, 0x07, 0xFF, 0xE0, 0x01, 0xFF, 0xF0,
    0x00, 0x3F, 0xE0, 0x00, 0x00, 0x3F, 0x00, 0x00, 0x00, 0x3F, 0xC0, 0x00, 0x00, 0x3F, 0xF0, 0x00,
    0x00, 0x3F, 0xF8, 0x00, 0x00, 0x3F, 0xFE, 0x00, 0x00, 0x3F, 0xBF, 0x00, 0x00, 0x3F, 0xCF, 0xC0,
    0x00, 0x3F, 0xC7, 0xE0, 0x00, 0x3F, 0xC1, 0xF0, 0x00, 0x3F, 0xC0, 0xFC, 0x00, 0x1F, 0xC0, 0x60,
    0x00, 0x1F, 0xC0, 0x00, 0x00, 0x0F, 0xE0, 0x00, 0x00, 0x07, 0xF0, 0x00, 0x00, 0x07, 0xFF, 0x00,
    0x03, 0xFD, 0xFF, 0xFF, 0xFF, 0xFE, 0x7F, 0xFF, 0xFF, 0xFF, 0x1F, 0xFF, 0xFF, 0xFF, 0x87, 0xFF,
    0xFF, 0xFF, 0xC0, 0xFF, 0xFF, 0xFF, 0xC0, 0x03, 0xFF, 0xE0, 0x00, 0x00, 0x0F, 0xFE, 0x01, 0xFF,
    0xFF, 0x07, 0xFF, 0xFF, 0x1F, 0xFF, 0xFF, 0x3F, 0xFF, 0xFF, 0x7F, 0xFF, 0xFE, 0x7F, 0xFC, 0x00,
    0xFF, 0x80, 0x00, 0xFE, 0x00, 0x00, 0xFE, 0x00, 0x00, 0xFF, 0x80, 0x00, 0xFF, 0xFF, 0xFC, 0x7F,
    0xFF, 0xFC, 0x7F, 0xFF, 0xFC, 0x3F, 0xFF, 0xFC, 0x0F, 0xFF, 0xFC, 0x01, 0xFF, 0xFC, 0x01, 0x00,
    0x00, 0x00, 0x07, 0xC0, 0x00, 0x00, 0x03, 0xE0, 0x00, 0x00, 0x03, 0x80, 0x00, 0x00, 0x01, 0xC0,
    0x00, 0x00, 0x00, 0xF0, 0x00, 0x00, 0x00, 0x3F, 0x80, 0x00, 0x00, 0x3F, 0xC0, 0x00, 0x00, 0x1F,
    0xC0, 0x00, 0x00, 0x0F, 0x00, 0x00, 0x00, 0x00, 0x0F, 0xC0, 0x00, 0x00, 0x0F, 0xF0, 0x00, 0x00,
    0x0F, 0xFC, 0x00, 0x00, 0x0F, 0xFE, 0x00, 0x00, 0x0F, 0xFF, 0x80, 0x00, 0x0F, 0xEF, 0xC0, 0x00,
    0x0F, 0xF3, 0xF0, 0x00, 0x0F, 0xF1, 0xF8, 0x00, 0x0F, 0xF0, 0x7C, 0x00, 0x0F, 0xF0, 0x3F, 0x00,
    0x07, 0xF0, 0x18, 0x00, 0x07, 0xF0, 0x00, 0x00, 0x03, 0xF8, 0x00, 0x00, 0x01, 0xFC, 0x00, 0x00,
    0x01, 0xFF, 0xC0, 0x00, 0xFF, 0x7F, 0xFF, 0xFF, 0xFF, 0x9F, 0xFF, 0xFF, 0xFF, 0xC7, 0xFF, 0xFF,
    0xFF, 0xE1, 0xFF, 0xFF, 0xFF, 0xF0, 0x3F, 0xFF, 0xFF, 0xF0, 0x00, 0xFF, 0xF8, 0x00, 0x02, 0x00,
    0x00, 0x1F, 0x00, 0x00, 0x3F, 0x00, 0x00, 0x38, 0x00, 0x00, 0x38, 0x00, 0x00, 0x38, 0x00, 0x00,
    0x1F, 0x80, 0x00, 0x3F, 0xC0, 0x00, 0x3F, 0x80, 0x00, 0x3C, 0x00, 0x00, 0x00, 0x00, 0x00, 0x00,
    0x00, 0x00, 0x00, 0x0F, 0xFE, 0x01, 0xFF, 0xFF, 0x07, 0xFF, 0xFF, 0x1F, 0xFF, 0xFF, 0x3F, 0xFF,
    0xFF, 0x7F, 0xFF, 0xFE, 0x7F, 0xFC, 0x00, 0xFF, 0x80, 0x00, 0xFE, 0x00, 0x00, 0xFE, 0x00, 0x00,
    0xFF, 0x80, 0x00, 0xFF, 0xFF, 0xFC, 0x7F, 0xFF, 0xFC, 0x7F, 0xFF, 0xFC, 0x3F, 0xFF, 0xFC, 0x0F,
    0xFF, 0xFC, 0x01, 0xFF, 0xFC, 0x00, 0x00, 0x07, 0xC0, 0x00, 0x00, 0x7F, 0xE0, 0x00, 0x07, 0xFF,
    0xC0, 0x00, 0x3F, 0xFE, 0x00, 0x01, 0xFF, 0xF8, 0x00, 0x07, 0xFF, 0xC0, 0x00, 0x3F, 0xC7, 0x00,
    0x00, 0xFE, 0x00, 0x00, 0x07, 0xF0, 0x00, 0x80, 0x1F, 0xC0, 0x07, 0xC0, 0x7F, 0x80, 0x1F, 0xC1,
    0xFF, 0x80, 0x7E, 0x03, 0xFF, 0x83, 0xF8, 0x0F, 0xFF, 0x0F, 0xE0, 0x1F, 0xFE, 0x3F, 0x80, 0x1F,
    0xFC, 0xFC, 0x00, 0x1F, 0xF3, 0xF8, 0x00, 0x1F, 0xCF, 0xE0, 0x00, 0x7F, 0x3F, 0xC0, 0x03, 0xFC,
    0xFF, 0x80, 0x3F, 0xE1, 0xFF, 0xFF, 0xFF, 0x07, 0xFF, 0xFF, 0xFC, 0x0F, 0xFF, 0xFF, 0xE0, 0x3F,
    0xFF, 0xFE, 0x00, 0x3F, 0xFF, 0xF0, 0x00, 0x3F, 0xFF, 0x00, 0x00, 0x0F, 0x80, 0x00, 0x20, 0x00,
    0x00, 0x00, 0x3E, 0x00, 0x18, 0x00, 0x1F, 0xC0, 0x0F, 0x00, 0x0F, 0xC0, 0x07, 0xF8, 0x0F, 0xE0,
    0x07, 0xFF, 0xE7, 0xF0, 0x03, 0xFF, 0xFB, 0xF8, 0x01, 0xFF, 0xFF, 0xF8, 0x00, 0x1F, 0xFF, 0xFE,
    0x00, 0x07, 0xFF, 0x7F, 0x00, 0x03, 0xFF, 0x3F, 0xC0, 0x03, 0xF8, 0x1F, 0xF0, 0x03, 0xFC, 0x07,
    0xFF, 0xFF, 0xFE, 0x03, 0xFF, 0xFF, 0xFF, 0x00, 0xFF, 0xFF, 0xFF, 0x00, 0x3F, 0xFF, 0xFF, 0x00,
    0x0F, 0xFF, 0xFE, 0x00, 0x01, 0xFF, 0xFC, 0x00, 0x00, 0x07, 0xC0, 0x00, 0x00, 0x00, 0x20, 0x1E,
    0x03, 0xF8, 0x0F, 0xC0, 0x7E, 0x03, 0xF8, 0x1F, 0xC0, 0x7E, 0x03, 0xF0, 0x1F, 0x80, 0xFC, 0x07,
    0xE0, 0x3F, 0x07, 0xFB, 0xFF, 0xDF, 0xFC, 0xFF, 0xE7, 0xFE, 0x3F, 0xE1, 0xF8, 0x00, 0x00, 0x00,
    0x00, 0x00, 0x07, 0x0E, 0x7C, 0xFB, 0xE7, 0xDF, 0x3E, 0xF9, 0xF1, 0x86, 0x00, 0x03, 0xC0, 0x00,
    0x3F, 0x00, 0x07, 0xF0, 0x00, 0x7F, 0x00, 0x07, 0xF0, 0x00, 0x7F, 0x00, 0x0F, 0xF0, 0x01, 0xFF,
    0x80, 0xFF, 0xFF, 0xEF, 0xFF, 0xFF, 0xFF, 0xFF, 0xFF, 0xF7, 0xFF, 0xFE, 0x3F, 0xFF, 0x81, 0xFE,
    0x00, 0x00, 0x00, 0x00, 0x00, 0x00, 0x00, 0x01, 0xC3, 0x00, 0x3E, 0x78, 0x03, 0xEF, 0xC0, 0x3E,
    0xFC, 0x03, 0xE7, 0x80, 0x18, 0x30, 0x00, 0x01, 0xE0, 0x07, 0xFC, 0x07, 0xFE, 0x07, 0xFF, 0x03,
    0xFF, 0x03, 0xFF, 0x81, 0xFC, 0x00, 0xFE, 0x00, 0x7F, 0x00, 0x1F, 0x81, 0x0F, 0xE7, 0x83, 0xFF,
    0xC0, 0xFF, 0xF0, 0xFF, 0xFB, 0xFF, 0xFF, 0xFF, 0xFC, 0xFF, 0xF0, 0x3F, 0xE0, 0x1F, 0x80, 0x0E,
    0x00, 0x00, 0x08, 0x00, 0xFC, 0x47, 0xFF, 0xBF, 0xFF, 0x21, 0xF0, 0x00, 0x00, 0x00, 0x00, 0x00,
    0x0F, 0xE0, 0x3F, 0x80, 0xFE, 0x03, 0xF8, 0x0F, 0xE0, 0x3F, 0x80, 0xFE, 0x03, 0xF8, 0x0F, 0xE0,
    0x3F, 0x80, 0xFE, 0x01, 0xF8, 0x07, 0xE0, 0x1F, 0x80, 0x7E, 0x01, 0xF8, 0x07, 0xE0, 0x1F, 0x80,
    0x7E, 0x01, 0xF8, 0x07, 0xE0, 0x1F, 0x80, 0x7E, 0x01, 0xF8, 0x07, 0xE0, 0x1F, 0x80, 0x08, 0x00,
    0x0F, 0xC4, 0x07, 0xFF, 0x83, 0xFF, 0xF0, 0x21, 0xF0, 0x00, 0x00, 0x00, 0x00, 0x00, 0x00, 0x00,
    0x0F, 0xE0, 0x03, 0xF8, 0x00, 0xFE, 0x00, 0x3F, 0x80, 0x0F, 0xE0, 0x03, 0xF8, 0x00, 0xFE, 0x00,
    0x3F, 0x80, 0x07, 0xE0, 0x01, 0xF8, 0x00, 0x7E, 0x00, 0x1F, 0x80, 0x07, 0xE0, 0x01, 0xF8, 0x00,
    0x7E, 0x00, 0x1F, 0x80, 0x07, 0xE0, 0x01, 0xF8, 0x00, 0x7E, 0x00, 0x1F, 0xC0, 0x07, 0xF0, 0x01,
    0xFC, 0x00, 0x7F, 0x80, 0x1F, 0xFE, 0x07, 0xFF, 0xC0, 0xFF, 0xF0, 0x3F, 0xFC, 0x07, 0xFF, 0x00,
    0x7F, 0x80, 0x08, 0x7C, 0xFC, 0xE0, 0xE0, 0xE0, 0x7E, 0xFF, 0xFE, 0xF0, 0x00, 0x00, 0x7F, 0x7F,
    0x7F, 0x7F, 0x7F, 0x7F, 0x7F, 0x7F, 0x7F, 0x7F, 0x7F, 0x3F, 0x3F, 0x3F, 0x3F, 0x3F, 0x3F, 0x3F,
    0x3F, 0x3F, 0x3F, 0x3F, 0x3F, 0x3F, 0x3F, 0x3F, 0x08, 0x00, 0xF8, 0x03, 0xF0, 0x07, 0x00, 0x0E,
    0x00, 0x1C, 0x00, 0x1F, 0x80, 0x7F, 0x80, 0xFE, 0x01, 0xE0, 0x00, 0x00, 0x00, 0x00, 0x07, 0xF0,
    0x0F, 0xE0, 0x1F, 0xC0, 0x3F, 0x80, 0x7F, 0x00, 0xFE, 0x01, 0xFC, 0x03, 0xF8, 0x03, 0xF0, 0x07,
    0xE0, 0x0F, 0xC0, 0x1F, 0x80, 0x3F, 0x00, 0x7E, 0x00, 0xFC, 0x01, 0xF8, 0x03, 0xF0, 0x07, 0xE0,
    0x0F, 0xC0, 0x1F, 0xC0, 0x3F, 0x80, 0x7F, 0x00, 0xFF, 0x01, 0xFF, 0xE3, 0xFF, 0xE3, 0xFF, 0xC7,
    0xFF, 0x87, 0xFF, 0x03, 0xFC, 0x00, 0x80, 0x03, 0xE0, 0x03, 0xF0, 0x01, 0xC0, 0x00, 0xE0, 0x00,
    0x70, 0x00, 0x1F, 0x80, 0x1F, 0xE0, 0x0F, 0xE0, 0x07, 0x80, 0x00, 0x00, 0x00, 0x00, 0x00, 0x3F,
    0x00, 0x7F, 0xC0, 0x7F, 0xF0, 0x3F, 0xFC, 0x3F, 0xFF, 0x1F, 0xBF, 0x9F, 0x8F, 0xCF, 0xC7, 0xE7,
    0xE1, 0xFB, 0xF0, 0xFD, 0xFF, 0xFE, 0xFF, 0xFF, 0x3F, 0xFF, 0x9F, 0xFF, 0xC3, 0xFF, 0xC0, 0x0F,
    0xE0, 0x0F, 0xF0, 0x1F, 0xF0, 0x7F, 0xF1, 0xFF, 0xF0, 0xFF, 0xF0, 0x7F, 0xF0, 0x3F, 0xE0, 0x0F,
    0xC0, 0x04, 0x00, 0x00, 0x00, 0x80, 0x00, 0x1F, 0x00, 0x00, 0xFC, 0x00, 0x03, 0x80, 0x00, 0x0E,
    0x00, 0x00, 0x38, 0x00, 0x00, 0x7F, 0x00, 0x03, 0xFC, 0x00, 0x0F, 0xE0, 0x00, 0x3C, 0x00, 0x00,
    0x00, 0x00, 0x00, 0x00, 0x00, 0x00, 0x00, 0x00, 0x0F, 0xC0, 0x00, 0xFF, 0x80, 0x07, 0xFF, 0x00,
    0x1F, 0xFE, 0x00, 0xFF, 0xF8, 0x03, 0xF7, 0xF0, 0x1F, 0x8F, 0xC0, 0x7E, 0x3F, 0x01, 0xF8, 0x7E,
    0x07, 0xE1, 0xF8, 0x1F, 0xFF, 0xFE, 0x7F, 0xFF, 0xFC, 0xFF, 0xFF, 0xF3, 0xFF, 0xFF, 0xC7, 0xFF,
    0xFF, 0x07, 0xFF, 0xF8, 0x03, 0xFC, 0x00, 0x1F, 0xE0, 0x07, 0xFF, 0x00, 0xFF, 0xF8, 0x03, 0xFF,
    0xC0, 0x0F, 0xFE, 0x00, 0x3F, 0xE0, 0x00, 0x7E, 0x00, 0x01, 0x00, 0x00, 0x00, 0xFE, 0x7F, 0x3F,
    0x9F, 0xCF, 0xE7, 0xF3, 0xF9, 0xFC, 0xFE, 0x7F, 0x3F, 0x8F, 0xC7, 0xE3, 0xF1, 0xF8, 0xFC, 0x7E,
    0x3F, 0x1F, 0x8F, 0xC7, 0xE3, 0xF1, 0xF8, 0xFC, 0x7E, 0x3F, 0x1F, 0x8F, 0xC7, 0xE0, 0x00, 0x10,
    0x7C, 0x7E, 0x38, 0x1C, 0x0E, 0x03, 0xF3, 0xFD, 0xFC, 0xF0, 0xFE, 0x03, 0xF8, 0x0F, 0xE0, 0x3F,
    0x80, 0xFE, 0x03, 0xF8, 0x0F, 0xE0, 0x3F, 0x80, 0x7E, 0x01, 0xF8, 0x07, 0xE0, 0x1F, 0x80, 0x7E,
    0x01, 0xF8, 0x07, 0xE0, 0x1F, 0x80, 0x7E, 0x01, 0xF8, 0x07, 0xE0, 0x1F, 0xC0, 0x7F, 0x01, 0xFC,
    0x07, 0xF8, 0x1F, 0xFE, 0x7F, 0xFC, 0xFF, 0xF3, 0xFF, 0xC7, 0xFF, 0x07, 0xF8, 0x00, 0x00, 0x40,
    0x07, 0xC0, 0x3F, 0x00, 0xE0, 0x03, 0x80, 0x0E, 0x00, 0x3F, 0x81, 0xFE, 0x03, 0xFC, 0x0E, 0x00,
    0x01, 0x00, 0x00, 0x00, 0x3E, 0x00, 0x00, 0x01, 0xF8, 0x00, 0x7C, 0x07, 0x00, 0x07, 0xFE, 0x1C,
    0x00, 0x7F, 0xFC, 0x70, 0x03, 0xFF, 0xE0, 0xFE, 0x1F, 0xFF, 0x87, 0xF8, 0x7F, 0xFC, 0x1F, 0xC3,
    0xFC, 0x70, 0x78, 0x0F, 0xE0, 0x00, 0x00, 0x7F, 0x00, 0x08, 0x01, 0xFC, 0x00, 0x7C, 0x07, 0xF8,
    0x01, 0xFC, 0x1F, 0xF8, 0x07, 0xE0, 0x3F, 0xF8, 0x3F, 0x80, 0xFF, 0xF0, 0xFE, 0x01, 0xFF, 0xE3,
    0xF8, 0x01, 0xFF, 0xCF, 0xC0, 0x01, 0xFF, 0x3F, 0x80, 0x01, 0xFC, 0xFE, 0x00, 0x07, 0xF3, 0xFC,
    0x00, 0x3F, 0xCF, 0xF8, 0x03, 0xFE, 0x1F, 0xFF, 0xFF, 0xF0, 0x7F, 0xFF, 0xFF, 0xC0, 0xFF, 0xFF,
    0xFE, 0x03, 0xFF, 0xFF, 0xE0, 0x03, 0xFF, 0xFF, 0x00, 0x03, 0xFF, 0xF0, 0x00, 0x00, 0xF8, 0x00,
    0x00, 0x01, 0x00, 0x00, 0x00, 0x07, 0xC0, 0x00, 0x00, 0x07, 0xE0, 0x00, 0x00, 0x03, 0x80, 0x00,
    0x00, 0x01, 0xC0, 0x00, 0x00, 0x00, 0xE0, 0x00, 0x00, 0x00, 0x3F, 0x80, 0x00, 0x00, 0x3F, 0xC0,
    0x00, 0x00, 0x1F, 0xC0, 0x00, 0x00, 0x0F, 0x00, 0x00, 0x00, 0x00, 0x00, 0x00, 0x00, 0x04, 0x00,
    0x00, 0x00, 0x07, 0xC0, 0x03, 0x00, 0x03, 0xF8, 0x01, 0xE0, 0x01, 0xF8, 0x00, 0xFF, 0x01, 0xFC,
    0x00, 0xFF, 0xFC, 0xFE, 0x00, 0x7F, 0xFF, 0x7F, 0x00, 0x3F, 0xFF, 0xFF, 0x00, 0x03, 0xFF, 0xFF,
    0xC0, 0x00, 0xFF, 0xEF, 0xE0, 0x00, 0x7F, 0xE7, 0xF8, 0x00, 0x7F, 0x03, 0xFE, 0x00, 0x7F, 0x80,
    0xFF, 0xFF, 0xFF, 0xC0, 0x7F, 0xFF, 0xFF, 0xE0, 0x1F, 0xFF, 0xFF, 0xE0, 0x07, 0xFF, 0xFF, 0xE0,
    0x01, 0xFF, 0xFF, 0xC0, 0x00, 0x3F, 0xFF, 0x80, 0x00, 0x00, 0xF8, 0x00, 0x00, 0x0A, 0x1F, 0x07,
    0xC3, 0xC0, 0xE0, 0x1C, 0x07, 0xF3, 0xFC, 0xFE, 0x1C, 0x00, 0x00, 0x00, 0x00, 0x83, 0xC3, 0xF8,
    0x7E, 0x1F, 0x87, 0xF1, 0xFC, 0x3F, 0x0F, 0xC3, 0xF0, 0xFC, 0x3F, 0x0F, 0xC7, 0xFF, 0xFF, 0xFE,
    0xFF, 0xBF, 0xCF, 0xE3, 0xE0, 0x02, 0x00, 0x03, 0xE0, 0x01, 0xF8, 0x00, 0x70, 0x00, 0x18, 0x00,
    0x07, 0x00, 0x01, 0xFC, 0x00, 0xFF, 0x00, 0x1F, 0xE0, 0x07, 0x00, 0x00, 0x00, 0x00, 0x00, 0x00,
    0x00, 0x00, 0x00, 0x00, 0x00, 0x78, 0x00, 0x1F, 0x80, 0x07, 0xE0, 0x03, 0xF8, 0x00, 0xFE, 0x00,
    0x3F, 0x80, 0x0F, 0xE0, 0x07, 0xFC, 0x0F, 0xFF, 0xFB, 0xFF, 0xFF, 0xFF, 0xFF, 0xFF, 0xBF, 0xFF,
    0xC7, 0xFF, 0xC0, 0xFE, 0xFF, 0xFF, 0xFF, 0xFF, 0xFF, 0xFF, 0xFF, 0xFF, 0xFF, 0xFB, 0xF7, 0xEF,
    0xDF, 0xBF, 0x7E, 0xFD, 0xFB, 0xF7, 0xEF, 0xDF, 0xBF, 0x7E, 0xFD, 0xFB, 0xF7, 0xE0, 0xFE, 0x03,
    0xF8, 0x0F, 0xE0, 0x3F, 0x80, 0xFE, 0x03, 0xF8, 0x0F, 0xE0, 0x3F, 0x80, 0x7E, 0x01, 0xF8, 0x07,
    0xE0, 0x1F, 0x80, 0x7E, 0x01, 0xF8, 0x07, 0xE0, 0x1F, 0x80, 0x7E, 0x01, 0xF8, 0x07, 0xE0, 0x1F,
    0xC0, 0x7F, 0x01, 0xFC, 0x07, 0xF8, 0x1F, 0xFE, 0x7F, 0xFC, 0xFF, 0xF3, 0xFF, 0xC7, 0xFF, 0x07,
    0xF8, 0x00, 0x00, 0x00, 0x00, 0x80, 0x00, 0x00, 0x00, 0xF8, 0x80, 0x00, 0x00, 0x7F, 0x3F, 0x00,
    0x00, 0x07, 0xE7, 0xE0, 0x00, 0x00, 0xFC, 0xFC, 0x00, 0x00, 0x1F, 0xFF, 0x00, 0x00, 0x03, 0xFF,
    0xE0, 0x00, 0x00, 0x3F, 0xFC, 0x00, 0x00, 0x07, 0xFF, 0xC0, 0x00, 0x00, 0xFF, 0xF8, 0x00, 0x00,
    0x3F, 0xFF, 0xC0, 0x00, 0x1F, 0xF7, 0xFF, 0xE3, 0xFF, 0xFE, 0xFF, 0xFF, 0xFF, 0xFF, 0x8F, 0xFF,
    0xFF, 0xFF, 0xE0, 0xFF, 0xFF, 0xFF, 0xF8, 0x0F, 0xFF, 0xFF, 0xFC, 0x00, 0x7F, 0xFF, 0xFE, 0x00,
    0x00, 0xFF, 0xF0, 0x00, 0x00, 0x00, 0x00, 0x00, 0x00, 0x00, 0x00, 0x00, 0x00, 0x00, 0x00, 0x00,
    0x00, 0x00, 0x00, 0x38, 0x00, 0x00, 0x00, 0x0F, 0x80, 0x00, 0x00, 0x03, 0xF0, 0x00, 0x00, 0x00,
    0x7E, 0x00, 0x00, 0x00, 0x07, 0xC0, 0x00, 0x00, 0x00, 0xF8, 0x00, 0x00, 0x20, 0x00, 0x00, 0x00,
    0x00, 0x07, 0xE0, 0x00, 0x00, 0x00, 0x00, 0x7E, 0x00, 0x00, 0x00, 0x00, 0x07, 0xE0, 0x00, 0x00,
    0x0C, 0x00, 0xFC, 0x00, 0x00, 0x00, 0xF0, 0x0F, 0xC0, 0x00, 0x00, 0x1F, 0xC0, 0xFC, 0x00, 0x00,
    0x03, 0xF8, 0x0F, 0xE0, 0x00, 0x00, 0x7F, 0x80, 0xFE, 0x00, 0x00, 0x1F, 0xF8, 0x0F, 0xF8, 0x00,
    0x07, 0xFF, 0xE0, 0x7F, 0xFE, 0x3F, 0xFF, 0xFF, 0xE7, 0xFF, 0xFF, 0xFF, 0xFF, 0xFF, 0x3F, 0xFF,
    0xFF, 0xFF, 0x7F, 0xF1, 0xFF, 0xFF, 0xFF, 0xE3, 0xFF, 0x0F, 0xFF, 0xFF, 0xF8, 0x3F, 0xF0, 0x3F,
    0xFF, 0xFC, 0x00, 0xFE, 0x00, 0x3F, 0xF0, 0x00, 0x00, 0x00, 0x00, 0x00, 0x00, 0x00, 0x00, 0x00,
    0x00, 0x00, 0x00, 0x00, 0x00, 0x00, 0x00, 0x00, 0x00, 0x00, 0x00, 0x00, 0x70, 0x00, 0x00, 0x00,
    0x00, 0x0F, 0x80, 0x00, 0x00, 0x00, 0x01, 0xF8, 0x00, 0x00, 0x00, 0x00, 0x1F, 0x80, 0x00, 0x00,
    0x00, 0x01, 0xF8, 0x00, 0x00, 0x00, 0x00, 0x0F, 0x00, 0x00, 0x00, 0x00, 0x83, 0xC3, 0xF8, 0x7E,
    0x1F, 0x87, 0xF1, 0xFC, 0x3F, 0x0F, 0xC3, 0xF0, 0xFC, 0x3F, 0x0F, 0xC7, 0xFF, 0xFF, 0xFE, 0xFF,
    0xBF, 0xCF, 0xE3, 0xE0, 0x00, 0x00, 0x00, 0x00, 0x70, 0x3E, 0x1F, 0x87, 0xE0, 0xF8, 0x3E, 0x00,
    0x07, 0x80, 0x01, 0xF8, 0x00, 0x7E, 0x00, 0x3F, 0x80, 0x0F, 0xE0, 0x03, 0xF8, 0x00, 0xFE, 0x00,
    0x7F, 0xC0, 0xFF, 0xFF, 0xBF, 0xFF, 0xFF, 0xFF, 0xFF, 0xFB, 0xFF, 0xFC, 0x7F, 0xFC, 0x0F, 0xE0,
    0x00, 0x00, 0x00, 0x00, 0x00, 0x00, 0x01, 0xC0, 0x00, 0xF8, 0x00, 0x7E, 0x00, 0x1F, 0x80, 0x03,
    0xE0, 0x00, 0xF8, 0x00, 0x0C, 0x30, 0x1F, 0x3E, 0x0F, 0x9F, 0x07, 0xCF, 0x83, 0xE7, 0xC0, 0xE1,
    0xC0, 0x00, 0x00, 0x00, 0x00, 0x00, 0x00, 0x01, 0x80, 0x01, 0xE0, 0x00, 0xF8, 0x00, 0xFE, 0x00,
    0xFF, 0x80, 0x3F, 0xE0, 0x1F, 0xF8, 0x1F, 0xFE, 0x1F, 0xFF, 0x0F, 0xDF, 0xCF, 0xC7, 0xE7, 0xC1,
    0xFF, 0xE0, 0xFF, 0xF0, 0x7F, 0xF8, 0x3F, 0xFC, 0x3F, 0xFF, 0xFF, 0xBF, 0xFF, 0xCF, 0xFF, 0xE7,
    0xFF, 0xE1, 0xFF, 0xE0, 0x3F, 0xC0, 0x01, 0x06, 0x00, 0x03, 0xE7, 0x80, 0x01, 0xF3, 0xE0, 0x00,
    0xFB, 0xF0, 0x00, 0x7C, 0xF8, 0x00, 0x1C, 0x30, 0x00, 0x00, 0x00, 0x00, 0x00, 0x00, 0x00, 0x00,
    0x00, 0x00, 0x00, 0x00, 0x00, 0x00, 0x07, 0xE0, 0x00, 0x03, 0xF0, 0x00, 0x01, 0xF8, 0x00, 0x01,
    0xFE, 0x00, 0x07, 0xFF, 0x00, 0x0F, 0xFF, 0x80, 0x0F, 0xFF, 0xC0, 0x0F, 0xFF, 0xE0, 0x0F, 0xFF,
    0xF0, 0x0F, 0xFF, 0xF8, 0x07, 0xF1, 0xFC, 0x07, 0xF0, 0xFE, 0x03, 0xF8, 0x3F, 0x01, 0xFC, 0x1F,
    0x80, 0xFE, 0x0F, 0xC0, 0x7F, 0xFF, 0xE0, 0x1F, 0xFF, 0xF0, 0x0F, 0xFF, 0xFC, 0x03, 0xFF, 0xFF,
    0xF0, 0xFF, 0xFF, 0xFC, 0x0F, 0xFF, 0xFE, 0x00, 0x0F, 0xFF, 0x00, 0x01, 0xFF, 0x80, 0x00, 0x3F,
    0x80, 0x00, 0x06, 0x0C, 0x00, 0x00, 0x01, 0xE7, 0xC0, 0x00, 0x00, 0x7E, 0xF8, 0x00, 0x00, 0x0F,
    0xDF, 0x80, 0x00, 0x00, 0xF3, 0xE0, 0x00, 0x00, 0x0C, 0x38, 0x01, 0x00, 0x00, 0x00, 0x01, 0xF1,
    0x00, 0x00, 0x00, 0xFE, 0x7E, 0x00, 0x00, 0x0F, 0xCF, 0xC0, 0x00, 0x01, 0xF9, 0xF8, 0x00, 0x00,
    0x3F, 0xFE, 0x00, 0x00, 0x07, 0xFF, 0xC0, 0x00, 0x00, 0x7F, 0xF8, 0x00, 0x00, 0x0F, 0xFF, 0x80,
    0x00, 0x01, 0xFF, 0xF0, 0x00, 0x00, 0x7F, 0xFF, 0x80, 0x00, 0x3F, 0xEF, 0xFF, 0xC7, 0xFF, 0xFD,
    0xFF, 0xFF, 0xFF, 0xFF, 0x1F, 0xFF, 0xFF, 0xFF, 0xC1, 0xFF, 0xFF, 0xFF, 0xF0, 0x1F, 0xFF, 0xFF,
    0xF8, 0x00, 0xFF, 0xFF, 0xFC, 0x00, 0x01, 0xFF, 0xE0, 0x00, 0x00, 0x01, 0x06, 0x00, 0x00, 0x00,
    0x00, 0x7C, 0xF0, 0x00, 0x00, 0x00, 0x07, 0xDF, 0x80, 0x00, 0x00, 0x00, 0x7D, 0xF8, 0x00, 0x00,
    0x00, 0x07, 0xCF, 0x00, 0x00, 0x00, 0x00, 0x38, 0x60, 0x00, 0x00, 0x00, 0x00, 0x00, 0x00, 0x00,
    0x02, 0x00, 0x00, 0x00, 0x00, 0x00, 0x7E, 0x00, 0x00, 0x00, 0x00, 0x07, 0xE0, 0x00, 0x00, 0x00,
    0x00, 0x7E, 0x00, 0x00, 0x00, 0xC0, 0x0F, 0xC0, 0x00, 0x00, 0x0F, 0x00, 0xFC, 0x00, 0x00, 0x01,
    0xFC, 0x0F, 0xC0, 0x00, 0x00, 0x3F, 0x80, 0xFE, 0x00, 0x00, 0x07, 0xF8, 0x0F, 0xE0, 0x00, 0x01,
    0xFF, 0x80, 0xFF, 0x80, 0x00, 0x7F, 0xFE, 0x07, 0xFF, 0xE3, 0xFF, 0xFF, 0xFE, 0x7F, 0xFF, 0xFF,
    0xFF, 0xFF, 0xF3, 0xFF, 0xFF, 0xFF, 0xF7, 0xFF, 0x1F, 0xFF, 0xFF, 0xFE, 0x3F, 0xF0, 0xFF, 0xFF,
    0xFF, 0x83, 0xFF, 0x03, 0xFF, 0xFF, 0xC0, 0x0F, 0xE0, 0x03, 0xFF, 0x00, 0x00, 0x00, 0x30, 0x47,
    0x9F, 0xFD, 0xFF, 0xDF, 0xF9, 0xF7, 0x0E, 0x00, 0x00, 0x00, 0x00, 0x00, 0x04, 0x07, 0x81, 0xFC,
    0x0F, 0xC0, 0xFC, 0x0F, 0xE0, 0xFE, 0x07, 0xE0, 0x7E, 0x07, 0xE0, 0x7E, 0x07, 0xE0, 0x7E, 0x0F,
    0xE7, 0xFE, 0x7F, 0xC7, 0xFC, 0x7F, 0x87, 0xF0, 0x7C, 0x00, 0x04, 0x18, 0x01, 0xF3, 0xC0, 0x1F,
    0x3E, 0x01, 0xF7, 0xE0, 0x1F, 0x3E, 0x00, 0xE1, 0x80, 0x00, 0x00, 0x00, 0x00, 0x00, 0x00, 0x00,
    0x00, 0x00, 0x00, 0x03, 0xC0, 0x00, 0x3F, 0x00, 0x07, 0xF0, 0x00, 0x7F, 0x00, 0x07, 0xF0, 0x00,
    0x7F, 0x00, 0x0F, 0xF0, 0x01, 0xFF, 0x80, 0xFF, 0xFF, 0xEF, 0xFF, 0xFF, 0xFF, 0xFF, 0xFF, 0xF7,
    0xFF, 0xFE, 0x3F, 0xFF, 0x81, 0xFE, 0x00, 0x00, 0x40, 0x00, 0x00, 0x00, 0x3C, 0x00, 0x00, 0x00,
    0x07, 0xC0, 0x00, 0x00, 0x00, 0xF8, 0x00, 0x00, 0x00, 0x1F, 0x00, 0x00, 0x00, 0x01, 0xC0, 0x00,
    0x00, 0x01, 0x87, 0x00, 0x00, 0x00, 0x79, 0xF0, 0x00, 0x00, 0x1F, 0xBE, 0x00, 0x00, 0x03, 0xF7,
    0xC0, 0x00, 0x00, 0x3C, 0xF8, 0x00, 0x00, 0x03, 0x0E, 0x00, 0x40, 0x00, 0x00, 0x00, 0x7C, 0x40,
    0x00, 0x00, 0x3F, 0x9F, 0x80, 0x00, 0x03, 0xF3, 0xF0, 0x00, 0x00, 0x7E, 0x7E, 0x00, 0x00, 0x0F,
    0xFF, 0x80, 0x00, 0x01, 0xFF, 0xF0, 0x00, 0x00, 0x1F, 0xFE, 0x00, 0x00, 0x03, 0xFF, 0xE0, 0x00,
    0x00, 0x7F, 0xFC, 0x00, 0x00, 0x1F, 0xFF, 0xE0, 0x00, 0x0F, 0xFB, 0xFF, 0xF1, 0xFF, 0xFF, 0x7F,
    0xFF, 0xFF, 0xFF, 0xC7, 0xFF, 0xFF, 0xFF, 0xF0, 0x7F, 0xFF, 0xFF, 0xFC, 0x07, 0xFF, 0xFF, 0xFE,
    0x00, 0x3F, 0xFF, 0xFF, 0x00, 0x00, 0x7F, 0xF8, 0x00, 0x00, 0x00, 0x00, 0x20, 0x00, 0x00, 0x00,
    0x00, 0x0F, 0x80, 0x00, 0x00, 0x00, 0x00, 0xF8, 0x00, 0x00, 0x00, 0x00, 0x0F, 0x80, 0x00, 0x00,
    0x00, 0x00, 0xF8, 0x00, 0x00, 0x00, 0x00, 0x07, 0x00, 0x00, 0x00, 0x00, 0x03, 0x86, 0x00, 0x00,
    0x00, 0x00, 0x7C, 0xF0, 0x00, 0x00, 0x00, 0x07, 0xDF, 0x80, 0x00, 0x00, 0x00, 0x7D, 0xF8, 0x00,
    0x00, 0x00, 0x07, 0xCF, 0x00, 0x00, 0x00, 0x00, 0x38, 0x60, 0x00, 0x00, 0x00, 0x00, 0x00, 0x00,
    0x00, 0x02, 0x00, 0x00, 0x00, 0x00, 0x00, 0x7E, 0x00, 0x00, 0x00, 0x00, 0x07, 0xE0, 0x00, 0x00,
    0x00, 0x00, 0x7E, 0x00, 0x00, 0x00, 0xC0, 0x0F, 0xC0, 0x00, 0x00, 0x0F, 0x00, 0xFC, 0x00, 0x00,
    0x01, 0xFC, 0x0F, 0xC0, 0x00, 0x00, 0x3F, 0x80, 0xFE, 0x00, 0x00, 0x07, 0xF8, 0x0F, 0xE0, 0x00,
    0x01, 0xFF, 0x80, 0xFF, 0x80, 0x00, 0x7F, 0xFE, 0x07, 0xFF, 0xE3, 0xFF, 0xFF, 0xFE, 0x7F, 0xFF,
    0xFF, 0xFF, 0xFF, 0xF3, 0xFF, 0xFF, 0xFF, 0xF7, 0xFF, 0x1F, 0xFF, 0xFF, 0xFE, 0x3F, 0xF0, 0xFF,
    0xFF, 0xFF, 0x83, 0xFF, 0x03, 0xFF, 0xFF, 0xC0, 0x0F, 0xE0, 0x03, 0xFF, 0x00, 0x00, 0x00, 0x02,
    0x00, 0xF0, 0x1F, 0x81, 0xF8, 0x0F, 0x80, 0x70, 0x30, 0xE7, 0x9F, 0xFD, 0xFF, 0xDF, 0x79, 0xF3,
    0x0E, 0x00, 0x00, 0x00, 0x00, 0x00, 0x04, 0x07, 0x81, 0xFC, 0x0F, 0xC0, 0xFC, 0x0F, 0xE0, 0xFE,
    0x07, 0xE0, 0x7E, 0x07, 0xE0, 0x7E, 0x07, 0xE0, 0x7E, 0x0F, 0xE7, 0xFE, 0x7F, 0xC7, 0xFC, 0x7F,
    0x87, 0xF0, 0x7C, 0x00, 0x00, 0xC0, 0x00, 0x1E, 0x00, 0x03, 0xE0, 0x00, 0x3F, 0x00, 0x03, 0xE0,
    0x00, 0x1C, 0x00, 0x0E, 0x18, 0x01, 0xF3, 0xC0, 0x1F, 0x3E, 0x01, 0xF7, 0xE0, 0x1F, 0x3E, 0x00,
    0xE1, 0x80, 0x00, 0x00, 0x00, 0x00, 0x00, 0x00, 0x00, 0x00, 0x00, 0x00, 0x03, 0xC0, 0x00, 0x3F,
    0x00, 0x07, 0xF0, 0x00, 0x7F, 0x00, 0x07, 0xF0, 0x00, 0x7F, 0x00, 0x0F, 0xF0, 0x01, 0xFF, 0x80,
    0xFF, 0xFF, 0xEF, 0xFF, 0xFF, 0xFF, 0xFF, 0xFF, 0xF7, 0xFF, 0xFE, 0x3F, 0xFF, 0x81, 0xFE, 0x0E,
    0x00, 0x00, 0x7F, 0xF0, 0x00, 0x7F, 0xFE, 0x00, 0x7F, 0xFF, 0xC0, 0x7F, 0xFF, 0xFC, 0x7F, 0xFF,
    0xFE, 0x7F, 0xFF, 0xFE, 0x40, 0x1F, 0xFE, 0x00, 0x03, 0xFE, 0x00, 0x1F, 0xFE, 0x00, 0x7F, 0xFE,
    0x01, 0xFF, 0xFC, 0x03, 0xFF, 0x80, 0x07, 0xFE, 0x00, 0x0F, 0xF8, 0x00, 0x1F, 0xE0, 0x00, 0x3F,
    0xC0, 0x00, 0x7F, 0x80, 0x00, 0x7F, 0x00, 0x00, 0x7E, 0x07, 0x00, 0xFE, 0x0F, 0x80, 0xFE, 0x0F,
    0xC0, 0xFE, 0x0F, 0xC0, 0xFE, 0x0F, 0x80, 0xFE, 0x07, 0x00, 0xFE, 0x00, 0x00, 0xFF, 0x00, 0x00,
    0xFF, 0x00, 0x00, 0x7F, 0xC0, 0x1E, 0x7F, 0xFF, 0xFE, 0x3F, 0xFF, 0xFE, 0x1F, 0xFF, 0xFF, 0x0F,
    0xFF, 0xFF, 0x07, 0xFF, 0xFF, 0x01, 0xFF, 0xF8, 0x00, 0x3F, 0x80, 0x0E, 0x00, 0x00, 0x01, 0xFF,
    0xC0, 0x00, 0x07, 0xFF, 0xE0, 0x00, 0x1F, 0xFF, 0xF0, 0x00, 0x7F, 0xFF, 0xFC, 0x01, 0xFF, 0xFF,
    0xF8, 0x07, 0xFF, 0xFF, 0xE0, 0x10, 0x07, 0xFF, 0x80, 0x00, 0x03, 0xFE, 0x00, 0x00, 0x7F, 0xF8,
    0x00, 0x07, 0xFF, 0xE0, 0x00, 0x7F, 0xFF, 0x00, 0x03, 0xFF, 0xF8, 0x00, 0x1F, 0xFB, 0xE0, 0x00,
    0xFF, 0x8F, 0xE0, 0x07, 0xF8, 0x3F, 0xFC, 0x3F, 0xC0, 0x7F, 0xF9, 0xFE, 0x01, 0xFF, 0xF7, 0xF0,
    0x03, 0xFF, 0xDF, 0x81, 0xC7, 0xFE, 0xFE, 0x0F, 0x87, 0xF3, 0xF8, 0x3F, 0x00, 0x0F, 0xE0, 0xFC,
    0x00, 0x3F, 0x83, 0xE0, 0x00, 0xFE, 0x07, 0x00, 0x03, 0xF8, 0x00, 0x00, 0x0F, 0xF0, 0x00, 0x00,
    0x3F, 0xC0, 0x00, 0x00, 0x7F, 0xC0, 0x1E, 0x01, 0xFF, 0xFF, 0xF8, 0x03, 0xFF, 0xFF, 0xE0, 0x07,
    0xFF, 0xFF, 0xC0, 0x0F, 0xFF, 0xFF, 0x00, 0x1F, 0xFF, 0xFC, 0x00, 0x1F, 0xFF, 0x80, 0x00, 0x0F,
    0xE0, 0x00, 0x3F, 0xF0, 0x00, 0x3F, 0xFE, 0x00, 0x3F, 0xFF, 0x80, 0x3F, 0xFF, 0xE0, 0x1F, 0xFF,
    0xFE, 0x1F, 0xFF, 0xFE, 0x1F, 0xFF, 0xFE, 0x00, 0x03, 0xFE, 0x00, 0x01, 0xFF, 0x00, 0x07, 0xFF,
    0x00, 0x3F, 0xF8, 0x03, 0xFF, 0xF0, 0xFF, 0xFF, 0xC0, 0xFF, 0xFF, 0x80, 0xFF, 0xFE, 0x00, 0xFF,
    0xF8, 0x00, 0xFF, 0xE0, 0x00, 0xFE, 0x00, 0x00, 0x00, 0x00, 0x00, 0x00, 0x00, 0x00, 0x00, 0x00,
    0x00, 0x00, 0x38, 0x00, 0x00, 0x7C, 0x00, 0x00, 0x7E, 0x00, 0x00, 0x7E, 0x00, 0x00, 0x7E, 0x00,
    0x00, 0x3C, 0x00, 0x3F, 0xF0, 0x00, 0x01, 0xFF, 0xF0, 0x00, 0x0F, 0xFF, 0xE0, 0x00, 0x7F, 0xFF,
    0xC0, 0x01, 0xFF, 0xFF, 0xE0, 0x0F, 0xFF, 0xFF, 0x00, 0x7F, 0xFF, 0xF8, 0x00, 0x00, 0x7F, 0xC0,
    0x00, 0x01, 0xFF, 0x00, 0x00, 0x3F, 0xF8, 0x00, 0x0F, 0xFE, 0x00, 0x07, 0xFF, 0xFC, 0x0F, 0xFF,
    0xFF, 0xFF, 0x7F, 0xFF, 0xFF, 0xFF, 0xFF, 0xF8, 0xFF, 0xFF, 0xFF, 0x07, 0xFF, 0xFF, 0xE0, 0x1F,
    0xFF, 0xF0, 0x00, 0x3F, 0x80, 0x00, 0x00, 0x00, 0x00, 0x00, 0x00, 0x00, 0x00, 0x00, 0x00, 0x00,
    0x18, 0x00, 0x00, 0x01, 0xF0, 0x00, 0x00, 0x1F, 0x80, 0x00, 0x00, 0xFC, 0x00, 0x00, 0x07, 0xE0,
    0x00, 0x00, 0x1E, 0x00, 0x00, 0x0E, 0x00, 0x00, 0x7F, 0xF0, 0x00, 0x7F, 0xFE, 0x00, 0x7F, 0xFF,
    0xC0, 0x7F, 0xFF, 0xFC, 0x7F, 0xFF, 0xFE, 0x7F, 0xFF, 0xFE, 0x40, 0x1F, 0xFE, 0x00, 0x03, 0xFE,
    0x00, 0x1F, 0xFE, 0x00, 0x7F, 0xFE, 0x01, 0xFF, 0xFC, 0x03, 0xFF, 0x80, 0x07, 0xFE, 0x00, 0x0F,
    0xF8, 0x00, 0x1F, 0xE0, 0x00, 0x3F, 0xC0, 0x00, 0x7F, 0x80, 0x00, 0x7F, 0x00, 0x00, 0x7E, 0x00,
    0x00, 0xFE, 0x00, 0x00, 0xFE, 0x00, 0x00, 0xFE, 0x00, 0x00, 0xFE, 0x00, 0x00, 0xFE, 0x00, 0x00,
    0xFE, 0x00, 0x00, 0xFF, 0x00, 0x00, 0xFF, 0x00, 0x00, 0x7F, 0xC0, 0x1E, 0x7F, 0xFF, 0xFE, 0x3F,
    0xFF, 0xFE, 0x1F, 0xFF, 0xFF, 0x0F, 0xFF, 0xFF, 0x07, 0xFF, 0xFF, 0x01, 0xFF, 0xF8, 0x00, 0x3F,
    0x80, 0x0E, 0x00, 0x00, 0x01, 0xFF, 0xC0, 0x00, 0x07, 0xFF, 0xE0, 0x00, 0x1F, 0xFF, 0xF0, 0x00,
    0x7F, 0xFF, 0xFC, 0x01, 0xFF, 0xFF, 0xF8, 0x07, 0xFF, 0xFF, 0xE0, 0x10, 0x07, 0xFF, 0x80, 0x00,
    0x03, 0xFE, 0x00, 0x00, 0x7F, 0xF8, 0x00, 0x07, 0xFF, 0xE0, 0x00, 0x7F, 0xFF, 0x00, 0x03, 0xFF,
    0xF8, 0x00, 0x1F, 0xFB, 0xE0, 0x00, 0xFF, 0x8F, 0xE0, 0x07, 0xF8, 0x3F, 0xFC, 0x3F, 0xC0, 0x7F,
    0xF9, 0xFE, 0x01, 0xFF, 0xF7, 0xF0, 0x03, 0xFF, 0xDF, 0x80, 0x07, 0xFE, 0xFE, 0x00, 0x07, 0xF3,
    0xF8, 0x00, 0x00, 0x0F, 0xE0, 0x00, 0x00, 0x3F, 0x80, 0x00, 0x00, 0xFE, 0x00, 0x00, 0x03, 0xF8,
    0x00, 0x00, 0x0F, 0xF0, 0x00, 0x00, 0x3F, 0xC0, 0x00, 0x00, 0x7F, 0xC0, 0x1E, 0x01, 0xFF, 0xFF,
    0xF8, 0x03, 0xFF, 0xFF, 0xE0, 0x07, 0xFF, 0xFF, 0xC0, 0x0F, 0xFF, 0xFF, 0x00, 0x1F, 0xFF, 0xFC,
    0x00, 0x1F, 0xFF, 0x80, 0x00, 0x0F, 0xE0, 0x00, 0x3F, 0xF0, 0x00, 0x3F, 0xFE, 0x00, 0x3F, 0xFF,
    0x80, 0x3F, 0xFF, 0xE0, 0x1F, 0xFF, 0xFE, 0x1F, 0xFF, 0xFE, 0x1F, 0xFF, 0xFE, 0x00, 0x03, 0xFE,
    0x00, 0x01, 0xFF, 0x00, 0x07, 0xFF, 0x00, 0x3F, 0xF8, 0x03, 0xFF, 0xF0, 0xFF, 0xFF, 0xC0, 0xFF,
    0xFF, 0x80, 0xFF, 0xFE, 0x00, 0xFF, 0xF8, 0x00, 0xFF, 0xE0, 0x00, 0xFE, 0x00, 0x00, 0x3F, 0xF0,
    0x00, 0x01, 0xFF, 0xF0, 0x00, 0x0F, 0xFF, 0xE0, 0x00, 0x7F, 0xFF, 0xC0, 0x01, 0xFF, 0xFF, 0xE0,
    0x0F, 0xFF, 0xFF, 0x00, 0x7F, 0xFF, 0xF8, 0x00, 0x00, 0x7F, 0xC0, 0x00, 0x01, 0xFF, 0x00, 0x00,
    0x3F, 0xF8, 0x00, 0x0F, 0xFE, 0x00, 0x07, 0xFF, 0xFC, 0x0F, 0xFF, 0xFF, 0xFF, 0x7F, 0xFF, 0xFF,
    0xFF, 0xFF, 0xF8, 0xFF, 0xFF, 0xFF, 0x07, 0xFF, 0xFF, 0xE0, 0x1F, 0xFF, 0xF0, 0x00, 0x3F, 0x80,
    0x00, 0x7C, 0x00, 0x00, 0x7C, 0x00, 0x00, 0xFE, 0x00, 0x00, 0x7C, 0x00, 0x00, 0x7C, 0x00, 0x00,
    0x38, 0x00, 0x00, 0x00, 0x00, 0x00, 0x00, 0x00, 0x00, 0x00, 0x00, 0x0E, 0x00, 0x00, 0x7F, 0xF0,
    0x00, 0x7F, 0xFE, 0x00, 0x7F, 0xFF, 0xC0, 0x7F, 0xFF, 0xFC, 0x7F, 0xFF, 0xFE, 0x7F, 0xFF, 0xFE,
    0x40, 0x1F, 0xFE, 0x00, 0x03, 0xFE, 0x00, 0x1F, 0xFE, 0x00, 0x7F, 0xFE, 0x01, 0xFF, 0xFC, 0x03,
    0xFF, 0x80, 0x07, 0xFE, 0x00, 0x0F, 0xF8, 0x00, 0x1F, 0xE0, 0x00, 0x3F, 0xC0, 0x00, 0x7F, 0x80,
    0x00, 0x7F, 0x00, 0x00, 0x7E, 0x00, 0x00, 0xFE, 0x00, 0x00, 0xFE, 0x00, 0x00, 0xFE, 0x00, 0x00,
    0xFE, 0x00, 0x00, 0xFE, 0x00, 0x00, 0xFE, 0x00, 0x00, 0xFF, 0x00, 0x00, 0xFF, 0x00, 0x00, 0x7F,
    0xC0, 0x1E, 0x7F, 0xFF, 0xFE, 0x3F, 0xFF, 0xFE, 0x1F, 0xFF, 0xFF, 0x0F, 0xFF, 0xFF, 0x07, 0xFF,
    0xFF, 0x01, 0xFF, 0xF8, 0x00, 0x3F, 0x80, 0x00, 0x7C, 0x00, 0x00, 0x01, 0xF0, 0x00, 0x00, 0x0F,
    0xE0, 0x00, 0x00, 0x1F, 0x00, 0x00, 0x00, 0x7C, 0x00, 0x00, 0x00, 0xE0, 0x00, 0x00, 0x00, 0x00,
    0x00, 0x00, 0x00, 0x00, 0x00, 0x00, 0x00, 0x00, 0x00, 0x38, 0x00, 0x00, 0x07, 0xFF, 0x00, 0x00,
    0x1F, 0xFF, 0x80, 0x00, 0x7F, 0xFF, 0xC0, 0x01, 0xFF, 0xFF, 0xF0, 0x07, 0xFF, 0xFF, 0xE0, 0x1F,
    0xFF, 0xFF, 0x80, 0x40, 0x1F, 0xFE, 0x00, 0x00, 0x0F, 0xF8, 0x00, 0x01, 0xFF, 0xE0, 0x00, 0x1F,
    0xFF, 0x80, 0x01, 0xFF, 0xFC, 0x00, 0x0F, 0xFF, 0xE0, 0x00, 0x7F, 0xEF, 0x80, 0x03, 0xFE, 0x3F,
    0x80, 0x1F, 0xE0, 0xFF, 0xF0, 0xFF, 0x01, 0xFF, 0xE7, 0xF8, 0x07, 0xFF, 0xDF, 0xC0, 0x0F, 0xFF,
    0x7E, 0x00, 0x1F, 0xFB, 0xF8, 0x00, 0x1F, 0xCF, 0xE0, 0x00, 0x00, 0x3F, 0x80, 0x00, 0x00, 0xFE,
    0x00, 0x00, 0x03, 0xF8, 0x00, 0x00, 0x0F, 0xE0, 0x00, 0x00, 0x3F, 0xC0, 0x00, 0x00, 0xFF, 0x00,
    0x00, 0x01, 0xFF, 0x00, 0x78, 0x07, 0xFF, 0xFF, 0xE0, 0x0F, 0xFF, 0xFF, 0x80, 0x1F, 0xFF, 0xFF,
    0x00, 0x3F, 0xFF, 0xFC, 0x00, 0x7F, 0xFF, 0xF0, 0x00, 0x7F, 0xFE, 0x00, 0x00, 0x3F, 0x80, 0x00,
    0x07, 0x80, 0x00, 0x0F, 0xC0, 0x00, 0x0F, 0xC0, 0x00, 0x0F, 0xC0, 0x00, 0x07, 0xC0, 0x00, 0x03,
    0x00, 0x00, 0x00, 0x00, 0x00, 0x00, 0x00, 0x00, 0x00, 0x00, 0x00, 0x00, 0x00, 0x00, 0x3F, 0xF0,
    0x00, 0x3F, 0xFE, 0x00, 0x3F, 0xFF, 0x80, 0x3F, 0xFF, 0xE0, 0x1F, 0xFF, 0xFE, 0x1F, 0xFF, 0xFE,
    0x1F, 0xFF, 0xFE, 0x00, 0x03, 0xFE, 0x00, 0x01, 0xFF, 0x00, 0x07, 0xFF, 0x00, 0x3F, 0xF8, 0x03,
    0xFF, 0xF0, 0xFF, 0xFF, 0xC0, 0xFF, 0xFF, 0x80, 0xFF, 0xFE, 0x00, 0xFF, 0xF8, 0x00, 0xFF, 0xE0,
    0x00, 0xFE, 0x00, 0x00, 0x07, 0x80, 0x00, 0x00, 0x7E, 0x00, 0x00, 0x03, 0xF0, 0x00, 0x00, 0x1F,
    0x80, 0x00, 0x00, 0xF8, 0x00, 0x00, 0x03, 0x80, 0x00, 0x00, 0x00, 0x00, 0x00, 0x00, 0x00, 0x00,
    0x00, 0x00, 0x00, 0x00, 0x00, 0x00, 0x00, 0x00, 0x0F, 0xFC, 0x00, 0x00, 0x7F, 0xFC, 0x00, 0x03,
    0xFF, 0xF8, 0x00, 0x1F, 0xFF, 0xF0, 0x00, 0x7F, 0xFF, 0xF8, 0x03, 0xFF, 0xFF, 0xC0, 0x1F, 0xFF,
    0xFE, 0x00, 0x00, 0x1F, 0xF0, 0x00, 0x00, 0x7F, 0xC0, 0x00, 0x0F, 0xFE, 0x00, 0x03, 0xFF, 0x80,
    0x01, 0xFF, 0xFF, 0x03, 0xFF, 0xFF, 0xFF, 0xDF, 0xFF, 0xFF, 0xFF, 0xFF, 0xFE, 0x3F, 0xFF, 0xFF,
    0xC1, 0xFF, 0xFF, 0xF8, 0x07, 0xFF, 0xFC, 0x00, 0x0F, 0xE0, 0x00, 0x30, 0x00, 0x3C, 0x00, 0x7E,
    0x00, 0xFF, 0x80, 0x3F, 0xC0, 0x0F, 0xF0, 0x07, 0xF8, 0x01, 0xFE, 0x00, 0xFF, 0x00, 0x3F, 0x80,
    0x1F, 0xE0, 0x07, 0xF0, 0x03, 0xF9, 0x03, 0xFC, 0xFF, 0xFE, 0xFF, 0xFF, 0x7F, 0xFF, 0xBF, 0xFF,
    0xBF, 0xFF, 0x9F, 0xFF, 0x81, 0xFF, 0x00, 0x00, 0x30, 0x00, 0x00, 0x78, 0x00, 0x01, 0xF8, 0x00,
    0x07, 0xFC, 0x00, 0x03, 0xFC, 0x00, 0x01, 0xFE, 0x00, 0x01, 0xFE, 0x00, 0x00, 0xFF, 0x00, 0x00,
    0xFF, 0x00, 0x00, 0x7F, 0x00, 0x00, 0x7F, 0x80, 0x00, 0x3F, 0x80, 0x00, 0x3F, 0x80, 0x20, 0x7F,
    0xC0, 0x3F, 0xFF, 0xE0, 0x7F, 0xFF, 0xFE, 0x7F, 0xFF, 0xFF, 0x7F, 0xFF, 0xFF, 0xFF, 0xFF, 0xFF,
    0xFF, 0xFD, 0xFF, 0x3F, 0xF0, 0x7E, 0x07, 0x80, 0x07, 0xE0, 0x03, 0xF0, 0x01, 0xF8, 0x00, 0xFC,
    0x00, 0x1C, 0x00, 0x00, 0x00, 0x00, 0x00, 0x00, 0x00, 0x00, 0x18, 0x00, 0x1E, 0x00, 0x3F, 0x00,
    0x7F, 0xC0, 0x1F, 0xE0, 0x07, 0xF8, 0x03, 0xFC, 0x00, 0xFF, 0x00, 0x7F, 0x80, 0x1F, 0xC0, 0x0F,
    0xF0, 0x03, 0xF8, 0x01, 0xFC, 0x81, 0xFE, 0x7F, 0xFF, 0x7F, 0xFF, 0xBF, 0xFF, 0xDF, 0xFF, 0xDF,
    0xFF, 0xCF, 0xFF, 0xC0, 0xFF, 0x80, 0x07, 0x80, 0x00, 0x0F, 0xC0, 0x00, 0x0F, 0xC0, 0x00, 0x0F,
    0xC0, 0x00, 0x0F, 0xC0, 0x00, 0x03, 0x80, 0x00, 0x00, 0x00, 0x00, 0x00, 0x00, 0x00, 0x00, 0x00,
    0x00, 0x00, 0x30, 0x00, 0x00, 0x78, 0x00, 0x01, 0xF8, 0x00, 0x07, 0xFC, 0x00, 0x03, 0xFC, 0x00,
    0x01, 0xFE, 0x00, 0x01, 0xFE, 0x00, 0x00, 0xFF, 0x00, 0x00, 0xFF, 0x00, 0x00, 0x7F, 0x00, 0x00,
    0x7F, 0x80, 0x00, 0x3F, 0x80, 0x00, 0x3F, 0x80, 0x20, 0x7F, 0xC0, 0x3F, 0xFF, 0xE0, 0x7F, 0xFF,
    0xFE, 0x7F, 0xFF, 0xFF, 0x7F, 0xFF, 0xFF, 0xFF, 0xFF, 0xFF, 0xFF, 0xFD, 0xFF, 0x3F, 0xF0, 0x7E,
    0x00, 0x20, 0x01, 0xC0, 0x1F, 0x01, 0xFE, 0x03, 0xF8, 0x0F, 0xE0, 0x1F, 0xC0, 0x7F, 0x00, 0xFC,
    0x03, 0xF0, 0x0F, 0xC0, 0x3F, 0x00, 0xFC, 0x07, 0xF0, 0x1F, 0xC0, 0xFF, 0x07, 0xF8, 0x7F, 0xC7,
    0xFF, 0x3F, 0xF8, 0xFF, 0xC1, 0xFE, 0x07, 0xE0, 0x1E, 0x00, 0x20, 0x00, 0x00, 0x20, 0x00, 0x03,
    0x80, 0x00, 0x7C, 0x00, 0x0F, 0xE0, 0x00, 0x3F, 0x80, 0x01, 0xFC, 0x00, 0x07, 0xF0, 0x00, 0x3F,
    0x80, 0x00, 0xFC, 0x00, 0x07, 0xF8, 0x00, 0x3F, 0xFC, 0x01, 0xFF, 0xF0, 0x0F, 0xFF, 0x80, 0xFF,
    0xFC, 0x07, 0xFF, 0xE0, 0x7F, 0x3E, 0x07, 0xF8, 0x00, 0xFF, 0x80, 0x1F, 0xFC, 0x01, 0xFF, 0xC0,
    0x0F, 0xFC, 0x00, 0x3F, 0xC0, 0x01, 0xF8, 0x00, 0x0F, 0x00, 0x00, 0x20, 0x00, 0x00, 0x03, 0xC0,
    0x1F, 0x80, 0x7E, 0x01, 0xF8, 0x07, 0xC0, 0x0E, 0x00, 0x00, 0x00, 0x00, 0x00, 0x00, 0x00, 0x80,
    0x07, 0x00, 0x7C, 0x07, 0xF8, 0x0F, 0xE0, 0x3F, 0x80, 0x7F, 0x01, 0xFC, 0x03, 0xF0, 0x0F, 0xC0,
    0x3F, 0x00, 0xFC, 0x03, 0xF0, 0x1F, 0xC0, 0x7F, 0x03, 0xFC, 0x1F, 0xE1, 0xFF, 0x1F, 0xFC, 0xFF,
    0xE3, 0xFF, 0x07, 0xF8, 0x1F, 0x80, 0x78, 0x00, 0x80, 0x00, 0x07, 0xC0, 0x00, 0x3E, 0x00, 0x01,
    0xF8, 0x00, 0x0F, 0x80, 0x00, 0x7C, 0x00, 0x01, 0xC0, 0x00, 0x00, 0x00, 0x00, 0x00, 0x00, 0x00,
    0x00, 0x00, 0x01, 0x00, 0x00, 0x1C, 0x00, 0x03, 0xE0, 0x00, 0x7F, 0x00, 0x01, 0xFC, 0x00, 0x0F,
    0xE0, 0x00, 0x3F, 0x80, 0x01, 0xFC, 0x00, 0x07, 0xE0, 0x00, 0x3F, 0xC0, 0x01, 0xFF, 0xE0, 0x0F,
    0xFF, 0x80, 0x7F, 0xFC, 0x07, 0xFF, 0xE0, 0x3F, 0xFF, 0x03, 0xF9, 0xF0, 0x3F, 0xC0, 0x07, 0xFC,
    0x00, 0xFF, 0xE0, 0x0F, 0xFE, 0x00, 0x7F, 0xE0, 0x01, 0xFE, 0x00, 0x0F, 0xC0, 0x00, 0x78, 0x00,
    0x01, 0x00, 0x00, 0x00, 0x00, 0x00, 0x00, 0x00, 0x00, 0x07, 0x00, 0x00, 0x00, 0x00, 0x00, 0x1F,
    0xC0, 0x00, 0x00, 0x00, 0x00, 0x03, 0xF0, 0x00, 0x00, 0x00, 0x00, 0x00, 0xFE, 0x00, 0x00, 0x00,
    0x00, 0x00, 0x3F, 0x80, 0x00, 0x03, 0x80, 0x3C, 0x07, 0xE0, 0x00, 0x07, 0xF0, 0x0F, 0xC1, 0xF8,
    0x00, 0x01, 0xFC, 0x07, 0xF0, 0x7F, 0x00, 0x00, 0x7F, 0x01, 0xFC, 0x1F, 0xC8, 0x00, 0x1F, 0xC0,
    0x7F, 0x07, 0xF7, 0xC0, 0x03, 0xF8, 0x1F, 0x81, 0xFD, 0xFC, 0x00, 0xFE, 0x0F, 0xE0, 0x7F, 0x7E,
    0x00, 0x3F, 0xC3, 0xFC, 0x1F, 0xFF, 0x80, 0x0F, 0xFF, 0xFF, 0xFF, 0xEF, 0xE0, 0x01, 0xFF, 0xFF,
    0xFF, 0xFB, 0xF8, 0x00, 0x7F, 0xFF, 0xFF, 0xFC, 0xFC, 0x00, 0x1F, 0xFF, 0xDF, 0xFF, 0x3F, 0x80,
    0x07, 0xFF, 0xE3, 0xFF, 0x8F, 0xE0, 0x03, 0xFB, 0xF0, 0x7F, 0x83, 0xF8, 0x00, 0xFE, 0x00, 0x00,
    0x00, 0xFF, 0x00, 0x7F, 0x80, 0x00, 0x00, 0x1F, 0xFF, 0xFF, 0xC0, 0x00, 0x00, 0x07, 0xFF, 0xFF,
    0xF0, 0x00, 0x00, 0x00, 0xFF, 0xFF, 0xF8, 0x00, 0x00, 0x00, 0x3F, 0xFF, 0xFC, 0x00, 0x00, 0x00,
    0x03, 0xFF, 0xFC, 0x00, 0x00, 0x00, 0x00, 0x3F, 0xFC, 0x00, 0x00, 0x00, 0x00, 0x01, 0xF8, 0x00,
    0x00, 0x00, 0x00, 0x00, 0x00, 0x00, 0x00, 0x00, 0x0F, 0x80, 0x00, 0x00, 0x00, 0x00, 0x00, 0x07,
    0xE0, 0x00, 0x00, 0x00, 0x00, 0x00, 0x01, 0xF8, 0x00, 0x00, 0x00, 0x38, 0x03, 0xC0, 0x7F, 0x00,
    0x00, 0x00, 0x7F, 0x00, 0xFC, 0x1F, 0xC0, 0x00, 0x00, 0x1F, 0xC0, 0x7F, 0x03, 0xF0, 0x00, 0x00,
    0x07, 0xF0, 0x1F, 0xC0, 0xFC, 0x00, 0x80, 0x01, 0xFC, 0x07, 0xF0, 0x3F, 0x00, 0x7C, 0x00, 0x3F,
    0x81, 0xF8, 0x0F, 0xE0, 0x1F, 0xC0, 0x0F, 0xE0, 0xFE, 0x07, 0xF8, 0x07, 0xE0, 0x03, 0xFC, 0x3F,
    0xC1, 0xFF, 0x03, 0xF8, 0x00, 0xFF, 0xFF, 0xFF, 0xFF, 0xFE, 0xFE, 0x00, 0x1F, 0xFF, 0xFF, 0xFF,
    0xFF, 0xBF, 0x80, 0x07, 0xFF, 0xFF, 0xFF, 0xFF, 0xFF, 0xC0, 0x01, 0xFF, 0xFD, 0xFF, 0xCF, 0xFF,
    0xF0, 0x00, 0x7F, 0xFE, 0x7F, 0xE1, 0xFE, 0xFE, 0x00, 0x3F, 0xFF, 0x07, 0xF0, 0x1F, 0xBF, 0x80,
    0x0F, 0xE0, 0x00, 0x00, 0x00, 0x0F, 0xF0, 0x07, 0xF8, 0x00, 0x00, 0x00, 0x01, 0xFF, 0xFF, 0xFC,
    0x00, 0x00, 0x00, 0x00, 0x7F, 0xFF, 0xFF, 0x00, 0x00, 0x00, 0x00, 0x0F, 0xFF, 0xFF, 0x80, 0x00,
    0x00, 0x00, 0x01, 0xFF, 0xFF, 0xC0, 0x00, 0x00, 0x00, 0x00, 0x3F, 0xFF, 0xC0, 0x00, 0x00, 0x00,
    0x00, 0x03, 0xFF, 0xE0, 0x00, 0x00, 0x00, 0x00, 0x00, 0x1F, 0x80, 0x00, 0x00, 0x00, 0x00, 0x00,
    0x00, 0x00, 0x00, 0x01, 0xC0, 0x00, 0x00, 0x01, 0xFC, 0x00, 0x00, 0x00, 0x0F, 0xC0, 0x00, 0x00,
    0x00, 0xFE, 0x00, 0x00, 0x00, 0x0F, 0xE0, 0x60, 0x03, 0xC0, 0x7E, 0x07, 0xE0, 0x7F, 0x07, 0xE0,
    0x7E, 0x07, 0xF0, 0x7E, 0x0F, 0xE0, 0x7E, 0x07, 0xF0, 0xFE, 0x07, 0xE0, 0x7F, 0x0F, 0xE0, 0x7E,
    0x07, 0xF1, 0xFE, 0x0F, 0xE0, 0x7F, 0x1F, 0xF1, 0xFF, 0x0F, 0xFF, 0xFF, 0xFF, 0xFF, 0xFE, 0xFF,
    0xFF, 0xFF, 0xFF, 0xEF, 0xFF, 0xFF, 0xFF, 0xFC, 0xFF, 0xFF, 0xF7, 0xFF, 0xCF, 0xE7, 0xFE, 0x7F,
    0xF0, 0xF8, 0x3F, 0xC1, 0xFE, 0x00, 0x00, 0x00, 0x00, 0x03, 0xE0, 0x00, 0x00, 0x00, 0x00, 0x7E,
    0x00, 0x00, 0x00, 0x00, 0x07, 0xE0, 0x00, 0x60, 0x03, 0xC0, 0x7E, 0x00, 0x07, 0xE0, 0x7F, 0x07,
    0xF0, 0x00, 0x7E, 0x07, 0xF0, 0x7F, 0x00, 0x0F, 0xE0, 0x7F, 0x07, 0xF0, 0x00, 0xFE, 0x07, 0xE0,
    0x7F, 0x00, 0x0F, 0xE0, 0x7E, 0x07, 0xF0, 0x01, 0xFE, 0x0F, 0xE0, 0x7F, 0x80, 0x1F, 0xF1, 0xFF,
    0x0F, 0xFC, 0x0F, 0xFF, 0xFF, 0xFF, 0xFF, 0xFC, 0xFF, 0xFF, 0xFF, 0xFF, 0xFF, 0xEF, 0xFF, 0xFF,
    0xFF, 0xFF, 0xFF, 0xFF, 0xFF, 0xF7, 0xFF, 0x3F, 0xFF, 0xC7, 0xFE, 0x7F, 0xE1, 0xFE, 0xF8, 0x3F,
    0xC1, 0xFC, 0x07, 0xC0, 0x00, 0x00, 0x00, 0x00, 0x80, 0x00, 0x00, 0x00, 0x00, 0x00, 0xF0, 0x00,
    0x00, 0x00, 0x00, 0x00, 0x7E, 0x00, 0x00, 0x00, 0x00, 0x00, 0x1F, 0x80, 0x00, 0x00, 0x00, 0x00,
    0x03, 0xC0, 0x00, 0x00, 0x00, 0x00, 0x00, 0xF0, 0x00, 0x00, 0x00, 0x00, 0x00, 0xC3, 0x80, 0x00,
    0x00, 0x00, 0x00, 0xF9, 0xF0, 0x00, 0x00, 0x00, 0x00, 0x3E, 0x7C, 0x00, 0x00, 0x00, 0x00, 0x0F,
    0xDF, 0x00, 0x00, 0x00, 0x00, 0x03, 0xE7, 0xC0, 0x00, 0x00, 0x00, 0x00, 0x70, 0xE0, 0x00, 0x00,
    0x00, 0x00, 0x00, 0x00, 0x07, 0x00, 0x00, 0x00, 0x00, 0x00, 0x1F, 0xC0, 0x00, 0x00, 0x00, 0x00,
    0x03, 0xF0, 0x00, 0x00, 0x00, 0x00, 0x00, 0xFE, 0x00, 0x00, 0x00, 0x00, 0x00, 0x3F, 0x80, 0x00,
    0x03, 0x80, 0x3C, 0x07, 0xE0, 0x00, 0x07, 0xF0, 0x0F, 0xC1, 0xF8, 0x00, 0x01, 0xFC, 0x07, 0xF0,
    0x7F, 0x00, 0x00, 0x7F, 0x01, 0xFC, 0x1F, 0xC8, 0x00, 0x1F, 0xC0, 0x7F, 0x07, 0xF7, 0xC0, 0x03,
    0xF8, 0x1F, 0x81, 0xFD, 0xFC, 0x00, 0xFE, 0x0F, 0xE0, 0x7F, 0x7E, 0x00, 0x3F, 0xC3, 0xFC, 0x1F,
    0xFF, 0x80, 0x0F, 0xFF, 0xFF, 0xFF, 0xEF, 0xE0, 0x01, 0xFF, 0xFF, 0xFF, 0xFB, 0xF8, 0x00, 0x7F,
    0xFF, 0xFF, 0xFC, 0xFC, 0x00, 0x1F, 0xFF, 0xDF, 0xFF, 0x3F, 0x80, 0x07, 0xFF, 0xE3, 0xFF, 0x8F,
    0xE0, 0x03, 0xFB, 0xF0, 0x7F, 0x83, 0xF8, 0x00, 0xFE, 0x00, 0x00, 0x00, 0xFF, 0x00, 0x7F, 0x80,
    0x00, 0x00, 0x1F, 0xFF, 0xFF, 0xC0, 0x00, 0x00, 0x07, 0xFF, 0xFF, 0xF0, 0x00, 0x00, 0x00, 0xFF,
    0xFF, 0xF8, 0x00, 0x00, 0x00, 0x3F, 0xFF, 0xFC, 0x00, 0x00, 0x00, 0x03, 0xFF, 0xFC, 0x00, 0x00,
    0x00, 0x00, 0x3F, 0xFC, 0x00, 0x00, 0x00, 0x00, 0x01, 0xF8, 0x00, 0x00, 0x00, 0x00, 0x00, 0x00,
    0x00, 0x00, 0x80, 0x00, 0x00, 0x00, 0x00, 0x00, 0x00, 0xF0, 0x00, 0x00, 0x00, 0x00, 0x00, 0x00,
    0x7E, 0x00, 0x00, 0x00, 0x00, 0x00, 0x00, 0x1F, 0x80, 0x00, 0x00, 0x00, 0x00, 0x00, 0x03, 0xC0,
    0x00, 0x00, 0x00, 0x00, 0x00, 0x00, 0xF0, 0x00, 0x00, 0x00, 0x00, 0x00, 0x00, 0xC3, 0x80, 0x00,
    0x00, 0x00, 0x00, 0x00, 0xF9, 0xF0, 0x00, 0x00, 0x00, 0x00, 0x00, 0x3E, 0x7C, 0x00, 0x00, 0x00,
    0x00, 0x00, 0x0F, 0xDF, 0x00, 0x00, 0x00, 0x00, 0x00, 0x03, 0xE7, 0xC0, 0x00, 0x00, 0x00, 0x00,
    0x00, 0x70, 0xE0, 0x00, 0x00, 0x00, 0x00, 0x00, 0x00, 0x00, 0x00, 0x00, 0x00, 0x00, 0x00, 0x00,
    0x00, 0x00, 0x00, 0x00, 0x00, 0x00, 0x00, 0x00, 0x00, 0xF8, 0x00, 0x00, 0x00, 0x00, 0x00, 0x00,
    0x7E, 0x00, 0x00, 0x00, 0x00, 0x00, 0x00, 0x1F, 0x80, 0x00, 0x00, 0x03, 0x80, 0x3C, 0x07, 0xF0,
    0x00, 0x00, 0x07, 0xF0, 0x0F, 0xC1, 0xFC, 0x00, 0x00, 0x01, 0xFC, 0x07, 0xF0, 0x3F, 0x00, 0x00,
    0x00, 0x7F, 0x01, 0xFC, 0x0F, 0xC0, 0x08, 0x00, 0x1F, 0xC0, 0x7F, 0x03, 0xF0, 0x07, 0xC0, 0x03,
    0xF8, 0x1F, 0x80, 0xFE, 0x01, 0xFC, 0x00, 0xFE, 0x0F, 0xE0, 0x7F, 0x80, 0x7E, 0x00, 0x3F, 0xC3,
    0xFC, 0x1F, 0xF0, 0x3F, 0x80, 0x0F, 0xFF, 0xFF, 0xFF, 0xFF, 0xEF, 0xE0, 0x01, 0xFF, 0xFF, 0xFF,
    0xFF, 0xFB, 0xF8, 0x00, 0x7F, 0xFF, 0xFF, 0xFF, 0xFF, 0xFC, 0x00, 0x1F, 0xFF, 0xDF, 0xFC, 0xFF,
    0xFF, 0x00, 0x07, 0xFF, 0xE7, 0xFE, 0x1F, 0xEF, 0xE0, 0x03, 0xFF, 0xF0, 0x7F, 0x01, 0xFB, 0xF8,
    0x00, 0xFE, 0x00, 0x00, 0x00, 0x00, 0xFF, 0x00, 0x7F, 0x80, 0x00, 0x00, 0x00, 0x1F, 0xFF, 0xFF,
    0xC0, 0x00, 0x00, 0x00, 0x07, 0xFF, 0xFF, 0xF0, 0x00, 0x00, 0x00, 0x00, 0xFF, 0xFF, 0xF8, 0x00,
    0x00, 0x00, 0x00, 0x1F, 0xFF, 0xFC, 0x00, 0x00, 0x00, 0x00, 0x03, 0xFF, 0xFC, 0x00, 0x00, 0x00,
    0x00, 0x00, 0x3F, 0xFE, 0x00, 0x00, 0x00, 0x00, 0x00, 0x01, 0xF8, 0x00, 0x00, 0x00, 0x00, 0x00,
    0x00, 0x00, 0x08, 0x00, 0x00, 0x00, 0x03, 0xE0, 0x00, 0x00, 0x00, 0x3E, 0x00, 0x00, 0x00, 0x03,
    0xE0, 0x00, 0x00, 0x00, 0x3E, 0x00, 0x00, 0x00, 0x01, 0xC0, 0x00, 0x00, 0x00, 0xC3, 0x80, 0x00,
    0x00, 0x1E, 0x7C, 0x00, 0x00, 0x03, 0xF7, 0xC0, 0x00, 0x00, 0x3F, 0x7E, 0x00, 0x00, 0x01, 0xE7,
    0xC0, 0x00, 0x00, 0x0C, 0x38, 0x00, 0x00, 0x00, 0x00, 0x01, 0xC0, 0x00, 0x00, 0x01, 0xFC, 0x00,
    0x00, 0x00, 0x0F, 0xC0, 0x00, 0x00, 0x00, 0xFE, 0x00, 0x00, 0x00, 0x0F, 0xE0, 0x60, 0x03, 0xC0,
    0x7E, 0x07, 0xE0, 0x7F, 0x07, 0xE0, 0x7E, 0x07, 0xF0, 0x7E, 0x0F, 0xE0, 0x7E, 0x07, 0xF0, 0xFE,
    0x07, 0xE0, 0x7F, 0x0F, 0xE0, 0x7E, 0x07, 0xF1, 0xFE, 0x0F, 0xE0, 0x7F, 0x1F, 0xF1, 0xFF, 0x0F,
    0xFF, 0xFF, 0xFF, 0xFF, 0xFE, 0xFF, 0xFF, 0xFF, 0xFF, 0xEF, 0xFF, 0xFF, 0xFF, 0xFC, 0xFF, 0xFF,
    0xF7, 0xFF, 0xCF, 0xE7, 0xFE, 0x7F, 0xF0, 0xF8, 0x3F, 0xC1, 0xFE, 0x00, 0x00, 0x00, 0x10, 0x00,
    0x00, 0x00, 0x00, 0x03, 0xC0, 0x00, 0x00, 0x00, 0x00, 0x7E, 0x00, 0x00, 0x00, 0x00, 0x07, 0xE0,
    0x00, 0x00, 0x00, 0x00, 0x7C, 0x00, 0x00, 0x00, 0x00, 0x03, 0xC0, 0x00, 0x00, 0x00, 0x01, 0xC3,
    0x80, 0x00, 0x00, 0x00, 0x3E, 0x7C, 0x00, 0x00, 0x00, 0x03, 0xE7, 0xC0, 0x00, 0x00, 0x00, 0x3E,
    0x7C, 0x00, 0x00, 0x00, 0x03, 0xE7, 0xC0, 0x00, 0x00, 0x00, 0x1C, 0x38, 0x00, 0x00, 0x00, 0x00,
    0x00, 0x00, 0x00, 0x00, 0x00, 0x00, 0x00, 0x00, 0x00, 0x00, 0x00, 0x00, 0x03, 0xE0, 0x00, 0x00,
    0x00, 0x00, 0x7E, 0x00, 0x00, 0x00, 0x00, 0x07, 0xE0, 0x00, 0x60, 0x03, 0xC0, 0x7E, 0x00, 0x07,
    0xE0, 0x7F, 0x07, 0xF0, 0x00, 0x7E, 0x07, 0xF0, 0x7F, 0x00, 0x0F, 0xE0, 0x7F, 0x07, 0xF0, 0x00,
    0xFE, 0x07, 0xE0, 0x7F, 0x00, 0x0F, 0xE0, 0x7E, 0x07, 0xF0, 0x01, 0xFE, 0x0F, 0xE0, 0x7F, 0x80,
    0x1F, 0xF1, 0xFF, 0x0F, 0xFC, 0x0F, 0xFF, 0xFF, 0xFF, 0xFF, 0xFC, 0xFF, 0xFF, 0xFF, 0xFF, 0xFF,
    0xEF, 0xFF, 0xFF, 0xFF, 0xFF, 0xFF, 0xFF, 0xFF, 0xF7, 0xFF, 0x3F, 0xFF, 0xC7, 0xFE, 0x7F, 0xE1,
    0xFE, 0xF8, 0x3F, 0xC1, 0xFC, 0x07, 0xC0, 0x00, 0x00, 0x00, 0x00, 0x00, 0xFC, 0x00, 0x00, 0x00,
    0x00, 0x00, 0x3F, 0xF0, 0x00, 0x00, 0x00, 0x00, 0x0F, 0xFF, 0x80, 0x00, 0x00, 0x00, 0x01, 0xFF,
    0xFC, 0x00, 0x00, 0x0E, 0x00, 0x7F, 0xFF, 0xE0, 0x00, 0x07, 0xF0, 0x0F, 0xFF, 0xFE, 0x00, 0x00,
    0x7F, 0x01, 0xFF, 0xFF, 0xE0, 0x00, 0x07, 0xF0, 0x3F, 0xE0, 0x7E, 0x20, 0x00, 0x7F, 0x07, 0xFC,
    0x07, 0xF7, 0xC0, 0x03, 0xF8, 0x7F, 0x80, 0x7E, 0x7F, 0x00, 0x3F, 0x8F, 0xF0, 0x0F, 0xE7, 0xE0,
    0x03, 0xFF, 0xFE, 0x03, 0xFE, 0xFE, 0x00, 0x3F, 0xFF, 0xFF, 0xFF, 0xEF, 0xE0, 0x01, 0xFF, 0xFF,
    0xFF, 0xFC, 0xFE, 0x00, 0x1F, 0xFF, 0xFF, 0xFF, 0x8F, 0xC0, 0x01, 0xFF, 0xFF, 0xFF, 0xF0, 0xFE,
    0x00, 0x1F, 0xFF, 0xFF, 0xFC, 0x0F, 0xE0, 0x03, 0xF9, 0xFF, 0xFF, 0x00, 0xFE, 0x00, 0x3F, 0x80,
    0x00, 0x00, 0x0F, 0xF0, 0x07, 0xF8, 0x00, 0x00, 0x00, 0x7F, 0xFF, 0xFF, 0x00, 0x00, 0x00, 0x07,
    0xFF, 0xFF, 0xF0, 0x00, 0x00, 0x00, 0x3F, 0xFF, 0xFE, 0x00, 0x00, 0x00, 0x03, 0xFF, 0xFF, 0xC0,
    0x00, 0x00, 0x00, 0x0F, 0xFF, 0xF0, 0x00, 0x00, 0x00, 0x00, 0x3F, 0xFC, 0x00, 0x00, 0x00, 0x00,
    0x00, 0x7E, 0x00, 0x00, 0x00, 0x00, 0x00, 0x00, 0x00, 0x00, 0x00, 0x00, 0xFC, 0x00, 0x00, 0x00,
    0x00, 0x00, 0x00, 0xFF, 0xC0, 0x00, 0x00, 0x00, 0x00, 0x00, 0xFF, 0xF8, 0x00, 0x00, 0x00, 0x00,
    0x00, 0x7F, 0xFF, 0x00, 0x00, 0x00, 0x0E, 0x00, 0x7F, 0xFF, 0xE0, 0x00, 0x00, 0x1F, 0xC0, 0x3F,
    0xFF, 0xF8, 0x00, 0x00, 0x07, 0xF0, 0x1F, 0xFF, 0xFE, 0x00, 0x00, 0x01, 0xFC, 0x0F, 0xF8, 0x1F,
    0x80, 0x20, 0x00, 0x7F, 0x07, 0xFC, 0x07, 0xF0, 0x1F, 0x00, 0x0F, 0xE1, 0xFE, 0x01, 0xF8, 0x07,
    0xF0, 0x03, 0xF8, 0xFF, 0x00, 0xFE, 0x01, 0xF8, 0x00, 0xFF, 0xFF, 0x80, 0xFF, 0x80, 0xFE, 0x00,
    0x3F, 0xFF, 0xFF, 0xFF, 0xFF, 0x3F, 0x80, 0x07, 0xFF, 0xFF, 0xFF, 0xFF, 0xEF, 0xE0, 0x01, 0xFF,
    0xFF, 0xFF, 0xFF, 0xFB, 0xF0, 0x00, 0x7F, 0xFF, 0xFF, 0xFF, 0xFF, 0xFE, 0x00, 0x1F, 0xFF, 0xFF,
    0xFD, 0xFF, 0xBF, 0x80, 0x0F, 0xE7, 0xFF, 0xFC, 0x1F, 0xCF, 0xE0, 0x03, 0xF8, 0x00, 0x00, 0x00,
    0x03, 0xFC, 0x01, 0xFE, 0x00, 0x00, 0x00, 0x00, 0x7F, 0xFF, 0xFF, 0x00, 0x00, 0x00, 0x00, 0x1F,
    0xFF, 0xFF, 0xC0, 0x00, 0x00, 0x00, 0x03, 0xFF, 0xFF, 0xE0, 0x00, 0x00, 0x00, 0x00, 0xFF, 0xFF,
    0xF0, 0x00, 0x00, 0x00, 0x00, 0x0F, 0xFF, 0xF0, 0x00, 0x00, 0x00, 0x00, 0x00, 0xFF, 0xF0, 0x00,
    0x00, 0x00, 0x00, 0x00, 0x07, 0xE0, 0x00, 0x00, 0x00, 0x00, 0x00, 0x00, 0x00, 0x00, 0x78, 0x00,
    0x00, 0x00, 0x3F, 0xF0, 0x00, 0x00, 0x0F, 0xFF, 0x80, 0x00, 0x01, 0xFF, 0xFC, 0x0C, 0x00, 0x3F,
    0xFF, 0xE0, 0xFC, 0x07, 0xFF, 0xFE, 0x0F, 0xC1, 0xFF, 0xFF, 0xE0, 0xFC, 0x1F, 0xF0, 0x7F, 0x1F,
    0xC3, 0xFC, 0x07, 0xF1, 0xFC, 0x7F, 0x80, 0x7F, 0x1F, 0xCF, 0xF0, 0x07, 0xE3, 0xFF, 0xFE, 0x01,
    0xFE, 0xFF, 0xFF, 0xFF, 0xFF, 0xEF, 0xFF, 0xFF, 0xFF, 0xFC, 0xFF, 0xFF, 0xFF, 0xFF, 0xCF, 0xFF,
    0xFF, 0xFF, 0xF0, 0xFC, 0x7F, 0xFF, 0xFE, 0x0F, 0x01, 0xFF, 0xFF, 0x80, 0x00, 0x00, 0x7E, 0x00,
    0x00, 0x00, 0x00, 0x00, 0x78, 0x00, 0x00, 0x00, 0x00, 0xFF, 0xC0, 0x00, 0x00, 0x00, 0xFF, 0xF8,
    0x00, 0x00, 0x00, 0x7F, 0xFF, 0x00, 0x0C, 0x00, 0x3F, 0xFF, 0xE0, 0x03, 0xF0, 0x1F, 0xFF, 0xF8,
    0x00, 0xFC, 0x1F, 0xFF, 0xFE, 0x00, 0x3F, 0x07, 0xFC, 0x1F, 0xC0, 0x1F, 0xC3, 0xFC, 0x07, 0xF0,
    0x07, 0xF1, 0xFE, 0x01, 0xFC, 0x01, 0xFC, 0xFF, 0x00, 0x7E, 0x00, 0xFF, 0xFF, 0x80, 0x7F, 0x80,
    0xFF, 0xFF, 0xFF, 0xFF, 0xFF, 0xBF, 0xFF, 0xFF, 0xFF, 0xFF, 0xFF, 0xFF, 0xFF, 0xFF, 0xFF, 0xFF,
    0xFF, 0xFF, 0xFF, 0xFF, 0xFF, 0xFC, 0x7F, 0xFF, 0xFF, 0xFF, 0xFC, 0x07, 0xFF, 0xFE, 0x1F, 0xE0,
    0x00, 0x07, 0xE0, 0x00, 0x00, 0x00, 0x00, 0x00, 0x00, 0x00, 0xF0, 0x00, 0x00, 0x00, 0x00, 0x00,
    0x1F, 0x80, 0x00, 0x00, 0x00, 0x00, 0x01, 0xF8, 0x00, 0x00, 0x00, 0x00, 0x00, 0x1F, 0x80, 0x00,
    0x00, 0x00, 0x00, 0x01, 0xF0, 0x00, 0x00, 0x00, 0x00, 0x00, 0x0E, 0x00, 0x00, 0x00, 0x00, 0x00,
    0x00, 0x00, 0x00, 0x00, 0x00, 0x00, 0x00, 0x00, 0x00, 0x00, 0x00, 0x00, 0x00, 0x00, 0x00, 0x00,
    0x00, 0x00, 0x00, 0x00, 0x0F, 0xC0, 0x00, 0x00, 0x00, 0x00, 0x03, 0xFF, 0x00, 0x00, 0x00, 0x00,
    0x00, 0xFF, 0xF8, 0x00, 0x00, 0x00, 0x00, 0x1F, 0xFF, 0xC0, 0x00, 0x00, 0xE0, 0x07, 0xFF, 0xFE,
    0x00, 0x00, 0x7F, 0x00, 0xFF, 0xFF, 0xE0, 0x00, 0x07, 0xF0, 0x1F, 0xFF, 0xFE, 0x00, 0x00, 0x7F,
    0x03, 0xFE, 0x07, 0xE2, 0x00, 0x07, 0xF0, 0x7F, 0xC0, 0x7F, 0x7C, 0x00, 0x3F, 0x87, 0xF8, 0x07,
    0xE7, 0xF0, 0x03, 0xF8, 0xFF, 0x00, 0xFE, 0x7E, 0x00, 0x3F, 0xFF, 0xE0, 0x3F, 0xEF, 0xE0, 0x03,
    0xFF, 0xFF, 0xFF, 0xFE, 0xFE, 0x00, 0x1F, 0xFF, 0xFF, 0xFF, 0xCF, 0xE0, 0x01, 0xFF, 0xFF, 0xFF,
    0xF8, 0xFC, 0x00, 0x1F, 0xFF, 0xFF, 0xFF, 0x0F, 0xE0, 0x01, 0xFF, 0xFF, 0xFF, 0xC0, 0xFE, 0x00,
    0x3F, 0x9F, 0xFF, 0xF0, 0x0F, 0xE0, 0x03, 0xF8, 0x00, 0x00, 0x00, 0xFF, 0x00, 0x7F, 0x80, 0x00,
    0x00, 0x07, 0xFF, 0xFF, 0xF0, 0x00, 0x00, 0x00, 0x7F, 0xFF, 0xFF, 0x00, 0x00, 0x00, 0x03, 0xFF,
    0xFF, 0xE0, 0x00, 0x00, 0x00, 0x3F, 0xFF, 0xFC, 0x00, 0x00, 0x00, 0x00, 0xFF, 0xFF, 0x00, 0x00,
    0x00, 0x00, 0x03, 0xFF, 0xC0, 0x00, 0x00, 0x00, 0x00, 0x07, 0xE0, 0x00, 0x00, 0x00, 0x00, 0x00,
    0x00, 0x00, 0x00, 0x00, 0xF0, 0x00, 0x00, 0x00, 0x00, 0x00, 0x00, 0x7E, 0x00, 0x00, 0x00, 0x00,
    0x00, 0x00, 0x1F, 0x80, 0x00, 0x00, 0x00, 0x00, 0x00, 0x07, 0xE0, 0x00, 0x00, 0x00, 0x00, 0x00,
    0x01, 0xF0, 0x00, 0x00, 0x00, 0x00, 0x00, 0x00, 0x38, 0x00, 0x00, 0x00, 0x00, 0x00, 0x00, 0x00,
    0x00, 0x00, 0x00, 0x00, 0x00, 0x00, 0x00, 0x00, 0x00, 0x00, 0x00, 0x00, 0x00, 0x00, 0x00, 0x00,
    0x00, 0x00, 0x00, 0x00, 0x00, 0x3F, 0x00, 0x00, 0x00, 0x00, 0x00, 0x00, 0x3F, 0xF0, 0x00, 0x00,
    0x00, 0x00, 0x00, 0x3F, 0xFE, 0x00, 0x00, 0x00, 0x00, 0x00, 0x1F, 0xFF, 0xC0, 0x00, 0x00, 0x03,
    0x80, 0x1F, 0xFF, 0xF8, 0x00, 0x00, 0x07, 0xF0, 0x0F, 0xFF, 0xFE, 0x00, 0x00, 0x01, 0xFC, 0x07,
    0xFF, 0xFF, 0x80, 0x00, 0x00, 0x7F, 0x03, 0xFE, 0x07, 0xE0, 0x08, 0x00, 0x1F, 0xC1, 0xFF, 0x01,
    0xFC, 0x07, 0xC0, 0x03, 0xF8, 0x7F, 0x80, 0x7E, 0x01, 0xFC, 0x00, 0xFE, 0x3F, 0xC0, 0x3F, 0x80,
    0x7E, 0x00, 0x3F, 0xFF, 0xE0, 0x3F, 0xE0, 0x3F, 0x80, 0x0F, 0xFF, 0xFF, 0xFF, 0xFF, 0xCF, 0xE0,
    0x01, 0xFF, 0xFF, 0xFF, 0xFF, 0xFB, 0xF8, 0x00, 0x7F, 0xFF, 0xFF, 0xFF, 0xFE, 0xFC, 0x00, 0x1F,
    0xFF, 0xFF, 0xFF, 0xFF, 0xFF, 0x80, 0x07, 0xFF, 0xFF, 0xFF, 0x7F, 0xEF, 0xE0, 0x03, 0xF9, 0xFF,
    0xFF, 0x07, 0xF3, 0xF8, 0x00, 0xFE, 0x00, 0x00, 0x00, 0x00, 0xFF, 0x00, 0x7F, 0x80, 0x00, 0x00,
    0x00, 0x1F, 0xFF, 0xFF, 0xC0, 0x00, 0x00, 0x00, 0x07, 0xFF, 0xFF, 0xF0, 0x00, 0x00, 0x00, 0x00,
    0xFF, 0xFF, 0xF8, 0x00, 0x00, 0x00, 0x00, 0x3F, 0xFF, 0xFC, 0x00, 0x00, 0x00, 0x00, 0x03, 0xFF,
    0xFC, 0x00, 0x00, 0x00, 0x00, 0x00, 0x3F, 0xFC, 0x00, 0x00, 0x00, 0x00, 0x00, 0x01, 0xF8, 0x00,
    0x00, 0x00, 0x00, 0x00, 0x00, 0x00, 0x00, 0xF0, 0x00, 0x00, 0x00, 0x1F, 0x80, 0x00, 0x00, 0x01,
    0xF8, 0x00, 0x00, 0x00, 0x1F, 0x80, 0x00, 0x00, 0x00, 0xF8, 0x00, 0x00, 0x00, 0x07, 0x00, 0x00,
    0x00, 0x00, 0x00, 0x00, 0x00, 0x00, 0x00, 0x00, 0x00, 0x00, 0x00, 0x00, 0x00, 0x00, 0x00, 0x07,
    0x80, 0x00, 0x00, 0x03, 0xFF, 0x00, 0x00, 0x00, 0xFF, 0xF8, 0x00, 0x00, 0x1F, 0xFF, 0xC0, 0xC0,
    0x03, 0xFF, 0xFE, 0x0F, 0xC0, 0x7F, 0xFF, 0xE0, 0xFC, 0x1F, 0xFF, 0xFE, 0x0F, 0xC1, 0xFF, 0x07,
    0xF1, 0xFC, 0x3F, 0xC0, 0x7F, 0x1F, 0xC7, 0xF8, 0x07, 0xF1, 0xFC, 0xFF, 0x00, 0x7E, 0x3F, 0xFF,
    0xE0, 0x1F, 0xEF, 0xFF, 0xFF, 0xFF, 0xFE, 0xFF, 0xFF, 0xFF, 0xFF, 0xCF, 0xFF, 0xFF, 0xFF, 0xFC,
    0xFF, 0xFF, 0xFF, 0xFF, 0x0F, 0xC7, 0xFF, 0xFF, 0xE0, 0xF0, 0x1F, 0xFF, 0xF8, 0x00, 0x00, 0x07,
    0xE0, 0x00, 0x00, 0x00, 0x00, 0xF0, 0x00, 0x00, 0x00, 0x00, 0x7E, 0x00, 0x00, 0x00, 0x00, 0x1F,
    0x80, 0x00, 0x00, 0x00, 0x07, 0xE0, 0x00, 0x00, 0x00, 0x00, 0xF8, 0x00, 0x00, 0x00, 0x00, 0x1C,
    0x00, 0x00, 0x00, 0x00, 0x00, 0x00, 0x00, 0x00, 0x00, 0x00, 0x00, 0x00, 0x00, 0x00, 0x00, 0x00,
    0x00, 0x00, 0x00, 0x00, 0x1E, 0x00, 0x00, 0x00, 0x00, 0x3F, 0xF0, 0x00, 0x00, 0x00, 0x3F, 0xFE,
    0x00, 0x00, 0x00, 0x1F, 0xFF, 0xC0, 0x03, 0x00, 0x0F, 0xFF, 0xF8, 0x00, 0xFC, 0x07, 0xFF, 0xFE,
    0x00, 0x3F, 0x07, 0xFF, 0xFF, 0x80, 0x0F, 0xC1, 0xFF, 0x07, 0xF0, 0x07, 0xF0, 0xFF, 0x01, 0xFC,
    0x01, 0xFC, 0x7F, 0x80, 0x7F, 0x00, 0x7F, 0x3F, 0xC0, 0x1F, 0x80, 0x3F, 0xFF, 0xE0, 0x1F, 0xE0,
    0x3F, 0xFF, 0xFF, 0xFF, 0xFF, 0xEF, 0xFF, 0xFF, 0xFF, 0xFF, 0xFF, 0xFF, 0xFF, 0xFF, 0xFF, 0xFF,
    0xFF, 0xFF, 0xFF, 0xFF, 0xFF, 0xFF, 0x1F, 0xFF, 0xFF, 0xFF, 0xFF, 0x01, 0xFF, 0xFF, 0x87, 0xF8,
    0x00, 0x01, 0xF8, 0x00, 0x00, 0x03, 0xF0, 0x00, 0x00, 0x1F, 0x80, 0x00, 0x00, 0xFC, 0x00, 0x00,
    0x07, 0xE0, 0x00, 0x00, 0x3F, 0x80, 0x00, 0x01, 0xFC, 0x00, 0x00, 0x0F, 0xE0, 0x00, 0x00, 0x7F,
    0x00, 0x00, 0x03, 0xF8, 0x00, 0x00, 0x1F, 0xC0, 0x00, 0x00, 0xFE, 0x00, 0x00, 0x07, 0xF0, 0x7E,
    0x00, 0x3F, 0x8F, 0xFC, 0x01, 0xFD, 0xFF, 0xF0, 0x0F, 0xFF, 0xFF, 0xC0, 0x7F, 0xFF, 0xFE, 0x03,
    0xFF, 0xFF, 0xF8, 0x1F, 0xFF, 0xFF, 0xC0, 0xFF, 0xE0, 0xFE, 0x07, 0xFE, 0x03, 0xF0, 0x3F, 0xC0,
    0x1F, 0x81, 0xFC, 0x01, 0xFC, 0x1F, 0xC0, 0x3F, 0xFF, 0xFF, 0xFF, 0xFE, 0xFF, 0xFF, 0xFF, 0xF7,
    0xFF, 0xFF, 0xFF, 0x3F, 0xFF, 0xFF, 0xF1, 0xFF, 0xFF, 0xFE, 0x0F, 0xFF, 0xFF, 0xC0, 0x00, 0x03,
    0xF0, 0x00, 0x00, 0x00, 0x7E, 0x00, 0x00, 0x00, 0x0F, 0xC0, 0x00, 0x00, 0x01, 0xF8, 0x00, 0x00,
    0x00, 0x3F, 0x80, 0x00, 0x00, 0x07, 0xF0, 0x00, 0x00, 0x00, 0xFE, 0x00, 0x00, 0x00, 0x1F, 0xC0,
    0x00, 0x00, 0x03, 0xF8, 0x00, 0x00, 0x00, 0x7F, 0x00, 0x00, 0x00, 0x0F, 0xE0, 0x00, 0x00, 0x01,
    0xFC, 0x1F, 0x80, 0x00, 0x3F, 0x8F, 0xFC, 0x00, 0x07, 0xF7, 0xFF, 0xC0, 0x00, 0xFF, 0xFF, 0xFC,
    0x00, 0x1F, 0xFF, 0xFF, 0x80, 0x03, 0xFF, 0xFF, 0xF8, 0x00, 0x7F, 0xFF, 0xFF, 0x00, 0x0F, 0xFE,
    0x0F, 0xE0, 0x01, 0xFF, 0x80, 0xFC, 0x00, 0x3F, 0xC0, 0x1F, 0x80, 0x07, 0xF0, 0x07, 0xF0, 0x01,
    0xFC, 0x03, 0xFE, 0x07, 0xFF, 0xFF, 0xFF, 0xFE, 0xFF, 0xFF, 0xFF, 0xFF, 0xFF, 0xFF, 0xFF, 0xFF,
    0xFF, 0xFF, 0xFF, 0xFF, 0xFF, 0xFF, 0xFF, 0xFF, 0xFF, 0xFF, 0xFF, 0xFF, 0xC1, 0xFC, 0x1F, 0xC0,
    0x00, 0x03, 0xF8, 0x00, 0x00, 0x7F, 0x00, 0x00, 0x0F, 0xE0, 0x00, 0x01, 0xFC, 0x00, 0x00, 0x3F,
    0x80, 0x00, 0x07, 0xF0, 0x00, 0x00, 0x7E, 0x00, 0x00, 0x0F, 0xC0, 0x00, 0x01, 0xF8, 0x00, 0x00,
    0x3F, 0x00, 0x00, 0x07, 0xE1, 0xFE, 0x00, 0xFC, 0xFF, 0xF0, 0x1F, 0xBF, 0xFF, 0x03, 0xFF, 0xFF,
    0xE0, 0x7F, 0xFF, 0xFE, 0x0F, 0xFF, 0xFF, 0xC1, 0xFF, 0xE3, 0xFC, 0x3F, 0xF0, 0x3F, 0x87, 0xFC,
    0x07, 0xF0, 0xFF, 0x00, 0xFE, 0x3F, 0x80, 0x3F, 0x8F, 0xF0, 0x3F, 0xF7, 0xFF, 0xFF, 0xFE, 0xFF,
    0xFF, 0xFF, 0x9F, 0xFF, 0xFF, 0xE3, 0xFF, 0xFF, 0xF8, 0x7F, 0xFF, 0xFC, 0x0F, 0xFF, 0xFC, 0x00,
    0x1F, 0xC0, 0x00, 0x00, 0x0F, 0xE0, 0x00, 0x00, 0x07, 0xF0, 0x00, 0x00, 0x03, 0xF8, 0x00, 0x00,
    0x01, 0xFC, 0x00, 0x00, 0x00, 0xFE, 0x00, 0x00, 0x00, 0x7F, 0x00, 0x00, 0x00, 0x1F, 0x80, 0x00,
    0x00, 0x0F, 0xC0, 0x00, 0x00, 0x07, 0xE0, 0x00, 0x00, 0x03, 0xF0, 0x00, 0x00, 0x01, 0xF8, 0x7F,
    0x80, 0x00, 0xFC, 0xFF, 0xF0, 0x00, 0x7E, 0xFF, 0xFC, 0x00, 0x3F, 0xFF, 0xFE, 0x00, 0x1F, 0xFF,
    0xFF, 0x80, 0x0F, 0xFF, 0xFF, 0xC0, 0x07, 0xFF, 0x8F, 0xF0, 0x03, 0xFF, 0x03, 0xF8, 0x01, 0xFF,
    0x01, 0xFC, 0x00, 0xFF, 0x00, 0xFE, 0x00, 0xFE, 0x00, 0xFE, 0x00, 0xFF, 0x03, 0xFF, 0x01, 0xFF,
    0xFF, 0xFF, 0xFC, 0xFF, 0xFF, 0xFF, 0xFF, 0x7F, 0xFF, 0xFF, 0xFF, 0xFF, 0xFF, 0xFF, 0xFF, 0xFF,
    0xFF, 0xFF, 0x7F, 0xEF, 0xFF, 0xFC, 0x0F, 0xF0, 0x03, 0xF0, 0x00, 0x00, 0x1F, 0x80, 0x00, 0x00,
    0xFC, 0x07, 0xC0, 0x07, 0xE0, 0x3E, 0x00, 0x3F, 0x81, 0xF8, 0x01, 0xFC, 0x0F, 0xC0, 0x0F, 0xE0,
    0x7C, 0x00, 0x7F, 0x01, 0xC0, 0x03, 0xF8, 0x00, 0x00, 0x1F, 0xC0, 0x00, 0x00, 0xFE, 0x00, 0x00,
    0x07, 0xF0, 0x7E, 0x00, 0x3F, 0x8F, 0xFC, 0x01, 0xFD, 0xFF, 0xF0, 0x0F, 0xFF, 0xFF, 0xC0, 0x7F,
    0xFF, 0xFE, 0x03, 0xFF, 0xFF, 0xF8, 0x1F, 0xFF, 0xFF, 0xC0, 0xFF, 0xE0, 0xFE, 0x07, 0xFE, 0x03,
    0xF0, 0x3F, 0xC0, 0x1F, 0x81, 0xFC, 0x01, 0xFC, 0x1F, 0xC0, 0x3F, 0xFF, 0xFF, 0xFF, 0xFE, 0xFF,
    0xFF, 0xFF, 0xF7, 0xFF, 0xFF, 0xFF, 0x3F, 0xFF, 0xFF, 0xF1, 0xFF, 0xFF, 0xFE, 0x0F, 0xFF, 0xFF,
    0xC0, 0x00, 0x03, 0xF0, 0x00, 0x00, 0x00, 0x7E, 0x00, 0x00, 0x00, 0x0F, 0xC0, 0x78, 0x00, 0x01,
    0xF8, 0x1F, 0x80, 0x00, 0x3F, 0x83, 0xF0, 0x00, 0x07, 0xF0, 0x7E, 0x00, 0x00, 0xFE, 0x07, 0xC0,
    0x00, 0x1F, 0xC0, 0x70, 0x00, 0x03, 0xF8, 0x00, 0x00, 0x00, 0x7F, 0x00, 0x00, 0x00, 0x0F, 0xE0,
    0x00, 0x00, 0x01, 0xFC, 0x1F, 0x80, 0x00, 0x3F, 0x8F, 0xFC, 0x00, 0x07, 0xF7, 0xFF, 0xC0, 0x00,
    0xFF, 0xFF, 0xFC, 0x00, 0x1F, 0xFF, 0xFF, 0x80, 0x03, 0xFF, 0xFF, 0xF8, 0x00, 0x7F, 0xFF, 0xFF,
    0x00, 0x0F, 0xFE, 0x0F, 0xE0, 0x01, 0xFF, 0x80, 0xFC, 0x00, 0x3F, 0xC0, 0x1F, 0x80, 0x07, 0xF0,
    0x07, 0xF0, 0x01, 0xFC, 0x03, 0xFE, 0x07, 0xFF, 0xFF, 0xFF, 0xFE, 0xFF, 0xFF, 0xFF, 0xFF, 0xFF,
    0xFF, 0xFF, 0xFF, 0xFF, 0xFF, 0xFF, 0xFF, 0xFF, 0xFF, 0xFF, 0xFF, 0xFF, 0xFF, 0xFF, 0xFF, 0xC1,
    0xFC, 0x1F, 0xC0, 0x00, 0x03, 0xF8, 0x0F, 0x00, 0x7F, 0x03, 0xF0, 0x0F, 0xE0, 0x7E, 0x01, 0xFC,
    0x0F, 0xC0, 0x3F, 0x81, 0xF8, 0x07, 0xF0, 0x0C, 0x00, 0x7E, 0x00, 0x00, 0x0F, 0xC0, 0x00, 0x01,
    0xF8, 0x00, 0x00, 0x3F, 0x00, 0x00, 0x07, 0xE1, 0xFE, 0x00, 0xFC, 0xFF, 0xF0, 0x1F, 0xBF, 0xFF,
    0x03, 0xFF, 0xFF, 0xE0, 0x7F, 0xFF, 0xFE, 0x0F, 0xFF, 0xFF, 0xC1, 0xFF, 0xE3, 0xFC, 0x3F, 0xF0,
    0x3F, 0x87, 0xFC, 0x07, 0xF0, 0xFF, 0x00, 0xFE, 0x3F, 0x80, 0x3F, 0x8F, 0xF0, 0x3F, 0xF7, 0xFF,
    0xFF, 0xFE, 0xFF, 0xFF, 0xFF, 0x9F, 0xFF, 0xFF, 0xE3, 0xFF, 0xFF, 0xF8, 0x7F, 0xFF, 0xFC, 0x0F,
    0xFF, 0xFC, 0x00, 0x1F, 0xC0, 0x00, 0x00, 0x0F, 0xE0, 0x3C, 0x00, 0x07, 0xF0, 0x3F, 0x00, 0x03,
    0xF8, 0x1F, 0x80, 0x01, 0xFC, 0x0F, 0xC0, 0x00, 0xFE, 0x07, 0xE0, 0x00, 0x7F, 0x00, 0xC0, 0x00,
    0x1F, 0x80, 0x00, 0x00, 0x0F, 0xC0, 0x00, 0x00, 0x07, 0xE0, 0x00, 0x00, 0x03, 0xF0, 0x00, 0x00,
    0x01, 0xF8, 0x7F, 0x80, 0x00, 0xFC, 0xFF, 0xF0, 0x00, 0x7E, 0xFF, 0xFC, 0x00, 0x3F, 0xFF, 0xFE,
    0x00, 0x1F, 0xFF, 0xFF, 0x80, 0x0F, 0xFF, 0xFF, 0xC0, 0x07, 0xFF, 0x8F, 0xF0, 0x03, 0xFF, 0x03,
    0xF8, 0x01, 0xFF, 0x01, 0xFC, 0x00, 0xFF, 0x00, 0xFE, 0x00, 0xFE, 0x00, 0xFE, 0x00, 0xFF, 0x03,
    0xFF, 0x01, 0xFF, 0xFF, 0xFF, 0xFC, 0xFF, 0xFF, 0xFF, 0xFF, 0x7F, 0xFF, 0xFF, 0xFF, 0xFF, 0xFF,
    0xFF, 0xFF, 0xFF, 0xFF, 0xFF, 0x7F, 0xEF, 0xFF, 0xFC, 0x0F, 0xF0, 0x03, 0xFE, 0x00, 0x0F, 0xFE,
    0x00, 0x1F, 0xFE, 0x00, 0x3F, 0xFE, 0x00, 0x3F, 0xFC, 0x00, 0x7F, 0xFC, 0x00, 0x7F, 0x80, 0x00,
    0x7F, 0x00, 0x00, 0x7F, 0x00, 0x00, 0x7F, 0x00, 0x00, 0x7F, 0x83, 0x80, 0x3F, 0xDF, 0xC0, 0x3F,
    0xFF, 0xC0, 0x1F, 0xFF, 0xC0, 0x0F, 0xFF, 0xC0, 0x0F, 0xFF, 0xE0, 0x1F, 0xFE, 0x00, 0x1F, 0xF8,
    0x00, 0x3F, 0xE0, 0x00, 0x7F, 0x80, 0x00, 0x7F, 0x00, 0x00, 0x7F, 0x00, 0x00, 0xFE, 0x00, 0x00,
    0xFE, 0x00, 0x00, 0xFE, 0x00, 0x00, 0xFE, 0x00, 0x00, 0xFE, 0x00, 0x00, 0xFE, 0x00, 0x00, 0xFF,
    0x00, 0x00, 0x7F, 0x80, 0x0C, 0x7F, 0xF9, 0xFE, 0x3F, 0xFF, 0xFE, 0x3F, 0xFF, 0xFE, 0x1F, 0xFF,
    0xFF, 0x07, 0xFF, 0xFF, 0x01, 0xFF, 0xFC, 0x00, 0x3F, 0x80, 0x00, 0xFF, 0x00, 0x01, 0xFF, 0xE0,
    0x03, 0xFF, 0xF8, 0x03, 0xFF, 0xFC, 0x03, 0xFF, 0xFF, 0x01, 0xFE, 0x7F, 0x80, 0xFC, 0x1F, 0xC0,
    0x7F, 0x0F, 0xE0, 0x3F, 0xC7, 0xE0, 0x0F, 0xE3, 0xF0, 0x07, 0xFB, 0xF8, 0x01, 0xFF, 0xF8, 0x00,
    0x7F, 0xF8, 0x00, 0x1F, 0xFF, 0xF8, 0x0F, 0xFF, 0xFE, 0x0F, 0xFF, 0xFF, 0x0F, 0xFF, 0xFF, 0x8F,
    0xFF, 0xFF, 0xCF, 0xF0, 0xFF, 0xCF, 0xF0, 0x00, 0x07, 0xF0, 0x00, 0x07, 0xF0, 0x00, 0x03, 0xF8,
    0x00, 0x01, 0xFC, 0x00, 0x00, 0xFE, 0x00, 0x00, 0x7F, 0x00, 0x00, 0x3F, 0xC0, 0x0C, 0x1F, 0xFE,
    0xFE, 0x07, 0xFF, 0xFF, 0x03, 0xFF, 0xFF, 0xC0, 0xFF, 0xFF, 0xE0, 0x1F, 0xFF, 0xF0, 0x07, 0xFF,
    0xE0, 0x00, 0x3F, 0x00, 0x00, 0x00, 0x7F, 0x00, 0x3F, 0xF0, 0x07, 0xFF, 0x00, 0xFF, 0xF0, 0x1F,
    0xFF, 0x01, 0xFF, 0xF0, 0x1F, 0xE0, 0x01, 0xFC, 0x00, 0x1F, 0x80, 0x01, 0xF8, 0x00, 0x1F, 0xC0,
    0x01, 0xFE, 0x0C, 0x0F, 0xFF, 0xE0, 0x7F, 0xFE, 0xFF, 0xFF, 0xEF, 0xFF, 0xFF, 0xFF, 0xFF, 0xEF,
    0xFF, 0xF0, 0xFF, 0xF8, 0x0F, 0xF8, 0x00, 0x00, 0xFE, 0x00, 0x03, 0xFF, 0xC0, 0x03, 0xFF, 0xF0,
    0x03, 0xFF, 0xFC, 0x03, 0xFF, 0xFE, 0x01, 0xFC, 0x7F, 0x01, 0xF8, 0x1F, 0x80, 0x7E, 0x0F, 0xC0,
    0x3F, 0x87, 0xE0, 0x1F, 0xE7, 0xF0, 0x07, 0xFF, 0xF0, 0x01, 0xFF, 0xF0, 0x00, 0x7F, 0xF8, 0x07,
    0xFF, 0xFF, 0xFB, 0xFF, 0xFF, 0xFD, 0xFF, 0xFF, 0xFF, 0xFF, 0xFF, 0xFF, 0xFF, 0xC7, 0xFF, 0xBF,
    0x00, 0x7F, 0xC0, 0x00, 0xF8, 0x00, 0x00, 0xF8, 0x00, 0x01, 0xFC, 0x00, 0x00, 0xF8, 0x00, 0x00,
    0xF8, 0x00, 0x00, 0x70, 0x00, 0x00, 0x00, 0x00, 0x00, 0x00, 0x00, 0x00, 0x00, 0x00, 0x00, 0x00,
    0x00, 0x03, 0xFE, 0x00, 0x0F, 0xFE, 0x00, 0x1F, 0xFE, 0x00, 0x3F, 0xFE, 0x00, 0x3F, 0xFC, 0x00,
    0x7F, 0xFC, 0x00, 0x7F, 0x80, 0x00, 0x7F, 0x00, 0x00, 0x7F, 0x00, 0x00, 0x7F, 0x00, 0x00, 0x7F,
    0x83, 0x80, 0x3F, 0xDF, 0xC0, 0x3F, 0xFF, 0xC0, 0x1F, 0xFF, 0xC0, 0x0F, 0xFF, 0xC0, 0x0F, 0xFF,
    0xE0, 0x1F, 0xFE, 0x00, 0x1F, 0xF8, 0x00, 0x3F, 0xE0, 0x00, 0x7F, 0x80, 0x00, 0x7F, 0x00, 0x00,
    0x7F, 0x00, 0x00, 0xFE, 0x00, 0x00, 0xFE, 0x00, 0x00, 0xFE, 0x00, 0x00, 0xFE, 0x00, 0x00, 0xFE,
    0x00, 0x00, 0xFE, 0x00, 0x00, 0xFF, 0x00, 0x00, 0x7F, 0x80, 0x0C, 0x7F, 0xF9, 0xFE, 0x3F, 0xFF,
    0xFE, 0x3F, 0xFF, 0xFE, 0x1F, 0xFF, 0xFF, 0x07, 0xFF, 0xFF, 0x01, 0xFF, 0xFC, 0x00, 0x3F, 0x80,
    0x00, 0x3C, 0x00, 0x00, 0x3F, 0x00, 0x00, 0x1F, 0x80, 0x00, 0x0F, 0xC0, 0x00, 0x03, 0xE0, 0x00,
    0x00, 0xE0, 0x00, 0x00, 0x00, 0x00, 0x00, 0x00, 0x00, 0x00, 0x00, 0x00, 0x00, 0x7F, 0x80, 0x00,
    0xFF, 0xF0, 0x01, 0xFF, 0xFC, 0x01, 0xFF, 0xFE, 0x01, 0xFF, 0xFF, 0x80, 0xFF, 0x3F, 0xC0, 0x7E,
    0x0F, 0xE0, 0x3F, 0x87, 0xF0, 0x1F, 0xE3, 0xF0, 0x07, 0xF1, 0xF8, 0x03, 0xFD, 0xFC, 0x00, 0xFF,
    0xFC, 0x00, 0x3F, 0xFC, 0x00, 0x0F, 0xFF, 0xFC, 0x07, 0xFF, 0xFF, 0x07, 0xFF, 0xFF, 0x87, 0xFF,
    0xFF, 0xC7, 0xFF, 0xFF, 0xE7, 0xF8, 0x7F, 0xE7, 0xF8, 0x00, 0x03, 0xF8, 0x00, 0x03, 0xF8, 0x00,
    0x01, 0xFC, 0x00, 0x00, 0xFE, 0x00, 0x00, 0x7F, 0x00, 0x00, 0x3F, 0x80, 0x00, 0x1F, 0xE0, 0x06,
    0x0F, 0xFF, 0x7F, 0x03, 0xFF, 0xFF, 0x81, 0xFF, 0xFF, 0xE0, 0x7F, 0xFF, 0xF0, 0x0F, 0xFF, 0xF8,
    0x03, 0xFF, 0xF0, 0x00, 0x1F, 0x80, 0x00, 0x00, 0xF0, 0x00, 0x1F, 0x80, 0x01, 0xF8, 0x00, 0x1F,
    0x80, 0x01, 0xF8, 0x00, 0x06, 0x00, 0x00, 0x00, 0x00, 0x00, 0x00, 0x00, 0x00, 0x00, 0x07, 0xF0,
    0x03, 0xFF, 0x00, 0x7F, 0xF0, 0x0F, 0xFF, 0x01, 0xFF, 0xF0, 0x1F, 0xFF, 0x01, 0xFE, 0x00, 0x1F,
    0xC0, 0x01, 0xF8, 0x00, 0x1F, 0x80, 0x01, 0xFC, 0x00, 0x1F, 0xE0, 0xC0, 0xFF, 0xFE, 0x07, 0xFF,
    0xEF, 0xFF, 0xFE, 0xFF, 0xFF, 0xFF, 0xFF, 0xFE, 0xFF, 0xFF, 0x0F, 0xFF, 0x80, 0xFF, 0x80, 0x00,
    0x00, 0x3C, 0x00, 0x00, 0x3E, 0x00, 0x00, 0x1F, 0x80, 0x00, 0x0F, 0xC0, 0x00, 0x07, 0xC0, 0x00,
    0x01, 0xC0, 0x00, 0x00, 0x00, 0x00, 0x00, 0x00, 0x00, 0x00, 0x00, 0x00, 0x00, 0x7F, 0x00, 0x01,
    0xFF, 0xE0, 0x01, 0xFF, 0xF8, 0x01, 0xFF, 0xFE, 0x01, 0xFF, 0xFF, 0x00, 0xFE, 0x3F, 0x80, 0xFC,
    0x0F, 0xC0, 0x3F, 0x07, 0xE0, 0x1F, 0xC3, 0xF0, 0x0F, 0xF3, 0xF8, 0x03, 0xFF, 0xF8, 0x00, 0xFF,
    0xF8, 0x00, 0x3F, 0xFC, 0x03, 0xFF, 0xFF, 0xFD, 0xFF, 0xFF, 0xFE, 0xFF, 0xFF, 0xFF, 0xFF, 0xFF,
    0xFF, 0xFF, 0xE3, 0xFF, 0xDF, 0x80, 0x3F, 0xE0, 0x00, 0x00, 0x00, 0x7C, 0x00, 0x00, 0x00, 0x07,
    0xC0, 0x00, 0x00, 0x00, 0x7E, 0x00, 0x00, 0x00, 0x07, 0xE0, 0x00, 0x00, 0x00, 0x7C, 0x00, 0x00,
    0x00, 0x03, 0x80, 0x00, 0x00, 0x00, 0x00, 0x00, 0x00, 0x00, 0x00, 0x00, 0x00, 0x00, 0x00, 0x00,
    0x00, 0x00, 0x00, 0x00, 0x00, 0x00, 0x00, 0x00, 0xFE, 0x00, 0x00, 0x00, 0x1F, 0xF8, 0x00, 0x00,
    0x03, 0xFF, 0x80, 0x00, 0x00, 0x7F, 0xFC, 0x00, 0x00, 0x0F, 0xFF, 0xE0, 0x00, 0x00, 0xFC, 0x7E,
    0x30, 0x00, 0x0F, 0xC7, 0xE7, 0xE0, 0x00, 0xFC, 0x7E, 0x7E, 0x00, 0x0F, 0xC7, 0xF7, 0xE0, 0x00,
    0xFF, 0xFF, 0x7E, 0x00, 0x0F, 0xFF, 0xFF, 0xC0, 0x00, 0xFF, 0xFF, 0xFC, 0x00, 0x07, 0xFF, 0xFF,
    0xE0, 0x00, 0x3F, 0xFE, 0xFE, 0x00, 0x00, 0x07, 0xEF, 0xF8, 0x00, 0x00, 0xFE, 0x7F, 0xFE, 0x0F,
    0xFF, 0xE7, 0xFF, 0xFF, 0xFF, 0xFC, 0x3F, 0xFF, 0xFF, 0xFF, 0xC1, 0xFF, 0xFF, 0xFF, 0xF8, 0x0F,
    0xFF, 0xFF, 0xFE, 0x00, 0x3F, 0xFF, 0xFF, 0x80, 0x00, 0x1F, 0xFE, 0x00, 0x00, 0x00, 0x00, 0x00,
    0x0F, 0x80, 0x00, 0x00, 0x00, 0x00, 0xF8, 0x00, 0x00, 0x00, 0x00, 0x1F, 0xC0, 0x00, 0x00, 0x00,
    0x00, 0xF8, 0x00, 0x00, 0x00, 0x00, 0x0F, 0x80, 0x00, 0x00, 0x00, 0x00, 0x70, 0x00, 0x00, 0x00,
    0x00, 0x00, 0x00, 0x00, 0x00, 0x00, 0x00, 0x00, 0x00, 0x00, 0x00, 0x00, 0x00, 0x00, 0x00, 0x00,
    0x00, 0x00, 0xF8, 0x00, 0x00, 0x00, 0x00, 0x3F, 0xE0, 0x00, 0x00, 0x00, 0x07, 0xFF, 0x00, 0x30,
    0x00, 0x00, 0xFF, 0xF8, 0x07, 0xE0, 0x00, 0x1F, 0xFF, 0x80, 0x7E, 0x00, 0x01, 0xFF, 0xFC, 0x07,
    0xE0, 0x00, 0x1F, 0x8F, 0xC0, 0x7E, 0x00, 0x03, 0xF8, 0xFC, 0x0F, 0xC0, 0x00, 0x3F, 0x8F, 0xC0,
    0xFC, 0x00, 0x01, 0xF8, 0xFC, 0x0F, 0xE0, 0x00, 0x1F, 0x9F, 0xC0, 0xFE, 0x00, 0x01, 0xFF, 0xF8,
    0x0F, 0xF8, 0x00, 0x0F, 0xFF, 0x80, 0x7F, 0xFE, 0x3F, 0xFF, 0xFF, 0xC7, 0xFF, 0xFF, 0xFF, 0xFF,
    0xFE, 0x3F, 0xFF, 0xFF, 0xFF, 0xFF, 0xF1, 0xFF, 0xFF, 0xFF, 0xFF, 0xFF, 0x0F, 0xFF, 0xFF, 0xFF,
    0xFF, 0xE0, 0x3F, 0xFF, 0xFE, 0x07, 0xFC, 0x00, 0x1F, 0xF8, 0x00, 0x00, 0x00, 0x01, 0xF0, 0x00,
    0x7C, 0x00, 0x3F, 0x80, 0x07, 0xC0, 0x01, 0xF0, 0x00, 0x38, 0x00, 0x00, 0x00, 0x00, 0x00, 0x00,
    0x00, 0x00, 0x00, 0x00, 0x1F, 0x80, 0x1F, 0xF8, 0x0F, 0xFF, 0x07, 0xFF, 0xC1, 0xFF, 0xF8, 0x7E,
    0x7E, 0x3F, 0x1F, 0x8F, 0xC3, 0xF3, 0xF0, 0xFC, 0xFF, 0xFF, 0x3F, 0xFF, 0xC7, 0xFF, 0xF1, 0xFF,
    0xFC, 0x3F, 0xFF, 0x01, 0x9F, 0xC0, 0x1F, 0xEF, 0xFF, 0xFB, 0xFF, 0xFE, 0xFF, 0xFF, 0x3F, 0xFF,
    0x8F, 0xFF, 0x83, 0xFF, 0x80, 0x00, 0xF0, 0x00, 0x03, 0xF0, 0x00, 0x07, 0xE0, 0x00, 0x0F, 0xC0,
    0x00, 0x0F, 0x80, 0x00, 0x0E, 0x00, 0x00, 0x00, 0x00, 0x00, 0x00, 0x00, 0x00, 0x00, 0x00, 0x01,
    0xE0, 0x00, 0x0F, 0xF0, 0x00, 0x3F, 0xF8, 0x00, 0xFF, 0xF0, 0x03, 0xFF, 0xF0, 0x0F, 0xFF, 0xE0,
    0x1F, 0xCF, 0xE0, 0x3F, 0x0F, 0xC0, 0x7E, 0x1F, 0x80, 0xFC, 0x7F, 0x01, 0xFC, 0xFC, 0x01, 0xFF,
    0xF8, 0x01, 0xFF, 0xE0, 0x3F, 0xFF, 0xFF, 0x7F, 0xFF, 0xFF, 0xFF, 0xFF, 0xFF, 0xFF, 0xFF, 0xFF,
    0xFF, 0xFF, 0xFF, 0xF0, 0x3F, 0xE0, 0x00, 0x00, 0x60, 0x80, 0x00, 0x07, 0x9F, 0x00, 0x00, 0x7C,
    0xF8, 0x00, 0x03, 0xF7, 0xC0, 0x00, 0x1F, 0x3E, 0x00, 0x00, 0x70, 0xE0, 0x00, 0x00, 0x00, 0x00,
    0x00, 0x00, 0x00, 0x00, 0x00, 0x00, 0x00, 0x00, 0x00, 0x00, 0x00, 0x00, 0x0F, 0xC0, 0x00, 0x01,
    0xFF, 0x80, 0x00, 0x1F, 0xFE, 0x00, 0x01, 0xFF, 0xF0, 0x00, 0x0F, 0xFF, 0xC4, 0x00, 0x7E, 0x7E,
    0x38, 0x07, 0xE3, 0xF3, 0xF8, 0x3F, 0x0F, 0xDF, 0x81, 0xF8, 0x7E, 0xFC, 0x0F, 0xFF, 0xFF, 0xE0,
    0x7F, 0xFF, 0xFF, 0x01, 0xFF, 0xFF, 0xF0, 0x0F, 0xFF, 0xFF, 0x80, 0x3F, 0xFF, 0xFE, 0x00, 0x7B,
    0xF7, 0xF0, 0x00, 0x1F, 0xBF, 0xC0, 0x01, 0xFD, 0xFF, 0xC0, 0x7F, 0xC7, 0xFF, 0xFF, 0xFE, 0x3F,
    0xFF, 0xFF, 0xE0, 0xFF, 0xFF, 0xFE, 0x03, 0xFF, 0xFF, 0xE0, 0x07, 0xFF, 0xFC, 0x00, 0x07, 0xFF,
    0x00, 0x00, 0x00, 0x00, 0x60, 0xC0, 0x00, 0x00, 0x3C, 0x78, 0x00, 0x00, 0x1F, 0xBF, 0x00, 0x00,
    0x07, 0xEF, 0xC0, 0x00, 0x00, 0xF9, 0xE0, 0x00, 0x00, 0x1C, 0x30, 0x00, 0x00, 0x00, 0x00, 0x00,
    0x00, 0x00, 0x00, 0x00, 0x00, 0x00, 0x00, 0x00, 0x00, 0x00, 0x00, 0x00, 0x00, 0x00, 0x03, 0xF8,
    0x00, 0x00, 0x03, 0xFF, 0x00, 0x00, 0x01, 0xFF, 0xE0, 0x00, 0x00, 0xFF, 0xFC, 0x00, 0x00, 0x3F,
    0xFF, 0x00, 0x00, 0x1F, 0xCF, 0xC0, 0x00, 0x07, 0xE3, 0xF8, 0x0E, 0x01, 0xF8, 0x7E, 0x07, 0xF0,
    0x7F, 0x1F, 0x81, 0xF8, 0x1F, 0xFF, 0xFE, 0x7E, 0x07, 0xFF, 0xFF, 0xFF, 0x80, 0xFF, 0xFF, 0xFF,
    0xE0, 0x1F, 0xFF, 0xFF, 0xF0, 0x03, 0xFF, 0xFF, 0xFC, 0x00, 0x3F, 0xFF, 0xBF, 0x80, 0x00, 0xFC,
    0x0F, 0xE0, 0x00, 0x7F, 0x03, 0xFC, 0x00, 0x7F, 0x80, 0xFF, 0xC0, 0x7F, 0xE0, 0x1F, 0xFF, 0xFF,
    0xF0, 0x07, 0xFF, 0xFF, 0xF8, 0x00, 0xFF, 0xFF, 0xFC, 0x00, 0x1F, 0xFF, 0xFE, 0x00, 0x01, 0xFF,
    0xFE, 0x00, 0x00, 0x1F, 0xFC, 0x00, 0x00, 0x06, 0x0C, 0x03, 0xE7, 0x80, 0xFB, 0xF0, 0x3E, 0xFC,
    0x0F, 0x9E, 0x01, 0xC3, 0x00, 0x00, 0x00, 0x00, 0x00, 0x00, 0x00, 0x00, 0x00, 0x00, 0x1F, 0x80,
    0x1F, 0xF8, 0x0F, 0xFF, 0x07, 0xFF, 0xC1, 0xFF, 0xF8, 0x7E, 0x7E, 0x3F, 0x1F, 0x8F, 0xC3, 0xF3,
    0xF0, 0xFC, 0xFF, 0xFF, 0x3F, 0xFF, 0xC7, 0xFF, 0xF1, 0xFF, 0xFC, 0x3F, 0xFF, 0x01, 0x9F, 0xC0,
    0x1F, 0xEF, 0xFF, 0xFB, 0xFF, 0xFE, 0xFF, 0xFF, 0x3F, 0xFF, 0x8F, 0xFF, 0x83, 0xFF, 0x80, 0x03,
    0x06, 0x00, 0x0F, 0x3E, 0x00, 0x3F, 0x7C, 0x00, 0x7E, 0xF8, 0x00, 0x79, 0xF0, 0x00, 0x61, 0xC0,
    0x00, 0x00, 0x00, 0x00, 0x00, 0x00, 0x00, 0x00, 0x00, 0x01, 0xE0, 0x00, 0x0F, 0xF0, 0x00, 0x3F,
    0xF8, 0x00, 0xFF, 0xF0, 0x03, 0xFF, 0xF0, 0x0F, 0xFF, 0xE0, 0x1F, 0xCF, 0xE0, 0x3F, 0x0F, 0xC0,
    0x7E, 0x1F, 0x80, 0xFC, 0x7F, 0x01, 0xFC, 0xFC, 0x01, 0xFF, 0xF8, 0x01, 0xFF, 0xE0, 0x3F, 0xFF,
    0xFF, 0x7F, 0xFF, 0xFF, 0xFF, 0xFF, 0xFF, 0xFF, 0xFF, 0xFF, 0xFF, 0xFF, 0xFF, 0xF0, 0x3F, 0xE0,
    0x00, 0x00, 0x00, 0x3F, 0x00, 0x00, 0x00, 0x1F, 0x80, 0x00, 0x00, 0x0F, 0xC0, 0x00, 0x00, 0x07,
    0xE0, 0x00, 0x00, 0x03, 0xF0, 0x00, 0x01, 0x81, 0xF8, 0x00, 0x03, 0xC0, 0xFC, 0x00, 0x03, 0xF0,
    0x7E, 0x00, 0x03, 0xF8, 0x3F, 0x00, 0x01, 0xF8, 0x1F, 0x80, 0x00, 0xF8, 0x0F, 0xC0, 0x00, 0x7C,
    0x07, 0xE0, 0x00, 0x1E, 0x03, 0xF1, 0x80, 0x0F, 0x81, 0xF9, 0xF8, 0x03, 0xE0, 0xFE, 0xFC, 0x03,
    0xF0, 0x7F, 0x7E, 0x0F, 0xF8, 0x3F, 0xBF, 0x07, 0xF8, 0x1F, 0xFF, 0x01, 0xF8, 0x0F, 0xFF, 0x80,
    0xF0, 0x07, 0xFF, 0xE0, 0x40, 0x03, 0xF7, 0xF0, 0x00, 0x03, 0xFB, 0xFE, 0x00, 0x03, 0xFC, 0xFF,
    0xFC, 0x1F, 0xFE, 0x7F, 0xFF, 0xFF, 0xFF, 0x1F, 0xFF, 0xFF, 0xFF, 0x07, 0xFF, 0xFF, 0xFF, 0x01,
    0xFF, 0xFF, 0xFF, 0x00, 0x3F, 0xFF, 0xFE, 0x00, 0x00, 0xFF, 0xE0, 0x00, 0x00, 0x00, 0x00, 0x3F,
    0x00, 0x00, 0x00, 0x00, 0x3F, 0x00, 0x00, 0x00, 0x00, 0x3F, 0x00, 0x00, 0x00, 0x00, 0x3F, 0x00,
    0x00, 0x00, 0x00, 0x3F, 0x00, 0x00, 0x00, 0x30, 0x3F, 0x00, 0x00, 0x00, 0xF0, 0x3F, 0x00, 0x00,
    0x01, 0xF8, 0x3F, 0x00, 0x00, 0x03, 0xF8, 0x3F, 0x00, 0x00, 0x03, 0xF0, 0x3F, 0x00, 0x00, 0x03,
    0xE0, 0x3F, 0x00, 0x00, 0x03, 0xE0, 0x3F, 0x00, 0x00, 0x01, 0xE0, 0x3F, 0x00, 0x30, 0x01, 0xF0,
    0x3F, 0x00, 0x7E, 0x00, 0xF8, 0x3F, 0x80, 0x7E, 0x01, 0xF8, 0x3F, 0x80, 0x7E, 0x0F, 0xF8, 0x3F,
    0x80, 0x7E, 0x0F, 0xF0, 0x3F, 0x80, 0xFC, 0x07, 0xE0, 0x3F, 0x80, 0xFC, 0x07, 0x80, 0x3F, 0x80,
    0xFE, 0x04, 0x00, 0x3F, 0x80, 0xFE, 0x00, 0x00, 0x7F, 0x80, 0xFF, 0x80, 0x00, 0xFF, 0xC0, 0x7F,
    0xFE, 0x3F, 0xFF, 0xFC, 0x7F, 0xFF, 0xFF, 0xFF, 0xFE, 0x3F, 0xFF, 0xFF, 0xFF, 0xFE, 0x1F, 0xFF,
    0xFF, 0xFF, 0xFF, 0x0F, 0xFF, 0xFF, 0xF1, 0xFE, 0x03, 0xFF, 0xFF, 0xC0, 0x7C, 0x00, 0x1F, 0xFC,
    0x00, 0x00, 0x00, 0x02, 0x00, 0x03, 0xC0, 0x03, 0xF0, 0x03, 0xFE, 0x03, 0xFF, 0x83, 0xFF, 0xF1,
    0xFF, 0xE0, 0xFF, 0xE0, 0x7F, 0xE0, 0x1F, 0xE0, 0x07, 0xF0, 0x01, 0xFE, 0x00, 0x7F, 0xC0, 0x0F,
    0xF8, 0x01, 0xFF, 0x00, 0x3F, 0xE0, 0x07, 0xF8, 0x00, 0xFF, 0x00, 0x1F, 0xC0, 0x07, 0xF0, 0x00,
    0xFC, 0x00, 0x7F, 0x8F, 0xFF, 0xC3, 0xFF, 0xF0, 0xFF, 0xFC, 0x3F, 0xFE, 0x0F, 0xFE, 0x03, 0xFE,
    0x00, 0x00, 0x02, 0x00, 0x00, 0x1E, 0x00, 0x00, 0xFC, 0x00, 0x07, 0xFC, 0x00, 0x3F, 0xF8, 0x01,
    0xFF, 0xF8, 0x07, 0xFF, 0x80, 0x1F, 0xFC, 0x00, 0x7F, 0xE0, 0x00, 0xFF, 0x00, 0x01, 0xFC, 0x00,
    0x03, 0xFC, 0x00, 0x07, 0xFC, 0x00, 0x07, 0xFC, 0x00, 0x07, 0xF8, 0x00, 0x07, 0xF8, 0x00, 0x07,
    0xF8, 0x00, 0x07, 0xF0, 0x00, 0x07, 0xF0, 0x00, 0x0F, 0xE0, 0x00, 0x0F, 0xE0, 0x00, 0x3F, 0xE0,
    0x3F, 0xFF, 0xFE, 0x7F, 0xFF, 0xFE, 0xFF, 0xFF, 0xFD, 0xFF, 0xFF, 0xFF, 0xFF, 0x9F, 0xF7, 0xFC,
    0x1F, 0xC0, 0x00, 0x00, 0x3F, 0x00, 0x00, 0x1F, 0x80, 0x00, 0x0F, 0xC0, 0x00, 0x07, 0xE0, 0x00,
    0x03, 0xF0, 0x00, 0x01, 0xF8, 0x00, 0x00, 0xFC, 0x00, 0x00, 0x7E, 0x00, 0x00, 0x3F, 0x00, 0x00,
    0x1F, 0x80, 0x00, 0x0F, 0xC0, 0x00, 0x07, 0xF0, 0x00, 0x03, 0xF8, 0x00, 0x01, 0xFC, 0x00, 0x00,
    0xFE, 0x00, 0x00, 0x7F, 0x00, 0x00, 0x3F, 0x80, 0x00, 0x1F, 0xC0, 0x00, 0x0F, 0xE4, 0x00, 0x07,
    0xF7, 0xC0, 0x03, 0xFB, 0xF8, 0x01, 0xFD, 0xF8, 0x00, 0xFF, 0xFC, 0x00, 0x7F, 0xFE, 0x00, 0x3F,
    0xFF, 0x00, 0x1F, 0xFF, 0x00, 0x0F, 0xFF, 0xC0, 0x07, 0xEF, 0xE0, 0x03, 0xF7, 0xF0, 0x03, 0xFB,
    0xFC, 0x03, 0xFC, 0xFF, 0xFF, 0xFC, 0x7F, 0xFF, 0xFE, 0x1F, 0xFF, 0xFE, 0x0F, 0xFF, 0xFE, 0x01,
    0xFF, 0xFE, 0x00, 0x3F, 0xFC, 0x00, 0x03, 0xE0, 0x00, 0x00, 0x00, 0x3F, 0x00, 0x00, 0x00, 0x3F,
    0x00, 0x00, 0x00, 0x3F, 0x00, 0x00, 0x00, 0x3F, 0x00, 0x00, 0x00, 0x3F, 0x00, 0x00, 0x00, 0x3F,
    0x00, 0x00, 0x00, 0x3F, 0x00, 0x00, 0x00, 0x3F, 0x00, 0x00, 0x00, 0x3F, 0x00, 0x00, 0x00, 0x3F,
    0x00, 0x00, 0x00, 0x3F, 0x00, 0x00, 0x00, 0x3F, 0x80, 0x00, 0x00, 0x3F, 0x80, 0x00, 0x00, 0x3F,
    0x80, 0x00, 0x00, 0x3F, 0x80, 0x00, 0x00, 0x3F, 0x80, 0x00, 0x00, 0x3F, 0x80, 0x00, 0x00, 0x3F,
    0x80, 0x00, 0x00, 0x3F, 0x80, 0x20, 0x00, 0x3F, 0x80, 0x7C, 0x00, 0x3F, 0x80, 0x7F, 0x00, 0x3F,
    0x80, 0x7E, 0x00, 0x3F, 0xC0, 0xFE, 0x00, 0x3F, 0xFE, 0xFE, 0x00, 0x3F, 0xFF, 0xFE, 0x00, 0x3F,
    0xFF, 0xFC, 0x00, 0x3F, 0xFF, 0xFE, 0x00, 0x3F, 0xFF, 0xFE, 0x00, 0x3F, 0x7E, 0xFE, 0x00, 0x7F,
    0x00, 0xFF, 0x00, 0xFF, 0x00, 0x7F, 0xFF, 0xFE, 0x00, 0x7F, 0xFF, 0xFE, 0x00, 0x3F, 0xFF, 0xFC,
    0x00, 0x3F, 0xFF, 0xF8, 0x00, 0x0F, 0xFF, 0xF0, 0x00, 0x03, 0xFF, 0xC0, 0x00, 0x00, 0x7C, 0x00,
    0x00, 0x1F, 0x87, 0xE1, 0xF8, 0x7E, 0x1F, 0x87, 0xE1, 0xF8, 0x7E, 0x1F, 0x87, 0xE1, 0xF8, 0x7F,
    0x1F, 0xC7, 0xF1, 0xFC, 0x7F, 0x1F, 0xC7, 0xF1, 0xFC, 0x7F, 0x1F, 0xC7, 0xF1, 0xFF, 0xFF, 0xFF,
    0xBF, 0xEF, 0xF3, 0xF8, 0xF8, 0x00, 0x1F, 0x80, 0x1F, 0x80, 0x1F, 0x80, 0x1F, 0x80, 0x1F, 0x80,
    0x1F, 0x80, 0x1F, 0x80, 0x1F, 0x80, 0x1F, 0x80, 0x1F, 0xC0, 0x1F, 0xC0, 0x1F, 0xC0, 0x1F, 0xC0,
    0x1F, 0xC0, 0x1F, 0xC0, 0x1F, 0xC0, 0x1F, 0xC0, 0x1F, 0xC0, 0x1F, 0xC0, 0x1F, 0xC0, 0x1F, 0xC0,
    0x1F, 0xC0, 0x1F, 0xE0, 0xFF, 0xFE, 0xFF, 0xFF, 0xFF, 0xFF, 0xFF, 0xFF, 0xFC, 0xFF, 0xF0, 0x7E,
    0x00, 0xF8, 0x00, 0xFF, 0xC0, 0x3F, 0xFC, 0x0F, 0xFF, 0xC3, 0xFF, 0xFC, 0xFF, 0xFF, 0x8F, 0xEF,
    0xF8, 0xF0, 0x7F, 0x04, 0x0F, 0xE0, 0x00, 0xFC, 0x00, 0x1F, 0x81, 0xFF, 0xF0, 0xFF, 0xFE, 0x7F,
    0xFF, 0xDF, 0xFF, 0xFB, 0xFF, 0xFF, 0xFF, 0xFF, 0xDF, 0xC0, 0x0B, 0xF0, 0x00, 0x7E, 0x00, 0x0F,
    0xC0, 0x01, 0xF8, 0x00, 0x3F, 0x00, 0x07, 0xE0, 0x00, 0xFC, 0x00, 0x1F, 0x80, 0x03, 0xF0, 0x00,
    0x7F, 0x00, 0x07, 0xE0, 0x00, 0xFC, 0x00, 0x1F, 0x80, 0x03, 0xE8, 0x00, 0x20, 0x00, 0x00, 0x00,
    0x1F, 0x80, 0x00, 0x07, 0xFC, 0x00, 0x01, 0xFF, 0xE0, 0x00, 0x3F, 0xFE, 0x00, 0x07, 0xFF, 0xF0,
    0x00, 0xFF, 0xFF, 0x00, 0x1F, 0xF3, 0xF8, 0x03, 0xFC, 0x1F, 0x80, 0x3F, 0xC1, 0xFC, 0x07, 0xFE,
    0x0F, 0xC0, 0x7F, 0xF0, 0xFE, 0x0F, 0xFF, 0xDF, 0xFE, 0xFF, 0xFF, 0xFF, 0xFF, 0xDF, 0xFF, 0xFF,
    0xFC, 0xFF, 0xFF, 0xFF, 0xC7, 0xFE, 0xFF, 0xFC, 0x3F, 0xC7, 0xEF, 0xC0, 0x70, 0x00, 0xFC, 0x00,
    0x00, 0x0F, 0xC0, 0x00, 0x00, 0xFC, 0x00, 0x00, 0x0F, 0xC0, 0x00, 0x00, 0xFC, 0x00, 0x00, 0x0F,
    0xE0, 0x00, 0x00, 0xFE, 0x00, 0x00, 0x07, 0xE0, 0x00, 0x00, 0x7E, 0x00, 0x00, 0x07, 0xE0, 0x00,
    0x00, 0x7F, 0x00, 0x00, 0x07, 0xF0, 0x00, 0x00, 0x3C, 0x00, 0x00, 0x02, 0x00, 0x00, 0x00, 0x00,
    0x3E, 0x00, 0x07, 0xFC, 0x00, 0x7F, 0xF0, 0x03, 0xFF, 0xC0, 0x3F, 0xFE, 0x03, 0xFF, 0xF8, 0x1F,
    0xDF, 0xC1, 0xFC, 0x7E, 0x0F, 0xC1, 0xF0, 0xFC, 0x0F, 0xCF, 0xF8, 0xFF, 0xFF, 0xFF, 0xEF, 0xFF,
    0xFF, 0x7F, 0xFF, 0xFB, 0xFF, 0xFF, 0x9F, 0x9F, 0xF8, 0xF0, 0x1F, 0x80, 0x00, 0x1F, 0x80, 0x00,
    0x03, 0xFE, 0x00, 0x00, 0x3F, 0xF8, 0x00, 0x03, 0xFF, 0xC0, 0x00, 0x3F, 0xFF, 0x00, 0x01, 0xFF,
    0xF8, 0x00, 0x1F, 0xCF, 0xE0, 0x00, 0xFC, 0x3F, 0x00, 0x0F, 0xE1, 0xFC, 0x00, 0xFF, 0x07, 0xF0,
    0x0F, 0xFC, 0x3F, 0xC1, 0xFF, 0xFB, 0xFF, 0xCF, 0xFF, 0xFF, 0xFF, 0x7F, 0xFF, 0xFF, 0xFF, 0xFB,
    0xFF, 0xFF, 0xFF, 0x8F, 0xFD, 0xFE, 0xF0, 0x3F, 0xC3, 0xE0, 0x00, 0x18, 0x00, 0x00, 0x00, 0x3E,
    0x00, 0x00, 0x1F, 0x00, 0x00, 0x1F, 0xC0, 0x00, 0x07, 0xC0, 0x00, 0x03, 0xE0, 0x00, 0x00, 0xE0,
    0x00, 0x00, 0x00, 0x00, 0x00, 0x00, 0x00, 0x00, 0x00, 0x00, 0x00, 0x00, 0x02, 0x00, 0x00, 0x0F,
    0x80, 0x00, 0x1F, 0xC0, 0x00, 0x0F, 0xF0, 0x00, 0x03, 0xF8, 0x80, 0x01, 0xFC, 0xF8, 0x00, 0xFE,
    0x7F, 0x00, 0x3F, 0xBF, 0x00, 0x1F, 0xFF, 0x80, 0x0F, 0xFF, 0xC0, 0x07, 0xFF, 0xE0, 0x03, 0xFF,
    0xE0, 0x01, 0xFF, 0xF8, 0x00, 0xFF, 0xFC, 0x00, 0x7F, 0xFE, 0x00, 0x7F, 0x7F, 0x80, 0x7F, 0x9F,
    0xFF, 0xFF, 0xCF, 0xFF, 0xFF, 0xC3, 0xFF, 0xFF, 0xC1, 0xFF, 0xFF, 0xE0, 0x3F, 0xFF, 0xC0, 0x07,
    0xFF, 0x80, 0x00, 0x3E, 0x00, 0x00, 0x00, 0x3E, 0x00, 0x00, 0x00, 0x3E, 0x00, 0x00, 0x00, 0x7F,
    0x00, 0x00, 0x00, 0x3E, 0x00, 0x00, 0x00, 0x3E, 0x00, 0x00, 0x00, 0x1C, 0x00, 0x00, 0x00, 0x00,
    0x00, 0x00, 0x00, 0x00, 0x00, 0x00, 0x00, 0x00, 0x00, 0x00, 0x00, 0x00, 0x00, 0x00, 0x00, 0x00,
    0x0E, 0x00, 0x00, 0x00, 0x7E, 0x00, 0x00, 0x00, 0x7F, 0x00, 0x00, 0x00, 0x7F, 0x00, 0x20, 0x00,
    0x3F, 0x00, 0x7C, 0x00, 0x3F, 0x80, 0x7F, 0x00, 0x3F, 0x80, 0x7E, 0x00, 0x3F, 0xC0, 0xFE, 0x00,
    0x3F, 0xFE, 0xFE, 0x00, 0x1F, 0xFF, 0xFE, 0x00, 0x3F, 0xFF, 0xFC, 0x00, 0x3F, 0xFF, 0xFE, 0x00,
    0x3F, 0xFF, 0xFE, 0x00, 0x3F, 0xFE, 0xFE, 0x00, 0x7F, 0x00, 0xFF, 0x80, 0xFF, 0x00, 0x7F, 0xFF,
    0xFE, 0x00, 0x7F, 0xFF, 0xFE, 0x00, 0x3F, 0xFF, 0xFC, 0x00, 0x3F, 0xFF, 0xF8, 0x00, 0x0F, 0xFF,
    0xF0, 0x00, 0x03, 0xFF, 0xC0, 0x00, 0x00, 0x3C, 0x00, 0x00, 0x1E, 0x0F, 0xC3, 0xF0, 0xFC, 0x1F,
    0x03, 0x00, 0x00, 0x00, 0x00, 0x00, 0x20, 0xF0, 0xFE, 0x1F, 0x87, 0xE1, 0xFC, 0x7F, 0x0F, 0xC3,
    0xF0, 0xFC, 0x3F, 0x0F, 0xC3, 0xF1, 0xFF, 0xFF, 0xFF, 0xBF, 0xEF, 0xF3, 0xF8, 0xF8, 0x00, 0x07,
    0x80, 0x01, 0xF0, 0x00, 0xFC, 0x00, 0x3F, 0x00, 0x07, 0xC0, 0x00, 0xE0, 0x00, 0x00, 0x00, 0x00,
    0x00, 0x00, 0x00, 0x00, 0x00, 0x00, 0x78, 0x00, 0x1F, 0x80, 0x07, 0xE0, 0x03, 0xF8, 0x00, 0xFE,
    0x00, 0x3F, 0x80, 0x0F, 0xE0, 0x07, 0xFC, 0x0F, 0xFF, 0xFB, 0xFF, 0xFF, 0xFF, 0xFF, 0xFF, 0xBF,
    0xFF, 0xC7, 0xFF, 0xC0, 0xFE, 0x03, 0x00, 0x03, 0xC0, 0x01, 0xF0, 0x01, 0xFC, 0x01, 0xFF, 0x00,
    0x7F, 0xC0, 0x3F, 0xF0, 0x3F, 0xFC, 0x3F, 0xFE, 0x1F, 0xBF, 0x9F, 0x8F, 0xCF, 0x83, 0xFF, 0xC1,
    0xFF, 0xE0, 0xFF, 0xF0, 0x7F, 0xF8, 0x7F, 0xFF, 0xFF, 0x7F, 0xFF, 0x9F, 0xFF, 0xCF, 0xFF, 0xC3,
    0xFF, 0xC0, 0x7F, 0x80, 0x00, 0x1F, 0x80, 0x00, 0x0F, 0xC0, 0x00, 0x07, 0xE0, 0x00, 0x07, 0xF8,
    0x00, 0x1F, 0xFC, 0x00, 0x3F, 0xFE, 0x00, 0x3F, 0xFF, 0x00, 0x3F, 0xFF, 0x80, 0x3F, 0xFF, 0xC0,
    0x3F, 0xFF, 0xE0, 0x1F, 0xC7, 0xF0, 0x1F, 0xC3, 0xF8, 0x0F, 0xE0, 0xFC, 0x07, 0xF0, 0x7E, 0x03,
    0xF8, 0x3F, 0x01, 0xFF, 0xFF, 0x80, 0x7F, 0xFF, 0xC0, 0x3F, 0xFF, 0xF0, 0x0F, 0xFF, 0xFF, 0xC3,
    0xFF, 0xFF, 0xF0, 0x3F, 0xFF, 0xF8, 0x00, 0x3F, 0xFC, 0x00, 0x07, 0xFE, 0x00, 0x00, 0xFE, 0x03,
    0x00, 0x00, 0x0F, 0x00, 0x00, 0x3F, 0x00, 0x00, 0x7F, 0x80, 0x01, 0xFF, 0x80, 0x00, 0xFF, 0xC0,
    0x03, 0xFF, 0xC0, 0x0F, 0xFF, 0xC0, 0x1F, 0xFF, 0xC0, 0x7E, 0x7F, 0xC0, 0xF8, 0xFF, 0xC1, 0xF1,
    0xFF, 0xC3, 0xE3, 0xFF, 0xC7, 0xE7, 0xDF, 0x8F, 0xDF, 0x9F, 0x8F, 0xFF, 0x3F, 0xFF, 0xFC, 0x7F,
    0xFF, 0xFF, 0xFF, 0xFF, 0xFF, 0xF7, 0xFF, 0xFF, 0xEF, 0xFF, 0xFF, 0x9F, 0x83, 0xFE, 0x00, 0x00,
    0x7F, 0x00, 0x00, 0x7F, 0xC0, 0x00, 0x7F, 0xF0, 0x00, 0x7F, 0xF8, 0x00, 0x7F, 0xFE, 0x00, 0x3F,
    0x3F, 0x00, 0x3F, 0x9F, 0x80, 0x1F, 0x8F, 0xC0, 0x1F, 0xC7, 0xE0, 0x0F, 0xC3, 0xE0, 0x07, 0xE3,
    0xF0, 0x03, 0xF1, 0xF8, 0x01, 0xFB, 0xF8, 0x07, 0xFF, 0xFF, 0xFB, 0xFF, 0xFF, 0xFF, 0xFF, 0xFF,
    0xFF, 0xFF, 0xFF, 0xFF, 0xFF, 0xE3, 0xFF, 0xFF, 0xE0, 0xFF, 0xC3, 0xF0, 0x3E, 0x01, 0xFC, 0x1F,
    0x80, 0xFE, 0x1F, 0xC0, 0x3F, 0xFF, 0xC0, 0x1F, 0xFF, 0xE0, 0x07, 0xFF, 0xE0, 0x01, 0xFF, 0xF0,
    0x00, 0x3F, 0xE0, 0x00, 0x03, 0xF0, 0x07, 0xFC, 0x07, 0xFF, 0x03, 0xFF, 0xC3, 0xFF, 0xF1, 0xFB,
    0xF9, 0xF8, 0xFC, 0xFC, 0x7E, 0x7E, 0x1F, 0xBF, 0x0F, 0xDF, 0xFF, 0xEF, 0xFF, 0xF3, 0xFF, 0xF9,
    0xFF, 0xFC, 0x3F, 0xFC, 0x00, 0xFE, 0x00, 0xFF, 0x01, 0xFF, 0x07, 0xFF, 0x1F, 0xFF, 0x0F, 0xFF,
    0x07, 0xFF, 0x03, 0xFE, 0x00, 0xFC, 0x00, 0x40, 0x00, 0x00, 0x03, 0xF0, 0x00, 0x3F, 0xE0, 0x01,
    0xFF, 0xC0, 0x07, 0xFF, 0x80, 0x3F, 0xFE, 0x00, 0xFD, 0xFC, 0x07, 0xE3, 0xF0, 0x1F, 0x8F, 0xC0,
    0x7E, 0x1F, 0x81, 0xF8, 0x7E, 0x07, 0xFF, 0xFF, 0x9F, 0xFF, 0xFF, 0x3F, 0xFF, 0xFC, 0xFF, 0xFF,
    0xF1, 0xFF, 0xFF, 0xC1, 0xFF, 0xFE, 0x00, 0xFF, 0x00, 0x07, 0xF8, 0x01, 0xFF, 0xC0, 0x3F, 0xFE,
    0x00, 0xFF, 0xF0, 0x03, 0xFF, 0x80, 0x0F, 0xF8, 0x00, 0x1F, 0x80, 0x00, 0x40, 0x00, 0x00, 0x00,
    0x00, 0x07, 0xC0, 0x00, 0x00, 0x7F, 0xE0, 0x00, 0x07, 0xFF, 0xC0, 0x00, 0x3F, 0xFE, 0x00, 0x01,
    0xFF, 0xF8, 0x00, 0x07, 0xFF, 0xC0, 0x00, 0x3F, 0xC7, 0x00, 0x00, 0xFE, 0x00, 0x00, 0x07, 0xF0,
    0x00, 0x80, 0x1F, 0xC0, 0x07, 0xC0, 0x7F, 0x80, 0x1F, 0xC1, 0xFF, 0x80, 0x7E, 0x03, 0xFF, 0x83,
    0xF8, 0x0F, 0xFF, 0x0F, 0xE0, 0x1F, 0xFE, 0x3F, 0x80, 0x1F, 0xFC, 0xFC, 0x00, 0x1F, 0xF3, 0xF8,
    0x00, 0x1F, 0xCF, 0xE0, 0x00, 0x7F, 0x3F, 0xC0, 0x03, 0xFC, 0xFF, 0x80, 0x3F, 0xE1, 0xFF, 0xFF,
    0xFF, 0x07, 0xFF, 0xFF, 0xFC, 0x0F, 0xFF, 0xFF, 0xE0, 0x3F, 0xFF, 0xFE, 0x00, 0x3F, 0xFF, 0xF0,
    0x00, 0x3F, 0xFF, 0x00, 0x00, 0x0F, 0x80, 0x00, 0x20, 0x00, 0x00, 0x00, 0x3E, 0x00, 0x18, 0x00,
    0x1F, 0xC0, 0x0F, 0x00, 0x0F, 0xC0, 0x07, 0xF8, 0x0F, 0xE0, 0x07, 0xFF, 0xE7, 0xF0, 0x03, 0xFF,
    0xFB, 0xF8, 0x01, 0xFF, 0xFF, 0xF8, 0x00, 0x1F, 0xFF, 0xFE, 0x00, 0x07, 0xFF, 0x7F, 0x00, 0x03,
    0xFF, 0x3F, 0xC0, 0x03, 0xF8, 0x1F, 0xF0, 0x03, 0xFC, 0x07, 0xFF, 0xFF, 0xFE, 0x03, 0xFF, 0xFF,
    0xFF, 0x00, 0xFF, 0xFF, 0xFF, 0x00, 0x3F, 0xFF, 0xFF, 0x00, 0x0F, 0xFF, 0xFE, 0x00, 0x01, 0xFF,
    0xFC, 0x00, 0x00, 0x07, 0xC0, 0x00, 0x00, 0x00, 0x00, 0x07, 0xC0, 0x00, 0x00, 0x7F, 0xE0, 0x00,
    0x07, 0xFF, 0xC0, 0x00, 0x3F, 0xFE, 0x00, 0x01, 0xFF, 0xF8, 0x00, 0x07, 0xFF, 0xC0, 0x00, 0x3F,
    0xC7, 0x00, 0x00, 0xFE, 0x00, 0x00, 0x07, 0xF0, 0x00, 0x80, 0x1F, 0xC0, 0x07, 0xC0, 0x7F, 0x80,
    0x1F, 0xC1, 0xFF, 0x80, 0x7E, 0x03, 0xFF, 0x83, 0xF8, 0x0F, 0xFF, 0x0F, 0xE0, 0x1F, 0xFE, 0x3F,
    0x80, 0x1F, 0xFC, 0xFC, 0x00, 0x1F, 0xF3, 0xF8, 0x00, 0x1F, 0xCF, 0xE0, 0x00, 0x7F, 0x3F, 0xC0,
    0x03, 0xFC, 0xFF, 0x80, 0x3F, 0xE1, 0xFF, 0xFF, 0xFF, 0x07, 0xFF, 0xFF, 0xFC, 0x0F, 0xFF, 0xFF,
    0xE0, 0x3F, 0xFF, 0xFE, 0x00, 0x3F, 0xFF, 0xF0, 0x00, 0x3F, 0xFF, 0x00, 0x00, 0x0F, 0x80, 0x00,
    0x00, 0x00, 0x00, 0x00, 0x00, 0x00, 0x00, 0x00, 0x00, 0x00, 0x00, 0x00, 0x18, 0x70, 0x00, 0x00,
    0xF3, 0xE0, 0x00, 0x07, 0xEF, 0xC0, 0x00, 0x1F, 0xBE, 0x00, 0x00, 0x3C, 0xF8, 0x00, 0x00, 0x60,
    0xC0, 0x00, 0x20, 0x00, 0x00, 0x00, 0x3E, 0x00, 0x18, 0x00, 0x1F, 0xC0, 0x0F, 0x00, 0x0F, 0xC0,
    0x07, 0xF8, 0x0F, 0xE0, 0x07, 0xFF, 0xE7, 0xF0, 0x03, 0xFF, 0xFB, 0xF8, 0x01, 0xFF, 0xFF, 0xF8,
    0x00, 0x1F, 0xFF, 0xFE, 0x00, 0x07, 0xFF, 0x7F, 0x00, 0x03, 0xFF, 0x3F, 0xC0, 0x03, 0xF8, 0x1F,
    0xF0, 0x03, 0xFC, 0x07, 0xFF, 0xFF, 0xFE, 0x03, 0xFF, 0xFF, 0xFF, 0x00, 0xFF, 0xFF, 0xFF, 0x00,
    0x3F, 0xFF, 0xFF, 0x00, 0x0F, 0xFF, 0xFE, 0x00, 0x01, 0xFF, 0xFC, 0x00, 0x00, 0x07, 0xC0, 0x00,
    0x00, 0x00, 0x00, 0x00, 0x00, 0x00, 0x00, 0x00, 0x00, 0x00, 0x00, 0x00, 0x00, 0x01, 0xC3, 0x00,
    0x00, 0x01, 0xF3, 0xC0, 0x00, 0x00, 0xFB, 0xF0, 0x00, 0x00, 0x7D, 0xF8, 0x00, 0x00, 0x3E, 0x78,
    0x00, 0x00, 0x0C, 0x18, 0x00, 0x00, 0x00, 0x20, 0x1E, 0x03, 0xF8, 0x0F, 0xC0, 0x7E, 0x03, 0xF8,
    0x1F, 0xC0, 0x7E, 0x03, 0xF0, 0x1F, 0x80, 0xFC, 0x07, 0xE0, 0x3F, 0x07, 0xFB, 0xFF, 0xDF, 0xFC,
    0xFF, 0xE7, 0xFE, 0x3F, 0xE1, 0xF8, 0x00, 0x00, 0x00, 0x00, 0x00, 0x07, 0x0E, 0x7C, 0xFB, 0xE7,
    0xDF, 0x3E, 0xF9, 0xF1, 0x86, 0x00, 0x03, 0xC0, 0x00, 0x3F, 0x00, 0x07, 0xF0, 0x00, 0x7F, 0x00,
    0x07, 0xF0, 0x00, 0x7F, 0x00, 0x0F, 0xF0, 0x01, 0xFF, 0x80, 0xFF, 0xFF, 0xEF, 0xFF, 0xFF, 0xFF,
    0xFF, 0xFF, 0xF7, 0xFF, 0xFE, 0x3F, 0xFF, 0x81, 0xFE, 0x00, 0x00, 0x00, 0x00, 0x00, 0x00, 0x00,
    0x01, 0xC3, 0x00, 0x3E, 0x78, 0x03, 0xEF, 0xC0, 0x3E, 0xFC, 0x03, 0xE7, 0x80, 0x18, 0x30, 0x00,
    0x08, 0x00, 0x00, 0x1F, 0x88, 0x00, 0x3F, 0xFE, 0x00, 0x1F, 0xFF, 0x00, 0x04, 0x3F, 0x07, 0xE0,
    0x00, 0x07, 0xF0, 0x00, 0x01, 0xF8, 0x00, 0x00, 0xFC, 0x01, 0x80, 0x7E, 0x01, 0xE0, 0x3F, 0x00,
    0xFC, 0x1F, 0x80, 0xFF, 0x8F, 0xC0, 0xFF, 0xE7, 0xE0, 0x3F, 0xFB, 0xF0, 0x07, 0xFF, 0xF8, 0x00,
    0xFF, 0xFC, 0x00, 0x3F, 0xFC, 0x00, 0x07, 0xFE, 0x00, 0x01, 0xFF, 0x00, 0x00, 0xFF, 0xC0, 0x00,
    0xFF, 0xF0, 0x00, 0xFF, 0xF8, 0x00, 0xFF, 0xFE, 0x00, 0xFF, 0x3F, 0x00, 0xFF, 0x1F, 0x80, 0xFE,
    0x0F, 0xC0, 0x7F, 0xFF, 0xE0, 0x3F, 0xFF, 0xF0, 0x1F, 0xFF, 0xF8, 0x0F, 0xFF, 0xF8, 0x07, 0xFF,
    0xF8, 0x03, 0xFF, 0xF0, 0x10, 0x00, 0x00, 0x00, 0x7E, 0x30, 0x00, 0x00, 0xFF, 0xF0, 0x00, 0x00,
    0xFF, 0xF8, 0x3F, 0x00, 0x43, 0xE0, 0x3F, 0x80, 0x00, 0x00, 0x3F, 0x80, 0x00, 0x00, 0x3F, 0x80,
    0x00, 0x00, 0x3F, 0x80, 0x00, 0x00, 0x3F, 0x80, 0x00, 0x80, 0x3F, 0x80, 0x01, 0xC0, 0x3F, 0x80,
    0x03, 0xE0, 0x3F, 0x80, 0x07, 0xF0, 0x3F, 0x80, 0x0F, 0xF8, 0x3F, 0x80, 0x03, 0xFC, 0x1F, 0x80,
    0x01, 0xFC, 0x1F, 0x80, 0x00, 0xFE, 0x1F, 0x80, 0x00, 0xFF, 0x1F, 0x80, 0x00, 0x7F, 0xBF, 0x80,
    0x00, 0x3F, 0xBF, 0x80, 0x00, 0x1F, 0xFF, 0x80, 0x00, 0x0F, 0xFF, 0x80, 0x00, 0x0F, 0xFF, 0x80,
    0x00, 0x07, 0xFF, 0x80, 0x00, 0x03, 0xFF, 0xC0, 0x06, 0x1F, 0xFF, 0xE0, 0x07, 0xFF, 0xFF, 0xFE,
    0x07, 0xFF, 0xEF, 0xFF, 0x07, 0xFF, 0xE7, 0xFF, 0x07, 0xFF, 0xC3, 0xFF, 0x07, 0xFF, 0x01, 0xFF,
    0x0F, 0xF8, 0x00, 0x7E, 0x08, 0x00, 0x00, 0x7C, 0x00, 0x01, 0xF8, 0x00, 0x03, 0x80, 0x00, 0x06,
    0x00, 0x00, 0x0E, 0x00, 0x00, 0x1F, 0xC0, 0x00, 0x7F, 0x80, 0x00, 0x7F, 0x81, 0xF8, 0xE0, 0x07,
    0xF0, 0x00, 0x07, 0xE0, 0x00, 0x0F, 0xC0, 0x60, 0x1F, 0x81, 0xE0, 0x3F, 0x03, 0xF0, 0x7E, 0x0F,
    0xF8, 0xFC, 0x3F, 0xF9, 0xF8, 0x3F, 0xFB, 0xF0, 0x1F, 0xFF, 0xE0, 0x0F, 0xFF, 0xC0, 0x0F, 0xFF,
    0x00, 0x07, 0xFE, 0x00, 0x07, 0xFC, 0x00, 0x0F, 0xFC, 0x00, 0x3F, 0xFC, 0x00, 0xFF, 0xF8, 0x03,
    0xFF, 0xF8, 0x0F, 0xF3, 0xF0, 0x3F, 0xC7, 0xE0, 0xFE, 0x0F, 0xC1, 0xFF, 0xFF, 0x83, 0xFF, 0xFF,
    0x07, 0xFF, 0xFE, 0x0F, 0xFF, 0xF8, 0x1F, 0xFF, 0xE0, 0x3F, 0xFF, 0x00, 0x08, 0x00, 0x00, 0x01,
    0xF0, 0x00, 0x00, 0x07, 0xC0, 0x00, 0x00, 0x38, 0x00, 0x00, 0x00, 0xE0, 0x00, 0x00, 0x03, 0xC0,
    0x00, 0x00, 0x07, 0xF0, 0x00, 0x00, 0x3F, 0xC0, 0x3F, 0x00, 0xFE, 0x00, 0xFE, 0x03, 0xC0, 0x03,
    0xF8, 0x00, 0x00, 0x0F, 0xE0, 0x00, 0x00, 0x3F, 0x80, 0x00, 0x00, 0xFE, 0x00, 0x08, 0x03, 0xF8,
    0x00, 0x70, 0x0F, 0xE0, 0x03, 0xE0, 0x3F, 0x80, 0x1F, 0xC0, 0xFE, 0x00, 0xFF, 0x83, 0xF8, 0x00,
    0xFF, 0x07, 0xE0, 0x01, 0xFC, 0x1F, 0x80, 0x03, 0xF8, 0x7E, 0x00, 0x0F, 0xF1, 0xF8, 0x00, 0x1F,
    0xEF, 0xE0, 0x00, 0x3F, 0xBF, 0x80, 0x00, 0x7F, 0xFE, 0x00, 0x00, 0xFF, 0xF8, 0x00, 0x03, 0xFF,
    0xE0, 0x00, 0x07, 0xFF, 0x80, 0x00, 0x0F, 0xFF, 0x00, 0x61, 0xFF, 0xFE, 0x01, 0xFF, 0xFF, 0xFF,
    0x87, 0xFF, 0xEF, 0xFF, 0x1F, 0xFF, 0x9F, 0xFC, 0x7F, 0xFC, 0x3F, 0xF1, 0xFF, 0xC0, 0x7F, 0xCF,
    0xF8, 0x00, 0x7E, 0x00, 0x07, 0xE0, 0x00, 0x7F, 0x00, 0x01, 0xF8, 0x00, 0x0F, 0xC1, 0x80, 0x7E,
    0x1E, 0x03, 0xF0, 0xFC, 0x1F, 0x8F, 0xF8, 0xFC, 0xFF, 0xE7, 0xE3, 0xFF, 0xBF, 0x07, 0xFF, 0xF8,
    0x0F, 0xFF, 0xC0, 0x3F, 0xFC, 0x00, 0x7F, 0xE0, 0x01, 0xFF, 0x00, 0x0F, 0xFC, 0x00, 0xFF, 0xF0,
    0x0F, 0xFF, 0x80, 0xFF, 0xFE, 0x0F, 0xF3, 0xF0, 0xFF, 0x1F, 0x8F, 0xE0, 0xFC, 0x7F, 0xFF, 0xE3,
    0xFF, 0xFF, 0x1F, 0xFF, 0xF8, 0xFF, 0xFF, 0x87, 0xFF, 0xF8, 0x3F, 0xFF, 0x00, 0x00, 0x00, 0x01,
    0x00, 0x00, 0x7C, 0x00, 0x03, 0xE0, 0x00, 0x38, 0x00, 0x01, 0xC0, 0x00, 0x0F, 0x00, 0x00, 0x3F,
    0x80, 0x03, 0xFC, 0x00, 0x1F, 0xC0, 0x00, 0xF0, 0x00, 0x00, 0x00, 0x03, 0xF0, 0x00, 0x00, 0x3F,
    0x80, 0x00, 0x03, 0xF8, 0x00, 0x00, 0x3F, 0x80, 0x00, 0x03, 0xF8, 0x00, 0x00, 0x3F, 0x80, 0x08,
    0x03, 0xF8, 0x01, 0xC0, 0x3F, 0x80, 0x3E, 0x03, 0xF8, 0x07, 0xF0, 0x3F, 0x80, 0xFF, 0x83, 0xF8,
    0x03, 0xFC, 0x1F, 0x80, 0x1F, 0xC1, 0xF8, 0x00, 0xFE, 0x1F, 0x80, 0x0F, 0xF1, 0xF8, 0x00, 0x7F,
    0xBF, 0x80, 0x03, 0xFB, 0xF8, 0x00, 0x1F, 0xFF, 0x80, 0x00, 0xFF, 0xF8, 0x00, 0x0F, 0xFF, 0x80,
    0x00, 0x7F, 0xF8, 0x00, 0x03, 0xFF, 0xC0, 0x61, 0xFF, 0xFE, 0x07, 0xFF, 0xFF, 0xFE, 0x7F, 0xFE,
    0xFF, 0xF7, 0xFF, 0xE7, 0xFF, 0x7F, 0xFC, 0x3F, 0xF7, 0xFF, 0x01, 0xFF, 0xFF, 0x80, 0x07, 0xE0,
    0x00, 0x00, 0x00, 0x08, 0x00, 0x00, 0x03, 0xE0, 0x00, 0x00, 0x7E, 0x00, 0x00, 0x07, 0x00, 0x00,
    0x00, 0x60, 0x00, 0x00, 0x07, 0x00, 0x00, 0x00, 0x7F, 0x00, 0x00, 0x0F, 0xF0, 0x00, 0x00, 0x7F,
    0x80, 0x00, 0x07, 0x00, 0x00, 0x00, 0x00, 0x07, 0xE0, 0x00, 0x7F, 0x00, 0x01, 0xF8, 0x00, 0x0F,
    0xC1, 0x80, 0x7E, 0x1E, 0x03, 0xF0, 0xFC, 0x1F, 0x8F, 0xF8, 0xFC, 0xFF, 0xE7, 0xE3, 0xFF, 0xBF,
    0x07, 0xFF, 0xF8, 0x0F, 0xFF, 0xC0, 0x3F, 0xFC, 0x00, 0x7F, 0xE0, 0x01, 0xFF, 0x00, 0x0F, 0xFC,
    0x00, 0xFF, 0xF0, 0x0F, 0xFF, 0x80, 0xFF, 0xFE, 0x0F, 0xF3, 0xF0, 0xFF, 0x1F, 0x8F, 0xE0, 0xFC,
    0x7F, 0xFF, 0xE3, 0xFF, 0xFF, 0x1F, 0xFF, 0xF8, 0xFF, 0xFF, 0x87, 0xFF, 0xF8, 0x3F, 0xFF, 0x00,
    0x00, 0x03, 0xF0, 0x00, 0x00, 0x3F, 0x80, 0x00, 0x03, 0xF8, 0x00, 0x00, 0x3F, 0x80, 0x00, 0x03,
    0xF8, 0x00, 0x00, 0x3F, 0x80, 0x08, 0x03, 0xF8, 0x01, 0xC0, 0x3F, 0x80, 0x3E, 0x03, 0xF8, 0x07,
    0xF0, 0x3F, 0x80, 0xFF, 0x83, 0xF8, 0x03, 0xFC, 0x1F, 0x80, 0x1F, 0xC1, 0xF8, 0x00, 0xFE, 0x1F,
    0x80, 0x0F, 0xF1, 0xF8, 0x00, 0x7F, 0xBF, 0x80, 0x03, 0xFB, 0xF8, 0x00, 0x1F, 0xFF, 0x80, 0x00,
    0xFF, 0xF8, 0x00, 0x0F, 0xFF, 0x80, 0x00, 0x7F, 0xF8, 0x00, 0x03, 0xFF, 0xC0, 0x61, 0xFF, 0xFE,
    0x07, 0xFF, 0xFF, 0xFE, 0x7F, 0xFE, 0xFF, 0xF7, 0xFF, 0xE7, 0xFF, 0x7F, 0xFC, 0x3F, 0xF7, 0xFF,
    0x01, 0xFF, 0xFF, 0x80, 0x07, 0xE0, 0x00, 0x00, 0x80, 0x00, 0x00, 0x00, 0x70, 0x00, 0x00, 0x00,
    0x3E, 0x00, 0x00, 0x00, 0x1F, 0xC0, 0x00, 0x00, 0x0F, 0xF8, 0x00, 0x00, 0x07, 0xFF, 0x00, 0x00,
    0x03, 0xFF, 0xE0, 0x00, 0x01, 0xFD, 0xFC, 0x00, 0x00, 0xF0, 0x07, 0x80, 0x00, 0x78, 0x00, 0xF0,
    0x00, 0x3E, 0x00, 0x1E, 0x00, 0x1F, 0xCF, 0x07, 0xC0, 0x0F, 0xFF, 0xE1, 0xF8, 0x07, 0xFF, 0xF8,
    0x7F, 0x03, 0xFF, 0xFC, 0x1F, 0xE1, 0xFF, 0xFF, 0x0F, 0xFC, 0xFF, 0xFF, 0x03, 0xFF, 0xBF, 0xFF,
    0x81, 0xFF, 0xF7, 0xFF, 0xE1, 0xFF, 0xF8, 0xFF, 0xF0, 0xFF, 0xFC, 0x1F, 0xFC, 0x3F, 0xFE, 0x03,
    0xFF, 0x0F, 0xFF, 0x00, 0x7F, 0xFF, 0xFF, 0x80, 0x0F, 0xFF, 0xFF, 0xC0, 0x01, 0xFC, 0x3F, 0xE0,
    0x00, 0x3F, 0x07, 0xF0, 0x00, 0x07, 0xC1, 0xF8, 0x00, 0x00, 0xF0, 0x78, 0x00, 0x00, 0x1C, 0x3C,
    0x00, 0x00, 0x03, 0xFE, 0x00, 0x00, 0x00, 0x7F, 0x00, 0x00, 0x00, 0x0F, 0x80, 0x00, 0x00, 0x01,
    0xC0, 0x00, 0x00, 0x00, 0x20, 0x00, 0x00,
};

static const EpdGlyph geist_ui_18_boldGlyphs[] = {
    { 1, 1, 0, 0, 1, 1, 0 }, // U+0000
    { 1, 1, 156, 0, 1, 1, 1 }, // U+000D
    { 1, 1, 137, 0, 1, 1, 2 }, // U+0020
    { 6, 27, 154, 2, 27, 21, 3 }, // !
    { 11, 10, 234, 2, 27, 14, 24 }, // "
    { 22, 27, 353, 0, 27, 75, 38 }, // #
    { 22, 34, 402, 2, 31, 94, 113 }, // $
    { 28, 27, 495, 1, 27, 95, 207 }, // %
    { 25, 29, 425, 1, 28, 91, 302 }, // &
    { 4, 10, 122, 2, 27, 5, 393 }, // '
    { 11, 33, 194, 2, 29, 46, 398 }, // (
    { 11, 33, 194, 0, 29, 46, 444 }, // )
    { 13, 14, 253, 1, 28, 23, 490 }, // *
    { 19, 19, 342, 1, 21, 46, 513 }, // +
    { 6, 12, 142, 1, 6, 9, 559 }, // ,
    { 13, 4, 250, 1, 13, 7, 568 }, // -
    { 6, 6, 142, 1, 6, 5, 575 }, // .
    { 17, 33, 313, 1, 29, 71, 580 }, // /
    { 23, 29, 419, 2, 28, 84, 651 }, // 0
    { 12, 27, 269, 1, 27, 41, 735 }, // 1
    { 20, 28, 392, 2, 28, 70, 776 }, // 2
    { 21, 29, 390, 2, 28, 77, 846 }, // 3
    { 22, 27, 394, 1, 27, 75, 923 }, // 4
    { 21, 28, 403, 2, 27, 74, 998 }, // 5
    { 21, 29, 397, 2, 28, 77, 1072 }, // 6
    { 20, 27, 326, 1, 27, 68, 1149 }, // 7
    { 22, 29, 401, 1, 28, 80, 1217 }, // 8
    { 21, 29, 399, 2, 28, 77, 1297 }, // 9
    { 6, 20, 187, 3, 20, 15, 1374 }, // :
    { 6, 26, 187, 3, 20, 20, 1389 }, // ;
    { 18, 21, 330, 1, 22, 48, 1409 }, // <
    { 18, 13, 331, 1, 17, 30, 1457 }, // =
    { 18, 21, 330, 2, 22, 48, 1487 }, // >
    { 19, 28, 355, 2, 28, 67, 1535 }, // ?
    { 33, 33, 577, 2, 27, 137, 1602 }, // @
    { 26, 27, 438, 1, 27, 88, 1739 }, // A
    { 22, 27, 422, 3, 27, 75, 1827 }, // B
    { 25, 29, 440, 2, 28, 91, 1902 }, // C
    { 23, 27, 432, 3, 27, 78, 1993 }, // D
    { 19, 27, 373, 3, 27, 65, 2071 }, // E
    { 19, 27, 362, 3, 27, 65, 2136 }, // F
    { 24, 29, 443, 2, 28, 87, 2201 }, // G
    { 22, 27, 433, 3, 27, 75, 2288 }, // H
    { 6, 27, 180, 3, 27, 21, 2363 }, // I
    { 20, 28, 376, 2, 27, 70, 2384 }, // J
    { 23, 27, 413, 3, 27, 78, 2454 }, // K
    { 18, 27, 353, 3, 27, 61, 2532 }, // L
    { 29, 27, 549, 3, 27, 98, 2593 }, // M
    { 23, 27, 450, 3, 27, 78, 2691 }, // N
    { 26, 29, 466, 2, 28, 95, 2769 }, // O
    { 21, 27, 403, 3, 27, 71, 2864 }, // P
    { 26, 31, 461, 2, 28, 101, 2935 }, // Q
    { 21, 27, 418, 3, 27, 71, 3036 }, // R
    { 22, 29, 409, 2, 28, 80, 3107 }, // S
    { 22, 27, 359, 1, 27, 75, 3187 }, // T
    { 22, 28, 422, 2, 27, 77, 3262 }, // U
    { 26, 27, 438, 1, 27, 88, 3339 }, // V
    { 36, 27, 609, 1, 27, 122, 3427 }, // W
    { 25, 27, 413, 0, 27, 85, 3549 }, // X
    { 24, 27, 379, 0, 27, 81, 3634 }, // Y
    { 20, 27, 356, 1, 27, 68, 3715 }, // Z
    { 12, 33, 234, 3, 29, 50, 3783 }, // [
    { 17, 33, 301, 1, 29, 71, 3833 }, // <backslash>
    { 12, 33, 234, 1, 29, 50, 3904 }, // ]
    { 15, 11, 277, 1, 26, 21, 3954 }, // ^
    { 18, 4, 337, 1, -1, 9, 3975 }, // _
    { 8, 5, 167, 1, 28, 5, 3984 }, // `
    { 20, 21, 356, 1, 21, 53, 3989 }, // a
    { 20, 27, 380, 2, 27, 68, 4042 }, // b
    { 20, 21, 359, 1, 21, 53, 4110 }, // c
    { 20, 27, 380, 1, 27, 68, 4163 }, // d
    { 20, 21, 363, 1, 21, 53, 4231 }, // e
    { 14, 27, 268, 2, 27, 48, 4284 }, // f
    { 20, 27, 380, 1, 21, 68, 4332 }, // g
    { 18, 27, 367, 2, 27, 61, 4400 }, // h
    { 6, 27, 169, 2, 27, 21, 4461 }, // i
    { 11, 33, 199, 0, 27, 46, 4482 }, // j
    { 20, 27, 388, 2, 27, 68, 4528 }, // k
    { 9, 27, 188, 2, 27, 31, 4596 }, // l
    { 29, 21, 540, 2, 21, 77, 4627 }, // m
    { 18, 21, 367, 2, 21, 48, 4704 }, // n
    { 20, 21, 371, 1, 21, 53, 4752 }, // o
    { 20, 27, 380, 2, 21, 68, 4805 }, // p
    { 20, 27, 380, 1, 21, 68, 4873 }, // q
    { 12, 21, 255, 2, 21, 32, 4941 }, // r
    { 18, 21, 343, 2, 21, 48, 4973 }, // s
    { 14, 26, 267, 2, 26, 46, 5021 }, // t
    { 18, 21, 364, 2, 21, 48, 5067 }, // u
    { 21, 21, 365, 1, 21, 56, 5115 }, // v
    { 30, 21, 509, 1, 21, 79, 5171 }, // w
    { 21, 21, 390, 2, 21, 56, 5250 }, // x
    { 20, 27, 352, 1, 21, 68, 5306 }, // y
    { 18, 21, 357, 2, 21, 48, 5374 }, // z
    { 14, 34, 245, 1, 29, 60, 5422 }, // {
    { 6, 33, 176, 3, 29, 25, 5482 }, // |
    { 14, 34, 245, 0, 29, 60, 5507 }, // }
    { 17, 7, 314, 1, 16, 15, 5567 }, // ~
    { 1, 1, 137, 0, 1, 1, 5582 }, // U+00A0
    { 6, 27, 154, 2, 21, 21, 5583 }, // U+00A1
    { 20, 29, 359, 1, 29, 73, 5604 }, // U+00A2
    { 20, 28, 388, 2, 28, 70, 5677 }, // U+00A3
    { 21, 21, 380, 2, 24, 56, 5747 }, // U+00A4
    { 24, 27, 379, 0, 27, 81, 5803 }, // U+00A5
    { 6, 33, 176, 3, 29, 25, 5884 }, // U+00A6
    { 19, 30, 364, 1, 27, 72, 5909 }, // U+00A7
    { 14, 4, 259, 1, 27, 7, 5981 }, // U+00A8
    { 28, 29, 493, 2, 29, 102, 5988 }, // U+00A9
    { 13, 14, 259, 1, 27, 23, 6090 }, // U+00AA
    { 22, 15, 387, 1, 18, 42, 6113 }, // U+00AB
    { 17, 10, 307, 1, 13, 22, 6155 }, // U+00AC
    { 10, 4, 192, 1, 12, 5, 6177 }, // U+00AD
    { 21, 21, 389, 2, 27, 56, 6182 }, // U+00AE
    { 11, 4, 224, 1, 27, 6, 6238 }, // U+00AF
    { 13, 14, 257, 1, 28, 23, 6244 }, // U+00B0
    { 18, 23, 330, 1, 23, 52, 6267 }, // U+00B1
    { 11, 15, 223, 2, 27, 21, 6319 }, // U+00B2
    { 12, 15, 221, 0, 27, 23, 6340 }, // U+00B3
    { 8, 5, 167, 1, 28, 5, 6363 }, // U+00B4
    { 18, 27, 364, 2, 21, 61, 6368 }, // U+00B5
    { 21, 27, 397, 2, 27, 71, 6429 }, // U+00B6
    { 6, 6, 142, 1, 15, 5, 6500 }, // U+00B7
    { 9, 9, 197, 2, 0, 11, 6505 }, // U+00B8
    { 8, 15, 169, 1, 27, 15, 6516 }, // U+00B9
    { 14, 13, 268, 1, 27, 23, 6531 }, // U+00BA
    { 22, 15, 393, 1, 18, 42, 6554 }, // U+00BB
    { 28, 27, 474, 1, 27, 95, 6596 }, // U+00BC
    { 30, 27, 508, 1, 27, 102, 6691 }, // U+00BD
    { 30, 28, 509, 0, 28, 105, 6793 }, // U+00BE
    { 19, 28, 355, 1, 22, 67, 6898 }, // U+00BF
    { 26, 35, 438, 1, 35, 114, 6965 }, // U+00C0
    { 26, 35, 438, 1, 35, 114, 7079 }, // U+00C1
    { 26, 35, 438, 1, 35, 114, 7193 }, // U+00C2
    { 27, 36, 442, 0, 36, 122, 7307 }, // U+00C3
    { 26, 34, 438, 1, 34, 111, 7429 }, // U+00C4
    { 26, 36, 442, 1, 36, 117, 7540 }, // U+00C5
    { 37, 27, 625, 1, 27, 125, 7657 }, // U+00C6
    { 24, 37, 440, 2, 28, 111, 7782 }, // U+00C7
    { 19, 35, 373, 3, 35, 84, 7893 }, // U+00C8
    { 19, 35, 373, 3, 35, 84, 7977 }, // U+00C9
    { 19, 35, 373, 3, 35, 84, 8061 }, // U+00CA
    { 19, 34, 373, 3, 34, 81, 8145 }, // U+00CB
    { 8, 35, 180, 1, 35, 35, 8226 }, // U+00CC
    { 8, 35, 180, 3, 35, 35, 8261 }, // U+00CD
    { 12, 35, 180, 0, 35, 53, 8296 }, // U+00CE
    { 14, 34, 180, -1, 34, 60, 8349 }, // U+00CF
    { 26, 27, 432, 0, 27, 88, 8409 }, // U+00D0
    { 23, 35, 450, 3, 35, 101, 8497 }, // U+00D1
    { 26, 36, 466, 2, 35, 117, 8598 }, // U+00D2
    { 26, 36, 466, 2, 35, 117, 8715 }, // U+00D3
    { 26, 36, 466, 2, 35, 117, 8832 }, // U+00D4
    { 26, 37, 466, 2, 36, 121, 8949 }, // U+00D5
    { 26, 35, 466, 2, 34, 114, 9070 }, // U+00D6
    { 18, 18, 324, 1, 20, 41, 9184 }, // U+00D7
    { 26, 29, 466, 2, 28, 95, 9225 }, // U+00D8
    { 22, 36, 422, 2, 35, 99, 9320 }, // U+00D9
    { 22, 36, 422, 2, 35, 99, 9419 }, // U+00DA
    { 22, 36, 422, 2, 35, 99, 9518 }, // U+00DB
    { 22, 35, 422, 2, 34, 97, 9617 }, // U+00DC
    { 24, 35, 379, 0, 35, 105, 9714 }, // U+00DD
    { 20, 27, 385, 3, 27, 68, 9819 }, // U+00DE
    { 21, 27, 394, 2, 27, 71, 9887 }, // U+00DF
    { 20, 29, 356, 1, 29, 73, 9958 }, // U+00E0
    { 20, 28, 356, 1, 28, 70, 10031 }, // U+00E1
    { 20, 29, 356, 1, 29, 73, 10101 }, // U+00E2
    { 20, 29, 356, 1, 29, 73, 10174 }, // U+00E3
    { 20, 27, 356, 1, 27, 68, 10247 }, // U+00E4
    { 20, 30, 356, 1, 30, 75, 10315 }, // U+00E5
    { 33, 21, 575, 1, 21, 87, 10390 }, // U+00E6
    { 20, 30, 359, 1, 21, 75, 10477 }, // U+00E7
    { 20, 29, 363, 1, 29, 73, 10552 }, // U+00E8
    { 20, 28, 363, 1, 28, 70, 10625 }, // U+00E9
    { 20, 29, 363, 1, 29, 73, 10695 }, // U+00EA
    { 20, 27, 363, 1, 27, 68, 10768 }, // U+00EB
    { 8, 28, 169, 0, 28, 28, 10836 }, // U+00EC
    { 8, 28, 169, 2, 28, 28, 10864 }, // U+00ED
    { 13, 29, 169, -1, 29, 48, 10892 }, // U+00EE
    { 14, 27, 169, -1, 27, 48, 10940 }, // U+00EF
    { 20, 28, 371, 1, 28, 70, 10988 }, // U+00F0
    { 18, 29, 367, 2, 29, 66, 11058 }, // U+00F1
    { 20, 29, 371, 1, 29, 73, 11124 }, // U+00F2
    { 20, 28, 371, 1, 28, 70, 11197 }, // U+00F3
    { 20, 29, 371, 1, 29, 73, 11267 }, // U+00F4
    { 20, 29, 371, 1, 29, 73, 11340 }, // U+00F5
    { 20, 27, 371, 1, 27, 68, 11413 }, // U+00F6
    { 18, 21, 338, 1, 21, 48, 11481 }, // U+00F7
    { 20, 21, 371, 1, 21, 53, 11529 }, // U+00F8
    { 18, 29, 364, 2, 29, 66, 11582 }, // U+00F9
    { 18, 28, 364, 2, 28, 63, 11648 }, // U+00FA
    { 18, 29, 364, 2, 29, 66, 11711 }, // U+00FB
    { 18, 27, 364, 2, 27, 61, 11777 }, // U+00FC
    { 20, 34, 352, 1, 28, 85, 11838 }, // U+00FD
    { 20, 33, 374, 2, 27, 83, 11923 }, // U+00FE
    { 20, 33, 352, 1, 27, 83, 12006 }, // U+00FF
    { 25, 34, 438, 1, 34, 107, 12089 }, // U+0100
    { 20, 27, 356, 1, 27, 68, 12196 }, // U+0101
    { 26, 35, 438, 1, 35, 114, 12264 }, // U+0102
    { 20, 29, 356, 1, 29, 73, 12378 }, // U+0103
    { 28, 36, 438, 1, 27, 126, 12451 }, // U+0104
    { 21, 29, 356, 1, 21, 77, 12577 }, // U+0105
    { 25, 36, 440, 2, 35, 113, 12654 }, // U+0106
    { 20, 28, 359, 1, 28, 70, 12767 }, // U+0107
    { 25, 36, 440, 2, 35, 113, 12837 }, // U+0108
    { 20, 29, 359, 1, 29, 73, 12950 }, // U+0109
    { 25, 35, 440, 2, 34, 110, 13023 }, // U+010A
    { 20, 27, 359, 1, 27, 68, 13133 }, // U+010B
    { 25, 36, 440, 2, 35, 113, 13201 }, // U+010C
    { 20, 29, 359, 1, 29, 73, 13314 }, // U+010D
    { 23, 35, 432, 3, 35, 101, 13387 }, // U+010E
    { 28, 27, 445, 1, 27, 95, 13488 }, // U+010F
    { 26, 27, 432, 0, 27, 88, 13583 }, // U+0110
    { 23, 27, 380, 1, 27, 78, 13671 }, // U+0111
    { 19, 34, 373, 3, 34, 81, 13749 }, // U+0112
    { 20, 27, 363, 1, 27, 68, 13830 }, // U+0113
    { 15, 36, 336, 3, 36, 68, 13898 }, // U+0114
    { 19, 29, 358, 2, 29, 69, 13966 }, // U+0115
    { 19, 34, 373, 3, 34, 81, 14035 }, // U+0116
    { 20, 27, 363, 1, 27, 68, 14116 }, // U+0117
    { 20, 36, 373, 3, 27, 90, 14184 }, // U+0118
    { 20, 29, 363, 1, 21, 73, 14274 }, // U+0119
    { 19, 35, 373, 3, 35, 84, 14347 }, // U+011A
    { 20, 29, 363, 1, 29, 73, 14431 }, // U+011B
    { 24, 36, 443, 2, 35, 108, 14504 }, // U+011C
    { 20, 35, 380, 1, 29, 88, 14612 }, // U+011D
    { 24, 36, 443, 2, 35, 108, 14700 }, // U+011E
    { 20, 35, 380, 1, 29, 88, 14808 }, // U+011F
    { 24, 35, 443, 2, 34, 105, 14896 }, // U+0120
    { 20, 33, 380, 1, 27, 83, 15001 }, // U+0121
    { 24, 38, 443, 2, 28, 114, 15084 }, // U+0122
    { 20, 37, 380, 1, 31, 93, 15198 }, // U+0123
    { 22, 35, 433, 3, 35, 97, 15291 }, // U+0124
    { 21, 34, 367, -1, 34, 90, 15388 }, // U+0125
    { 27, 27, 433, 0, 27, 92, 15478 }, // U+0126
    { 21, 27, 367, 0, 27, 71, 15570 }, // U+0127
    { 13, 35, 180, -1, 35, 57, 15641 }, // U+0128
    { 13, 29, 169, -1, 29, 48, 15698 }, // U+0129
    { 11, 34, 180, 1, 34, 47, 15746 }, // U+012A
    { 11, 27, 169, 0, 27, 38, 15793 }, // U+012B
    { 14, 36, 233, 1, 36, 63, 15831 }, // U+012C
    { 14, 29, 179, -1, 29, 51, 15894 }, // U+012D
    { 8, 36, 180, 2, 27, 36, 15945 }, // U+012E
    { 8, 36, 169, 1, 27, 36, 15981 }, // U+012F
    { 6, 34, 180, 3, 34, 26, 16017 }, // U+0130
    { 6, 21, 169, 2, 21, 16, 16043 }, // U+0131
    { 29, 28, 548, 3, 27, 102, 16059 }, // U+0132
    { 17, 33, 351, 2, 27, 71, 16161 }, // U+0133
    { 23, 36, 376, 2, 35, 104, 16232 }, // U+0134
    { 15, 34, 199, 0, 28, 64, 16336 }, // U+0135
    { 23, 37, 413, 3, 27, 107, 16400 }, // U+0136
    { 20, 37, 388, 2, 27, 93, 16507 }, // U+0137
    { 21, 21, 372, 3, 21, 56, 16600 }, // U+0138
    { 18, 35, 353, 3, 35, 79, 16656 }, // U+0139
    { 9, 34, 188, 2, 34, 39, 16735 }, // U+013A
    { 18, 37, 353, 3, 27, 84, 16774 }, // U+013B
    { 9, 37, 188, 2, 27, 42, 16858 }, // U+013C
    { 18, 27, 353, 3, 27, 61, 16900 }, // U+013D
    { 13, 27, 234, 2, 27, 44, 16961 }, // U+013E
    { 17, 27, 335, 3, 27, 58, 17005 }, // U+013F
    { 13, 29, 221, 3, 29, 48, 17063 }, // U+0140
    { 21, 27, 353, 0, 27, 71, 17111 }, // U+0141
    { 12, 27, 188, 0, 27, 41, 17182 }, // U+0142
    { 23, 35, 450, 3, 35, 101, 17223 }, // U+0143
    { 18, 28, 367, 2, 28, 63, 17324 }, // U+0144
    { 23, 37, 450, 3, 27, 107, 17387 }, // U+0145
    { 18, 31, 367, 2, 21, 70, 17494 }, // U+0146
    { 23, 35, 450, 3, 35, 101, 17564 }, // U+0147
    { 18, 29, 367, 2, 29, 66, 17665 }, // U+0148
    { 27, 27, 465, -1, 27, 92, 17731 }, // U+0149
    { 23, 33, 450, 3, 27, 95, 17823 }, // U+014A
    { 18, 27, 367, 2, 21, 61, 17918 }, // U+014B
    { 26, 35, 466, 2, 34, 114, 17979 }, // U+014C
    { 20, 27, 371, 1, 27, 68, 18093 }, // U+014D
    { 25, 36, 475, 2, 36, 113, 18161 }, // U+014E
    { 20, 29, 375, 2, 29, 73, 18274 }, // U+014F
    { 26, 36, 466, 2, 35, 117, 18347 }, // U+0150
    { 20, 28, 371, 1, 28, 70, 18464 }, // U+0151
    { 39, 29, 672, 2, 28, 142, 18534 }, // U+0152
    { 35, 21, 599, 1, 21, 92, 18676 }, // U+0153
    { 21, 35, 418, 3, 35, 92, 18768 }, // U+0154
    { 12, 28, 255, 2, 28, 42, 18860 }, // U+0155
    { 21, 37, 418, 3, 27, 98, 18902 }, // U+0156
    { 12, 31, 255, 2, 21, 47, 19000 }, // U+0157
    { 21, 35, 418, 3, 35, 92, 19047 }, // U+0158
    { 12, 29, 255, 2, 29, 44, 19139 }, // U+0159
    { 22, 36, 409, 2, 35, 99, 19183 }, // U+015A
    { 18, 28, 343, 2, 28, 63, 19282 }, // U+015B
    { 22, 36, 409, 2, 35, 99, 19345 }, // U+015C
    { 18, 29, 343, 2, 29, 66, 19444 }, // U+015D
    { 22, 37, 409, 2, 28, 102, 19510 }, // U+015E
    { 18, 30, 343, 2, 21, 68, 19612 }, // U+015F
    { 22, 36, 409, 2, 35, 99, 19680 }, // U+0160
    { 18, 29, 343, 2, 29, 66, 19779 }, // U+0161
    { 22, 36, 359, 1, 27, 99, 19845 }, // U+0162
    { 14, 35, 267, 2, 26, 62, 19944 }, // U+0163
    { 22, 35, 359, 1, 35, 97, 20006 }, // U+0164
    { 16, 30, 270, 2, 30, 60, 20103 }, // U+0165
    { 22, 27, 359, 1, 27, 75, 20163 }, // U+0166
    { 14, 26, 267, 2, 26, 46, 20238 }, // U+0167
    { 22, 37, 422, 2, 36, 102, 20284 }, // U+0168
    { 18, 29, 364, 2, 29, 66, 20386 }, // U+0169
    { 22, 35, 422, 2, 34, 97, 20452 }, // U+016A
    { 18, 27, 364, 2, 27, 61, 20549 }, // U+016B
    { 22, 36, 422, 2, 35, 99, 20610 }, // U+016C
    { 18, 29, 364, 2, 29, 66, 20709 }, // U+016D
    { 22, 37, 422, 2, 36, 102, 20775 }, // U+016E
    { 18, 30, 364, 2, 30, 68, 20877 }, // U+016F
    { 22, 36, 422, 2, 35, 99, 20945 }, // U+0170
    { 18, 28, 364, 2, 28, 63, 21044 }, // U+0171
    { 22, 35, 422, 2, 27, 97, 21107 }, // U+0172
    { 19, 29, 364, 2, 21, 69, 21204 }, // U+0173
    { 36, 35, 609, 1, 35, 158, 21273 }, // U+0174
    { 30, 29, 509, 1, 29, 109, 21431 }, // U+0175
    { 24, 35, 379, 0, 35, 105, 21540 }, // U+0176
    { 20, 34, 352, 1, 28, 85, 21645 }, // U+0177
    { 24, 34, 379, 0, 34, 102, 21730 }, // U+0178
    { 20, 35, 356, 1, 35, 88, 21832 }, // U+0179
    { 18, 28, 357, 2, 28, 63, 21920 }, // U+017A
    { 20, 34, 356, 1, 34, 85, 21983 }, // U+017B
    { 18, 27, 357, 2, 27, 61, 22068 }, // U+017C
    { 20, 35, 356, 1, 35, 88, 22129 }, // U+017D
    { 18, 29, 357, 2, 29, 66, 22217 }, // U+017E
    { 13, 29, 230, 3, 29, 48, 22283 }, // U+017F
    { 30, 29, 493, 2, 29, 109, 22331 }, // U+01A0
    { 25, 24, 409, 2, 24, 75, 22440 }, // U+01A1
    { 30, 29, 531, 3, 29, 109, 22515 }, // U+01AF
    { 27, 24, 454, 3, 24, 81, 22624 }, // U+01B0
    { 45, 36, 785, 3, 36, 203, 22705 }, // U+01C4
    { 41, 29, 735, 3, 29, 149, 22908 }, // U+01C5
    { 39, 29, 675, 2, 29, 142, 23057 }, // U+01C6
    { 27, 35, 538, 3, 27, 119, 23199 }, // U+01C7
    { 27, 38, 522, 3, 29, 129, 23318 }, // U+01C8
    { 17, 38, 366, 3, 29, 81, 23447 }, // U+01C9
    { 36, 35, 686, 3, 27, 158, 23528 }, // U+01CA
    { 36, 38, 671, 3, 29, 171, 23686 }, // U+01CB
    { 30, 38, 577, 3, 29, 143, 23857 }, // U+01CC
    { 26, 35, 438, 1, 35, 114, 24000 }, // U+01CD
    { 20, 29, 356, 1, 29, 73, 24114 }, // U+01CE
    { 16, 36, 233, -1, 36, 72, 24187 }, // U+01CF
    { 17, 29, 179, -2, 29, 62, 24259 }, // U+01D0
    { 25, 36, 475, 2, 36, 113, 24321 }, // U+01D1
    { 20, 29, 375, 2, 29, 73, 24434 }, // U+01D2
    { 22, 36, 454, 3, 36, 99, 24507 }, // U+01D3
    { 19, 29, 390, 3, 29, 69, 24606 }, // U+01D4
    { 22, 39, 454, 3, 39, 108, 24675 }, // U+01D5
    { 19, 33, 390, 3, 33, 79, 24783 }, // U+01D6
    { 22, 40, 454, 3, 40, 110, 24862 }, // U+01D7
    { 19, 33, 390, 3, 33, 79, 24972 }, // U+01D8
    { 22, 40, 454, 3, 40, 110, 25051 }, // U+01D9
    { 19, 34, 390, 3, 34, 81, 25161 }, // U+01DA
    { 22, 40, 454, 3, 40, 110, 25242 }, // U+01DB
    { 19, 33, 390, 3, 33, 79, 25352 }, // U+01DC
    { 19, 21, 358, 2, 21, 50, 25431 }, // U+01DD
    { 26, 39, 415, 0, 39, 127, 25481 }, // U+01DE
    { 18, 33, 359, 1, 33, 75, 25608 }, // U+01DF
    { 26, 39, 415, 0, 39, 127, 25683 }, // U+01E0
    { 18, 33, 359, 1, 33, 75, 25810 }, // U+01E1
    { 34, 33, 571, 0, 33, 141, 25885 }, // U+01E2
    { 31, 27, 550, 2, 27, 105, 26026 }, // U+01E3
    { 27, 29, 467, 2, 28, 98, 26131 }, // U+01E4
    { 23, 27, 395, 1, 21, 78, 26229 }, // U+01E5
    { 24, 36, 443, 2, 35, 108, 26307 }, // U+01E6
    { 20, 35, 380, 1, 29, 88, 26415 }, // U+01E7
    { 23, 35, 413, 3, 35, 101, 26503 }, // U+01E8
    { 23, 34, 388, -1, 34, 98, 26604 }, // U+01E9
    { 25, 36, 475, 2, 27, 113, 26702 }, // U+01EA
    { 20, 30, 375, 2, 21, 75, 26815 }, // U+01EB
    { 25, 42, 475, 2, 33, 132, 26890 }, // U+01EC
    { 20, 36, 375, 2, 27, 90, 27022 }, // U+01ED
    { 20, 36, 355, 1, 36, 90, 27112 }, // U+01EE
    { 20, 38, 349, 1, 29, 95, 27202 }, // U+01EF
    { 17, 38, 179, -2, 29, 81, 27297 }, // U+01F0
    { 45, 27, 785, 3, 27, 152, 27378 }, // U+01F1
    { 41, 27, 735, 3, 27, 139, 27530 }, // U+01F2
    { 39, 29, 675, 2, 29, 142, 27669 }, // U+01F3
    { 22, 36, 434, 2, 36, 99, 27811 }, // U+01F4
    { 20, 38, 379, 2, 29, 95, 27910 }, // U+01F5
    { 33, 27, 629, 3, 27, 112, 28005 }, // U+01F6
    { 20, 36, 406, 3, 27, 90, 28117 }, // U+01F7
    { 24, 36, 483, 3, 36, 108, 28207 }, // U+01F8
    { 19, 29, 390, 3, 29, 69, 28315 }, // U+01F9
    { 25, 36, 415, 0, 36, 113, 28384 }, // U+01FA
    { 18, 37, 359, 1, 37, 84, 28497 }, // U+01FB
    { 34, 36, 571, 0, 36, 153, 28581 }, // U+01FC
    { 31, 29, 550, 2, 29, 113, 28734 }, // U+01FD
    { 25, 37, 475, 2, 36, 116, 28847 }, // U+01FE
    { 20, 30, 371, 2, 29, 75, 28963 }, // U+01FF
    { 26, 35, 415, 0, 35, 114, 29038 }, // U+0200
    { 18, 29, 359, 1, 29, 66, 29152 }, // U+0201
    { 26, 35, 415, 0, 35, 114, 29218 }, // U+0202
    { 18, 29, 359, 1, 29, 66, 29332 }, // U+0203
    { 18, 35, 336, 1, 35, 79, 29398 }, // U+0204
    { 19, 29, 358, 2, 29, 69, 29477 }, // U+0205
    { 16, 35, 336, 3, 35, 70, 29546 }, // U+0206
    { 20, 29, 358, 2, 29, 73, 29616 }, // U+0207
    { 16, 35, 233, -3, 35, 70, 29689 }, // U+0208
    { 16, 29, 179, -4, 29, 58, 29759 }, // U+0209
    { 14, 35, 233, 0, 35, 62, 29817 }, // U+020A
    { 14, 29, 179, -1, 29, 51, 29879 }, // U+020B
    { 25, 36, 475, 2, 36, 113, 29930 }, // U+020C
    { 20, 29, 375, 2, 29, 73, 30043 }, // U+020D
    { 25, 36, 475, 2, 36, 113, 30116 }, // U+020E
    { 20, 29, 375, 2, 29, 73, 30229 }, // U+020F
    { 23, 35, 394, 2, 35, 101, 30302 }, // U+0210
    { 17, 29, 268, 0, 29, 62, 30403 }, // U+0211
    { 22, 35, 394, 3, 35, 97, 30465 }, // U+0212
    { 15, 29, 268, 2, 29, 55, 30562 }, // U+0213
    { 22, 36, 454, 3, 36, 99, 30617 }, // U+0214
    { 19, 29, 390, 3, 29, 69, 30716 }, // U+0215
    { 22, 36, 454, 3, 36, 99, 30785 }, // U+0216
    { 19, 29, 390, 3, 29, 69, 30884 }, // U+0217
    { 22, 38, 409, 2, 28, 105, 30953 }, // U+0218
    { 18, 30, 343, 2, 21, 68, 31058 }, // U+0219
    { 22, 37, 359, 1, 27, 102, 31126 }, // U+021A
    { 14, 36, 267, 2, 26, 63, 31228 }, // U+021B
    { 20, 34, 377, 2, 27, 85, 31291 }, // U+021C
    { 17, 30, 304, 1, 21, 64, 31376 }, // U+021D
    { 22, 36, 459, 3, 36, 99, 31440 }, // U+021E
    { 24, 37, 390, -2, 37, 111, 31539 }, // U+021F
    { 8, 5, 0, 1, 28, 5, 31650 }, // U+0300
    { 8, 5, 0, 1, 28, 5, 31655 }, // U+0301
    { 13, 6, 0, 1, 29, 10, 31660 }, // U+0302
    { 13, 6, 0, 1, 29, 10, 31670 }, // U+0303
    { 11, 4, 0, 1, 27, 6, 31680 }, // U+0304
    { 16, 4, 0, -8, 32, 8, 31686 }, // U+0305
    { 12, 6, 0, 1, 29, 9, 31694 }, // U+0306
    { 6, 4, 0, 1, 27, 3, 31703 }, // U+0307
    { 14, 4, 0, 1, 27, 7, 31706 }, // U+0308
    { 8, 9, 0, -16, 31, 9, 31713 }, // U+0309
    { 8, 8, 0, 1, 30, 8, 31722 }, // U+030A
    { 15, 5, 0, 1, 28, 10, 31730 }, // U+030B
    { 13, 6, 0, 1, 29, 10, 31740 }, // U+030C
    { 4, 6, 0, -2, 29, 3, 31750 }, // U+030D
    { 10, 6, 0, -5, 29, 8, 31753 }, // U+030E
    { 15, 6, 0, -21, 29, 12, 31761 }, // U+030F
    { 13, 9, 0, -6, 32, 15, 31773 }, // U+0310
    { 14, 7, 0, -7, 29, 13, 31788 }, // U+0311
    { 6, 8, 0, 1, 31, 6, 31801 }, // U+0312
    { 8, 9, 0, -4, 27, 9, 31807 }, // U+0313
    { 8, 9, 0, -4, 27, 9, 31816 }, // U+0314
    { 8, 9, 0, -4, 27, 9, 31825 }, // U+0315
    { 11, 6, 0, -6, -2, 9, 31834 }, // U+0316
    { 10, 6, 0, -5, -2, 8, 31843 }, // U+0317
    { 6, 7, 0, -3, -1, 6, 31851 }, // U+0318
    { 7, 7, 0, -3, -1, 7, 31857 }, // U+0319
    { 9, 9, 180, 0, 28, 11, 31864 }, // U+031A
    { 9, 8, 0, -3, 29, 9, 31875 }, // U+031B
    { 5, 8, 0, -2, -1, 5, 31884 }, // U+031C
    { 8, 6, 0, -4, -2, 6, 31889 }, // U+031D
    { 8, 6, 0, -4, -2, 6, 31895 }, // U+031E
    { 8, 7, 0, -4, -2, 7, 31901 }, // U+031F
    { 8, 2, 0, -4, -4, 2, 31908 }, // U+0320
    { 9, 11, 0, -9, 2, 13, 31910 }, // U+0321
    { 9, 11, 0, 0, 2, 13, 31923 }, // U+0322
    { 6, 5, 0, -16, -3, 4, 31936 }, // U+0323
    { 13, 5, 0, -7, -2, 9, 31940 }, // U+0324
    { 9, 8, 0, -5, -1, 9, 31949 }, // U+0325
    { 6, 8, 0, 1, -2, 6, 31958 }, // U+0326
    { 9, 9, 0, 2, 0, 11, 31964 }, // U+0327
    { 9, 10, 0, 1, 2, 12, 31975 }, // U+0328
    { 4, 6, 0, -2, -2, 3, 31987 }, // U+0329
    { 13, 6, 0, -7, -2, 10, 31990 }, // U+032A
    { 14, 5, 0, -7, -2, 9, 32000 }, // U+032B
    { 16, 6, 0, -8, -2, 12, 32009 }, // U+032C
    { 15, 6, 0, -8, -2, 12, 32021 }, // U+032D
    { 14, 6, 0, -7, -2, 11, 32033 }, // U+032E
    { 14, 7, 0, -7, -2, 13, 32044 }, // U+032F
    { 16, 6, 0, -8, -2, 12, 32057 }, // U+0330
    { 12, 4, 0, -6, -3, 6, 32069 }, // U+0331
    { 18, 2, 0, -9, -4, 5, 32075 }, // U+0332
    { 16, 7, 0, -9, -2, 14, 32080 }, // U+0333
    { 15, 6, 0, -7, 14, 12, 32094 }, // U+0334
    { 13, 4, 0, 4, 15, 7, 32106 }, // U+0335
    { 27, 4, 0, 1, 23, 14, 32113 }, // U+0336
    { 12, 8, 0, 1, 19, 12, 32127 }, // U+0337
    { 19, 22, 0, 1, 21, 53, 32139 }, // U+0338
    { 5, 8, 0, -2, -1, 5, 32192 }, // U+0339
    { 13, 7, 0, -7, -1, 12, 32197 }, // U+033A
    { 14, 8, 0, -7, -1, 14, 32209 }, // U+033B
    { 14, 5, 0, -7, -2, 9, 32223 }, // U+033C
    { 8, 7, 0, -4, 29, 7, 32232 }, // U+033D
    { 5, 11, 0, -2, 33, 7, 32239 }, // U+033E
    { 16, 7, 0, -9, 36, 14, 32246 }, // U+033F
    { 10, 6, 0, -8, 29, 8, 32260 }, // U+0340
    { 11, 6, 0, -2, 29, 9, 32268 }, // U+0341
    { 15, 6, 0, -7, 29, 12, 32277 }, // U+0342
    { 6, 7, 0, -3, 30, 6, 32289 }, // U+0343
    { 19, 6, 0, -8, 29, 15, 32295 }, // U+0344
    { 7, 7, 0, -1, -2, 7, 32310 }, // U+0345
    { 16, 6, 0, -8, 29, 12, 32317 }, // U+0346
    { 16, 7, 0, -9, -2, 14, 32329 }, // U+0347
    { 10, 6, 0, -5, -2, 8, 32343 }, // U+0348
    { 7, 7, 0, -4, -3, 7, 32351 }, // U+0349
    { 14, 7, 0, -7, 28, 13, 32358 }, // U+034A
    { 15, 14, 0, -7, 35, 27, 32371 }, // U+034B
    { 13, 9, 0, -6, 32, 15, 32398 }, // U+034C
    { 14, 6, 0, -7, -2, 11, 32413 }, // U+034D
    { 6, 8, 0, -3, -1, 6, 32424 }, // U+034E
    { 27, 27, 0, -13, 27, 92, 32430 }, // U+034F
    { 6, 7, 0, -3, 29, 6, 32522 }, // U+0350
    { 5, 8, 0, -2, 30, 5, 32528 }, // U+0351
    { 13, 9, 0, -6, 32, 15, 32533 }, // U+0352
    { 8, 7, 0, -4, -1, 7, 32548 }, // U+0353
    { 6, 7, 0, -3, -2, 6, 32555 }, // U+0354
    { 6, 7, 0, -3, -2, 6, 32561 }, // U+0355
    { 14, 7, 0, -7, -2, 13, 32567 }, // U+0356
    { 5, 8, 0, -2, 30, 5, 32580 }, // U+0357
    { 6, 5, 0, 4, 28, 4, 32585 }, // U+0358
    { 8, 8, 0, -4, -1, 8, 32589 }, // U+0359
    { 14, 8, 0, -7, -1, 14, 32597 }, // U+035A
    { 8, 8, 0, -4, 30, 8, 32611 }, // U+035B
    { 30, 8, 0, -15, -1, 30, 32619 }, // U+035C
    { 30, 8, 0, -15, 30, 30, 32649 }, // U+035D
    { 23, 2, 0, -11, 25, 6, 32679 }, // U+035E
    { 23, 2, 0, -11, -3, 6, 32685 }, // U+035F
    { 30, 6, 0, -15, 29, 23, 32691 }, // U+0360
    { 30, 8, 0, -15, 33, 30, 32714 }, // U+0361
    { 30, 8, 0, -14, -1, 30, 32744 }, // U+0362
    { 8, 9, 0, -4, 32, 9, 32774 }, // U+0363
    { 9, 9, 0, -4, 32, 11, 32783 }, // U+0364
    { 3, 11, 0, -1, 34, 5, 32794 }, // U+0365
    { 9, 8, 0, -4, 31, 9, 32799 }, // U+0366
    { 9, 8, 0, -4, 32, 9, 32808 }, // U+0367
    { 7, 9, 0, -3, 32, 8, 32817 }, // U+0368
    { 9, 11, 0, -4, 34, 13, 32825 }, // U+0369
    { 9, 11, 0, -4, 34, 13, 32838 }, // U+036A
    { 13, 8, 0, -6, 31, 13, 32851 }, // U+036B
    { 6, 8, 0, -2, 31, 6, 32864 }, // U+036C
    { 6, 10, 0, -3, 33, 8, 32870 }, // U+036D
    { 9, 8, 0, -4, 31, 9, 32878 }, // U+036E
    { 10, 8, 0, -5, 31, 10, 32887 }, // U+036F
    { 19, 35, 373, 3, 35, 84, 32897 }, // U+0400
    { 19, 34, 373, 3, 34, 81, 32981 }, // U+0401
    { 28, 27, 473, 0, 27, 95, 33062 }, // U+0402
    { 20, 35, 366, 3, 35, 88, 33157 }, // U+0403
    { 25, 29, 458, 1, 28, 91, 33245 }, // U+0404
    { 22, 29, 409, 2, 28, 80, 33336 }, // U+0405
    { 6, 27, 182, 3, 27, 21, 33416 }, // U+0406
    { 14, 34, 180, -1, 34, 60, 33437 }, // U+0407
    { 20, 28, 376, 2, 27, 70, 33497 }, // U+0408
    { 39, 27, 680, 2, 27, 132, 33567 }, // U+0409
    { 37, 27, 659, 3, 27, 125, 33699 }, // U+040A
    { 28, 27, 471, 0, 27, 95, 33824 }, // U+040B
    { 23, 35, 412, 3, 35, 101, 33919 }, // U+040C
    { 23, 35, 449, 3, 35, 101, 34020 }, // U+040D
    { 22, 35, 367, 0, 35, 97, 34121 }, // U+040E
    { 22, 33, 430, 3, 27, 91, 34218 }, // U+040F
    { 26, 27, 438, 1, 27, 88, 34309 }, // U+0410
    { 21, 27, 409, 3, 27, 71, 34397 }, // U+0411
    { 22, 27, 422, 3, 27, 75, 34468 }, // U+0412
    { 20, 27, 366, 3, 27, 68, 34543 }, // U+0413
    { 28, 33, 514, 2, 27, 116, 34611 }, // U+0414
    { 19, 27, 373, 3, 27, 65, 34727 }, // U+0415
    { 38, 27, 617, 0, 27, 129, 34792 }, // U+0416
    { 23, 29, 413, 1, 28, 84, 34921 }, // U+0417
    { 23, 27, 449, 3, 27, 78, 35005 }, // U+0418
    { 23, 35, 449, 3, 35, 101, 35083 }, // U+0419
    { 23, 27, 412, 3, 27, 78, 35184 }, // U+041A
    { 25, 27, 469, 2, 27, 85, 35262 }, // U+041B
    { 29, 27, 549, 3, 27, 98, 35347 }, // U+041C
    { 22, 27, 433, 3, 27, 75, 35445 }, // U+041D
    { 26, 29, 466, 2, 28, 95, 35520 }, // U+041E
    { 21, 27, 430, 3, 27, 71, 35615 }, // U+041F
    { 21, 27, 403, 3, 27, 71, 35686 }, // U+0420
    { 25, 29, 437, 2, 28, 91, 35757 }, // U+0421
    { 22, 27, 373, 0, 27, 75, 35848 }, // U+0422
    { 21, 27, 367, 1, 27, 71, 35923 }, // U+0423
    { 29, 27, 521, 2, 27, 98, 35994 }, // U+0424
    { 25, 27, 413, 0, 27, 85, 36092 }, // U+0425
    { 26, 33, 486, 3, 27, 108, 36177 }, // U+0426
    { 21, 27, 403, 1, 27, 71, 36285 }, // U+0427
    { 30, 27, 581, 3, 27, 102, 36356 }, // U+0428
    { 35, 33, 635, 3, 27, 145, 36458 }, // U+0429
    { 25, 27, 453, 2, 27, 85, 36603 }, // U+042A
    { 29, 27, 556, 3, 27, 98, 36688 }, // U+042B
    { 21, 27, 409, 3, 27, 71, 36786 }, // U+042C
    { 25, 29, 460, 2, 28, 91, 36857 }, // U+042D
    { 35, 29, 632, 3, 28, 127, 36948 }, // U+042E
    { 22, 27, 425, 2, 27, 75, 37075 }, // U+042F
    { 20, 21, 356, 1, 21, 53, 37150 }, // U+0430
    { 21, 31, 383, 2, 30, 82, 37203 }, // U+0431
    { 19, 21, 371, 2, 21, 50, 37285 }, // U+0432
    { 15, 21, 299, 2, 21, 40, 37335 }, // U+0433
    { 25, 27, 445, 1, 21, 85, 37375 }, // U+0434
    { 20, 21, 363, 1, 21, 53, 37460 }, // U+0435
    { 34, 21, 595, 2, 21, 90, 37513 }, // U+0436
    { 19, 21, 338, 1, 21, 50, 37603 }, // U+0437
    { 18, 21, 358, 2, 21, 48, 37653 }, // U+0438
    { 18, 29, 358, 2, 29, 66, 37701 }, // U+0439
    { 21, 21, 391, 2, 21, 56, 37767 }, // U+043A
    { 22, 21, 409, 1, 21, 58, 37823 }, // U+043B
    { 23, 21, 450, 2, 21, 61, 37881 }, // U+043C
    { 18, 21, 361, 2, 21, 48, 37942 }, // U+043D
    { 20, 21, 371, 1, 21, 53, 37990 }, // U+043E
    { 18, 21, 369, 2, 21, 48, 38043 }, // U+043F
    { 20, 27, 380, 2, 21, 68, 38091 }, // U+0440
    { 20, 21, 359, 1, 21, 53, 38159 }, // U+0441
    { 19, 21, 352, 1, 21, 50, 38212 }, // U+0442
    { 20, 27, 352, 1, 21, 68, 38262 }, // U+0443
    { 24, 33, 434, 1, 27, 99, 38330 }, // U+0444
    { 21, 21, 390, 2, 21, 56, 38429 }, // U+0445
    { 22, 27, 426, 2, 21, 75, 38485 }, // U+0446
    { 20, 21, 389, 2, 21, 53, 38560 }, // U+0447
    { 27, 21, 516, 2, 21, 71, 38613 }, // U+0448
    { 32, 27, 568, 2, 21, 108, 38684 }, // U+0449
    { 22, 21, 404, 2, 21, 58, 38792 }, // U+044A
    { 28, 21, 523, 2, 21, 74, 38850 }, // U+044B
    { 19, 21, 366, 2, 21, 50, 38924 }, // U+044C
    { 20, 21, 365, 2, 21, 53, 38974 }, // U+044D
    { 29, 21, 517, 2, 21, 77, 39027 }, // U+044E
    { 19, 21, 375, 2, 21, 50, 39104 }, // U+044F
    { 20, 29, 363, 1, 29, 73, 39154 }, // U+0450
    { 20, 27, 363, 1, 27, 68, 39227 }, // U+0451
    { 21, 33, 391, 1, 27, 87, 39295 }, // U+0452
    { 15, 28, 299, 2, 28, 53, 39382 }, // U+0453
    { 20, 21, 365, 1, 21, 53, 39435 }, // U+0454
    { 18, 21, 343, 2, 21, 48, 39488 }, // U+0455
    { 6, 27, 169, 2, 27, 21, 39536 }, // U+0456
    { 14, 27, 169, -1, 27, 48, 39557 }, // U+0457
    { 11, 33, 199, 0, 27, 46, 39605 }, // U+0458
    { 35, 21, 606, 1, 21, 92, 39651 }, // U+0459
    { 31, 21, 558, 2, 21, 82, 39743 }, // U+045A
    { 21, 27, 367, 0, 27, 71, 39825 }, // U+045B
    { 21, 28, 391, 2, 28, 74, 39896 }, // U+045C
    { 18, 28, 358, 2, 28, 63, 39970 }, // U+045D
    { 21, 34, 352, 1, 28, 90, 40033 }, // U+045E
    { 18, 27, 369, 2, 21, 61, 40123 }, // U+045F
    { 34, 27, 572, 1, 27, 115, 40184 }, // U+0460
    { 31, 21, 531, 1, 21, 82, 40299 }, // U+0461
    { 25, 27, 449, 1, 27, 85, 40381 }, // U+0462
    { 23, 27, 416, 2, 27, 78, 40466 }, // U+0463
    { 31, 27, 570, 3, 27, 105, 40544 }, // U+0464
    { 26, 21, 482, 3, 21, 69, 40649 }, // U+0465
    { 27, 27, 438, 0, 27, 92, 40718 }, // U+0466
    { 25, 21, 384, 0, 21, 66, 40810 }, // U+0467
    { 34, 27, 603, 3, 27, 115, 40876 }, // U+0468
    { 31, 21, 541, 3, 21, 82, 40991 }, // U+0469
    { 28, 27, 448, 0, 27, 95, 41073 }, // U+046A
    { 25, 21, 453, 2, 21, 66, 41168 }, // U+046B
    { 36, 27, 644, 3, 27, 122, 41234 }, // U+046C
    { 29, 21, 528, 3, 21, 77, 41356 }, // U+046D
    { 22, 41, 379, 1, 33, 113, 41433 }, // U+046E
    { 19, 34, 333, 1, 26, 81, 41546 }, // U+046F
    { 27, 27, 529, 3, 27, 92, 41627 }, // U+0470
    { 26, 38, 505, 3, 29, 124, 41719 }, // U+0471
    { 26, 29, 466, 2, 28, 95, 41843 }, // U+0472
    { 20, 21, 371, 1, 21, 53, 41938 }, // U+0473
    { 28, 27, 464, 0, 27, 95, 41991 }, // U+0474
    { 22, 21, 385, 1, 21, 58, 42086 }, // U+0475
    { 26, 35, 430, 0, 35, 114, 42144 }, // U+0476
    { 23, 29, 363, 0, 29, 84, 42258 }, // U+0477
    { 47, 36, 791, 2, 27, 212, 42342 }, // U+0478
    { 42, 30, 706, 2, 21, 158, 42554 }, // U+0479
    { 27, 32, 499, 2, 30, 108, 42712 }, // U+047A
    { 22, 25, 411, 2, 23, 69, 42820 }, // U+047B
    { 37, 41, 653, 2, 41, 190, 42889 }, // U+047C
    { 32, 35, 575, 2, 35, 140, 43079 }, // U+047D
    { 34, 34, 574, 1, 34, 145, 43219 }, // U+047E
    { 31, 28, 531, 1, 28, 109, 43364 }, // U+047F
    { 22, 36, 406, 2, 27, 99, 43473 }, // U+0480
    { 17, 30, 314, 2, 21, 64, 43572 }, // U+0481
    { 19, 24, 365, 2, 24, 57, 43636 }, // U+0482
    { 15, 7, 0, -17, 28, 14, 43693 }, // U+0483
    { 15, 6, 0, -18, 29, 12, 43707 }, // U+0484
    { 6, 7, 0, -13, 30, 6, 43719 }, // U+0485
    { 6, 7, 0, -13, 30, 6, 43725 }, // U+0486
    { 15, 6, 0, -7, 35, 12, 43731 }, // U+0487
    { 43, 39, 0, -22, 30, 210, 43743 }, // U+0488
    { 41, 42, 0, -21, 31, 216, 43953 }, // U+0489
    { 30, 44, 550, 3, 36, 165, 44169 }, // U+048A
    { 26, 37, 481, 3, 30, 121, 44334 }, // U+048B
    { 21, 27, 383, 1, 27, 71, 44455 }, // U+048C
    { 22, 29, 368, 1, 29, 80, 44526 }, // U+048D
    { 19, 27, 377, 3, 27, 65, 44606 }, // U+048E
    { 19, 30, 380, 3, 21, 72, 44671 }, // U+048F
    { 18, 33, 341, 3, 33, 75, 44743 }, // U+0490
    { 14, 27, 280, 2, 27, 48, 44818 }, // U+0491
    { 23, 27, 398, 2, 27, 78, 44866 }, // U+0492
    { 17, 21, 327, 2, 21, 45, 44944 }, // U+0493
    { 22, 36, 440, 3, 27, 99, 44989 }, // U+0494
    { 19, 30, 361, 3, 21, 72, 45088 }, // U+0495
    { 40, 33, 649, 0, 27, 165, 45160 }, // U+0496
    { 35, 27, 605, 2, 21, 119, 45325 }, // U+0497
    { 19, 36, 356, 1, 27, 86, 45444 }, // U+0498
    { 16, 30, 309, 1, 21, 60, 45530 }, // U+0499
    { 25, 33, 444, 3, 27, 104, 45590 }, // U+049A
    { 22, 27, 408, 2, 21, 75, 45694 }, // U+049B
    { 22, 27, 401, 3, 27, 75, 45769 }, // U+049C
    { 20, 21, 371, 3, 21, 53, 45844 }, // U+049D
    { 24, 27, 416, 2, 27, 81, 45897 }, // U+049E
    { 23, 28, 376, 1, 28, 81, 45978 }, // U+049F
    { 28, 27, 440, 0, 27, 95, 46059 }, // U+04A0
    { 26, 21, 417, 0, 21, 69, 46154 }, // U+04A1
    { 25, 33, 473, 3, 27, 104, 46223 }, // U+04A2
    { 21, 27, 415, 2, 21, 71, 46327 }, // U+04A3
    { 28, 27, 500, 3, 27, 95, 46398 }, // U+04A4
    { 26, 21, 455, 3, 21, 69, 46493 }, // U+04A5
    { 37, 36, 675, 3, 27, 167, 46562 }, // U+04A6
    { 29, 30, 533, 3, 21, 109, 46729 }, // U+04A7
    { 26, 28, 466, 2, 27, 91, 46838 }, // U+04A8
    { 22, 22, 394, 2, 21, 61, 46929 }, // U+04A9
    { 21, 36, 385, 2, 27, 95, 46990 }, // U+04AA
    { 17, 30, 310, 2, 21, 64, 47085 }, // U+04AB
    { 20, 35, 347, 1, 27, 88, 47149 }, // U+04AC
    { 19, 28, 330, 1, 21, 67, 47237 }, // U+04AD
    { 24, 27, 379, 0, 27, 81, 47304 }, // U+04AE
    { 22, 27, 365, 1, 21, 75, 47385 }, // U+04AF
    { 24, 27, 420, 0, 27, 81, 47460 }, // U+04B0
    { 21, 27, 365, 1, 21, 71, 47541 }, // U+04B1
    { 28, 33, 453, 0, 27, 116, 47612 }, // U+04B2
    { 23, 27, 416, 2, 21, 78, 47728 }, // U+04B3
    { 34, 34, 558, 1, 27, 145, 47806 }, // U+04B4
    { 28, 28, 475, 1, 21, 98, 47951 }, // U+04B5
    { 25, 33, 445, 1, 27, 104, 48049 }, // U+04B6
    { 23, 27, 433, 2, 21, 78, 48153 }, // U+04B7
    { 22, 27, 441, 2, 27, 75, 48231 }, // U+04B8
    { 20, 21, 395, 2, 21, 53, 48306 }, // U+04B9
    { 21, 27, 403, 3, 27, 71, 48359 }, // U+04BA
    { 18, 27, 367, 2, 27, 61, 48430 }, // U+04BB
    { 33, 27, 569, 0, 27, 112, 48491 }, // U+04BC
    { 25, 21, 425, 0, 21, 66, 48603 }, // U+04BD
    { 33, 34, 569, 0, 27, 141, 48669 }, // U+04BE
    { 25, 28, 425, 0, 21, 88, 48810 }, // U+04BF
    { 6, 27, 180, 3, 27, 21, 48898 }, // U+04C0
    { 37, 36, 600, 0, 36, 167, 48919 }, // U+04C1
    { 32, 29, 520, 1, 29, 116, 49086 }, // U+04C2
    { 23, 36, 456, 3, 27, 104, 49202 }, // U+04C3
    { 20, 30, 392, 3, 21, 75, 49306 }, // U+04C4
    { 31, 35, 503, 0, 27, 136, 49381 }, // U+04C5
    { 27, 28, 436, 0, 21, 95, 49517 }, // U+04C6
    { 22, 36, 459, 3, 27, 99, 49612 }, // U+04C7
    { 19, 30, 397, 3, 21, 72, 49711 }, // U+04C8
    { 28, 35, 515, 3, 27, 123, 49783 }, // U+04C9
    { 24, 28, 446, 3, 21, 84, 49906 }, // U+04CA
    { 22, 35, 441, 2, 27, 97, 49990 }, // U+04CB
    { 20, 28, 394, 2, 21, 70, 50087 }, // U+04CC
    { 35, 35, 622, 3, 27, 154, 50157 }, // U+04CD
    { 31, 28, 556, 3, 21, 109, 50311 }, // U+04CE
    { 6, 27, 179, 3, 27, 21, 50420 }, // U+04CF
    { 26, 36, 415, 0, 36, 117, 50441 }, // U+04D0
    { 18, 30, 359, 1, 30, 68, 50558 }, // U+04D1
    { 25, 35, 415, 0, 35, 110, 50626 }, // U+04D2
    { 18, 29, 359, 1, 29, 66, 50736 }, // U+04D3
    { 34, 27, 571, 0, 27, 115, 50802 }, // U+04D4
    { 31, 21, 550, 2, 21, 82, 50917 }, // U+04D5
    { 16, 36, 336, 3, 36, 72, 50999 }, // U+04D6
    { 19, 30, 358, 2, 30, 72, 51071 }, // U+04D7
    { 26, 29, 454, 1, 28, 95, 51143 }, // U+04D8
    { 20, 21, 363, 1, 21, 53, 51238 }, // U+04D9
    { 25, 35, 490, 3, 35, 110, 51291 }, // U+04DA
    { 19, 29, 358, 2, 29, 69, 51401 }, // U+04DB
    { 37, 35, 600, 0, 35, 162, 51470 }, // U+04DC
    { 32, 28, 520, 1, 28, 112, 51632 }, // U+04DD
    { 19, 35, 356, 1, 35, 84, 51744 }, // U+04DE
    { 17, 29, 309, 1, 29, 62, 51828 }, // U+04DF
    { 20, 27, 355, 1, 27, 68, 51890 }, // U+04E0
    { 20, 30, 349, 1, 21, 75, 51958 }, // U+04E1
    { 23, 34, 449, 3, 34, 98, 52033 }, // U+04E2
    { 18, 27, 358, 2, 27, 61, 52131 }, // U+04E3
    { 23, 35, 475, 3, 35, 101, 52192 }, // U+04E4
    { 20, 28, 404, 3, 28, 70, 52293 }, // U+04E5
    { 25, 35, 475, 2, 35, 110, 52363 }, // U+04E6
    { 20, 29, 375, 2, 29, 73, 52473 }, // U+04E7
    { 26, 29, 466, 2, 28, 95, 52546 }, // U+04E8
    { 21, 21, 372, 1, 21, 56, 52641 }, // U+04E9
    { 26, 35, 475, 2, 35, 114, 52697 }, // U+04EA
    { 20, 29, 375, 2, 29, 73, 52811 }, // U+04EB
    { 21, 35, 391, 1, 35, 92, 52884 }, // U+04EC
    { 17, 29, 314, 1, 29, 62, 52976 }, // U+04ED
    { 21, 34, 367, 1, 34, 90, 53038 }, // U+04EE
    { 20, 33, 352, 1, 27, 83, 53128 }, // U+04EF
    { 23, 35, 387, 0, 35, 101, 53211 }, // U+04F0
    { 21, 38, 343, 0, 29, 100, 53312 }, // U+04F1
    { 24, 36, 387, 0, 36, 108, 53412 }, // U+04F2
    { 21, 38, 343, 0, 29, 100, 53520 }, // U+04F3
    { 21, 35, 432, 3, 35, 92, 53620 }, // U+04F4
    { 19, 28, 382, 2, 28, 67, 53712 }, // U+04F5
    { 17, 35, 337, 3, 27, 75, 53779 }, // U+04F6
    { 14, 28, 287, 3, 21, 49, 53854 }, // U+04F7
    { 28, 35, 552, 3, 35, 123, 53903 }, // U+04F8
    { 26, 28, 512, 3, 28, 91, 54026 }, // U+04F9
    { 20, 36, 335, 1, 27, 90, 54117 }, // U+04FA
    { 18, 30, 295, 1, 21, 68, 54207 }, // U+04FB
    { 27, 36, 438, 0, 27, 122, 54275 }, // U+04FC
    { 23, 30, 387, 0, 21, 87, 54397 }, // U+04FD
    { 25, 27, 402, 0, 27, 85, 54484 }, // U+04FE
    { 22, 21, 347, 0, 21, 58, 54569 }, // U+04FF
    { 24, 23, 401, 1, 23, 69, 54627 }, // U+05D0
    { 21, 23, 346, 0, 23, 61, 54696 }, // U+05D1
    { 14, 23, 257, 1, 23, 41, 54757 }, // U+05D2
    { 20, 23, 335, 1, 23, 58, 54798 }, // U+05D3
    { 20, 23, 389, 2, 23, 58, 54856 }, // U+05D4
    { 10, 23, 213, 1, 23, 29, 54914 }, // U+05D5
    { 13, 23, 232, 1, 23, 38, 54943 }, // U+05D6
    { 23, 23, 405, 1, 23, 67, 54981 }, // U+05D7
    { 22, 23, 391, 1, 23, 64, 55048 }, // U+05D8
    { 10, 14, 210, 1, 23, 18, 55112 }, // U+05D9
    { 18, 30, 333, 1, 23, 68, 55130 }, // U+05DA
    { 17, 23, 307, 1, 23, 49, 55198 }, // U+05DB
    { 19, 29, 334, 1, 29, 69, 55247 }, // U+05DC
    { 23, 23, 409, 1, 23, 67, 55316 }, // U+05DD
    { 24, 23, 422, 1, 23, 69, 55383 }, // U+05DE
    { 10, 30, 215, 1, 23, 38, 55452 }, // U+05DF
    { 12, 23, 245, 1, 23, 35, 55490 }, // U+05E0
    { 23, 23, 407, 1, 23, 67, 55525 }, // U+05E1
    { 22, 25, 378, 1, 23, 69, 55592 }, // U+05E2
    { 21, 30, 388, 1, 23, 79, 55661 }, // U+05E3
    { 21, 23, 374, 1, 23, 61, 55740 }, // U+05E4
    { 22, 30, 362, 0, 23, 83, 55801 }, // U+05E5
    { 21, 23, 359, 0, 23, 61, 55884 }, // U+05E6
    { 23, 30, 389, 1, 23, 87, 55945 }, // U+05E7
    { 17, 23, 317, 1, 23, 49, 56032 }, // U+05E8
    { 26, 23, 472, 2, 23, 75, 56081 }, // U+05E9
    { 24, 23, 427, 1, 23, 69, 56156 }, // U+05EA
    { 8, 11, 206, 2, 11, 11, 56225 }, // U+060C
    { 8, 27, 199, 1, 26, 27, 56236 }, // U+061B
    { 17, 27, 285, 1, 27, 58, 56263 }, // U+061F
    { 17, 20, 303, 1, 18, 43, 56321 }, // U+0621
    { 14, 6, 174, 0, 6, 11, 56364 }, // U+0640
    { 9, 10, 335, 6, 16, 12, 56375 }, // U+0660
    { 9, 26, 335, 6, 26, 30, 56387 }, // U+0661
    { 19, 26, 335, 1, 26, 62, 56417 }, // U+0662
    { 21, 26, 335, 0, 26, 69, 56479 }, // U+0663
    { 17, 26, 335, 2, 26, 56, 56548 }, // U+0664
    { 17, 21, 335, 2, 21, 45, 56604 }, // U+0665
    { 19, 26, 335, 1, 26, 62, 56649 }, // U+0666
    { 21, 26, 335, 0, 26, 69, 56711 }, // U+0667
    { 21, 27, 335, 0, 26, 71, 56780 }, // U+0668
    { 19, 26, 335, 1, 26, 62, 56851 }, // U+0669
    { 25, 24, 447, 1, 15, 75, 56913 }, // U+06BA
    { 10, 4, 194, 1, 4, 5, 56988 }, // U+06D4
    { 9, 10, 335, 6, 16, 12, 56993 }, // U+06F0
    { 9, 26, 335, 6, 26, 30, 57005 }, // U+06F1
    { 19, 26, 335, 1, 26, 62, 57035 }, // U+06F2
    { 21, 26, 335, 0, 26, 69, 57097 }, // U+06F3
    { 19, 26, 335, 1, 26, 62, 57166 }, // U+06F4
    { 21, 26, 335, 0, 26, 69, 57228 }, // U+06F5
    { 17, 27, 335, 2, 26, 58, 57297 }, // U+06F6
    { 21, 26, 335, 0, 26, 69, 57355 }, // U+06F7
    { 21, 27, 335, 0, 26, 71, 57424 }, // U+06F8
    { 19, 26, 335, 1, 26, 62, 57495 }, // U+06F9
    { 26, 35, 415, 0, 27, 114, 57557 }, // U+1EA0
    { 18, 28, 359, 1, 21, 63, 57671 }, // U+1EA1
    { 26, 38, 415, 0, 38, 124, 57734 }, // U+1EA2
    { 18, 32, 359, 1, 32, 72, 57858 }, // U+1EA3
    { 26, 37, 415, 0, 37, 121, 57930 }, // U+1EA4
    { 22, 31, 359, 1, 31, 86, 58051 }, // U+1EA5
    { 26, 37, 415, 0, 37, 121, 58137 }, // U+1EA6
    { 20, 31, 359, -1, 31, 78, 58258 }, // U+1EA7
    { 26, 39, 415, 0, 39, 127, 58336 }, // U+1EA8
    { 20, 33, 359, 1, 33, 83, 58463 }, // U+1EA9
    { 26, 39, 415, 0, 39, 127, 58546 }, // U+1EAA
    { 18, 34, 359, 1, 34, 77, 58673 }, // U+1EAB
    { 26, 44, 415, 0, 36, 143, 58750 }, // U+1EAC
    { 18, 36, 359, 1, 29, 81, 58893 }, // U+1EAD
    { 26, 38, 415, 0, 38, 124, 58974 }, // U+1EAE
    { 18, 32, 359, 1, 32, 72, 59098 }, // U+1EAF
    { 26, 38, 415, 0, 38, 124, 59170 }, // U+1EB0
    { 18, 32, 359, 1, 32, 72, 59294 }, // U+1EB1
    { 26, 40, 415, 0, 40, 130, 59366 }, // U+1EB2
    { 18, 34, 359, 1, 34, 77, 59496 }, // U+1EB3
    { 26, 39, 415, 0, 39, 127, 59573 }, // U+1EB4
    { 18, 34, 359, 1, 34, 77, 59700 }, // U+1EB5
    { 25, 44, 415, 0, 36, 138, 59777 }, // U+1EB6
    { 18, 36, 359, 1, 29, 81, 59915 }, // U+1EB7
    { 16, 35, 336, 3, 27, 70, 59996 }, // U+1EB8
    { 19, 28, 358, 2, 21, 67, 60066 }, // U+1EB9
    { 16, 38, 336, 3, 38, 76, 60133 }, // U+1EBA
    { 19, 32, 358, 2, 32, 76, 60209 }, // U+1EBB
    { 19, 35, 373, 3, 35, 84, 60285 }, // U+1EBC
    { 20, 29, 363, 1, 29, 73, 60369 }, // U+1EBD
    { 19, 37, 336, 3, 37, 88, 60442 }, // U+1EBE
    { 22, 31, 358, 2, 31, 86, 60530 }, // U+1EBF
    { 22, 37, 336, -3, 37, 102, 60616 }, // U+1EC0
    { 22, 31, 358, -1, 31, 86, 60718 }, // U+1EC1
    { 17, 39, 336, 3, 39, 83, 60804 }, // U+1EC2
    { 20, 33, 358, 2, 33, 83, 60887 }, // U+1EC3
    { 16, 39, 336, 3, 39, 78, 60970 }, // U+1EC4
    { 19, 34, 358, 2, 34, 81, 61048 }, // U+1EC5
    { 16, 44, 336, 3, 36, 88, 61129 }, // U+1EC6
    { 19, 36, 358, 2, 29, 86, 61217 }, // U+1EC7
    { 12, 38, 233, 1, 38, 57, 61303 }, // U+1EC8
    { 8, 31, 179, 2, 31, 31, 61360 }, // U+1EC9
    { 12, 35, 233, 1, 27, 53, 61391 }, // U+1ECA
    { 6, 37, 179, 3, 29, 28, 61444 }, // U+1ECB
    { 25, 34, 475, 2, 27, 107, 61472 }, // U+1ECC
    { 20, 28, 375, 2, 21, 70, 61579 }, // U+1ECD
    { 25, 38, 475, 2, 38, 119, 61649 }, // U+1ECE
    { 20, 32, 375, 2, 32, 80, 61768 }, // U+1ECF
    { 25, 37, 475, 2, 37, 116, 61848 }, // U+1ED0
    { 22, 31, 375, 2, 31, 86, 61964 }, // U+1ED1
    { 25, 37, 475, 2, 37, 116, 62050 }, // U+1ED2
    { 22, 31, 375, 0, 31, 86, 62166 }, // U+1ED3
    { 25, 39, 475, 2, 39, 122, 62252 }, // U+1ED4
    { 20, 33, 375, 2, 33, 83, 62374 }, // U+1ED5
    { 25, 40, 475, 2, 40, 125, 62457 }, // U+1ED6
    { 20, 34, 375, 2, 34, 85, 62582 }, // U+1ED7
    { 25, 43, 475, 2, 36, 135, 62667 }, // U+1ED8
    { 20, 36, 375, 2, 29, 90, 62802 }, // U+1ED9
    { 30, 36, 493, 2, 36, 135, 62892 }, // U+1EDA
    { 25, 29, 409, 2, 29, 91, 63027 }, // U+1EDB
    { 30, 36, 493, 2, 36, 135, 63118 }, // U+1EDC
    { 25, 29, 409, 2, 29, 91, 63253 }, // U+1EDD
    { 30, 38, 493, 2, 38, 143, 63344 }, // U+1EDE
    { 25, 32, 409, 2, 32, 100, 63487 }, // U+1EDF
    { 30, 35, 493, 2, 35, 132, 63587 }, // U+1EE0
    { 25, 29, 409, 2, 29, 91, 63719 }, // U+1EE1
    { 30, 36, 493, 2, 29, 135, 63810 }, // U+1EE2
    { 25, 31, 409, 2, 24, 97, 63945 }, // U+1EE3
    { 22, 34, 454, 3, 27, 94, 64042 }, // U+1EE4
    { 19, 28, 390, 3, 21, 67, 64136 }, // U+1EE5
    { 22, 38, 454, 3, 38, 105, 64203 }, // U+1EE6
    { 19, 32, 390, 3, 32, 76, 64308 }, // U+1EE7
    { 30, 36, 531, 3, 36, 135, 64384 }, // U+1EE8
    { 27, 29, 454, 3, 29, 98, 64519 }, // U+1EE9
    { 30, 36, 531, 3, 36, 135, 64617 }, // U+1EEA
    { 27, 29, 454, 3, 29, 98, 64752 }, // U+1EEB
    { 30, 38, 531, 3, 38, 143, 64850 }, // U+1EEC
    { 27, 32, 454, 3, 32, 108, 64993 }, // U+1EED
    { 30, 35, 531, 3, 35, 132, 65101 }, // U+1EEE
    { 27, 29, 454, 3, 29, 98, 65233 }, // U+1EEF
    { 30, 36, 531, 3, 29, 135, 65331 }, // U+1EF0
    { 27, 31, 454, 3, 24, 105, 65466 }, // U+1EF1
    { 24, 35, 379, 0, 35, 105, 65571 }, // U+1EF2
    { 20, 34, 352, 1, 28, 85, 65676 }, // U+1EF3
    { 24, 35, 376, 0, 27, 105, 65761 }, // U+1EF4
    { 21, 30, 343, 0, 21, 79, 65866 }, // U+1EF5
    { 23, 38, 376, 0, 38, 110, 65945 }, // U+1EF6
    { 21, 40, 343, 0, 31, 105, 66055 }, // U+1EF7
    { 25, 35, 379, -1, 35, 110, 66160 }, // U+1EF8
    { 21, 35, 352, 1, 29, 92, 66270 }, // U+1EF9
    { 1, 1, 300, 0, 1, 1, 66362 }, // U+2000
    { 1, 1, 600, 0, 1, 1, 66363 }, // U+2001
    { 1, 1, 300, 0, 1, 1, 66364 }, // U+2002
    { 1, 1, 600, 0, 1, 1, 66365 }, // U+2003
    { 1, 1, 200, 0, 1, 1, 66366 }, // U+2004
    { 1, 1, 150, 0, 1, 1, 66367 }, // U+2005
    { 1, 1, 100, 0, 1, 1, 66368 }, // U+2006
    { 1, 1, 343, 0, 1, 1, 66369 }, // U+2007
    { 1, 1, 169, 0, 1, 1, 66370 }, // U+2008
    { 1, 1, 100, 0, 1, 1, 66371 }, // U+2009
    { 1, 1, 60, 0, 1, 1, 66372 }, // U+200A
    { 1, 1, 0, 0, 1, 1, 66373 }, // U+200B
    { 1, 1, 0, 0, 1, 1, 66374 }, // U+200C
    { 1, 1, 0, 0, 1, 1, 66375 }, // U+200D
    { 9, 31, 0, -1, 26, 35, 66376 }, // U+200E
    { 9, 31, 0, -8, 26, 35, 66411 }, // U+200F
    { 10, 4, 192, 1, 12, 5, 66446 }, // U+2010
    { 10, 4, 192, 1, 12, 5, 66451 }, // U+2011
    { 19, 4, 346, 1, 15, 10, 66456 }, // U+2012
    { 20, 4, 357, 1, 13, 10, 66466 }, // U+2013
    { 31, 4, 547, 1, 13, 16, 66476 }, // U+2014
    { 35, 4, 600, 1, 12, 18, 66492 }, // U+2015
    { 14, 38, 331, 3, 29, 67, 66510 }, // U+2016
    { 16, 7, 247, 0, -2, 14, 66577 }, // U+2017
    { 6, 12, 148, 2, 28, 9, 66591 }, // U+2018
    { 6, 12, 148, 2, 27, 9, 66600 }, // U+2019
    { 6, 12, 142, 1, 6, 9, 66609 }, // U+201A
    { 8, 9, 130, 0, 27, 9, 66618 }, // U+201B
    { 14, 12, 277, 2, 28, 21, 66627 }, // U+201C
    { 14, 12, 277, 2, 27, 21, 66648 }, // U+201D
    { 14, 12, 271, 1, 6, 21, 66669 }, // U+201E
    { 16, 9, 267, 0, 27, 18, 66690 }, // U+201F
    { 17, 27, 352, 2, 27, 58, 66708 }, // U+2020
    { 17, 27, 352, 2, 27, 58, 66766 }, // U+2021
    { 11, 11, 217, 1, 17, 16, 66824 }, // U+2022
    { 12, 14, 226, 2, 21, 21, 66840 }, // U+2023
    { 6, 6, 300, 6, 6, 5, 66861 }, // U+2024
    { 17, 6, 345, 2, 6, 13, 66866 }, // U+2025
    { 24, 6, 417, 1, 6, 18, 66879 }, // U+2026
    { 6, 6, 169, 2, 13, 5, 66897 }, // U+2027
    { 1, 1, 360, 0, 1, 1, 66902 }, // U+2028
    { 1, 1, 360, 0, 1, 1, 66903 }, // U+2029
    { 9, 28, 0, -1, 23, 32, 66904 }, // U+202A
    { 9, 28, 0, -8, 23, 32, 66936 }, // U+202B
    { 9, 31, 0, -4, 26, 35, 66968 }, // U+202C
    { 9, 31, 0, -4, 26, 35, 67003 }, // U+202D
    { 9, 31, 0, -5, 26, 35, 67038 }, // U+202E
    { 1, 1, 100, 0, 1, 1, 67073 }, // U+202F
    { 43, 27, 726, 1, 27, 146, 67074 }, // U+2030
    { 61, 27, 1000, 1, 27, 206, 67220 }, // U+2031
    { 7, 9, 153, 1, 27, 8, 67426 }, // U+2032
    { 14, 9, 262, 1, 27, 16, 67434 }, // U+2033
    { 26, 9, 447, 2, 27, 30, 67450 }, // U+2034
    { 10, 10, 253, 2, 27, 13, 67480 }, // U+2035
    { 18, 9, 386, 2, 27, 21, 67493 }, // U+2036
    { 26, 9, 518, 2, 27, 30, 67514 }, // U+2037
    { 14, 12, 245, 1, 3, 21, 67544 }, // U+2038
    { 12, 15, 229, 1, 18, 23, 67565 }, // U+2039
    { 12, 15, 229, 1, 18, 23, 67588 }, // U+203A
    { 28, 27, 510, 2, 27, 95, 67611 }, // U+203B
    { 17, 27, 342, 2, 27, 58, 67706 }, // U+203C
    { 17, 27, 286, 0, 27, 58, 67764 }, // U+203D
    { 19, 4, 300, 0, 33, 10, 67822 }, // U+203E
    { 21, 8, 365, 1, -1, 21, 67832 }, // U+203F
    { 21, 8, 365, 1, 29, 21, 67853 }, // U+2040
    { 14, 24, 254, 1, 15, 42, 67874 }, // U+2041
    { 41, 34, 671, 0, 29, 175, 67916 }, // U+2042
    { 10, 4, 192, 2, 12, 5, 68091 }, // U+2043
    { 22, 27, 98, -8, 27, 75, 68096 }, // U+2044
    { 9, 33, 199, 3, 27, 38, 68171 }, // U+2045
    { 9, 33, 199, 1, 27, 38, 68209 }, // U+2046
    { 35, 27, 569, 1, 27, 119, 68247 }, // U+2047
    { 26, 27, 458, 1, 27, 88, 68366 }, // U+2048
    { 26, 27, 458, 2, 27, 88, 68454 }, // U+2049
    { 18, 21, 353, 2, 21, 48, 68542 }, // U+204A
    { 20, 34, 389, 3, 29, 85, 68590 }, // U+204B
    { 19, 19, 393, 2, 21, 46, 68675 }, // U+204C
    { 19, 19, 393, 3, 21, 46, 68721 }, // U+204D
    { 18, 18, 325, 1, 10, 41, 68767 }, // U+204E
    { 7, 25, 171, 2, 21, 22, 68808 }, // U+204F
    { 21, 39, 360, 1, 30, 103, 68830 }, // U+2050
    { 18, 37, 325, 1, 29, 84, 68933 }, // U+2051
    { 15, 27, 253, 1, 27, 51, 69017 }, // U+2052
    { 35, 7, 600, 1, 15, 31, 69068 }, // U+2053
    { 21, 8, 360, 1, -1, 21, 69099 }, // U+2054
    { 19, 19, 336, 1, 19, 46, 69120 }, // U+2055
    { 17, 29, 347, 2, 27, 62, 69166 }, // U+2056
    { 33, 9, 561, 2, 27, 38, 69228 }, // U+2057
    { 28, 29, 524, 2, 27, 102, 69266 }, // U+2058
    { 28, 29, 524, 2, 27, 102, 69368 }, // U+2059
    { 6, 27, 171, 2, 27, 21, 69470 }, // U+205A
    { 22, 30, 416, 2, 30, 83, 69491 }, // U+205B
    { 29, 29, 512, 1, 28, 106, 69574 }, // U+205C
    { 6, 29, 169, 2, 29, 22, 69680 }, // U+205D
    { 6, 27, 171, 2, 27, 21, 69702 }, // U+205E
    { 1, 1, 133, 0, 1, 1, 69723 }, // U+205F
    { 1, 1, 360, 0, 1, 1, 69724 }, // U+2060
    { 1, 1, 360, 0, 1, 1, 69725 }, // U+2061
    { 1, 1, 360, 0, 1, 1, 69726 }, // U+2062
    { 1, 1, 360, 0, 1, 1, 69727 }, // U+2063
    { 1, 1, 360, 0, 1, 1, 69728 }, // U+2064
    { 1, 1, 0, 0, 1, 1, 69729 }, // U+2066
    { 1, 1, 0, 0, 1, 1, 69730 }, // U+2067
    { 1, 1, 0, 0, 1, 1, 69731 }, // U+2068
    { 1, 1, 0, 0, 1, 1, 69732 }, // U+2069
    { 9, 31, 0, -4, 26, 35, 69733 }, // U+206A
    { 7, 31, 0, -4, 26, 28, 69768 }, // U+206B
    { 10, 31, 0, -5, 26, 39, 69796 }, // U+206C
    { 10, 31, 0, -5, 26, 39, 69835 }, // U+206D
    { 10, 31, 0, -5, 26, 39, 69874 }, // U+206E
    { 9, 31, 0, -4, 26, 35, 69913 }, // U+206F
    { 13, 15, 256, 1, 27, 25, 69948 }, // U+2070
    { 4, 17, 116, 2, 28, 9, 69973 }, // U+2071
    { 12, 15, 216, 1, 27, 23, 69982 }, // U+2074
    { 12, 15, 229, 1, 27, 23, 70005 }, // U+2075
    { 12, 15, 241, 1, 27, 23, 70028 }, // U+2076
    { 10, 15, 190, 1, 27, 19, 70051 }, // U+2077
    { 12, 15, 232, 1, 27, 23, 70070 }, // U+2078
    { 12, 15, 241, 2, 27, 23, 70093 }, // U+2079
    { 11, 11, 215, 1, 28, 16, 70116 }, // U+207A
    { 11, 2, 215, 1, 23, 3, 70132 }, // U+207B
    { 11, 7, 215, 1, 26, 10, 70135 }, // U+207C
    { 6, 21, 145, 2, 34, 16, 70145 }, // U+207D
    { 6, 21, 145, 0, 34, 16, 70161 }, // U+207E
    { 12, 12, 254, 2, 23, 18, 70177 }, // U+207F
    { 13, 15, 256, 1, 11, 25, 70195 }, // U+2080
    { 8, 15, 169, 1, 11, 15, 70220 }, // U+2081
    { 11, 15, 223, 2, 11, 21, 70235 }, // U+2082
    { 12, 15, 221, 0, 11, 23, 70256 }, // U+2083
    { 12, 15, 216, 1, 11, 23, 70279 }, // U+2084
    { 12, 15, 229, 1, 11, 23, 70302 }, // U+2085
    { 12, 15, 241, 1, 11, 23, 70325 }, // U+2086
    { 10, 15, 190, 1, 11, 19, 70348 }, // U+2087
    { 12, 15, 232, 1, 11, 23, 70367 }, // U+2088
    { 12, 15, 241, 2, 11, 23, 70390 }, // U+2089
    { 11, 11, 215, 1, 9, 16, 70413 }, // U+208A
    { 11, 2, 215, 1, 4, 3, 70429 }, // U+208B
    { 11, 7, 215, 1, 7, 10, 70432 }, // U+208C
    { 6, 21, 145, 2, 14, 16, 70442 }, // U+208D
    { 6, 21, 145, 0, 14, 16, 70458 }, // U+208E
    { 12, 13, 233, 1, 9, 20, 70474 }, // U+2090
    { 13, 13, 233, 1, 9, 22, 70494 }, // U+2091
    { 13, 13, 244, 1, 9, 22, 70516 }, // U+2092
    { 14, 13, 226, 0, 9, 23, 70538 }, // U+2093
    { 12, 13, 233, 1, 9, 20, 70561 }, // U+2094
    { 12, 18, 254, 2, 14, 27, 70581 }, // U+2095
    { 14, 18, 238, 2, 14, 32, 70608 }, // U+2096
    { 4, 18, 116, 2, 14, 9, 70640 }, // U+2097
    { 20, 13, 380, 2, 9, 33, 70649 }, // U+2098
    { 12, 13, 254, 2, 9, 20, 70682 }, // U+2099
    { 13, 18, 247, 2, 9, 30, 70702 }, // U+209A
    { 10, 13, 196, 1, 9, 17, 70732 }, // U+209B
    { 9, 16, 164, 1, 12, 18, 70749 }, // U+209C
    { 20, 27, 343, 1, 27, 68, 70767 }, // U+20A0
    { 21, 31, 365, 1, 29, 82, 70835 }, // U+20A1
    { 19, 27, 343, 1, 27, 65, 70917 }, // U+20A2
    { 19, 27, 343, 1, 27, 65, 70982 }, // U+20A3
    { 19, 27, 343, 1, 27, 65, 71047 }, // U+20A4
    { 32, 29, 585, 3, 25, 116, 71112 }, // U+20A5
    { 21, 27, 343, 1, 27, 71, 71228 }, // U+20A6
    { 29, 27, 534, 3, 27, 98, 71299 }, // U+20A7
    { 30, 27, 550, 3, 27, 102, 71397 }, // U+20A8
    { 27, 27, 443, 1, 27, 92, 71499 }, // U+20A9
    { 27, 27, 519, 3, 27, 92, 71591 }, // U+20AA
    { 22, 34, 387, 2, 29, 94, 71683 }, // U+20AB
    { 26, 29, 459, 1, 28, 95, 71777 }, // U+20AC
    { 21, 27, 343, 1, 27, 71, 71872 }, // U+20AD
    { 20, 27, 343, 1, 27, 68, 71943 }, // U+20AE
    { 36, 36, 606, 1, 27, 162, 72011 }, // U+20AF
    { 21, 36, 366, 0, 27, 95, 72173 }, // U+20B0
    { 21, 27, 343, 1, 27, 71, 72268 }, // U+20B1
    { 22, 32, 440, 2, 29, 88, 72339 }, // U+20B2
    { 24, 27, 390, 1, 27, 81, 72427 }, // U+20B3
    { 23, 28, 436, 2, 28, 81, 72508 }, // U+20B4
    { 21, 31, 382, 2, 29, 82, 72589 }, // U+20B5
    { 25, 25, 418, 0, 25, 79, 72671 }, // U+20B6
    { 26, 30, 439, 0, 27, 98, 72750 }, // U+20B7
    { 20, 27, 344, 1, 27, 68, 72848 }, // U+20B8
    { 22, 27, 426, 3, 27, 75, 72916 }, // U+20B9
    { 20, 27, 343, 1, 27, 68, 72991 }, // U+20BA
    { 29, 27, 487, 1, 27, 98, 73059 }, // U+20BB
    { 29, 27, 524, 2, 27, 98, 73157 }, // U+20BC
    { 26, 27, 442, 1, 27, 88, 73255 }, // U+20BD
    { 26, 29, 473, 2, 29, 95, 73343 }, // U+20BE
    { 17, 35, 343, 3, 31, 75, 73438 }, // U+20BF
    { 16, 28, 314, 2, 21, 56, 73513 }, // U+20C0
    { 27, 23, 476, 1, 25, 78, 73569 }, // U+2190
    { 23, 26, 424, 2, 26, 75, 73647 }, // U+2191
    { 27, 23, 476, 1, 25, 78, 73722 }, // U+2192
    { 23, 26, 424, 2, 26, 75, 73800 }, // U+2193
    { 38, 23, 649, 1, 25, 110, 73875 }, // U+2194
    { 23, 38, 424, 2, 30, 110, 73985 }, // U+2195
    { 21, 21, 382, 2, 27, 56, 74095 }, // U+2196
    { 21, 21, 382, 1, 27, 56, 74151 }, // U+2197
    { 21, 21, 383, 1, 21, 56, 74207 }, // U+2198
    { 21, 21, 383, 2, 21, 56, 74263 }, // U+2199
    { 21, 12, 388, 2, 18, 32, 74319 }, // U+219D
    { 21, 20, 396, 2, 25, 53, 74351 }, // U+21A9
    { 21, 20, 396, 2, 25, 53, 74404 }, // U+21AA
    { 21, 24, 397, 2, 24, 63, 74457 }, // U+21B0
    { 22, 24, 397, 2, 24, 66, 74520 }, // U+21B1
    { 22, 24, 397, 2, 27, 66, 74586 }, // U+21B3
    { 22, 27, 397, 1, 27, 75, 74652 }, // U+21B4
    { 21, 24, 397, 2, 27, 63, 74727 }, // U+21B5
    { 21, 14, 400, 2, 20, 37, 74790 }, // U+21E4
    { 21, 14, 400, 2, 20, 37, 74827 }, // U+21E5
    { 31, 27, 529, 1, 27, 105, 74864 }, // U+21E7
    { 18, 28, 341, 2, 28, 63, 74969 }, // U+2202
    { 23, 26, 391, 1, 26, 75, 75032 }, // U+2206
    { 25, 32, 409, 0, 26, 100, 75107 }, // U+220F
    { 18, 27, 327, 1, 27, 61, 75207 }, // U+2211
    { 17, 4, 326, 2, 13, 9, 75268 }, // U+2212
    { 25, 31, 439, 1, 26, 97, 75277 }, // U+221A
    { 29, 14, 506, 1, 17, 51, 75374 }, // U+221E
    { 16, 31, 271, 0, 26, 62, 75425 }, // U+222B
    { 17, 14, 314, 1, 19, 30, 75487 }, // U+2248
    { 18, 20, 331, 1, 21, 45, 75517 }, // U+2260
    { 18, 22, 334, 1, 22, 50, 75562 }, // U+2264
    { 18, 22, 334, 2, 22, 50, 75612 }, // U+2265
    { 30, 29, 463, 1, 29, 109, 75662 }, // U+FB00
    { 23, 27, 429, 2, 27, 78, 75771 }, // U+FB01
    { 26, 27, 446, 2, 27, 88, 75849 }, // U+FB02
    { 37, 29, 643, 1, 29, 135, 75937 }, // U+FB03
    { 37, 29, 647, 1, 29, 135, 76072 }, // U+FB04
    { 25, 29, 469, 3, 29, 91, 76207 }, // U+FB05
    { 32, 29, 559, 2, 29, 116, 76298 }, // U+FB06
    { 35, 34, 626, 2, 18, 149, 76414 }, // U+FB56
    { 44, 32, 686, 2, 16, 176, 76563 }, // U+FB57
    { 13, 35, 236, 0, 20, 57, 76739 }, // U+FB58
    { 20, 29, 260, 0, 14, 73, 76796 }, // U+FB59
    { 35, 29, 626, 2, 28, 127, 76869 }, // U+FB66
    { 44, 29, 686, 2, 28, 160, 76996 }, // U+FB67
    { 10, 34, 196, 0, 34, 43, 77156 }, // U+FB68
    { 20, 29, 260, 0, 29, 73, 77199 }, // U+FB69
    { 25, 36, 426, 1, 21, 113, 77272 }, // U+FB7A
    { 32, 36, 463, 1, 21, 144, 77385 }, // U+FB7B
    { 24, 33, 394, 0, 18, 99, 77529 }, // U+FB7C
    { 29, 33, 413, 0, 18, 120, 77628 }, // U+FB7D
    { 17, 34, 319, 1, 34, 73, 77748 }, // U+FB88
    { 24, 34, 342, 1, 34, 102, 77821 }, // U+FB89
    { 14, 40, 248, -1, 31, 70, 77923 }, // U+FB8A
    { 21, 40, 263, -1, 31, 105, 77993 }, // U+FB8B
    { 14, 39, 248, -1, 30, 69, 78098 }, // U+FB8C
    { 21, 39, 263, -1, 30, 103, 78167 }, // U+FB8D
    { 35, 29, 567, 1, 28, 127, 78270 }, // U+FB8E
    { 39, 29, 589, 1, 28, 142, 78397 }, // U+FB8F
    { 18, 28, 280, 0, 28, 63, 78539 }, // U+FB90
    { 23, 28, 304, 0, 28, 81, 78602 }, // U+FB91
    { 35, 36, 567, 1, 35, 158, 78683 }, // U+FB92
    { 39, 36, 589, 1, 35, 176, 78841 }, // U+FB93
    { 19, 35, 280, -1, 35, 84, 79017 }, // U+FB94
    { 24, 35, 304, -1, 35, 105, 79101 }, // U+FB95
    { 25, 24, 447, 1, 15, 75, 79206 }, // U+FB9E
    { 32, 23, 470, 1, 14, 92, 79281 }, // U+FB9F
    { 17, 22, 311, 1, 22, 47, 79373 }, // U+FBA6
    { 27, 16, 377, 0, 16, 54, 79420 }, // U+FBA7
    { 10, 27, 192, 0, 20, 34, 79474 }, // U+FBA8
    { 23, 20, 306, 0, 10, 58, 79508 }, // U+FBA9
    { 27, 22, 469, 0, 22, 75, 79566 }, // U+FBAA
    { 30, 27, 430, 0, 19, 102, 79641 }, // U+FBAB
    { 23, 22, 395, 0, 22, 64, 79743 }, // U+FBAC
    { 25, 27, 348, 0, 19, 85, 79807 }, // U+FBAD
    { 33, 21, 551, 1, 20, 87, 79892 }, // U+FBAE
    { 24, 17, 328, 0, 6, 51, 79979 }, // U+FBAF
    { 33, 31, 551, 1, 30, 128, 80030 }, // U+FBB0
    { 24, 29, 328, 0, 18, 87, 80158 }, // U+FBB1
    { 30, 28, 497, 1, 19, 105, 80245 }, // U+FBFC
    { 33, 19, 481, 1, 10, 79, 80350 }, // U+FBFD
    { 13, 29, 236, 0, 20, 48, 80429 }, // U+FBFE
    { 20, 23, 260, 0, 14, 58, 80477 }, // U+FBFF
    { 17, 20, 303, 1, 18, 43, 80535 }, // U+FE80
    { 14, 34, 186, -2, 34, 60, 80578 }, // U+FE81
    { 18, 37, 197, -2, 37, 84, 80638 }, // U+FE82
    { 8, 38, 186, 1, 38, 38, 80722 }, // U+FE83
    { 15, 41, 197, 1, 41, 77, 80760 }, // U+FE84
    { 17, 37, 311, 1, 28, 79, 80837 }, // U+FE85
    { 22, 38, 311, 1, 29, 105, 80916 }, // U+FE86
    { 9, 40, 186, 2, 29, 45, 81021 }, // U+FE87
    { 14, 40, 197, 2, 29, 70, 81066 }, // U+FE88
    { 30, 30, 497, 1, 21, 113, 81136 }, // U+FE89
    { 33, 30, 481, 1, 21, 124, 81249 }, // U+FE8A
    { 10, 32, 196, 0, 32, 40, 81373 }, // U+FE8B
    { 18, 28, 231, 0, 28, 63, 81413 }, // U+FE8C
    { 7, 29, 186, 2, 29, 26, 81476 }, // U+FE8D
    { 14, 29, 197, 2, 29, 51, 81502 }, // U+FE8E
    { 35, 28, 626, 2, 18, 123, 81553 }, // U+FE8F
    { 44, 26, 686, 2, 16, 143, 81676 }, // U+FE90
    { 10, 29, 196, 0, 20, 37, 81819 }, // U+FE91
    { 18, 23, 231, 0, 14, 52, 81856 }, // U+FE92
    { 17, 31, 311, 1, 31, 66, 81908 }, // U+FE93
    { 25, 34, 358, 1, 34, 107, 81974 }, // U+FE94
    { 35, 24, 626, 2, 23, 105, 82081 }, // U+FE95
    { 44, 24, 686, 2, 23, 132, 82186 }, // U+FE96
    { 12, 29, 196, -1, 29, 44, 82318 }, // U+FE97
    { 20, 24, 260, 0, 24, 60, 82362 }, // U+FE98
    { 35, 30, 626, 2, 29, 132, 82422 }, // U+FE99
    { 44, 30, 686, 2, 29, 165, 82554 }, // U+FE9A
    { 12, 35, 196, -1, 35, 53, 82719 }, // U+FE9B
    { 20, 30, 260, 0, 30, 75, 82772 }, // U+FE9C
    { 24, 36, 421, 1, 21, 108, 82847 }, // U+FE9D
    { 30, 36, 433, 1, 21, 135, 82955 }, // U+FE9E
    { 24, 27, 394, 0, 18, 81, 83090 }, // U+FE9F
    { 29, 27, 413, 0, 18, 98, 83171 }, // U+FEA0
    { 24, 36, 421, 1, 21, 108, 83269 }, // U+FEA1
    { 30, 36, 433, 1, 21, 135, 83377 }, // U+FEA2
    { 24, 18, 394, 0, 18, 54, 83512 }, // U+FEA3
    { 29, 18, 413, 0, 18, 66, 83566 }, // U+FEA4
    { 24, 45, 421, 1, 30, 135, 83632 }, // U+FEA5
    { 30, 45, 433, 1, 30, 169, 83767 }, // U+FEA6
    { 24, 28, 394, 0, 28, 84, 83936 }, // U+FEA7
    { 29, 28, 413, 0, 28, 102, 84020 }, // U+FEA8
    { 17, 21, 319, 1, 21, 45, 84122 }, // U+FEA9
    { 24, 21, 342, 1, 21, 63, 84167 }, // U+FEAA
    { 17, 30, 319, 1, 30, 64, 84230 }, // U+FEAB
    { 24, 30, 342, 1, 30, 90, 84294 }, // U+FEAC
    { 14, 25, 248, -1, 16, 44, 84384 }, // U+FEAD
    { 21, 25, 263, -1, 16, 66, 84428 }, // U+FEAE
    { 14, 34, 248, -1, 25, 60, 84494 }, // U+FEAF
    { 21, 34, 263, -1, 25, 90, 84554 }, // U+FEB0
    { 50, 28, 844, 1, 19, 175, 84644 }, // U+FEB1
    { 58, 26, 883, 1, 17, 189, 84819 }, // U+FEB2
    { 36, 19, 603, 0, 19, 86, 85008 }, // U+FEB3
    { 44, 17, 640, 0, 17, 94, 85094 }, // U+FEB4
    { 50, 40, 844, 1, 31, 250, 85188 }, // U+FEB5
    { 58, 40, 883, 1, 31, 290, 85438 }, // U+FEB6
    { 36, 31, 603, 0, 31, 140, 85728 }, // U+FEB7
    { 44, 31, 640, 0, 31, 171, 85868 }, // U+FEB8
    { 52, 27, 870, 1, 18, 176, 86039 }, // U+FEB9
    { 58, 27, 879, 1, 18, 196, 86215 }, // U+FEBA
    { 36, 19, 599, 0, 18, 86, 86411 }, // U+FEBB
    { 42, 19, 614, 0, 18, 100, 86497 }, // U+FEBC
    { 52, 36, 870, 1, 27, 234, 86597 }, // U+FEBD
    { 58, 36, 879, 1, 27, 261, 86831 }, // U+FEBE
    { 36, 28, 599, 0, 27, 126, 87092 }, // U+FEBF
    { 42, 28, 614, 0, 27, 147, 87218 }, // U+FEC0
    { 29, 29, 514, 1, 29, 106, 87365 }, // U+FEC1
    { 35, 29, 522, 1, 29, 127, 87471 }, // U+FEC2
    { 27, 29, 457, 0, 29, 98, 87598 }, // U+FEC3
    { 33, 29, 464, 0, 29, 120, 87696 }, // U+FEC4
    { 29, 29, 514, 1, 29, 106, 87816 }, // U+FEC5
    { 35, 29, 522, 1, 29, 127, 87922 }, // U+FEC6
    { 27, 29, 457, 0, 29, 98, 88049 }, // U+FEC7
    { 33, 29, 464, 0, 29, 120, 88147 }, // U+FEC8
    { 24, 37, 358, 1, 22, 111, 88267 }, // U+FEC9
    { 25, 34, 361, 1, 19, 107, 88378 }, // U+FECA
    { 20, 20, 341, 0, 20, 50, 88485 }, // U+FECB
    { 25, 19, 338, 0, 19, 60, 88535 }, // U+FECC
    { 24, 47, 358, 1, 32, 141, 88595 }, // U+FECD
    { 25, 43, 361, 1, 28, 135, 88736 }, // U+FECE
    { 20, 29, 341, 0, 29, 73, 88871 }, // U+FECF
    { 25, 28, 338, 0, 28, 88, 88944 }, // U+FED0
    { 36, 33, 616, 1, 32, 149, 89032 }, // U+FED1
    { 44, 29, 656, 1, 28, 160, 89181 }, // U+FED2
    { 18, 32, 316, 0, 32, 72, 89341 }, // U+FED3
    { 23, 28, 314, 0, 28, 81, 89413 }, // U+FED4
    { 29, 34, 509, 1, 27, 124, 89494 }, // U+FED5
    { 34, 35, 504, 1, 25, 149, 89618 }, // U+FED6
    { 18, 32, 316, 0, 32, 72, 89767 }, // U+FED7
    { 23, 28, 314, 0, 28, 81, 89839 }, // U+FED8
    { 33, 30, 571, 1, 29, 124, 89920 }, // U+FED9
    { 40, 30, 590, 1, 29, 150, 90044 }, // U+FEDA
    { 18, 28, 280, 0, 28, 63, 90194 }, // U+FEDB
    { 23, 28, 304, 0, 28, 81, 90257 }, // U+FEDC
    { 25, 38, 449, 1, 29, 119, 90338 }, // U+FEDD
    { 32, 38, 470, 1, 29, 152, 90457 }, // U+FEDE
    { 10, 29, 191, 0, 29, 37, 90609 }, // U+FEDF
    { 16, 29, 206, 0, 29, 58, 90646 }, // U+FEE0
    { 19, 33, 355, 1, 18, 79, 90704 }, // U+FEE1
    { 28, 32, 410, 1, 17, 112, 90783 }, // U+FEE2
    { 21, 17, 359, 0, 17, 45, 90895 }, // U+FEE3
    { 29, 18, 400, 0, 17, 66, 90940 }, // U+FEE4
    { 25, 33, 447, 1, 24, 104, 91006 }, // U+FEE5
    { 32, 33, 470, 1, 24, 132, 91110 }, // U+FEE6
    { 10, 29, 196, 0, 29, 37, 91242 }, // U+FEE7
    { 18, 24, 231, 0, 24, 54, 91279 }, // U+FEE8
    { 17, 22, 311, 1, 22, 47, 91333 }, // U+FEE9
    { 25, 24, 358, 1, 24, 75, 91380 }, // U+FEEA
    { 23, 22, 395, 0, 22, 64, 91455 }, // U+FEEB
    { 25, 27, 348, 0, 19, 85, 91519 }, // U+FEEC
    { 17, 25, 311, 1, 16, 54, 91604 }, // U+FEED
    { 22, 25, 311, 1, 16, 69, 91658 }, // U+FEEE
    { 30, 28, 497, 1, 19, 105, 91727 }, // U+FEEF
    { 33, 19, 481, 1, 10, 79, 91832 }, // U+FEF0
    { 30, 37, 497, 1, 19, 139, 91911 }, // U+FEF1
    { 33, 28, 481, 1, 10, 116, 92050 }, // U+FEF2
    { 13, 29, 236, 0, 20, 48, 92166 }, // U+FEF3
    { 20, 23, 260, 0, 14, 58, 92214 }, // U+FEF4
    { 25, 32, 394, -3, 32, 100, 92272 }, // U+FEF5
    { 32, 32, 414, -3, 32, 128, 92372 }, // U+FEF6
    { 23, 36, 394, -1, 36, 104, 92500 }, // U+FEF7
    { 30, 36, 414, -1, 36, 135, 92604 }, // U+FEF8
    { 21, 39, 394, 1, 28, 103, 92739 }, // U+FEF9
    { 28, 40, 414, 1, 29, 140, 92842 }, // U+FEFA
    { 21, 28, 394, 1, 28, 74, 92982 }, // U+FEFB
    { 28, 29, 414, 1, 29, 102, 93056 }, // U+FEFC
    { 34, 34, 600, 2, 28, 145, 93158 }, // U+FFFD
};

static const EpdUnicodeInterval geist_ui_18_boldIntervals[] = {
    { 0x0, 0x0, 0x0 },
    { 0xD, 0xD, 0x1 },
    { 0x20, 0x7E, 0x2 },
    { 0xA0, 0x17F, 0x61 },
    { 0x1A0, 0x1A1, 0x141 },
    { 0x1AF, 0x1B0, 0x143 },
    { 0x1C4, 0x21F, 0x145 },
    { 0x300, 0x36F, 0x1A1 },
    { 0x400, 0x4FF, 0x211 },
    { 0x5D0, 0x5EA, 0x311 },
    { 0x60C, 0x60C, 0x32C },
    { 0x61B, 0x61B, 0x32D },
    { 0x61F, 0x61F, 0x32E },
    { 0x621, 0x621, 0x32F },
    { 0x640, 0x640, 0x330 },
    { 0x660, 0x669, 0x331 },
    { 0x6BA, 0x6BA, 0x33B },
    { 0x6D4, 0x6D4, 0x33C },
    { 0x6F0, 0x6F9, 0x33D },
    { 0x1EA0, 0x1EF9, 0x347 },
    { 0x2000, 0x2064, 0x3A1 },
    { 0x2066, 0x2071, 0x406 },
    { 0x2074, 0x208E, 0x412 },
    { 0x2090, 0x209C, 0x42D },
    { 0x20A0, 0x20C0, 0x43A },
    { 0x2190, 0x2199, 0x45B },
    { 0x219D, 0x219D, 0x465 },
    { 0x21A9, 0x21AA, 0x466 },
    { 0x21B0, 0x21B1, 0x468 },
    { 0x21B3, 0x21B5, 0x46A },
    { 0x21E4, 0x21E5, 0x46D },
    { 0x21E7, 0x21E7, 0x46F },
    { 0x2202, 0x2202, 0x470 },
    { 0x2206, 0x2206, 0x471 },
    { 0x220F, 0x220F, 0x472 },
    { 0x2211, 0x2212, 0x473 },
    { 0x221A, 0x221A, 0x475 },
    { 0x221E, 0x221E, 0x476 },
    { 0x222B, 0x222B, 0x477 },
    { 0x2248, 0x2248, 0x478 },
    { 0x2260, 0x2260, 0x479 },
    { 0x2264, 0x2265, 0x47A },
    { 0xFB00, 0xFB06, 0x47C },
    { 0xFB56, 0xFB59, 0x483 },
    { 0xFB66, 0xFB69, 0x487 },
    { 0xFB7A, 0xFB7D, 0x48B },
    { 0xFB88, 0xFB95, 0x48F },
    { 0xFB9E, 0xFB9F, 0x49D },
    { 0xFBA6, 0xFBB1, 0x49F },
    { 0xFBFC, 0xFBFF, 0x4AB },
    { 0xFE80, 0xFEFC, 0x4AF },
    { 0xFFFD, 0xFFFD, 0x52C },
};

static const uint16_t geist_ui_18_boldKernLeftCodepoints[] = {
    0x0022, 0x0026, 0x0027, 0x0028, 0x002A, 0x002B, 0x002C, 0x002D, 0x002E, 0x002F, 0x0030, 0x0031,
    0x0032, 0x0033, 0x0034, 0x0035, 0x0036, 0x0037, 0x0038, 0x0039, 0x003A, 0x003B, 0x003C, 0x003D,
    0x003E, 0x0041, 0x0042, 0x0043, 0x0044, 0x0045, 0x0046, 0x0047, 0x0048, 0x0049, 0x004A, 0x004B,
    0x004C, 0x004D, 0x004E, 0x004F, 0x0050, 0x0051, 0x0052, 0x0053, 0x0054, 0x0055, 0x0056, 0x0057,
    0x0058, 0x0059, 0x005A, 0x005B, 0x005C, 0x005E, 0x0061, 0x0062, 0x0063, 0x0064, 0x0065, 0x0066,
    0x0067, 0x0068, 0x0069, 0x006A, 0x006B, 0x006C, 0x006D, 0x006E, 0x006F, 0x0070, 0x0071, 0x0072,
    0x0073, 0x0074, 0x0075, 0x0076, 0x0077, 0x0078, 0x0079, 0x007A, 0x007B, 0x007E, 0x00A1, 0x00A2,
    0x00A5, 0x00A9, 0x00AA, 0x00AB, 0x00AC, 0x00B1, 0x00BA, 0x00BB, 0x00BF, 0x00C0, 0x00C1, 0x00C2,
    0x00C3, 0x00C4, 0x00C5, 0x00C6, 0x00C7, 0x00C8, 0x00C9, 0x00CA, 0x00CB, 0x00CC, 0x00CD, 0x00CE,
    0x00CF, 0x00D0, 0x00D1, 0x00D2, 0x00D3, 0x00D4, 0x00D5, 0x00D6, 0x00D7, 0x00D8, 0x00D9, 0x00DA,
    0x00DB, 0x00DC, 0x00DD, 0x00DE, 0x00E0, 0x00E1, 0x00E2, 0x00E3, 0x00E4, 0x00E5, 0x00E6, 0x00E7,
    0x00E8, 0x00E9, 0x00EA, 0x00EB, 0x00EC, 0x00ED, 0x00EE, 0x00EF, 0x00F0, 0x00F1, 0x00F2, 0x00F3,
    0x00F4, 0x00F5, 0x00F6, 0x00F7, 0x00F8, 0x00F9, 0x00FA, 0x00FB, 0x00FC, 0x00FD, 0x00FE, 0x00FF,
    0x0100, 0x0101, 0x0102, 0x0103, 0x0104, 0x0105, 0x0106, 0x0107, 0x0108, 0x0109, 0x010A, 0x010B,
    0x010C, 0x010D, 0x010E, 0x010F, 0x0110, 0x0112, 0x0113, 0x0115, 0x0116, 0x0117, 0x0118, 0x0119,
    0x011A, 0x011B, 0x011C, 0x011D, 0x011E, 0x011F, 0x0120, 0x0121, 0x0122, 0x0123, 0x0124, 0x0125,
    0x0126, 0x0127, 0x0128, 0x0129, 0x012A, 0x012B, 0x012E, 0x012F, 0x0130, 0x0131, 0x0132, 0x0133,
    0x0134, 0x0135, 0x0136, 0x0137, 0x0138, 0x0139, 0x013A, 0x013B, 0x013C, 0x013D, 0x013E, 0x013F,
    0x0141, 0x0142, 0x0143, 0x0144, 0x0145, 0x0146, 0x0147, 0x0148, 0x014A, 0x014B, 0x014C, 0x014D,
    0x014E, 0x014F, 0x0150, 0x0151, 0x0152, 0x0153, 0x0154, 0x0155, 0x0156, 0x0157, 0x0158, 0x0159,
    0x015A, 0x015B, 0x015C, 0x015D, 0x015E, 0x015F, 0x0160, 0x0161, 0x0162, 0x0163, 0x0164, 0x0165,
    0x0166, 0x0167, 0x0168, 0x0169, 0x016A, 0x016B, 0x016C, 0x016D, 0x016E, 0x016F, 0x0170, 0x0171,
    0x0172, 0x0173, 0x0174, 0x0175, 0x0176, 0x0177, 0x0178, 0x0179, 0x017A, 0x017B, 0x017C, 0x017D,
    0x017E, 0x01A0, 0x01A1, 0x01AF, 0x01B0, 0x01CD, 0x01CE, 0x01E4, 0x01E5, 0x01E6, 0x01E7, 0x01E8,
    0x01E9, 0x01FA, 0x01FD, 0x01FE, 0x0218, 0x0219, 0x021A, 0x021B, 0x0400, 0x0401, 0x0402, 0x0404,
    0x0405, 0x0406, 0x0407, 0x0409, 0x040A, 0x040E, 0x0410, 0x0411, 0x0412, 0x0413, 0x0414, 0x0415,
    0x0416, 0x0417, 0x0418, 0x0419, 0x041A, 0x041B, 0x041C, 0x041D, 0x041E, 0x041F, 0x0420, 0x0421,
    0x0422, 0x0423, 0x0424, 0x0425, 0x0427, 0x0428, 0x042A, 0x042B, 0x042C, 0x042D, 0x042E, 0x042F,
    0x0430, 0x0431, 0x0432, 0x0433, 0x0434, 0x0435, 0x0436, 0x0437, 0x0438, 0x0439, 0x043A, 0x043B,
    0x043C, 0x043D, 0x043E, 0x043F, 0x0440, 0x0441, 0x0442, 0x0443, 0x0444, 0x0445, 0x0446, 0x0447,
    0x0448, 0x0449, 0x044B, 0x044D, 0x044E, 0x044F, 0x0450, 0x0451, 0x0452, 0x0453, 0x0454, 0x0455,
    0x0456, 0x0457, 0x0458, 0x045B, 0x045D, 0x045E, 0x0460, 0x0461, 0x0462, 0x0464, 0x0465, 0x0466,
    0x0467, 0x0468, 0x0469, 0x046A, 0x046B, 0x046E, 0x0471, 0x0472, 0x0473, 0x0474, 0x0475, 0x0476,
    0x0477, 0x0478, 0x0479, 0x047A, 0x047B, 0x047C, 0x047D, 0x047E, 0x047F, 0x0480, 0x048A, 0x048B,
    0x048C, 0x048D, 0x048E, 0x048F, 0x0490, 0x0491, 0x0492, 0x0493, 0x0496, 0x0497, 0x0498, 0x0499,
    0x049A, 0x049B, 0x049C, 0x049D, 0x049E, 0x049F, 0x04A0, 0x04A1, 0x04A3, 0x04A4, 0x04A5, 0x04A9,
    0x04AA, 0x04AB, 0x04AC, 0x04AD, 0x04AE, 0x04AF, 0x04B1, 0x04B2, 0x04B3, 0x04B4, 0x04B5, 0x04B7,
    0x04BB, 0x04BC, 0x04BD, 0x04BE, 0x04BF, 0x04C0, 0x04C1, 0x04C2, 0x04C5, 0x04C6, 0x04C9, 0x04CA,
    0x04CD, 0x04CE, 0x04CF, 0x04D0, 0x04D1, 0x04D2, 0x04D3, 0x04D5, 0x04D7, 0x04D8, 0x04D9, 0x04DA,
    0x04DB, 0x04DC, 0x04DD, 0x04DE, 0x04DF, 0x04E2, 0x04E3, 0x04E5, 0x04E6, 0x04E7, 0x04E8, 0x04EA,
    0x04EB, 0x04EC, 0x04ED, 0x04EF, 0x04F0, 0x04F1, 0x04F2, 0x04F3, 0x04F5, 0x04F6, 0x04F7, 0x04F9,
    0x04FA, 0x04FB, 0x04FC, 0x04FD, 0x04FE, 0x04FF, 0x05D0, 0x05D1, 0x05D2, 0x05D3, 0x05D5, 0x05D8,
    0x05D9, 0x05DB, 0x05DC, 0x05DE, 0x05E0, 0x05E1, 0x05E2, 0x05E4, 0x05E6, 0x05E8, 0x05E9, 0x05EA,
    0x1EA0, 0x1EA2, 0x1EA4, 0x1EA6, 0x1EA8, 0x1EAA, 0x1EAC, 0x1EAE, 0x1EB0, 0x1EB2, 0x1EB4, 0x1EB6,
    0x1EB9, 0x1EBB, 0x1EBC, 0x1EBD, 0x1EBF, 0x1EC1, 0x1EC3, 0x1EC5, 0x1EC7, 0x1ECC, 0x1ECD, 0x1ECE,
    0x1ECF, 0x1ED0, 0x1ED1, 0x1ED2, 0x1ED3, 0x1ED4, 0x1ED5, 0x1ED6, 0x1ED7, 0x1ED8, 0x1ED9, 0x1EDA,
    0x1EDB, 0x1EDC, 0x1EDD, 0x1EDE, 0x1EDF, 0x1EE0, 0x1EE1, 0x1EE2, 0x1EE3, 0x1EE4, 0x1EE6, 0x1EE8,
    0x1EE9, 0x1EEA, 0x1EEB, 0x1EEC, 0x1EED, 0x1EEE, 0x1EEF, 0x1EF0, 0x1EF1, 0x1EF2, 0x1EF3, 0x1EF4,
    0x1EF6, 0x1EF8, 0x1EF9, 0x2015, 0x2018, 0x201A, 0x201C, 0x201E, 0x2026, 0x2039, 0x203A, 0x21E7,
    0x2212, 0x221E, 0x2248, 0x2260, 0x2264, 0x2265, 0xFB01, 0xFB02, 0xFB8C, 0xFEAD, 0xFEAE, 0xFEAF,
};

static const uint8_t geist_ui_18_boldKernLeftClassIds[] = {
      1,   2,   1,   3,   4,   5,   6,   7,   6,   8,   9,  10,  11,  12,  13,  14,
     15,  16,  17,   9,  18,  18,   5,   5,   5,  19,  20,  21,   9,  22,  23,  24,
     25,  25,  26,  27,  28,  25,  25,   9,  29,   9,  30,   9,  31,  26,   8,   8,
     27,  32,  33,  34,  19,   5,  35,  36,  36,  25,  36,  37,  38,  39,  25,  25,
     40,  35,  39,  39,  36,  36,  38,  41,  36,  42,  38,  43,  43,  44,  43,  45,
     46,   5,  47,  48,  10,   9,   4,  49,   5,   5,   4,  50,  51,  19,  19,  19,
     19,  19,  19,  22,  21,  22,  22,  22,  22,  25,  25,  25,  25,  48,  25,   9,
      9,   9,   9,   9,   5,   9,  26,  26,  26,  26,  32,   9,  35,  35,  35,  35,
     35,  35,  36,  36,  36,  36,  36,  36,  25,  25,  25,  25,  36,  39,  36,  36,
     36,  36,  36,   5,  36,  38,  38,  38,  38,  43,  36,  43,  19,  35,  19,  35,
     19,  35,  21,  36,  21,  36,  21,  36,  21,  36,  48,  52,  48,  22,  36,  53,
     22,  36,  22,  36,  22,  36,  24,  38,  24,  38,  24,  38,  24,  38,  25,  39,
     25,  39,  25,  25,  25,  25,  25,  25,  25,  25,  26,  25,  26,  25,  27,  44,
     54,  28,  35,  28,  35,  55,  52,  56,  28,  35,  25,  39,  25,  39,  25,  39,
     25,  39,   9,  36,  57,  53,   9,  36,  22,  36,  58,  41,  58,  41,  58,  41,
      9,  36,   9,  36,   9,  36,   9,  36,  31,  42,  31,  52,  31,  42,  26,  38,
     26,  38,  26,  38,  26,  38,  26,  38,  26,  38,   8,  43,  32,  43,  32,  33,
     45,  33,  45,  33,  45,  59,  60,  61,  62,  19,  35,  24,  38,  24,  38,  27,
     44,  63,  53,  57,   9,  36,  31,  42,  22,  22,  20,  21,   9,  10,  10,  20,
     20,   8,  19,  20,  20,  31,  19,  22,  27,  20,  25,  25,  27,  25,  25,  25,
      9,  25,  29,  21,  31,   8,   9,  27,  10,  25,  20,  10,  20,   9,   9,  10,
     35,  36,  36,  41,  36,  36,  44,  36,  38,  38,  44,  38,  38,  38,  36,  39,
     36,  36,  41,  43,  36,  44,  38,  38,  38,  38,  38,  36,  36,  38,  36,  36,
     39,  41,  36,  36,  38,  38,  25,  39,  38,  43,  64,  65,  20,  66,  67,  68,
     69,  68,  69,  27,  44,  70,  71,   9,  36,   8,  43,  72,  65,  73,  73,  64,
     71,  64,  71,  64,  65,  66,  74,  75,  76,  77,  78,  71,  31,  41,  31,  41,
     27,  44,  70,  79,  27,  44,  80,  81,  80,  81,  80,  81,  25,  82,  83,  71,
     66,  67,  84,  83,   8,  43,  43,  27,  44,  74,  75,  38,  39,  85,  86,  85,
     86,  10,  80,  81,  74,  75,  74,  75,  74,  75,  25,  68,  87,  68,  87,  86,
     86,   9,  36,  64,  71,  80,  81,  70,  79,  25,  38,  88,  64,  71,   9,  64,
     71,  64,  71,  43,  72,  73,  72,  73,  88,  84,  83,  88,  82,  89,  90,  91,
     80,  91,  92,  93,  94,  95,  96,  97,  98,  99, 100, 101, 102, 103, 104, 105,
    106, 107, 108, 109,  63,  63,  63,  63,  63,  63,  63,  63,  63,  63,  63,  63,
     53,  53,  22,  36,  53,  53,  53,  53,  53,  57,  53,  57,  53,  57,  53,  57,
     53,  57,  53,  57,  53,  57,  53,  59,  60,  59,  60,  59,  60,  59,  60,  59,
     60, 110, 110,  61,  62,  61,  62,  61,  62,  61,  62,  61,  62,  32,  43, 111,
    111,  32,  43, 112, 113,   6, 113,   6,   6, 114, 115,  19,   5,   5,   5,   5,
      5,   5,  25,  35, 116, 116, 116, 116,
};

static const uint16_t geist_ui_18_boldKernRightCodepoints[] = {
    0x0021, 0x0022, 0x0025, 0x0026, 0x0027, 0x0029, 0x002A, 0x002B, 0x002C, 0x002D, 0x002E, 0x002F,
    0x0030, 0x0031, 0x0032, 0x0033, 0x0034, 0x0035, 0x0036, 0x0037, 0x0038, 0x003A, 0x003B, 0x003C,
    0x003D, 0x003E, 0x003F, 0x0041, 0x0042, 0x0043, 0x0044, 0x0045, 0x0046, 0x0047, 0x0048, 0x0049,
    0x004A, 0x004B, 0x004C, 0x004D, 0x004E, 0x004F, 0x0050, 0x0051, 0x0052, 0x0053, 0x0054, 0x0055,
    0x0056, 0x0057, 0x0058, 0x0059, 0x005A, 0x005C, 0x005D, 0x005E, 0x0061, 0x0062, 0x0063, 0x0064,
    0x0065, 0x0066, 0x0067, 0x0068, 0x0069, 0x006A, 0x006B, 0x006C, 0x006D, 0x006E, 0x006F, 0x0070,
    0x0071, 0x0072, 0x0073, 0x0074, 0x0075, 0x0076, 0x0077, 0x0078, 0x0079, 0x007A, 0x007D, 0x007E,
    0x00A5, 0x00A9, 0x00AA, 0x00AB, 0x00AC, 0x00B1, 0x00BA, 0x00BB, 0x00BF, 0x00C0, 0x00C1, 0x00C2,
    0x00C3, 0x00C4, 0x00C5, 0x00C6, 0x00C7, 0x00C8, 0x00C9, 0x00CA, 0x00CB, 0x00CC, 0x00CD, 0x00CE,
    0x00CF, 0x00D0, 0x00D1, 0x00D2, 0x00D3, 0x00D4, 0x00D5, 0x00D6, 0x00D7, 0x00D8, 0x00D9, 0x00DA,
    0x00DB, 0x00DC, 0x00DD, 0x00DE, 0x00DF, 0x00E0, 0x00E1, 0x00E2, 0x00E3, 0x00E4, 0x00E5, 0x00E6,
    0x00E7, 0x00E8, 0x00E9, 0x00EA, 0x00EB, 0x00EC, 0x00ED, 0x00EE, 0x00EF, 0x00F0, 0x00F1, 0x00F2,
    0x00F3, 0x00F4, 0x00F5, 0x00F6, 0x00F7, 0x00F8, 0x00F9, 0x00FA, 0x00FB, 0x00FC, 0x00FD, 0x00FE,
    0x00FF, 0x0100, 0x0101, 0x0102, 0x0103, 0x0104, 0x0105, 0x0106, 0x0107, 0x0108, 0x0109, 0x010A,
    0x010B, 0x010C, 0x010D, 0x010E, 0x010F, 0x0110, 0x0111, 0x0112, 0x0113, 0x0115, 0x0116, 0x0117,
    0x0118, 0x0119, 0x011A, 0x011B, 0x011C, 0x011D, 0x011E, 0x011F, 0x0120, 0x0121, 0x0122, 0x0123,
    0x0124, 0x0125, 0x0126, 0x0127, 0x0128, 0x0129, 0x012A, 0x012B, 0x012E, 0x012F, 0x0130, 0x0131,
    0x0132, 0x0133, 0x0134, 0x0135, 0x0136, 0x0137, 0x0138, 0x0139, 0x013A, 0x013B, 0x013C, 0x013D,
    0x013E, 0x0140, 0x0141, 0x0142, 0x0143, 0x0144, 0x0145, 0x0146, 0x0147, 0x0148, 0x014A, 0x014B,
    0x014C, 0x014D, 0x014E, 0x014F, 0x0150, 0x0151, 0x0152, 0x0153, 0x0154, 0x0155, 0x0156, 0x0157,
    0x0158, 0x0159, 0x015A, 0x015B, 0x015C, 0x015D, 0x015E, 0x015F, 0x0160, 0x0161, 0x0162, 0x0163,
    0x0164, 0x0165, 0x0166, 0x0167, 0x0168, 0x0169, 0x016A, 0x016B, 0x016C, 0x016D, 0x016E, 0x016F,
    0x0170, 0x0171, 0x0172, 0x0173, 0x0174, 0x0175, 0x0176, 0x0177, 0x0178, 0x0179, 0x017A, 0x017B,
    0x017C, 0x017D, 0x017E, 0x01A0, 0x01A1, 0x01AF, 0x01B0, 0x01CD, 0x01CE, 0x01E4, 0x01E5, 0x01E6,
    0x01E7, 0x01E8, 0x01E9, 0x01FA, 0x01FB, 0x01FD, 0x01FE, 0x01FF, 0x0218, 0x0219, 0x021A, 0x021B,
    0x0400, 0x0401, 0x0402, 0x0403, 0x0404, 0x0405, 0x0406, 0x0407, 0x0409, 0x040A, 0x040B, 0x040C,
    0x040E, 0x040F, 0x0410, 0x0411, 0x0412, 0x0413, 0x0414, 0x0415, 0x0416, 0x0417, 0x0418, 0x0419,
    0x041A, 0x041B, 0x041C, 0x041D, 0x041E, 0x041F, 0x0420, 0x0421, 0x0422, 0x0423, 0x0424, 0x0425,
    0x0426, 0x0428, 0x0429, 0x042B, 0x042C, 0x042D, 0x042E, 0x0430, 0x0431, 0x0432, 0x0433, 0x0434,
    0x0435, 0x0436, 0x0437, 0x0438, 0x0439, 0x043A, 0x043B, 0x043C, 0x043D, 0x043E, 0x043F, 0x0440,
    0x0441, 0x0442, 0x0443, 0x0444, 0x0445, 0x0446, 0x0447, 0x0448, 0x0449, 0x044A, 0x044B, 0x044C,
    0x044D, 0x044E, 0x0450, 0x0451, 0x0453, 0x0454, 0x0455, 0x0456, 0x0457, 0x0458, 0x0459, 0x045A,
    0x045B, 0x045D, 0x045E, 0x0460, 0x0461, 0x0462, 0x0463, 0x0465, 0x0466, 0x0467, 0x0469, 0x046A,
    0x046B, 0x046D, 0x046E, 0x0470, 0x0472, 0x0473, 0x0474, 0x0475, 0x0476, 0x0477, 0x0478, 0x0479,
    0x047A, 0x047B, 0x047C, 0x047D, 0x047E, 0x047F, 0x0480, 0x0481, 0x048B, 0x048C, 0x048D, 0x048F,
    0x0490, 0x0491, 0x0492, 0x0493, 0x0495, 0x0496, 0x0497, 0x0498, 0x0499, 0x049A, 0x049B, 0x049D,
    0x049F, 0x04A0, 0x04A1, 0x04A2, 0x04A3, 0x04A5, 0x04A7, 0x04A8, 0x04A9, 0x04AA, 0x04AB, 0x04AC,
    0x04AD, 0x04AE, 0x04AF, 0x04B1, 0x04B2, 0x04B3, 0x04B4, 0x04B5, 0x04B7, 0x04B8, 0x04B9, 0x04BA,
    0x04BB, 0x04BC, 0x04BD, 0x04BE, 0x04BF, 0x04C0, 0x04C1, 0x04C2, 0x04C4, 0x04C5, 0x04C6, 0x04C8,
    0x04CA, 0x04CB, 0x04CC, 0x04CE, 0x04CF, 0x04D0, 0x04D1, 0x04D2, 0x04D3, 0x04D4, 0x04D5, 0x04D7,
    0x04D8, 0x04D9, 0x04DA, 0x04DB, 0x04DC, 0x04DD, 0x04DE, 0x04DF, 0x04E3, 0x04E5, 0x04E6, 0x04E7,
    0x04E8, 0x04EA, 0x04EB, 0x04EC, 0x04ED, 0x04EF, 0x04F0, 0x04F1, 0x04F2, 0x04F3, 0x04F4, 0x04F5,
    0x04F7, 0x04F9, 0x04FA, 0x04FC, 0x04FD, 0x04FE, 0x04FF, 0x05D1, 0x05D2, 0x05D3, 0x05D4, 0x05D6,
    0x05D7, 0x05D8, 0x05D9, 0x05DA, 0x05DB, 0x05DC, 0x05DD, 0x05DE, 0x05E1, 0x05E2, 0x05E3, 0x05E4,
    0x05E7, 0x05E8, 0x05E9, 0x05EA, 0x1EA0, 0x1EA1, 0x1EA2, 0x1EA3, 0x1EA4, 0x1EA5, 0x1EA6, 0x1EA7,
    0x1EA8, 0x1EA9, 0x1EAA, 0x1EAB, 0x1EAC, 0x1EAD, 0x1EAE, 0x1EAF, 0x1EB0, 0x1EB1, 0x1EB2, 0x1EB3,
    0x1EB4, 0x1EB5, 0x1EB6, 0x1EB7, 0x1EB9, 0x1EBB, 0x1EBC, 0x1EBD, 0x1EBF, 0x1EC1, 0x1EC3, 0x1EC5,
    0x1EC7, 0x1ECC, 0x1ECD, 0x1ECE, 0x1ECF, 0x1ED0, 0x1ED1, 0x1ED2, 0x1ED3, 0x1ED4, 0x1ED5, 0x1ED6,
    0x1ED7, 0x1ED8, 0x1ED9, 0x1EDA, 0x1EDB, 0x1EDC, 0x1EDD, 0x1EDE, 0x1EDF, 0x1EE0, 0x1EE1, 0x1EE2,
    0x1EE3, 0x1EE4, 0x1EE5, 0x1EE6, 0x1EE7, 0x1EE8, 0x1EE9, 0x1EEA, 0x1EEB, 0x1EEC, 0x1EED, 0x1EEE,
    0x1EEF, 0x1EF0, 0x1EF1, 0x1EF2, 0x1EF3, 0x1EF4, 0x1EF5, 0x1EF6, 0x1EF7, 0x1EF8, 0x1EF9, 0x2015,
    0x2018, 0x2019, 0x201A, 0x201C, 0x201D, 0x201E, 0x2026, 0x2039, 0x203A, 0x21E7, 0x2212, 0x221E,
    0x2248, 0x2260, 0x2264, 0x2265, 0xFB00, 0xFB01, 0xFB02, 0xFB03, 0xFB04, 0xFB8E, 0xFBA6, 0xFBAA,
    0xFE8D, 0xFEA3, 0xFEA9, 0xFEB1, 0xFEB3, 0xFEB9, 0xFEBB, 0xFEC1, 0xFEC3, 0xFEC9, 0xFECB, 0xFECD,
    0xFEDB, 0xFEDF, 0xFEE1, 0xFEE3, 0xFEE9, 0xFEEB,
};

static const uint8_t geist_ui_18_boldKernRightClassIds[] = {
      1,   2,   3,   4,   2,   5,   6,   7,   8,   9,   8,  10,  11,  12,  13,  14,
     15,  16,  11,  17,  18,  19,  19,   7,   7,   7,  20,  10,  21,  11,  21,  22,
     21,  11,  21,  21,  23,  24,  24,  21,  25,  11,  21,  11,  21,  11,  17,  26,
     27,  27,  28,  29,  30,  27,  31,   7,  32,  21,  33,  33,  33,  34,  33,  21,
     21,  35,  21,  36,  37,  37,  33,  37,  33,  37,  33,  38,  39,  40,  40,  41,
     40,  42,  43,   7,  24,  11,   6,  44,   7,   7,   6,  45,  46,  10,  10,  10,
     10,  10,  10,  10,  11,  21,  21,  21,  21,  21,  21,  21,  21,  11,  21,  11,
     11,  11,  11,  11,   7,  11,  26,  26,  26,  26,  29,  21,  21,  32,  32,  32,
     32,  32,  32,  32,  33,  33,  33,  33,  33,  21,  21,  21,  21,  33,  37,  33,
     33,  33,  33,  33,   7,  33,  39,  39,  39,  39,  40,  21,  40,  10,  32,  10,
     32,  10,  32,  11,  33,  11,  33,  11,  33,  11,  33,  21,  33,  11,  33,  21,
     33,  47,  21,  33,  21,  33,  21,  33,  11,  33,  11,  33,  11,  33,  11,  33,
     21,  21,  21,  21,  21,  21,  21,  21,  21,  21,  21,  21,  21,  21,  23,  35,
     24,  21,  48,  24,  36,  21,  36,  24,  36,  49,  50,  36,  21,  37,  21,  37,
     21,  37,  21,  37,  11,  33,  51,  47,  11,  33,  11,  33,  21,  37,  21,  37,
     21,  37,  11,  33,  11,  33,  11,  33,  11,  33,  17,  52,  17,  52,  17,  52,
     26,  39,  26,  39,  26,  39,  26,  39,  26,  39,  26,  39,  27,  40,  29,  40,
     29,  30,  42,  30,  42,  30,  42,  51,  47,  53,  48,  10,  32,  11,  33,  11,
     33,  24,  21,  54,  55,  55,  51,  47,  11,  33,  17,  52,  21,  21,  17,  21,
     11,  11,  24,  24,  23,  24,  17,  21,  56,  21,  10,  21,  21,  21,  10,  21,
     28,  14,  21,  21,  21,  57,  21,  21,  11,  21,  21,  11,  17,  56,  11,  28,
     21,  21,  21,  21,  21,  11,  24,  32,  33,  37,  37,  33,  33,  41,  33,  37,
     37,  37,  58,  37,  37,  33,  37,  37,  33,  52,  40,  33,  41,  37,  39,  37,
     37,  52,  37,  37,  33,  37,  33,  33,  37,  33,  33,  37,  37,  35,  59,  37,
     21,  37,  40,  60,  61,  24,  21,  62,  63,  64,  62,  28,  41,  62,  65,  66,
     11,  33,  27,  40,  67,  61,  60,  68,  60,  68,  60,  68,  60,  61,  60,  68,
     62,  69,  70,  62,  24,  37,  24,  37,  62,  28,  41,  65,  71,  21,  21,  62,
     70,  72,  73,  21,  21,  62,  62,  60,  68,  60,  68,  74,  73,  27,  40,  40,
     28,  41,  72,  73,  39,  66,  75,  21,  21,  76,  77,  76,  77,  21,  78,  79,
     62,  80,  64,  62,  62,  66,  75,  62,  21,  63,  81,  63,  81,  63,  81,  68,
     11,  33,  82,  81,  78,  79,  65,  71,  37,  83,  60,  68,  11,  60,  68,  65,
     71,  40,  84,  85,  84,  85,  66,  75,  62,  83,  69,  78,  79,  78,  79,  86,
     87,  88,  89,  90,  91,  92,  93,  94,  95,  96,  97,  98,  99, 100, 101, 102,
    103, 104, 105, 106,  54,  55,  54,  55,  54,  55,  54,  55,  54,  55,  54,  55,
     54,  55,  54,  55,  54,  55,  54,  55,  54,  55,  54,  55,  47,  47,  21,  33,
     47,  47,  47,  47,  47,  51,  47,  51,  47,  51,  47,  51,  47,  51,  47,  51,
     47,  51,  47,  51,  47,  51,  47,  51,  47,  51,  47,  51,  47,  53,  48,  53,
     48,  53,  48,  53,  48,  53,  48,  53,  48,  53,  48,  29,  40, 107, 108, 107,
    108,  29,  40, 109, 110, 111,   8, 110, 112,   8,   8, 113,  45,  10,   7,   7,
      7,   7,   7,   7, 114,  34,  34, 114, 114, 115, 115, 115, 116, 115, 117, 117,
    117, 117, 117, 117, 117, 118, 116, 118, 115, 116, 115, 115, 115, 115,
};

static const uint16_t geist_ui_18_boldKernRowOffsets[] = {
        0,     5,     7,    13,    16,    18,    28,    34,    65,    91,   103,   108,   111,   116,   118,   120,
      131,   133,   145,   173,   194,   214,   230,   254,   266,   290,   302,   325,   353,   375,   392,   432,
      456,   479,   481,   498,   523,   543,   560,   581,   604,   627,   646,   670,   693,   712,   713,   717,
      718,   720,   723,   740,   754,   755,   756,   759,   762,   764,   781,   783,   786,   791,   794,   796,
      806,   807,   810,   811,   822,   828,   829,   838,   851,   855,   860,   865,   870,   881,   888,   894,
      902,   909,   924,   928,   945,   947,   949,   954,   956,   958,   963,   965,   971,   973,   977,   986,
      992,   997,  1008,  1014,  1022,  1027,  1029,  1034,  1035,  1042,  1048,  1057,  1065,  1073,  1074,  1079,
     1085,  1086,  1087,  1088,  1092,
};

static const uint8_t geist_ui_18_boldKernSparseCols[] = {
      9,  14,  16,  32,  45,  16,  26,  10,  12,  13,  14,  15,  17,   7,   9,  16,
     16,  28,   5,  10,  11,  16,  22,  26,  33,  34,  35,  39,  11,  14,  16,  33,
     39,  40,   0,   3,   7,   9,  10,  16,  18,  19,  20,  21,  22,  23,  24,  26,
     27,  29,  31,  32,  33,  34,  35,  36,  37,  38,  39,  40,  41,  43,  44,  51,
    112,   4,   5,   7,   9,  12,  16,  18,  19,  20,  21,  22,  23,  24,  26,  27,
     28,  29,  31,  32,  33,  34,  37,  39,  40,  49,  51,   8,   9,  10,  11,  12,
     14,  16,  17,  23,  31,  32,  38,   8,  10,  13,  14,  16,   4,   9,  16,   1,
      2,   8,  16,  18,   4,  16,  11,  12,   2,   7,   8,  10,  11,  14,  16,  17,
     18,  30,  42,   4,  16,   9,  10,  14,  16,  26,  27,  33,  37,  39,  40,  41,
     51,   0,   1,   5,  10,  13,  16,  18,  19,  20,  21,  22,  23,  24,  25,  26,
     28,  29,  32,  33,  35,  36,  37,  38,  39,  40,  41,  51,  55,   9,  10,  16,
     18,  19,  20,  21,  24,  26,  28,  31,  32,  33,  34,  35,  36,  37,  38,  39,
     40,  41,   9,  16,  20,  21,  23,  24,  26,  27,  28,  31,  32,  33,  35,  36,
     37,  38,  39,  40,  41,  51,  18,  19,  20,  21,  24,  26,  28,  31,  32,  33,
     34,  37,  39,  40,  41,  51,   7,   9,  18,  19,  20,  21,  22,  23,  24,  27,
     28,  29,  31,  32,  33,  34,  35,  36,  37,  38,  39,  40,  41,  51,  16,  26,
     27,  28,  31,  32,  33,  37,  39,  40,  41,  51,   9,  10,  16,  19,  20,  21,
     22,  24,  25,  26,  27,  28,  29,  31,  32,  33,  34,  35,  36,  37,  38,  39,
     40,  51,   9,  20,  21,  22,  24,  28,  33,  37,  39,  40,  41,  51,   5,  10,
     16,  18,  19,  20,  21,  22,  23,  24,  25,  26,  29,  31,  32,  33,  34,  36,
     37,  38,  39,  40,  51,   0,   1,   5,   7,   9,  10,  16,  18,  19,  20,  21,
     22,  23,  24,  25,  26,  28,  29,  32,  33,  34,  35,  37,  38,  39,  40,  41,
     51,   0,   7,   8,   9,  10,  18,  19,  20,  21,  22,  24,  26,  27,  28,  29,
     31,  32,  36,  38,  39,  40,  41,   9,  10,  16,  18,  19,  23,  26,  28,  31,
     32,  33,  34,  37,  38,  39,  40,  51,   1,   3,   5,   7,   8,   9,  10,  14,
     16,  18,  19,  20,  21,  22,  23,  24,  26,  27,  28,  30,  31,  32,  33,  34,
     35,  36,  37,  38,  39,  40,  41,  43,  44,  51,  56,  57,  58, 110, 111, 112,
      6,   9,  10,  16,  20,  21,  22,  24,  25,  28,  29,  31,  32,  33,  34,  35,
     36,  37,  38,  39,  40,  41,  49,  51,   8,   9,  10,  19,  20,  21,  22,  24,
     26,  27,  28,  31,  32,  33,  34,  35,  36,  37,  38,  39,  40,  41,  51,  16,
     34,   5,   7,  19,  20,  21,  24,  31,  32,  33,  34,  35,  37,  38,  39,  40,
     41,  51,   1,   5,   9,  16,  19,  20,  21,  24,  26,  27,  28,  31,  32,  33,
     34,  35,  36,  37,  38,  39,  40,  41,  51,  57,  58,   5,   7,   8,   9,  18,
     20,  21,  24,  30,  31,  32,  33,  34,  35,  36,  37,  40,  41,  51, 109,  16,
     19,  20,  21,  24,  26,  28,  32,  33,  34,  37,  39,  40,  41,  51,  57,  58,
      5,  16,  19,  20,  21,  24,  26,  27,  28,  31,  32,  33,  34,  35,  36,  37,
     38,  39,  40,  41,  51,   0,   5,   7,   8,  10,  16,  18,  19,  20,  21,  24,
     31,  32,  33,  34,  35,  36,  37,  38,  39,  40,  41,  51,   7,   8,   9,  16,
     18,  20,  21,  24,  31,  32,  33,  34,  35,  36,  37,  38,  39,  40,  41,  43,
     51,  57,  58,   7,   8,   9,  20,  21,  24,  26,  29,  31,  32,  33,  34,  36,
     37,  38,  39,  40,  41,  51,   7,   8,   9,  10,  16,  18,  20,  21,  22,  24,
     27,  31,  32,  33,  34,  35,  36,  37,  38,  40,  41,  51,  57,  58,   0,   5,
      7,   8,  10,  16,  18,  19,  20,  21,  24,  31,  32,  33,  34,  35,  36,  37,
     38,  39,  40,  41,  51,  18,  19,  20,  21,  24,  26,  27,  31,  32,  33,  34,
     35,  36,  37,  38,  39,  40,  41,  51,  16,  26,  33,  37,  51,  16,  16,  26,
     16,  22,  26,   1,  10,  11,  16,  20,  21,  24,  26,  31,  32,  33,  34,  36,
     37,  39,  41,  51,   5,  20,  21,  24,  31,  32,  33,  34,  35,  37,  39,  40,
     51, 111, 107,  46,  16,  26,  28,  50,  52, 106,  53, 106,   9,  10,  16,  18,
     19,  23,  26,  28,  31,  32,  33,  34,  37,  38,  39,  40,  51,  53, 106,  48,
    107, 113,  46,  50,  53,  54, 106,  48, 107, 113,  50, 106,  62,  63,  64,  66,
     71,  73,  77,  78,  79,  83,  63,  59,  74,  75,  73,  65,  66,  68,  71,  72,
     73,  74,  75,  81,  83,  84,  60,  67,  72,  74,  76,  84,  66,  62,  63,  72,
     73,  74,  77,  78,  83,  84,  59,  62,  63,  67,  69,  70,  74,  75,  76,  78,
     79,  82, 108,  62,  63,  67,  77,  63,  65,  72,  74,  84,  63,  65,  72,  73,
     74,  65,  66,  71,  72,  73,  60,  62,  65,  72,  73,  74,  76,  77,  78,  83,
     84,  62,  63,  67,  77,  79,  83, 108,  72,  73,  77,  78,  83,  84,  59,  65,
     67,  72,  74,  75,  84, 108,  65,  67,  73,  74,  76,  83, 108,  59,  61,  62,
     63,  67,  69,  70,  71,  73,  74,  75,  76,  78,  79, 108,  62,  63,  67, 108,
     59,  60,  61,  62,  63,  67,  70,  72,  73,  74,  75,  76,  78,  79,  80,  84,
    108,  66,  73,  78,  84,  72,  73,  78,  83,  84,  69,  73,  63,  67,  59,  72,
     74,  75,  76,  67,  74,  92,  94,  95, 101, 102, 104,  98, 101,  85,  92,  95,
     97,  85,  88,  91,  93,  94,  98, 100, 101, 103,  85,  91,  96,  98, 101, 103,
     87,  91,  93, 100, 101,  85,  88,  90,  91,  94,  96,  97,  98, 101, 103, 105,
     91,  93,  97,  98, 100, 101,  85,  86,  91,  93,  94, 100, 101, 105,  91,  94,
     97,  98, 101,  91,  92,  91,  93,  95,  98, 103,  91,  93,  94,  95,  98, 100,
    101, 104,  88,  91,  92,  97,  98, 101,  85,  91,  93,  97,  98, 100, 101, 103,
    105,  85,  91,  94,  96,  98, 101, 102, 103,  87,  89,  92,  95,  97,  98,  99,
    104,  53,  46,  47,  50,  53,  54,  71,  72,  73,  77,  78,  83,  22,  26,  22,
    114, 115, 116, 117,
};

static const int8_t geist_ui_18_boldKernSparseValues[] = {
     -30,  -18,    6,   -6,  -24,  -23,  -17,   -9,   -2,   -5,  -15,   -2,   -5,  -24,  -46,   10,
     -12,  -12,  -24,  -12,  -41,  -36,    1,  -43,  -19,    6,   -6,  -28,  -12,    6,  -24,   -6,
      -6,  -30,  -22,   -8,  -43,  -68,  -29,   -6,  -22,  -22,  -16,  -16,  -48,   -9,  -16,   -6,
      -6,  -10,  -36,  -31,  -30,  -38,  -14,  -25,  -24,  -34,  -28,  -43,  -28,  -34,  -19,  -24,
     -34,  -10,   -6,  -12,  -25,   -8,  -24,   -6,  -12,  -10,  -10,   -5,   -8,  -10,  -29,  -22,
     -28,   -6,    2,    4,   -6,  -12,  -13,  -12,  -19,   -2,  -13,   -6,   -4,  -10,  -24,   -6,
     -12,   -3,  -12,   -8,   -3,  -10,   -2,  -18,   -8,  -14,  -13,   -8,   -5,  -23,  -12,   -6,
     -12,   -6,  -12,  -12,   -8,  -24,  -12,   -7,   10,  -53,  -17,   -6,    6,  -14,   12,   -5,
     -12,   18,   18,   -5,  -12,  -12,   -6,  -12,  -32,  -22,  -12,  -14,  -14,  -12,  -28,  -12,
     -14,   -6,  -30,  -46,  -25,  -26,  -60,  -12,  -34,  -16,  -16,  -16,  -10,  -16,  -11,  -68,
     -49,   -6,  -15,  -28,  -16,  -12,  -43,  -13,  -40,  -18,  -10,  -43,   -7,  -19,   -6,  -20,
     -12,  -14,   -5,  -11,   -5,  -25,  -31,   -5,   -4,  -12,  -13,  -11,   -6,  -12,   -7,  -25,
     -31,  -16,  -17,   -9,   -7,   -7,   -4,   -7,  -16,  -12,  -16,   -5,   -5,  -12,   -7,   -5,
      -6,  -10,  -10,  -22,   -6,   -6,   -6,  -12,   -2,   -2,   -5,    5,  -12,   -8,   -9,  -22,
     -10,  -20,  -16,  -18,   -7,  -20,  -48,  -51,  -18,   -8,   -8,   -8,  -36,  -14,   -8,  -12,
      -8,   -8,  -16,  -14,  -20,  -22,  -12,  -14,  -17,  -18,  -24,  -26,  -18,  -17,  -12,  -22,
     -10,  -12,   -2,    6,  -13,  -10,   -8,  -17,   -2,  -10,   -6,  -10,  -17,   -6,   -8,   -8,
      -8,   -8,    9,  -16,   -6,  -12,   -4,   -6,   -6,  -17,  -17,   -3,    4,  -17,  -11,   -6,
     -30,  -17,  -11,    9,    9,  -11,    9,   -8,  -11,   -8,  -12,  -18,  -12,   -8,  -10,  -24,
      -2,  -12,  -16,   -6,   -6,  -18,  -11,   -6,  -12,   -6,   -6,  -17,  -32,  -34,   -5,  -10,
     -30,  -18,  -22,  -22,  -30,   -8,  -53,  -72,   -2,  -12,  -26,  -77,   -8,  -48,  -19,  -19,
     -21,  -14,  -19,  -23,  -82,  -96,   -8,  -17,  -29,   -8,  -17,  -41,  -17,  -48,  -26,  -12,
     -41,   -6,  -62,  -14,  -50,  -10,  -12,   -8,  -12,  -12,  -48,  -12,  -28,  -24,  -24,  -16,
     -13,  -17,   -4,  -14,  -12,  -24,  -18,   -6,   -9,  -11,   -4,  -12,   -8,  -30,  -16,   -4,
     -22,  -14,  -12,  -18,   -6,  -16,  -19,  -18,    6,  -10,   10,  -53,  -20,  -60,  -24,  -16,
       6,  -32,  -12,  -11,  -11,  -72,  -17,  -11,   -6,   -1,    5,   12,  -42,  -48,  -20,  -31,
      -8,  -26,  -17,  -31,  -19,  -29,  -26,  -29,  -36,  -17,  -47,  -54,  -54,    5,    5,  -29,
     -12,  -49,  -28,    5,  -12,  -12,  -79,  -12,   -8,   12,   -6,  -43,  -42,  -37,  -31,   -8,
     -36,  -36,  -36,  -24,  -36,  -46,  -12,  -36,   -8,  -12,  -12,  -12,   -4,   -4,  -14,   -4,
     -10,   -6,   -6,   -6,  -22,  -28,  -11,   -4,   -6,  -18,   -8,  -22,  -24,  -12,  -18,   12,
      18,  -16,   12,  -14,   -5,   -5,   -5,   -1,   -6,  -16,   -2,   -6,  -17,   -5,  -20,  -17,
      -6,  -17,   -6,  -16,   -6,  -42,  -24,   -6,   -6,   -6,  -30,  -12,  -30,   -2,   -6,  -18,
     -20,   -3,   -6,  -16,   -6,  -17,  -38,  -14,  -16,  -16,  -16,   10,  -36,  -14,  -26,  -11,
      -7,   -7,   -7,   13,  -18,  -23,  -20,  -35,   -9,  -14,  -17,  -24,  -10,  -17,    6,  -22,
     -12,   -5,   -5,   -5,  -16,  -12,   -6,   -8,   -7,  -13,  -12,  -14,   -6,  -13,   -8,   -8,
      -8,  -24,  -12,   -5,   -5,   -5,  -12,   -6,  -24,   -8,   -8,  -14,  -22,   -5,  -10,  -21,
      -8,  -19,  -30,  -10,  -21,  -12,   -8,  -12,  -35,   -6,  -12,  -28,  -18,  -30,  -30,  -30,
     -34,  -81,  -32,  -20,  -30,  -25,  -29,  -12,  -30,  -28,  -22,  -29,  -32,  -17,  -18,  -17,
     -23,  -14,  -14,  -14,  -20,  -24,  -19,  -38,  -14,  -17,  -19,   -8,  -13,  -24,  -18,  -17,
     -19,  -84,  -42,   19,  -14,    5,   -3,   -3,   -3,  -10,   14,   -5,   -8,  -11,   -6,    3,
      -5,   -1,   -7,  -22,    1,   -5,  -31,   -6,  -30,   -9,  -17,  -12,   -6,   -6,  -20,   -6,
      -7,  -17,  -17,   -6,  -29,   -6,  -13,  -13,  -12,  -26,  -20,  -13,  -73,  -32,  -12,   -8,
     -12,  -35,   -6,  -12,  -28,  -18,  -30,  -30,  -30,  -34,  -38,  -32,  -20,  -30,  -25,  -29,
     -12,  -30,  -28,  -22,  -29,  -12,   -6,   -4,   -4,   -4,  -18,   -6,  -11,  -18,  -12,  -16,
     -11,  -10,  -14,  -10,  -22,  -30,  -13,  -14,   10,  -24,   -6,   -7,   -7,  -12,  -29,  -28,
     -36,    5,  -34,  -24,  -34,  -36,  -55,  -12,  -12,  -12,  -67,  -14,  -16,  -34,   -5,  -14,
     -34,  -24,   -6,  -34,   19,    7,    7,    7,   -6,  -12,   -5,  -10,    5,    2,    2,   -6,
       2,   29,  -12,  -12,  -11,  -17,  -11,  -12,   -6,  -18,  -12,   -6,   -6,   -9,  -11,   -4,
     -12,   -8,  -30,  -16,   -4,  -11,  -14,  -12,  -18,   -6,  -16,  -19,  -18,  -12,   36,   12,
      30,   24,  -12,   -6,  -18,  -18,   36,   12,   30,   30,  -12,  -36,  -12,   -6,   -6,   -6,
      -6,  -12,  -12,   -9,  -12,  -24,  -12,  -12,  -12,  -12,  -12,  -36,  -24,  -12,  -30,  -18,
     -42,  -18,  -30,   -6,  -11,  -12,  -12,  -12,  -30,  -18,  -12,  -18,   -6,   -6,   -6,   -6,
     -24,   -6,  -12,  -12,  -22,  -18,   -6,  -72,  -56,  -30,   30,  -12,  -12,  -12,  -18,  -18,
     -30,   -6,  -12,  -12,  -30,   -6,   -6,   18,  -15,   -6,  -12,   18,   12,   -9,   -9,  -18,
     -18,  -24,  -18,  -12,  -12,  -24,  -12,   -6,  -42,  -36,  -36,  -24,  -12,   -6,  -12,  -12,
     -27,  -30,  -30,  -15,  -12,  -36,  -12,   -6,   -6,  -18,   -6,  -12,   -6,   -6,  -12,   -6,
      -6,   -6,  -12,  -30,   -6,   -6,   -6,  -12,   -6,  -12,  -12,   -6,   -6,  -12,  -18,  -36,
     -30,  -24,   12,  -12,   12,   12,  -30,  -12,  -18,  -12,  -24,  -12,  -18,  -24,   -6,  -12,
     -12,  -12,  -30,  -42,  -36,  -42,  -12,  -24,   12,  -30,  -30,  -42,  -12,  -30,  -48,  -24,
     -24,   -6,  -12,  -12,   -6,   -6,  -24,  -12,  -20,   -6,   -1,  -18,  -18,  -12,  -12,  -12,
     -30,  -30,  -12,   -6,   -6,  -12,   -7,   -2,   -9,   -6,   -9,  -11,  -11,    6,  -13,   -7,
      -6,  -24,   -9,   -4,  -27,  -18,  -15,  -27,  -18,  -14,  -12,   -7,   -5,   -9,  -13,  -14,
      -3,  -12,  -24,  -15,   -5,  -31,  -11,  -11,  -12,  -12,  -15,  -11,  -12,  -12,  -11,  -11,
      -1,   -1,   -5,   -6,   -9,  -12,  -24,   -5,   -3,  -18,  -13,  -26,   -6,   -3,   -3,  -12,
     -11,  -16,  -15,   -6,   -9,   -5,  -18,   -6,   -5,  -17,   -9,   -9,  -12,   -9,  -12,  -18,
      -6,  -11,   -3,   -3,  -11,   -4,   -9,  -11,  -24,  -12,  -21,   -9,  -18,  -15,  -19,  -12,
     -13,  -17,   -6,  -18,   -9,  -17,  -12,    1,  -11,  -23,  -23,   -9,   -5,  -20,  -20,  -18,
      -9,   -6,  -30,  -18,  -12,  -36,  -30,  -24,  -12,  -24,   -6,   -6,  -12,  -65,  -28,    5,
     -24,  -15,  -18,   29,
};

static const EpdLigaturePair geist_ui_18_boldLigaturePairs[] = {
    { 0x00660066, 0xFB00 }, // f f -> U+FB00
    { 0x00660069, 0xFB01 }, // f i -> U+FB01
    { 0x0066006C, 0xFB02 }, // f l -> U+FB02
};

static const EpdFontData geist_ui_18_bold = {
    geist_ui_18_boldBitmaps,
    geist_ui_18_boldGlyphs,
    geist_ui_18_boldIntervals,
    52,
    49,
    38,
    -12,
    false,
    nullptr,
    0,
    nullptr,
    nullptr,  // kernLeftClasses: built-in fonts use the split arrays below
    nullptr,  // kernRightClasses
    geist_ui_18_boldKernLeftCodepoints,
    geist_ui_18_boldKernLeftClassIds,
    geist_ui_18_boldKernRightCodepoints,
    geist_ui_18_boldKernRightClassIds,
    nullptr,  // kernMatrix: built-in fonts use the sparse form below
    geist_ui_18_boldKernRowOffsets,
    geist_ui_18_boldKernSparseCols,
    geist_ui_18_boldKernSparseValues,
    600,
    654,
    116,
    118,
    geist_ui_18_boldLigaturePairs,
    3,
};
