/**
 * generated by fontconvert.py
 * name: geist_ui_10_bold
 * size: 10
 * mode: 1-bit mono
 * Command used: fontconvert.py geist_ui_10_bold 10 ../fontsrc/Geist-Bold.ttf ../builtinFonts/source/NotoSans/NotoSans-Bold.ttf ../builtinFonts/source/NotoSansHebrew/NotoSansHebrew-UIBold.ttf ../builtinFonts/source/NotoSansArabic/NotoSansArabic-UIBold.ttf --mono --autohint-font ../fontsrc/Geist-Bold.ttf --autohint-font ../builtinFonts/source/NotoSans/NotoSans-Bold.ttf --autohint-font ../builtinFonts/source/NotoSansHebrew/NotoSansHebrew-UIBold.ttf --additional-intervals 0x05D0,0x05EA --additional-intervals 0x060C,0x060C --additional-intervals 0x061B,0x061B --additional-intervals 0x061F,0x061F --additional-intervals 0x0621,0x0621 --additional-intervals 0x0640,0x0640 --additional-intervals 0x0660,0x0669 --additional-intervals 0x06BA,0x06BA --additional-intervals 0x06D4,0x06D4 --additional-intervals 0x06F0,0x06F9 --additional-intervals 0xFB56,0xFB59 --additional-intervals 0xFB66,0xFB69 --additional-intervals 0xFB7A,0xFB7D --additional-intervals 0xFB88,0xFB95 --additional-intervals 0xFB9E,0xFB9F --additional-intervals 0xFBA6,0xFBB1 --additional-intervals 0xFBFC,0xFBFF --additional-intervals 0xFE80,0xFEFC
 */
#pragma once
#include "EpdFontData.h"

static const uint8_t geist_ui_10_boldBitmaps[29310] = {
    0x00, 0x00, 0x00, 0xFF, 0xFF, 0xFF, 0xFC, 0x00, 0x3F, 0xEF, 0xDF, 0xBF, 0x7E, 0xFD, 0xC0, 0x1C,
    0xE1, 0xCE, 0x1C, 0xE1, 0xCE, 0x7F, 0xF7, 0xFF, 0x39, 0xC3, 0x9C, 0x39, 0xC3, 0x9C, 0xFF, 0xEF,
    0xFE, 0x31, 0x87, 0x38, 0x73, 0x87, 0x38, 0x06, 0x00, 0xC0, 0x7C, 0x3F, 0xCF, 0x7D, 0xCD, 0xB9,
    0xBF, 0xB0, 0xFE, 0x0F, 0xF0, 0xFF, 0x07, 0xF0, 0x7F, 0xCD, 0xF9, 0xBB, 0xBE, 0x7F, 0xC3, 0xE0,
    0x18, 0x03, 0x00, 0x3C, 0x0C, 0xEE, 0x18, 0xC6, 0x38, 0xC6, 0x30, 0xC6, 0x60, 0xEE, 0x60, 0x78,
    0xC0, 0x01, 0x80, 0x01, 0x80, 0x03, 0x3E, 0x06, 0x77, 0x06, 0x63, 0x0C, 0x63, 0x1C, 0x63, 0x18,
    0x77, 0x30, 0x3C, 0x0F, 0x00, 0xFC, 0x0E, 0x70, 0x73, 0x83, 0x9C, 0x1F, 0xE0, 0x7E, 0x07, 0xE0,
    0x7E, 0x03, 0xF9, 0xFC, 0xEF, 0xC7, 0xFE, 0x1F, 0x78, 0xF9, 0xFF, 0xC7, 0xFF, 0xFF, 0xFF, 0xC0,
    0x38, 0xE7, 0x1C, 0x73, 0x8E, 0x38, 0xE3, 0x8E, 0x38, 0xE3, 0x87, 0x1C, 0x70, 0xE3, 0x80, 0x71,
    0xC3, 0x8E, 0x38, 0x71, 0xC7, 0x1C, 0x71, 0xC7, 0x1C, 0x73, 0x8E, 0x39, 0xC7, 0x00, 0x28, 0xD8,
    0xE7, 0xFF, 0xE7, 0x1B, 0x14, 0x0E, 0x01, 0xC0, 0x38, 0x07, 0x0F, 0xFF, 0xFF, 0xC3, 0x80, 0x70,
    0x0E, 0x01, 0xC0, 0x38, 0x00, 0xFD, 0xAC, 0xFF, 0xFC, 0xFC, 0x03, 0x83, 0x81, 0xC0, 0xE0, 0xE0,
    0x70, 0x38, 0x3C, 0x1C, 0x0E, 0x0F, 0x07, 0x03, 0x83, 0xC1, 0xC0, 0xE0, 0xF0, 0x70, 0x38, 0x00,
    0x0F, 0x03, 0xFC, 0x79, 0xE7, 0x0E, 0xE0, 0x7E, 0x07, 0xE0, 0x7E, 0x07, 0xE0, 0x7E, 0x07, 0xE0,
    0x7E, 0x07, 0x70, 0xE7, 0x9E, 0x3F, 0xC0, 0xF0, 0x0C, 0x31, 0xC7, 0xFF, 0xF1, 0xC7, 0x1C, 0x71,
    0xC7, 0x1C, 0x71, 0xC7, 0x1F, 0x07, 0xF9, 0xC7, 0x78, 0x7E, 0x0E, 0x03, 0xC0, 0xF8, 0x3E, 0x1F,
    0xC7, 0xF1, 0xF8, 0x3E, 0x0F, 0x81, 0xE0, 0x3F, 0xFF, 0xFF, 0x1F, 0x87, 0xFC, 0x71, 0xEF, 0x0E,
    0x00, 0xE0, 0x0E, 0x01, 0xC0, 0xF8, 0x0F, 0xC0, 0x0E, 0x00, 0x70, 0x07, 0xE0, 0x7F, 0x0F, 0x7F,
    0xE1, 0xF8, 0x03, 0xC0, 0x3C, 0x07, 0xC0, 0xFC, 0x0F, 0xC1, 0xDC, 0x1D, 0xC3, 0x9C, 0x79, 0xC7,
    0x1C, 0xF1, 0xCF, 0xFF, 0xFF, 0xF0, 0x1C, 0x01, 0xC0, 0x1C, 0x7F, 0xCF, 0xFB, 0x80, 0x70, 0x0E,
    0x01, 0xDE, 0x3F, 0xF7, 0x8E, 0xE0, 0xE0, 0x1C, 0x03, 0x80, 0x7E, 0x0F, 0xE3, 0x9F, 0xE1, 0xF8,
    0x0F, 0x07, 0xF9, 0xE7, 0x38, 0x76, 0x01, 0xC0, 0x3B, 0xC7, 0xFE, 0xF1, 0xFC, 0x1F, 0x83, 0xF0,
    0x76, 0x0E, 0xE3, 0x8F, 0xF0, 0xF8, 0xFF, 0xFF, 0xFC, 0x07, 0x80, 0xE0, 0x38, 0x0F, 0x01, 0xC0,
    0x38, 0x0E, 0x01, 0xC0, 0x38, 0x0E, 0x01, 0xC0, 0x38, 0x07, 0x00, 0xE0, 0x0F, 0xC3, 0xFE, 0x78,
    0xF7, 0x07, 0x70, 0x77, 0x8F, 0x3F, 0xE3, 0xFC, 0x70, 0xEE, 0x07, 0xE0, 0x7E, 0x07, 0xE0, 0x7F,
    0x0E, 0x7F, 0xE1, 0xF8, 0x1F, 0x0F, 0xF1, 0xC7, 0x70, 0x6E, 0x0F, 0xC1, 0xF8, 0x3F, 0x8F, 0x7F,
    0xE3, 0xDC, 0x03, 0x80, 0x7E, 0x0C, 0xE3, 0x9F, 0xE0, 0xF8, 0xFC, 0x00, 0x00, 0xFC, 0xFC, 0x00,
    0x00, 0xFD, 0xAC, 0x00, 0xC1, 0xF1, 0xFD, 0xF8, 0xF8, 0x38, 0x0F, 0x81, 0xF8, 0x1F, 0x81, 0xF0,
    0x1C, 0x01, 0xFF, 0xFF, 0xF0, 0x00, 0x00, 0x00, 0x3F, 0xFF, 0xFC, 0xC0, 0x3C, 0x0F, 0xC0, 0xFC,
    0x07, 0xC0, 0x70, 0x7C, 0x7E, 0xFE, 0x3C, 0x0C, 0x00, 0x00, 0x1F, 0x07, 0xF9, 0xC7, 0x78, 0x7F,
    0x0E, 0x01, 0xC0, 0x78, 0x3E, 0x07, 0x81, 0xE0, 0x38, 0x07, 0x00, 0x00, 0x00, 0x03, 0x80, 0x70,
    0x03, 0xF8, 0x03, 0xFF, 0x81, 0xE0, 0x70, 0xE0, 0x0E, 0x70, 0x01, 0x98, 0xF6, 0x36, 0x7F, 0x8F,
    0x1C, 0xE3, 0xCE, 0x18, 0xF3, 0x86, 0x3C, 0xE1, 0x8F, 0x38, 0xE6, 0xC7, 0xFF, 0x98, 0xF3, 0xC7,
    0x00, 0x00, 0xE0, 0x20, 0x1F, 0xF8, 0x01, 0xFC, 0x00, 0x03, 0xC0, 0x0F, 0x80, 0x1F, 0x00, 0x3F,
    0x00, 0xEE, 0x01, 0xDC, 0x03, 0xBC, 0x0E, 0x38, 0x1C, 0x70, 0x38, 0xF0, 0xFF, 0xE1, 0xFF, 0xC3,
    0x81, 0xCE, 0x03, 0x9C, 0x07, 0x38, 0x0F, 0xFF, 0x8F, 0xFC, 0xE1, 0xEE, 0x0E, 0xE0, 0xEE, 0x0E,
    0xE1, 0xCF, 0xF8, 0xFF, 0xCE, 0x0E, 0xE0, 0x7E, 0x07, 0xE0, 0x7E, 0x0F, 0xFF, 0xEF, 0xF8, 0x0F,
    0xC0, 0xFF, 0x0E, 0x3C, 0xE0, 0xF7, 0x03, 0xF0, 0x03, 0x80, 0x1C, 0x00, 0xE0, 0x07, 0x00, 0x38,
    0x0E, 0xE0, 0x77, 0x07, 0x9C, 0x38, 0xFF, 0x81, 0xF8, 0xFF, 0x0F, 0xFC, 0xE1, 0xCE, 0x0E, 0xE0,
    0x6E, 0x07, 0xE0, 0x7E, 0x07, 0xE0, 0x7E, 0x07, 0xE0, 0x7E, 0x0F, 0xE0, 0xEE, 0x1E, 0xFF, 0xCF,
    0xF0, 0xFF, 0xFF, 0xFF, 0x80, 0x70, 0x0E, 0x01, 0xC0, 0x38, 0x07, 0xFE, 0xFF, 0xDC, 0x03, 0x80,
    0x70, 0x0E, 0x01, 0xC0, 0x3F, 0xFF, 0xFF, 0xFF, 0xFF, 0xFE, 0x03, 0x80, 0xE0, 0x38, 0x0E, 0x03,
    0xFF, 0xFF, 0xF8, 0x0E, 0x03, 0x80, 0xE0, 0x38, 0x0E, 0x03, 0x80, 0x0F, 0x80, 0xFF, 0x0E, 0x3C,
    0xE0, 0xE7, 0x03, 0xF0, 0x03, 0x80, 0x1C, 0x00, 0xE1, 0xFF, 0x0F, 0xF8, 0x0E, 0xE0, 0x77, 0x07,
    0x9C, 0x7C, 0xFF, 0xE1, 0xF3, 0xE0, 0x7E, 0x07, 0xE0, 0x7E, 0x07, 0xE0, 0x7E, 0x07, 0xE0, 0x7F,
    0xFF, 0xFF, 0xFE, 0x07, 0xE0, 0x7E, 0x07, 0xE0, 0x7E, 0x07, 0xE0, 0x7E, 0x07, 0xFF, 0xFF, 0xFF,
    0xFF, 0xFF, 0xFF, 0x00, 0xE0, 0x1C, 0x03, 0x80, 0x70, 0x0E, 0x01, 0xC0, 0x38, 0x07, 0x00, 0xE0,
    0x1C, 0x03, 0xF0, 0x7E, 0x0E, 0xE3, 0x9F, 0xE0, 0xF8, 0xE0, 0xFE, 0x1E, 0xE3, 0xCE, 0x38, 0xE7,
    0x8E, 0xF0, 0xFE, 0x0F, 0xE0, 0xFF, 0x0F, 0x70, 0xF7, 0x8E, 0x3C, 0xE1, 0xCE, 0x1E, 0xE0, 0xEE,
    0x0F, 0xE0, 0x38, 0x0E, 0x03, 0x80, 0xE0, 0x38, 0x0E, 0x03, 0x80, 0xE0, 0x38, 0x0E, 0x03, 0x80,
    0xE0, 0x38, 0x0F, 0xFF, 0xFF, 0xF0, 0x0F, 0xF8, 0x1F, 0xF8, 0x1F, 0xF8, 0x1F, 0xFC, 0x3F, 0xFC,
    0x3F, 0xFC, 0x3F, 0xEE, 0x77, 0xEE, 0x77, 0xEE, 0x77, 0xE7, 0xE7, 0xE7, 0xE7, 0xE7, 0xE7, 0xE3,
    0xC7, 0xE3, 0xC7, 0xE3, 0xC7, 0xF0, 0x7F, 0x07, 0xF8, 0x7F, 0x87, 0xFC, 0x7F, 0xC7, 0xEE, 0x7E,
    0xE7, 0xE7, 0x7E, 0x77, 0xE3, 0xFE, 0x3F, 0xE1, 0xFE, 0x1F, 0xE0, 0xFE, 0x0F, 0x0F, 0xC0, 0x7F,
    0x83, 0x87, 0x1C, 0x0E, 0x70, 0x3B, 0x80, 0x7E, 0x01, 0xF8, 0x07, 0xE0, 0x1F, 0x80, 0x7E, 0x01,
    0xDC, 0x0E, 0x70, 0x38, 0xE1, 0xC3, 0xFF, 0x03, 0xF0, 0xFF, 0x1F, 0xFB, 0x87, 0x70, 0x7E, 0x0F,
    0xC1, 0xF8, 0x3F, 0x0E, 0xFF, 0xDF, 0xE3, 0x80, 0x70, 0x0E, 0x01, 0xC0, 0x38, 0x07, 0x00, 0x0F,
    0xC0, 0x7F, 0x83, 0x87, 0x1C, 0x0E, 0x70, 0x3B, 0x80, 0x7E, 0x01, 0xF8, 0x07, 0xE0, 0x1F, 0x80,
    0x7E, 0x01, 0xDC, 0xEF, 0x71, 0xF8, 0xE3, 0xE1, 0xFF, 0x03, 0xFC, 0x00, 0x38, 0xFF, 0x8F, 0xFE,
    0xE0, 0xEE, 0x07, 0xE0, 0x7E, 0x07, 0xE0, 0x7E, 0x0E, 0xFF, 0xEF, 0xFE, 0xE0, 0xFE, 0x07, 0xE0,
    0x7E, 0x07, 0xE0, 0x7E, 0x07, 0x1F, 0x07, 0xFC, 0x71, 0xEE, 0x0E, 0xE0, 0x7F, 0x00, 0xFF, 0x07,
    0xFC, 0x3F, 0xE0, 0x7F, 0x00, 0xFE, 0x07, 0xE0, 0x77, 0x0E, 0x3F, 0xE1, 0xF8, 0xFF, 0xFF, 0xFF,
    0x07, 0x00, 0x70, 0x07, 0x00, 0x70, 0x07, 0x00, 0x70, 0x07, 0x00, 0x70, 0x07, 0x00, 0x70, 0x07,
    0x00, 0x70, 0x07, 0x00, 0x70, 0xE0, 0x7E, 0x07, 0xE0, 0x7E, 0x07, 0xE0, 0x7E, 0x07, 0xE0, 0x7E,
    0x07, 0xE0, 0x7E, 0x07, 0xE0, 0x7E, 0x07, 0xE0, 0x77, 0x0E, 0x3F, 0xC1, 0xF8, 0x70, 0x1E, 0xE0,
    0x39, 0xC0, 0x71, 0xC1, 0xE3, 0x83, 0x87, 0x07, 0x07, 0x1E, 0x0E, 0x38, 0x1C, 0x70, 0x1D, 0xE0,
    0x3B, 0x80, 0x77, 0x00, 0x7E, 0x00, 0xF8, 0x01, 0xF0, 0x01, 0xE0, 0xE0, 0xE0, 0xFC, 0x1C, 0x1F,
    0xC3, 0xC7, 0xB8, 0xF8, 0xF7, 0x1F, 0x1C, 0xE3, 0xE3, 0x9E, 0x6C, 0x71, 0xDD, 0xDE, 0x3B, 0xBB,
    0x87, 0x77, 0x70, 0xEC, 0x6E, 0x0F, 0x8F, 0xC1, 0xF1, 0xF0, 0x3E, 0x3E, 0x07, 0xC3, 0xC0, 0x70,
    0x78, 0x70, 0x3D, 0xE1, 0xE3, 0x87, 0x0F, 0x3C, 0x1E, 0xE0, 0x3F, 0x80, 0xFC, 0x01, 0xE0, 0x07,
    0x80, 0x3F, 0x00, 0xFE, 0x07, 0xB8, 0x3C, 0xF0, 0xE1, 0xE7, 0x87, 0x9C, 0x0F, 0xF0, 0x7B, 0x83,
    0x9E, 0x3C, 0x71, 0xC3, 0xDE, 0x0E, 0xE0, 0x7F, 0x01, 0xF0, 0x0F, 0x80, 0x38, 0x01, 0xC0, 0x0E,
    0x00, 0x70, 0x03, 0x80, 0x1C, 0x00, 0xE0, 0xFF, 0xFF, 0xFC, 0x07, 0x81, 0xE0, 0x78, 0x0F, 0x03,
    0xC0, 0x78, 0x1E, 0x03, 0x80, 0xF0, 0x3C, 0x07, 0x81, 0xE0, 0x3F, 0xFF, 0xFF, 0xFF, 0xFF, 0x87,
    0x0E, 0x1C, 0x38, 0x70, 0xE1, 0xC3, 0x87, 0x0E, 0x1C, 0x38, 0x70, 0xE1, 0xFF, 0xF8, 0xE0, 0x70,
    0x38, 0x0E, 0x07, 0x03, 0x80, 0xE0, 0x70, 0x38, 0x0E, 0x07, 0x03, 0x80, 0xE0, 0x70, 0x38, 0x0E,
    0x07, 0x03, 0x80, 0xE0, 0xFF, 0xFC, 0x38, 0x70, 0xE1, 0xC3, 0x87, 0x0E, 0x1C, 0x38, 0x70, 0xE1,
    0xC3, 0x87, 0x0F, 0xFF, 0xF8, 0x38, 0x3C, 0x3C, 0x7C, 0x6E, 0xE6, 0xC7, 0xFF, 0xFF, 0xF0, 0xE7,
    0x1F, 0x0F, 0xF1, 0xCF, 0x70, 0xE0, 0x1C, 0x7F, 0x9F, 0xF7, 0x8E, 0xE1, 0xDC, 0x7B, 0xFF, 0x9E,
    0x30, 0xE0, 0x1C, 0x03, 0x80, 0x70, 0x0E, 0xF1, 0xFF, 0xBC, 0x77, 0x07, 0xE0, 0xFC, 0x1F, 0x83,
    0xF0, 0x7E, 0x0F, 0xE3, 0xBF, 0xF7, 0x78, 0x1F, 0x07, 0xF9, 0xC7, 0x70, 0xFE, 0x01, 0xC0, 0x38,
    0x07, 0x07, 0xE1, 0xEE, 0x38, 0xFF, 0x0F, 0x80, 0x00, 0xE0, 0x1C, 0x03, 0x80, 0x71, 0xEE, 0xFF,
    0xDC, 0x7F, 0x07, 0xE0, 0xFC, 0x1F, 0x83, 0xF0, 0x7E, 0x0E, 0xE3, 0xDF, 0xF8, 0xF7, 0x1F, 0x07,
    0xF1, 0xC7, 0x70, 0x7E, 0x0F, 0xFF, 0xFF, 0xFF, 0x00, 0xE0, 0x0E, 0x38, 0xFF, 0x0F, 0x80, 0x1F,
    0x3F, 0x38, 0x38, 0xFF, 0xFF, 0x38, 0x38, 0x38, 0x38, 0x38, 0x38, 0x38, 0x38, 0x38, 0x38, 0x1E,
    0xEF, 0xFD, 0xC7, 0xF0, 0x7E, 0x0F, 0xC1, 0xF8, 0x3F, 0x07, 0x71, 0xEF, 0xFC, 0x7B, 0x80, 0x77,
    0x1E, 0xFF, 0x87, 0xC0, 0xE0, 0x38, 0x0E, 0x03, 0x80, 0xEF, 0x3F, 0xEF, 0x3F, 0x87, 0xE1, 0xF8,
    0x7E, 0x1F, 0x87, 0xE1, 0xF8, 0x7E, 0x1F, 0x87, 0xFC, 0x0F, 0xFF, 0xFF, 0xFF, 0xFF, 0x1C, 0x70,
    0x00, 0x1C, 0x71, 0xC7, 0x1C, 0x71, 0xC7, 0x1C, 0x71, 0xC7, 0x1F, 0xFF, 0x80, 0xE0, 0x1C, 0x03,
    0x80, 0x70, 0x0E, 0x1D, 0xC7, 0xB9, 0xE7, 0x78, 0xFE, 0x1F, 0xC3, 0xFC, 0x7B, 0x8E, 0x39, 0xC7,
    0x38, 0x77, 0x0F, 0xE7, 0x39, 0xCE, 0x73, 0x9C, 0xE7, 0x39, 0xCE, 0x73, 0xEF, 0xEF, 0x3C, 0xFF,
    0x7E, 0xF7, 0xCF, 0xE3, 0x87, 0xE3, 0x87, 0xE3, 0x87, 0xE3, 0x87, 0xE3, 0x87, 0xE3, 0x87, 0xE3,
    0x87, 0xE3, 0x87, 0xE3, 0x87, 0xEF, 0x3F, 0xEF, 0x3F, 0xC7, 0xE1, 0xF8, 0x7E, 0x1F, 0x87, 0xE1,
    0xF8, 0x7E, 0x1F, 0x87, 0x1F, 0x07, 0xF1, 0xC7, 0x70, 0x7E, 0x0F, 0xC1, 0xF8, 0x3F, 0x07, 0xE0,
    0xEE, 0x38, 0xFE, 0x0F, 0x80, 0xEF, 0x1F, 0xFB, 0xC7, 0x70, 0x7E, 0x0F, 0xC1, 0xF8, 0x3F, 0x07,
    0xE0, 0xFE, 0x3B, 0xFF, 0x77, 0x8E, 0x01, 0xC0, 0x38, 0x00, 0x1E, 0xEF, 0xFD, 0xC7, 0xF0, 0x7E,
    0x0F, 0xC1, 0xF8, 0x3F, 0x07, 0xE0, 0xEE, 0x3D, 0xFF, 0x8F, 0x70, 0x0E, 0x01, 0xC0, 0x38, 0xEF,
    0xFF, 0xC7, 0x0E, 0x1C, 0x38, 0x70, 0xE1, 0xC3, 0x87, 0x00, 0x3F, 0x1F, 0xEE, 0x3F, 0x87, 0xF0,
    0x3F, 0xC3, 0xF8, 0x1F, 0xE1, 0xF8, 0x77, 0xF8, 0xFC, 0x38, 0x38, 0x38, 0xFF, 0xFF, 0x38, 0x38,
    0x38, 0x38, 0x38, 0x38, 0x38, 0x38, 0x3F, 0x1F, 0xE1, 0xF8, 0x7E, 0x1F, 0x87, 0xE1, 0xF8, 0x7E,
    0x1F, 0x87, 0xE1, 0xFC, 0xF7, 0xFC, 0xF7, 0x70, 0x77, 0x07, 0x70, 0xE3, 0x8E, 0x38, 0xE3, 0x9C,
    0x1D, 0xC1, 0xDC, 0x1F, 0x80, 0xF8, 0x0F, 0x80, 0xF0, 0x71, 0xC3, 0xB8, 0xE1, 0xDC, 0x79, 0xEE,
    0x3C, 0xE3, 0xBE, 0x71, 0xDF, 0x38, 0xED, 0xD8, 0x36, 0x7C, 0x1F, 0x3E, 0x0F, 0x1F, 0x07, 0x8F,
    0x01, 0xC3, 0x80, 0xF0, 0xE7, 0x1E, 0x39, 0xC3, 0xF8, 0x1F, 0x80, 0xF0, 0x0F, 0x01, 0xF8, 0x3B,
    0x83, 0x9C, 0x71, 0xEF, 0x0E, 0xE0, 0xEE, 0x1D, 0xC3, 0xB8, 0xE3, 0x9C, 0x73, 0x8E, 0xE0, 0xFC,
    0x1F, 0x83, 0xE0, 0x3C, 0x07, 0x80, 0xE0, 0x7C, 0x0F, 0x00, 0xFF, 0xFF, 0xF0, 0x3C, 0x1E, 0x0F,
    0x07, 0x81, 0xC0, 0xF0, 0x78, 0x3C, 0x0F, 0xFF, 0xFF, 0x0F, 0x1F, 0x3C, 0x38, 0x38, 0x38, 0x38,
    0x38, 0xF0, 0xF0, 0x70, 0x38, 0x38, 0x38, 0x38, 0x38, 0x3C, 0x1F, 0x0F, 0xFF, 0xFF, 0xFF, 0xFF,
    0xFF, 0xFF, 0xFF, 0x80, 0xF0, 0xF8, 0x3C, 0x1C, 0x1C, 0x1C, 0x1C, 0x1C, 0x0F, 0x0F, 0x0E, 0x1C,
    0x1C, 0x1C, 0x1C, 0x1C, 0x3C, 0xF8, 0xF0, 0x71, 0xBC, 0xF3, 0xD8, 0xE0, 0x00, 0xFC, 0x01, 0xFF,
    0xFF, 0xFF, 0xF8, 0x06, 0x00, 0xC0, 0x7C, 0x1F, 0xE7, 0x5D, 0xCB, 0xF9, 0x07, 0x20, 0xE4, 0x1D,
    0x9F, 0xB7, 0xBE, 0xE3, 0xFC, 0x3E, 0x03, 0x00, 0x60, 0x1F, 0x87, 0xF9, 0xE7, 0xB8, 0x77, 0x00,
    0xE0, 0x1E, 0x07, 0xF8, 0xFF, 0x07, 0x00, 0xE0, 0x1C, 0x07, 0x00, 0xC0, 0x3F, 0xFF, 0xFF, 0xC0,
    0x7F, 0xFD, 0xFF, 0x38, 0xE6, 0x0C, 0xC1, 0x98, 0x33, 0x8E, 0x7F, 0xDF, 0xFF, 0x01, 0x80, 0xF0,
    0x7F, 0x83, 0x9C, 0x3C, 0x71, 0xC3, 0x9E, 0x0E, 0xE0, 0x77, 0x01, 0xF0, 0x3F, 0xF1, 0xFF, 0x81,
    0xC0, 0x7F, 0xE3, 0xFF, 0x03, 0x80, 0x1C, 0x00, 0xE0, 0xFF, 0xFF, 0xFF, 0x00, 0x7F, 0xFF, 0xFF,
    0x80, 0x3F, 0x1F, 0xEE, 0x3F, 0x87, 0xF0, 0x1F, 0xC7, 0xFB, 0x8F, 0xE1, 0xFC, 0x77, 0xF8, 0xFE,
    0x03, 0xF8, 0x7F, 0x1D, 0xFE, 0x3F, 0x00, 0xEF, 0xDC, 0x07, 0xC0, 0x3F, 0xE0, 0xE0, 0xE3, 0x9E,
    0xE6, 0x7E, 0xDD, 0xCD, 0xF3, 0x19, 0xE6, 0x03, 0xCC, 0x67, 0x9C, 0xCF, 0x9F, 0xBB, 0x1E, 0x67,
    0x01, 0xC7, 0x07, 0x07, 0xFC, 0x03, 0xE0, 0x3C, 0x66, 0x1E, 0x7E, 0x66, 0x7F, 0x1C, 0xF3, 0x9E,
    0x73, 0xCF, 0x38, 0xE7, 0x0F, 0x38, 0x73, 0xC3, 0x9E, 0x1C, 0xF0, 0xFF, 0xFF, 0xC0, 0x60, 0x30,
    0x18, 0x0C, 0xFF, 0xC0, 0x0F, 0x03, 0x0C, 0x40, 0x25, 0xF2, 0x99, 0x99, 0x99, 0x9F, 0x19, 0xB1,
    0x59, 0xA4, 0x02, 0x30, 0xC0, 0xF0, 0xFF, 0xF0, 0x38, 0xFB, 0xBE, 0x3C, 0x7D, 0xDF, 0x1C, 0x1C,
    0x07, 0x01, 0xC0, 0x70, 0xFF, 0xFF, 0xF1, 0xC0, 0x70, 0x1C, 0x07, 0x00, 0x03, 0xFF, 0xFF, 0xC0,
    0x7B, 0x30, 0xC7, 0x7B, 0xCC, 0x3F, 0x7B, 0x30, 0xCE, 0x0C, 0x3C, 0xDE, 0x7E, 0xE1, 0xF8, 0x7E,
    0x1F, 0x87, 0xE1, 0xF8, 0x7E, 0x1F, 0x87, 0xE1, 0xFC, 0xFF, 0xFF, 0xF7, 0xE0, 0x38, 0x0E, 0x00,
    0x1F, 0xF3, 0xFF, 0x7F, 0x77, 0xF7, 0xFF, 0x77, 0xF7, 0x7F, 0x73, 0xF7, 0x1F, 0x70, 0x77, 0x07,
    0x70, 0x77, 0x07, 0x70, 0x77, 0x07, 0x70, 0x77, 0xFC, 0x30, 0xE0, 0xD3, 0x78, 0x33, 0xF3, 0x33,
    0x33, 0x7D, 0x8F, 0x1E, 0x3C, 0x6F, 0x80, 0xE7, 0x87, 0x3C, 0x39, 0xE3, 0xCE, 0x1C, 0x73, 0xCE,
    0x39, 0xE7, 0x3C, 0xE7, 0x80, 0x30, 0x18, 0x30, 0x30, 0xF0, 0x30, 0x30, 0x60, 0x30, 0x40, 0x30,
    0xC0, 0x31, 0x80, 0x31, 0x1C, 0x03, 0x1C, 0x06, 0x1C, 0x06, 0x3C, 0x0C, 0x2C, 0x08, 0x6C, 0x18,
    0x7F, 0x30, 0x0C, 0x30, 0x0C, 0x30, 0x18, 0x30, 0x30, 0xF0, 0x30, 0x30, 0x60, 0x30, 0xC0, 0x30,
    0xC0, 0x31, 0x80, 0x31, 0x1E, 0x03, 0x33, 0x06, 0x03, 0x04, 0x07, 0x0C, 0x1C, 0x18, 0x30, 0x18,
    0x3F, 0x30, 0x3F, 0x78, 0x06, 0x66, 0x06, 0x03, 0x06, 0x01, 0x83, 0x03, 0x83, 0x00, 0x63, 0x03,
    0x31, 0x80, 0xF1, 0x8E, 0x00, 0x87, 0x00, 0xC7, 0x80, 0xC2, 0xC0, 0x43, 0x60, 0x63, 0x30, 0x61,
    0xFC, 0x20, 0x0C, 0x20, 0x06, 0x0E, 0x01, 0xC0, 0x00, 0x00, 0x00, 0xE0, 0x1C, 0x0F, 0x83, 0xE0,
    0xF8, 0x1C, 0x03, 0x87, 0xF0, 0xFF, 0x1C, 0xFF, 0x07, 0xC0, 0x07, 0x00, 0x07, 0x00, 0x00, 0x00,
    0x00, 0x00, 0x3C, 0x00, 0xF8, 0x01, 0xF0, 0x03, 0xF0, 0x0E, 0xE0, 0x1D, 0xC0, 0x3B, 0xC0, 0xE3,
    0x81, 0xC7, 0x03, 0x8F, 0x0F, 0xFE, 0x1F, 0xFC, 0x38, 0x1C, 0xE0, 0x39, 0xC0, 0x73, 0x80, 0xF0,
    0x01, 0xC0, 0x07, 0x00, 0x00, 0x00, 0x1E, 0x00, 0x7C, 0x00, 0xF8, 0x01, 0xF8, 0x07, 0x70, 0x0E,
    0xE0, 0x1D, 0xE0, 0x71, 0xC0, 0xE3, 0x81, 0xC7, 0x87, 0xFF, 0x0F, 0xFE, 0x1C, 0x0E, 0x70, 0x1C,
    0xE0, 0x39, 0xC0, 0x78, 0x03, 0xC0, 0x0D, 0xC0, 0x00, 0x00, 0x1E, 0x00, 0x7C, 0x00, 0xF8, 0x01,
    0xF8, 0x07, 0x70, 0x0E, 0xE0, 0x1D, 0xE0, 0x71, 0xC0, 0xE3, 0x81, 0xC7, 0x87, 0xFF, 0x0F, 0xFE,
    0x1C, 0x0E, 0x70, 0x1C, 0xE0, 0x39, 0xC0, 0x78, 0x07, 0x60, 0x1F, 0xC0, 0x37, 0x00, 0x00, 0x00,
    0x3C, 0x00, 0xF8, 0x01, 0xF0, 0x03, 0xF0, 0x0E, 0xE0, 0x1D, 0xC0, 0x3B, 0xC0, 0xE3, 0x81, 0xC7,
    0x03, 0x8F, 0x0F, 0xFE, 0x1F, 0xFC, 0x38, 0x3C, 0xE0, 0x39, 0xC0, 0x73, 0x80, 0xF0, 0x1D, 0xC0,
    0xEE, 0x00, 0x00, 0x0E, 0x00, 0xF8, 0x07, 0xC0, 0x3E, 0x03, 0xB8, 0x1D, 0xC0, 0xEE, 0x0E, 0x38,
    0x71, 0xC3, 0x8E, 0x3F, 0xF9, 0xFF, 0xCE, 0x0E, 0xE0, 0x7F, 0x01, 0xF8, 0x0E, 0x03, 0x00, 0x1A,
    0x00, 0x68, 0x00, 0xC0, 0x00, 0x00, 0x1E, 0x00, 0x78, 0x03, 0xF0, 0x0F, 0xC0, 0x3F, 0x01, 0xDE,
    0x07, 0x38, 0x1C, 0xE0, 0xF3, 0xC3, 0x87, 0x0F, 0xFC, 0x7F, 0xF9, 0xC0, 0xE7, 0x03, 0xBC, 0x0F,
    0xE0, 0x1C, 0x00, 0xFF, 0xF8, 0x07, 0xFF, 0xC0, 0x77, 0x00, 0x03, 0x38, 0x00, 0x39, 0xC0, 0x01,
    0xCE, 0x00, 0x1C, 0x70, 0x00, 0xE3, 0xFF, 0x0E, 0x1F, 0xF8, 0x70, 0xE0, 0x07, 0xFF, 0x00, 0x3F,
    0xF8, 0x03, 0x81, 0xC0, 0x1C, 0x0E, 0x01, 0xE0, 0x7F, 0xEE, 0x03, 0xFF, 0x0F, 0xC0, 0x7F, 0xC3,
    0x87, 0x9C, 0x0E, 0x70, 0x3F, 0x80, 0x0E, 0x00, 0x38, 0x00, 0xE0, 0x03, 0x80, 0x0E, 0x01, 0xDC,
    0x0F, 0x70, 0x38, 0xE1, 0xE1, 0xFF, 0x03, 0xF0, 0x03, 0x80, 0x07, 0x00, 0x4C, 0x01, 0xE0, 0x1C,
    0x01, 0x80, 0x00, 0x00, 0x0F, 0xFF, 0xFF, 0xF8, 0x07, 0x00, 0xE0, 0x1C, 0x03, 0x80, 0x7F, 0xEF,
    0xFD, 0xC0, 0x38, 0x07, 0x00, 0xE0, 0x1C, 0x03, 0xFF, 0xFF, 0xF0, 0x06, 0x01, 0x80, 0x00, 0x7F,
    0xFF, 0xFF, 0xC0, 0x38, 0x07, 0x00, 0xE0, 0x1C, 0x03, 0xFF, 0x7F, 0xEE, 0x01, 0xC0, 0x38, 0x07,
    0x00, 0xE0, 0x1F, 0xFF, 0xFF, 0x80, 0x1E, 0x06, 0x60, 0x00, 0x7F, 0xFF, 0xFF, 0xC0, 0x38, 0x07,
    0x00, 0xE0, 0x1C, 0x03, 0xFF, 0x7F, 0xEE, 0x01, 0xC0, 0x38, 0x07, 0x00, 0xE0, 0x1F, 0xFF, 0xFF,
    0x80, 0x73, 0x8E, 0x70, 0x00, 0x7F, 0xFF, 0xFF, 0xC0, 0x38, 0x07, 0x00, 0xE0, 0x1C, 0x03, 0xFF,
    0x7F, 0xEE, 0x01, 0xC0, 0x38, 0x07, 0x00, 0xE0, 0x1F, 0xFF, 0xFF, 0x80, 0xE7, 0x00, 0x77, 0x77,
    0x77, 0x77, 0x77, 0x77, 0x77, 0x77, 0x7E, 0x0E, 0xEE, 0xEE, 0xEE, 0xEE, 0xEE, 0xEE, 0xEE, 0xE0,
    0x38, 0xD8, 0x01, 0xC3, 0x87, 0x0E, 0x1C, 0x38, 0x70, 0xE1, 0xC3, 0x87, 0x0E, 0x1C, 0x38, 0x70,
    0xE0, 0xEF, 0xDC, 0x01, 0xC3, 0x87, 0x0E, 0x1C, 0x38, 0x70, 0xE1, 0xC3, 0x87, 0x0E, 0x1C, 0x38,
    0x70, 0xE0, 0x3F, 0xC0, 0xFF, 0xC3, 0x87, 0x0E, 0x0E, 0x38, 0x18, 0xE0, 0x73, 0x81, 0xFF, 0xE7,
    0xFF, 0x9C, 0xE0, 0x73, 0x81, 0xCE, 0x0F, 0x38, 0x38, 0xE1, 0xE3, 0xFF, 0x0F, 0xF0, 0x0C, 0xC1,
    0xF8, 0x13, 0x80, 0x00, 0xF0, 0x7F, 0x07, 0xF8, 0x7F, 0x87, 0xFC, 0x7F, 0xC7, 0xEE, 0x7E, 0xE7,
    0xE7, 0x7E, 0x77, 0xE3, 0xFE, 0x3F, 0xE1, 0xFE, 0x1F, 0xE0, 0xFE, 0x0F, 0x06, 0x00, 0x1C, 0x00,
    0x00, 0x00, 0x00, 0x0F, 0xC0, 0x7F, 0x83, 0x87, 0x1C, 0x0E, 0x70, 0x3B, 0x80, 0x7E, 0x01, 0xF8,
    0x07, 0xE0, 0x1F, 0x80, 0x7E, 0x01, 0xDC, 0x0E, 0x70, 0x38, 0xE1, 0xC3, 0xFF, 0x03, 0xF0, 0x03,
    0x80, 0x0C, 0x00, 0x00, 0x00, 0x00, 0x0F, 0xC0, 0x7F, 0x83, 0x87, 0x1C, 0x0E, 0x70, 0x3B, 0x80,
    0x7E, 0x01, 0xF8, 0x07, 0xE0, 0x1F, 0x80, 0x7E, 0x01, 0xDC, 0x0E, 0x70, 0x38, 0xE1, 0xC3, 0xFF,
    0x03, 0xF0, 0x07, 0x80, 0x33, 0x00, 0x00, 0x00, 0x00, 0x0F, 0xC0, 0x7F, 0x83, 0x87, 0x1C, 0x0E,
    0x70, 0x3B, 0x80, 0x7E, 0x01, 0xF8, 0x07, 0xE0, 0x1F, 0x80, 0x7E, 0x01, 0xDC, 0x0E, 0x70, 0x38,
    0xE1, 0xC3, 0xFF, 0x03, 0xF0, 0x0E, 0x60, 0x3F, 0x01, 0x9C, 0x00, 0x00, 0x0F, 0xC0, 0x7F, 0x83,
    0x87, 0x1C, 0x0E, 0x70, 0x3B, 0x80, 0x7E, 0x01, 0xF8, 0x07, 0xE0, 0x1F, 0x80, 0x7E, 0x01, 0xDC,
    0x0E, 0x70, 0x38, 0xE1, 0xC3, 0xFF, 0x03, 0xF0, 0x1C, 0xE0, 0x73, 0x80, 0x00, 0x00, 0x00, 0x0F,
    0xC0, 0x7F, 0x83, 0x87, 0x1C, 0x0E, 0x70, 0x3B, 0x80, 0x7E, 0x01, 0xF8, 0x07, 0xE0, 0x1F, 0x80,
    0x7E, 0x01, 0xDC, 0x0E, 0x70, 0x38, 0xE1, 0xC3, 0xFF, 0x03, 0xF0, 0x41, 0x71, 0xDD, 0xE7, 0xE1,
    0xE1, 0xF1, 0xFD, 0xEF, 0xE3, 0xA0, 0x80, 0x0F, 0xD8, 0x7F, 0xC3, 0x87, 0x1C, 0x1E, 0x70, 0xFB,
    0x83, 0x7E, 0x19, 0xF8, 0xC7, 0xE3, 0x1F, 0x98, 0x7E, 0xC1, 0xDF, 0x0E, 0x78, 0x38, 0xE1, 0xC3,
    0xFF, 0x1B, 0xF0, 0x0C, 0x00, 0xE0, 0x00, 0x00, 0x00, 0xE0, 0x7E, 0x07, 0xE0, 0x7E, 0x07, 0xE0,
    0x7E, 0x07, 0xE0, 0x7E, 0x07, 0xE0, 0x7E, 0x07, 0xE0, 0x7E, 0x07, 0xE0, 0x77, 0x0E, 0x3F, 0xC1,
    0xF8, 0x07, 0x00, 0x60, 0x00, 0x00, 0x00, 0xE0, 0x7E, 0x07, 0xE0, 0x7E, 0x07, 0xE0, 0x7E, 0x07,
    0xE0, 0x7E, 0x07, 0xE0, 0x7E, 0x07, 0xE0, 0x7E, 0x07, 0xE0, 0x77, 0x0E, 0x3F, 0xC1, 0xF8, 0x0F,
    0x01, 0x98, 0x00, 0x00, 0x00, 0xE0, 0x7E, 0x07, 0xE0, 0x7E, 0x07, 0xE0, 0x7E, 0x07, 0xE0, 0x7E,
    0x07, 0xE0, 0x7E, 0x07, 0xE0, 0x7E, 0x07, 0xE0, 0x77, 0x0E, 0x3F, 0xC1, 0xF8, 0x39, 0xC3, 0x9C,
    0x00, 0x00, 0x00, 0xE0, 0x7E, 0x07, 0xE0, 0x7E, 0x07, 0xE0, 0x7E, 0x07, 0xE0, 0x7E, 0x07, 0xE0,
    0x7E, 0x07, 0xE0, 0x7E, 0x07, 0xE0, 0x77, 0x0E, 0x3F, 0xC1, 0xF8, 0x03, 0x80, 0x38, 0x00, 0x01,
    0xE0, 0xF7, 0x07, 0x3C, 0x78, 0xE3, 0x87, 0xBC, 0x1D, 0xC0, 0xFE, 0x03, 0xE0, 0x1F, 0x00, 0x70,
    0x03, 0x80, 0x1C, 0x00, 0xE0, 0x07, 0x00, 0x38, 0x01, 0xC0, 0xE0, 0x1C, 0x03, 0x80, 0x70, 0x0F,
    0xF9, 0xFF, 0xB8, 0x7F, 0x07, 0xE0, 0xFC, 0x3F, 0xFF, 0x7F, 0x8E, 0x01, 0xC0, 0x38, 0x07, 0x00,
    0x1F, 0x87, 0xFC, 0x71, 0xEE, 0x0E, 0xE0, 0xEE, 0x0E, 0xE1, 0xCE, 0xF8, 0xEF, 0xCE, 0x0E, 0xE0,
    0x7E, 0x07, 0xE0, 0x7E, 0x0F, 0xEF, 0xEE, 0xF8, 0x1C, 0x01, 0x80, 0x00, 0x0F, 0x87, 0xF8, 0xE7,
    0xB8, 0x70, 0x0E, 0x3F, 0xCF, 0xFB, 0xC7, 0x70, 0xEE, 0x3D, 0xFF, 0xCF, 0x18, 0x07, 0x01, 0xC0,
    0x00, 0x00, 0x01, 0xF0, 0xFF, 0x1C, 0xF7, 0x0E, 0x01, 0xC7, 0xF9, 0xFF, 0x78, 0xEE, 0x1D, 0xC7,
    0xBF, 0xF9, 0xE3, 0x00, 0x03, 0xC0, 0xCC, 0x00, 0x01, 0xF0, 0xFF, 0x1C, 0xF7, 0x0E, 0x01, 0xC7,
    0xF9, 0xFF, 0x78, 0xEE, 0x1D, 0xC7, 0xBF, 0xF9, 0xE3, 0x3F, 0x87, 0xE0, 0x00, 0x00, 0x01, 0xF0,
    0xFF, 0x1C, 0xF7, 0x0E, 0x01, 0xC7, 0xF9, 0xFF, 0x78, 0xEE, 0x1D, 0xC7, 0xBF, 0xF9, 0xE3, 0x3B,
    0x87, 0x70, 0x00, 0x00, 0x01, 0xF0, 0xFF, 0x1C, 0xF7, 0x0E, 0x01, 0xC7, 0xF9, 0xFF, 0x78, 0xEE,
    0x1D, 0xC7, 0xBF, 0xF9, 0xE3, 0x0C, 0x03, 0x40, 0x68, 0x06, 0x00, 0x00, 0x3E, 0x1F, 0xE3, 0x9E,
    0xE1, 0xC0, 0x38, 0xFF, 0x3F, 0xEF, 0x1D, 0xC3, 0xB8, 0xF7, 0xFF, 0x3C, 0x60, 0x1F, 0x3E, 0x1F,
    0xFF, 0xC7, 0x3E, 0x3B, 0x87, 0x87, 0x01, 0xC1, 0xC7, 0xFF, 0xF7, 0xFF, 0xFF, 0xC7, 0x00, 0xE1,
    0xC0, 0x38, 0xF8, 0xEF, 0xF7, 0xF8, 0xF0, 0xF8, 0x1F, 0x07, 0xF9, 0xC7, 0x70, 0xFE, 0x01, 0xC0,
    0x38, 0x07, 0x07, 0xE1, 0xEE, 0x38, 0xFF, 0x0F, 0x80, 0xC0, 0x1E, 0x00, 0xC0, 0x98, 0x1E, 0x00,
    0x1C, 0x01, 0xC0, 0x00, 0x0F, 0x83, 0xF8, 0xE3, 0xB8, 0x3F, 0x07, 0xFF, 0xFF, 0xFF, 0x80, 0x70,
    0x07, 0x1C, 0x7F, 0x87, 0xC0, 0x07, 0x01, 0xC0, 0x00, 0x00, 0x01, 0xF0, 0x7F, 0x1C, 0x77, 0x07,
    0xE0, 0xFF, 0xFF, 0xFF, 0xF0, 0x0E, 0x00, 0xE3, 0x8F, 0xF0, 0xF8, 0x00, 0x03, 0xE0, 0xE6, 0x00,
    0x01, 0xF0, 0x7F, 0x1C, 0x77, 0x07, 0xE0, 0xFF, 0xFF, 0xFF, 0xF0, 0x0E, 0x00, 0xE3, 0x8F, 0xF0,
    0xF8, 0x3B, 0x87, 0x70, 0x00, 0x00, 0x01, 0xF0, 0x7F, 0x1C, 0x77, 0x07, 0xE0, 0xFF, 0xFF, 0xFF,
    0xF0, 0x0E, 0x00, 0xE3, 0x8F, 0xF0, 0xF8, 0xE7, 0x00, 0x77, 0x77, 0x77, 0x77, 0x77, 0x77, 0x7E,
    0x00, 0xEE, 0xEE, 0xEE, 0xEE, 0xEE, 0xEE, 0x38, 0xD8, 0x00, 0x03, 0x87, 0x0E, 0x1C, 0x38, 0x70,
    0xE1, 0xC3, 0x87, 0x0E, 0x1C, 0xEF, 0xDC, 0x00, 0x03, 0x87, 0x0E, 0x1C, 0x38, 0x70, 0xE1, 0xC3,
    0x87, 0x0E, 0x1C, 0x1C, 0x43, 0xFC, 0x3E, 0x0F, 0xE0, 0x1C, 0x3F, 0x9F, 0xFB, 0x8F, 0xE0, 0xFC,
    0x1F, 0x83, 0xF0, 0x7E, 0x0E, 0xE3, 0x9F, 0xF0, 0xF8, 0x3F, 0x8F, 0xC0, 0x00, 0x00, 0xEF, 0x3F,
    0xEF, 0x3F, 0xC7, 0xE1, 0xF8, 0x7E, 0x1F, 0x87, 0xE1, 0xF8, 0x7E, 0x1F, 0x87, 0x1C, 0x01, 0xC0,
    0x00, 0x0F, 0x83, 0xF8, 0xE3, 0xB8, 0x3F, 0x07, 0xE0, 0xFC, 0x1F, 0x83, 0xF0, 0x77, 0x1C, 0x7F,
    0x07, 0xC0, 0x07, 0x01, 0xC0, 0x00, 0x00, 0x01, 0xF0, 0x7F, 0x1C, 0x77, 0x07, 0xE0, 0xFC, 0x1F,
    0x83, 0xF0, 0x7E, 0x0E, 0xE3, 0x8F, 0xE0, 0xF8, 0x04, 0x03, 0x60, 0x44, 0x00, 0x01, 0xF0, 0x7F,
    0x1C, 0x77, 0x07, 0xE0, 0xFC, 0x1F, 0x83, 0xF0, 0x7E, 0x0E, 0xE3, 0x8F, 0xE0, 0xF8, 0x1F, 0x87,
    0xE0, 0x00, 0x00, 0x01, 0xF0, 0x7F, 0x1C, 0x77, 0x07, 0xE0, 0xFC, 0x1F, 0x83, 0xF0, 0x7E, 0x0E,
    0xE3, 0x8F, 0xE0, 0xF8, 0x3B, 0x87, 0x70, 0x00, 0x00, 0x01, 0xF0, 0x7F, 0x1C, 0x77, 0x07, 0xE0,
    0xFC, 0x1F, 0x83, 0xF0, 0x7E, 0x0E, 0xE3, 0x8F, 0xE0, 0xF8, 0x0E, 0x03, 0x80, 0x00, 0x00, 0x00,
    0x3F, 0xFF, 0xFC, 0x00, 0x00, 0x00, 0x00, 0xE0, 0x38, 0x1F, 0xC7, 0xF9, 0xC7, 0x71, 0xFE, 0x2F,
    0xCD, 0xFB, 0x3F, 0x47, 0xF8, 0xEE, 0x39, 0xFE, 0x3F, 0x80, 0x38, 0x07, 0x00, 0x03, 0x87, 0xE1,
    0xF8, 0x7E, 0x1F, 0x87, 0xE1, 0xF8, 0x7E, 0x1F, 0x87, 0xF3, 0xDF, 0xF3, 0xDC, 0x0E, 0x03, 0x00,
    0x00, 0x00, 0xE1, 0xF8, 0x7E, 0x1F, 0x87, 0xE1, 0xF8, 0x7E, 0x1F, 0x87, 0xE1, 0xFC, 0xF7, 0xFC,
    0xF7, 0x00, 0x07, 0x83, 0x30, 0x00, 0xE1, 0xF8, 0x7E, 0x1F, 0x87, 0xE1, 0xF8, 0x7E, 0x1F, 0x87,
    0xE1, 0xFC, 0xF7, 0xFC, 0xF7, 0x73, 0x9C, 0xE0, 0x00, 0x00, 0xE1, 0xF8, 0x7E, 0x1F, 0x87, 0xE1,
    0xF8, 0x7E, 0x1F, 0x87, 0xE1, 0xFC, 0xF7, 0xFC, 0xF7, 0x07, 0x00, 0xC0, 0x00, 0x00, 0x0E, 0x0E,
    0xE1, 0xDC, 0x3B, 0x8E, 0x39, 0xC7, 0x38, 0xEE, 0x0F, 0xC1, 0xF8, 0x3E, 0x03, 0xC0, 0x78, 0x0E,
    0x07, 0xC0, 0xF0, 0x00, 0xE0, 0x1C, 0x03, 0x80, 0x70, 0x0E, 0xF1, 0xFF, 0x3C, 0x77, 0x07, 0xE0,
    0xFC, 0x1F, 0x83, 0xF0, 0x7E, 0x0F, 0xE3, 0xBF, 0xE7, 0x78, 0xE0, 0x1C, 0x03, 0x80, 0x00, 0x39,
    0xC3, 0x9C, 0x00, 0x00, 0x00, 0xE0, 0x77, 0x0E, 0x70, 0xE7, 0x0E, 0x39, 0xC3, 0x9C, 0x39, 0xC1,
    0xF8, 0x1F, 0x81, 0xF8, 0x0F, 0x00, 0xF0, 0x0F, 0x03, 0xE0, 0x3C, 0x00, 0x0F, 0xC0, 0x3F, 0x00,
    0x00, 0x01, 0xE0, 0x07, 0x80, 0x3F, 0x00, 0xFC, 0x03, 0xF0, 0x1C, 0xE0, 0x73, 0x81, 0xCE, 0x0F,
    0x3C, 0x38, 0x70, 0xFF, 0xC7, 0xFF, 0x9C, 0x0E, 0x70, 0x3B, 0xC0, 0xFE, 0x01, 0xC0, 0x3F, 0x07,
    0xE0, 0x00, 0x00, 0x01, 0xF0, 0xFF, 0x3C, 0xF7, 0x0E, 0x01, 0xC7, 0xF9, 0xFF, 0x78, 0xEE, 0x1D,
    0xC7, 0xBF, 0xF9, 0xE3, 0x0C, 0xC0, 0x3F, 0x00, 0x78, 0x00, 0x00, 0x07, 0x80, 0x1E, 0x00, 0xFC,
    0x03, 0xF0, 0x0F, 0xC0, 0x73, 0x81, 0xCE, 0x07, 0x38, 0x3C, 0xF0, 0xE1, 0xC3, 0xFF, 0x1F, 0xFE,
    0x70, 0x39, 0xC0, 0xE7, 0x03, 0xF8, 0x07, 0x31, 0x06, 0x60, 0xFC, 0x0F, 0x00, 0x00, 0x3E, 0x1F,
    0xE3, 0x9E, 0xE1, 0xC0, 0x38, 0xFF, 0x3F, 0xEF, 0x1D, 0xC3, 0xB8, 0xF7, 0xFF, 0x3C, 0x60, 0x03,
    0xC0, 0x07, 0xC0, 0x07, 0xC0, 0x07, 0xE0, 0x0E, 0xE0, 0x0E, 0xE0, 0x0E, 0xF0, 0x1C, 0x70, 0x1C,
    0x78, 0x1C, 0x78, 0x3F, 0xF8, 0x3F, 0xFC, 0x38, 0x1C, 0x70, 0x1C, 0x70, 0x1E, 0x70, 0x1E, 0x00,
    0x0E, 0x00, 0x1C, 0x00, 0x1C, 0x00, 0x1F, 0x00, 0x0F, 0x1F, 0x0F, 0xF1, 0xCF, 0x70, 0xE0, 0x1C,
    0x7F, 0x9F, 0xF7, 0x8E, 0xE1, 0xDC, 0x7B, 0xFF, 0x3E, 0x60, 0x0C, 0x03, 0x80, 0x70, 0x0E, 0x00,
    0xE0, 0x03, 0x80, 0x18, 0x00, 0x00, 0x00, 0x00, 0xFC, 0x0F, 0xF0, 0xE3, 0xCE, 0x0F, 0x70, 0x3F,
    0x00, 0x38, 0x01, 0xC0, 0x0E, 0x00, 0x70, 0x03, 0x80, 0xEE, 0x07, 0x70, 0x79, 0xC3, 0x8F, 0xF8,
    0x1F, 0x80, 0x07, 0x01, 0xC0, 0x00, 0x00, 0x01, 0xF0, 0x7F, 0x9C, 0x77, 0x0F, 0xE0, 0x1C, 0x03,
    0x80, 0x70, 0x7E, 0x1E, 0xE3, 0x8F, 0xF0, 0xF8, 0x07, 0x80, 0x6E, 0x00, 0x00, 0x00, 0x00, 0xFC,
    0x0F, 0xF0, 0xE3, 0xCE, 0x0F, 0x70, 0x3F, 0x00, 0x38, 0x01, 0xC0, 0x0E, 0x00, 0x70, 0x03, 0x80,
    0xEE, 0x07, 0x70, 0x79, 0xC3, 0x8F, 0xF8, 0x1F, 0x80, 0x04, 0x03, 0x40, 0x4C, 0x00, 0x01, 0xF0,
    0x7F, 0x9C, 0x77, 0x0F, 0xE0, 0x1C, 0x03, 0x80, 0x70, 0x7E, 0x1E, 0xE3, 0x8F, 0xF0, 0xF8, 0x07,
    0x00, 0x38, 0x00, 0x00, 0x00, 0x00, 0xFC, 0x1F, 0xF0, 0xE3, 0xCE, 0x0E, 0x70, 0x7F, 0x00, 0x38,
    0x01, 0xC0, 0x0E, 0x00, 0x70, 0x03, 0x80, 0xEE, 0x0F, 0x70, 0x71, 0xC7, 0x8F, 0xF8, 0x1F, 0x00,
    0x0E, 0x01, 0xC0, 0x00, 0x00, 0x01, 0xF0, 0x7F, 0x1C, 0x77, 0x0F, 0xE0, 0x1C, 0x03, 0x80, 0x70,
    0x7E, 0x1E, 0xE3, 0x8F, 0xE0, 0xF8, 0x0D, 0xC0, 0x3C, 0x00, 0x00, 0x00, 0x00, 0xFC, 0x0F, 0xF0,
    0xE3, 0xCE, 0x0F, 0x70, 0x3F, 0x00, 0x38, 0x01, 0xC0, 0x0E, 0x00, 0x70, 0x03, 0x80, 0xEE, 0x07,
    0x70, 0x79, 0xC3, 0x8F, 0xF8, 0x1F, 0x80, 0x3B, 0x03, 0xC0, 0x00, 0x0F, 0x83, 0xFC, 0xE3, 0xB8,
    0x7F, 0x00, 0xE0, 0x1C, 0x03, 0x83, 0xF0, 0xF7, 0x1C, 0x7F, 0x87, 0xC0, 0x33, 0x01, 0xE0, 0x00,
    0x0F, 0xF0, 0xFF, 0xCE, 0x1C, 0xE0, 0xEE, 0x06, 0xE0, 0x7E, 0x07, 0xE0, 0x7E, 0x07, 0xE0, 0x7E,
    0x07, 0xE0, 0xFE, 0x0E, 0xE1, 0xEF, 0xFC, 0xFF, 0x00, 0x00, 0xEE, 0x01, 0xDC, 0x03, 0xB8, 0x07,
    0x71, 0xEE, 0xCF, 0xFD, 0x9C, 0x78, 0x70, 0x70, 0xE0, 0xE1, 0xC1, 0xC3, 0x83, 0x87, 0x07, 0x0E,
    0x0E, 0x0E, 0x3C, 0x1F, 0xF8, 0x0F, 0x70, 0x3F, 0xC0, 0xFF, 0xC3, 0x87, 0x0E, 0x0E, 0x38, 0x18,
    0xE0, 0x73, 0x81, 0xFF, 0xE7, 0xFF, 0x9C, 0xE0, 0x73, 0x81, 0xCE, 0x0F, 0x38, 0x38, 0xE1, 0xE3,
    0xFF, 0x0F, 0xF0, 0x00, 0xE0, 0x3F, 0xC1, 0xFE, 0x01, 0xC1, 0xEE, 0x3F, 0xF1, 0xC7, 0x9C, 0x1C,
    0xE0, 0xE7, 0x07, 0x38, 0x39, 0xC1, 0xCE, 0x0E, 0x38, 0xF1, 0xFF, 0x83, 0xDC, 0x3F, 0x07, 0xE0,
    0x00, 0x7F, 0xFF, 0xFF, 0xC0, 0x38, 0x07, 0x00, 0xE0, 0x1C, 0x03, 0xFF, 0x7F, 0xEE, 0x01, 0xC0,
    0x38, 0x07, 0x00, 0xE0, 0x1F, 0xFF, 0xFF, 0x80, 0x1F, 0x83, 0xF0, 0x00, 0x00, 0x01, 0xF0, 0x7F,
    0x1C, 0x77, 0x07, 0xE0, 0xFF, 0xFF, 0xFF, 0xF0, 0x0E, 0x00, 0xE3, 0xCF, 0xF0, 0xF8, 0x41, 0xB0,
    0xCF, 0xC3, 0xC0, 0x00, 0x03, 0xFF, 0xFF, 0xE0, 0x70, 0x38, 0x1C, 0x0F, 0xFF, 0xFF, 0x81, 0xC0,
    0xE0, 0x70, 0x38, 0x1F, 0xFF, 0xF8, 0x60, 0x8F, 0xF0, 0x78, 0x00, 0x01, 0xF0, 0x7F, 0x9C, 0x77,
    0x07, 0xE0, 0xFF, 0xFF, 0xFF, 0xF0, 0x0E, 0x00, 0xE0, 0x8F, 0xF0, 0xFC, 0x0E, 0x01, 0xC0, 0x00,
    0x7F, 0xFF, 0xFF, 0xC0, 0x38, 0x07, 0x00, 0xE0, 0x1C, 0x03, 0xFF, 0x7F, 0xEE, 0x01, 0xC0, 0x38,
    0x07, 0x00, 0xE0, 0x1F, 0xFF, 0xFF, 0x80, 0x0E, 0x01, 0xC0, 0x00, 0x00, 0x01, 0xF0, 0x7F, 0x1C,
    0x77, 0x07, 0xE0, 0xFF, 0xFF, 0xFF, 0xF0, 0x0E, 0x00, 0xE3, 0x8F, 0xF0, 0xF8, 0xFF, 0xFF, 0xFF,
    0x80, 0x70, 0x0E, 0x01, 0xC0, 0x38, 0x07, 0xFE, 0xFF, 0xDC, 0x03, 0x80, 0x70, 0x0E, 0x01, 0xC0,
    0x3F, 0xFF, 0xFF, 0x01, 0xC0, 0x30, 0x0E, 0x01, 0xF0, 0x1E, 0x1F, 0x07, 0xF1, 0xC7, 0x70, 0x7E,
    0x0F, 0xFF, 0xFF, 0xFF, 0x00, 0xE0, 0x0E, 0x38, 0xFF, 0x0F, 0xC0, 0x38, 0x0E, 0x01, 0xC0, 0x3C,
    0x03, 0x80, 0x33, 0x03, 0xC0, 0x00, 0x7F, 0xFF, 0xFF, 0xC0, 0x38, 0x07, 0x00, 0xE0, 0x1C, 0x03,
    0xFF, 0x7F, 0xEE, 0x01, 0xC0, 0x38, 0x07, 0x00, 0xE0, 0x1F, 0xFF, 0xFF, 0x80, 0x3B, 0x83, 0xE0,
    0x00, 0x0F, 0x83, 0xF8, 0xE3, 0xB8, 0x3F, 0x07, 0xFF, 0xFF, 0xFF, 0x80, 0x70, 0x07, 0x1C, 0x7F,
    0x87, 0xC0, 0x07, 0x80, 0x6E, 0x00, 0x00, 0x00, 0x00, 0xF8, 0x0F, 0xF0, 0xE3, 0xCE, 0x0E, 0x70,
    0x3F, 0x00, 0x38, 0x01, 0xC0, 0x0E, 0x1F, 0xF0, 0xFF, 0x80, 0xEE, 0x07, 0x70, 0x79, 0xC7, 0xCF,
    0xFE, 0x1F, 0x30, 0x0F, 0x03, 0x30, 0x00, 0x00, 0x01, 0xEE, 0xFF, 0xDC, 0x7F, 0x07, 0xE0, 0xFC,
    0x1F, 0x83, 0xF0, 0x77, 0x1E, 0xFF, 0xC7, 0xB8, 0x07, 0x71, 0xEF, 0xF8, 0x7C, 0x00, 0x0C, 0xC0,
    0x7E, 0x01, 0xE0, 0x00, 0x00, 0xFC, 0x0F, 0xF0, 0xE1, 0xCE, 0x0F, 0x70, 0x3F, 0x00, 0x38, 0x01,
    0xC0, 0x0E, 0x1F, 0xF0, 0xFF, 0x80, 0xEE, 0x07, 0x70, 0x79, 0xC7, 0xCF, 0xFE, 0x1F, 0x30, 0x11,
    0x82, 0x30, 0x7E, 0x07, 0x80, 0x00, 0x3D, 0xDF, 0xFB, 0x8F, 0xE0, 0xFC, 0x1F, 0x83, 0xF0, 0x7E,
    0x0E, 0xE3, 0xDF, 0xF8, 0xF7, 0x00, 0xEE, 0x3D, 0xFF, 0x0F, 0x80, 0x03, 0x80, 0x1C, 0x00, 0x00,
    0x00, 0x00, 0xF8, 0x0F, 0xF0, 0xE1, 0xCE, 0x0E, 0x70, 0x3F, 0x00, 0x38, 0x01, 0xC0, 0x0E, 0x1F,
    0xF0, 0xFF, 0x80, 0xEE, 0x07, 0x70, 0x39, 0xC3, 0xCF, 0xFE, 0x1F, 0x30, 0x0E, 0x01, 0xC0, 0x00,
    0x00, 0x01, 0xEE, 0xFF, 0xDC, 0x7F, 0x07, 0xE0, 0xFC, 0x1F, 0x83, 0xF0, 0x77, 0x1E, 0xFF, 0xC7,
    0xB8, 0x07, 0x71, 0xEF, 0xF8, 0x7C, 0x00, 0x0F, 0x80, 0xFF, 0x0E, 0x1C, 0xE0, 0x67, 0x03, 0xF0,
    0x03, 0x80, 0x1C, 0x00, 0xE1, 0xFF, 0x0F, 0xF8, 0x0E, 0xE0, 0x77, 0x03, 0x9C, 0x3C, 0xFF, 0xE1,
    0xF3, 0x00, 0x00, 0x1C, 0x00, 0xE0, 0x07, 0x00, 0x30, 0x00, 0x06, 0x01, 0x80, 0x38, 0x07, 0x00,
    0x00, 0x00, 0x07, 0xBB, 0xFF, 0x71, 0xFC, 0x1F, 0x83, 0xF0, 0x7E, 0x0F, 0xC1, 0xDC, 0x7B, 0xFF,
    0x1E, 0xE0, 0x1D, 0xC7, 0xBF, 0xE1, 0xF0, 0x0F, 0x01, 0x98, 0x00, 0x0E, 0x07, 0xE0, 0x7E, 0x07,
    0xE0, 0x7E, 0x07, 0xE0, 0x7E, 0x07, 0xFF, 0xFF, 0xFF, 0xE0, 0x7E, 0x07, 0xE0, 0x7E, 0x07, 0xE0,
    0x7E, 0x07, 0xE0, 0x70, 0x38, 0x06, 0xE0, 0x00, 0x00, 0x00, 0x38, 0x03, 0x80, 0x38, 0x03, 0x80,
    0x3B, 0xC3, 0xFE, 0x3C, 0xF3, 0x87, 0x38, 0x73, 0x87, 0x38, 0x73, 0x87, 0x38, 0x73, 0x87, 0x38,
    0x73, 0x87, 0x38, 0x1C, 0x38, 0x1C, 0xFF, 0xFF, 0xFF, 0xFF, 0x38, 0x1C, 0x38, 0x1C, 0x38, 0x1C,
    0x3F, 0xFC, 0x3F, 0xFC, 0x38, 0x1C, 0x38, 0x1C, 0x38, 0x1C, 0x38, 0x1C, 0x38, 0x1C, 0x38, 0x1C,
    0x38, 0x1C, 0x38, 0x0F, 0xF0, 0xFF, 0x03, 0x80, 0x3B, 0xC3, 0xFE, 0x3C, 0xF3, 0x87, 0x38, 0x73,
    0x87, 0x38, 0x73, 0x87, 0x38, 0x73, 0x87, 0x38, 0x73, 0x87, 0x77, 0xFF, 0x70, 0x03, 0x87, 0x0E,
    0x1C, 0x38, 0x70, 0xE1, 0xC3, 0x87, 0x0E, 0x1C, 0x38, 0x70, 0xE1, 0xC0, 0x7F, 0xF8, 0x00, 0x03,
    0x87, 0x0E, 0x1C, 0x38, 0x70, 0xE1, 0xC3, 0x87, 0x0E, 0x1C, 0xFF, 0xF0, 0x0E, 0x38, 0xE3, 0x8E,
    0x38, 0xE3, 0x8E, 0x38, 0xE3, 0x8E, 0x38, 0xE3, 0x80, 0xFF, 0xF0, 0x00, 0x38, 0xE3, 0x8E, 0x38,
    0xE3, 0x8E, 0x38, 0xE3, 0x8E, 0x83, 0xC7, 0x7E, 0x3C, 0x00, 0x00, 0xFE, 0xFE, 0x38, 0x38, 0x38,
    0x38, 0x38, 0x38, 0x38, 0x38, 0x38, 0x38, 0x38, 0xFE, 0xFE, 0xC3, 0xFF, 0x3C, 0x00, 0x38, 0x38,
    0x38, 0x38, 0x38, 0x38, 0x38, 0x38, 0x38, 0x38, 0x38, 0x38, 0x73, 0x9C, 0xE7, 0x39, 0xCE, 0x73,
    0x9C, 0xE7, 0x39, 0xCE, 0x73, 0x39, 0xE7, 0x80, 0x73, 0x80, 0x07, 0x39, 0xCE, 0x73, 0x9C, 0xE7,
    0x39, 0xCE, 0x73, 0x39, 0xE7, 0x80, 0xFC, 0x7F, 0xFF, 0xFF, 0xFF, 0xFF, 0xFF, 0x80, 0xFF, 0xFF,
    0xFF, 0xFF, 0xF0, 0xE0, 0x07, 0xE0, 0x07, 0xE0, 0x07, 0xE0, 0x07, 0xE0, 0x07, 0xE0, 0x07, 0xE0,
    0x07, 0xE0, 0x07, 0xE0, 0x07, 0xE0, 0x07, 0xE0, 0x07, 0xE3, 0x87, 0xE3, 0x87, 0xE1, 0xCE, 0xE1,
    0xFE, 0xE0, 0x78, 0xE3, 0xF1, 0xC0, 0x00, 0x0E, 0x3F, 0x1F, 0x8F, 0xC7, 0xE3, 0xF1, 0xF8, 0xFC,
    0x7E, 0x3F, 0x1F, 0x8F, 0xC7, 0x03, 0x87, 0xC3, 0xC0, 0x00, 0xE0, 0x1D, 0x80, 0x00, 0x00, 0x00,
    0x0E, 0x00, 0x70, 0x03, 0x80, 0x1C, 0x00, 0xE0, 0x07, 0x00, 0x38, 0x01, 0xC0, 0x0E, 0x00, 0x70,
    0x03, 0x9C, 0x1C, 0xE0, 0xE3, 0x8E, 0x1F, 0xE0, 0x3E, 0x00, 0x08, 0x14, 0x36, 0x00, 0x1C, 0x1C,
    0x1C, 0x1C, 0x1C, 0x1C, 0x1C, 0x1C, 0x1C, 0x1C, 0x1C, 0x1C, 0x1C, 0xFC, 0xF8, 0xE0, 0xFE, 0x1E,
    0xE3, 0xCE, 0x38, 0xE7, 0x0E, 0xF0, 0xFE, 0x0F, 0xE0, 0xFE, 0x0F, 0xF0, 0xE7, 0x8E, 0x38, 0xE3,
    0xCE, 0x1E, 0xE0, 0xEE, 0x0F, 0x00, 0x00, 0xE0, 0x0E, 0x00, 0x60, 0x0C, 0x00, 0xE0, 0x0E, 0x00,
    0xE0, 0x0E, 0x00, 0xE1, 0xEE, 0x3C, 0xE7, 0x8E, 0xF0, 0xFF, 0x0F, 0xE0, 0xFF, 0x0F, 0x78, 0xE3,
    0x8E, 0x1C, 0xE1, 0xEE, 0x0E, 0x00, 0x00, 0xE0, 0x0E, 0x00, 0xE0, 0x0C, 0x00, 0xE1, 0xFC, 0x7B,
    0x8E, 0x73, 0x8E, 0xE1, 0xF8, 0x3F, 0x87, 0xF8, 0xE7, 0x9C, 0x73, 0x87, 0x70, 0xF0, 0x70, 0x38,
    0x00, 0x03, 0x80, 0xE0, 0x38, 0x0E, 0x03, 0x80, 0xE0, 0x38, 0x0E, 0x03, 0x80, 0xE0, 0x38, 0x0E,
    0x03, 0x80, 0xE0, 0x3F, 0xFF, 0xFC, 0x77, 0x39, 0xCE, 0x73, 0x9C, 0xE7, 0x39, 0xCE, 0x73, 0x9C,
    0xFB, 0xC0, 0xE0, 0x38, 0x0E, 0x03, 0x80, 0xE0, 0x38, 0x0E, 0x03, 0x80, 0xE0, 0x38, 0x0E, 0x03,
    0x80, 0xE0, 0x38, 0x0F, 0xFF, 0xFF, 0x00, 0x07, 0x01, 0xC0, 0x30, 0x18, 0x00, 0xE7, 0x39, 0xCE,
    0x73, 0x9C, 0xE7, 0x39, 0xCE, 0x73, 0xEF, 0x03, 0x9C, 0xE6, 0x00, 0xE1, 0xF8, 0x6E, 0x1B, 0x86,
    0xE3, 0xB8, 0xEE, 0x03, 0x80, 0xE0, 0x38, 0x0E, 0x03, 0x80, 0xE0, 0x38, 0x0F, 0xFF, 0xFF, 0xE7,
    0xE6, 0xE6, 0xE6, 0xEE, 0xEE, 0xE0, 0xE0, 0xE0, 0xE0, 0xE0, 0xE0, 0xE0, 0xE0, 0xF8, 0x78, 0xE0,
    0x70, 0x38, 0x1C, 0x0E, 0x07, 0x1F, 0x8F, 0xC7, 0xE0, 0x70, 0x38, 0x1C, 0x0E, 0x07, 0xFF, 0xFE,
    0xE1, 0xC3, 0x87, 0x0E, 0x1C, 0x3B, 0xF7, 0xEF, 0xC3, 0x87, 0x0E, 0x1C, 0x38, 0x70, 0x38, 0x03,
    0x80, 0x38, 0x03, 0x80, 0x38, 0x03, 0xB0, 0x3F, 0x03, 0xE0, 0x7C, 0x0F, 0x80, 0xF8, 0x03, 0x80,
    0x38, 0x03, 0x80, 0x3F, 0xF3, 0xFF, 0x38, 0x70, 0xE1, 0xC3, 0x87, 0x4F, 0xBE, 0xF9, 0xF0, 0xE1,
    0xC3, 0x87, 0x0F, 0x8F, 0x03, 0x00, 0x70, 0x00, 0x0F, 0x07, 0xF0, 0x7F, 0x87, 0xF8, 0x7F, 0xC7,
    0xFC, 0x7E, 0xE7, 0xEE, 0x7E, 0x77, 0xE7, 0x7E, 0x3F, 0xE3, 0xFE, 0x1F, 0xE1, 0xFE, 0x0F, 0xE0,
    0xF0, 0x06, 0x03, 0x80, 0x00, 0x00, 0xEF, 0x3F, 0xEF, 0x3F, 0xC7, 0xE1, 0xF8, 0x7E, 0x1F, 0x87,
    0xE1, 0xF8, 0x7E, 0x1F, 0x87, 0xF0, 0x7F, 0x07, 0xF8, 0x7F, 0x87, 0xFC, 0x7F, 0xC7, 0xEE, 0x7E,
    0xE7, 0xE7, 0x7E, 0x77, 0xE3, 0xFE, 0x3F, 0xE1, 0xFE, 0x1F, 0xE0, 0xFE, 0x07, 0x00, 0x00, 0x70,
    0x07, 0x00, 0x70, 0x06, 0x00, 0xEF, 0x3F, 0xEF, 0x3F, 0xC7, 0xE1, 0xF8, 0x7E, 0x1F, 0x87, 0xE1,
    0xF8, 0x7E, 0x1F, 0x87, 0x00, 0x07, 0x01, 0xC0, 0x30, 0x18, 0x00, 0x19, 0x80, 0xF0, 0x00, 0x0F,
    0x07, 0xF0, 0x7F, 0x87, 0xF8, 0x7F, 0xC7, 0xFC, 0x7E, 0xE7, 0xEE, 0x7E, 0x77, 0xE7, 0x7E, 0x3F,
    0xE3, 0xFE, 0x1F, 0xE1, 0xFE, 0x0F, 0xE0, 0xF0, 0x33, 0x07, 0x80, 0x00, 0x00, 0xEF, 0x3F, 0xEF,
    0x3F, 0xC7, 0xE1, 0xF8, 0x7E, 0x1F, 0x87, 0xE1, 0xF8, 0x7E, 0x1F, 0x87, 0x70, 0x01, 0x80, 0x0E,
    0x00, 0x3B, 0x3C, 0xCF, 0xF8, 0x3C, 0xF0, 0xE1, 0xC3, 0x87, 0x0E, 0x1C, 0x38, 0x70, 0xE1, 0xC3,
    0x87, 0x0E, 0x1C, 0x38, 0x70, 0xE1, 0xC0, 0xF0, 0x7F, 0x07, 0xF8, 0x7F, 0x87, 0xFC, 0x7F, 0xC7,
    0xEE, 0x7E, 0xE7, 0xE7, 0x7E, 0x77, 0xE3, 0xFE, 0x3F, 0xE1, 0xFE, 0x1F, 0xE0, 0xFE, 0x0F, 0x00,
    0x70, 0x3F, 0x03, 0xE0, 0xEF, 0x3F, 0xEF, 0x3F, 0xC7, 0xE1, 0xF8, 0x7E, 0x1F, 0x87, 0xE1, 0xF8,
    0x7E, 0x1F, 0x87, 0x01, 0xC3, 0xF0, 0xF8, 0x0F, 0xC0, 0x3F, 0x00, 0x00, 0x00, 0x00, 0x0F, 0xC0,
    0x7F, 0x83, 0x87, 0x1C, 0x0E, 0x70, 0x3B, 0x80, 0x7E, 0x01, 0xF8, 0x07, 0xE0, 0x1F, 0x80, 0x7E,
    0x01, 0xDC, 0x0E, 0x70, 0x38, 0xE1, 0xC3, 0xFF, 0x03, 0xF0, 0x1F, 0x83, 0xF0, 0x00, 0x00, 0x01,
    0xF0, 0x7F, 0x1C, 0x77, 0x07, 0xE0, 0xFC, 0x1F, 0x83, 0xF0, 0x7E, 0x0E, 0xE3, 0x8F, 0xE0, 0xF8,
    0x18, 0x20, 0x61, 0x80, 0xFC, 0x01, 0xE0, 0x00, 0x00, 0x00, 0x00, 0xFC, 0x0F, 0xFC, 0x7F, 0xF9,
    0xE1, 0xEF, 0x03, 0xF8, 0x07, 0xE0, 0x1F, 0x80, 0x7E, 0x01, 0xF8, 0x07, 0xF0, 0x3D, 0xE1, 0xE7,
    0xFF, 0x8F, 0xFC, 0x0F, 0xC0, 0x30, 0xC7, 0xF8, 0x3C, 0x00, 0x01, 0xF0, 0x7F, 0x1C, 0x77, 0x07,
    0xE0, 0xFC, 0x1F, 0x83, 0xF0, 0x7E, 0x0E, 0xE3, 0x8F, 0xE0, 0xF8, 0x07, 0x60, 0x3B, 0x80, 0x00,
    0x00, 0x00, 0x0F, 0xC0, 0x7F, 0x83, 0x87, 0x1C, 0x0E, 0x70, 0x3B, 0x80, 0x7E, 0x01, 0xF8, 0x07,
    0xE0, 0x1F, 0x80, 0x7E, 0x01, 0xDC, 0x0E, 0x70, 0x38, 0xE1, 0xC3, 0xFF, 0x03, 0xF0, 0x1D, 0xC3,
    0x70, 0x00, 0x00, 0x01, 0xF0, 0x7F, 0x1C, 0x77, 0x07, 0xE0, 0xFC, 0x1F, 0x83, 0xF0, 0x7E, 0x0E,
    0xE3, 0x8F, 0xE0, 0xF8, 0x0F, 0xDF, 0xF9, 0xFF, 0xFF, 0xCE, 0x1F, 0x00, 0xE0, 0x78, 0x0F, 0x03,
    0xC0, 0x70, 0x0E, 0x03, 0x80, 0x70, 0x1C, 0x03, 0xFF, 0xE0, 0x1F, 0xFF, 0x00, 0xE0, 0x38, 0x07,
    0x00, 0xE0, 0x78, 0x07, 0x03, 0xC0, 0x1C, 0x3E, 0x00, 0xFF, 0xFF, 0xE1, 0xFB, 0xFF, 0x1F, 0x1F,
    0x07, 0xF7, 0xF1, 0xC7, 0xC7, 0x70, 0x70, 0x7E, 0x0E, 0x0F, 0xC1, 0xFF, 0xF8, 0x3F, 0xFF, 0x07,
    0x00, 0xE0, 0xE0, 0x0E, 0x3E, 0x38, 0xFE, 0xFF, 0x0F, 0x8F, 0x80, 0x07, 0x00, 0x60, 0x00, 0x0F,
    0xF8, 0xFF, 0xEE, 0x0E, 0xE0, 0x7E, 0x07, 0xE0, 0x7E, 0x07, 0xE0, 0xEF, 0xFE, 0xFF, 0xEE, 0x0F,
    0xE0, 0x7E, 0x07, 0xE0, 0x7E, 0x07, 0xE0, 0x70, 0x1C, 0x70, 0x00, 0x0E, 0xFF, 0xFC, 0x70, 0xE1,
    0xC3, 0x87, 0x0E, 0x1C, 0x38, 0x70, 0xFF, 0x8F, 0xFE, 0xE0, 0xEE, 0x07, 0xE0, 0x7E, 0x07, 0xE0,
    0xFF, 0xFE, 0xFF, 0xCE, 0x0E, 0xE0, 0x7E, 0x07, 0xE0, 0x7E, 0x07, 0xE0, 0x7E, 0x07, 0x00, 0x00,
    0xE0, 0x0E, 0x00, 0x60, 0x0C, 0x00, 0xEF, 0xFF, 0xC7, 0x0E, 0x1C, 0x38, 0x70, 0xE1, 0xC3, 0x87,
    0x00, 0x1C, 0x38, 0x30, 0xC0, 0x19, 0x80, 0xF0, 0x00, 0x0F, 0xF8, 0xFF, 0xEE, 0x0E, 0xE0, 0x7E,
    0x07, 0xE0, 0x7E, 0x07, 0xE0, 0xEF, 0xFE, 0xFF, 0xEE, 0x0F, 0xE0, 0x7E, 0x07, 0xE0, 0x7E, 0x07,
    0xE0, 0x70, 0xEC, 0xF0, 0x00, 0x0E, 0xFF, 0xFC, 0x70, 0xE1, 0xC3, 0x87, 0x0E, 0x1C, 0x38, 0x70,
    0x07, 0x00, 0xE0, 0x00, 0x00, 0x00, 0x1F, 0x07, 0xFC, 0x71, 0xEE, 0x0E, 0xE0, 0x7F, 0x00, 0xFF,
    0x07, 0xFC, 0x3F, 0xE0, 0x7F, 0x00, 0xFE, 0x07, 0xE0, 0x77, 0x0E, 0x3F, 0xE1, 0xF8, 0x0E, 0x03,
    0x00, 0x00, 0x00, 0x3F, 0x1F, 0xEE, 0x3F, 0x87, 0xF0, 0x3F, 0xC3, 0xF8, 0x1F, 0xE1, 0xF8, 0x77,
    0xF8, 0xFC, 0x1F, 0x03, 0xB8, 0x00, 0x00, 0x00, 0x1F, 0x07, 0xFC, 0x71, 0xEE, 0x0E, 0xE0, 0x7F,
    0x00, 0xFF, 0x07, 0xFC, 0x3F, 0xE0, 0x7F, 0x00, 0xFE, 0x07, 0xE0, 0x77, 0x0E, 0x3F, 0xE1, 0xF8,
    0x00, 0x07, 0x83, 0x30, 0x00, 0x3F, 0x1F, 0xEE, 0x3F, 0x87, 0xF0, 0x3F, 0xC3, 0xF8, 0x1F, 0xE1,
    0xF8, 0x77, 0xF8, 0xFC, 0x1F, 0x87, 0xFC, 0xF0, 0xEE, 0x07, 0xE0, 0x7F, 0x00, 0x7F, 0x03, 0xFC,
    0x0F, 0xE0, 0x0F, 0xE0, 0x7E, 0x07, 0xF8, 0xF7, 0xFE, 0x3F, 0xE1, 0xF8, 0x07, 0x00, 0x38, 0x09,
    0x81, 0xF0, 0x3E, 0x1F, 0xEE, 0x3F, 0x87, 0xF0, 0x3F, 0xC3, 0xF8, 0x1F, 0xE1, 0xF8, 0x77, 0xF8,
    0xFC, 0x0C, 0x03, 0xC0, 0x30, 0x4C, 0x1E, 0x00, 0x3B, 0x81, 0xF0, 0x00, 0x00, 0x00, 0x1F, 0x07,
    0xFC, 0x71, 0xEE, 0x0E, 0xE0, 0x7F, 0x00, 0xFF, 0x07, 0xFC, 0x3F, 0xE0, 0x7F, 0x00, 0xFE, 0x07,
    0xE0, 0x77, 0x0E, 0x3F, 0xE1, 0xF8, 0x33, 0x07, 0x80, 0x00, 0xFC, 0x7F, 0xB8, 0xFE, 0x1F, 0xC0,
    0xFF, 0x0F, 0xE0, 0x7F, 0x87, 0xE1, 0xDF, 0xE3, 0xF0, 0xFF, 0xFF, 0xFF, 0x07, 0x00, 0x70, 0x07,
    0x00, 0x70, 0x07, 0x00, 0x70, 0x07, 0x00, 0x70, 0x07, 0x00, 0x70, 0x07, 0x00, 0x70, 0x07, 0x00,
    0x70, 0x06, 0x00, 0x70, 0x01, 0x80, 0x98, 0x0F, 0x00, 0x38, 0x38, 0x38, 0xFF, 0xFF, 0x38, 0x38,
    0x38, 0x38, 0x38, 0x38, 0x38, 0x38, 0x3F, 0x1F, 0x08, 0x0E, 0x06, 0x26, 0x1C, 0x1D, 0x80, 0x70,
    0x00, 0x0F, 0xFF, 0xFF, 0xF0, 0x70, 0x07, 0x00, 0x70, 0x07, 0x00, 0x70, 0x07, 0x00, 0x70, 0x07,
    0x00, 0x70, 0x07, 0x00, 0x70, 0x07, 0x00, 0x70, 0x07, 0x00, 0x01, 0x81, 0xC0, 0xE7, 0x63, 0xB7,
    0xFB, 0xFC, 0x70, 0x38, 0x1C, 0x0E, 0x07, 0x03, 0x81, 0xC0, 0xE0, 0x7E, 0x1F, 0x00, 0xFF, 0xFF,
    0xFF, 0x07, 0x00, 0x70, 0x07, 0x00, 0x70, 0x07, 0x00, 0x70, 0x3F, 0xC3, 0xFC, 0x07, 0x00, 0x70,
    0x07, 0x00, 0x70, 0x07, 0x00, 0x70, 0x38, 0x38, 0x38, 0xFF, 0xFF, 0x38, 0x38, 0x38, 0xFF, 0xFF,
    0x38, 0x38, 0x38, 0x3F, 0x1F, 0x1C, 0xC1, 0xF8, 0x33, 0x80, 0x00, 0xE0, 0x7E, 0x07, 0xE0, 0x7E,
    0x07, 0xE0, 0x7E, 0x07, 0xE0, 0x7E, 0x07, 0xE0, 0x7E, 0x07, 0xE0, 0x7E, 0x07, 0xE0, 0x77, 0x0E,
    0x3F, 0xC1, 0xF8, 0x3F, 0x1F, 0xC0, 0x00, 0x00, 0xE1, 0xF8, 0x7E, 0x1F, 0x87, 0xE1, 0xF8, 0x7E,
    0x1F, 0x87, 0xE1, 0xFC, 0xF7, 0xFC, 0xF7, 0x1F, 0x81, 0xF8, 0x00, 0x00, 0x00, 0xE0, 0x7E, 0x07,
    0xE0, 0x7E, 0x07, 0xE0, 0x7E, 0x07, 0xE0, 0x7E, 0x07, 0xE0, 0x7E, 0x07, 0xE0, 0x7E, 0x07, 0xE0,
    0x77, 0x0E, 0x3F, 0xC1, 0xF8, 0x3F, 0x0F, 0xC0, 0x00, 0x00, 0xE1, 0xF8, 0x7E, 0x1F, 0x87, 0xE1,
    0xF8, 0x7E, 0x1F, 0x87, 0xE1, 0xFC, 0xF7, 0xFC, 0xF7, 0x19, 0x81, 0x98, 0x1F, 0x80, 0xF0, 0x00,
    0x0E, 0x07, 0xE0, 0x7E, 0x07, 0xE0, 0x7E, 0x07, 0xE0, 0x7E, 0x07, 0xE0, 0x7E, 0x07, 0xE0, 0x7E,
    0x07, 0xE0, 0x7E, 0x07, 0x70, 0xE3, 0xFC, 0x1F, 0x80, 0x21, 0x0C, 0xC3, 0xF0, 0x78, 0x00, 0x38,
    0x7E, 0x1F, 0x87, 0xE1, 0xF8, 0x7E, 0x1F, 0x87, 0xE1, 0xF8, 0x7F, 0x3D, 0xFF, 0x3D, 0xC0, 0x06,
    0x00, 0xD0, 0x0D, 0x00, 0x60, 0x00, 0x0E, 0x07, 0xE0, 0x7E, 0x07, 0xE0, 0x7E, 0x07, 0xE0, 0x7E,
    0x07, 0xE0, 0x7E, 0x07, 0xE0, 0x7E, 0x07, 0xE0, 0x7E, 0x07, 0x70, 0xE3, 0xFC, 0x1F, 0x80, 0x0C,
    0x06, 0x81, 0xA0, 0x30, 0x00, 0x38, 0x7E, 0x1F, 0x87, 0xE1, 0xF8, 0x7E, 0x1F, 0x87, 0xE1, 0xF8,
    0x7F, 0x3D, 0xFF, 0x3D, 0xC0, 0x0E, 0xC1, 0xDC, 0x00, 0x00, 0x00, 0xE0, 0x7E, 0x07, 0xE0, 0x7E,
    0x07, 0xE0, 0x7E, 0x07, 0xE0, 0x7E, 0x07, 0xE0, 0x7E, 0x07, 0xE0, 0x7E, 0x07, 0xE0, 0x77, 0x0E,
    0x3F, 0xC1, 0xF8, 0x1D, 0x8E, 0xE0, 0x00, 0x00, 0xE1, 0xF8, 0x7E, 0x1F, 0x87, 0xE1, 0xF8, 0x7E,
    0x1F, 0x87, 0xE1, 0xFC, 0xF7, 0xFC, 0xF7, 0xE0, 0x7E, 0x07, 0xE0, 0x7E, 0x07, 0xE0, 0x7E, 0x07,
    0xE0, 0x7E, 0x07, 0xE0, 0x7E, 0x07, 0xE0, 0x7E, 0x07, 0xE0, 0x77, 0x0E, 0x3F, 0xC1, 0xF8, 0x07,
    0x00, 0xE0, 0x0F, 0x80, 0x78, 0xE1, 0xDC, 0x3B, 0x87, 0x70, 0xEE, 0x1D, 0xC3, 0xB8, 0x77, 0x0E,
    0xE1, 0xDE, 0x79, 0xFF, 0x1E, 0xE0, 0x1C, 0x03, 0x00, 0xE0, 0x1E, 0x01, 0xE0, 0x00, 0xF0, 0x00,
    0x37, 0x00, 0x00, 0x00, 0x70, 0x70, 0x7E, 0x0E, 0x0F, 0xE1, 0xE3, 0xDC, 0x7C, 0x7B, 0x8F, 0x8E,
    0x71, 0xF1, 0xCF, 0x36, 0x38, 0xEE, 0xEF, 0x1D, 0xDD, 0xC3, 0xBB, 0xB8, 0x76, 0x37, 0x07, 0xC7,
    0xE0, 0xF8, 0xF8, 0x1F, 0x1F, 0x03, 0xE1, 0xE0, 0x38, 0x3C, 0x00, 0x01, 0xE0, 0x01, 0x98, 0x00,
    0x00, 0x00, 0x00, 0x07, 0x1C, 0x3B, 0x8E, 0x1D, 0xC7, 0x9E, 0xE3, 0xCE, 0x3B, 0xE7, 0x1D, 0xF3,
    0x8E, 0xDD, 0x83, 0x67, 0xC1, 0xF3, 0xE0, 0xF1, 0xF0, 0x78, 0xF0, 0x1C, 0x38, 0x07, 0x00, 0x6C,
    0x00, 0x01, 0xE0, 0xF7, 0x07, 0x3C, 0x78, 0xE3, 0x87, 0xBC, 0x1D, 0xC0, 0xFE, 0x03, 0xE0, 0x1F,
    0x00, 0x70, 0x03, 0x80, 0x1C, 0x00, 0xE0, 0x07, 0x00, 0x38, 0x01, 0xC0, 0x00, 0x01, 0xE0, 0x66,
    0x00, 0x0E, 0x0E, 0xE1, 0xDC, 0x3B, 0x8E, 0x39, 0xC7, 0x38, 0xEE, 0x0F, 0xC1, 0xF8, 0x3E, 0x03,
    0xC0, 0x78, 0x0E, 0x07, 0xC0, 0xF0, 0x00, 0x1D, 0xC0, 0xEE, 0x00, 0x01, 0xE0, 0xF7, 0x07, 0x3C,
    0x78, 0xE3, 0x87, 0xBC, 0x1D, 0xC0, 0xFE, 0x03, 0xE0, 0x1F, 0x00, 0x70, 0x03, 0x80, 0x1C, 0x00,
    0xE0, 0x07, 0x00, 0x38, 0x01, 0xC0, 0x07, 0x00, 0xC0, 0x00, 0x7F, 0xFF, 0xFE, 0x03, 0xC0, 0xF0,
    0x3C, 0x07, 0x81, 0xE0, 0x3C, 0x0F, 0x01, 0xC0, 0x78, 0x1E, 0x03, 0xC0, 0xF0, 0x1F, 0xFF, 0xFF,
    0x80, 0x06, 0x03, 0x80, 0x00, 0x00, 0xFF, 0xFF, 0xF0, 0x3C, 0x1E, 0x0F, 0x07, 0x81, 0xC0, 0xF0,
    0x78, 0x3C, 0x0F, 0xFF, 0xFF, 0x0E, 0x01, 0xC0, 0x00, 0x7F, 0xFF, 0xFE, 0x07, 0xC0, 0xF0, 0x3C,
    0x07, 0x81, 0xE0, 0x3C, 0x0F, 0x01, 0xC0, 0x78, 0x1E, 0x03, 0xC0, 0xF0, 0x1F, 0xFF, 0xFF, 0x80,
    0x0E, 0x03, 0x80, 0x00, 0x00, 0xFF, 0xFF, 0xF0, 0x3C, 0x1E, 0x0F, 0x03, 0xC1, 0xE0, 0xF0, 0x78,
    0x3E, 0x0F, 0xFF, 0xFF, 0x1B, 0x81, 0xE0, 0x00, 0x7F, 0xFF, 0xFE, 0x03, 0xC0, 0xF0, 0x3C, 0x07,
    0x81, 0xE0, 0x3C, 0x0F, 0x01, 0xC0, 0x78, 0x1E, 0x03, 0xC0, 0xF0, 0x1F, 0xFF, 0xFF, 0x80, 0x33,
    0x07, 0x80, 0x00, 0x00, 0xFF, 0xFF, 0xF0, 0x3C, 0x1E, 0x0F, 0x07, 0x81, 0xC0, 0xF0, 0x78, 0x3C,
    0x0F, 0xFF, 0xFF, 0x3F, 0xFB, 0x87, 0x0E, 0x1C, 0x38, 0x70, 0xE1, 0xC3, 0x87, 0x0E, 0x1C, 0x38,
    0x70, 0x00, 0x07, 0x0F, 0xC7, 0x3F, 0xF7, 0x7F, 0xFE, 0x78, 0x7C, 0xF0, 0x3C, 0xE0, 0x1C, 0xE0,
    0x1C, 0xE0, 0x1C, 0xE0, 0x1C, 0xE0, 0x1C, 0xF0, 0x3C, 0x78, 0x78, 0x7F, 0xF8, 0x3F, 0xF0, 0x0F,
    0xC0, 0x00, 0x1C, 0x00, 0x71, 0xF3, 0x8F, 0xFE, 0x71, 0xE3, 0x83, 0x8E, 0x0E, 0x38, 0x38, 0xE0,
    0xE3, 0x83, 0x8E, 0x0E, 0x1C, 0x70, 0x3F, 0x80, 0x7C, 0x00, 0x00, 0x07, 0xF0, 0x3B, 0xB8, 0x1D,
    0xDC, 0x0F, 0xCE, 0x07, 0x87, 0x03, 0x83, 0x81, 0xC1, 0xC0, 0xE0, 0xE0, 0x70, 0x70, 0x38, 0x38,
    0x1C, 0x1C, 0x0E, 0x0F, 0x0F, 0x03, 0xFF, 0x00, 0xFF, 0x00, 0x3F, 0x00, 0x00, 0x0E, 0x00, 0x1F,
    0x87, 0x7F, 0x0F, 0xEE, 0x1F, 0x9C, 0x38, 0x38, 0x70, 0x70, 0xE0, 0xE1, 0xC1, 0xC3, 0x83, 0x87,
    0x07, 0x9E, 0x07, 0xFC, 0x07, 0x98, 0x00, 0x00, 0x01, 0xC7, 0x00, 0x00, 0x77, 0x00, 0x00, 0x1F,
    0x00, 0x00, 0x07, 0x80, 0x00, 0x00, 0x07, 0xF8, 0x1F, 0xFF, 0xFF, 0x0F, 0xFF, 0xC3, 0xC0, 0x0E,
    0xE0, 0xE0, 0x0F, 0x70, 0x38, 0x07, 0x38, 0x1C, 0x07, 0x9C, 0x0E, 0x07, 0x8E, 0x07, 0x03, 0x87,
    0x03, 0x83, 0xC3, 0x81, 0xC3, 0xC1, 0xC1, 0xE1, 0xC0, 0xE0, 0xE1, 0xE0, 0x70, 0xE0, 0xE0, 0x3F,
    0xE0, 0xFF, 0xFF, 0xE0, 0x7F, 0xF0, 0x00, 0x03, 0x8F, 0xFE, 0x01, 0xFB, 0xFF, 0x01, 0xE7, 0x0F,
    0x00, 0x0E, 0x0E, 0x3F, 0xFC, 0x0E, 0x7F, 0xF8, 0x1C, 0x07, 0x70, 0x38, 0x1E, 0xE0, 0x70, 0x39,
    0xC0, 0xE0, 0xF3, 0x81, 0xC3, 0xC7, 0x07, 0x87, 0x0E, 0x0E, 0x1E, 0x1C, 0x38, 0x38, 0x3F, 0xE0,
    0xFF, 0xFF, 0x81, 0xFF, 0x00, 0xE7, 0x1C, 0x03, 0x8F, 0xE0, 0x0E, 0x1F, 0x00, 0x38, 0x00, 0x1E,
    0xE7, 0xFD, 0xFF, 0x9F, 0xF7, 0x1E, 0x03, 0xF8, 0x38, 0x1E, 0xE0, 0xE0, 0x73, 0x83, 0x83, 0xCE,
    0x0E, 0x1E, 0x38, 0x38, 0x70, 0xE0, 0xE3, 0xC1, 0xC7, 0x8E, 0x07, 0xFE, 0x7F, 0xC7, 0xB9, 0xFF,
    0xE0, 0x0F, 0xC0, 0x1F, 0x80, 0x3F, 0x00, 0x7E, 0x00, 0xFC, 0x01, 0xF8, 0x03, 0xF0, 0x07, 0xE0,
    0x0F, 0xC0, 0x1F, 0x80, 0x3F, 0x00, 0x7E, 0x00, 0xFF, 0xF1, 0xFF, 0xE3, 0x80, 0x07, 0x00, 0x1E,
    0x01, 0xF8, 0x03, 0xE0, 0x00, 0x0F, 0xC0, 0x1F, 0x80, 0x3F, 0x00, 0x0E, 0x00, 0xFC, 0x01, 0xF8,
    0x03, 0xF0, 0x07, 0xE0, 0x0F, 0xC0, 0x1F, 0x80, 0x3F, 0x00, 0x7E, 0x00, 0xFC, 0x01, 0xFF, 0xF3,
    0xFF, 0xE7, 0x00, 0x0E, 0x00, 0x1C, 0x00, 0x38, 0x03, 0xE0, 0x07, 0x80, 0xE3, 0xF1, 0xF8, 0xFC,
    0x0E, 0x3F, 0x1F, 0x8F, 0xC7, 0xE3, 0xF1, 0xF8, 0xFC, 0x7E, 0x3F, 0x1F, 0x8F, 0xC7, 0x03, 0x81,
    0xC0, 0xE1, 0xE0, 0xE0, 0xF0, 0x38, 0x7F, 0x83, 0x87, 0xF8, 0x38, 0x7F, 0xC3, 0x87, 0xFE, 0x38,
    0x7E, 0xE3, 0x87, 0xEF, 0x38, 0x7E, 0x73, 0x87, 0xE3, 0xB8, 0x7E, 0x3B, 0x87, 0xE1, 0xF8, 0x7E,
    0x1F, 0x87, 0xE0, 0xF8, 0x7E, 0x0F, 0x87, 0xE0, 0x78, 0x70, 0x00, 0x07, 0x00, 0x00, 0xF0, 0x00,
    0x7E, 0x00, 0x07, 0xC0, 0x00, 0x00, 0x7F, 0x03, 0x87, 0xF8, 0x38, 0x7F, 0x83, 0x80, 0xFC, 0x38,
    0x7E, 0xE3, 0x87, 0xEE, 0x38, 0x7E, 0x73, 0x87, 0xE7, 0x38, 0x7E, 0x3B, 0x87, 0xE3, 0xB8, 0x7E,
    0x1F, 0x87, 0xE1, 0xF8, 0x7E, 0x0F, 0x87, 0xE0, 0xF8, 0x7E, 0x07, 0x87, 0x00, 0x00, 0x70, 0x00,
    0x07, 0x00, 0x00, 0x70, 0x00, 0x3E, 0x00, 0x03, 0xC0, 0x00, 0x03, 0x80, 0x01, 0xC0, 0x00, 0xE0,
    0x00, 0x0C, 0xF0, 0x3F, 0xFC, 0x1F, 0xCF, 0x0F, 0xC3, 0x87, 0xE1, 0xC3, 0xF0, 0xE1, 0xF8, 0x70,
    0xFC, 0x38, 0x7E, 0x1C, 0x3F, 0x0E, 0x1F, 0x87, 0x0F, 0xC3, 0x87, 0x00, 0x03, 0x80, 0x01, 0xC0,
    0x00, 0xE0, 0x03, 0xE0, 0x01, 0xE0, 0x06, 0xE0, 0x07, 0x80, 0x00, 0x00, 0x1E, 0x00, 0x7C, 0x00,
    0xF8, 0x01, 0xF8, 0x07, 0x70, 0x0E, 0xE0, 0x1D, 0xE0, 0x71, 0xC0, 0xE3, 0x81, 0xC7, 0x87, 0xFF,
    0x0F, 0xFE, 0x1C, 0x0E, 0x70, 0x1C, 0xE0, 0x39, 0xC0, 0x78, 0x33, 0x03, 0xC0, 0x00, 0x0F, 0x87,
    0xF8, 0xE7, 0xB8, 0x70, 0x0E, 0x3F, 0xCF, 0xFB, 0xC7, 0x70, 0xEE, 0x3D, 0xFF, 0xCF, 0x18, 0xE3,
    0xBB, 0x8F, 0x83, 0x80, 0x03, 0xF9, 0xFC, 0x38, 0x1C, 0x0E, 0x07, 0x03, 0x81, 0xC0, 0xE0, 0x70,
    0x38, 0x1C, 0x0E, 0x1F, 0xCF, 0xE0, 0x63, 0x9F, 0x87, 0x80, 0x01, 0xC0, 0xE0, 0x70, 0x38, 0x1C,
    0x0E, 0x07, 0x03, 0x81, 0xC0, 0xE0, 0x70, 0x38, 0x18, 0x30, 0x73, 0x80, 0xFC, 0x01, 0xF0, 0x00,
    0x00, 0x00, 0x00, 0xFC, 0x0F, 0xFC, 0x7F, 0xF9, 0xE1, 0xEF, 0x03, 0xF8, 0x07, 0xE0, 0x1F, 0x80,
    0x7E, 0x01, 0xF8, 0x07, 0xF0, 0x3D, 0xE1, 0xE7, 0xFF, 0x8F, 0xFC, 0x0F, 0xC0, 0x31, 0xC3, 0xF0,
    0x7C, 0x00, 0x01, 0xF0, 0x7F, 0x1C, 0x77, 0x07, 0xE0, 0xFC, 0x1F, 0x83, 0xF0, 0x7E, 0x0E, 0xE3,
    0x8F, 0xE0, 0xF8, 0x30, 0xC3, 0x9C, 0x1F, 0x80, 0xF0, 0x00, 0x00, 0x00, 0xE0, 0x7E, 0x07, 0xE0,
    0x7E, 0x07, 0xE0, 0x7E, 0x07, 0xE0, 0x7E, 0x07, 0xE0, 0x7E, 0x07, 0xE0, 0x7F, 0x0F, 0x7F, 0xE3,
    0xFC, 0x1F, 0x80, 0x71, 0x8F, 0xC1, 0xE0, 0x00, 0xE1, 0xF8, 0x7E, 0x1F, 0x87, 0xE1, 0xF8, 0x7E,
    0x1F, 0x87, 0xE1, 0xFC, 0xF7, 0xFC, 0xF3, 0x1F, 0xC1, 0xFC, 0x00, 0x01, 0xDC, 0x1D, 0xC0, 0x00,
    0x00, 0x0E, 0x07, 0xE0, 0x7E, 0x07, 0xE0, 0x7E, 0x07, 0xE0, 0x7E, 0x07, 0xE0, 0x7E, 0x07, 0xE0,
    0x7E, 0x07, 0xF0, 0xF7, 0xFE, 0x3F, 0xC1, 0xF8, 0x3F, 0x8F, 0xE0, 0x00, 0xEE, 0x3B, 0x80, 0x0E,
    0x1F, 0x87, 0xE1, 0xF8, 0x7E, 0x1F, 0x87, 0xE1, 0xF8, 0x7E, 0x1F, 0xCF, 0x7E, 0xCF, 0x30, 0x01,
    0xC0, 0x38, 0x07, 0x00, 0x00, 0x1D, 0xC1, 0xDC, 0x00, 0x00, 0x00, 0xE0, 0x7E, 0x07, 0xE0, 0x7E,
    0x07, 0xE0, 0x7E, 0x07, 0xE0, 0x7E, 0x07, 0xE0, 0x7E, 0x07, 0xE0, 0x7F, 0x0F, 0x7F, 0xE3, 0xFC,
    0x1F, 0x80, 0x03, 0x81, 0xC0, 0xE0, 0x00, 0x3B, 0x8E, 0xE0, 0x03, 0x87, 0xE1, 0xF8, 0x7E, 0x1F,
    0x87, 0xE1, 0xF8, 0x7E, 0x1F, 0x87, 0xF3, 0xDF, 0xB3, 0xCC, 0x18, 0xC0, 0xD8, 0x07, 0x00, 0x00,
    0x1D, 0xC1, 0xDC, 0x00, 0x00, 0x00, 0xE0, 0x7E, 0x07, 0xE0, 0x7E, 0x07, 0xE0, 0x7E, 0x07, 0xE0,
    0x7E, 0x07, 0xE0, 0x7E, 0x07, 0xE0, 0x7F, 0x0F, 0x7F, 0xE3, 0xFC, 0x1F, 0x80, 0x31, 0x86, 0xC0,
    0xE0, 0x00, 0x3B, 0x8E, 0xE0, 0x03, 0x87, 0xE1, 0xF8, 0x7E, 0x1F, 0x87, 0xE1, 0xF8, 0x7E, 0x1F,
    0x87, 0xF3, 0xDF, 0xB3, 0xCC, 0x1C, 0x00, 0xE0, 0x06, 0x00, 0x00, 0x1D, 0xC1, 0xDC, 0x00, 0x00,
    0x00, 0xE0, 0x7E, 0x07, 0xE0, 0x7E, 0x07, 0xE0, 0x7E, 0x07, 0xE0, 0x7E, 0x07, 0xE0, 0x7E, 0x07,
    0xE0, 0x7F, 0x0F, 0x7F, 0xE3, 0xFC, 0x1F, 0x80, 0x38, 0x07, 0x00, 0xC0, 0x00, 0x3B, 0x8E, 0xE0,
    0x03, 0x87, 0xE1, 0xF8, 0x7E, 0x1F, 0x87, 0xE1, 0xF8, 0x7E, 0x1F, 0x87, 0xF3, 0xDF, 0xB3, 0xCC,
    0x7E, 0x1F, 0xC4, 0x38, 0x07, 0x01, 0xFF, 0xFF, 0xFF, 0x87, 0xE1, 0xDC, 0xE7, 0xF8, 0xF8, 0x0F,
    0xE0, 0x1F, 0xC0, 0x00, 0x00, 0x77, 0x00, 0xEE, 0x00, 0x00, 0x00, 0x00, 0x03, 0xE0, 0x07, 0xC0,
    0x0D, 0x80, 0x3B, 0x80, 0x77, 0x00, 0xEE, 0x03, 0xCE, 0x07, 0x1C, 0x0E, 0x38, 0x3F, 0xF8, 0x7F,
    0xF1, 0xFF, 0xE3, 0xC1, 0xE7, 0x01, 0xDE, 0x03, 0xC0, 0x3F, 0x8F, 0xE0, 0x00, 0xEE, 0x3B, 0x80,
    0x03, 0xF1, 0xFE, 0x23, 0xC0, 0x70, 0x1C, 0xFF, 0x7F, 0xFC, 0x7E, 0x1F, 0x8F, 0xFF, 0xCF, 0x30,
    0x0F, 0xE0, 0x1F, 0xC0, 0x00, 0x00, 0x1C, 0x00, 0x38, 0x00, 0x00, 0x00, 0x00, 0x03, 0xE0, 0x07,
    0xC0, 0x0D, 0x80, 0x3B, 0x80, 0x77, 0x00, 0xEE, 0x03, 0x8E, 0x07, 0x1C, 0x1E, 0x3C, 0x3F, 0xF8,
    0x7F, 0xF1, 0xFF, 0xF3, 0xC1, 0xE7, 0x01, 0xDE, 0x03, 0xC0, 0x3F, 0x8F, 0xE0, 0x00, 0x00, 0x0E,
    0x03, 0x80, 0xE0, 0xFC, 0x7F, 0x88, 0xF0, 0x1C, 0x07, 0x3F, 0xDF, 0xFF, 0x1F, 0x87, 0xE3, 0xFF,
    0xF3, 0xCC, 0x01, 0xFC, 0x00, 0x3F, 0x80, 0x00, 0x00, 0x00, 0x00, 0x00, 0x3F, 0xFE, 0x07, 0xFF,
    0xC1, 0xCE, 0x00, 0x39, 0xC0, 0x07, 0x38, 0x01, 0xC7, 0x00, 0x38, 0xFF, 0x0E, 0x1F, 0xE1, 0xC3,
    0x80, 0x7F, 0xF0, 0x0F, 0xFE, 0x03, 0x81, 0xC0, 0x70, 0x38, 0x0E, 0x07, 0xFF, 0x80, 0xFF, 0x80,
    0x07, 0xF0, 0x03, 0xF8, 0x00, 0x00, 0x07, 0xE7, 0xC7, 0xFF, 0xF1, 0x0F, 0x38, 0x07, 0x0E, 0x03,
    0x87, 0x3F, 0xFF, 0xBF, 0xFF, 0xFC, 0x70, 0x1C, 0x38, 0x0E, 0x3E, 0x13, 0xFB, 0xF8, 0xF8, 0xFC,
    0x0F, 0xC0, 0x7F, 0x83, 0x8F, 0x1C, 0x1C, 0x70, 0x3B, 0x80, 0x0E, 0x00, 0x38, 0x00, 0xE1, 0xFB,
    0x87, 0xEE, 0x03, 0x9C, 0x7F, 0x70, 0x70, 0xE1, 0xC3, 0xFE, 0x03, 0xF0, 0x1E, 0xE3, 0xFF, 0x1C,
    0x79, 0xC1, 0xCE, 0x7F, 0xF3, 0xFF, 0x83, 0x9C, 0x1C, 0x71, 0xE3, 0xFF, 0x07, 0xB8, 0x01, 0xC7,
    0x1E, 0x3F, 0xE0, 0x7C, 0x00, 0x0D, 0xC0, 0x3C, 0x00, 0x00, 0x00, 0x00, 0xF8, 0x0F, 0xF0, 0xE3,
    0xCE, 0x0E, 0x70, 0x3F, 0x00, 0x38, 0x01, 0xC0, 0x0E, 0x1F, 0xF0, 0xFF, 0x80, 0xEE, 0x07, 0x70,
    0x79, 0xC7, 0xCF, 0xFE, 0x1F, 0x30, 0x1B, 0x81, 0xE0, 0x00, 0x00, 0x01, 0xEE, 0xFF, 0xDC, 0x7F,
    0x07, 0xE0, 0xFC, 0x1F, 0x83, 0xF0, 0x77, 0x1E, 0xFF, 0xC7, 0xB8, 0x07, 0x71, 0xEF, 0xF8, 0x7C,
    0x00, 0x1B, 0x80, 0xF0, 0x00, 0x0E, 0x0F, 0xE1, 0xEE, 0x3C, 0xE3, 0x8E, 0x78, 0xEF, 0x0F, 0xE0,
    0xFE, 0x0F, 0xF0, 0xF7, 0x0F, 0x78, 0xE3, 0xCE, 0x1C, 0xE1, 0xEE, 0x0E, 0xE0, 0xF0, 0x6C, 0x01,
    0xC0, 0x0E, 0x00, 0x70, 0x03, 0x80, 0x1C, 0x00, 0xE1, 0xC7, 0x1E, 0x39, 0xE1, 0xDE, 0x0F, 0xE0,
    0x7F, 0x03, 0xFC, 0x1E, 0xE0, 0xE3, 0x87, 0x1C, 0x38, 0x71, 0xC3, 0xC0, 0x0F, 0xC0, 0xFF, 0xC7,
    0xFF, 0x9E, 0x1E, 0xF0, 0x3F, 0x80, 0x7E, 0x01, 0xF8, 0x07, 0xE0, 0x1F, 0x80, 0x7F, 0x03, 0xDE,
    0x1E, 0x7F, 0xF8, 0xFF, 0xC0, 0xFC, 0x00, 0xC0, 0x06, 0x00, 0x18, 0x00, 0x78, 0x00, 0xE0, 0x1F,
    0x07, 0xF1, 0xC7, 0x70, 0x7E, 0x0F, 0xC1, 0xF8, 0x3F, 0x07, 0xE0, 0xEE, 0x38, 0xFE, 0x0F, 0x80,
    0xC0, 0x30, 0x06, 0x00, 0xF0, 0x0E, 0x00, 0x0F, 0xE0, 0x3F, 0x80, 0x00, 0x00, 0x00, 0x0F, 0xC0,
    0xFF, 0xC7, 0xFF, 0x9E, 0x1E, 0xF0, 0x3F, 0x80, 0x7E, 0x01, 0xF8, 0x07, 0xE0, 0x1F, 0x80, 0x7F,
    0x03, 0xDE, 0x1E, 0x7F, 0xF8, 0xFF, 0xC0, 0xFC, 0x00, 0xC0, 0x06, 0x00, 0x18, 0x00, 0x78, 0x00,
    0xE0, 0x3F, 0x87, 0xF0, 0x00, 0x0F, 0x83, 0xF8, 0xE3, 0xB8, 0x3F, 0x07, 0xE0, 0xFC, 0x1F, 0x83,
    0xF0, 0x77, 0x1C, 0x7F, 0x07, 0xC0, 0x30, 0x0C, 0x01, 0x80, 0x3C, 0x03, 0x80, 0x30, 0xE7, 0x38,
    0x7E, 0x07, 0x80, 0x00, 0x00, 0x1F, 0xFB, 0xFF, 0x03, 0xC0, 0xF0, 0x3C, 0x0F, 0x01, 0xF8, 0x3F,
    0x81, 0xF8, 0x07, 0x00, 0xE0, 0x1F, 0x07, 0x7F, 0xE7, 0xF0, 0x31, 0xC3, 0xF0, 0x3C, 0x00, 0x07,
    0xFE, 0xFF, 0xC0, 0xF0, 0x3C, 0x07, 0x01, 0xC0, 0x78, 0x0F, 0xC1, 0xFC, 0x03, 0xC0, 0x38, 0x07,
    0x00, 0xE0, 0x1F, 0x07, 0x7F, 0xE7, 0xF0, 0x63, 0x9F, 0x87, 0x80, 0x01, 0xC0, 0xE0, 0x70, 0x38,
    0x1C, 0x0E, 0x07, 0x03, 0x81, 0xC0, 0xE0, 0x70, 0x38, 0x1C, 0x0E, 0x07, 0x1F, 0x0F, 0x00, 0xFF,
    0x03, 0xFF, 0xFF, 0xE1, 0xFF, 0xF8, 0x78, 0x01, 0xDC, 0x1C, 0x01, 0xEE, 0x07, 0x00, 0xE7, 0x03,
    0x80, 0xF3, 0x81, 0xC0, 0xF1, 0xC0, 0xE0, 0x70, 0xE0, 0x70, 0x78, 0x70, 0x38, 0x78, 0x38, 0x3C,
    0x38, 0x1C, 0x1C, 0x3C, 0x0E, 0x1C, 0x1C, 0x07, 0xFC, 0x1F, 0xFF, 0xFC, 0x0F, 0xFE, 0xFF, 0x00,
    0x01, 0xFF, 0x80, 0x03, 0x87, 0x80, 0x07, 0x07, 0x1F, 0xFE, 0x07, 0x3F, 0xFC, 0x0E, 0x03, 0xB8,
    0x1C, 0x0F, 0x70, 0x38, 0x1C, 0xE0, 0x70, 0x79, 0xC0, 0xE1, 0xE3, 0x83, 0xC3, 0x87, 0x07, 0x0F,
    0x0E, 0x1C, 0x1C, 0x1F, 0xF0, 0x7F, 0xFF, 0xC0, 0xFF, 0x80, 0x00, 0xE0, 0x00, 0x03, 0x80, 0x00,
    0x0E, 0x00, 0x00, 0x38, 0x00, 0x1E, 0xE7, 0xFD, 0xFF, 0x9F, 0xF7, 0x1E, 0x03, 0xF8, 0x38, 0x1E,
    0xE0, 0xE0, 0x73, 0x83, 0x83, 0xCE, 0x0E, 0x1E, 0x38, 0x38, 0x70, 0xE0, 0xE3, 0xC1, 0xC7, 0x8E,
    0x07, 0xFE, 0x7F, 0xC7, 0xB9, 0xFF, 0x01, 0xE0, 0x3C, 0x03, 0x80, 0x70, 0x00, 0x00, 0x00, 0x0F,
    0xE1, 0xFF, 0x38, 0x27, 0x00, 0xF0, 0x0E, 0x00, 0xE3, 0xFE, 0x3F, 0xE0, 0x7E, 0x07, 0xE0, 0x77,
    0x07, 0x78, 0x73, 0xFF, 0x0F, 0xE0, 0x03, 0xC0, 0xE0, 0x38, 0x00, 0x01, 0xEE, 0xFF, 0xDC, 0x7F,
    0x07, 0xE0, 0xFC, 0x1F, 0x83, 0xF0, 0x7E, 0x0E, 0xE3, 0xDF, 0xF9, 0xF7, 0x00, 0xE0, 0x1D, 0x07,
    0x3F, 0xE7, 0xF0, 0xE0, 0xE0, 0x38, 0x38, 0x0E, 0x0E, 0x03, 0x83, 0x87, 0xE0, 0xE1, 0xF8, 0x38,
    0x7F, 0xFE, 0x1F, 0xFF, 0x87, 0xE0, 0xE1, 0xF8, 0x38, 0x7E, 0x0E, 0x1F, 0x83, 0x87, 0xE0, 0xF3,
    0xB8, 0x1F, 0xEE, 0x03, 0xF0, 0xCF, 0x9F, 0xFB, 0xC7, 0x78, 0x7E, 0x0F, 0xC1, 0xF8, 0x3F, 0x0F,
    0xE1, 0xDC, 0x7B, 0x9E, 0x77, 0xCF, 0xE1, 0xF8, 0x3C, 0x07, 0x00, 0xE0, 0x1C, 0x03, 0x80, 0x70,
    0x00, 0x0E, 0x00, 0x38, 0x00, 0xC0, 0x03, 0x00, 0x00, 0x78, 0x1F, 0xE0, 0xFF, 0x07, 0xFC, 0x3F,
    0xF1, 0xFB, 0x8F, 0xDE, 0x7E, 0x73, 0xF1, 0xDF, 0x8E, 0xFC, 0x3F, 0xE1, 0xFF, 0x07, 0xF8, 0x3F,
    0xC0, 0xF0, 0x3C, 0x07, 0x00, 0x60, 0x00, 0xCF, 0x3F, 0xEF, 0x3F, 0x87, 0xE1, 0xF8, 0x7E, 0x1F,
    0x87, 0xE1, 0xF8, 0x7E, 0x1F, 0x87, 0x01, 0xE0, 0x03, 0x00, 0x00, 0x00, 0x1C, 0x00, 0x7C, 0x00,
    0xD8, 0x01, 0xB0, 0x03, 0xE0, 0x07, 0xC0, 0x1D, 0xC0, 0x3B, 0x80, 0x77, 0x01, 0xEF, 0x03, 0x8E,
    0x07, 0x1C, 0x1F, 0xFC, 0x3F, 0xF8, 0x7F, 0xF1, 0xE0, 0xF3, 0x80, 0xE7, 0x01, 0xC0, 0x07, 0x83,
    0x80, 0x00, 0x38, 0x1F, 0x06, 0xC1, 0xF0, 0x38, 0x00, 0x0F, 0xC7, 0xF8, 0x8F, 0x01, 0xC0, 0x73,
    0xFD, 0xFF, 0xF1, 0xF8, 0x7E, 0x3F, 0xFF, 0x3C, 0xC0, 0x00, 0x1C, 0x00, 0x07, 0x00, 0x01, 0xC0,
    0x00, 0x30, 0x00, 0x00, 0x00, 0x03, 0xFF, 0xC0, 0xFF, 0xF8, 0x1D, 0xC0, 0x07, 0x38, 0x00, 0xE7,
    0x00, 0x38, 0xE0, 0x07, 0x1F, 0xF0, 0xE3, 0xFE, 0x38, 0x70, 0x07, 0xFE, 0x01, 0xFF, 0xC0, 0x38,
    0x38, 0x0E, 0x07, 0x01, 0xC0, 0xFF, 0xF8, 0x1F, 0xF0, 0x00, 0x70, 0x00, 0x70, 0x00, 0x70, 0x00,
    0x00, 0x03, 0xF3, 0xE3, 0xFF, 0xF8, 0x87, 0x9C, 0x03, 0x87, 0x01, 0xC3, 0x9F, 0xFF, 0xDF, 0xFF,
    0xFE, 0x38, 0x0E, 0x1C, 0x07, 0x1F, 0x09, 0xFD, 0xFC, 0x7C, 0x7E, 0x00, 0xF0, 0x07, 0x80, 0x38,
    0x01, 0xC0, 0x00, 0x00, 0x00, 0x40, 0xFD, 0x8F, 0xFE, 0x7F, 0xF9, 0xE1, 0xEF, 0x0F, 0xF8, 0x77,
    0xE1, 0x9F, 0x8C, 0x7E, 0x71, 0xFB, 0x87, 0xFC, 0x3D, 0xE1, 0xE7, 0xFF, 0x8F, 0xFC, 0x6F, 0xC0,
    0x80, 0x00, 0x07, 0x81, 0xE0, 0x70, 0x00, 0x01, 0xFC, 0x7F, 0x9C, 0xF7, 0x1F, 0xE7, 0xFC, 0xDF,
    0xBB, 0xFE, 0x7F, 0x8E, 0xF3, 0x9F, 0xE3, 0xF8, 0x00, 0x00, 0x3B, 0x80, 0x67, 0x00, 0xCC, 0x00,
    0x00, 0x00, 0x00, 0x1E, 0x00, 0x7C, 0x03, 0xF0, 0x0F, 0xC0, 0x3B, 0x81, 0xCE, 0x07, 0x38, 0x1C,
    0x70, 0xE1, 0xC3, 0xFF, 0x0F, 0xFE, 0x7F, 0xF9, 0xC0, 0xF7, 0x03, 0xFC, 0x07, 0xEE, 0x1D, 0xC3,
    0x30, 0x00, 0x3F, 0x1F, 0xE2, 0x3C, 0x07, 0x01, 0xCF, 0xF7, 0xFF, 0xC7, 0xE1, 0xF8, 0xFF, 0xFC,
    0xF3, 0x07, 0x80, 0x3F, 0x01, 0x86, 0x06, 0x18, 0x00, 0x00, 0x1E, 0x00, 0x7C, 0x03, 0xF0, 0x0F,
    0xC0, 0x3B, 0x81, 0xCE, 0x07, 0x38, 0x3C, 0xF0, 0xE1, 0xC3, 0xFF, 0x1F, 0xFE, 0x7F, 0xF9, 0xC0,
    0xEF, 0x03, 0xFC, 0x07, 0x1F, 0x0F, 0xE6, 0x18, 0x00, 0x3F, 0x1F, 0xE2, 0x3C, 0x07, 0x01, 0xCF,
    0xF7, 0xFF, 0xC7, 0xE1, 0xF8, 0xFF, 0xFC, 0xF3, 0xEE, 0x1D, 0xC3, 0x30, 0x00, 0x00, 0x1F, 0xF7,
    0xFD, 0xC0, 0x70, 0x1C, 0x07, 0x01, 0xFE, 0x7F, 0x9C, 0x07, 0x01, 0xC0, 0x70, 0x1C, 0x07, 0xFD,
    0xFF, 0xEE, 0x0C, 0xE0, 0xCE, 0x00, 0x01, 0xF0, 0x7F, 0x9C, 0x77, 0x07, 0xE0, 0xFF, 0xFF, 0xFF,
    0xF0, 0x0E, 0x00, 0xE0, 0x8F, 0xF0, 0xFE, 0x3C, 0x3F, 0x18, 0xD8, 0x60, 0x07, 0xFF, 0xFF, 0xC0,
    0xE0, 0x70, 0x38, 0x1F, 0xEF, 0xF7, 0x03, 0x81, 0xC0, 0xE0, 0x70, 0x3F, 0xFF, 0xF0, 0x1F, 0x07,
    0xF1, 0x83, 0x00, 0x01, 0xF0, 0x7F, 0x9C, 0x77, 0x07, 0xE0, 0xFF, 0xFF, 0xFF, 0xF0, 0x0E, 0x00,
    0xE0, 0x8F, 0xF0, 0xFE, 0xEE, 0x3B, 0x8E, 0xE0, 0x00, 0x01, 0xFC, 0xFE, 0x1C, 0x0E, 0x07, 0x03,
    0x81, 0xC0, 0xE0, 0x70, 0x38, 0x1C, 0x0E, 0x07, 0x0F, 0xE7, 0xF0, 0xEE, 0x3B, 0x8E, 0xC0, 0x00,
    0xE0, 0x70, 0x38, 0x1C, 0x0E, 0x07, 0x03, 0x81, 0xC0, 0xE0, 0x70, 0x38, 0x1C, 0x3E, 0x3F, 0x98,
    0xD8, 0x20, 0x03, 0xF9, 0xFC, 0x38, 0x1C, 0x0E, 0x07, 0x03, 0x81, 0xC0, 0xE0, 0x70, 0x38, 0x1C,
    0x0E, 0x1F, 0xCF, 0xE0, 0x7C, 0xFE, 0xC2, 0x00, 0x38, 0x38, 0x38, 0x38, 0x38, 0x38, 0x38, 0x38,
    0x38, 0x38, 0x38, 0x38, 0x3B, 0x80, 0x67, 0x00, 0xCC, 0x00, 0x00, 0x00, 0x00, 0x3F, 0x03, 0xFF,
    0x1F, 0xFE, 0x78, 0x7B, 0xC0, 0xFE, 0x01, 0xF8, 0x07, 0xE0, 0x1F, 0x80, 0x7E, 0x01, 0xFC, 0x0F,
    0x78, 0x79, 0xFF, 0xE3, 0xFF, 0x03, 0xF0, 0xEE, 0x0E, 0xE0, 0xCE, 0x00, 0x01, 0xF0, 0x7F, 0x1C,
    0x77, 0x07, 0xE0, 0xFC, 0x1F, 0x83, 0xF0, 0x7E, 0x0E, 0xE3, 0x8F, 0xE0, 0xF8, 0x07, 0x80, 0x3F,
    0x81, 0x86, 0x06, 0x18, 0x00, 0x00, 0x3F, 0x03, 0xFF, 0x1F, 0xFE, 0x78, 0x7B, 0xC0, 0xFE, 0x01,
    0xF8, 0x07, 0xE0, 0x1F, 0x80, 0x7E, 0x01, 0xFC, 0x0F, 0x78, 0x79, 0xFF, 0xE3, 0xFF, 0x03, 0xF0,
    0x1F, 0x07, 0xF0, 0x82, 0x00, 0x01, 0xF0, 0x7F, 0x1C, 0x77, 0x07, 0xE0, 0xFC, 0x1F, 0x83, 0xF0,
    0x7E, 0x0E, 0xE3, 0x8F, 0xE0, 0xF8, 0xEE, 0x06, 0x60, 0x33, 0x00, 0x00, 0x00, 0x0F, 0xF0, 0xFF,
    0x8E, 0x3C, 0xE1, 0xCE, 0x1C, 0xE1, 0xCE, 0x38, 0xFF, 0x8F, 0xF0, 0xE7, 0x0E, 0x38, 0xE3, 0x8E,
    0x1C, 0xE1, 0xEE, 0x0E, 0xEE, 0x3B, 0x8C, 0xC0, 0x03, 0x39, 0xFC, 0xFE, 0x78, 0x38, 0x1C, 0x0E,
    0x07, 0x03, 0x81, 0xC0, 0xE0, 0x70, 0x1E, 0x03, 0xF0, 0x61, 0x86, 0x18, 0x00, 0x0F, 0xF0, 0xFF,
    0x8E, 0x3C, 0xE1, 0xCE, 0x1C, 0xE1, 0xCE, 0x38, 0xFF, 0x8F, 0xF0, 0xE7, 0x0E, 0x38, 0xE3, 0x8E,
    0x1C, 0xE1, 0xEE, 0x0E, 0x7C, 0xFE, 0xC2, 0x00, 0xCE, 0xFE, 0xFE, 0xF0, 0xE0, 0xE0, 0xE0, 0xE0,
    0xE0, 0xE0, 0xE0, 0xE0, 0x77, 0x03, 0x30, 0x19, 0x80, 0x00, 0x00, 0x0E, 0x07, 0xE0, 0x7E, 0x07,
    0xE0, 0x7E, 0x07, 0xE0, 0x7E, 0x07, 0xE0, 0x7E, 0x07, 0xE0, 0x7E, 0x07, 0xF0, 0xF7, 0xFE, 0x3F,
    0xC1, 0xF8, 0xEE, 0x19, 0x83, 0x30, 0x00, 0xE1, 0xF8, 0x7E, 0x1F, 0x87, 0xE1, 0xF8, 0x7E, 0x1F,
    0x87, 0xE1, 0xFC, 0xF7, 0xFC, 0xF3, 0x0F, 0x01, 0xF8, 0x30, 0xC3, 0x0C, 0x00, 0x0E, 0x07, 0xE0,
    0x7E, 0x07, 0xE0, 0x7E, 0x07, 0xE0, 0x7E, 0x07, 0xE0, 0x7E, 0x07, 0xE0, 0x7E, 0x07, 0xF0, 0xF7,
    0xFE, 0x3F, 0xC1, 0xF8, 0x1E, 0x0F, 0xC6, 0x18, 0x00, 0xE1, 0xF8, 0x7E, 0x1F, 0x87, 0xE1, 0xF8,
    0x7E, 0x1F, 0x87, 0xE1, 0xFC, 0xF7, 0xFC, 0xF3, 0x1F, 0x07, 0xFC, 0x71, 0xEE, 0x0E, 0xE0, 0x7F,
    0x00, 0xFF, 0x07, 0xFC, 0x3F, 0xE0, 0x7F, 0x00, 0xFE, 0x07, 0xE0, 0x77, 0x0E, 0x3F, 0xE1, 0xF8,
    0x00, 0x00, 0xE0, 0x0E, 0x00, 0x60, 0x0C, 0x00, 0x3F, 0x1F, 0xEE, 0x3F, 0x87, 0xF0, 0x3F, 0xC3,
    0xF8, 0x1F, 0xE1, 0xF8, 0x77, 0xF8, 0xFC, 0x00, 0x03, 0x80, 0xE0, 0x38, 0x0C, 0x00, 0xFF, 0xFF,
    0xFF, 0x0E, 0x00, 0xE0, 0x0E, 0x00, 0xE0, 0x0E, 0x00, 0xE0, 0x0E, 0x00, 0xE0, 0x0E, 0x00, 0xE0,
    0x0E, 0x00, 0xE0, 0x0E, 0x00, 0xE0, 0x00, 0x00, 0xE0, 0x0E, 0x00, 0x60, 0x0C, 0x00, 0x38, 0x38,
    0x38, 0xFF, 0xFF, 0x38, 0x38, 0x38, 0x38, 0x38, 0x38, 0x38, 0x38, 0x3F, 0x1F, 0x00, 0x1C, 0x1C,
    0x0C, 0x18, 0x3F, 0x9F, 0xF9, 0x87, 0x80, 0x70, 0x0E, 0x03, 0x87, 0xE0, 0xFE, 0x19, 0xC0, 0x1C,
    0x03, 0x80, 0x70, 0x0E, 0x03, 0x81, 0xF0, 0xFC, 0xFE, 0x1F, 0x03, 0x00, 0x00, 0x7E, 0x3F, 0x90,
    0xE0, 0x70, 0x38, 0x78, 0xF8, 0x7E, 0x03, 0x81, 0xC0, 0xE0, 0xF0, 0xF1, 0xFB, 0xF1, 0xE0, 0x00,
    0x00, 0x38, 0xC1, 0xF8, 0x0F, 0x80, 0xF0, 0x00, 0x0E, 0x07, 0xE0, 0x7E, 0x07, 0xE0, 0x7E, 0x07,
    0xE0, 0x7F, 0xFF, 0xFF, 0xFE, 0x07, 0xE0, 0x7E, 0x07, 0xE0, 0x7E, 0x07, 0xE0, 0x7E, 0x07, 0x63,
    0x81, 0xB8, 0x0F, 0x80, 0x38, 0x00, 0x00, 0x0E, 0x00, 0x70, 0x03, 0x80, 0x1C, 0x00, 0xEF, 0x07,
    0xFC, 0x3C, 0xF1, 0xC3, 0x8E, 0x1C, 0x70, 0xE3, 0x87, 0x1C, 0x38, 0xE1, 0xC7, 0x0E, 0x38, 0x71,
    0xC3, 0x80, 0xE7, 0x7E, 0x7D, 0x98, 0x77, 0xFF, 0x70, 0xFF, 0xF0, 0xFF, 0xFF, 0xC0, 0xCF, 0xF7,
    0x80, 0xFC, 0xEF, 0xDC, 0xF7, 0xCE, 0x76, 0x30, 0x69, 0x96, 0x7E, 0xEC, 0xEC, 0xF0, 0xFF, 0xCF,
    0x3C, 0xF3, 0xEE, 0x3B, 0x8E, 0xE0, 0x1C, 0xDD, 0x63, 0x7E, 0x3C, 0x3C, 0x7E, 0xC3, 0xC3, 0x6F,
    0x7E, 0x77, 0x6E, 0xC0, 0xEE, 0x67, 0x30, 0x77, 0x6E, 0xC0, 0xE3, 0xC3, 0x86, 0x3C, 0xE7, 0x38,
    0x3F, 0x90, 0x9F, 0xC0, 0xFF, 0xC2, 0x10, 0x84, 0x39, 0xDD, 0xEC, 0x00, 0x7F, 0x76, 0x22, 0xFF,
    0xFF, 0x22, 0x2F, 0xF2, 0xFF, 0x39, 0xCE, 0x73, 0xFF, 0xC0, 0xE7, 0x39, 0xCE, 0x7D, 0xE0, 0xFF,
    0x80, 0xEF, 0xDF, 0xB8, 0x77, 0xF7, 0xF7, 0x00, 0xFD, 0xE0, 0x30, 0xE0, 0xD3, 0x78, 0x73, 0x39,
    0xF7, 0x80, 0xFF, 0xFF, 0xFE, 0x0C, 0x18, 0x20, 0x93, 0x25, 0xB0, 0xC1, 0xF3, 0x9F, 0x87, 0x80,
    0x3C, 0x3C, 0x7E, 0xE7, 0xC3, 0xC3, 0x7E, 0x3C, 0x3C, 0x7E, 0xC3, 0xC3, 0x73, 0xFF, 0xCE, 0xFF,
    0xFC, 0xFF, 0xFF, 0xF0, 0xFF, 0xFF, 0xC0, 0x1F, 0xFF, 0xF8, 0x71, 0xFF, 0xCE, 0xFF, 0xFC, 0xFF,
    0xFF, 0xFF, 0xFC, 0x06, 0x3F, 0xF7, 0x08, 0x00, 0x00, 0xC0, 0x60, 0x18, 0x0C, 0x06, 0x01, 0x80,
    0xC0, 0x60, 0x18, 0x0C, 0x06, 0x01, 0x80, 0xC0, 0x00, 0xDD, 0xFC, 0x83, 0x07, 0xFF, 0xF0, 0xFF,
    0x81, 0x81, 0xFF, 0x6E, 0x91, 0x91, 0x0F, 0x6F, 0x00, 0x69, 0x60, 0xFF, 0xFF, 0xC0, 0x1F, 0xFF,
    0xF8, 0xF1, 0xE3, 0x83, 0x3C, 0xE7, 0x38, 0x71, 0xFF, 0xCE, 0x1D, 0xA0, 0xEF, 0xFD, 0xDF, 0xB3,
    0x80, 0xEE, 0xF7, 0xFF, 0xFF, 0xE0, 0x30, 0x18, 0x08, 0xFF, 0xFF, 0xC0, 0x1F, 0xFF, 0xF8, 0xCF,
    0x3C, 0xF3, 0xFF, 0x11, 0x10, 0x08, 0x7B, 0xFF, 0xDE, 0x10, 0x1C, 0x0E, 0x1E, 0x4F, 0xEC, 0xF0,
    0x00, 0x70, 0x38, 0x73, 0x7E, 0xCE, 0x73, 0x7E, 0xCE, 0x24, 0x7E, 0x7E, 0x24, 0x4B, 0xA4, 0xE3,
    0x8F, 0x00, 0x06, 0x15, 0x08, 0x41, 0x00, 0x00, 0x02, 0x02, 0x20, 0x00, 0xD0, 0x05, 0x80, 0x02,
    0x20, 0x20, 0x20, 0x80, 0x22, 0x08, 0x10, 0x30, 0x00, 0x78, 0xE3, 0x80, 0x87, 0x78, 0x7F, 0x76,
    0x3C, 0x7E, 0x63, 0xDF, 0x1C, 0xF6, 0xF0, 0x3E, 0xE3, 0x87, 0x78, 0x86, 0x76, 0x7E, 0x89, 0xDD,
    0xFC, 0xFF, 0x80, 0x6F, 0x6F, 0x6D, 0x26, 0x4C, 0x96, 0xC0, 0x4C, 0xF3, 0x20, 0xC0, 0x03, 0xE0,
    0x07, 0x78, 0x1E, 0x3F, 0xFC, 0x0F, 0xF0, 0xC0, 0x03, 0xE0, 0x07, 0x78, 0x1E, 0x3F, 0xFC, 0x0F,
    0xF0, 0xFF, 0xFF, 0xFF, 0xC0, 0xFF, 0xFF, 0xFF, 0xC0, 0x7F, 0x03, 0xFF, 0xFF, 0xC0, 0xFE, 0x0F,
    0xF0, 0x3F, 0xFC, 0x70, 0x0E, 0xC0, 0x03, 0x00, 0x04, 0x00, 0x03, 0x3F, 0xFF, 0xDF, 0xFF, 0xE0,
    0x00, 0x60, 0x00, 0x20, 0x07, 0xF9, 0xF0, 0x76, 0xBF, 0x07, 0x00, 0x51, 0x54, 0x74, 0x63, 0x17,
    0x00, 0x8C, 0x63, 0xF0, 0x78, 0x88, 0x70, 0x0B, 0xE3, 0x18, 0xBC, 0x87, 0xA3, 0x18, 0xC4, 0xFF,
    0x26, 0x4C, 0x99, 0x20, 0xF2, 0x48, 0x4E, 0x44, 0x47, 0x9C, 0xB4, 0xE6, 0x00, 0x68, 0xC3, 0x92,
    0x1C, 0x01, 0x80, 0x00, 0x00, 0x0F, 0xFF, 0xFF, 0xF8, 0x07, 0x00, 0xE0, 0x1C, 0x03, 0x80, 0x7F,
    0xEF, 0xFD, 0xC0, 0x38, 0x07, 0x00, 0xE0, 0x1C, 0x03, 0xFF, 0xFF, 0xF0, 0x73, 0x8E, 0x70, 0x00,
    0x7F, 0xFF, 0xFF, 0xC0, 0x38, 0x07, 0x00, 0xE0, 0x1C, 0x03, 0xFF, 0x7F, 0xEE, 0x01, 0xC0, 0x38,
    0x07, 0x00, 0xE0, 0x1F, 0xFF, 0xFF, 0x80, 0xFF, 0xF0, 0xFF, 0xF0, 0x0E, 0x00, 0x0E, 0x00, 0x0E,
    0x00, 0x0E, 0x00, 0x0E, 0x78, 0x0F, 0xFE, 0x0F, 0x0E, 0x0E, 0x07, 0x0E, 0x07, 0x0E, 0x07, 0x0E,
    0x07, 0x0E, 0x0E, 0x0E, 0x3C, 0x0E, 0x38, 0x07, 0x01, 0xC0, 0x00, 0x7F, 0xFF, 0xFF, 0xC0, 0x38,
    0x07, 0x00, 0xE0, 0x1C, 0x03, 0x80, 0x70, 0x0E, 0x01, 0xC0, 0x38, 0x07, 0x00, 0xE0, 0x1C, 0x03,
    0x80, 0x00, 0x0F, 0xC0, 0x7F, 0xC3, 0x87, 0x9C, 0x0E, 0x70, 0x3F, 0x80, 0x7E, 0x00, 0x3F, 0xC0,
    0xFF, 0x03, 0x80, 0x0E, 0x01, 0xDC, 0x0F, 0x70, 0x38, 0xE1, 0xE1, 0xFF, 0x03, 0xF0, 0x1F, 0x07,
    0xFC, 0x71, 0xEE, 0x0E, 0xE0, 0x7F, 0x00, 0xFF, 0x07, 0xFC, 0x3F, 0xE0, 0x7F, 0x00, 0xFE, 0x07,
    0xE0, 0x77, 0x0E, 0x3F, 0xE1, 0xF8, 0xFF, 0xFF, 0xFF, 0xFF, 0xFF, 0xFF, 0xEF, 0xDC, 0x01, 0xC3,
    0x87, 0x0E, 0x1C, 0x38, 0x70, 0xE1, 0xC3, 0x87, 0x0E, 0x1C, 0x38, 0x70, 0xE0, 0x00, 0xE0, 0x1C,
    0x03, 0x80, 0x70, 0x0E, 0x01, 0xC0, 0x38, 0x07, 0x00, 0xE0, 0x1C, 0x03, 0xF0, 0x7E, 0x0E, 0xE3,
    0x9F, 0xE0, 0xF8, 0x1F, 0xFC, 0x00, 0xFF, 0xE0, 0x07, 0x0F, 0x00, 0x38, 0x78, 0x01, 0xC3, 0xC0,
    0x0E, 0x1E, 0x00, 0x70, 0xFF, 0x03, 0x87, 0xFE, 0x1C, 0x3C, 0x70, 0xE1, 0xE1, 0xC7, 0x0F, 0x0E,
    0x38, 0x78, 0x73, 0xC3, 0xC3, 0x9C, 0x1E, 0x3B, 0xE0, 0xFF, 0xDE, 0x07, 0xF8, 0xE0, 0x70, 0x0E,
    0x07, 0x00, 0xE0, 0x70, 0x0E, 0x07, 0x00, 0xE0, 0x70, 0x0E, 0x07, 0x00, 0xFF, 0xFF, 0x8F, 0xFF,
    0xFE, 0xE0, 0x70, 0xEE, 0x07, 0x07, 0xE0, 0x70, 0x7E, 0x07, 0x07, 0xE0, 0x70, 0x7E, 0x07, 0x0E,
    0xE0, 0x7F, 0xEE, 0x07, 0xF8, 0xFF, 0xF0, 0xFF, 0xF0, 0x0E, 0x00, 0x0E, 0x00, 0x0E, 0x00, 0x0E,
    0x00, 0x0E, 0x7C, 0x0F, 0xFE, 0x0F, 0x0F, 0x0E, 0x07, 0x0E, 0x07, 0x0E, 0x07, 0x0E, 0x07, 0x0E,
    0x07, 0x0E, 0x07, 0x0E, 0x07, 0x07, 0x00, 0x60, 0x00, 0x0E, 0x0F, 0xE1, 0xEE, 0x1C, 0xE3, 0xCE,
    0x78, 0xE7, 0x0E, 0xF0, 0xFE, 0x0F, 0xE0, 0xEF, 0x0E, 0x70, 0xE7, 0x8E, 0x3C, 0xE1, 0xEE, 0x0E,
    0xE0, 0xF0, 0x0C, 0x00, 0xE0, 0x00, 0x00, 0x00, 0xE0, 0xFE, 0x0F, 0xE1, 0xFE, 0x1F, 0xE3, 0xFE,
    0x3F, 0xE7, 0x7E, 0x77, 0xEE, 0x7E, 0xE7, 0xFC, 0x7F, 0xC7, 0xF8, 0x7F, 0x87, 0xF0, 0x7F, 0x07,
    0x19, 0x81, 0xF8, 0x0F, 0x00, 0x00, 0xF0, 0xF7, 0x0E, 0x70, 0xE7, 0x9E, 0x39, 0xC3, 0x9C, 0x1D,
    0xC1, 0xF8, 0x1F, 0x80, 0xF8, 0x0F, 0x00, 0x70, 0x07, 0x00, 0x60, 0x3E, 0x03, 0xC0, 0xE0, 0xFC,
    0x1F, 0x83, 0xF0, 0x7E, 0x0F, 0xC1, 0xF8, 0x3F, 0x07, 0xE0, 0xFC, 0x1F, 0x83, 0xF0, 0x7E, 0x0F,
    0xC1, 0xFF, 0xFF, 0xFF, 0x0E, 0x01, 0xC0, 0x38, 0x00, 0x03, 0xC0, 0x0F, 0x80, 0x1F, 0x00, 0x3F,
    0x00, 0xEE, 0x01, 0xDC, 0x03, 0xBC, 0x0E, 0x38, 0x1C, 0x70, 0x38, 0xF0, 0xFF, 0xE1, 0xFF, 0xC3,
    0x81, 0xCE, 0x03, 0x9C, 0x07, 0x38, 0x0F, 0xFF, 0xDF, 0xFB, 0x80, 0x70, 0x0E, 0x01, 0xC0, 0x38,
    0x07, 0xF8, 0xFF, 0xDC, 0x3F, 0x83, 0xF0, 0x7E, 0x0F, 0xC3, 0xFF, 0xF7, 0xF8, 0xFF, 0x8F, 0xFC,
    0xE1, 0xEE, 0x0E, 0xE0, 0xEE, 0x0E, 0xE1, 0xCF, 0xF8, 0xFF, 0xCE, 0x0E, 0xE0, 0x7E, 0x07, 0xE0,
    0x7E, 0x0F, 0xFF, 0xEF, 0xF8, 0xFF, 0xFF, 0xFF, 0x80, 0x70, 0x0E, 0x01, 0xC0, 0x38, 0x07, 0x00,
    0xE0, 0x1C, 0x03, 0x80, 0x70, 0x0E, 0x01, 0xC0, 0x38, 0x07, 0x00, 0x1F, 0xFC, 0x1F, 0xFC, 0x1E,
    0x1C, 0x1E, 0x1C, 0x1C, 0x1C, 0x1C, 0x1C, 0x1C, 0x1C, 0x1C, 0x1C, 0x1C, 0x1C, 0x1C, 0x1C, 0x1C,
    0x1C, 0x3C, 0x1C, 0x3C, 0x1C, 0x38, 0x1C, 0xFF, 0xFF, 0xFF, 0xFF, 0xE0, 0x07, 0xE0, 0x07, 0xE0,
    0x07, 0xFF, 0xFF, 0xFF, 0x80, 0x70, 0x0E, 0x01, 0xC0, 0x38, 0x07, 0xFE, 0xFF, 0xDC, 0x03, 0x80,
    0x70, 0x0E, 0x01, 0xC0, 0x3F, 0xFF, 0xFF, 0x78, 0x70, 0xF3, 0xC3, 0x87, 0x8F, 0x1C, 0x78, 0x3C,
    0xE7, 0x81, 0xE7, 0x3C, 0x07, 0xBB, 0xC0, 0x1F, 0xFC, 0x00, 0xFF, 0xE0, 0x07, 0xFF, 0x00, 0x3F,
    0xF8, 0x03, 0xDD, 0xE0, 0x3C, 0xE7, 0x81, 0xC7, 0x1C, 0x1E, 0x38, 0xF1, 0xE1, 0xC3, 0xDE, 0x0E,
    0x0F, 0x0F, 0x81, 0xFF, 0x1E, 0x3C, 0xE0, 0xE0, 0x07, 0x00, 0x70, 0x1F, 0x00, 0xFC, 0x00, 0x70,
    0x01, 0xC0, 0x0F, 0xE0, 0x77, 0x03, 0xBC, 0x38, 0xFF, 0x81, 0xF8, 0xE0, 0xFE, 0x0F, 0xE1, 0xFE,
    0x1F, 0xE3, 0xFE, 0x3F, 0xE7, 0x7E, 0x77, 0xEE, 0x7E, 0xE7, 0xFC, 0x7F, 0xC7, 0xF8, 0x7F, 0x87,
    0xF0, 0x7F, 0x07, 0x19, 0x81, 0xF8, 0x0F, 0x00, 0x00, 0xE0, 0xFE, 0x0F, 0xE1, 0xFE, 0x1F, 0xE3,
    0xFE, 0x3F, 0xE7, 0x7E, 0x77, 0xEE, 0x7E, 0xE7, 0xFC, 0x7F, 0xC7, 0xF8, 0x7F, 0x87, 0xF0, 0x7F,
    0x07, 0xE0, 0xFE, 0x1E, 0xE1, 0xCE, 0x3C, 0xE7, 0x8E, 0x70, 0xEF, 0x0F, 0xE0, 0xFE, 0x0E, 0xF0,
    0xE7, 0x0E, 0x78, 0xE3, 0xCE, 0x1E, 0xE0, 0xEE, 0x0F, 0x0F, 0xFC, 0x3F, 0xF0, 0xE1, 0xC3, 0x87,
    0x0E, 0x1C, 0x38, 0x71, 0xC1, 0xC7, 0x07, 0x1C, 0x1C, 0x70, 0x71, 0xC1, 0xC7, 0x07, 0x1C, 0x1C,
    0x70, 0x7F, 0x81, 0xFC, 0x07, 0xF0, 0x0F, 0xF8, 0x1F, 0xF8, 0x1F, 0xF8, 0x1F, 0xFC, 0x3F, 0xFC,
    0x3F, 0xFC, 0x3F, 0xEE, 0x77, 0xEE, 0x77, 0xEE, 0x77, 0xE7, 0xE7, 0xE7, 0xE7, 0xE7, 0xE7, 0xE3,
    0xC7, 0xE3, 0xC7, 0xE3, 0xC7, 0xE0, 0x7E, 0x07, 0xE0, 0x7E, 0x07, 0xE0, 0x7E, 0x07, 0xE0, 0x7F,
    0xFF, 0xFF, 0xFE, 0x07, 0xE0, 0x7E, 0x07, 0xE0, 0x7E, 0x07, 0xE0, 0x7E, 0x07, 0x0F, 0xC0, 0x7F,
    0x83, 0x87, 0x1C, 0x0E, 0x70, 0x3B, 0x80, 0x7E, 0x01, 0xF8, 0x07, 0xE0, 0x1F, 0x80, 0x7E, 0x01,
    0xDC, 0x0E, 0x70, 0x38, 0xE1, 0xC3, 0xFF, 0x03, 0xF0, 0xFF, 0xFF, 0xFF, 0xE0, 0x7E, 0x07, 0xE0,
    0x7E, 0x07, 0xE0, 0x7E, 0x07, 0xE0, 0x7E, 0x07, 0xE0, 0x7E, 0x07, 0xE0, 0x7E, 0x07, 0xE0, 0x7E,
    0x07, 0xFF, 0x1F, 0xFB, 0x87, 0x70, 0x7E, 0x0F, 0xC1, 0xF8, 0x3F, 0x0E, 0xFF, 0xDF, 0xE3, 0x80,
    0x70, 0x0E, 0x01, 0xC0, 0x38, 0x07, 0x00, 0x0F, 0xC0, 0xFF, 0x0E, 0x3C, 0xE0, 0xF7, 0x03, 0xF0,
    0x03, 0x80, 0x1C, 0x00, 0xE0, 0x07, 0x00, 0x38, 0x0E, 0xE0, 0x77, 0x07, 0x9C, 0x78, 0xFF, 0x81,
    0xF8, 0xFF, 0xFF, 0xFF, 0x07, 0x00, 0x70, 0x07, 0x00, 0x70, 0x07, 0x00, 0x70, 0x07, 0x00, 0x70,
    0x07, 0x00, 0x70, 0x07, 0x00, 0x70, 0x07, 0x00, 0x70, 0xF0, 0x77, 0x0F, 0x70, 0xE7, 0x8E, 0x38,
    0xE3, 0x9C, 0x39, 0xC1, 0xDC, 0x1F, 0x81, 0xF8, 0x0F, 0x80, 0xF0, 0x07, 0x00, 0x70, 0x3E, 0x03,
    0xC0, 0x01, 0xC0, 0x01, 0xC0, 0x0F, 0xF0, 0x3F, 0xFC, 0x79, 0xDE, 0x71, 0xCE, 0xE1, 0xC7, 0xE1,
    0xC7, 0xE1, 0xC7, 0xE1, 0xC7, 0x71, 0xCE, 0x79, 0xDE, 0x3F, 0xFC, 0x0F, 0xF0, 0x01, 0xC0, 0x01,
    0xC0, 0x70, 0x3D, 0xE1, 0xE3, 0x87, 0x0F, 0x3C, 0x1E, 0xE0, 0x3F, 0x80, 0xFC, 0x01, 0xE0, 0x07,
    0x80, 0x3F, 0x00, 0xFE, 0x07, 0xB8, 0x3C, 0xF0, 0xE1, 0xE7, 0x87, 0x9C, 0x0F, 0xE0, 0x73, 0x81,
    0xCE, 0x07, 0x38, 0x1C, 0xE0, 0x73, 0x81, 0xCE, 0x07, 0x38, 0x1C, 0xE0, 0x73, 0x81, 0xCE, 0x07,
    0x38, 0x1C, 0xE0, 0x73, 0x81, 0xCF, 0xFF, 0xFF, 0xFF, 0x00, 0x1C, 0x00, 0x70, 0x01, 0xC0, 0xE0,
    0x7E, 0x07, 0xE0, 0x7E, 0x07, 0xE0, 0x7E, 0x07, 0xE0, 0x7F, 0x0F, 0x7F, 0xF3, 0xF7, 0x00, 0x70,
    0x07, 0x00, 0x70, 0x07, 0x00, 0x70, 0x07, 0xE1, 0xC3, 0xF0, 0xE1, 0xF8, 0x70, 0xFC, 0x38, 0x7E,
    0x1C, 0x3F, 0x0E, 0x1F, 0x87, 0x0F, 0xC3, 0x87, 0xE1, 0xC3, 0xF0, 0xE1, 0xF8, 0x70, 0xFC, 0x38,
    0x7E, 0x1C, 0x3F, 0x0E, 0x1F, 0xFF, 0xFF, 0xFF, 0xFF, 0xE1, 0xC3, 0x9C, 0x38, 0x73, 0x87, 0x0E,
    0x70, 0xE1, 0xCE, 0x1C, 0x39, 0xC3, 0x87, 0x38, 0x70, 0xE7, 0x0E, 0x1C, 0xE1, 0xC3, 0x9C, 0x38,
    0x73, 0x87, 0x0E, 0x70, 0xE1, 0xCE, 0x1C, 0x39, 0xC3, 0x87, 0x3F, 0xFF, 0xFF, 0xFF, 0xFF, 0x00,
    0x00, 0xE0, 0x00, 0x1C, 0x00, 0x03, 0x80, 0xF8, 0x07, 0xC0, 0x0E, 0x00, 0x70, 0x03, 0x80, 0x1C,
    0x00, 0xFF, 0x07, 0xFE, 0x38, 0x71, 0xC1, 0xCE, 0x0E, 0x70, 0x73, 0x83, 0x9C, 0x38, 0xFF, 0xC7,
    0xF8, 0xE0, 0x07, 0xE0, 0x07, 0xE0, 0x07, 0xE0, 0x07, 0xE0, 0x07, 0xE0, 0x07, 0xFF, 0x07, 0xFF,
    0xC7, 0xE1, 0xC7, 0xE0, 0xE7, 0xE0, 0xE7, 0xE0, 0xE7, 0xE0, 0xE7, 0xE1, 0xC7, 0xFF, 0xC7, 0xFF,
    0x07, 0xE0, 0x1C, 0x03, 0x80, 0x70, 0x0E, 0x01, 0xC0, 0x3F, 0xC7, 0xFE, 0xE1, 0xDC, 0x1F, 0x83,
    0xF0, 0x7E, 0x0F, 0xC3, 0xBF, 0xF7, 0xF8, 0x0F, 0xC0, 0xFF, 0x87, 0x87, 0x1C, 0x0E, 0xF0, 0x3B,
    0x80, 0x70, 0x01, 0xC0, 0xFF, 0x03, 0xFC, 0x00, 0x7E, 0x01, 0xFC, 0x0E, 0x70, 0x39, 0xE1, 0xC3,
    0xFE, 0x03, 0xF0, 0xE0, 0x7E, 0x1C, 0x1F, 0xE3, 0x87, 0x0E, 0x71, 0xC0, 0xEE, 0x38, 0x1D, 0xCE,
    0x01, 0xF9, 0xC0, 0x3F, 0xF8, 0x07, 0xFF, 0x00, 0xFC, 0xE0, 0x1F, 0x9C, 0x03, 0xF1, 0xC0, 0xEE,
    0x38, 0x1D, 0xC3, 0x87, 0x38, 0x7F, 0xE7, 0x03, 0xF0, 0x0F, 0xF9, 0xFF, 0xCE, 0x0E, 0xE0, 0x77,
    0x03, 0xB8, 0x1D, 0xC0, 0xEF, 0x07, 0x3F, 0xF8, 0xFF, 0xC7, 0x8E, 0x38, 0x73, 0xC3, 0x9C, 0x1D,
    0xC0, 0xEE, 0x07, 0x1F, 0x0F, 0xF1, 0xCF, 0x70, 0xE0, 0x1C, 0x7F, 0x9F, 0xF7, 0x8E, 0xE1, 0xDC,
    0x7B, 0xFF, 0x9E, 0x30, 0x03, 0x00, 0xE0, 0x78, 0x1E, 0x07, 0x80, 0xE0, 0x3B, 0xC7, 0xFE, 0xF9,
    0xDE, 0x1F, 0xC3, 0xF8, 0x7F, 0x0E, 0xE1, 0xDE, 0x71, 0xFE, 0x1F, 0x00, 0xFF, 0x3F, 0xEE, 0x1F,
    0x87, 0xE1, 0xFF, 0xEF, 0xFB, 0x87, 0xE1, 0xF8, 0x7F, 0xFB, 0xFC, 0xFF, 0xFF, 0xF8, 0x1C, 0x0E,
    0x07, 0x03, 0x81, 0xC0, 0xE0, 0x70, 0x38, 0x1C, 0x00, 0x1F, 0xF0, 0x7F, 0xC1, 0xC7, 0x07, 0x1C,
    0x18, 0x70, 0x61, 0xC3, 0x87, 0x0E, 0x1C, 0x38, 0x70, 0xC1, 0xCF, 0xFF, 0xFF, 0xFF, 0xE0, 0x1F,
    0x80, 0x7E, 0x01, 0xC0, 0x1F, 0x07, 0xF1, 0xC7, 0x70, 0x7E, 0x0F, 0xFF, 0xFF, 0xFF, 0x00, 0xE0,
    0x0E, 0x38, 0xFF, 0x0F, 0x80, 0x78, 0xE3, 0xCF, 0x1C, 0x78, 0xF3, 0x9E, 0x0F, 0x77, 0x80, 0xEE,
    0xE0, 0x1F, 0xFC, 0x03, 0xFF, 0x80, 0x77, 0x70, 0x1E, 0xEF, 0x07, 0x9C, 0xF1, 0xE3, 0x8F, 0x38,
    0x70, 0xE0, 0x1F, 0x0F, 0xE7, 0x1C, 0x07, 0x01, 0xC1, 0xE0, 0x78, 0x07, 0xF1, 0xDC, 0x77, 0xF8,
    0x7C, 0xE1, 0xF8, 0xFE, 0x3F, 0x9F, 0xE7, 0xFB, 0xFF, 0xDF, 0xF7, 0xF9, 0xFC, 0x7F, 0x1F, 0x87,
    0x23, 0x0F, 0xC1, 0xE0, 0x00, 0xE1, 0xF8, 0xFE, 0x3F, 0x9F, 0xEF, 0xFB, 0xFF, 0xDF, 0xF7, 0xF9,
    0xFC, 0x7F, 0x1F, 0x87, 0xE1, 0xDC, 0x7B, 0x9E, 0x73, 0x8E, 0xF1, 0xFC, 0x3F, 0x87, 0x78, 0xE7,
    0x1C, 0xF3, 0x8F, 0x70, 0xF0, 0x1F, 0xF1, 0xFF, 0x1C, 0x71, 0xC7, 0x1C, 0x71, 0xC7, 0x38, 0x73,
    0x87, 0x38, 0x73, 0x87, 0xF8, 0x7F, 0x07, 0xF0, 0x7F, 0x83, 0xFC, 0x1F, 0xF1, 0xFF, 0x8F, 0xFC,
    0x7F, 0xF7, 0xFD, 0xB7, 0xED, 0xBF, 0x7D, 0xF9, 0xCF, 0xCE, 0x70, 0xE1, 0xF8, 0x7E, 0x1F, 0x87,
    0xE1, 0xFF, 0xFF, 0xFF, 0x87, 0xE1, 0xF8, 0x7E, 0x1F, 0x87, 0x1F, 0x07, 0xF1, 0xC7, 0x70, 0x7E,
    0x0F, 0xC1, 0xF8, 0x3F, 0x07, 0xE0, 0xEE, 0x38, 0xFE, 0x0F, 0x80, 0xFF, 0xFF, 0xFE, 0x1F, 0x87,
    0xE1, 0xF8, 0x7E, 0x1F, 0x87, 0xE1, 0xF8, 0x7E, 0x1F, 0x87, 0xEF, 0x1F, 0xFB, 0xC7, 0x70, 0x7E,
    0x0F, 0xC1, 0xF8, 0x3F, 0x07, 0xE0, 0xFE, 0x3B, 0xFF, 0x77, 0x8E, 0x01, 0xC0, 0x38, 0x00, 0x1F,
    0x07, 0xF9, 0xC7, 0x70, 0xFE, 0x01, 0xC0, 0x38, 0x07, 0x07, 0xE1, 0xEE, 0x38, 0xFF, 0x0F, 0x80,
    0xFF, 0xFF, 0xFC, 0x38, 0x07, 0x00, 0xE0, 0x1C, 0x03, 0x80, 0x70, 0x0E, 0x01, 0xC0, 0x38, 0x07,
    0x00, 0xE0, 0xEE, 0x1D, 0xC3, 0xB8, 0xE3, 0x9C, 0x73, 0x8E, 0xE0, 0xFC, 0x1F, 0x83, 0xE0, 0x3C,
    0x07, 0x80, 0xE0, 0x7C, 0x0F, 0x00, 0x07, 0x00, 0x38, 0x01, 0xC0, 0x0E, 0x00, 0xF8, 0x1F, 0xF1,
    0xFF, 0xDE, 0xEF, 0xE7, 0x3F, 0x39, 0xF9, 0xCF, 0xCE, 0x7F, 0x77, 0xBF, 0xF8, 0xFF, 0x81, 0xF0,
    0x07, 0x00, 0x38, 0x01, 0xC0, 0xF0, 0xE7, 0x1E, 0x39, 0xC3, 0xF8, 0x1F, 0x80, 0xF0, 0x0F, 0x01,
    0xF8, 0x3B, 0x83, 0x9C, 0x71, 0xEF, 0x0E, 0xE1, 0xCE, 0x1C, 0xE1, 0xCE, 0x1C, 0xE1, 0xCE, 0x1C,
    0xE1, 0xCE, 0x1C, 0xE1, 0xCE, 0x1C, 0xFF, 0xFF, 0xFF, 0x00, 0x70, 0x07, 0x00, 0x70, 0xE0, 0xFC,
    0x1F, 0x83, 0xF0, 0x7E, 0x0F, 0xE3, 0xDF, 0xF9, 0xF7, 0x00, 0xE0, 0x1C, 0x03, 0x80, 0x70, 0xE3,
    0x8F, 0xC7, 0x1F, 0x8E, 0x3F, 0x1C, 0x7E, 0x38, 0xFC, 0x71, 0xF8, 0xE3, 0xF1, 0xC7, 0xE3, 0x8F,
    0xC7, 0x1F, 0xFF, 0xFF, 0xFF, 0xF0, 0xE3, 0x8E, 0x71, 0xC7, 0x38, 0xE3, 0x9C, 0x71, 0xCE, 0x38,
    0xE7, 0x1C, 0x73, 0x8E, 0x39, 0xC7, 0x1C, 0xE3, 0x8E, 0x71, 0xC7, 0x3F, 0xFF, 0xFF, 0xFF, 0xF0,
    0x00, 0x38, 0x00, 0x1C, 0x00, 0x0E, 0xF8, 0x0F, 0x80, 0x38, 0x03, 0x80, 0x38, 0x03, 0xFC, 0x3F,
    0xE3, 0x87, 0x38, 0x73, 0x87, 0x3F, 0xE3, 0xFC, 0xE0, 0x0F, 0xC0, 0x1F, 0x80, 0x3F, 0x00, 0x7E,
    0x00, 0xFF, 0xE1, 0xFF, 0xE3, 0xF0, 0xE7, 0xE1, 0xCF, 0xC3, 0x9F, 0xFE, 0x3F, 0xF8, 0x70, 0xE0,
    0x38, 0x0E, 0x03, 0x80, 0xE0, 0x3F, 0xCF, 0xFB, 0x87, 0xE1, 0xF8, 0x7F, 0xFB, 0xFC, 0x1F, 0x0F,
    0xF1, 0xC7, 0x70, 0x70, 0x0E, 0x0F, 0xC1, 0xF8, 0x07, 0xE0, 0xEE, 0x39, 0xFE, 0x0F, 0x80, 0xE0,
    0xF8, 0xE1, 0xFC, 0xE3, 0x8E, 0xE7, 0x07, 0xE7, 0x07, 0xFF, 0x07, 0xFF, 0x07, 0xE7, 0x07, 0xE7,
    0x07, 0xE3, 0x8E, 0xE1, 0xFC, 0xE0, 0xF8, 0x3F, 0xDF, 0xFF, 0x1F, 0x87, 0xE1, 0xFC, 0x77, 0xFC,
    0xFF, 0x39, 0xDC, 0x7F, 0x1F, 0x87, 0x1C, 0x01, 0xC0, 0x00, 0x0F, 0x83, 0xF8, 0xE3, 0xB8, 0x3F,
    0x07, 0xFF, 0xFF, 0xFF, 0x80, 0x70, 0x07, 0x1C, 0x7F, 0x87, 0xC0, 0x3B, 0x87, 0x70, 0x00, 0x00,
    0x01, 0xF0, 0x7F, 0x1C, 0x77, 0x07, 0xE0, 0xFF, 0xFF, 0xFF, 0xF0, 0x0E, 0x00, 0xE3, 0x8F, 0xF0,
    0xF8, 0x38, 0x0F, 0xE0, 0xFE, 0x03, 0x80, 0x3B, 0xC3, 0xFE, 0x3C, 0xF3, 0x87, 0x38, 0x73, 0x87,
    0x38, 0x73, 0x87, 0x38, 0x73, 0x87, 0x38, 0x73, 0x87, 0x00, 0x70, 0x1E, 0x01, 0xC0, 0x0E, 0x0E,
    0x00, 0x00, 0x0F, 0xFF, 0xFF, 0x81, 0xC0, 0xE0, 0x70, 0x38, 0x1C, 0x0E, 0x07, 0x03, 0x81, 0xC0,
    0x1F, 0x07, 0xF9, 0xC7, 0x70, 0x7E, 0x01, 0xF8, 0x3F, 0x07, 0x00, 0xE0, 0xEE, 0x38, 0xFF, 0x0F,
    0x80, 0x3F, 0x1F, 0xEE, 0x3F, 0x87, 0xF0, 0x3F, 0xC3, 0xF8, 0x1F, 0xE1, 0xF8, 0x77, 0xF8, 0xFC,
    0xFC, 0x0F, 0xFF, 0xFF, 0xFF, 0xFF, 0xEF, 0xDC, 0x00, 0x03, 0x87, 0x0E, 0x1C, 0x38, 0x70, 0xE1,
    0xC3, 0x87, 0x0E, 0x1C, 0x1C, 0x70, 0x00, 0x1C, 0x71, 0xC7, 0x1C, 0x71, 0xC7, 0x1C, 0x71, 0xC7,
    0x1F, 0xFF, 0x80, 0x1F, 0xF0, 0x03, 0xFE, 0x00, 0x71, 0xC0, 0x0E, 0x38, 0x01, 0xC7, 0x00, 0x38,
    0xFF, 0x0E, 0x1F, 0xF1, 0xC3, 0x87, 0x38, 0x70, 0xE7, 0x0E, 0x1F, 0xE1, 0xFF, 0x78, 0x3F, 0xC0,
    0xE1, 0xC0, 0x70, 0xE0, 0x38, 0x70, 0x1C, 0x38, 0x0E, 0x1C, 0x07, 0xFF, 0xF3, 0xFF, 0xFD, 0xC3,
    0x87, 0xE1, 0xC3, 0xF0, 0xE1, 0xF8, 0x7F, 0xDC, 0x3F, 0xC0, 0x38, 0x0F, 0xF0, 0xFF, 0x03, 0x80,
    0x3B, 0xC3, 0xFE, 0x3C, 0xF3, 0x87, 0x38, 0x73, 0x87, 0x38, 0x73, 0x87, 0x38, 0x73, 0x87, 0x38,
    0x73, 0x87, 0x06, 0x01, 0xC0, 0x00, 0x00, 0x0E, 0x1D, 0xC7, 0xB9, 0xE7, 0x38, 0xEF, 0x1F, 0xC3,
    0xF8, 0x77, 0x8E, 0x71, 0xCF, 0x38, 0xF7, 0x0F, 0x3C, 0x07, 0x00, 0x00, 0x00, 0xE1, 0xF8, 0xFE,
    0x3F, 0x9F, 0xE7, 0xFB, 0xFF, 0xDF, 0xF7, 0xF9, 0xFC, 0x7F, 0x1F, 0x87, 0x33, 0x07, 0xE0, 0x78,
    0x00, 0x0E, 0x1D, 0xC3, 0xBC, 0x73, 0x9C, 0x73, 0x86, 0x70, 0xEC, 0x1F, 0x81, 0xF0, 0x3E, 0x07,
    0x80, 0x70, 0x0E, 0x0F, 0x81, 0xE0, 0x00, 0xE0, 0xFC, 0x1F, 0x83, 0xF0, 0x7E, 0x0F, 0xC1, 0xF8,
    0x3F, 0x07, 0xE0, 0xFC, 0x1F, 0xFF, 0xFF, 0xF0, 0xE0, 0x1C, 0x03, 0x80, 0xE0, 0xE0, 0xFC, 0x1C,
    0x1F, 0x83, 0x83, 0xF0, 0x70, 0x7E, 0x0E, 0x0E, 0xE1, 0xE1, 0xDC, 0x3C, 0x73, 0x8F, 0x8E, 0x79,
    0xF1, 0xC7, 0x37, 0x38, 0xEE, 0xEE, 0x1F, 0xDF, 0xC1, 0xF9, 0xF8, 0x3E, 0x3E, 0x03, 0xC3, 0xC0,
    0xE1, 0xC3, 0xF0, 0xE1, 0xF8, 0x70, 0xFC, 0x38, 0x77, 0x1E, 0x3B, 0x8F, 0x39, 0xC7, 0x9C, 0xE7,
    0xCE, 0x3F, 0x7E, 0x1F, 0xBF, 0x07, 0x8F, 0x03, 0xC7, 0x80, 0x38, 0x01, 0xC0, 0x3F, 0x81, 0xFC,
    0x03, 0x80, 0x1C, 0x00, 0xFF, 0x07, 0xFE, 0x38, 0x71, 0xC1, 0xCE, 0x0E, 0x70, 0x73, 0x83, 0x9C,
    0x3C, 0xFF, 0xC7, 0xF8, 0x38, 0x03, 0x80, 0xFE, 0x0F, 0xE0, 0x38, 0x03, 0x80, 0x38, 0x03, 0x80,
    0x3F, 0xC3, 0xFE, 0x38, 0xF3, 0x87, 0x38, 0x73, 0x8F, 0x3F, 0xE3, 0xFC, 0xE0, 0x3F, 0x70, 0x7F,
    0xF8, 0x78, 0x5C, 0x70, 0x0E, 0x38, 0x07, 0x3C, 0x03, 0xFF, 0xF9, 0xFF, 0xFC, 0xE7, 0x80, 0x73,
    0xC0, 0x38, 0xE0, 0x1C, 0x78, 0x0E, 0x1E, 0x1F, 0x07, 0xFF, 0x81, 0xFC, 0xE0, 0xFF, 0xC3, 0xFB,
    0x8F, 0x17, 0x1C, 0x0E, 0x78, 0x1F, 0xFF, 0x3F, 0xFE, 0x73, 0xC0, 0xE3, 0x81, 0xC7, 0x0F, 0x87,
    0xFF, 0x07, 0xE0, 0x07, 0xC0, 0x0F, 0x80, 0x3B, 0x00, 0x77, 0x00, 0xC6, 0x03, 0x8E, 0x07, 0xFC,
    0x0F, 0xF8, 0x3B, 0xB8, 0x77, 0x71, 0xCE, 0x73, 0x9C, 0xE7, 0x39, 0xDC, 0x71, 0xF8, 0xE3, 0x80,
    0x0F, 0x80, 0x7C, 0x07, 0x70, 0x3B, 0x81, 0xDC, 0x1C, 0x70, 0xFF, 0x8E, 0xEE, 0x77, 0x73, 0x39,
    0xB9, 0xCF, 0xCE, 0x70, 0xE0, 0x7C, 0x1C, 0x0F, 0x83, 0x83, 0xB0, 0x70, 0x77, 0x0E, 0x0C, 0x61,
    0xC3, 0x8E, 0x3F, 0xFF, 0xC7, 0xFF, 0xF8, 0xE3, 0xBB, 0x9C, 0x77, 0x73, 0x9C, 0xE7, 0x73, 0x9C,
    0xEE, 0x73, 0x9D, 0xDC, 0x71, 0xFB, 0x8E, 0x38, 0xE0, 0xF8, 0x70, 0x7C, 0x38, 0x37, 0x1C, 0x3B,
    0x8E, 0x18, 0xC7, 0xFF, 0xF3, 0xFF, 0xF9, 0xC6, 0xEE, 0xE7, 0x77, 0x73, 0xB9, 0xB9, 0x9C, 0xFD,
    0xCE, 0x70, 0x7F, 0xF9, 0xFF, 0xE0, 0x00, 0x1E, 0x0E, 0x3C, 0x70, 0x73, 0x80, 0xEE, 0x03, 0xF0,
    0x1F, 0xE0, 0xFF, 0xC7, 0xBB, 0x9C, 0xEE, 0x73, 0xBB, 0xCE, 0x7E, 0x39, 0xF8, 0xE7, 0x7F, 0xF9,
    0xFF, 0xE0, 0x00, 0x1C, 0x1C, 0x18, 0xE0, 0x3F, 0x01, 0xFE, 0x0D, 0xDC, 0x77, 0x39, 0xDC, 0xE6,
    0x73, 0xB9, 0xC7, 0xE3, 0xFF, 0xEE, 0x3F, 0xFE, 0xE1, 0xC1, 0xCE, 0x0E, 0x38, 0xE0, 0xF7, 0x0E,
    0x07, 0x70, 0xFF, 0xFF, 0x0F, 0xFF, 0xF8, 0xE1, 0xDD, 0xCE, 0x39, 0xDC, 0xE3, 0x9C, 0xEE, 0x79,
    0xCE, 0xE7, 0x9C, 0xEE, 0x71, 0xC7, 0xEF, 0x1C, 0x70, 0xE7, 0xFF, 0x73, 0xFF, 0xB8, 0xE3, 0x9C,
    0x33, 0x8E, 0x1D, 0xC7, 0xFF, 0xC3, 0xFF, 0xF9, 0xC6, 0xEC, 0xE7, 0x77, 0x73, 0x3B, 0xB9, 0x9C,
    0xDD, 0xCE, 0x70, 0x30, 0xC3, 0x9C, 0x1F, 0x00, 0xF0, 0x7F, 0xCF, 0xFC, 0x71, 0xE0, 0x0E, 0x00,
    0xE0, 0x1C, 0x1F, 0x81, 0xFC, 0x01, 0xE0, 0x07, 0x00, 0x70, 0x07, 0x00, 0xE3, 0xFE, 0xFF, 0x8E,
    0x00, 0xE0, 0x0F, 0xFC, 0x7F, 0xC0, 0x71, 0xCC, 0xF1, 0xF0, 0xFC, 0x7F, 0x9F, 0xF0, 0x1C, 0x07,
    0x1F, 0x87, 0xE0, 0x3C, 0x07, 0x03, 0xCF, 0xEF, 0xF3, 0x80, 0xE0, 0x3F, 0xE7, 0xF8, 0xE3, 0x8F,
    0xC7, 0x1F, 0x8E, 0x3F, 0x1C, 0x7E, 0x38, 0xFC, 0x71, 0xF8, 0xE3, 0xF1, 0xC7, 0x73, 0x9C, 0x7F,
    0xF0, 0x7F, 0xC0, 0x1C, 0x00, 0x38, 0x00, 0x70, 0x00, 0xE0, 0x00, 0x03, 0x80, 0x07, 0x00, 0x0E,
    0x00, 0x1C, 0x0E, 0x39, 0xDC, 0x71, 0xF8, 0xE3, 0xF1, 0xC7, 0xE3, 0x8F, 0xC7, 0x1F, 0x8E, 0x3F,
    0x1C, 0x7F, 0x39, 0xEF, 0xFF, 0x9F, 0xFE, 0x0F, 0xF8, 0x03, 0x80, 0x07, 0x00, 0x0E, 0x00, 0x1C,
    0x00, 0x38, 0x00, 0x0F, 0xC0, 0x7F, 0x83, 0x87, 0x1C, 0x0E, 0x70, 0x3B, 0x80, 0x7F, 0xE1, 0xFF,
    0xFF, 0xFF, 0xFF, 0x87, 0xFE, 0x01, 0xDC, 0x0E, 0x70, 0x38, 0xE1, 0xC3, 0xFF, 0x03, 0xF0, 0x1F,
    0x07, 0xF1, 0xC7, 0x70, 0x7F, 0xCF, 0xFF, 0xF8, 0xFF, 0x07, 0xE0, 0xEE, 0x38, 0xFE, 0x0F, 0x80,
    0xE0, 0x0F, 0xC0, 0x3D, 0xC0, 0xE3, 0x81, 0xC7, 0x07, 0x07, 0x0E, 0x0E, 0x1C, 0x1C, 0x70, 0x1C,
    0xE0, 0x39, 0xC0, 0x77, 0x00, 0x7E, 0x00, 0xFC, 0x01, 0xF8, 0x01, 0xE0, 0x03, 0xC0, 0xE0, 0x7E,
    0x0F, 0xF1, 0xE7, 0x1C, 0x71, 0xC7, 0x38, 0x3B, 0x83, 0xB8, 0x3F, 0x01, 0xF0, 0x1F, 0x01, 0xE0,
    0x3B, 0x80, 0x33, 0x80, 0x33, 0x00, 0x00, 0x00, 0x00, 0x1E, 0x03, 0xDC, 0x07, 0xB8, 0x1C, 0x78,
    0x38, 0x70, 0xE0, 0xE1, 0xC1, 0xE3, 0x81, 0xCE, 0x03, 0x9C, 0x07, 0x38, 0x07, 0xE0, 0x0F, 0xC0,
    0x1F, 0x80, 0x1E, 0x00, 0x3C, 0x00, 0x77, 0x01, 0xDC, 0x07, 0x70, 0x00, 0x07, 0x03, 0xB8, 0x3D,
    0xC3, 0xE7, 0x1C, 0x38, 0xE1, 0xCE, 0x07, 0x70, 0x3B, 0x80, 0xD8, 0x07, 0xC0, 0x3E, 0x00, 0xE0,
    0x0F, 0x80, 0x00, 0x0F, 0xF8, 0x00, 0x07, 0x8F, 0x00, 0x01, 0xC1, 0xCF, 0x07, 0xE0, 0x39, 0xC3,
    0xF8, 0x0E, 0x78, 0xEE, 0x03, 0x8E, 0x3B, 0x80, 0xE3, 0x9E, 0xE0, 0x38, 0xF7, 0x38, 0x0E, 0x1D,
    0xCF, 0x07, 0x87, 0xE1, 0xE3, 0xC0, 0xF8, 0x7F, 0xF0, 0x3E, 0x0F, 0xF8, 0x0F, 0x00, 0xF8, 0x01,
    0xC0, 0x00, 0x00, 0x70, 0x00, 0x00, 0x38, 0x00, 0x00, 0x1E, 0x00, 0x00, 0x1F, 0x00, 0x00, 0x07,
    0x80, 0x1F, 0x0E, 0x0E, 0x3F, 0x8F, 0x0E, 0x71, 0xC7, 0x0E, 0xE0, 0xE7, 0x1C, 0xE0, 0xE7, 0x1C,
    0xE0, 0xE3, 0x9C, 0xE0, 0xE3, 0xB8, 0xE0, 0xE1, 0xB8, 0xE0, 0xE1, 0xF8, 0x71, 0xC1, 0xF0, 0x3F,
    0x80, 0xF0, 0x1F, 0x00, 0xF0, 0x00, 0x00, 0xE0, 0x00, 0x00, 0xE0, 0x00, 0x01, 0xC0, 0x00, 0x0F,
    0xC0, 0x00, 0x0F, 0x00, 0x03, 0x80, 0x0F, 0xC0, 0x7F, 0xC1, 0xFF, 0xC7, 0xBB, 0xCE, 0x03, 0xB8,
    0x03, 0xF0, 0x07, 0xE0, 0x0F, 0xC0, 0x1F, 0x80, 0x3F, 0x00, 0x77, 0x01, 0xCF, 0x77, 0x8F, 0xFE,
    0x0F, 0xF8, 0x07, 0xC0, 0x07, 0x00, 0x06, 0x01, 0xF8, 0x3F, 0xC7, 0x6E, 0xE0, 0x7E, 0x07, 0xE0,
    0x7E, 0x07, 0xE0, 0x7E, 0x07, 0x76, 0xE3, 0xFC, 0x1F, 0x80, 0x60, 0x01, 0xF0, 0x00, 0x1F, 0xC0,
    0x01, 0x9C, 0x00, 0x07, 0x00, 0x00, 0x70, 0x00, 0x03, 0x00, 0x00, 0x20, 0x00, 0x04, 0x00, 0x1F,
    0x8F, 0x83, 0xF8, 0xFC, 0x78, 0x80, 0xE7, 0x00, 0x0E, 0xE0, 0x00, 0x7E, 0x00, 0x07, 0xE0, 0x00,
    0x7E, 0x07, 0x07, 0xE0, 0x70, 0x7E, 0x07, 0x07, 0xF0, 0x70, 0xF7, 0x87, 0x1E, 0x7F, 0xFF, 0xE3,
    0xFD, 0xFC, 0x0F, 0x8F, 0x00, 0x07, 0x80, 0x03, 0xF8, 0x01, 0x9C, 0x00, 0x38, 0x00, 0x1C, 0x00,
    0x06, 0x00, 0x06, 0x00, 0x00, 0x00, 0x1E, 0x3E, 0x3F, 0x1F, 0x9C, 0x01, 0xDC, 0x00, 0x7E, 0x00,
    0x3F, 0x00, 0x1F, 0x87, 0x0F, 0xC3, 0x87, 0xE1, 0xC3, 0xB9, 0xF3, 0x9F, 0xFF, 0xC3, 0xE7, 0xC0,
    0x07, 0xF8, 0x00, 0xFF, 0x00, 0x09, 0x20, 0x00, 0x00, 0x00, 0x00, 0x01, 0xC1, 0xC1, 0xF8, 0x38,
    0x3F, 0x07, 0x07, 0xE0, 0xE0, 0xFC, 0x1C, 0x1D, 0xC3, 0x83, 0xB8, 0x78, 0xE7, 0x1F, 0x1C, 0xE3,
    0xE3, 0x8E, 0xEC, 0xF1, 0xDD, 0x9C, 0x3F, 0xBF, 0x83, 0xF3, 0xE0, 0x7C, 0x7C, 0x07, 0x87, 0x00,
    0x07, 0xF8, 0x03, 0xFC, 0x01, 0x24, 0x1C, 0x38, 0x7E, 0x1C, 0x3F, 0x0E, 0x1F, 0x87, 0x0E, 0xE3,
    0xC7, 0x71, 0xE7, 0x38, 0xF3, 0x8E, 0xFD, 0xC7, 0x6E, 0xC1, 0xF7, 0xE0, 0xF1, 0xE0, 0x38, 0xF0,
    0x07, 0xF0, 0xFF, 0x8E, 0x0C, 0xE0, 0x0F, 0x00, 0x70, 0x03, 0x80, 0x1C, 0x00, 0xE0, 0x07, 0x00,
    0x38, 0x00, 0xE0, 0x03, 0x80, 0x0F, 0xF0, 0x3F, 0x80, 0x1C, 0x00, 0xE0, 0x07, 0x00, 0x38, 0x01,
    0xC0, 0x1F, 0x3F, 0xDC, 0x5C, 0x0E, 0x07, 0x03, 0x81, 0xC0, 0xE0, 0x38, 0x1F, 0xC7, 0xE0, 0x70,
    0x38, 0x1C, 0x0E, 0x07, 0x00, 0x00, 0x00, 0x10, 0x46, 0x0E, 0x80, 0x70, 0x0F, 0x01, 0xB6, 0x60,
    0xEC, 0x07, 0x00, 0x78, 0x1B, 0x82, 0x00, 0xC0, 0x00, 0x03, 0xFF, 0xFF, 0xC0, 0x1E, 0xFF, 0xE3,
    0xFF, 0x30, 0xFD, 0xE0, 0x78, 0xFF, 0xC7, 0x00, 0x3C, 0x00, 0x00, 0x3E, 0x00, 0x00, 0x00, 0x00,
    0x0E, 0x00, 0x38, 0x1E, 0x00, 0x78, 0x11, 0x00, 0x44, 0x00, 0x00, 0x00, 0x00, 0x00, 0x00, 0x00,
    0x00, 0x00, 0x70, 0x00, 0x0E, 0x78, 0x00, 0x1F, 0x4C, 0x00, 0x11, 0x00, 0x00, 0x00, 0x00, 0x00,
    0x00, 0x00, 0x00, 0x00, 0x00, 0x00, 0x00, 0x1E, 0x00, 0x38, 0x1F, 0x00, 0x7C, 0x11, 0x00, 0x44,
    0x00, 0x1C, 0x00, 0x00, 0x3C, 0x00, 0x00, 0x22, 0x00, 0x00, 0x18, 0x00, 0x00, 0x30, 0x00, 0x00,
    0x40, 0x00, 0xC1, 0x80, 0x00, 0x80, 0x03, 0x81, 0x80, 0x1C, 0x01, 0x00, 0x10, 0x00, 0x00, 0x00,
    0x00, 0x00, 0x00, 0x00, 0x00, 0x00, 0x00, 0x00, 0x07, 0x80, 0x00, 0xE7, 0x00, 0x01, 0xE0, 0x00,
    0x00, 0x00, 0x00, 0x00, 0x00, 0x00, 0x00, 0x00, 0x00, 0x00, 0x00, 0x00, 0x80, 0x18, 0x01, 0x80,
    0xE0, 0x03, 0x01, 0x01, 0x82, 0x00, 0x02, 0x04, 0x00, 0x0C, 0x00, 0x00, 0x18, 0x00, 0x38, 0x70,
    0x1C, 0x38, 0x0F, 0xF8, 0x01, 0xF8, 0x00, 0x00, 0x00, 0x00, 0x03, 0x80, 0xF1, 0xC0, 0xF8, 0xE0,
    0xFC, 0x70, 0x7E, 0x38, 0x77, 0x1C, 0x7B, 0x8E, 0x39, 0xC7, 0x3C, 0xE3, 0x9C, 0x71, 0xDC, 0x38,
    0xFE, 0x1C, 0x7E, 0x0E, 0x3F, 0x07, 0xFF, 0x03, 0xFF, 0x01, 0xF8, 0x00, 0x1C, 0x00, 0x1C, 0x00,
    0x0E, 0x00, 0x0F, 0x00, 0x70, 0xE0, 0xE1, 0xC0, 0xFF, 0x00, 0xFC, 0x00, 0x00, 0x1C, 0x1E, 0x38,
    0x7C, 0x70, 0xF8, 0xE3, 0xF1, 0xCF, 0xE3, 0x9D, 0xC7, 0x73, 0x8E, 0xE7, 0x1F, 0x8E, 0x3E, 0x1C,
    0x7C, 0x3F, 0xF0, 0x7E, 0x00, 0x18, 0x00, 0x70, 0x00, 0xE0, 0x01, 0xC0, 0x70, 0x07, 0x00, 0xFF,
    0x0F, 0xF0, 0x70, 0x07, 0x00, 0x7F, 0x87, 0xFE, 0x70, 0xF7, 0x07, 0x70, 0x77, 0x07, 0x70, 0xF7,
    0xFE, 0x7F, 0x80, 0x38, 0x03, 0x80, 0x38, 0x0F, 0xF8, 0xFF, 0x83, 0x80, 0x38, 0x03, 0x80, 0x38,
    0x03, 0x80, 0x3F, 0xC3, 0xFE, 0x38, 0x73, 0x87, 0x38, 0x73, 0xFE, 0x3F, 0xC0, 0xFF, 0x3F, 0xEE,
    0x3F, 0x87, 0xE5, 0xFB, 0x7E, 0xFF, 0xFE, 0xFF, 0x38, 0x6E, 0x13, 0x80, 0xE0, 0x38, 0x0E, 0x00,
    0xEF, 0x1F, 0xFB, 0xC7, 0x70, 0x7E, 0x0F, 0xC1, 0xF8, 0x3F, 0x37, 0xE7, 0xFE, 0xFB, 0xFF, 0x77,
    0xEE, 0x0D, 0xC0, 0x38, 0x07, 0x00, 0xE0, 0x00, 0x01, 0xC0, 0x70, 0x1F, 0xFF, 0xFF, 0xF8, 0x0E,
    0x03, 0x80, 0xE0, 0x38, 0x0E, 0x03, 0x80, 0xE0, 0x38, 0x0E, 0x03, 0x80, 0xE0, 0x38, 0x0E, 0x00,
    0x07, 0x07, 0x07, 0x07, 0xFF, 0xFF, 0xE0, 0xE0, 0xE0, 0xE0, 0xE0, 0xE0, 0xE0, 0xE0, 0xE0, 0xE0,
    0x3F, 0xF9, 0xFF, 0xCE, 0x00, 0x70, 0x03, 0x80, 0x1C, 0x00, 0xE0, 0x07, 0x00, 0xFF, 0xC7, 0xFE,
    0x0E, 0x00, 0x70, 0x03, 0x80, 0x1C, 0x00, 0xE0, 0x07, 0x00, 0x7F, 0xDF, 0xF7, 0x01, 0xC0, 0x70,
    0x3F, 0x8F, 0xE1, 0xC0, 0x70, 0x1C, 0x07, 0x01, 0xC0, 0xFF, 0x8F, 0xF8, 0xE0, 0x0E, 0x00, 0xE0,
    0x0E, 0x00, 0xFF, 0x0F, 0xFC, 0xFF, 0xEE, 0x1E, 0xE0, 0xFE, 0x07, 0xE0, 0x7E, 0x07, 0xE0, 0x70,
    0x0F, 0x00, 0xE1, 0xFE, 0x1F, 0xC1, 0xF8, 0xFF, 0x3F, 0xCE, 0x03, 0x80, 0xE0, 0x3F, 0x8F, 0xF3,
    0xFE, 0xE3, 0xF8, 0x7E, 0x1F, 0x87, 0x01, 0xC0, 0x72, 0x38, 0xFE, 0x3E, 0x00, 0x78, 0x70, 0xF1,
    0xE1, 0xC3, 0xC3, 0xC7, 0x1E, 0x07, 0x9C, 0xF0, 0x1E, 0x73, 0xC0, 0x3D, 0xDE, 0x00, 0x7F, 0xF0,
    0x01, 0xFF, 0xC0, 0x07, 0xFF, 0x00, 0x1F, 0xFC, 0x00, 0xF7, 0x78, 0x07, 0x9C, 0xF0, 0x1E, 0x71,
    0xC0, 0xF1, 0xC7, 0x87, 0x87, 0x0F, 0xFC, 0x1C, 0x1F, 0x00, 0x00, 0x1C, 0x00, 0x00, 0x70, 0x00,
    0x01, 0xC0, 0x78, 0xE3, 0xCF, 0x1C, 0x70, 0xF3, 0x9E, 0x0F, 0x77, 0x80, 0xEE, 0xE0, 0x1F, 0xFC,
    0x03, 0xFF, 0x80, 0x77, 0x70, 0x1E, 0xEF, 0x07, 0x9C, 0xF1, 0xE3, 0x8F, 0x38, 0x70, 0xF0, 0x00,
    0x0E, 0x00, 0x01, 0xC0, 0x00, 0x38, 0x7F, 0x8F, 0xF9, 0x87, 0x80, 0x70, 0x0E, 0x03, 0x8F, 0xE1,
    0xFE, 0x01, 0xC0, 0x1C, 0x03, 0x80, 0x7C, 0x1D, 0xFF, 0x9F, 0xC0, 0x30, 0x03, 0x00, 0x60, 0x3C,
    0x07, 0x00, 0x7E, 0x3F, 0xD0, 0xE0, 0x70, 0x39, 0xF8, 0xFC, 0x07, 0x03, 0xC1, 0xFF, 0xCF, 0xC0,
    0xC0, 0x30, 0x18, 0x3C, 0x1C, 0x00, 0xE0, 0x73, 0x83, 0xCE, 0x1E, 0x38, 0xF0, 0xE3, 0x83, 0x9E,
    0x0E, 0xF0, 0x3F, 0x80, 0xFE, 0x03, 0xBC, 0x0E, 0x78, 0x38, 0xF0, 0xE3, 0xC3, 0x87, 0x8E, 0x0F,
    0xF8, 0x1F, 0x00, 0x1C, 0x00, 0x70, 0x01, 0xC0, 0xE1, 0xEE, 0x3C, 0xE3, 0x8E, 0x78, 0xEF, 0x0F,
    0xE0, 0xFE, 0x0E, 0xF0, 0xE7, 0x8E, 0x38, 0xE3, 0xCE, 0x1F, 0x00, 0x70, 0x07, 0x00, 0x70, 0xE0,
    0xFE, 0x5E, 0xE5, 0xCE, 0x78, 0xE7, 0x8E, 0xF0, 0xFE, 0x0F, 0xE0, 0xEF, 0x0E, 0x70, 0xE7, 0x8E,
    0x7C, 0xE5, 0xEE, 0x0E, 0xE0, 0xF0, 0xE3, 0xDD, 0x73, 0xBC, 0x77, 0x8E, 0xE1, 0xF8, 0x3F, 0x07,
    0x70, 0xEF, 0x1D, 0xF3, 0xAF, 0x70, 0xE0, 0x70, 0x7B, 0xF1, 0xCF, 0xCE, 0x1C, 0x78, 0x73, 0xC1,
    0xCE, 0x07, 0xF0, 0x1F, 0xE0, 0x73, 0x81, 0xCF, 0x07, 0x1E, 0x1C, 0x38, 0x70, 0xF1, 0xC1, 0xE7,
    0x03, 0x80, 0x38, 0x07, 0xF8, 0x3F, 0xC0, 0x70, 0x03, 0x87, 0x1C, 0x78, 0xE3, 0x87, 0x38, 0x3B,
    0x81, 0xFC, 0x0F, 0xE0, 0x77, 0x83, 0x9E, 0x1C, 0x70, 0xE3, 0xC7, 0x0F, 0xFE, 0x0E, 0xFE, 0x1E,
    0x0E, 0x3C, 0x0E, 0x38, 0x0E, 0x70, 0x0E, 0xE0, 0x0F, 0xE0, 0x0F, 0xE0, 0x0E, 0xE0, 0x0E, 0x70,
    0x0E, 0x78, 0x0E, 0x3C, 0x0E, 0x1C, 0x0E, 0x1E, 0x0E, 0x0F, 0xFE, 0x1D, 0xFC, 0x70, 0x39, 0xE0,
    0x73, 0x80, 0xEE, 0x01, 0xF8, 0x03, 0xB8, 0x07, 0x78, 0x0E, 0x70, 0x1C, 0x70, 0x38, 0x70, 0x70,
    0xF0, 0xE0, 0x73, 0x81, 0xCE, 0x07, 0x38, 0x1C, 0xE0, 0x73, 0x81, 0xCE, 0x07, 0x3F, 0xFC, 0xFF,
    0xF3, 0x81, 0xCE, 0x07, 0x38, 0x1C, 0xE0, 0x73, 0x81, 0xCE, 0x07, 0xF8, 0x1F, 0x00, 0x1C, 0x00,
    0x70, 0x01, 0xC0, 0xE1, 0xCE, 0x1C, 0xE1, 0xCE, 0x1C, 0xE1, 0xCF, 0xFC, 0xFF, 0xCE, 0x1C, 0xE1,
    0xCE, 0x1C, 0xE1, 0xCE, 0x1F, 0x00, 0x70, 0x07, 0x00, 0x70, 0xE0, 0x7F, 0xE0, 0x7F, 0xE0, 0x70,
    0xE0, 0x70, 0xE0, 0x70, 0xE0, 0x70, 0xFF, 0xF0, 0xFF, 0xF0, 0xE0, 0x70, 0xE0, 0x70, 0xE0, 0x70,
    0xE0, 0x70, 0xE0, 0x70, 0xE0, 0x70, 0xE0, 0x70, 0xE1, 0xFF, 0x87, 0xFE, 0x1C, 0x38, 0x70, 0xE1,
    0xC3, 0xFF, 0x0F, 0xFC, 0x38, 0x70, 0xE1, 0xC3, 0x87, 0x0E, 0x1C, 0x38, 0x70, 0xFF, 0xE0, 0x0F,
    0xFE, 0x00, 0xE0, 0xE0, 0x0E, 0x0E, 0x00, 0xE0, 0xE0, 0x0E, 0x0E, 0x00, 0xE0, 0xFF, 0x0E, 0x0F,
    0xFC, 0xE0, 0xFF, 0xEE, 0x0E, 0x1E, 0xE0, 0xE0, 0xFE, 0x0E, 0x07, 0xE0, 0xE0, 0x7E, 0x0E, 0x07,
    0xE0, 0xE0, 0x70, 0x00, 0x0F, 0x00, 0x01, 0xE0, 0x01, 0xFE, 0x00, 0x1F, 0xC0, 0x01, 0xF8, 0xFF,
    0xC0, 0xFF, 0xC0, 0xE1, 0xC0, 0xE1, 0xC0, 0xE1, 0xC0, 0xE1, 0xF8, 0xE1, 0xFC, 0xE1, 0xFE, 0xE1,
    0xCF, 0xE1, 0xC7, 0xE1, 0xC7, 0xE1, 0xC7, 0x00, 0x07, 0x00, 0x07, 0x00, 0x0E, 0x00, 0x7E, 0x00,
    0x78, 0x0F, 0x80, 0x7F, 0x01, 0xE0, 0x03, 0x87, 0x8E, 0x1F, 0x9C, 0x73, 0xB8, 0xE7, 0x71, 0xCE,
    0xE3, 0x9D, 0xC7, 0x3B, 0xC7, 0xE3, 0xCF, 0xC7, 0xFF, 0x07, 0xFF, 0xC3, 0xFF, 0x80, 0x1F, 0x03,
    0xF0, 0x70, 0x0E, 0x3E, 0xE3, 0xFE, 0x77, 0xE7, 0x7E, 0x77, 0xE7, 0x77, 0x3E, 0x3F, 0xF1, 0xFF,
    0x0F, 0xE3, 0xFE, 0x38, 0x27, 0x00, 0xE0, 0x0E, 0x00, 0xE0, 0x0E, 0x00, 0xE0, 0x0E, 0x00, 0xF0,
    0x07, 0x82, 0x7F, 0xE3, 0xFE, 0x0F, 0xC0, 0x30, 0x01, 0x80, 0x18, 0x07, 0x80, 0x70, 0x1F, 0x9F,
    0xDC, 0x1C, 0x0E, 0x07, 0x03, 0x81, 0xC0, 0xF9, 0xBF, 0xDF, 0xE3, 0xE0, 0x60, 0x30, 0x18, 0x3C,
    0x1C, 0x00, 0xFF, 0xFF, 0xFC, 0x38, 0x07, 0x00, 0xE0, 0x1C, 0x03, 0x80, 0x70, 0x0E, 0x01, 0xC0,
    0x38, 0x07, 0x00, 0xFC, 0x1F, 0x83, 0xF0, 0x0E, 0x01, 0xC0, 0x38, 0x07, 0x00, 0xFF, 0xFF, 0xFC,
    0x38, 0x07, 0x00, 0xE0, 0x1C, 0x03, 0x80, 0x70, 0x0E, 0x01, 0xC0, 0x3F, 0x07, 0xE0, 0x1C, 0x03,
    0x80, 0x70, 0x0E, 0xF0, 0x7B, 0x83, 0x9E, 0x3C, 0x71, 0xC3, 0xDE, 0x0E, 0xE0, 0x7F, 0x01, 0xF0,
    0x0F, 0x80, 0x38, 0x01, 0xC0, 0x0E, 0x00, 0x70, 0x03, 0x80, 0x1C, 0x00, 0xE0, 0xE0, 0xFC, 0x1D,
    0xC7, 0x38, 0xE7, 0x1C, 0x77, 0x0E, 0xE1, 0xDC, 0x1F, 0x03, 0xE0, 0x7C, 0x07, 0x00, 0xE0, 0x1C,
    0x03, 0x80, 0xF0, 0x7B, 0x83, 0xDC, 0x1C, 0x71, 0xE3, 0x8E, 0x0E, 0xF0, 0x77, 0x01, 0xF8, 0x0F,
    0x80, 0x7C, 0x0F, 0xFC, 0x7F, 0xE0, 0x70, 0x03, 0x80, 0x1C, 0x00, 0xE0, 0xE0, 0xFC, 0x1F, 0xC7,
    0xB8, 0xE7, 0x1C, 0x77, 0x0E, 0xE1, 0xDC, 0x1B, 0x03, 0xE0, 0x7C, 0x3F, 0xE7, 0xFC, 0x1C, 0x03,
    0x80, 0xF0, 0x38, 0xF0, 0xF0, 0xE1, 0xC1, 0xE7, 0x01, 0xDE, 0x03, 0xF8, 0x03, 0xF0, 0x03, 0xC0,
    0x07, 0x80, 0x1F, 0x80, 0x7F, 0x00, 0xEF, 0x03, 0xCF, 0x0F, 0x0E, 0x1E, 0x1F, 0xF8, 0x1F, 0x00,
    0x0E, 0x00, 0x1C, 0x00, 0x38, 0xE1, 0xE7, 0x1C, 0x73, 0xC3, 0xB8, 0x3F, 0x01, 0xF0, 0x1E, 0x01,
    0xF0, 0x3F, 0x87, 0xB8, 0x71, 0xCE, 0x0F, 0x00, 0x70, 0x07, 0x00, 0x70, 0xFF, 0xEE, 0x1F, 0xFD,
    0xC0, 0x38, 0x38, 0x07, 0x07, 0x00, 0xE0, 0xE0, 0x1C, 0x1C, 0x03, 0x83, 0x80, 0x70, 0x70, 0x0E,
    0x0E, 0x01, 0xC1, 0xC0, 0x38, 0x38, 0x07, 0x07, 0x00, 0xE0, 0xE0, 0x1F, 0xFF, 0xC3, 0xFF, 0xF8,
    0x00, 0x07, 0x00, 0x00, 0xE0, 0x00, 0x1C, 0x00, 0x03, 0x80, 0x00, 0x70, 0xFF, 0xB8, 0xFF, 0xB8,
    0x1C, 0x38, 0x1C, 0x38, 0x1C, 0x38, 0x1C, 0x38, 0x1C, 0x38, 0x1C, 0x38, 0x1C, 0x38, 0x1C, 0x38,
    0x1F, 0xFF, 0x1F, 0xFF, 0x00, 0x07, 0x00, 0x07, 0x00, 0x07, 0x00, 0x07, 0xE0, 0x77, 0x03, 0xB8,
    0x1D, 0xC0, 0xEE, 0x07, 0x70, 0x3B, 0x81, 0xDE, 0x1E, 0x7F, 0xF1, 0xF3, 0x80, 0x1C, 0x00, 0xE0,
    0x07, 0x00, 0x38, 0x01, 0xE0, 0x0F, 0x00, 0x38, 0x01, 0xC0, 0x0E, 0xE0, 0xE7, 0x07, 0x38, 0x39,
    0xC1, 0xCE, 0x0E, 0x78, 0xF1, 0xFF, 0x87, 0xDC, 0x00, 0xE0, 0x07, 0x00, 0x38, 0x01, 0xF0, 0x03,
    0x80, 0x1C, 0x00, 0xE0, 0xE0, 0x7E, 0x07, 0xE0, 0x7E, 0x07, 0xE2, 0x7E, 0x27, 0xE2, 0x7F, 0x2F,
    0x7F, 0xF3, 0xF7, 0x02, 0x70, 0x27, 0x02, 0x70, 0x07, 0x00, 0x70, 0xE0, 0xFC, 0x1F, 0x83, 0xF0,
    0x7E, 0x4F, 0xC9, 0xDF, 0xF9, 0xF7, 0x04, 0xE0, 0x9C, 0x13, 0x80, 0x70, 0xE0, 0x0E, 0x00, 0xE0,
    0x0E, 0x00, 0xE0, 0x0E, 0x00, 0xE7, 0xCF, 0xFE, 0xF0, 0xFE, 0x07, 0xE0, 0x7E, 0x07, 0xE0, 0x7E,
    0x07, 0xE0, 0x7E, 0x07, 0xE0, 0x38, 0x0E, 0x03, 0x80, 0xEF, 0x3F, 0xEF, 0x3F, 0x87, 0xE1, 0xF8,
    0x7E, 0x1F, 0x87, 0xE1, 0xF8, 0x7E, 0x1F, 0x87, 0x00, 0xFC, 0x00, 0x7F, 0xC0, 0x38, 0x7B, 0x9C,
    0x0E, 0xE7, 0x01, 0xFB, 0xC0, 0x7F, 0xFF, 0xFD, 0xFF, 0xFF, 0x0F, 0x00, 0x01, 0xC0, 0x00, 0x70,
    0x00, 0x1C, 0x02, 0x03, 0xC3, 0x80, 0x7F, 0xE0, 0x07, 0xF0, 0x01, 0xE0, 0x1F, 0xE0, 0x73, 0xBB,
    0x87, 0xEE, 0x1F, 0xFF, 0xF7, 0xFF, 0xC3, 0x80, 0x0E, 0x00, 0x1C, 0x20, 0x7F, 0x80, 0x7E, 0x00,
    0xFC, 0x00, 0x7F, 0xC0, 0x38, 0x7B, 0x9C, 0x0E, 0xE7, 0x01, 0xFB, 0xC0, 0x7F, 0xFF, 0xFD, 0xFF,
    0xFF, 0x0F, 0x00, 0x01, 0xC0, 0x00, 0x70, 0x00, 0x1E, 0x06, 0x03, 0xFF, 0x80, 0x7F, 0xE0, 0x07,
    0xC0, 0x00, 0xE0, 0x00, 0x38, 0x00, 0x0E, 0x00, 0x03, 0x80, 0x01, 0xE0, 0x1F, 0xE0, 0x63, 0xBB,
    0x87, 0xEC, 0x1F, 0xFF, 0xF7, 0xFF, 0xC3, 0x00, 0x0E, 0x00, 0x38, 0x20, 0x7F, 0x80, 0xFE, 0x01,
    0xC0, 0x07, 0x00, 0x1C, 0x00, 0x70, 0xFF, 0xFF, 0xFF, 0xFF, 0xFF, 0xFF, 0x03, 0x8E, 0x00, 0x0E,
    0x70, 0x00, 0x7F, 0x00, 0x01, 0xF0, 0x00, 0x00, 0x00, 0x00, 0x00, 0x01, 0xC1, 0xC1, 0xC7, 0x0E,
    0x1C, 0x3C, 0x71, 0xE0, 0xE3, 0x8E, 0x03, 0x9C, 0xE0, 0x1E, 0xEF, 0x00, 0x7F, 0xF0, 0x03, 0xFF,
    0x80, 0x3D, 0xDE, 0x01, 0xCE, 0x70, 0x1E, 0x73, 0xC1, 0xE3, 0x8F, 0x0E, 0x1C, 0x38, 0xF0, 0xE1,
    0xEF, 0x07, 0x07, 0x00, 0x07, 0x1C, 0x00, 0xE3, 0x80, 0x0F, 0xE0, 0x00, 0xF8, 0x00, 0x00, 0x00,
    0xE1, 0xC3, 0x8E, 0x38, 0xE1, 0xE7, 0x3C, 0x1C, 0xE7, 0x01, 0xDD, 0xC0, 0x3F, 0xF8, 0x07, 0xFF,
    0x01, 0xEE, 0xF0, 0x39, 0xCE, 0x0F, 0x39, 0xE3, 0xC7, 0x1E, 0x70, 0xE1, 0xC0, 0xE0, 0xF7, 0x0F,
    0x38, 0x71, 0xC7, 0x0E, 0x70, 0x77, 0x83, 0xF8, 0x1F, 0xF0, 0xFF, 0xE7, 0xFF, 0xB8, 0x1D, 0xC0,
    0x7E, 0x03, 0xF0, 0x1F, 0x80, 0xE0, 0x0F, 0x00, 0x70, 0x7F, 0x83, 0xF8, 0x1F, 0x80, 0xE1, 0xFC,
    0x7B, 0x9E, 0x77, 0x8E, 0xE1, 0xFC, 0x3F, 0xE7, 0xFE, 0xE1, 0xFC, 0x1F, 0x83, 0xF0, 0x70, 0x0E,
    0x01, 0xC0, 0x70, 0x7E, 0x0F, 0x00, 0x07, 0xFC, 0x07, 0xFE, 0x03, 0x87, 0x01, 0xC3, 0x80, 0xE1,
    0xC0, 0x70, 0xE0, 0x38, 0x70, 0x1C, 0x38, 0x1C, 0x1C, 0x0E, 0x0E, 0x07, 0x07, 0x03, 0x83, 0x8B,
    0xC1, 0xFF, 0xC0, 0xFF, 0xC0, 0x7E, 0x00, 0x07, 0x00, 0x07, 0x00, 0x03, 0x80, 0x03, 0xC0, 0x0F,
    0xF0, 0x1F, 0xE0, 0x71, 0xC0, 0xE3, 0x81, 0xC7, 0x03, 0x8E, 0x07, 0x1C, 0x0E, 0x38, 0x18, 0x70,
    0x70, 0xE3, 0xE1, 0xFF, 0x83, 0xF0, 0x00, 0xC0, 0x03, 0x80, 0x07, 0x00, 0x0E, 0xE0, 0x7E, 0x07,
    0xE0, 0x7E, 0x07, 0xE0, 0x7E, 0x07, 0xFF, 0xFF, 0xFF, 0xE0, 0x7E, 0x07, 0xE0, 0x7E, 0x07, 0xE0,
    0x7E, 0x07, 0xE0, 0x70, 0x07, 0x00, 0xF1, 0xFE, 0x1F, 0xC1, 0xF8, 0xE1, 0xF8, 0x7E, 0x1F, 0x87,
    0xE1, 0xFF, 0xFF, 0xFF, 0x87, 0xE1, 0xF8, 0x7E, 0x1F, 0x87, 0x01, 0xC0, 0x70, 0x38, 0x7E, 0x1E,
    0x00, 0xE0, 0x71, 0xC0, 0xE3, 0x81, 0xC7, 0x03, 0x8E, 0x07, 0x1C, 0x0E, 0x3F, 0xFC, 0x7F, 0xF8,
    0xE0, 0x71, 0xC0, 0xE3, 0x81, 0xC7, 0x03, 0x8E, 0x07, 0xFC, 0x0F, 0xF8, 0x1F, 0x80, 0x07, 0x00,
    0x1C, 0x00, 0x38, 0x00, 0xF0, 0xE1, 0xC7, 0x0E, 0x38, 0x71, 0xC3, 0x8E, 0x1C, 0x7F, 0xE3, 0xFF,
    0x1C, 0x38, 0xE1, 0xC7, 0x0E, 0x38, 0x7F, 0xC3, 0xF0, 0x03, 0x00, 0x38, 0x01, 0xC0, 0x0E, 0xE0,
    0x7E, 0x07, 0xE0, 0x7E, 0x07, 0xE0, 0x7E, 0x07, 0xE0, 0x7F, 0x0F, 0x7F, 0xF3, 0xF7, 0x00, 0x70,
    0x07, 0x03, 0xF0, 0x3F, 0x03, 0xF0, 0x38, 0x03, 0x80, 0x38, 0x03, 0x80, 0xE0, 0xFC, 0x1F, 0x83,
    0xF0, 0x7E, 0x0F, 0xC3, 0xDF, 0xF9, 0xF7, 0x00, 0xE0, 0x1C, 0x1F, 0x83, 0xF0, 0x70, 0x0E, 0x01,
    0xC0, 0x38, 0xF8, 0x1F, 0x1F, 0x03, 0xE3, 0xE0, 0x7C, 0x7E, 0x1F, 0x8F, 0xC3, 0x71, 0xD8, 0x6E,
    0x3B, 0x8D, 0xC7, 0x73, 0xB8, 0xE6, 0x67, 0x1C, 0xCC, 0xE3, 0x9F, 0x9C, 0x73, 0xE3, 0x8E, 0x3C,
    0x7F, 0xC7, 0x8F, 0xF8, 0xE1, 0xF8, 0x00, 0x07, 0x00, 0x01, 0xC0, 0x00, 0x38, 0x00, 0x0F, 0x00,
    0xF8, 0x3C, 0x7C, 0x3E, 0x3E, 0x1F, 0x1F, 0x8F, 0x8F, 0xCF, 0xC7, 0x66, 0xE3, 0xB3, 0x71, 0xDF,
    0xB8, 0xE7, 0x9C, 0x73, 0xCE, 0x39, 0xE7, 0xFC, 0x63, 0xF0, 0x00, 0x30, 0x00, 0x38, 0x00, 0x1C,
    0x00, 0x0E, 0xFF, 0xFF, 0xFF, 0xFF, 0xFF, 0xFF, 0x1C, 0x60, 0x3F, 0x80, 0x7C, 0x00, 0x00, 0x00,
    0x00, 0x1E, 0x00, 0x7C, 0x03, 0xF0, 0x0F, 0xC0, 0x3B, 0x81, 0xCE, 0x07, 0x38, 0x1C, 0x70, 0xE1,
    0xC3, 0xFF, 0x0F, 0xFE, 0x7F, 0xF9, 0xC0, 0xF7, 0x03, 0xFC, 0x07, 0x31, 0xCE, 0x73, 0xF8, 0x7C,
    0x00, 0x0F, 0xC7, 0xF8, 0x8F, 0x01, 0xC0, 0x73, 0xFD, 0xFF, 0xF1, 0xF8, 0x7E, 0x3F, 0xFF, 0x3C,
    0xC0, 0x0E, 0xE0, 0x1D, 0xC0, 0x3B, 0x80, 0x00, 0x00, 0x00, 0x00, 0x70, 0x01, 0xF0, 0x03, 0x60,
    0x06, 0xC0, 0x1D, 0xC0, 0x3B, 0x80, 0xF7, 0x81, 0xC7, 0x03, 0x8E, 0x0F, 0xFE, 0x1F, 0xFC, 0x3F,
    0xF8, 0xF0, 0x79, 0xE0, 0xF3, 0x80, 0xE0, 0x3B, 0x8E, 0xE3, 0xB8, 0x00, 0x3F, 0x0F, 0xE2, 0x3C,
    0x07, 0x01, 0xCF, 0xF7, 0xFF, 0xC7, 0xE1, 0xF8, 0xFF, 0xFC, 0xF3, 0x01, 0xFF, 0xE0, 0x7F, 0xFC,
    0x0E, 0xE0, 0x03, 0x9C, 0x00, 0x73, 0x80, 0x1C, 0x70, 0x03, 0x8F, 0xF8, 0x71, 0xFF, 0x1C, 0x38,
    0x03, 0xFF, 0x00, 0xFF, 0xE0, 0x1C, 0x1C, 0x07, 0x03, 0x80, 0xE0, 0x7F, 0xFC, 0x0F, 0xF8, 0x3F,
    0x3E, 0x3F, 0xFF, 0x88, 0x79, 0xC0, 0x38, 0x70, 0x1C, 0x39, 0xFF, 0xFD, 0xFF, 0xFF, 0xE3, 0x80,
    0xE1, 0xC0, 0x71, 0xF0, 0x9F, 0xDF, 0xC7, 0xC7, 0xE0, 0xE7, 0x3F, 0x8F, 0x80, 0x00, 0x07, 0xFF,
    0xFF, 0xC0, 0xE0, 0x70, 0x38, 0x1F, 0xEF, 0xF7, 0x03, 0x81, 0xC0, 0xE0, 0x70, 0x3F, 0xFF, 0xF0,
    0x31, 0xC7, 0x38, 0xFE, 0x0F, 0x80, 0x00, 0x3E, 0x0F, 0xF3, 0x8E, 0xE0, 0xFC, 0x1F, 0xFF, 0xFF,
    0xFE, 0x01, 0xC0, 0x1C, 0x11, 0xFE, 0x1F, 0xC0, 0x0F, 0xC0, 0xFF, 0x87, 0x87, 0x1C, 0x0E, 0xF0,
    0x38, 0x00, 0x70, 0x01, 0xFF, 0xFF, 0xFF, 0xFF, 0xC0, 0x7F, 0x01, 0xDC, 0x06, 0x78, 0x38, 0xE1,
    0xC1, 0xFE, 0x03, 0xF0, 0x1F, 0x0F, 0xF1, 0xC7, 0x00, 0x70, 0x0F, 0xFF, 0xFF, 0xFF, 0x07, 0xE0,
    0xEE, 0x38, 0xFE, 0x0F, 0x80, 0x1C, 0xE0, 0x73, 0x81, 0xCE, 0x00, 0x00, 0x00, 0x00, 0x7F, 0x07,
    0xFE, 0x18, 0x1C, 0x00, 0x38, 0x00, 0x70, 0x01, 0xFF, 0xFF, 0xFF, 0xFF, 0x80, 0x7E, 0x01, 0xF8,
    0x0F, 0x70, 0x39, 0xE1, 0xE3, 0xFF, 0x03, 0xF0, 0x73, 0x9C, 0xE7, 0x38, 0x00, 0x00, 0x1F, 0x8F,
    0xF2, 0x0E, 0x01, 0xC0, 0x7F, 0xFF, 0xFF, 0xE1, 0xF8, 0x77, 0x39, 0xFE, 0x3E, 0x00, 0x01, 0xDC,
    0x00, 0x0E, 0xE0, 0x00, 0x77, 0x00, 0x00, 0x00, 0x00, 0x00, 0x00, 0x3C, 0x38, 0x78, 0xE1, 0xC3,
    0x83, 0x8E, 0x38, 0x1C, 0x73, 0xC0, 0x73, 0x9C, 0x01, 0xDD, 0xC0, 0x0F, 0xFE, 0x00, 0x7F, 0xF0,
    0x03, 0xBB, 0x80, 0x39, 0xCE, 0x03, 0xCE, 0x78, 0x1C, 0x71, 0xC1, 0xE3, 0x8F, 0x1E, 0x1C, 0x3C,
    0xE0, 0xE0, 0xE0, 0x07, 0x70, 0x03, 0xB8, 0x01, 0xDC, 0x00, 0x00, 0x07, 0x1C, 0x7B, 0x8E, 0x38,
    0xE7, 0x38, 0x73, 0x9C, 0x1D, 0xDC, 0x07, 0xFC, 0x07, 0xFF, 0x03, 0xBB, 0x83, 0x9C, 0xE3, 0xCE,
    0x79, 0xC7, 0x1D, 0xE3, 0x8F, 0x3B, 0x87, 0x70, 0xEE, 0x00, 0x00, 0x00, 0xFF, 0x1F, 0xF3, 0x0F,
    0x00, 0xE0, 0x1C, 0x07, 0x1F, 0xC3, 0xFC, 0x03, 0x80, 0x38, 0x07, 0x00, 0xF8, 0x3B, 0xFF, 0x3F,
    0x80, 0x77, 0x3B, 0x9D, 0xC0, 0x00, 0x03, 0xF1, 0xFE, 0x87, 0x03, 0x81, 0xCF, 0xC7, 0xE0, 0x38,
    0x1E, 0x0F, 0xFE, 0x7E, 0x00, 0x7F, 0xEF, 0xFC, 0x0F, 0x03, 0xC0, 0xF0, 0x3C, 0x07, 0xE0, 0xFE,
    0x07, 0xE0, 0x1C, 0x03, 0x80, 0x7C, 0x1D, 0xFF, 0x9F, 0xC0, 0x7F, 0xEF, 0xFC, 0x0F, 0x03, 0xC0,
    0x70, 0x1C, 0x07, 0x80, 0xFC, 0x1F, 0xC0, 0x3C, 0x03, 0x80, 0x70, 0x0E, 0x01, 0xF0, 0x77, 0xFE,
    0x7F, 0x00, 0x1F, 0x81, 0xF8, 0x00, 0x0E, 0x07, 0xE0, 0xFE, 0x1F, 0xE1, 0xFE, 0x3F, 0xE3, 0xFE,
    0x77, 0xE7, 0x7E, 0xE7, 0xEE, 0x7F, 0xC7, 0xFC, 0x7F, 0x87, 0xF8, 0x7F, 0x07, 0xF0, 0x70, 0x3F,
    0x0F, 0xC0, 0x00, 0x00, 0xE1, 0xF8, 0xFE, 0x3F, 0x9F, 0xEF, 0xFB, 0xFF, 0xDF, 0xF7, 0xF9, 0xFC,
    0x7F, 0x1F, 0x87, 0x1D, 0xC0, 0xEE, 0x07, 0x70, 0x00, 0x00, 0x00, 0x70, 0x3F, 0x83, 0xFC, 0x1F,
    0xE1, 0xFF, 0x0D, 0xF8, 0xEF, 0xC6, 0x7E, 0x73, 0xF3, 0x1F, 0xB8, 0xFD, 0x87, 0xFC, 0x3F, 0xC1,
    0xFE, 0x0F, 0xE0, 0x70, 0x3B, 0x87, 0x70, 0xEE, 0x00, 0x0E, 0x1F, 0xC3, 0xF8, 0xFF, 0x3F, 0xE7,
    0xFD, 0xDF, 0xBB, 0xFE, 0x7F, 0xCF, 0xF1, 0xFE, 0x3F, 0x87, 0x1C, 0xE0, 0x73, 0x81, 0xCE, 0x00,
    0x00, 0x00, 0x00, 0x3F, 0x03, 0xFF, 0x1F, 0xFE, 0x78, 0x7B, 0xC0, 0xFE, 0x01, 0xF8, 0x07, 0xE0,
    0x1F, 0x80, 0x7E, 0x01, 0xFC, 0x0F, 0x78, 0x79, 0xFF, 0xE3, 0xFF, 0x03, 0xF0, 0x3B, 0x87, 0x70,
    0xEE, 0x00, 0x00, 0x00, 0x3E, 0x0F, 0xE3, 0x8E, 0xE0, 0xFC, 0x1F, 0x83, 0xF0, 0x7E, 0x0F, 0xC1,
    0xDC, 0x71, 0xFC, 0x1F, 0x00, 0x0F, 0xC0, 0x7F, 0x83, 0x87, 0x1C, 0x0E, 0x70, 0x3B, 0x80, 0x7E,
    0x01, 0xFF, 0xFF, 0xFF, 0xFF, 0x80, 0x7E, 0x01, 0xDC, 0x0E, 0x70, 0x38, 0xE1, 0xC3, 0xFF, 0x03,
    0xF0, 0x1F, 0x07, 0xF1, 0xC7, 0x70, 0x7E, 0x0F, 0xFF, 0xFF, 0xFF, 0x07, 0xE0, 0xEE, 0x38, 0xFE,
    0x0F, 0x80, 0x1C, 0xE0, 0x73, 0x81, 0xCE, 0x00, 0x00, 0x00, 0x00, 0x3F, 0x03, 0xFF, 0x1E, 0x1E,
    0x70, 0x3B, 0x80, 0x7E, 0x01, 0xFF, 0xFF, 0xFF, 0xFF, 0x80, 0x7E, 0x01, 0xF8, 0x07, 0x70, 0x39,
    0xE1, 0xE3, 0xFF, 0x03, 0xF0, 0x3B, 0x87, 0x70, 0xEE, 0x00, 0x00, 0x00, 0x3E, 0x0F, 0xE3, 0x8E,
    0xF1, 0xFC, 0x3F, 0xFF, 0xFF, 0xFE, 0x1F, 0xE3, 0xDC, 0x71, 0xFC, 0x1F, 0x00, 0x77, 0x0E, 0xE1,
    0xDC, 0x00, 0x00, 0x00, 0xFC, 0x3F, 0xE2, 0x1E, 0x01, 0xC0, 0x1C, 0x03, 0x9F, 0xF3, 0xFE, 0x01,
    0xC0, 0x38, 0x07, 0x01, 0xD0, 0x7B, 0xFE, 0x3F, 0x00, 0x77, 0x1D, 0xC7, 0x70, 0x00, 0x00, 0x1F,
    0x87, 0xF1, 0x0E, 0x01, 0xC0, 0x73, 0xFC, 0xFF, 0x01, 0xC0, 0xF8, 0x3B, 0xFC, 0x7E, 0x00, 0x1F,
    0x81, 0xF8, 0x00, 0x0F, 0x0F, 0x70, 0xE7, 0x0E, 0x70, 0xE3, 0x9C, 0x39, 0xC3, 0x9C, 0x1F, 0x81,
    0xF8, 0x1F, 0x80, 0xF0, 0x0F, 0x00, 0x70, 0x07, 0x03, 0xE0, 0x3C, 0x00, 0x3F, 0x07, 0xE0, 0x00,
    0x00, 0x0E, 0x1D, 0xC3, 0xB8, 0x73, 0x9C, 0x73, 0x8E, 0x70, 0xEE, 0x1F, 0x83, 0xF0, 0x3E, 0x07,
    0x80, 0xF0, 0x0E, 0x0F, 0x81, 0xE0, 0x00, 0x1D, 0xC0, 0xEE, 0x07, 0x70, 0x00, 0x00, 0x00, 0x38,
    0x1D, 0xC1, 0xC6, 0x0E, 0x38, 0xF1, 0xC7, 0x07, 0x38, 0x3B, 0x80, 0xDC, 0x07, 0xE0, 0x1E, 0x00,
    0xF0, 0x07, 0x03, 0xF8, 0x1F, 0x80, 0xF8, 0x00, 0x3B, 0x87, 0x70, 0xEE, 0x00, 0x00, 0x01, 0xC1,
    0xFC, 0x3B, 0x8E, 0x71, 0xC6, 0x38, 0xEE, 0x1D, 0xC1, 0xB8, 0x36, 0x07, 0xC0, 0x78, 0x0E, 0x01,
    0xC0, 0x38, 0x0E, 0x0F, 0x81, 0xE0, 0x00, 0x07, 0x78, 0x33, 0x03, 0x30, 0x00, 0x00, 0x00, 0x70,
    0x1D, 0xC1, 0xCE, 0x0E, 0x78, 0xF1, 0xC7, 0x0F, 0x38, 0x3B, 0x81, 0xDC, 0x07, 0xC0, 0x3E, 0x00,
    0xF0, 0x0F, 0x03, 0xF8, 0x1F, 0x80, 0xF0, 0x00, 0x0E, 0xF0, 0xCC, 0x19, 0x80, 0x00, 0xF0, 0x77,
    0x0F, 0x70, 0xE3, 0x8E, 0x38, 0xE3, 0x9C, 0x1D, 0xC1, 0xD8, 0x1F, 0x80, 0xF8, 0x0F, 0x00, 0x70,
    0x07, 0x00, 0xE0, 0x0E, 0x07, 0xC0, 0x78, 0x00, 0x39, 0xC3, 0x9C, 0x39, 0xC0, 0x00, 0x00, 0x0E,
    0x07, 0xE0, 0x7E, 0x07, 0xE0, 0x7E, 0x07, 0xE0, 0x7F, 0x07, 0x7F, 0xF3, 0xFF, 0x00, 0x70, 0x07,
    0x00, 0x70, 0x07, 0x00, 0x70, 0x07, 0x73, 0x9C, 0xE7, 0x38, 0x00, 0xE1, 0xF8, 0x7E, 0x1F, 0x87,
    0xE1, 0xFC, 0x77, 0xFC, 0xFF, 0x01, 0xC0, 0x70, 0x1C, 0x07, 0xFF, 0xFF, 0xFE, 0x03, 0x80, 0xE0,
    0x38, 0x0E, 0x03, 0x80, 0xE0, 0x38, 0x0E, 0x03, 0x80, 0xFC, 0x3F, 0x0F, 0xC0, 0x70, 0x1C, 0x07,
    0x01, 0xC0, 0xFF, 0xFF, 0xE0, 0xE0, 0xE0, 0xE0, 0xE0, 0xE0, 0xE0, 0xE0, 0xFC, 0xFC, 0x1C, 0x1C,
    0x1C, 0x1C, 0x0E, 0xE0, 0x1D, 0xC0, 0x3B, 0x80, 0x00, 0x00, 0x00, 0x1C, 0x01, 0xF8, 0x03, 0xF0,
    0x07, 0xE0, 0x0F, 0xC0, 0x1F, 0xF8, 0x3F, 0xFC, 0x7E, 0x3C, 0xFC, 0x39, 0xF8, 0x73, 0xF0, 0xE7,
    0xE1, 0xCF, 0xC7, 0x9F, 0xFE, 0x3F, 0xF0, 0x70, 0x1C, 0xE0, 0x73, 0x81, 0xCE, 0x00, 0x00, 0xE0,
    0x1F, 0x80, 0x7E, 0x01, 0xF8, 0x07, 0xFF, 0x1F, 0xFE, 0x7E, 0x3D, 0xF8, 0x77, 0xE1, 0xDF, 0x8F,
    0x7F, 0xF9, 0xFF, 0xC7, 0x7F, 0xEF, 0xFD, 0xC0, 0x38, 0x07, 0x00, 0xE0, 0x3F, 0xE7, 0xFC, 0x70,
    0x0E, 0x01, 0xC0, 0x38, 0x07, 0x00, 0xEE, 0x1D, 0xC0, 0x38, 0x07, 0x00, 0xE0, 0xF8, 0x1E, 0x00,
    0x7F, 0xDF, 0xF7, 0x01, 0xC0, 0x70, 0x3F, 0xCF, 0xF1, 0xC0, 0x70, 0x1F, 0x87, 0xE1, 0xF8, 0x0E,
    0x03, 0x80, 0xE0, 0xF8, 0x3C, 0x00, 0x70, 0x38, 0x70, 0xF0, 0xF1, 0xC0, 0xE7, 0x81, 0xEE, 0x01,
    0xF8, 0x01, 0xF0, 0x03, 0xC0, 0x0F, 0xC0, 0x1F, 0x80, 0x7B, 0x80, 0xE7, 0x83, 0x87, 0xEF, 0x07,
    0xDC, 0x0F, 0x80, 0x07, 0x00, 0x0E, 0x00, 0x1C, 0x01, 0xF0, 0x03, 0xC0, 0x70, 0xF3, 0xCF, 0x0E,
    0x70, 0x7F, 0x81, 0xF8, 0x07, 0x80, 0x7C, 0x03, 0xF0, 0x3F, 0xC1, 0xCE, 0x1C, 0x7F, 0xE1, 0xF0,
    0x03, 0x80, 0x1C, 0x00, 0xE0, 0x1F, 0x00, 0xF0, 0x70, 0x39, 0xE1, 0xE3, 0x87, 0x07, 0x3C, 0x1F,
    0xE0, 0x3F, 0x07, 0xFF, 0x9F, 0xFE, 0x0F, 0xC0, 0x7F, 0x81, 0xCE, 0x0F, 0x3C, 0x78, 0x79, 0xC0,
    0xEF, 0x03, 0xC0, 0x70, 0xE7, 0x9E, 0x39, 0xC3, 0xFC, 0x1F, 0x87, 0xFE, 0x7F, 0xE1, 0xF8, 0x3F,
    0xC3, 0x9C, 0x70, 0xEF, 0x0F, 0x7C, 0x7B, 0xE3, 0xCF, 0x9E, 0x3C, 0xF0, 0xF7, 0x9F, 0xF8, 0xFF,
    0x8F, 0x78, 0x7B, 0xC3, 0xCF, 0x3C, 0x7D, 0xE1, 0xEF, 0x0F, 0x80, 0x7F, 0x07, 0xF8, 0x7F, 0xC0,
    0x3C, 0x03, 0xC0, 0x3C, 0x03, 0xC0, 0x3C, 0x03, 0xC0, 0x3C, 0xFF, 0xEF, 0xFE, 0xFF, 0xE0, 0x3C,
    0x1F, 0x1F, 0xC1, 0xE0, 0xF0, 0x78, 0x3C, 0x1E, 0x0F, 0x0F, 0xBF, 0xDE, 0xEE, 0x78, 0xFF, 0xFF,
    0xFF, 0xFF, 0x80, 0x00, 0x38, 0x0F, 0x01, 0xE0, 0x3C, 0x07, 0x80, 0xF0, 0x1E, 0x03, 0xC0, 0x78,
    0xFF, 0x9F, 0xFB, 0xFF, 0x80, 0xF0, 0x1E, 0x03, 0xFC, 0x7F, 0x8F, 0xF1, 0xFE, 0x3F, 0xC7, 0xF8,
    0xFF, 0x1E, 0x7D, 0xF7, 0xCF, 0x3C, 0xF3, 0xCF, 0x3C, 0xF3, 0xCF, 0x3C, 0xFF, 0xFF, 0xF9, 0xC7,
    0x8E, 0x1C, 0x7C, 0x78, 0xF1, 0xE3, 0xC7, 0x80, 0xFF, 0xC7, 0xFF, 0xBF, 0xFE, 0x70, 0xF7, 0x87,
    0xBC, 0x3D, 0xE1, 0xEF, 0x0F, 0x78, 0x7B, 0xC3, 0xDE, 0x1E, 0xF0, 0xF7, 0x87, 0x80, 0xF3, 0xCF,
    0x3E, 0xF3, 0xEF, 0x0F, 0xF0, 0xFF, 0x0F, 0xF0, 0xFF, 0x0F, 0xF0, 0xF7, 0x9E, 0x7F, 0xE3, 0xFC,
    0x1F, 0x80, 0x7D, 0xF7, 0xCF, 0x3C, 0xF3, 0xCF, 0xFE, 0x3F, 0xEF, 0xF8, 0x0F, 0x03, 0xC0, 0xF0,
    0x3C, 0x0F, 0x03, 0xC0, 0xF0, 0x3C, 0x0F, 0x03, 0xC0, 0xF0, 0x3C, 0x0F, 0x03, 0xC0, 0x7E, 0x1F,
    0xC7, 0xF8, 0x1F, 0x03, 0xC0, 0xF0, 0x3C, 0x0F, 0x03, 0xC1, 0xFF, 0xFB, 0xFC, 0xFE, 0x00, 0xF0,
    0x1E, 0x03, 0xC0, 0x7F, 0xFF, 0xFD, 0xFF, 0x80, 0xF0, 0x1E, 0x07, 0x80, 0xF0, 0x1E, 0x07, 0x80,
    0xF0, 0x1E, 0x07, 0x80, 0xF0, 0xFF, 0xE7, 0xFF, 0xBF, 0xFE, 0x70, 0xF7, 0x87, 0xBC, 0x3D, 0xE1,
    0xEF, 0x0F, 0x78, 0x7B, 0xC3, 0xDF, 0xFE, 0xFF, 0xF7, 0xFF, 0x80, 0xF1, 0xE1, 0xFF, 0xE7, 0xFF,
    0x9F, 0x9F, 0x3C, 0x3C, 0xF0, 0xF3, 0xC3, 0xCF, 0x0F, 0x78, 0x3D, 0xE1, 0xF7, 0x9F, 0x9E, 0x7C,
    0x7B, 0xE0, 0x7D, 0xF7, 0xCF, 0x3C, 0xF3, 0xCF, 0x3C, 0xF3, 0xCF, 0x3C, 0xF3, 0xCF, 0x3C, 0x78,
    0xF9, 0xF8, 0xF1, 0xE3, 0xC7, 0x8F, 0x1E, 0x3F, 0xFF, 0xFF, 0xE0, 0xFF, 0x8F, 0xFC, 0xFF, 0xE7,
    0x1F, 0xF0, 0xFF, 0x0F, 0xF0, 0xFF, 0x0F, 0xF0, 0xFF, 0x9E, 0x7F, 0xE3, 0xFC, 0x1F, 0x80, 0x70,
    0xF7, 0x8F, 0x78, 0xF7, 0x8F, 0x78, 0xF7, 0x9E, 0x39, 0xE3, 0xDE, 0x3D, 0xE3, 0xFC, 0xFF, 0xCF,
    0xF0, 0xFC, 0x08, 0x00, 0x1F, 0x87, 0xFC, 0xFF, 0xEF, 0x1F, 0xF0, 0xFF, 0x8F, 0xF8, 0xF7, 0x8F,
    0x18, 0xF0, 0x0F, 0x00, 0xF0, 0x0F, 0x00, 0xF0, 0x0F, 0x00, 0xF0, 0x0F, 0x00, 0xF0, 0x1F, 0x87,
    0xFC, 0xFF, 0xEF, 0x1E, 0xF0, 0xFF, 0x8F, 0xF8, 0xF7, 0x8F, 0x38, 0xF0, 0x1E, 0xFF, 0xEF, 0xFC,
    0xFF, 0x00, 0xF8, 0xF7, 0x8F, 0x78, 0xF3, 0xCF, 0x3C, 0xE3, 0xDE, 0x1F, 0xE1, 0xFC, 0x1F, 0x80,
    0xF0, 0x0F, 0x00, 0xF0, 0x0F, 0x00, 0x78, 0x07, 0x80, 0x78, 0x07, 0x80, 0xF1, 0xFF, 0x3D, 0xE7,
    0x9E, 0xF3, 0xFE, 0x3F, 0x87, 0xE0, 0x78, 0x0F, 0x80, 0xF3, 0xFF, 0x7F, 0xEF, 0xFC, 0xFF, 0xFF,
    0xFF, 0xFF, 0xF0, 0x1F, 0x01, 0xE0, 0x1E, 0xF1, 0xEF, 0x1E, 0xF3, 0xCF, 0x3C, 0xF3, 0xCF, 0x3C,
    0xF7, 0x8F, 0x00, 0xF0, 0x0F, 0x00, 0xF0, 0x00, 0xFE, 0x7F, 0xBF, 0xE0, 0xF0, 0x78, 0x3C, 0x1E,
    0x0F, 0x07, 0x83, 0xC1, 0xE0, 0xF0, 0x78, 0xF7, 0xBF, 0xDE, 0xFF, 0x7B, 0xFD, 0xEF, 0xFF, 0xBF,
    0xFC, 0xFF, 0xF3, 0xFF, 0x0F, 0xF8, 0x7D, 0xE1, 0xE7, 0xFF, 0x8F, 0xFC, 0x0F, 0xC0, 0x7F, 0xE7,
    0xFF, 0xBF, 0xFE, 0x78, 0xF3, 0xC7, 0x9E, 0x3C, 0xF1, 0xE7, 0x8F, 0x3C, 0x79, 0xE3, 0xFF, 0x1F,
    0xF0, 0xFF, 0x07, 0x80, 0x67, 0xEF, 0xF7, 0x77, 0xFF, 0xEE, 0x00, 0x00, 0x4F, 0xFF, 0x3F, 0x1F,
    0xF7, 0xFB, 0xC6, 0xF0, 0x1E, 0x03, 0xC0, 0x78, 0x0E, 0x03, 0x80, 0x00, 0x10, 0x0E, 0x07, 0xC0,
    0xE0, 0x0F, 0x0F, 0xC3, 0xE1, 0xE4, 0x78, 0x0E, 0x23, 0xF8, 0xFF, 0xFF, 0x9F, 0x87, 0x00, 0xFF,
    0xFF, 0xFF, 0x21, 0xCF, 0xDE, 0x30, 0xF3, 0xC7, 0x1E, 0x79, 0xE7, 0x9E, 0x78, 0xE3, 0x8F, 0x3C,
    0xF0, 0xF0, 0xEF, 0x1D, 0xFF, 0xBF, 0xE7, 0xFC, 0xFC, 0x0E, 0x01, 0xE0, 0x3C, 0x07, 0x80, 0xF0,
    0x1E, 0x03, 0xC0, 0x78, 0x00, 0xF2, 0x6F, 0x36, 0x7F, 0xF7, 0xFE, 0x7F, 0xE7, 0xCC, 0x78, 0x07,
    0x80, 0x38, 0x03, 0x80, 0x38, 0x03, 0x80, 0x3C, 0x03, 0xC0, 0x02, 0x0E, 0x0F, 0x8F, 0xC7, 0x87,
    0x81, 0xF0, 0xF8, 0x3E, 0x3E, 0x3C, 0x1E, 0x1F, 0xFB, 0xFC, 0xFE, 0x3F, 0x1F, 0xC7, 0xFB, 0xCE,
    0xF3, 0xF8, 0xFE, 0x3F, 0xDE, 0xFF, 0x9F, 0xC3, 0xE0, 0x80, 0x3F, 0xCF, 0xF3, 0xFE, 0x3F, 0x81,
    0xE0, 0x78, 0x1E, 0x07, 0x81, 0xE0, 0x38, 0x0E, 0x03, 0xC0, 0xF0, 0x3C, 0x10, 0x87, 0x0F, 0xF0,
    0xE7, 0x1E, 0x79, 0xE7, 0x9C, 0x39, 0xC3, 0xBC, 0x3B, 0x81, 0xF8, 0x1F, 0x81, 0xF0, 0x1F, 0x00,
    0xF0, 0x0F, 0x00, 0x0F, 0x00, 0xF0, 0x1F, 0x01, 0xF8, 0x1F, 0x81, 0xF8, 0x3B, 0x83, 0xBC, 0x39,
    0xC7, 0x9C, 0x79, 0xE7, 0x1E, 0xF0, 0xE7, 0x0F, 0x00, 0x80, 0x3E, 0x1F, 0xCF, 0xFB, 0xDE, 0xE3,
    0xBC, 0xEF, 0xFB, 0xFE, 0x7F, 0x80, 0xF0, 0x3C, 0x0F, 0x03, 0xC0, 0x70, 0x00, 0x18, 0x01, 0xF4,
    0x03, 0xDE, 0x0F, 0x78, 0x1D, 0xC0, 0x77, 0x01, 0xFC, 0x07, 0x78, 0x3D, 0xFF, 0xF7, 0xFF, 0x8F,
    0xFC, 0x07, 0xC0, 0xFF, 0xC0, 0x21, 0xCF, 0xDE, 0x30, 0xF3, 0xC7, 0x1E, 0x79, 0xE7, 0x9E, 0x78,
    0xE3, 0x8F, 0x3C, 0xF0, 0xF0, 0xEF, 0x1D, 0xFF, 0xBF, 0xE7, 0xFC, 0xFC, 0x0E, 0x01, 0xE0, 0x3C,
    0x07, 0x80, 0xF0, 0x1E, 0x03, 0xC0, 0x78, 0x00, 0xF2, 0x6F, 0x36, 0x7F, 0xF7, 0xFE, 0x7F, 0xE7,
    0xCC, 0x78, 0x07, 0x80, 0x38, 0x03, 0x80, 0x38, 0x03, 0x80, 0x3C, 0x03, 0xC0, 0xF3, 0xCE, 0x79,
    0xFE, 0xBD, 0x87, 0xFE, 0xFF, 0xDF, 0xF9, 0xC0, 0x38, 0x07, 0x00, 0xF0, 0x1E, 0x03, 0xC0, 0x78,
    0x00, 0x04, 0x01, 0xE0, 0x1F, 0x01, 0xF8, 0x3F, 0x83, 0xFC, 0x79, 0xE7, 0x1E, 0xF0, 0xEF, 0x6E,
    0xF6, 0xFF, 0xFE, 0x7F, 0xE3, 0xBC, 0x3E, 0x1F, 0x8F, 0xE3, 0xC0, 0xF0, 0x3E, 0x47, 0xF8, 0xFF,
    0x1F, 0x8F, 0xC7, 0xC1, 0xF0, 0xF8, 0x1C, 0x01, 0x00, 0x10, 0x87, 0x0F, 0xF0, 0xE7, 0x1E, 0x79,
    0xE7, 0x9C, 0x39, 0xC3, 0xBC, 0x3B, 0x81, 0xF8, 0x1F, 0x81, 0xF0, 0x1F, 0x00, 0xF0, 0x0F, 0x00,
    0x0F, 0x00, 0xF0, 0x1F, 0x01, 0xF8, 0x1F, 0x81, 0xF8, 0x3B, 0x83, 0xBC, 0x39, 0xC7, 0x9C, 0x79,
    0xE7, 0x1E, 0xF0, 0xE7, 0x0F, 0x00, 0x80, 0x3E, 0x1F, 0xCF, 0xFB, 0xDE, 0xE3, 0xBC, 0xEF, 0xFB,
    0xFE, 0x7F, 0x80, 0xF0, 0x3C, 0x0F, 0x03, 0xC0, 0x70, 0x03, 0x80, 0x1F, 0x00, 0x6C, 0x03, 0xB0,
    0x0E, 0xE0, 0x3B, 0x81, 0xEE, 0x07, 0x1C, 0x1C, 0x70, 0xFF, 0xE3, 0xFF, 0x8F, 0xFE, 0x78, 0x3D,
    0xE0, 0xF7, 0x01, 0xC0, 0x00, 0x03, 0x80, 0x0E, 0x00, 0x38, 0x00, 0x3F, 0x1F, 0xE2, 0x3C, 0x07,
    0x01, 0xCF, 0xF7, 0xFF, 0xC7, 0xE1, 0xF8, 0xFF, 0xFD, 0xF3, 0x00, 0x03, 0x80, 0xE0, 0x38, 0x07,
    0x80, 0x0F, 0x80, 0x07, 0x00, 0x0E, 0x00, 0x38, 0x00, 0x60, 0x00, 0x00, 0x03, 0xE0, 0x07, 0xC0,
    0x1F, 0x80, 0x3F, 0x80, 0x77, 0x01, 0xCE, 0x03, 0x9E, 0x07, 0x1C, 0x1E, 0x38, 0x3F, 0xF8, 0x7F,
    0xF1, 0xFF, 0xF3, 0x81, 0xE7, 0x01, 0xDE, 0x03, 0xC0, 0x1E, 0x07, 0xC0, 0x70, 0x3C, 0x0C, 0x00,
    0x03, 0xF1, 0xFE, 0x23, 0xC0, 0x70, 0x1C, 0xFF, 0x7F, 0xFC, 0x7E, 0x1F, 0x8F, 0xFF, 0xCF, 0x30,
    0x00, 0x1C, 0x1E, 0xC0, 0x7C, 0x03, 0x30, 0x18, 0x60, 0x00, 0x00, 0x78, 0x01, 0xF0, 0x0F, 0xC0,
    0x3F, 0x00, 0xEE, 0x07, 0x38, 0x1C, 0xE0, 0x71, 0xC3, 0x87, 0x0F, 0xFC, 0x3F, 0xF9, 0xFF, 0xE7,
    0x03, 0xDC, 0x0F, 0xF0, 0x1C, 0x00, 0x71, 0xEC, 0x3B, 0x03, 0x18, 0x00, 0x03, 0xF0, 0x7F, 0x82,
    0x3C, 0x01, 0xC0, 0x1C, 0x3F, 0xC7, 0xFC, 0xF1, 0xCE, 0x1C, 0xE3, 0xCF, 0xFC, 0x3C, 0xC0, 0x60,
    0x00, 0xDE, 0x00, 0x7C, 0x03, 0x30, 0x18, 0x60, 0x00, 0x00, 0x78, 0x01, 0xF0, 0x0F, 0xC0, 0x3F,
    0x00, 0xEE, 0x07, 0x38, 0x1C, 0xE0, 0x71, 0xC3, 0x87, 0x0F, 0xFC, 0x3F, 0xF9, 0xFF, 0xE7, 0x03,
    0xDC, 0x0F, 0xF0, 0x1C, 0xC0, 0x0D, 0xE0, 0x76, 0x0C, 0x60, 0x00, 0x3F, 0x0F, 0xF0, 0x8F, 0x00,
    0xE0, 0x1C, 0x7F, 0x9F, 0xF7, 0x8E, 0xE1, 0xDC, 0x7B, 0xFF, 0x1E, 0x60, 0x00, 0x38, 0x00, 0xE0,
    0x01, 0x81, 0xEC, 0x07, 0xC0, 0x33, 0x01, 0x86, 0x00, 0x00, 0x07, 0x80, 0x1F, 0x00, 0xFC, 0x03,
    0xF0, 0x0E, 0xE0, 0x73, 0x81, 0xCE, 0x07, 0x1C, 0x38, 0x70, 0xFF, 0xC7, 0xFF, 0x9F, 0xFE, 0x70,
    0x3B, 0xC0, 0xFF, 0x01, 0xC0, 0x00, 0xE0, 0x0E, 0x00, 0x21, 0xEC, 0x3B, 0x03, 0x18, 0x00, 0x03,
    0xF0, 0x7F, 0x82, 0x3C, 0x01, 0xC0, 0x1C, 0x3F, 0xC7, 0xFC, 0xF1, 0xCE, 0x1C, 0xE3, 0xCF, 0xFC,
    0x3C, 0xC0, 0x07, 0x30, 0x3F, 0x80, 0xCE, 0x00, 0xE0, 0x07, 0xC0, 0x39, 0x80, 0x00, 0x00, 0x00,
    0x07, 0x80, 0x1F, 0x00, 0xFC, 0x03, 0xF0, 0x0E, 0xE0, 0x73, 0x81, 0xCE, 0x07, 0x1C, 0x38, 0x70,
    0xFF, 0xC3, 0xFF, 0x9F, 0xFE, 0x70, 0x3D, 0xC0, 0xFF, 0x01, 0xC0, 0x1C, 0xC7, 0xE3, 0x38, 0x3C,
    0x1F, 0x8C, 0x60, 0x00, 0xFC, 0x7F, 0x88, 0xF0, 0x1C, 0x07, 0x3F, 0xDF, 0xFF, 0x1F, 0x87, 0xE3,
    0xFF, 0xF3, 0xCC, 0x03, 0x80, 0x1F, 0x00, 0xEE, 0x03, 0x18, 0x00, 0x00, 0x0E, 0x00, 0x7C, 0x01,
    0xB0, 0x0E, 0xC0, 0x3B, 0x80, 0xEE, 0x07, 0xB8, 0x1C, 0x70, 0x71, 0xC3, 0xFF, 0x8F, 0xFE, 0x3F,
    0xF9, 0xE0, 0xF7, 0x83, 0xDC, 0x07, 0x00, 0x00, 0x0E, 0x00, 0x38, 0x00, 0xE0, 0x0E, 0x07, 0xC3,
    0x18, 0x00, 0x3F, 0x1F, 0xE2, 0x3C, 0x07, 0x01, 0xCF, 0xF7, 0xFF, 0xC7, 0xE1, 0xF8, 0xFF, 0xFC,
    0xF3, 0x00, 0x03, 0x80, 0xE0, 0x38, 0x01, 0x80, 0x0C, 0x00, 0xC6, 0x03, 0xF8, 0x07, 0xC0, 0x00,
    0x00, 0x00, 0x01, 0xE0, 0x07, 0xC0, 0x3F, 0x00, 0xFC, 0x03, 0xB8, 0x1C, 0xE0, 0x73, 0x81, 0xC7,
    0x0E, 0x1C, 0x3F, 0xF0, 0xFF, 0xE7, 0xFF, 0x9C, 0x0F, 0xF0, 0x3F, 0xC0, 0x70, 0x07, 0x01, 0x02,
    0x18, 0xFE, 0x1F, 0x00, 0x03, 0xF1, 0xFE, 0x23, 0xC0, 0x70, 0x1C, 0xFF, 0x7F, 0xFC, 0x7E, 0x1F,
    0x8F, 0xFF, 0xCF, 0x30, 0x06, 0x00, 0x0C, 0x00, 0xC6, 0x03, 0xF8, 0x07, 0xC0, 0x00, 0x00, 0x00,
    0x01, 0xE0, 0x07, 0xC0, 0x3F, 0x00, 0xFC, 0x03, 0xB8, 0x1C, 0xE0, 0x73, 0x81, 0xC7, 0x0E, 0x1C,
    0x3F, 0xF0, 0xFF, 0xE7, 0xFF, 0x9C, 0x0F, 0x70, 0x3F, 0xC0, 0x70, 0x1C, 0x03, 0x02, 0x18, 0xFE,
    0x1F, 0x00, 0x03, 0xF1, 0xFE, 0x23, 0xC0, 0x70, 0x1C, 0xFF, 0x7F, 0xFC, 0x7E, 0x1F, 0x8F, 0xFF,
    0xCF, 0x30, 0x03, 0x80, 0x01, 0x00, 0x25, 0x80, 0x7F, 0x00, 0x7C, 0x00, 0x00, 0x00, 0x00, 0x03,
    0xE0, 0x07, 0xC0, 0x0F, 0x80, 0x3B, 0x80, 0x77, 0x00, 0xEE, 0x03, 0x8E, 0x07, 0x1C, 0x1E, 0x38,
    0x3F, 0xF8, 0x7F, 0xF1, 0xFF, 0xE3, 0xC1, 0xE7, 0x01, 0xDE, 0x03, 0x80, 0x0E, 0x01, 0x80, 0x40,
    0x86, 0x3F, 0x87, 0xC0, 0x00, 0xFC, 0x7F, 0x88, 0xF0, 0x1C, 0x07, 0x3F, 0xDF, 0xFF, 0x1F, 0x87,
    0xE3, 0xFF, 0xF3, 0xCC, 0x07, 0x20, 0x3F, 0x80, 0x9C, 0x03, 0x18, 0x0F, 0xE0, 0x1F, 0x00, 0x00,
    0x00, 0x00, 0x07, 0x80, 0x3E, 0x00, 0xFC, 0x03, 0x70, 0x1D, 0xC0, 0x73, 0x83, 0xCE, 0x0E, 0x38,
    0x38, 0xF1, 0xFF, 0xC7, 0xFF, 0x1F, 0xFE, 0xF0, 0x3B, 0xC0, 0xEE, 0x03, 0xC0, 0x1C, 0xC7, 0xE3,
    0x38, 0xC2, 0x1F, 0x83, 0xC0, 0x00, 0xFC, 0x7F, 0x88, 0xF0, 0x1C, 0x07, 0x3F, 0xDF, 0xFF, 0x1F,
    0x87, 0xE3, 0xFF, 0xF3, 0xCC, 0x0C, 0x30, 0x18, 0xE0, 0x1F, 0x80, 0x1E, 0x00, 0x00, 0x00, 0x00,
    0x00, 0xE0, 0x03, 0xE0, 0x06, 0xC0, 0x1D, 0xC0, 0x3B, 0x80, 0x77, 0x01, 0xE7, 0x03, 0x8E, 0x07,
    0x1C, 0x1F, 0xFC, 0x3F, 0xF8, 0x7F, 0xF9, 0xE0, 0xF3, 0x80, 0xE7, 0x01, 0xE0, 0x00, 0x00, 0xE0,
    0x01, 0xC0, 0x03, 0x80, 0x30, 0xCF, 0xF0, 0xF0, 0x00, 0x3F, 0x0F, 0xE2, 0x3C, 0x07, 0x01, 0xCF,
    0xF7, 0xFF, 0xC7, 0xE1, 0xF8, 0xFF, 0xFC, 0xF3, 0x00, 0x03, 0x80, 0xE0, 0x38, 0xFF, 0xFF, 0xF8,
    0x1C, 0x0E, 0x07, 0x03, 0xFD, 0xFE, 0xE0, 0x70, 0x38, 0x1C, 0x0E, 0x07, 0xFF, 0xFE, 0x00, 0x38,
    0x1C, 0x0E, 0x00, 0x1F, 0x07, 0xF9, 0xC7, 0x70, 0x7E, 0x0F, 0xFF, 0xFF, 0xFF, 0x00, 0xE0, 0x0E,
    0x08, 0xFF, 0x0F, 0xE0, 0x00, 0x1C, 0x03, 0x80, 0x70, 0x3C, 0x1F, 0x03, 0x81, 0xC1, 0xC0, 0xC0,
    0x01, 0xFF, 0xFF, 0xF0, 0x38, 0x1C, 0x0E, 0x07, 0xFB, 0xFD, 0xC0, 0xE0, 0x70, 0x38, 0x1C, 0x0F,
    0xFF, 0xFC, 0x1E, 0x03, 0xE0, 0x1C, 0x07, 0x80, 0xC0, 0x00, 0x07, 0xC1, 0xFE, 0x71, 0xDC, 0x1F,
    0x83, 0xFF, 0xFF, 0xFF, 0xC0, 0x38, 0x03, 0x82, 0x3F, 0xC3, 0xF8, 0x39, 0x07, 0xE0, 0x9C, 0x00,
    0x0F, 0xFF, 0xFF, 0xF8, 0x07, 0x00, 0xE0, 0x1C, 0x03, 0x80, 0x7F, 0xEF, 0xFD, 0xC0, 0x38, 0x07,
    0x00, 0xE0, 0x1C, 0x03, 0xFF, 0xFF, 0xF0, 0x1C, 0x87, 0xF0, 0xDC, 0x00, 0x01, 0xF0, 0x7F, 0x1C,
    0x77, 0x07, 0xE0, 0xFF, 0xFF, 0xFF, 0xF0, 0x0E, 0x00, 0xE3, 0x8F, 0xF0, 0xF8, 0x01, 0xCE, 0x66,
    0xC3, 0x98, 0x82, 0x00, 0x0F, 0xFB, 0xFE, 0xE0, 0x38, 0x0E, 0x03, 0x80, 0xFF, 0x3F, 0xCE, 0x03,
    0x80, 0xE0, 0x38, 0x0E, 0x03, 0xFE, 0xFF, 0x80, 0x00, 0x38, 0x03, 0x07, 0xC0, 0x63, 0x06, 0x0C,
    0x00, 0x00, 0x7C, 0x07, 0xF8, 0x71, 0xC7, 0x07, 0x38, 0x39, 0xFF, 0xCF, 0xFE, 0x70, 0x03, 0x80,
    0x0E, 0x08, 0x3F, 0xC0, 0xFE, 0x00, 0xE0, 0x06, 0xF0, 0x0F, 0x81, 0x9C, 0x10, 0xC0, 0x00, 0x1F,
    0xF1, 0xFF, 0x1C, 0x01, 0xC0, 0x1C, 0x01, 0xC0, 0x1F, 0xE1, 0xFE, 0x1C, 0x01, 0xC0, 0x1C, 0x01,
    0xC0, 0x1C, 0x01, 0xFF, 0x1F, 0xF0, 0xC0, 0x06, 0x00, 0x0F, 0x81, 0x8C, 0x30, 0x60, 0x00, 0x0F,
    0x81, 0xFE, 0x38, 0xE7, 0x07, 0x70, 0x77, 0xFF, 0x7F, 0xF7, 0x00, 0x70, 0x03, 0x82, 0x1F, 0xE0,
    0xFE, 0x03, 0x80, 0xE0, 0x08, 0xE4, 0x6C, 0x31, 0x80, 0x00, 0x00, 0xFF, 0xBF, 0xEE, 0x03, 0x80,
    0xE0, 0x38, 0x0F, 0xF3, 0xFC, 0xE0, 0x38, 0x0E, 0x03, 0x80, 0xE0, 0x3F, 0xEF, 0xF8, 0x00, 0x60,
    0x06, 0x00, 0x21, 0xF4, 0x3B, 0x83, 0x1C, 0x00, 0x01, 0xF0, 0x3F, 0xC7, 0x1C, 0xE0, 0xEE, 0x0E,
    0xFF, 0xEF, 0xFE, 0xE0, 0x0E, 0x00, 0x70, 0x43, 0xFC, 0x1F, 0xC0, 0x33, 0x3F, 0x93, 0x83, 0x83,
    0xE3, 0x38, 0x00, 0x00, 0xFF, 0xFF, 0xF8, 0x1C, 0x0E, 0x07, 0x03, 0xFD, 0xFE, 0xE0, 0x70, 0x38,
    0x1C, 0x0E, 0x07, 0xFF, 0xFE, 0x1F, 0xC7, 0xF0, 0x00, 0x07, 0x81, 0xF8, 0x71, 0x80, 0x00, 0xF8,
    0x3F, 0xCE, 0x3B, 0x83, 0xF0, 0x7F, 0xFF, 0xFF, 0xF8, 0x07, 0x00, 0x70, 0x47, 0xF8, 0x7F, 0x00,
    0x3C, 0x3E, 0x19, 0x98, 0x60, 0x07, 0xFF, 0xFF, 0xC0, 0xE0, 0x70, 0x38, 0x1F, 0xEF, 0xF7, 0x03,
    0x81, 0xC0, 0xE0, 0x70, 0x3F, 0xFF, 0xF0, 0x01, 0xC0, 0xE0, 0x70, 0x1E, 0x07, 0xE1, 0xCF, 0x00,
    0x01, 0xF0, 0x7F, 0x9C, 0x77, 0x07, 0xE0, 0xFF, 0xFF, 0xFF, 0xF0, 0x0E, 0x00, 0xE0, 0x8F, 0xF0,
    0xFE, 0x00, 0x01, 0xC0, 0x38, 0x07, 0x00, 0x78, 0xF8, 0x70, 0xE3, 0x86, 0x00, 0x7F, 0xFE, 0x70,
    0xE1, 0xC3, 0x87, 0x0E, 0x1C, 0x38, 0x70, 0xE1, 0xCF, 0xFF, 0xC0, 0xFB, 0xF1, 0xCE, 0x30, 0x07,
    0x1C, 0x71, 0xC7, 0x1C, 0x71, 0xC7, 0x1C, 0x71, 0xC0, 0xFF, 0xFC, 0xE1, 0xC3, 0x87, 0x0E, 0x1C,
    0x38, 0x70, 0xE1, 0xC3, 0x9F, 0xFF, 0x80, 0x70, 0xE1, 0xC0, 0xFF, 0x8F, 0xFF, 0xFF, 0xFF, 0xFF,
    0x1F, 0xF0, 0x0F, 0xE0, 0x7F, 0xF1, 0xFF, 0xF3, 0xC1, 0xEF, 0x01, 0xFC, 0x01, 0xF8, 0x03, 0xF0,
    0x07, 0xE0, 0x0F, 0xC0, 0x1F, 0xC0, 0x7B, 0xC1, 0xE7, 0xFF, 0xC7, 0xFF, 0x03, 0xF8, 0x00, 0x00,
    0x03, 0x80, 0x07, 0x00, 0x0E, 0x00, 0x1F, 0x07, 0xF1, 0xC7, 0x70, 0x7E, 0x0F, 0xC1, 0xF8, 0x3F,
    0x07, 0xE0, 0xEE, 0x38, 0xFE, 0x0F, 0x80, 0x00, 0x1C, 0x03, 0x80, 0x70, 0x07, 0x80, 0x1F, 0x00,
    0x1C, 0x00, 0x70, 0x03, 0x80, 0x0C, 0x00, 0x00, 0x03, 0xF0, 0x3F, 0xF1, 0xFF, 0xE7, 0x87, 0xBC,
    0x0F, 0xE0, 0x1F, 0x80, 0x7E, 0x01, 0xF8, 0x07, 0xE0, 0x1F, 0xC0, 0xF7, 0x87, 0x9F, 0xFE, 0x3F,
    0xF0, 0x3F, 0x00, 0x1E, 0x03, 0xE0, 0x1C, 0x07, 0x80, 0xC0, 0x00, 0x07, 0xC1, 0xFC, 0x71, 0xDC,
    0x1F, 0x83, 0xF0, 0x7E, 0x0F, 0xC1, 0xF8, 0x3B, 0x8E, 0x3F, 0x83, 0xE0, 0x00, 0x18, 0x1E, 0xC0,
    0xFC, 0x07, 0x30, 0x18, 0x60, 0x00, 0x00, 0xFC, 0x0F, 0xFC, 0x7F, 0xF9, 0xE1, 0xEF, 0x03, 0xF8,
    0x07, 0xE0, 0x1F, 0x80, 0x7E, 0x01, 0xF8, 0x07, 0xF0, 0x3D, 0xE1, 0xE7, 0xFF, 0x8F, 0xFC, 0x0F,
    0xC0, 0x00, 0x30, 0x06, 0x1F, 0x03, 0x38, 0x20, 0x80, 0x00, 0x1F, 0x03, 0xF8, 0x71, 0xCE, 0x0E,
    0xE0, 0xEE, 0x0E, 0xE0, 0xEE, 0x0E, 0xE0, 0xE7, 0x1C, 0x3F, 0x81, 0xF0, 0xE0, 0x00, 0xDE, 0x00,
    0xFC, 0x03, 0x30, 0x18, 0x60, 0x00, 0x00, 0xFC, 0x0F, 0xFC, 0x7F, 0xF9, 0xE1, 0xEF, 0x03, 0xF8,
    0x07, 0xE0, 0x1F, 0x80, 0x7E, 0x01, 0xF8, 0x07, 0xF0, 0x3D, 0xE1, 0xE7, 0xFF, 0x8F, 0xFC, 0x0F,
    0xC0, 0xC0, 0x06, 0x00, 0x0F, 0x81, 0x8C, 0x10, 0x40, 0x00, 0x0F, 0x81, 0xFC, 0x38, 0xE7, 0x07,
    0x70, 0x77, 0x07, 0x70, 0x77, 0x07, 0x70, 0x73, 0x8E, 0x1F, 0xC0, 0xF8, 0x00, 0x30, 0x00, 0xE0,
    0x01, 0x81, 0xEC, 0x0F, 0xC0, 0x73, 0x01, 0x86, 0x00, 0x00, 0x0F, 0xC0, 0xFF, 0xC7, 0xFF, 0x9E,
    0x1E, 0xF0, 0x3F, 0x80, 0x7E, 0x01, 0xF8, 0x07, 0xE0, 0x1F, 0x80, 0x7F, 0x03, 0xDE, 0x1E, 0x7F,
    0xF8, 0xFF, 0xC0, 0xFC, 0x00, 0x00, 0xE0, 0x0E, 0x00, 0x21, 0xF4, 0x1B, 0x03, 0x18, 0x00, 0x01,
    0xF0, 0x3F, 0x87, 0x1C, 0xE0, 0xEE, 0x0E, 0xE0, 0xEE, 0x0E, 0xE0, 0xEE, 0x0E, 0x71, 0xC3, 0xF8,
    0x1F, 0x00, 0x07, 0x20, 0x3F, 0x80, 0x9E, 0x00, 0xE0, 0x07, 0xC0, 0x31, 0x80, 0x00, 0x00, 0x00,
    0x0F, 0xC0, 0xFF, 0xC7, 0xFF, 0x9E, 0x1E, 0xF0, 0x3F, 0x80, 0x7E, 0x01, 0xF8, 0x07, 0xE0, 0x1F,
    0x80, 0x7F, 0x03, 0xDE, 0x1E, 0x7F, 0xF8, 0xFF, 0xC0, 0xFC, 0x00, 0x1F, 0xC7, 0xF0, 0x00, 0x07,
    0x81, 0xF8, 0x71, 0x80, 0x00, 0xF8, 0x3F, 0x8E, 0x3B, 0x83, 0xF0, 0x7E, 0x0F, 0xC1, 0xF8, 0x3F,
    0x07, 0x71, 0xC7, 0xF0, 0x7C, 0x00, 0x03, 0x80, 0x0F, 0x80, 0x3B, 0x80, 0xE3, 0x80, 0x00, 0x00,
    0x00, 0x03, 0xF8, 0x1F, 0xFC, 0x7F, 0xFC, 0xF0, 0x7B, 0xC0, 0x7F, 0x00, 0x7E, 0x00, 0xFC, 0x01,
    0xF8, 0x03, 0xF0, 0x07, 0xF0, 0x1E, 0xF0, 0x79, 0xFF, 0xF1, 0xFF, 0xC0, 0xFE, 0x00, 0x00, 0x00,
    0xE0, 0x01, 0xC0, 0x03, 0x80, 0x0E, 0x03, 0xE0, 0xC6, 0x00, 0x01, 0xF0, 0x7F, 0x1C, 0x77, 0x07,
    0xE0, 0xFC, 0x1F, 0x83, 0xF0, 0x7E, 0x0E, 0xE3, 0x8F, 0xE0, 0xF8, 0x00, 0x01, 0xC0, 0x38, 0x07,
    0x00, 0x00, 0xE0, 0x01, 0xE0, 0x03, 0x80, 0x07, 0x00, 0x00, 0x00, 0x00, 0x07, 0x0F, 0xC7, 0x3F,
    0xF7, 0x7F, 0xFE, 0x78, 0x7C, 0xF0, 0x3C, 0xE0, 0x1C, 0xE0, 0x1C, 0xE0, 0x1C, 0xE0, 0x1C, 0xE0,
    0x1C, 0xF0, 0x3C, 0x78, 0x78, 0x7F, 0xF8, 0x3F, 0xF0, 0x0F, 0xC0, 0x03, 0x80, 0x1C, 0x00, 0xE0,
    0x00, 0x07, 0x1F, 0x38, 0xFF, 0xE7, 0x1F, 0x38, 0x38, 0xE0, 0xE3, 0x83, 0x8E, 0x0E, 0x38, 0x38,
    0xE0, 0xE1, 0xC7, 0x03, 0xFC, 0x07, 0xC0, 0x1E, 0x00, 0x0F, 0x00, 0x07, 0x00, 0x03, 0x80, 0x00,
    0x00, 0x00, 0x07, 0x0F, 0xC7, 0x3F, 0xF7, 0x7F, 0xFE, 0x78, 0x7C, 0xF0, 0x3C, 0xE0, 0x1C, 0xE0,
    0x1C, 0xE0, 0x1C, 0xE0, 0x1C, 0xE0, 0x1C, 0xF0, 0x3C, 0x78, 0x78, 0x7F, 0xF8, 0x3F, 0xF0, 0x0F,
    0xC0, 0x3C, 0x00, 0x78, 0x00, 0x70, 0x00, 0x07, 0x1F, 0x38, 0xFF, 0xE7, 0x1F, 0x38, 0x38, 0xE0,
    0xE3, 0x83, 0x8E, 0x0E, 0x38, 0x38, 0xE0, 0xE1, 0xC7, 0x03, 0xFC, 0x07, 0xC0, 0x07, 0x80, 0x07,
    0xC0, 0x01, 0xC0, 0x01, 0xC0, 0x03, 0x80, 0x03, 0x00, 0x00, 0x07, 0x0F, 0xC7, 0x3F, 0xF7, 0x7F,
    0xFE, 0x78, 0x7C, 0xF0, 0x3C, 0xE0, 0x1C, 0xE0, 0x1C, 0xE0, 0x1C, 0xE0, 0x1C, 0xE0, 0x1C, 0xF0,
    0x3C, 0x78, 0x78, 0x7F, 0xF8, 0x3F, 0xF0, 0x0F, 0xC0, 0x1E, 0x00, 0x7C, 0x00, 0x70, 0x03, 0xC0,
    0x0C, 0x1C, 0x00, 0x71, 0xF3, 0x8F, 0xFE, 0x71, 0xF3, 0x83, 0x8E, 0x0E, 0x38, 0x38, 0xE0, 0xE3,
    0x83, 0x8E, 0x0E, 0x1C, 0x70, 0x3F, 0x80, 0x7C, 0x00, 0x0E, 0x30, 0x1F, 0xE0, 0x19, 0xC0, 0x00,
    0x00, 0x00, 0x07, 0x0F, 0xC7, 0x3F, 0xF7, 0x7F, 0xFE, 0x78, 0x7C, 0xF0, 0x3C, 0xE0, 0x1C, 0xE0,
    0x1C, 0xE0, 0x1C, 0xE0, 0x1C, 0xE0, 0x1C, 0xF0, 0x3C, 0x78, 0x78, 0x7F, 0xF8, 0x3F, 0xF0, 0x0F,
    0xC0, 0x1C, 0xC0, 0xFF, 0x06, 0x78, 0x00, 0x07, 0x1F, 0x38, 0xFF, 0xE7, 0x1F, 0x38, 0x38, 0xE0,
    0xE3, 0x83, 0x8E, 0x0E, 0x38, 0x38, 0xE0, 0xE1, 0xC7, 0x03, 0xF8, 0x07, 0xC0, 0x00, 0x07, 0x0F,
    0xC7, 0x3F, 0xF7, 0x7F, 0xFE, 0x78, 0x7C, 0xF0, 0x3C, 0xE0, 0x1C, 0xE0, 0x1C, 0xE0, 0x1C, 0xE0,
    0x1C, 0xE0, 0x1C, 0xF0, 0x3C, 0x78, 0x78, 0x7F, 0xF8, 0x3F, 0xF0, 0x0F, 0xC0, 0x00, 0x00, 0x03,
    0x80, 0x03, 0x80, 0x03, 0x80, 0x00, 0x1C, 0x00, 0x71, 0xF3, 0x8F, 0xFE, 0x71, 0xE3, 0x83, 0x8E,
    0x0E, 0x38, 0x38, 0xE0, 0xE3, 0x83, 0x8E, 0x0E, 0x1C, 0x70, 0x3F, 0x80, 0x7C, 0x00, 0x00, 0x03,
    0x80, 0x0E, 0x00, 0x38, 0x00, 0xE0, 0x7E, 0x07, 0xE0, 0x7E, 0x07, 0xE0, 0x7E, 0x07, 0xE0, 0x7E,
    0x07, 0xE0, 0x7E, 0x07, 0xE0, 0x7F, 0x0F, 0x7F, 0xE3, 0xFC, 0x1F, 0x80, 0x00, 0x0E, 0x00, 0xE0,
    0x0E, 0x00, 0xE1, 0xF8, 0x7E, 0x1F, 0x87, 0xE1, 0xF8, 0x7E, 0x1F, 0x87, 0xE1, 0xFC, 0xF7, 0xFC,
    0xF3, 0x00, 0x03, 0x80, 0xE0, 0x38, 0x1E, 0x01, 0xF0, 0x07, 0x00, 0x70, 0x0E, 0x00, 0xC0, 0x00,
    0x0E, 0x07, 0xE0, 0x7E, 0x07, 0xE0, 0x7E, 0x07, 0xE0, 0x7E, 0x07, 0xE0, 0x7E, 0x07, 0xE0, 0x7E,
    0x07, 0xF0, 0xF7, 0xFE, 0x3F, 0xC1, 0xF8, 0x1E, 0x07, 0xC0, 0x70, 0x38, 0x0C, 0x00, 0x0E, 0x1F,
    0x87, 0xE1, 0xF8, 0x7E, 0x1F, 0x87, 0xE1, 0xF8, 0x7E, 0x1F, 0xCF, 0x7E, 0xCF, 0x30, 0x01, 0xC0,
    0x01, 0xC0, 0x01, 0xC0, 0x01, 0xC0, 0x00, 0x00, 0x00, 0x00, 0x3F, 0x81, 0xDD, 0xC0, 0xEE, 0xE0,
    0x7E, 0x70, 0x3C, 0x38, 0x1C, 0x1C, 0x0E, 0x0E, 0x07, 0x07, 0x03, 0x83, 0x81, 0xC1, 0xC0, 0xE0,
    0xE0, 0x70, 0x78, 0x78, 0x1F, 0xF8, 0x07, 0xF8, 0x01, 0xF8, 0x00, 0x07, 0x80, 0x1C, 0x00, 0x70,
    0x38, 0x00, 0x7E, 0x1D, 0xFC, 0x3F, 0xB8, 0x7E, 0x70, 0xE0, 0xE1, 0xC1, 0xC3, 0x83, 0x87, 0x07,
    0x0E, 0x0E, 0x1C, 0x1E, 0x78, 0x1F, 0xF0, 0x1E, 0x60, 0x3C, 0x00, 0x0E, 0x00, 0x03, 0x80, 0x00,
    0xE0, 0x00, 0x00, 0x00, 0x00, 0x3F, 0x81, 0xDD, 0xC0, 0xEE, 0xE0, 0x7E, 0x70, 0x3C, 0x38, 0x1C,
    0x1C, 0x0E, 0x0E, 0x07, 0x07, 0x03, 0x83, 0x81, 0xC1, 0xC0, 0xE0, 0xE0, 0x70, 0x78, 0x78, 0x1F,
    0xF8, 0x07, 0xF8, 0x01, 0xF8, 0x00, 0x38, 0x00, 0x38, 0x00, 0x38, 0x38, 0x00, 0x7E, 0x1D, 0xFC,
    0x3F, 0xB8, 0x7E, 0x70, 0xE0, 0xE1, 0xC1, 0xC3, 0x83, 0x87, 0x07, 0x0E, 0x0E, 0x1C, 0x1E, 0x78,
    0x1F, 0xF0, 0x1E, 0x60, 0x1E, 0x00, 0x0F, 0x80, 0x01, 0xC0, 0x00, 0xE0, 0x00, 0xE0, 0x00, 0x60,
    0x00, 0x00, 0x1F, 0xC0, 0xEE, 0xE0, 0x77, 0x70, 0x3F, 0x38, 0x1E, 0x1C, 0x0E, 0x0E, 0x07, 0x07,
    0x03, 0x83, 0x81, 0xC1, 0xC0, 0xE0, 0xE0, 0x70, 0x70, 0x38, 0x3C, 0x3C, 0x0F, 0xFC, 0x03, 0xFC,
    0x00, 0xFC, 0x00, 0x1E, 0x00, 0x3E, 0x00, 0x1C, 0x00, 0x70, 0x00, 0xC0, 0xE0, 0x01, 0xF8, 0x77,
    0xF0, 0xFE, 0xE1, 0xF9, 0xC3, 0x83, 0x87, 0x07, 0x0E, 0x0E, 0x1C, 0x1C, 0x38, 0x38, 0x70, 0x79,
    0xE0, 0x7E, 0xC0, 0x79, 0x80, 0x1C, 0xC0, 0x1F, 0xE0, 0x08, 0xE0, 0x00, 0x00, 0x00, 0x00, 0x7F,
    0x03, 0xBB, 0x81, 0xDD, 0xC0, 0xFC, 0xE0, 0x78, 0x70, 0x38, 0x38, 0x1C, 0x1C, 0x0E, 0x0E, 0x07,
    0x07, 0x03, 0x83, 0x81, 0xC1, 0xC0, 0xE0, 0xF0, 0xF0, 0x3F, 0xF0, 0x0F, 0xF0, 0x03, 0xF0, 0x00,
    0x39, 0x80, 0xFF, 0x01, 0x9C, 0x00, 0x00, 0x7E, 0x1D, 0xFC, 0x3F, 0xB8, 0x7E, 0x70, 0xE0, 0xE1,
    0xC1, 0xC3, 0x83, 0x87, 0x07, 0x0E, 0x0E, 0x1C, 0x1E, 0x78, 0x1F, 0xF0, 0x1E, 0x60, 0x00, 0x07,
    0xF0, 0x3B, 0xB8, 0x1D, 0xDC, 0x0F, 0xCE, 0x07, 0x87, 0x03, 0x83, 0x81, 0xC1, 0xC0, 0xE0, 0xE0,
    0x70, 0x70, 0x38, 0x38, 0x1C, 0x1C, 0x0E, 0x0F, 0x0F, 0x03, 0xFF, 0x00, 0xFF, 0x00, 0x3F, 0x00,
    0x00, 0x00, 0x07, 0x00, 0x03, 0x80, 0x01, 0xC0, 0x00, 0x00, 0x0E, 0x00, 0x1F, 0x87, 0x7F, 0x0F,
    0xEE, 0x1F, 0x9C, 0x38, 0x38, 0x70, 0x70, 0xE0, 0xE1, 0xC1, 0xC3, 0x83, 0x87, 0x07, 0x9E, 0x07,
    0xFC, 0x07, 0x98, 0x00, 0x00, 0x07, 0x00, 0x0E, 0x00, 0x1C, 0x00, 0x0E, 0x00, 0x38, 0x00, 0x00,
    0x00, 0x0F, 0x07, 0xB8, 0x39, 0xE3, 0xC7, 0x1C, 0x3D, 0xE0, 0xEE, 0x07, 0xF0, 0x1F, 0x00, 0xF8,
    0x03, 0x80, 0x1C, 0x00, 0xE0, 0x07, 0x00, 0x38, 0x01, 0xC0, 0x0E, 0x00, 0x1C, 0x01, 0xC0, 0x00,
    0x00, 0x00, 0x01, 0xC1, 0xDC, 0x3B, 0x87, 0x71, 0xC7, 0x38, 0xE7, 0x1D, 0xC1, 0xF8, 0x3F, 0x07,
    0xC0, 0x78, 0x0F, 0x01, 0xC0, 0xF8, 0x1E, 0x00, 0xF0, 0x7B, 0x83, 0x9E, 0x3C, 0x71, 0xC3, 0xDE,
    0x0E, 0xE0, 0x3E, 0x01, 0xF0, 0x07, 0x00, 0x38, 0x01, 0xC0, 0x0E, 0x00, 0x70, 0x03, 0x80, 0x1C,
    0x00, 0x00, 0x07, 0x00, 0x38, 0x01, 0xC0, 0xF0, 0xE7, 0x0E, 0x70, 0xE3, 0x8C, 0x39, 0xC3, 0x9C,
    0x1D, 0x81, 0xF8, 0x0F, 0x80, 0xF0, 0x0F, 0x00, 0x70, 0x0E, 0x00, 0xEE, 0x1C, 0xE7, 0xCE, 0x78,
    0x00, 0x0F, 0x00, 0x7C, 0x00, 0xE0, 0x07, 0x00, 0x70, 0x03, 0x00, 0x00, 0x1E, 0x0F, 0x70, 0x73,
    0xC7, 0x8E, 0x38, 0x7B, 0xC1, 0xDC, 0x07, 0xC0, 0x3E, 0x00, 0xE0, 0x07, 0x00, 0x38, 0x01, 0xC0,
    0x0E, 0x00, 0x70, 0x03, 0x80, 0x0F, 0x00, 0xF8, 0x03, 0x80, 0x70, 0x06, 0x00, 0x00, 0xE0, 0x7F,
    0x07, 0x70, 0xE7, 0x0E, 0x78, 0xE3, 0x9C, 0x39, 0xC1, 0xBC, 0x1F, 0x81, 0xF8, 0x0F, 0x00, 0xF0,
    0x0F, 0x00, 0xE0, 0x1E, 0x0F, 0xC0, 0xF8, 0x00, 0x0E, 0xC0, 0xFE, 0x06, 0xE0, 0x00, 0x0F, 0x07,
    0xB8, 0x39, 0xE3, 0xC7, 0x1C, 0x3D, 0xE0, 0xEE, 0x07, 0xF0, 0x1F, 0x00, 0xF8, 0x03, 0x80, 0x1C,
    0x00, 0xE0, 0x07, 0x00, 0x38, 0x01, 0xC0, 0x0E, 0x00, 0x1F, 0x81, 0xF8, 0x00, 0x00, 0x00, 0xF0,
    0xE7, 0x0E, 0x70, 0xE7, 0x9C, 0x39, 0xC3, 0x9C, 0x3D, 0x81, 0xF8, 0x1F, 0x80, 0xF0, 0x0F, 0x00,
    0xF0, 0x06, 0x03, 0xE0, 0x3C, 0x00, 0x00, 0x00, 0x00, 0x00, 0x00, 0x00, 0x00, 0x00, 0x00, 0x00,
    0x00, 0x00, 0x00, 0x00, 0x20, 0xBF, 0x2A, 0x42, 0x10, 0x84, 0x21, 0x08, 0x42, 0x10, 0x84, 0x00,
    0x22, 0x3E, 0x92, 0x84, 0x21, 0x08, 0x42, 0x10, 0x84, 0x21, 0x08, 0x40, 0xFF, 0xC0, 0xFF, 0xC0,
    0xFF, 0xFF, 0xF0, 0xFF, 0xFF, 0xFC, 0xFF, 0xFF, 0xFF, 0xFF, 0xC0, 0xFF, 0xFF, 0xFF, 0xFF, 0xFC,
    0xC3, 0xC3, 0xC3, 0xC3, 0xC3, 0xC3, 0xC3, 0xC3, 0xC3, 0xC3, 0xC3, 0xC3, 0xC3, 0xC3, 0xC3, 0xC3,
    0xC3, 0xC3, 0xC3, 0xC3, 0xC3, 0xFF, 0xFF, 0xC0, 0x1F, 0xFF, 0xF8, 0x6D, 0x6D, 0xF8, 0xFD, 0xAD,
    0x80, 0xFD, 0xAC, 0xE7, 0x77, 0x30, 0x63, 0x63, 0x42, 0xC6, 0xC6, 0xE7, 0xE7, 0xE7, 0xE7, 0x63,
    0x42, 0xC6, 0xC6, 0xE7, 0xE7, 0x63, 0x42, 0xC6, 0xE7, 0x3B, 0x9C, 0xCE, 0x73, 0x18, 0x1C, 0x0E,
    0x07, 0x03, 0x8F, 0xFF, 0xFC, 0x70, 0x38, 0x1C, 0x0E, 0x07, 0x03, 0x81, 0xC0, 0xE0, 0x70, 0x38,
    0x1C, 0x0E, 0x07, 0x03, 0x8F, 0xFF, 0xFC, 0x70, 0x38, 0x1C, 0x0E, 0x3F, 0xFF, 0xF1, 0xC0, 0xE0,
    0x70, 0x38, 0x7B, 0xFF, 0xFF, 0xFD, 0xE0, 0x83, 0x8F, 0x3F, 0xFF, 0xCC, 0x20, 0xFF, 0x80, 0xE3,
    0xF1, 0xF8, 0xE0, 0xE7, 0x3F, 0x39, 0xC0, 0xFF, 0x80, 0x00, 0x00, 0xFC, 0x21, 0x08, 0x42, 0x10,
    0x84, 0x21, 0x08, 0x42, 0x10, 0xF8, 0x42, 0x10, 0x84, 0x21, 0x08, 0x42, 0x10, 0x84, 0x21, 0xFF,
    0xFF, 0xF2, 0x10, 0x84, 0x21, 0x08, 0x42, 0x10, 0x84, 0x20, 0xFC, 0x21, 0x0F, 0x90, 0x84, 0x21,
    0x08, 0x42, 0x10, 0x84, 0x21, 0x00, 0xF8, 0x42, 0x1F, 0x90, 0x84, 0x21, 0x08, 0x42, 0x10, 0x84,
    0x21, 0x00, 0x00, 0x3C, 0x0C, 0x00, 0xEE, 0x18, 0x00, 0xC6, 0x38, 0x00, 0xC6, 0x30, 0x00, 0xC6,
    0x60, 0x00, 0xEE, 0x60, 0x00, 0x78, 0xC0, 0x00, 0x01, 0x80, 0x00, 0x01, 0x80, 0x00, 0x03, 0x3E,
    0x1E, 0x06, 0x77, 0x77, 0x06, 0x63, 0x63, 0x0C, 0x63, 0x63, 0x1C, 0x63, 0x63, 0x18, 0x77, 0x77,
    0x30, 0x3C, 0x3C, 0x38, 0x1C, 0x00, 0x00, 0x1F, 0x06, 0x00, 0x00, 0x0E, 0xE3, 0x80, 0x00, 0x03,
    0xB8, 0xC0, 0x00, 0x00, 0xEE, 0x70, 0x00, 0x00, 0x3B, 0xB8, 0x00, 0x00, 0x0E, 0xEC, 0xF0, 0xF0,
    0xF1, 0xF7, 0x7E, 0x7E, 0x7E, 0x39, 0xB9, 0xF9, 0xF9, 0xC0, 0xEE, 0x7E, 0x7E, 0x70, 0x33, 0x9F,
    0x9F, 0x9C, 0x1C, 0xE7, 0xE7, 0xE7, 0x06, 0x39, 0xF9, 0xF9, 0xC3, 0x07, 0xE7, 0xE7, 0xE0, 0xC0,
    0xF0, 0xF0, 0xF0, 0x7F, 0xFE, 0x6F, 0xDF, 0xBF, 0x7E, 0xC0, 0x39, 0xCC, 0x67, 0x39, 0xCC, 0xE3,
    0x39, 0x8C, 0x67, 0x00, 0xE1, 0xC3, 0x0E, 0x18, 0x30, 0xE7, 0x1C, 0xC3, 0x38, 0x66, 0x18, 0xC0,
    0xE7, 0x30, 0xE6, 0x70, 0xCE, 0x60, 0xCC, 0x61, 0x8C, 0xE0, 0x18, 0x18, 0x3C, 0x34, 0x26, 0x62,
    0x43, 0x1C, 0xE7, 0x3C, 0xE3, 0xC7, 0x0E, 0x1C, 0xE1, 0xC3, 0x8F, 0x1C, 0xF3, 0x9C, 0xE0, 0x03,
    0x80, 0xC7, 0x19, 0xCE, 0x71, 0xE3, 0xC0, 0xEE, 0x1C, 0xF9, 0xF8, 0xE3, 0xF3, 0xE7, 0x0E, 0xE0,
    0x38, 0xE0, 0x60, 0xC1, 0xC1, 0xC7, 0x39, 0xCC, 0x71, 0x80, 0xE0, 0x00, 0xE3, 0xF1, 0xF8, 0xFC,
    0x7E, 0x3F, 0x1F, 0x8F, 0xC7, 0xE3, 0xF1, 0xC0, 0x00, 0x0E, 0x3F, 0x1F, 0x8E, 0x3F, 0x1F, 0xE7,
    0xFC, 0x77, 0x1D, 0xC7, 0xE1, 0xF8, 0x78, 0x1C, 0x07, 0x00, 0x00, 0x00, 0x1C, 0x07, 0x01, 0xC0,
    0xFF, 0xFF, 0xFC, 0xC0, 0x16, 0x03, 0x30, 0x61, 0xFC, 0x0F, 0x80, 0x0F, 0x83, 0xFC, 0x30, 0x66,
    0x03, 0xC0, 0x10, 0x01, 0x03, 0x02, 0x06, 0x04, 0x0C, 0x08, 0x18, 0x18, 0x3C, 0x34, 0x26, 0x62,
    0x43, 0x00, 0x38, 0x00, 0x00, 0x70, 0x00, 0x00, 0xE0, 0x00, 0x0C, 0xD8, 0x00, 0x1F, 0xF0, 0x00,
    0x1F, 0xE0, 0x00, 0x1F, 0x00, 0x00, 0x36, 0x00, 0x00, 0xEE, 0x00, 0x18, 0x88, 0xC0, 0x30, 0x01,
    0x80, 0x60, 0x03, 0x08, 0xC4, 0x46, 0x3F, 0xF8, 0xFF, 0xFF, 0xF1, 0xFF, 0x8F, 0x00, 0x78, 0x1F,
    0x01, 0xF8, 0x76, 0x03, 0x30, 0xCE, 0x0E, 0x70, 0x80, 0x04, 0x80, 0xFF, 0xC0, 0x00, 0x60, 0x06,
    0x00, 0xC0, 0x08, 0x01, 0x80, 0x30, 0x03, 0x00, 0x60, 0x0C, 0x00, 0xC0, 0x18, 0x01, 0x80, 0x30,
    0x06, 0x00, 0x60, 0x0C, 0x00, 0xFF, 0xF9, 0xCE, 0x73, 0x9C, 0xFF, 0xF9, 0xCE, 0x73, 0x9C, 0xFF,
    0xC0, 0xFF, 0xF1, 0xC7, 0x1C, 0x71, 0xC7, 0xFF, 0xF1, 0xC7, 0x1C, 0x71, 0xC7, 0xFF, 0xF0, 0x7E,
    0x1F, 0xCF, 0xF3, 0xFE, 0xC3, 0x90, 0xF0, 0x38, 0x0F, 0x03, 0x80, 0xF0, 0x78, 0x1F, 0x1F, 0x07,
    0xE3, 0xE0, 0xFC, 0x3C, 0x0F, 0x83, 0x80, 0xF0, 0x00, 0x00, 0x00, 0x00, 0x00, 0x38, 0x07, 0x03,
    0x80, 0x70, 0x38, 0x07, 0x00, 0x7E, 0x1F, 0xFC, 0x7C, 0x39, 0xC0, 0xE7, 0x03, 0x9C, 0x1E, 0x71,
    0xF1, 0xCF, 0x07, 0x38, 0x1C, 0xE0, 0x70, 0x00, 0x00, 0x00, 0x38, 0x1C, 0xE0, 0x73, 0x81, 0xC0,
    0xE3, 0xF3, 0x9F, 0xEE, 0x21, 0xF8, 0x07, 0xE0, 0x1F, 0x80, 0xFE, 0x07, 0xB8, 0x3C, 0xE0, 0xE3,
    0x83, 0x80, 0x00, 0x00, 0x00, 0xE0, 0xE3, 0x83, 0x8E, 0x0E, 0x00, 0xFF, 0xFF, 0xF0, 0x18, 0x0E,
    0x03, 0x01, 0xC0, 0xE0, 0x38, 0x1C, 0x07, 0x03, 0x80, 0xE0, 0xFF, 0x1F, 0xFB, 0x7F, 0x6F, 0xED,
    0xFD, 0xBF, 0xF7, 0xF6, 0xFE, 0xDF, 0xDB, 0xF3, 0x78, 0x6C, 0x0D, 0x81, 0xB0, 0x36, 0x06, 0xC0,
    0xD8, 0x1B, 0x03, 0x60, 0x00, 0x3F, 0xEF, 0xFF, 0xF9, 0xFF, 0x3F, 0xE7, 0xFC, 0xFF, 0x9F, 0xF3,
    0xFE, 0x6F, 0xFC, 0xFF, 0x80, 0xFF, 0x9F, 0xFB, 0x3F, 0xE7, 0xFC, 0xFF, 0x9F, 0xF3, 0xFE, 0x7F,
    0xCF, 0xFF, 0xFB, 0xFE, 0x00, 0x1C, 0x07, 0x00, 0xC3, 0x36, 0xFF, 0xFF, 0xE3, 0xE0, 0xDC, 0x77,
    0x08, 0x80, 0xEE, 0xE0, 0x00, 0x00, 0x0E, 0xE6, 0x66, 0x0F, 0x83, 0xFC, 0x30, 0x64, 0x03, 0xC0,
    0x10, 0x00, 0x00, 0x00, 0x00, 0x00, 0x00, 0x00, 0x00, 0x00, 0x00, 0x00, 0x00, 0x00, 0x00, 0x00,
    0x00, 0x00, 0x00, 0x00, 0xC0, 0x14, 0x03, 0x30, 0x61, 0xFC, 0x0F, 0x80, 0x1C, 0x07, 0x00, 0xC3,
    0x36, 0xFF, 0xFF, 0xF1, 0xE0, 0xDC, 0x77, 0x0C, 0x80, 0x00, 0x70, 0x1C, 0x03, 0x0E, 0xDB, 0xFF,
    0xFF, 0x8F, 0x83, 0x71, 0xDC, 0x22, 0x00, 0xE3, 0xE6, 0xE6, 0x06, 0x0C, 0x0C, 0x18, 0x18, 0x18,
    0x30, 0x30, 0x60, 0x67, 0x67, 0xC7, 0x3F, 0xC0, 0x6F, 0xFF, 0xFB, 0x01, 0xFE, 0x00, 0x0F, 0x83,
    0xFC, 0x30, 0x66, 0x03, 0xC0, 0x10, 0x0C, 0x03, 0x06, 0xD8, 0xFC, 0x3F, 0x3F, 0xFF, 0xFC, 0xFC,
    0x7F, 0x9B, 0x60, 0xC0, 0x03, 0x81, 0xC0, 0xE0, 0x00, 0x07, 0x03, 0x81, 0xC0, 0x00, 0x00, 0x00,
    0x00, 0x00, 0x38, 0x1C, 0x0E, 0x39, 0xDC, 0xC6, 0x73, 0x39, 0xCC, 0xEE, 0x33, 0x19, 0x8C, 0x66,
    0x60, 0x03, 0x80, 0x07, 0x00, 0x0E, 0x00, 0x00, 0x00, 0x00, 0x1C, 0x01, 0xF8, 0x03, 0xF0, 0x07,
    0x00, 0x00, 0x00, 0x00, 0x00, 0x00, 0x00, 0x00, 0x38, 0x00, 0x70, 0x00, 0xE0, 0x00, 0xE0, 0x0F,
    0xC0, 0x1F, 0x80, 0x38, 0x00, 0x00, 0x00, 0x00, 0x70, 0x00, 0xE0, 0x01, 0xC0, 0x00, 0x00, 0x00,
    0x00, 0x00, 0x00, 0x00, 0x0E, 0x00, 0xFC, 0x01, 0xF8, 0x03, 0x80, 0xFF, 0x80, 0x00, 0x00, 0x0F,
    0xF8, 0x07, 0x00, 0x38, 0x01, 0xC0, 0x00, 0x00, 0x00, 0x00, 0x00, 0x00, 0x1C, 0x07, 0xE0, 0x3F,
    0x01, 0xC0, 0x00, 0x00, 0x00, 0x00, 0x00, 0x00, 0x1C, 0x00, 0xE0, 0x07, 0x00, 0x01, 0xC0, 0x01,
    0xC0, 0x39, 0xCE, 0x39, 0xCE, 0x39, 0xCE, 0x01, 0xC0, 0x01, 0xC0, 0x01, 0xC0, 0xFF, 0xFF, 0xFF,
    0xFF, 0x01, 0xC0, 0x01, 0xC0, 0x39, 0xCE, 0x39, 0xCE, 0x39, 0xCE, 0x01, 0xC0, 0x01, 0xC0, 0xFF,
    0x80, 0x3F, 0xE0, 0x01, 0xFF, 0xFF, 0xFF, 0xC7, 0xFC, 0x0F, 0xF8, 0x00, 0x00, 0x00, 0x00, 0x00,
    0x00, 0x00, 0x00, 0x00, 0x00, 0xF9, 0x08, 0x4F, 0x90, 0x84, 0x21, 0x08, 0x42, 0x10, 0x84, 0x21,
    0x00, 0xFC, 0x63, 0x1F, 0x90, 0x84, 0x21, 0x08, 0x42, 0x10, 0x84, 0x21, 0x00, 0xFB, 0x9C, 0x42,
    0x10, 0x84, 0x21, 0x08, 0x42, 0x10, 0x84, 0x21, 0x00, 0x21, 0x1C, 0xEF, 0x90, 0x84, 0x21, 0x08,
    0x42, 0x10, 0x84, 0x21, 0x00, 0x22, 0xA2, 0xA2, 0x10, 0x84, 0x21, 0x08, 0x42, 0x10, 0x84, 0x21,
    0x00, 0xE1, 0x08, 0x4F, 0x90, 0x84, 0x21, 0x08, 0x42, 0x10, 0x84, 0x21, 0x00, 0x38, 0xDB, 0x3E,
    0xBD, 0x7C, 0xDB, 0x1C, 0x33, 0xFF, 0xF0, 0x1C, 0x38, 0xF3, 0x6C, 0xDF, 0xC3, 0x06, 0xFF, 0x0C,
    0x3E, 0xCC, 0x3C, 0xFE, 0x3C, 0xCF, 0x07, 0xEC, 0x78, 0xF1, 0xBE, 0xFC, 0x63, 0x8C, 0x31, 0x86,
    0x18, 0x79, 0x9B, 0x31, 0xCC, 0x78, 0xF1, 0xBE, 0x7D, 0x8F, 0x1E, 0x37, 0xE0, 0xF3, 0x3C, 0x30,
    0xCF, 0xFF, 0x30, 0xC0, 0xFC, 0xFF, 0xFF, 0xFF, 0x26, 0xCC, 0xCC, 0xCC, 0xC6, 0x20, 0x46, 0x33,
    0x33, 0x33, 0x36, 0x40, 0xDD, 0xFF, 0x1E, 0x3C, 0x78, 0xF1, 0x80, 0x38, 0xDB, 0x3E, 0xBD, 0x7C,
    0xDB, 0x1C, 0x33, 0xF3, 0x33, 0x33, 0x7B, 0x30, 0xC7, 0x7B, 0xCC, 0x3F, 0x7B, 0x30, 0xCE, 0x0C,
    0x3C, 0xDE, 0x1C, 0x38, 0xF3, 0x6C, 0xDF, 0xC3, 0x06, 0xFF, 0x0C, 0x3E, 0xCC, 0x3C, 0xFE, 0x3C,
    0xCF, 0x07, 0xEC, 0x78, 0xF1, 0xBE, 0xFC, 0x63, 0x8C, 0x31, 0x86, 0x18, 0x79, 0x9B, 0x31, 0xCC,
    0x78, 0xF1, 0xBE, 0x7D, 0x8F, 0x1E, 0x37, 0xE0, 0xF3, 0x3C, 0x30, 0xCF, 0xFF, 0x30, 0xC0, 0xFC,
    0xFF, 0xFF, 0xFF, 0x26, 0xCC, 0xCC, 0xCC, 0xC6, 0x20, 0x46, 0x33, 0x33, 0x33, 0x36, 0x40, 0x7C,
    0x8C, 0x1B, 0xFC, 0x78, 0xDF, 0x80, 0x3D, 0xCF, 0x1F, 0xFC, 0x1C, 0x4F, 0x80, 0x79, 0xCF, 0x1E,
    0x3C, 0x6D, 0xCE, 0x00, 0x66, 0x6E, 0x3C, 0x38, 0x3C, 0x6E, 0xE6, 0xF9, 0x1C, 0x1F, 0xFC, 0x79,
    0xDE, 0x00, 0xC1, 0x83, 0x06, 0xEF, 0xF8, 0xF1, 0xE3, 0xC7, 0x8C, 0xC1, 0x83, 0x06, 0x7D, 0xDF,
    0x3E, 0x6C, 0xCD, 0x8C, 0xFF, 0xFF, 0xF0, 0xDC, 0xEF, 0xFF, 0xC6, 0x3C, 0x63, 0xC6, 0x3C, 0x63,
    0xC6, 0x30, 0xDD, 0xFF, 0x1E, 0x3C, 0x78, 0xF1, 0x80, 0xDD, 0xFF, 0x1E, 0x3C, 0x7F, 0xF7, 0x60,
    0xC1, 0x80, 0x7B, 0xEC, 0x0C, 0x0B, 0xEF, 0x80, 0x23, 0x1F, 0xF6, 0x31, 0x8F, 0x38, 0x1F, 0x0F,
    0xE1, 0xC0, 0x70, 0x0E, 0x7F, 0xCF, 0xF9, 0xC7, 0xB8, 0x7F, 0xE7, 0xFC, 0x1C, 0x03, 0x80, 0x70,
    0x0F, 0xC1, 0xF8, 0x02, 0x40, 0x48, 0x7F, 0x9F, 0xF7, 0xEE, 0xE9, 0x39, 0x27, 0x2C, 0xED, 0x9D,
    0xB3, 0xA4, 0x7C, 0x87, 0x90, 0xFF, 0xCF, 0xF8, 0xFE, 0x12, 0x02, 0x40, 0x0F, 0xC7, 0xFD, 0xE1,
    0x38, 0x0E, 0x01, 0xC0, 0x39, 0xBF, 0x3F, 0xE7, 0x9C, 0xE3, 0xDC, 0x3F, 0x97, 0xFE, 0x7F, 0xC7,
    0xF0, 0x3F, 0xE7, 0xFC, 0xE0, 0x1C, 0x03, 0x80, 0x70, 0x0F, 0xF1, 0xFE, 0x38, 0x07, 0x03, 0xFC,
    0x7F, 0x83, 0x80, 0x70, 0x0E, 0x00, 0x0F, 0xC3, 0xF8, 0xE1, 0x1C, 0x03, 0x81, 0xFF, 0x3F, 0xE1,
    0xC0, 0xFF, 0x9F, 0xF0, 0xE0, 0x1C, 0x07, 0x01, 0xFF, 0xFF, 0xF8, 0x00, 0x18, 0x00, 0x1C, 0x00,
    0x0C, 0x19, 0xF7, 0xCF, 0xFF, 0xF7, 0x9F, 0x3F, 0x87, 0x0F, 0xC3, 0x87, 0xE1, 0xC3, 0xF0, 0xE1,
    0xF8, 0xF0, 0xFC, 0x78, 0x7E, 0x3C, 0x3F, 0x3E, 0x1F, 0x9F, 0x0E, 0x18, 0x00, 0x0C, 0x00, 0x0E,
    0x00, 0x00, 0x78, 0xE7, 0x8E, 0x7C, 0xE7, 0xCE, 0x7C, 0xEF, 0xFF, 0xFF, 0xF7, 0x6E, 0xFF, 0xFF,
    0xFF, 0x73, 0xE7, 0x3E, 0x73, 0xE7, 0x1E, 0x71, 0xE0, 0xFE, 0x00, 0xFF, 0x00, 0xE7, 0x80, 0xE3,
    0x98, 0xE3, 0x98, 0xE3, 0x98, 0xE7, 0xBF, 0xFF, 0x7F, 0xFE, 0x38, 0xE0, 0x38, 0xE0, 0x38, 0xE0,
    0x38, 0xE0, 0x38, 0xE0, 0x3F, 0xE0, 0x1F, 0xFE, 0x00, 0x7F, 0x80, 0x39, 0xE0, 0x1C, 0x71, 0xEE,
    0x3B, 0xFF, 0x1D, 0xCB, 0x9E, 0xE1, 0xFE, 0x78, 0xFE, 0x1F, 0x77, 0x07, 0xF9, 0xC1, 0xFC, 0xE0,
    0x7E, 0x3A, 0x3F, 0x1D, 0xFB, 0x8F, 0xF8, 0xE3, 0x8F, 0xC7, 0x1D, 0x8E, 0x33, 0x14, 0x66, 0x6C,
    0xCC, 0xDB, 0xBF, 0xFF, 0xFF, 0xFF, 0x36, 0xD8, 0x6D, 0xB0, 0xF1, 0xE1, 0xE3, 0xC3, 0xC7, 0x87,
    0x8F, 0x07, 0x1C, 0x00, 0xFF, 0xCF, 0xFF, 0xDF, 0x83, 0xBF, 0x07, 0x7E, 0xEE, 0xFD, 0xDD, 0xFB,
    0xBB, 0xF7, 0x77, 0xEE, 0xEF, 0xDD, 0xDF, 0xBB, 0xBF, 0x77, 0x7E, 0xE0, 0xFD, 0xC1, 0xFB, 0xFF,
    0xF7, 0xFE, 0x00, 0xE0, 0xFF, 0x0F, 0xF0, 0x0E, 0x1E, 0xE7, 0xFE, 0x71, 0xEE, 0x0E, 0xE0, 0xEE,
    0x0E, 0xE0, 0xEE, 0x0E, 0xE0, 0xE7, 0x1E, 0x7F, 0xE3, 0xEE, 0x00, 0x07, 0xFC, 0x7F, 0xC0, 0x03,
    0xE0, 0x1F, 0xC0, 0xE3, 0x87, 0x07, 0x1C, 0x1F, 0xFE, 0x0F, 0xF8, 0x0E, 0x00, 0x38, 0x03, 0xFE,
    0x0F, 0xF8, 0x06, 0x07, 0x1C, 0x3C, 0x38, 0xE0, 0x7F, 0x00, 0xF8, 0x70, 0xF7, 0x1E, 0x71, 0xC7,
    0x38, 0x77, 0x87, 0x70, 0xFF, 0xEF, 0xFE, 0x77, 0x07, 0x38, 0x73, 0x87, 0x1C, 0x71, 0xE7, 0x0E,
    0x70, 0xF0, 0xFF, 0xFF, 0xFC, 0x38, 0x07, 0x40, 0xF8, 0x1E, 0x03, 0x81, 0xF4, 0x7F, 0x81, 0xE0,
    0x38, 0x1F, 0x03, 0xE0, 0x1C, 0x03, 0x80, 0x7F, 0x00, 0x0F, 0xFC, 0x00, 0x01, 0xE0, 0x01, 0xCE,
    0x00, 0x38, 0x70, 0x03, 0x87, 0x00, 0x38, 0x70, 0x03, 0x87, 0x3C, 0x78, 0x77, 0xE7, 0x0F, 0x67,
    0x70, 0xEE, 0x77, 0x1E, 0xC7, 0x73, 0xCC, 0xFF, 0xF8, 0xFE, 0xFE, 0x1F, 0xC0, 0x01, 0xC0, 0x00,
    0x18, 0x00, 0x01, 0x80, 0x00, 0x18, 0x00, 0x03, 0x80, 0x03, 0xC0, 0x7E, 0x0E, 0x70, 0xE7, 0x0E,
    0x70, 0xE7, 0x0F, 0xE0, 0x7E, 0x07, 0xC1, 0x3C, 0x33, 0xC3, 0xFE, 0x7E, 0xE6, 0xCE, 0xEC, 0x70,
    0x07, 0x00, 0x70, 0x07, 0x03, 0xE0, 0x3C, 0x7F, 0x87, 0xFC, 0x71, 0xEF, 0xFF, 0xFF, 0xF7, 0x0E,
    0xFF, 0xFF, 0xFF, 0x71, 0xC7, 0xFC, 0x7F, 0x07, 0x00, 0x70, 0x07, 0x00, 0x70, 0x00, 0x03, 0x00,
    0xFE, 0x1F, 0xF3, 0xB2, 0x73, 0x0F, 0x30, 0xE3, 0x0E, 0x3F, 0xE3, 0xFE, 0x37, 0xE3, 0x7E, 0x37,
    0x73, 0x77, 0xB7, 0x3F, 0xF0, 0xFE, 0x03, 0x00, 0x30, 0x07, 0x00, 0x7C, 0x03, 0x60, 0x3B, 0x81,
    0xDC, 0x7F, 0xFF, 0xFF, 0xE7, 0x1C, 0xFF, 0xFF, 0xFF, 0xDC, 0x1C, 0xE0, 0xE7, 0x07, 0x70, 0x1F,
    0x80, 0xE0, 0x0F, 0xC1, 0xFF, 0x0E, 0x3C, 0xE0, 0xE0, 0x07, 0x7F, 0xFF, 0xFF, 0xE0, 0x00, 0x00,
    0x07, 0xFF, 0xFF, 0xFE, 0xE0, 0x07, 0x07, 0x3C, 0x78, 0xFF, 0x83, 0xF0, 0x03, 0x00, 0xFE, 0x3F,
    0xE7, 0xFE, 0x73, 0x0F, 0x30, 0xE3, 0x0E, 0x30, 0xE3, 0x0E, 0x30, 0xE3, 0x0F, 0x30, 0x73, 0x07,
    0xFE, 0x3F, 0xE1, 0xFE, 0x03, 0x00, 0x30, 0x18, 0x60, 0xE3, 0x87, 0xFF, 0xFF, 0xFF, 0x38, 0xE0,
    0xE3, 0x83, 0x8E, 0x0E, 0x38, 0x38, 0xE0, 0xE3, 0x83, 0x8E, 0x0E, 0x38, 0x38, 0xFC, 0xE1, 0xF0,
    0x03, 0xF8, 0x1F, 0xF0, 0xE0, 0x83, 0x80, 0x0E, 0x00, 0x3E, 0x00, 0x7E, 0x00, 0xFE, 0x00, 0xFC,
    0x00, 0xFF, 0xFD, 0xE9, 0x9F, 0xE6, 0x7D, 0xFF, 0xE2, 0xFE, 0x09, 0x98, 0x26, 0x60, 0xFF, 0xFF,
    0xFC, 0x00, 0x00, 0x0F, 0xFF, 0xFF, 0xC3, 0x80, 0x70, 0x0E, 0x01, 0xC0, 0x38, 0x07, 0x00, 0xE0,
    0x1C, 0x03, 0x80, 0xFF, 0xFF, 0xFF, 0xFF, 0x80, 0x3C, 0xFF, 0xFF, 0xFF, 0x01, 0xCF, 0xFC, 0xFF,
    0x8F, 0xE0, 0xF0, 0x07, 0x80, 0x3C, 0x01, 0xF0, 0x07, 0x80, 0x38, 0x07, 0x00, 0xFC, 0x1F, 0x0F,
    0x81, 0xFE, 0x0F, 0xC7, 0xC0, 0xF8, 0xE7, 0x1C, 0xE3, 0x9C, 0xE3, 0xFC, 0x7F, 0x0F, 0x80, 0x78,
    0x00, 0x8C, 0x00, 0x8C, 0x00, 0xFF, 0xFC, 0xFF, 0xFE, 0x7F, 0xFF, 0x0C, 0x01, 0x0D, 0xF9, 0x0F,
    0x7F, 0x0C, 0x6E, 0x1E, 0x00, 0x37, 0x00, 0x07, 0xF8, 0x03, 0xF8, 0x00, 0xF8, 0x01, 0xC0, 0x01,
    0xC0, 0x01, 0xC0, 0x01, 0xC0, 0x0F, 0xF8, 0x3F, 0xFC, 0x7D, 0xDE, 0x71, 0xCE, 0xE1, 0xC7, 0xE1,
    0xC7, 0xE1, 0xC7, 0xE0, 0x07, 0xE0, 0x07, 0xE0, 0x07, 0xE0, 0x07, 0x3F, 0xC1, 0xFF, 0x8E, 0x1E,
    0x70, 0x73, 0x83, 0x9C, 0x1C, 0xE0, 0xE7, 0x0F, 0x3F, 0xF1, 0xFE, 0x0E, 0x00, 0x70, 0x0F, 0xF0,
    0x7F, 0x80, 0xE0, 0x07, 0x00, 0x07, 0x80, 0x3F, 0x03, 0xFF, 0x1F, 0xFE, 0x77, 0xBB, 0x9E, 0x7E,
    0x79, 0xF9, 0xE7, 0xE7, 0x9F, 0x80, 0x0E, 0x00, 0x1C, 0x00, 0x70, 0x00, 0xE0, 0x07, 0xFF, 0x9F,
    0xFE, 0x24, 0x12, 0x3F, 0x9F, 0xEE, 0x7F, 0x1F, 0x8F, 0xC7, 0xFF, 0x7F, 0xB9, 0xFC, 0x7E, 0x3F,
    0x1F, 0x9F, 0xFE, 0xFE, 0x12, 0x09, 0x00, 0x1F, 0x9F, 0xDC, 0x1C, 0x0E, 0x07, 0x03, 0x81, 0xC0,
    0xE0, 0x38, 0x5F, 0xE3, 0xF0, 0x00, 0x03, 0xFF, 0xFF, 0x03, 0x80, 0x0E, 0x00, 0x38, 0x00, 0xE0,
    0x03, 0x80, 0x0F, 0xFF, 0xFF, 0xFF, 0xBF, 0xFF, 0x38, 0x00, 0x38, 0x00, 0x38, 0x00, 0x38, 0x00,
    0x38, 0x00, 0x02, 0x00, 0x38, 0x03, 0xE0, 0x3F, 0x83, 0xFE, 0x3B, 0xBB, 0x9C, 0xF8, 0xE3, 0x87,
    0x08, 0x38, 0x01, 0xC0, 0x0E, 0x00, 0x70, 0x03, 0x80, 0x1C, 0x00, 0x03, 0x80, 0x03, 0x80, 0x03,
    0x80, 0x03, 0x80, 0x03, 0x9F, 0xFF, 0xBF, 0xFF, 0xFF, 0xFE, 0x00, 0x38, 0x00, 0xE0, 0x03, 0x80,
    0x0E, 0x00, 0x38, 0x00, 0x07, 0x00, 0x38, 0x01, 0xC0, 0x0E, 0x00, 0x70, 0x03, 0x82, 0x1C, 0x38,
    0xE3, 0xE7, 0x3B, 0xBB, 0x8F, 0xF8, 0x3F, 0x80, 0xF8, 0x03, 0x80, 0x08, 0x00, 0x03, 0x8E, 0x00,
    0x38, 0x38, 0x03, 0x80, 0xE0, 0x38, 0x03, 0x83, 0x80, 0x0E, 0x3F, 0xFF, 0xFB, 0xFF, 0xFF, 0xEF,
    0xFF, 0xFE, 0x38, 0x00, 0xE0, 0xE0, 0x0E, 0x03, 0x80, 0xE0, 0x0E, 0x0E, 0x00, 0x38, 0xE0, 0x00,
    0x02, 0x00, 0x38, 0x03, 0xE0, 0x3F, 0x83, 0xFE, 0x3B, 0xBB, 0x9C, 0xF8, 0xE3, 0x87, 0x08, 0x38,
    0x01, 0xC0, 0x0E, 0x08, 0x70, 0xE3, 0x8F, 0x9C, 0xEE, 0xEE, 0x3F, 0xE0, 0xFE, 0x03, 0xE0, 0x0E,
    0x00, 0x20, 0x00, 0xFF, 0x9F, 0xFF, 0xC0, 0x7C, 0x0F, 0xC1, 0xBE, 0x33, 0xE6, 0x3E, 0xC3, 0xF8,
    0x3D, 0x03, 0x00, 0x3F, 0xFF, 0xFC, 0x07, 0x81, 0xF0, 0x7E, 0x3E, 0xCF, 0x9B, 0xE3, 0xF8, 0x7E,
    0x0D, 0x81, 0x00, 0x60, 0x5E, 0x0B, 0xE1, 0xBE, 0x33, 0xC6, 0x3C, 0xC3, 0xD8, 0x3F, 0x03, 0xFF,
    0xFD, 0xFF, 0x80, 0x40, 0xC8, 0x3F, 0x0F, 0xE3, 0xEC, 0x79, 0x9E, 0x37, 0x87, 0xE0, 0xF8, 0x1F,
    0xFF, 0xFF, 0x00, 0x00, 0x23, 0x8E, 0xFD, 0xEC, 0xCE, 0x0F, 0xF0, 0x70, 0x7F, 0x87, 0xFE, 0x00,
    0x70, 0x03, 0x00, 0x31, 0xC3, 0x38, 0x77, 0xFE, 0x7F, 0x83, 0x80, 0x1C, 0x00, 0x1F, 0xE7, 0xFE,
    0xE0, 0x0C, 0x00, 0xC0, 0x0C, 0x38, 0xE1, 0xC7, 0xFE, 0x3F, 0xE0, 0x1C, 0x03, 0x80, 0x00, 0x02,
    0x01, 0xC0, 0x7F, 0xFF, 0xFE, 0xE0, 0xCC, 0x18, 0x03, 0x00, 0x60, 0x0C, 0x01, 0x80, 0x30, 0x06,
    0x00, 0x00, 0x30, 0x07, 0x7F, 0xFF, 0xFF, 0x83, 0xB0, 0x46, 0x00, 0xC0, 0x18, 0x03, 0x00, 0x60,
    0x0C, 0x00, 0xC0, 0x18, 0x03, 0x00, 0x60, 0x0C, 0x01, 0x80, 0x30, 0x66, 0x0E, 0xFF, 0xFF, 0xFC,
    0x07, 0x00, 0x80, 0x00, 0xFF, 0x8F, 0xF8, 0x01, 0x80, 0x18, 0x01, 0x80, 0x18, 0x01, 0x80, 0x18,
    0x01, 0x80, 0x18, 0x01, 0x80, 0x7E, 0x03, 0xC0, 0x3C, 0x01, 0x80, 0x00, 0x60, 0x0C, 0x01, 0x80,
    0x30, 0x06, 0x00, 0xC4, 0x1B, 0x83, 0xFF, 0xFF, 0xFD, 0xC0, 0x18, 0x00, 0x00, 0xC0, 0x0C, 0x20,
    0xCE, 0x0D, 0xFF, 0xDF, 0xFC, 0xE0, 0xC2, 0x0C, 0x00, 0x00, 0x30, 0x43, 0x07, 0x3F, 0xFB, 0xFF,
    0xB0, 0x73, 0x04, 0x30, 0x03, 0x00, 0xC0, 0x00, 0x70, 0x00, 0x3E, 0x00, 0x0C, 0xC0, 0x06, 0x18,
    0x03, 0x87, 0x01, 0xC0, 0xE0, 0xF8, 0x7C, 0x7E, 0x1F, 0x81, 0x86, 0x00, 0x61, 0x80, 0x18, 0x60,
    0x06, 0x18, 0x01, 0xFE, 0x00, 0x7F, 0x80, 0x38, 0x1F, 0x81, 0xF0, 0x0E, 0x01, 0x8F, 0xF7, 0xFF,
    0xC7, 0xE1, 0xF8, 0x7E, 0x1F, 0x87, 0x73, 0x9F, 0xE1, 0xE0, 0x07, 0x00, 0x7C, 0x03, 0x60, 0x1B,
    0x01, 0xDC, 0x0C, 0x60, 0xE3, 0x86, 0x0C, 0x70, 0x73, 0x83, 0x98, 0x0D, 0xC0, 0x7F, 0xFF, 0xFF,
    0xFC, 0xFF, 0xFF, 0xFF, 0xF3, 0x87, 0x0E, 0x1C, 0x38, 0x70, 0xE1, 0xC3, 0x87, 0x0E, 0x1C, 0x38,
    0x70, 0xE1, 0xC3, 0x87, 0x0E, 0x1C, 0x38, 0x70, 0xE1, 0xC3, 0x87, 0x0E, 0x1C, 0x38, 0x70, 0xFF,
    0xFF, 0xFE, 0x01, 0xC0, 0x38, 0x0E, 0x01, 0xC0, 0x70, 0x38, 0x0E, 0x07, 0x03, 0x80, 0xFF, 0xFF,
    0xF0, 0xFF, 0xFF, 0xF0, 0x00, 0xFC, 0x07, 0xF0, 0x1C, 0x00, 0x70, 0x01, 0xC0, 0x06, 0x00, 0x38,
    0x00, 0xE0, 0xE3, 0x83, 0x8E, 0x07, 0x30, 0x1D, 0xC0, 0x77, 0x01, 0xDC, 0x03, 0xF0, 0x0F, 0xC0,
    0x3E, 0x00, 0x78, 0x00, 0x3C, 0x3C, 0x7F, 0xFE, 0xE3, 0xC7, 0xE1, 0x87, 0xE3, 0xC7, 0x7F, 0xFE,
    0x3C, 0x3C, 0x07, 0x87, 0xC3, 0x81, 0xC0, 0xE0, 0x70, 0x30, 0x38, 0x1C, 0x0E, 0x07, 0x03, 0x81,
    0xC0, 0xE0, 0x70, 0x70, 0xF8, 0x78, 0x00, 0x31, 0xBC, 0xF7, 0xF8, 0xE3, 0x1B, 0xCF, 0xFF, 0x8E,
    0x07, 0x01, 0x8F, 0xFF, 0xFF, 0x0C, 0x03, 0x0F, 0xFF, 0xFF, 0x18, 0x0E, 0x00, 0x00, 0x41, 0xF3,
    0xFF, 0xF8, 0xF0, 0x3E, 0x07, 0xF8, 0x3F, 0x01, 0xC0, 0x0F, 0xFF, 0xFF, 0x80, 0x3E, 0x0F, 0xF0,
    0x7F, 0x03, 0xC1, 0xF7, 0xFB, 0xF0, 0xE0, 0x00, 0x0F, 0xFF, 0xFF, 0x1F, 0x9F, 0x9F, 0x9F, 0xCE,
    0x0E, 0x07, 0x07, 0x07, 0xF7, 0xF7, 0xFF, 0xF8, 0xE0, 0xE0, 0x70, 0x70, 0x38, 0x38, 0x1C, 0x1C,
    0x0E, 0x0E, 0x07, 0x07, 0x03, 0x83, 0x81, 0xC1, 0xC0, 0xE0, 0xE0, 0x70, 0x70, 0x0F, 0x38, 0xF9,
    0xCE, 0x00, 0x70, 0x0F, 0xF3, 0xFF, 0x9C, 0xE0, 0xE7, 0x07, 0x38, 0x39, 0xC1, 0xCE, 0x0E, 0x70,
    0x73, 0x83, 0x9C, 0x1C, 0xE0, 0xE7, 0x07, 0x0F, 0x38, 0x3E, 0x70, 0xE0, 0xE1, 0xC1, 0xCF, 0xF3,
    0x9F, 0xE7, 0x0E, 0x0E, 0x1C, 0x1C, 0x38, 0x38, 0x70, 0x70, 0xE0, 0xE1, 0xC1, 0xC3, 0x83, 0x87,
    0x07, 0x0E, 0x0F, 0x9C, 0x0F, 0x1F, 0x9F, 0xF3, 0xF3, 0xF7, 0x38, 0x38, 0x73, 0x83, 0x80, 0x7F,
    0x7F, 0x7F, 0xFF, 0xF7, 0x38, 0x38, 0x73, 0x83, 0x87, 0x38, 0x38, 0x73, 0x83, 0x87, 0x38, 0x38,
    0x73, 0x83, 0x87, 0x38, 0x38, 0x73, 0x83, 0x87, 0x38, 0x38, 0x73, 0x83, 0x87, 0x1F, 0x9F, 0x73,
    0xF3, 0xF7, 0x38, 0x38, 0x73, 0x83, 0x87, 0x7F, 0x7E, 0x7F, 0xFF, 0xE7, 0x38, 0x38, 0x73, 0x83,
    0x87, 0x38, 0x38, 0x73, 0x83, 0x87, 0x38, 0x38, 0x73, 0x83, 0x87, 0x38, 0x38, 0x73, 0x83, 0x87,
    0x38, 0x38, 0x73, 0x83, 0x87, 0x1F, 0x81, 0xFF, 0x8F, 0x0E, 0x38, 0x38, 0xE1, 0xFF, 0x8F, 0xFE,
    0x0E, 0x38, 0x38, 0xE0, 0xE3, 0x83, 0x8E, 0x0E, 0x38, 0x38, 0xE0, 0xE3, 0x83, 0x8E, 0x0F, 0xF8,
    0x1F, 0x03, 0xF0, 0x01, 0xFF, 0x00, 0xE1, 0xC0, 0x38, 0x70, 0x3F, 0x1F, 0xDF, 0xCF, 0xFE, 0x11,
    0xC3, 0x80, 0x70, 0xFC, 0x1C, 0x1F, 0xC7, 0x03, 0xF9, 0xC0, 0x3E, 0x70, 0x03, 0x9C, 0x20, 0xE7,
    0x0F, 0xF0, 0xFF, 0xF8, 0x1F, 0x00, 0x00, 0x66, 0x00, 0x1E, 0x70, 0x00, 0xEF, 0x00, 0x0E, 0xF0,
    0x00, 0xFF, 0x00, 0x0F, 0xF8, 0x03, 0xE7, 0xFF, 0xFE, 0x7F, 0xFF, 0xC1, 0xFF, 0xF0, 0x00, 0x00,
    0x00, 0x00, 0x00, 0x00, 0x00, 0x00, 0x1B, 0x80, 0x03, 0xB8, 0x00, 0x19, 0x80, 0x00, 0x60, 0x00,
    0x0E, 0x00, 0x00, 0x60, 0x00, 0x60, 0x00, 0x00, 0x38, 0x00, 0x00, 0x3C, 0x00, 0x0C, 0x1E, 0x00,
    0x0F, 0x0F, 0x00, 0x0F, 0x87, 0xC0, 0x1F, 0xE1, 0xFF, 0xFF, 0xFE, 0xFF, 0xFF, 0x3F, 0x1F, 0xFE,
    0x0F, 0x00, 0x00, 0x00, 0x00, 0x00, 0x00, 0x00, 0x00, 0x00, 0x00, 0x1D, 0x80, 0x00, 0x0E, 0xE0,
    0x00, 0x06, 0x60, 0x00, 0x00, 0xC0, 0x00, 0x00, 0x70, 0x00, 0x00, 0x38, 0x00, 0x00, 0x0C, 0x78,
    0x70, 0xF1, 0xE3, 0xC7, 0x9F, 0xFD, 0xFB, 0xC0, 0x00, 0x0C, 0xFF, 0xB3, 0x18, 0x78, 0x60, 0x18,
    0x03, 0xC0, 0x70, 0x0F, 0x03, 0xF1, 0xFF, 0xFF, 0xFF, 0x1F, 0x00, 0x00, 0x01, 0xD8, 0x3B, 0x86,
    0x60, 0x30, 0x07, 0x00, 0xE0, 0x01, 0x80, 0x00, 0x0F, 0x00, 0x00, 0xF8, 0x00, 0x19, 0x80, 0x01,
    0xF0, 0x00, 0x00, 0x06, 0x60, 0x01, 0xE7, 0x00, 0x0E, 0xF0, 0x00, 0xEF, 0x00, 0x0F, 0xF0, 0x00,
    0xFF, 0x80, 0x3E, 0x7F, 0xFF, 0xE7, 0xFF, 0xFC, 0x1F, 0xFF, 0x00, 0x00, 0xC0, 0x00, 0x00, 0x7C,
    0x00, 0x00, 0x3E, 0x00, 0x00, 0x19, 0x00, 0x00, 0x1F, 0x80, 0x00, 0x00, 0x00, 0x01, 0x80, 0x00,
    0x00, 0xE0, 0x00, 0x00, 0xF0, 0x00, 0x30, 0x78, 0x00, 0x3C, 0x3C, 0x00, 0x3E, 0x1F, 0x00, 0x7F,
    0x87, 0xFF, 0xFF, 0xFB, 0xFF, 0xFC, 0xFC, 0x7F, 0xF8, 0x3C, 0x41, 0xE7, 0xD3, 0xF8, 0x00, 0x06,
    0x78, 0xE3, 0x8F, 0x3C, 0xF7, 0xFE, 0xFB, 0x80, 0x10, 0x02, 0xC0, 0x7C, 0x09, 0x83, 0xE0, 0x00,
    0x00, 0x00, 0x00, 0x18, 0x03, 0xC0, 0x70, 0x0F, 0x03, 0xF1, 0xFF, 0xFF, 0xFF, 0x1F, 0xFF, 0x07,
    0xFF, 0x3F, 0xFF, 0x07, 0xF0, 0x3F, 0x87, 0xFC, 0x7E, 0x07, 0xC0, 0x78, 0x07, 0xB6, 0x3C, 0xB1,
    0xC3, 0x0E, 0x18, 0x78, 0x03, 0xC0, 0x1F, 0xCF, 0x7F, 0xF9, 0xFF, 0xC3, 0xFC, 0xFF, 0x00, 0x7F,
    0xF0, 0x3F, 0xFE, 0x10, 0x7F, 0x00, 0x3F, 0x80, 0x7F, 0xC0, 0x7F, 0xC0, 0x7C, 0xF8, 0x78, 0x3F,
    0xFB, 0x7F, 0xFC, 0xB3, 0xFC, 0x30, 0x0E, 0x18, 0x07, 0x80, 0x03, 0xC0, 0x01, 0xFC, 0xF0, 0x7F,
    0xF8, 0x1F, 0xFC, 0x03, 0xFC, 0x00, 0x7E, 0x03, 0xFE, 0x1F, 0xFE, 0x7F, 0xF0, 0x07, 0x80, 0xFC,
    0x7F, 0x9F, 0xF0, 0xFF, 0x07, 0xC0, 0x00, 0x00, 0x00, 0x01, 0xDC, 0x0E, 0xE0, 0x37, 0x00, 0x60,
    0x07, 0x00, 0x38, 0x00, 0x7E, 0x00, 0x7F, 0xC0, 0x7F, 0xF8, 0x3F, 0xF8, 0x00, 0x78, 0x01, 0xF8,
    0x1F, 0xF8, 0xFF, 0xBF, 0xFF, 0x3F, 0xF8, 0x1F, 0x00, 0x00, 0x00, 0x00, 0x1D, 0x80, 0x1D, 0xC0,
    0x19, 0x80, 0x06, 0x00, 0x07, 0x00, 0x07, 0x00, 0x60, 0x3E, 0x1F, 0x0C, 0x8F, 0xC0, 0x00, 0x00,
    0x08, 0x0E, 0x0F, 0x07, 0xC1, 0xE0, 0xF8, 0x3C, 0x1F, 0xFF, 0xFF, 0xFF, 0xBF, 0x80, 0x60, 0x03,
    0xE0, 0x1F, 0x00, 0xC8, 0x0F, 0xC0, 0x00, 0x00, 0x00, 0x00, 0x80, 0x0E, 0x00, 0xF0, 0x07, 0xC0,
    0x1E, 0x00, 0xF8, 0x03, 0xC0, 0x1E, 0x1F, 0xF8, 0xFF, 0xFF, 0xFF, 0xFF, 0xBC, 0x08, 0x1C, 0x1C,
    0x08, 0x37, 0x7F, 0x33, 0x00, 0x02, 0x0E, 0x1F, 0x0F, 0x07, 0x07, 0x07, 0x07, 0x0F, 0x1F, 0xFE,
    0x7C, 0x78, 0x40, 0x08, 0x01, 0xC0, 0x1C, 0x00, 0x80, 0x77, 0x07, 0x70, 0x32, 0x00, 0x00, 0x02,
    0x00, 0xE0, 0x1F, 0x00, 0xF0, 0x07, 0x00, 0x78, 0x07, 0xF0, 0x7F, 0x0F, 0xF1, 0xF0, 0xFE, 0x07,
    0xC0, 0x78, 0x06, 0x00, 0x30, 0x1E, 0x1F, 0x13, 0x3E, 0x00, 0x00, 0x02, 0x0E, 0x1F, 0x0F, 0x07,
    0x07, 0x07, 0x07, 0x0F, 0x1F, 0xFE, 0x7C, 0x78, 0x40, 0x30, 0x03, 0xE0, 0x3E, 0x03, 0x30, 0x3E,
    0x00, 0x00, 0x00, 0x00, 0x20, 0x0E, 0x01, 0xF0, 0x0F, 0x00, 0x70, 0x07, 0x80, 0x7F, 0x07, 0xF0,
    0xFF, 0x1F, 0x0F, 0xE0, 0x7C, 0x07, 0x80, 0x60, 0x00, 0x00, 0x00, 0x40, 0x00, 0x38, 0x00, 0x1F,
    0x00, 0x0F, 0xF0, 0x03, 0xF0, 0x00, 0x7C, 0x00, 0x1F, 0x06, 0x01, 0xF0, 0xF0, 0x1F, 0x1C, 0x01,
    0xE3, 0x80, 0x1E, 0x70, 0x03, 0xCF, 0x80, 0x79, 0xFF, 0xFF, 0x1F, 0xFF, 0xC1, 0xFF, 0xF0, 0x00,
    0x00, 0x40, 0x00, 0x0E, 0x00, 0x01, 0xF0, 0x00, 0x3F, 0xC0, 0x03, 0xF0, 0x00, 0x3E, 0x00, 0x01,
    0xE0, 0x18, 0x07, 0x80, 0xF0, 0x1E, 0x07, 0x00, 0x78, 0x38, 0x03, 0xC1, 0xC0, 0x0F, 0x0F, 0x80,
    0x7C, 0x7F, 0xFF, 0xFD, 0xFF, 0xFF, 0xE7, 0xFF, 0x8F, 0x00, 0x80, 0xE0, 0xF8, 0xFF, 0x7F, 0x1F,
    0x07, 0x81, 0xF0, 0x3E, 0x07, 0x80, 0xF0, 0x3C, 0x0F, 0x3F, 0xCF, 0xE3, 0xF0, 0x00, 0x80, 0x1C,
    0x03, 0xE0, 0x7F, 0x87, 0xF0, 0x3E, 0x01, 0xE0, 0x0F, 0x80, 0x3C, 0x00, 0xF0, 0x03, 0xC0, 0x1E,
    0x00, 0xF8, 0x7F, 0xFB, 0xFF, 0xFF, 0x9E, 0x00, 0x03, 0x00, 0x01, 0xE0, 0x00, 0xFE, 0x00, 0x3E,
    0x20, 0x07, 0x9C, 0x00, 0x4F, 0x80, 0x07, 0xF8, 0x01, 0xF8, 0x00, 0x3E, 0x00, 0x0F, 0x83, 0x00,
    0xF8, 0x78, 0x0F, 0x8E, 0x00, 0xF1, 0xC0, 0x0F, 0x38, 0x01, 0xE7, 0xC0, 0x3C, 0xFF, 0xFF, 0x8F,
    0xFF, 0xE0, 0xFF, 0xF8, 0x00, 0x00, 0x03, 0x00, 0x00, 0x78, 0x00, 0x0F, 0xE0, 0x01, 0xF8, 0x80,
    0x07, 0x1C, 0x00, 0x13, 0xE0, 0x00, 0x7F, 0x80, 0x07, 0xE0, 0x00, 0x7C, 0x00, 0x03, 0xC0, 0x30,
    0x0F, 0x01, 0xE0, 0x3C, 0x0E, 0x00, 0xF0, 0x70, 0x07, 0x83, 0x80, 0x1E, 0x1F, 0x00, 0xF8, 0xFF,
    0xFF, 0xFB, 0xFF, 0xFF, 0xCF, 0xFF, 0x1E, 0x06, 0x07, 0x87, 0xF3, 0xF2, 0xF3, 0x93, 0xE3, 0xFD,
    0xFC, 0x7C, 0x1E, 0x07, 0xC0, 0xF8, 0x1E, 0x03, 0xC0, 0xF0, 0x3C, 0xFF, 0x3F, 0x8F, 0xC0, 0x06,
    0x00, 0xF0, 0x1F, 0xC1, 0xF9, 0x0F, 0x38, 0x27, 0xC0, 0xFF, 0x0F, 0xE0, 0x7C, 0x03, 0xC0, 0x1F,
    0x00, 0x78, 0x01, 0xE0, 0x07, 0x80, 0x3C, 0x01, 0xF0, 0xFF, 0xF7, 0xFF, 0xFF, 0x3C, 0x00, 0x18,
    0x01, 0xF4, 0x03, 0xDE, 0x0F, 0x78, 0x1D, 0xC0, 0x77, 0x01, 0xFC, 0x07, 0x78, 0x3D, 0xFF, 0xF7,
    0xFF, 0x8F, 0xFC, 0x07, 0xC0, 0x00, 0x08, 0x00, 0x0F, 0x04, 0x03, 0xC1, 0xE0, 0x70, 0x78, 0x1E,
    0x1C, 0x07, 0xF7, 0x01, 0xFF, 0xC0, 0x7F, 0x78, 0x3C, 0x1F, 0xFF, 0x07, 0xFF, 0x80, 0xFF, 0xC0,
    0x07, 0xC0, 0x00, 0x10, 0x1E, 0x1F, 0x87, 0xC7, 0xF7, 0xBF, 0x8F, 0xC7, 0xE7, 0xFF, 0xFF, 0xCF,
    0xC0, 0x07, 0x80, 0x3F, 0x81, 0xFF, 0x03, 0xFF, 0x0F, 0x1E, 0x1E, 0x1E, 0x3C, 0x3F, 0xB8, 0x3F,
    0x60, 0x3E, 0x19, 0xE3, 0x8E, 0x3C, 0xF3, 0xDF, 0xFB, 0xEE, 0x04, 0x38, 0xE3, 0x80, 0x38, 0x03,
    0xC0, 0x3E, 0x3D, 0xF3, 0xFF, 0xBF, 0x1D, 0xC0, 0x7E, 0x03, 0xE0, 0x1F, 0x00, 0x78, 0x01, 0x00,
    0x02, 0x00, 0x0F, 0x00, 0x3F, 0x00, 0x3F, 0x80, 0xFF, 0x81, 0xDF, 0x83, 0xBF, 0x87, 0x77, 0x4F,
    0xEE, 0xFF, 0xFD, 0xFF, 0xFF, 0xF7, 0xE0, 0x00, 0xE0, 0x00, 0xF8, 0x00, 0xFE, 0x00, 0xF7, 0x00,
    0x73, 0x80, 0x39, 0xC0, 0x3D, 0xE0, 0x9F, 0xF0, 0x7F, 0xFF, 0xBF, 0xFF, 0xFF, 0xCF, 0xE1, 0xE3,
    0x80, 0x79, 0xC0, 0x3F, 0xE0, 0x0F, 0xE0, 0x00, 0xC0, 0x18, 0x01, 0xE0, 0x0F, 0xC0, 0x7F, 0x07,
    0xFC, 0x39, 0xF1, 0xCF, 0xCE, 0xEF, 0x3F, 0x3F, 0xFF, 0xFF, 0xFD, 0xEF, 0xC0, 0x03, 0x00, 0x3F,
    0x01, 0xFC, 0x07, 0x70, 0x3D, 0xE0, 0xE7, 0x03, 0x9C, 0x1F, 0xF0, 0xFF, 0xFF, 0xFF, 0xFF, 0x8F,
    0xCE, 0x38, 0x3C, 0xE0, 0xFF, 0x81, 0xFC, 0x00, 0xC0, 0x03, 0xC0, 0x00, 0xFC, 0x00, 0x3F, 0x80,
    0x0F, 0x78, 0x03, 0xC7, 0x00, 0xF0, 0xC0, 0x1C, 0x00, 0x07, 0xC0, 0x01, 0x7F, 0xFF, 0xEF, 0xFF,
    0xF8, 0x7F, 0xFF, 0x00, 0x0F, 0xF9, 0xFF, 0xDF, 0xFF, 0xF8, 0x0F, 0x00, 0x7C, 0x03, 0xFF, 0xCF,
    0xFE, 0x1F, 0xF0, 0x08, 0x00, 0x03, 0x80, 0x00, 0xC0, 0x00, 0x09, 0x00, 0x03, 0xE0, 0x00, 0x60,
    0x00, 0x00, 0xF0, 0x00, 0x3F, 0x00, 0x0F, 0xE0, 0x03, 0xDE, 0x00, 0xF1, 0xC0, 0x3C, 0x30, 0x07,
    0x00, 0x01, 0xF0, 0x00, 0x5F, 0xFF, 0xFB, 0xFF, 0xFE, 0x1F, 0xFF, 0xC0, 0x18, 0x03, 0x80, 0x18,
    0x00, 0xD0, 0x07, 0xC0, 0x30, 0x00, 0x00, 0x01, 0xFF, 0x3F, 0xFB, 0xFF, 0xFF, 0x01, 0xE0, 0x0F,
    0x80, 0x7F, 0xF9, 0xFF, 0xC3, 0xFE, 0x00, 0x1F, 0x80, 0x3F, 0xC0, 0x1F, 0xC0, 0x1E, 0x24, 0x0F,
    0x03, 0xC7, 0x81, 0xE3, 0xF0, 0xE0, 0xFE, 0x70, 0x1F, 0x78, 0x07, 0x9E, 0x07, 0xCF, 0xFF, 0xC7,
    0xFF, 0xC1, 0xFF, 0xC0, 0x1F, 0x00, 0x40, 0x00, 0x0F, 0x02, 0x01, 0xE0, 0xF8, 0x38, 0x1F, 0xF7,
    0x01, 0xFF, 0xE0, 0x1F, 0x9E, 0x03, 0xC3, 0xFF, 0xF8, 0x3F, 0xFE, 0x03, 0xFF, 0x80, 0x1F, 0x80,
    0x00, 0x0C, 0x78, 0x70, 0xF1, 0xE3, 0xC7, 0x9F, 0xFD, 0xFB, 0xC0, 0x00, 0x0D, 0xDF, 0xB3, 0x18,
    0x03, 0xC0, 0x70, 0x0F, 0x03, 0xF1, 0xFF, 0xFF, 0xFF, 0x1F, 0x00, 0x00, 0x01, 0xD8, 0x3B, 0x86,
    0x60, 0x0F, 0x0F, 0xC3, 0xE1, 0xE4, 0x78, 0x0E, 0x23, 0xF8, 0xFF, 0xFF, 0x9F, 0x87, 0x00, 0x7F,
    0xFC, 0x00, 0x03, 0xC7, 0x8F, 0x1E, 0x3C, 0x78, 0xF1, 0xE3, 0xC3, 0x87, 0x0E, 0x1C, 0x38, 0x7E,
    0x3F, 0x80, 0x00, 0x00, 0x3C, 0x0F, 0x03, 0xC0, 0xF0, 0x3C, 0x0F, 0x03, 0xC0, 0x70, 0x1C, 0x07,
    0x01, 0xC0, 0x70, 0x1E, 0x07, 0xF1, 0xFC, 0x3E, 0x23, 0x90, 0xDF, 0xB0, 0x0F, 0x7B, 0xDE, 0xF7,
    0xBD, 0xEF, 0x39, 0xCE, 0x73, 0x80, 0x20, 0x38, 0x10, 0x0D, 0x0F, 0x83, 0x00, 0x00, 0xF0, 0x78,
    0x3C, 0x1E, 0x0F, 0x07, 0x83, 0xC0, 0xE0, 0x70, 0x38, 0x1C, 0x0E, 0x07, 0x83, 0xF9, 0xFC, 0x7C,
    0x04, 0x07, 0x01, 0x00, 0x68, 0x1E, 0x06, 0x00, 0x00, 0x38, 0x3F, 0x0F, 0xE7, 0xBD, 0xCF, 0x79,
    0xDF, 0xF3, 0xFC, 0x2F, 0x07, 0xAF, 0xC7, 0xE1, 0xF0, 0x60, 0x00, 0x04, 0x00, 0xE0, 0x04, 0x00,
    0x34, 0x01, 0xE0, 0x0C, 0x00, 0x00, 0x01, 0xC0, 0x3F, 0x01, 0xFC, 0x1E, 0xE0, 0xE7, 0x87, 0x9C,
    0x3F, 0xFC, 0xFF, 0xE3, 0xFE, 0x07, 0x85, 0xF8, 0x1F, 0x80, 0xF8, 0x06, 0x00, 0x00, 0xF7, 0xBD,
    0xEF, 0x7B, 0xDE, 0xF7, 0x9C, 0xE7, 0x39, 0xCE, 0x23, 0x90, 0xD7, 0xB0, 0xF0, 0xF0, 0xF0, 0xF0,
    0xF0, 0xF0, 0xF0, 0x70, 0x70, 0x70, 0x70, 0x70, 0x78, 0x7F, 0x7F, 0x3E, 0x10, 0x70, 0x60, 0x68,
    0x78, 0x60, 0x08, 0x00, 0x0E, 0x00, 0x0C, 0x07, 0xE6, 0x4F, 0xF3, 0xE7, 0xF1, 0x87, 0x89, 0x03,
    0xC0, 0xF1, 0xE0, 0x78, 0xFC, 0x38, 0x3F, 0x9C, 0x07, 0xDE, 0x01, 0xE7, 0x81, 0xF3, 0xFF, 0xF1,
    0xFF, 0xF0, 0x7F, 0xF0, 0x07, 0xC0, 0x00, 0x08, 0x00, 0x03, 0x80, 0x00, 0xC0, 0x00, 0x19, 0x00,
    0x03, 0xE0, 0x00, 0x60, 0x00, 0x10, 0x00, 0x03, 0xC0, 0x80, 0x78, 0x3E, 0x0E, 0x07, 0xFD, 0xC0,
    0x7F, 0xF8, 0x07, 0xE7, 0x80, 0xF0, 0xFF, 0xFE, 0x0F, 0xFF, 0x80, 0xFF, 0xE0, 0x07, 0xE0, 0x00,
    0x23, 0xCC, 0x34, 0xFB, 0x00, 0x06, 0x78, 0xE3, 0x8F, 0x3C, 0xF7, 0xFE, 0xFB, 0x80, 0x10, 0x0E,
    0x06, 0x00, 0xD0, 0x7C, 0x08, 0x00, 0x00, 0x00, 0x18, 0x07, 0x03, 0xC0, 0xF0, 0x7E, 0x3F, 0xFF,
    0xFF, 0x9F, 0xFF, 0xFF, 0xFF, 0xFF, 0xFF, 0x77, 0x77, 0x77, 0xF0, 0xF0, 0xF0, 0xF0, 0xF0, 0xF0,
    0xF0, 0x70, 0x70, 0x70, 0x70, 0x70, 0x78, 0x7F, 0x7F, 0x3E, 0x00, 0x00, 0x66, 0x00, 0x1E, 0x70,
    0x00, 0xEF, 0x00, 0x0E, 0xF0, 0x00, 0xFF, 0x00, 0x0F, 0xF8, 0x03, 0xE7, 0xFF, 0xFE, 0x7F, 0xFF,
    0xC1, 0xFF, 0xF0, 0x00, 0x00, 0x00, 0x00, 0x00, 0x00, 0xE0, 0x00, 0x0E, 0x00, 0x00, 0xE0, 0x00,
    0x60, 0x00, 0x00, 0x38, 0x00, 0x00, 0x3C, 0x00, 0x0C, 0x1E, 0x00, 0x0F, 0x0F, 0x00, 0x0F, 0x87,
    0xC0, 0x1F, 0xE1, 0xFF, 0xFF, 0xFE, 0xFF, 0xFF, 0x3F, 0x1F, 0xFE, 0x0F, 0x00, 0x00, 0x00, 0x00,
    0x00, 0x00, 0x00, 0x0E, 0x00, 0x00, 0x07, 0x00, 0x00, 0x03, 0x80, 0x00, 0x19, 0xE3, 0x8E, 0x3C,
    0xF3, 0xDF, 0xFB, 0xEE, 0x00, 0x01, 0xC7, 0x1C, 0x18, 0x07, 0x03, 0xC0, 0xF0, 0x7E, 0x3F, 0xFF,
    0xFF, 0x9F, 0x00, 0x00, 0x03, 0x80, 0xE0, 0x38, 0x00, 0x66, 0x3F, 0x19, 0x80, 0x00, 0x00, 0x80,
    0xF0, 0xFC, 0x3E, 0x3F, 0xBD, 0xFC, 0x7E, 0x3F, 0x3F, 0xFF, 0xFE, 0x7E, 0x00, 0x3B, 0x81, 0xDC,
    0x06, 0x40, 0x00, 0x00, 0x00, 0x01, 0xC0, 0x1E, 0x03, 0xF0, 0x7F, 0x87, 0xFC, 0x3C, 0xE1, 0xC7,
    0x8E, 0x3C, 0x7F, 0xE3, 0xFF, 0x8F, 0xFF, 0x01, 0xF8, 0x07, 0xC0, 0x01, 0xB8, 0x00, 0x3B, 0x80,
    0x01, 0x98, 0x66, 0x00, 0x1E, 0x70, 0x00, 0xEF, 0x00, 0x0E, 0xF0, 0x00, 0xFF, 0x00, 0x0F, 0xF8,
    0x03, 0xE7, 0xFF, 0xFE, 0x7F, 0xFF, 0xC1, 0xFF, 0xF0, 0x01, 0xDC, 0x00, 0x00, 0xEE, 0x00, 0x00,
    0x36, 0x00, 0x0C, 0x00, 0x00, 0x07, 0x00, 0x00, 0x07, 0x80, 0x01, 0x83, 0xC0, 0x01, 0xE1, 0xE0,
    0x01, 0xF0, 0xF8, 0x03, 0xFC, 0x3F, 0xFF, 0xFF, 0xDF, 0xFF, 0xE7, 0xE3, 0xFF, 0xC1, 0xE0, 0x6F,
    0xFD, 0x98, 0x00, 0x01, 0x8F, 0x0E, 0x1C, 0x3C, 0x78, 0xF3, 0xEF, 0x9F, 0x38, 0x37, 0x07, 0xE0,
    0xCC, 0x00, 0x00, 0x00, 0x30, 0x07, 0x80, 0xE0, 0x1E, 0x07, 0xE3, 0xFF, 0xFF, 0xFE, 0x3E, 0x00,
    0x40, 0x00, 0x0E, 0x00, 0x00, 0xE0, 0x00, 0x04, 0x00, 0x01, 0xB8, 0x00, 0x3B, 0x80, 0x01, 0x90,
    0x66, 0x00, 0x1E, 0x70, 0x00, 0xEF, 0x00, 0x0E, 0xF0, 0x00, 0xFF, 0x00, 0x0F, 0xF8, 0x03, 0xE7,
    0xFF, 0xFE, 0x7F, 0xFF, 0xC1, 0xFF, 0xF0, 0x00, 0x20, 0x00, 0x00, 0x38, 0x00, 0x00, 0x1C, 0x00,
    0x00, 0x04, 0x00, 0x00, 0x1D, 0xC0, 0x00, 0x0E, 0xE0, 0x00, 0x03, 0x60, 0x00, 0xC0, 0x00, 0x00,
    0x70, 0x00, 0x00, 0x78, 0x00, 0x18, 0x3C, 0x00, 0x1E, 0x1E, 0x00, 0x1F, 0x0F, 0x80, 0x3F, 0xC3,
    0xFF, 0xFF, 0xFD, 0xFF, 0xFE, 0x7E, 0x3F, 0xFC, 0x1E, 0x10, 0x70, 0xE0, 0x86, 0xFF, 0xD9, 0x80,
    0x0C, 0x78, 0x70, 0xE1, 0xE3, 0xC7, 0x9F, 0x7C, 0xF9, 0xC0, 0x08, 0x03, 0x80, 0x70, 0x04, 0x03,
    0x70, 0x7E, 0x0C, 0xC0, 0x00, 0x00, 0x03, 0x00, 0x78, 0x0E, 0x01, 0xE0, 0x7E, 0x3F, 0xFF, 0xFF,
    0xE3, 0xE0, 0xFE, 0x07, 0xFE, 0x3F, 0xFD, 0x07, 0xE0, 0x3F, 0x07, 0xF8, 0xFE, 0x0F, 0x80, 0x78,
    0x07, 0x80, 0x3C, 0x41, 0xC7, 0x0E, 0x38, 0x70, 0x83, 0xC0, 0x1F, 0x8E, 0x7F, 0xF9, 0xFF, 0xC7,
    0xF8, 0xFE, 0x00, 0xFF, 0xC0, 0xFF, 0xF0, 0x83, 0xF0, 0x03, 0xF0, 0x0F, 0xF0, 0x3F, 0xE0, 0x7C,
    0xF8, 0x78, 0x7F, 0xF0, 0x7F, 0xF1, 0x1F, 0xE3, 0x80, 0xE3, 0x80, 0xE1, 0x00, 0xF0, 0x00, 0xFC,
    0x70, 0x7F, 0xF8, 0x3F, 0xF8, 0x1F, 0xE0, 0x7E, 0x03, 0xFE, 0x1F, 0xFE, 0x7F, 0xF0, 0x07, 0x80,
    0xFC, 0x7F, 0x9F, 0xF0, 0xFF, 0x07, 0xC0, 0x00, 0x00, 0x00, 0x00, 0x70, 0x03, 0x80, 0x1C, 0x00,
    0x7E, 0x00, 0x7F, 0xC0, 0x7F, 0xF8, 0x3F, 0xF8, 0x00, 0x78, 0x01, 0xF8, 0x1F, 0xF8, 0xFF, 0xBF,
    0xFF, 0x3F, 0xF8, 0x1F, 0x00, 0x00, 0x00, 0x00, 0x07, 0x00, 0x0F, 0x00, 0x07, 0x00, 0xFE, 0x07,
    0xFE, 0x3F, 0xFD, 0x07, 0xE0, 0x3F, 0x07, 0xF8, 0xFE, 0x0F, 0x80, 0x78, 0x07, 0x80, 0x3C, 0x01,
    0xC0, 0x0E, 0x00, 0x70, 0x03, 0xC0, 0x1F, 0x8E, 0x7F, 0xF9, 0xFF, 0xC7, 0xF8, 0xFE, 0x00, 0xFF,
    0xC0, 0xFF, 0xF0, 0x83, 0xF0, 0x03, 0xF0, 0x0F, 0xF0, 0x3F, 0xE0, 0x7C, 0xF8, 0x78, 0x7F, 0xF0,
    0x7F, 0xF0, 0x1F, 0xE0, 0x00, 0xE0, 0x00, 0xE0, 0x00, 0xF0, 0x00, 0xFC, 0x70, 0x7F, 0xF8, 0x3F,
    0xF8, 0x1F, 0xE0, 0x7E, 0x03, 0xFE, 0x1F, 0xFE, 0x7F, 0xF0, 0x07, 0x80, 0xFC, 0x7F, 0x9F, 0xF0,
    0xFF, 0x07, 0xC0, 0x00, 0x7E, 0x00, 0x7F, 0xC0, 0x7F, 0xF8, 0x3F, 0xF8, 0x00, 0x78, 0x01, 0xF8,
    0x1F, 0xF8, 0xFF, 0xBF, 0xFF, 0x3F, 0xF8, 0x1F, 0x06, 0x00, 0x78, 0x03, 0xC0, 0x0C, 0x00, 0x00,
    0x00, 0x03, 0xF8, 0x1F, 0xF8, 0xFF, 0xF4, 0x1F, 0x80, 0xFC, 0x1F, 0xE3, 0xF8, 0x3E, 0x01, 0xE0,
    0x1E, 0x00, 0xF0, 0x07, 0x00, 0x38, 0x01, 0xC0, 0x0F, 0x00, 0x7E, 0x39, 0xFF, 0xE7, 0xFF, 0x1F,
    0xE0, 0x06, 0x00, 0x0F, 0x00, 0x0F, 0x00, 0x06, 0x00, 0x00, 0x00, 0x00, 0x00, 0xFE, 0x00, 0xFF,
    0xC0, 0xFF, 0xF0, 0x83, 0xF0, 0x03, 0xF0, 0x0F, 0xF0, 0x3F, 0xE0, 0x7C, 0xF8, 0x78, 0x7F, 0xF0,
    0x7F, 0xF0, 0x1F, 0xE0, 0x00, 0xE0, 0x00, 0xE0, 0x00, 0xF0, 0x00, 0xFC, 0x70, 0x7F, 0xF8, 0x3F,
    0xF8, 0x1F, 0xE0, 0x18, 0x01, 0xE0, 0x0F, 0x00, 0x30, 0x00, 0x00, 0x00, 0x01, 0xF8, 0x0F, 0xF8,
    0x7F, 0xF9, 0xFF, 0xC0, 0x1E, 0x03, 0xF1, 0xFE, 0x7F, 0xC3, 0xFC, 0x1F, 0x00, 0x10, 0x00, 0x38,
    0x00, 0x38, 0x00, 0x18, 0x00, 0x00, 0x00, 0x00, 0x00, 0x7E, 0x00, 0x7F, 0xC0, 0x7F, 0xF8, 0x3F,
    0xF8, 0x00, 0x78, 0x01, 0xF8, 0x1F, 0xF8, 0xFF, 0xBF, 0xFF, 0x3F, 0xF8, 0x1F, 0x04, 0x07, 0x07,
    0x83, 0xE0, 0xF0, 0x7C, 0x1E, 0x0F, 0xFF, 0xFF, 0xFF, 0xDF, 0xC0, 0x04, 0x00, 0x70, 0x07, 0x80,
    0x3E, 0x00, 0xF0, 0x07, 0xC0, 0x1E, 0x00, 0xF0, 0xFF, 0xC7, 0xFF, 0xFF, 0xFF, 0xFD, 0xE0, 0x10,
    0x1C, 0x0E, 0x02, 0x00, 0x00, 0x20, 0x38, 0x3C, 0x1F, 0x07, 0x83, 0xE0, 0xF0, 0x7F, 0xFF, 0xFF,
    0xFE, 0xFE, 0x00, 0x10, 0x01, 0xC0, 0x0E, 0x00, 0x20, 0x00, 0x00, 0x02, 0x00, 0x38, 0x03, 0xC0,
    0x1F, 0x00, 0x78, 0x03, 0xE0, 0x0F, 0x00, 0x78, 0x7F, 0xE3, 0xFF, 0xFF, 0xFF, 0xFE, 0xF0, 0x02,
    0x0E, 0x1F, 0x0F, 0x07, 0x07, 0x07, 0x07, 0x0F, 0x1F, 0xFE, 0x7C, 0x78, 0x40, 0x02, 0x00, 0xE0,
    0x1F, 0x00, 0xF0, 0x07, 0x00, 0x78, 0x07, 0xF0, 0x7F, 0x0F, 0xF1, 0xF0, 0xFE, 0x07, 0xC0, 0x78,
    0x06, 0x00, 0x08, 0x1C, 0x1C, 0x0C, 0x00, 0x02, 0x0E, 0x1F, 0x0F, 0x07, 0x07, 0x07, 0x07, 0x0F,
    0x1F, 0xFE, 0x7C, 0x78, 0x40, 0x08, 0x01, 0xC0, 0x1C, 0x00, 0xC0, 0x00, 0x00, 0x20, 0x0E, 0x01,
    0xF0, 0x0F, 0x00, 0x70, 0x07, 0x80, 0x7F, 0x07, 0xF0, 0xFF, 0x1F, 0x0F, 0xE0, 0x7C, 0x07, 0x80,
    0x60, 0x00, 0x00, 0x00, 0x00, 0x20, 0x00, 0x00, 0x0E, 0x00, 0x00, 0x00, 0xF0, 0x00, 0xC3, 0x0F,
    0x00, 0x3C, 0x3C, 0xF0, 0x03, 0xC3, 0x87, 0x70, 0x3C, 0x38, 0x77, 0x81, 0xE7, 0xCF, 0x70, 0x1F,
    0xFF, 0xF7, 0x01, 0xFF, 0xFE, 0xF0, 0x1F, 0xE7, 0xC7, 0x83, 0xC0, 0x00, 0x7F, 0xFC, 0x00, 0x07,
    0xFF, 0x80, 0x00, 0x3F, 0xF0, 0x00, 0x00, 0x7C, 0x00, 0x00, 0x00, 0x00, 0x00, 0xF0, 0x00, 0x06,
    0x18, 0x38, 0x00, 0x0F, 0x0F, 0x1C, 0x00, 0x07, 0x87, 0x0E, 0x07, 0x03, 0xC3, 0x87, 0x83, 0xC0,
    0xF3, 0xE7, 0xE1, 0xC0, 0x7F, 0xFF, 0xFC, 0xE0, 0x3F, 0xFF, 0xBF, 0xF0, 0x1F, 0xE7, 0x8F, 0x3C,
    0x1E, 0x00, 0x00, 0x1F, 0xFF, 0x00, 0x00, 0x0F, 0xFF, 0x00, 0x00, 0x01, 0xFF, 0x00, 0x00, 0x00,
    0x3E, 0x00, 0x00, 0x00, 0x00, 0x00, 0x20, 0x00, 0x1E, 0x00, 0x00, 0xE1, 0x03, 0x0E, 0x1C, 0x38,
    0xF3, 0xC7, 0x8F, 0x3C, 0x78, 0xF7, 0xEF, 0xCF, 0xFF, 0xFF, 0xEF, 0xFF, 0xFE, 0xE7, 0xCF, 0x80,
    0x00, 0x00, 0xF0, 0x10, 0x30, 0xF0, 0x1C, 0x38, 0xF0, 0x3C, 0x78, 0xF0, 0x3C, 0x78, 0xF0, 0x7E,
    0xFC, 0xF8, 0xFF, 0xFF, 0xFF, 0xFF, 0xFF, 0xDF, 0xE7, 0xCF, 0x8F, 0x00, 0x00, 0x20, 0x00, 0x00,
    0x07, 0x00, 0x00, 0x00, 0x70, 0x00, 0x00, 0x02, 0x00, 0x00, 0x01, 0xDC, 0x00, 0x00, 0x1D, 0xC0,
    0x00, 0x00, 0x98, 0x00, 0x00, 0x00, 0x02, 0x00, 0x00, 0x00, 0xE0, 0x00, 0x00, 0x0F, 0x00, 0x0C,
    0x30, 0xF0, 0x03, 0xC3, 0xCF, 0x00, 0x3C, 0x38, 0x77, 0x03, 0xC3, 0x87, 0x78, 0x1E, 0x7C, 0xF7,
    0x01, 0xFF, 0xFF, 0x70, 0x1F, 0xFF, 0xEF, 0x01, 0xFE, 0x7C, 0x78, 0x3C, 0x00, 0x07, 0xFF, 0xC0,
    0x00, 0x7F, 0xF8, 0x00, 0x03, 0xFF, 0x00, 0x00, 0x07, 0xC0, 0x00, 0x00, 0x00, 0x00, 0x20, 0x00,
    0x00, 0x00, 0x38, 0x00, 0x00, 0x00, 0x1C, 0x00, 0x00, 0x00, 0x04, 0x00, 0x00, 0x00, 0x1D, 0xC0,
    0x00, 0x00, 0x0E, 0xE0, 0x00, 0x00, 0x02, 0x60, 0x00, 0x00, 0x00, 0x00, 0x00, 0x00, 0x00, 0x00,
    0x80, 0x00, 0x00, 0x00, 0x38, 0x00, 0x03, 0x0C, 0x1C, 0x00, 0x07, 0x87, 0x8E, 0x00, 0x03, 0xC3,
    0x87, 0x03, 0x81, 0xE1, 0xC3, 0xC1, 0xE0, 0x79, 0xF3, 0xF0, 0xE0, 0x3F, 0xFF, 0xFE, 0x70, 0x1F,
    0xFF, 0xDF, 0xF8, 0x0F, 0xF3, 0xC7, 0x9E, 0x0F, 0x00, 0x00, 0x0F, 0xFF, 0x80, 0x00, 0x07, 0xFF,
    0x80, 0x00, 0x00, 0xFF, 0x80, 0x00, 0x00, 0x1F, 0x00, 0x00, 0x00, 0x00, 0x10, 0x00, 0x03, 0x80,
    0x00, 0x38, 0x00, 0x01, 0x00, 0x00, 0xEE, 0x00, 0x0E, 0xE0, 0x00, 0x4C, 0x00, 0x00, 0x02, 0x00,
    0x01, 0xE0, 0x00, 0x0E, 0x10, 0x30, 0xE1, 0xC3, 0x8F, 0x3C, 0x78, 0xF3, 0xC7, 0x8F, 0x7E, 0xFC,
    0xFF, 0xFF, 0xFE, 0xFF, 0xFF, 0xEE, 0x7C, 0xF8, 0x00, 0x10, 0x00, 0x00, 0x38, 0x00, 0x00, 0x38,
    0x00, 0x00, 0x10, 0x00, 0x00, 0xEC, 0x00, 0x00, 0xFC, 0x00, 0x00, 0xCC, 0x00, 0x00, 0x00, 0x00,
    0x00, 0x00, 0x00, 0x00, 0x00, 0xF0, 0x10, 0x30, 0xF0, 0x1C, 0x38, 0xF0, 0x3C, 0x78, 0xF0, 0x3C,
    0x78, 0xF0, 0x7E, 0xFC, 0xF8, 0xFF, 0xFF, 0xFF, 0xFF, 0xFF, 0xDF, 0xE7, 0xCF, 0x8F, 0x00, 0x00,
    0x03, 0xE0, 0x00, 0x00, 0x7F, 0x80, 0x03, 0x07, 0xFE, 0x00, 0x78, 0x7F, 0xF0, 0x03, 0xC7, 0xC3,
    0xB8, 0x1E, 0x7C, 0x3D, 0xE0, 0x7F, 0xC3, 0xEE, 0x03, 0xFF, 0xFE, 0x70, 0x1F, 0xFF, 0xE7, 0x80,
    0xFF, 0xFE, 0x1E, 0x0F, 0x00, 0x00, 0xFF, 0xF8, 0x00, 0x07, 0xFF, 0x80, 0x00, 0x1F, 0xF8, 0x00,
    0x00, 0x1F, 0x00, 0x00, 0x00, 0x00, 0x00, 0x03, 0xE0, 0x00, 0x00, 0x07, 0xF8, 0x00, 0x03, 0x07,
    0xFE, 0x00, 0x07, 0x87, 0xFF, 0x00, 0x03, 0xC7, 0xC3, 0x83, 0x81, 0xE7, 0xC3, 0xC1, 0xE0, 0x7F,
    0xC3, 0xE0, 0xE0, 0x3F, 0xFF, 0xFE, 0x70, 0x1F, 0xFF, 0xFF, 0xF8, 0x0F, 0xFF, 0xEF, 0x9E, 0x0F,
    0x00, 0x00, 0x0F, 0xFF, 0x80, 0x00, 0x07, 0xFF, 0x80, 0x00, 0x01, 0xFF, 0x80, 0x00, 0x00, 0x1F,
    0x00, 0x00, 0x00, 0x00, 0x07, 0x80, 0x01, 0xFE, 0x20, 0x3F, 0xE3, 0xC7, 0xFF, 0x38, 0xF8, 0xF3,
    0x9E, 0x0F, 0x7F, 0xC1, 0xEF, 0xFF, 0xFE, 0xFF, 0xFF, 0xCE, 0x7F, 0xF8, 0x00, 0x07, 0x80, 0x00,
    0x3F, 0xC0, 0x80, 0xFF, 0x81, 0xE3, 0xFF, 0x83, 0x8F, 0x8F, 0x07, 0x3C, 0x1E, 0x1F, 0xF0, 0x7C,
    0x7F, 0xFF, 0xFF, 0xFF, 0xFF, 0xFF, 0xCF, 0xFF, 0x7C, 0x00, 0x00, 0x01, 0x80, 0x00, 0x00, 0x1C,
    0x00, 0x00, 0x00, 0xE0, 0x00, 0x00, 0x03, 0x00, 0x00, 0x00, 0x00, 0x00, 0x00, 0x00, 0x00, 0x00,
    0x00, 0x0F, 0x80, 0x00, 0x01, 0xFE, 0x00, 0x0C, 0x1F, 0xF8, 0x01, 0xE1, 0xFF, 0xC0, 0x0F, 0x1F,
    0x0E, 0xE0, 0x79, 0xF0, 0xF7, 0x81, 0xFF, 0x0F, 0xB8, 0x0F, 0xFF, 0xF9, 0xC0, 0x7F, 0xFF, 0x9E,
    0x03, 0xFF, 0xF8, 0x78, 0x3C, 0x00, 0x03, 0xFF, 0xE0, 0x00, 0x1F, 0xFE, 0x00, 0x00, 0x7F, 0xE0,
    0x00, 0x00, 0x7C, 0x00, 0x00, 0x00, 0x00, 0x00, 0x01, 0x80, 0x00, 0x00, 0x01, 0xC0, 0x00, 0x00,
    0x00, 0xE0, 0x00, 0x00, 0x00, 0x30, 0x00, 0x00, 0x00, 0x00, 0x00, 0x00, 0x00, 0x00, 0x00, 0x00,
    0x00, 0x0F, 0x80, 0x00, 0x00, 0x1F, 0xE0, 0x00, 0x0C, 0x1F, 0xF8, 0x00, 0x1E, 0x1F, 0xFC, 0x00,
    0x0F, 0x1F, 0x0E, 0x0E, 0x07, 0x9F, 0x0F, 0x07, 0x81, 0xFF, 0x0F, 0x83, 0x80, 0xFF, 0xFF, 0xF9,
    0xC0, 0x7F, 0xFF, 0xFF, 0xE0, 0x3F, 0xFF, 0xBE, 0x78, 0x3C, 0x00, 0x00, 0x3F, 0xFE, 0x00, 0x00,
    0x1F, 0xFE, 0x00, 0x00, 0x07, 0xFE, 0x00, 0x00, 0x00, 0x7C, 0x00, 0x00, 0x00, 0x00, 0x02, 0x00,
    0x00, 0x70, 0x00, 0x07, 0x00, 0x00, 0x30, 0x00, 0x00, 0x00, 0x00, 0x00, 0x00, 0x07, 0x80, 0x01,
    0xFE, 0x20, 0x3F, 0xE3, 0xC7, 0xFF, 0x38, 0xF8, 0xF3, 0x9E, 0x0F, 0x7F, 0xC1, 0xEF, 0xFF, 0xFE,
    0xFF, 0xFF, 0xCE, 0x7F, 0xF8, 0x00, 0x02, 0x00, 0x00, 0x0E, 0x00, 0x00, 0x1C, 0x00, 0x00, 0x18,
    0x00, 0x00, 0x00, 0x00, 0x00, 0x00, 0x00, 0x01, 0xE0, 0x00, 0x0F, 0xF0, 0x20, 0x3F, 0xE0, 0x78,
    0xFF, 0xE0, 0xE3, 0xE3, 0xC1, 0xCF, 0x07, 0x87, 0xFC, 0x1F, 0x1F, 0xFF, 0xFF, 0xFF, 0xFF, 0xFF,
    0xF3, 0xFF, 0xDF, 0x0E, 0x00, 0x07, 0x00, 0x03, 0xC0, 0x01, 0xE0, 0x00, 0xF0, 0x00, 0x78, 0x00,
    0x3C, 0xF0, 0x1F, 0xFE, 0x0F, 0xFF, 0x07, 0xFF, 0xC3, 0xF1, 0xE1, 0xE0, 0xF5, 0xE1, 0xFB, 0xFF,
    0xF9, 0xFF, 0xF9, 0xFF, 0xF0, 0x0E, 0x00, 0x00, 0xE0, 0x00, 0x0F, 0x00, 0x00, 0xF0, 0x00, 0x0F,
    0x00, 0x00, 0xF0, 0x00, 0x0F, 0x3C, 0x00, 0xFF, 0xF0, 0x0F, 0xFF, 0x00, 0xFF, 0xF8, 0x0F, 0xC7,
    0x80, 0xF0, 0x78, 0x5E, 0x1F, 0x87, 0xFF, 0xFF, 0x7F, 0xFF, 0xFF, 0xFF, 0x9F, 0x38, 0x00, 0x70,
    0x00, 0xF0, 0x01, 0xE0, 0x03, 0xC0, 0x07, 0x80, 0x0F, 0x7E, 0x1F, 0xFE, 0x3F, 0xFC, 0x7F, 0x7C,
    0xF8, 0x79, 0xE0, 0xF7, 0x8F, 0xDF, 0xFF, 0xBF, 0xFE, 0x7F, 0xF0, 0x38, 0x00, 0x0E, 0x00, 0x03,
    0xC0, 0x00, 0xF0, 0x00, 0x3C, 0x00, 0x0F, 0x00, 0x03, 0xDF, 0x80, 0xFF, 0xF0, 0x3F, 0xFC, 0x0F,
    0xEF, 0x83, 0xE1, 0xE0, 0xF0, 0x78, 0x78, 0xFC, 0x3F, 0xFF, 0xFF, 0xFF, 0xFF, 0xFF, 0x9F, 0x0E,
    0x08, 0x07, 0x0E, 0x03, 0xC7, 0x01, 0xE1, 0x80, 0xF0, 0x00, 0x78, 0x00, 0x3C, 0xF0, 0x1F, 0xFE,
    0x0F, 0xFF, 0x07, 0xFF, 0xC3, 0xF1, 0xE1, 0xE0, 0xF5, 0xE1, 0xFB, 0xFF, 0xF9, 0xFF, 0xF9, 0xFF,
    0xF0, 0x0E, 0x08, 0x00, 0xE1, 0xC0, 0x0F, 0x1C, 0x00, 0xF1, 0x80, 0x0F, 0x00, 0x00, 0xF0, 0x00,
    0x0F, 0x3C, 0x00, 0xFF, 0xF0, 0x0F, 0xFF, 0x00, 0xFF, 0xF8, 0x0F, 0xC7, 0x80, 0xF0, 0x78, 0x5E,
    0x1F, 0x87, 0xFF, 0xFF, 0x7F, 0xFF, 0xFF, 0xFF, 0x9F, 0x38, 0x20, 0x70, 0xE0, 0xF1, 0xC1, 0xE1,
    0x83, 0xC0, 0x07, 0x80, 0x0F, 0x7E, 0x1F, 0xFE, 0x3F, 0xFC, 0x7F, 0x7C, 0xF8, 0x79, 0xE0, 0xF7,
    0x8F, 0xDF, 0xFF, 0xBF, 0xFE, 0x7F, 0xF0, 0x38, 0x20, 0x0E, 0x1C, 0x03, 0xC7, 0x00, 0xF0, 0xC0,
    0x3C, 0x00, 0x0F, 0x00, 0x03, 0xDF, 0x80, 0xFF, 0xF0, 0x3F, 0xFC, 0x0F, 0xEF, 0x83, 0xE1, 0xE0,
    0xF0, 0x78, 0x78, 0xFC, 0x3F, 0xFF, 0xFF, 0xFF, 0xFF, 0xFF, 0x9F, 0x3F, 0x03, 0xF8, 0x3F, 0x81,
    0xE0, 0x0F, 0x00, 0x78, 0x41, 0xFE, 0x0F, 0xF8, 0x3F, 0xC3, 0xE0, 0x3E, 0x01, 0xE0, 0x0E, 0x00,
    0x70, 0x03, 0x80, 0x1E, 0x00, 0xF8, 0x33, 0xFF, 0x8F, 0xFE, 0x3F, 0xE0, 0x03, 0x00, 0x3F, 0xC0,
    0xFF, 0x81, 0xEF, 0x87, 0x8E, 0x07, 0x9C, 0x07, 0xF8, 0x07, 0xE0, 0x0F, 0xFC, 0x3F, 0xFC, 0xF7,
    0xF3, 0xC0, 0x07, 0x00, 0x0E, 0x00, 0x3C, 0x00, 0x3E, 0x38, 0x7F, 0xF0, 0x7F, 0xE0, 0x3F, 0x80,
    0x0F, 0x83, 0xF0, 0xFE, 0x1E, 0x07, 0x80, 0x70, 0x0F, 0x30, 0xFF, 0xFF, 0xFF, 0xF3, 0xF0, 0x00,
    0x03, 0x00, 0x7F, 0x07, 0xFE, 0x1E, 0x78, 0x79, 0xE1, 0xE7, 0x03, 0xFC, 0x0F, 0xE0, 0xFF, 0xFF,
    0xFF, 0xFF, 0x1F, 0x80, 0x04, 0x00, 0x70, 0x03, 0x80, 0x18, 0x00, 0x00, 0x00, 0x00, 0xFC, 0x0F,
    0xE0, 0xFE, 0x07, 0x80, 0x3C, 0x01, 0xE1, 0x07, 0xF8, 0x3F, 0xE0, 0xFF, 0x0F, 0x80, 0xF8, 0x07,
    0x80, 0x38, 0x01, 0xC0, 0x0E, 0x00, 0x78, 0x03, 0xE0, 0xCF, 0xFE, 0x3F, 0xF8, 0xFF, 0x80, 0x01,
    0x00, 0x07, 0x00, 0x0E, 0x00, 0x18, 0x00, 0x00, 0x00, 0x60, 0x07, 0xF8, 0x1F, 0xF0, 0x3D, 0xF0,
    0xF1, 0xC0, 0xF3, 0x80, 0xFF, 0x00, 0xFC, 0x01, 0xFF, 0x87, 0xFF, 0x9E, 0xFE, 0x78, 0x00, 0xE0,
    0x01, 0xC0, 0x07, 0x80, 0x07, 0xC7, 0x0F, 0xFE, 0x0F, 0xFC, 0x07, 0xF0, 0x04, 0x01, 0xC0, 0x38,
    0x03, 0x00, 0x00, 0x00, 0x03, 0xE0, 0xFC, 0x3F, 0x87, 0x81, 0xE0, 0x1C, 0x03, 0xCC, 0x3F, 0xFF,
    0xFF, 0xFC, 0xFC, 0x00, 0x02, 0x00, 0x1C, 0x00, 0x70, 0x00, 0x80, 0x00, 0x00, 0x0C, 0x01, 0xFC,
    0x1F, 0xF8, 0x79, 0xE1, 0xE7, 0x87, 0x9C, 0x0F, 0xF0, 0x3F, 0x83, 0xFF, 0xFF, 0xFF, 0xFC, 0x7E,
    0x00, 0x03, 0x00, 0x00, 0xE0, 0x00, 0x1E, 0x00, 0x01, 0x80, 0x00, 0x00, 0x00, 0x00, 0x00, 0x03,
    0xF0, 0x00, 0xFE, 0x00, 0x1D, 0xF8, 0x03, 0x9F, 0xC0, 0xF3, 0xF0, 0x0F, 0xFE, 0x01, 0xFF, 0xC0,
    0x1D, 0xFE, 0x00, 0x7F, 0xFF, 0xFF, 0x7F, 0xFF, 0xC7, 0xFF, 0xE0, 0x00, 0x00, 0x80, 0x00, 0x01,
    0xC0, 0x00, 0x01, 0xC0, 0x00, 0x00, 0x80, 0x00, 0x00, 0x00, 0x00, 0x00, 0x00, 0x00, 0x03, 0xE0,
    0xC0, 0x07, 0xF0, 0xF0, 0x0F, 0xF8, 0xE0, 0x0F, 0x78, 0xE0, 0x0E, 0x78, 0xE0, 0x0F, 0x70, 0xF8,
    0x07, 0xF0, 0xFF, 0xFF, 0xFF, 0x7F, 0xFF, 0xFF, 0x3F, 0xFE, 0x7E, 0x04, 0x03, 0x80, 0xE0, 0x30,
    0x00, 0x00, 0x01, 0xF0, 0xFE, 0x3B, 0x9C, 0xF7, 0xBD, 0xFF, 0x3F, 0xC7, 0xF0, 0x7F, 0xFE, 0xFF,
    0x3F, 0x80, 0x04, 0x00, 0x70, 0x03, 0x80, 0x0C, 0x00, 0x00, 0x00, 0x00, 0x7C, 0x07, 0xF0, 0x7F,
    0xC3, 0xDE, 0x1E, 0xF0, 0xF7, 0x83, 0xF8, 0x7F, 0xFF, 0xFF, 0xFF, 0x7F, 0x00, 0x77, 0x00, 0x3B,
    0x80, 0x09, 0x80, 0x00, 0x00, 0x01, 0x80, 0x03, 0xF0, 0x01, 0xFC, 0x01, 0xEE, 0x70, 0xE7, 0x3C,
    0x73, 0xDC, 0x3F, 0xEE, 0x1F, 0xFF, 0x03, 0xF3, 0xC0, 0x79, 0xFF, 0xFC, 0xFF, 0xFC, 0x3F, 0xFC,
    0x07, 0xF0, 0x00, 0x00, 0x77, 0x00, 0x07, 0x70, 0x00, 0x36, 0x00, 0x00, 0x00, 0x00, 0x08, 0x00,
    0x03, 0xE0, 0x00, 0x7F, 0x00, 0x0F, 0x70, 0x40, 0xE7, 0x07, 0x8F, 0x78, 0x78, 0xFF, 0xE7, 0x07,
    0xFF, 0x70, 0x3F, 0xEF, 0x00, 0xF0, 0x78, 0x1F, 0x07, 0xFF, 0xE0, 0x3F, 0xFC, 0x01, 0xFF, 0x80,
    0x07, 0xC0, 0x00, 0x3B, 0x8E, 0xE1, 0x30, 0x00, 0x00, 0x07, 0xC3, 0xF8, 0xEE, 0x73, 0xDE, 0xF7,
    0xFC, 0xFF, 0x1F, 0xC1, 0xFF, 0xFB, 0xFC, 0xFE, 0x00, 0x1B, 0x81, 0xDC, 0x06, 0x60, 0x00, 0x00,
    0x00, 0x0F, 0x80, 0xFE, 0x0F, 0xF8, 0x7B, 0xC3, 0xDE, 0x1E, 0xF0, 0x7F, 0x0F, 0xFF, 0xFF, 0xFF,
    0xEF, 0xE0, 0x00, 0x03, 0x80, 0x00, 0xE0, 0x00, 0x38, 0x01, 0x8E, 0x01, 0xE3, 0x80, 0x70, 0xF0,
    0x1C, 0x3F, 0x03, 0x8F, 0xF0, 0xE3, 0xF8, 0xF8, 0xFE, 0x1C, 0x3F, 0x80, 0x0F, 0xF8, 0x07, 0xBF,
    0xFF, 0xE7, 0xFF, 0xF0, 0xFF, 0xF8, 0x00, 0x03, 0x80, 0x00, 0x0E, 0x00, 0x00, 0x38, 0x00, 0x18,
    0xE0, 0x01, 0xE3, 0x80, 0x07, 0x0F, 0x00, 0x1C, 0x3C, 0x30, 0x38, 0xF0, 0xF0, 0xE3, 0xC3, 0x8F,
    0x8F, 0x0E, 0x1C, 0x3C, 0x38, 0x00, 0xF0, 0xF8, 0x07, 0xE3, 0xFF, 0xFF, 0xE7, 0xFF, 0xFF, 0xCF,
    0xFF, 0x9E, 0x00, 0x80, 0xE0, 0xF8, 0xFF, 0x7F, 0x1F, 0x07, 0x81, 0xF0, 0x3E, 0x07, 0x80, 0xF0,
    0x3C, 0x0F, 0x3F, 0xCF, 0xE3, 0xF0, 0x00, 0x80, 0x1C, 0x03, 0xE0, 0x7F, 0x87, 0xF0, 0x3E, 0x01,
    0xE0, 0x0F, 0x80, 0x3C, 0x00, 0xF0, 0x03, 0xC0, 0x1E, 0x00, 0xF8, 0x7F, 0xFB, 0xFF, 0xFF, 0x9E,
    0x00, 0x3C, 0x00, 0xF0, 0x03, 0xC0, 0x0F, 0x00, 0x3C, 0x00, 0x70, 0x01, 0xC0, 0x07, 0x00, 0x1C,
    0x00, 0x74, 0x01, 0xDE, 0x07, 0x78, 0x1D, 0xC0, 0x77, 0x01, 0xFC, 0x0F, 0x78, 0x3D, 0xFF, 0xE7,
    0xFF, 0x8F, 0xFC, 0x07, 0xC0, 0x00, 0x3C, 0x00, 0x0F, 0x00, 0x03, 0xC0, 0x00, 0xF0, 0x00, 0x3C,
    0x00, 0x07, 0x00, 0x01, 0xC0, 0x00, 0x70, 0x00, 0x1C, 0x00, 0x07, 0x04, 0x01, 0xC1, 0xE0, 0x70,
    0x78, 0x1E, 0x1C, 0x07, 0xF7, 0x01, 0xFF, 0xC0, 0xFF, 0x78, 0x3C, 0x1F, 0xFE, 0x07, 0xFF, 0x80,
    0xFF, 0xC0, 0x07, 0xC0, 0x00, 0x79, 0xE3, 0x8E, 0x38, 0xE3, 0x8E, 0x38, 0xE3, 0x8E, 0x7B, 0xEF,
    0xB8, 0x78, 0x1C, 0x0E, 0x07, 0x03, 0x81, 0xC0, 0xE0, 0x70, 0x38, 0x1C, 0x0E, 0x07, 0x87, 0xC7,
    0xFF, 0xFF, 0xCF, 0x0F, 0x03, 0xF8, 0xFF, 0x3F, 0xF1, 0x1E, 0x01, 0xC7, 0xF9, 0xFF, 0x7F, 0xEF,
    0x0F, 0xC0, 0x78, 0x0F, 0x01, 0xE0, 0x1C, 0x03, 0x80, 0x78, 0x0E, 0x00, 0x00, 0x80, 0x07, 0xE0,
    0x0F, 0xE0, 0x1F, 0xF0, 0x3E, 0x70, 0x7C, 0x78, 0x7E, 0x7C, 0x7F, 0xFF, 0xF7, 0xFF, 0xF3, 0xEF,
    0xF0, 0x00, 0xF0, 0x00, 0x70, 0x00, 0x70, 0x00, 0x70, 0x00, 0x78, 0x00, 0x78, 0x00, 0x30, 0x00,
    0x07, 0x81, 0xF8, 0x7F, 0x9E, 0x73, 0x8E, 0xF9, 0xFF, 0xFF, 0xFF, 0xE7, 0xC0, 0x01, 0x00, 0x07,
    0xC0, 0x0F, 0xE0, 0x1F, 0xE0, 0x1C, 0xF0, 0x3C, 0x70, 0x7E, 0x78, 0xFF, 0xFF, 0xFF, 0xFF, 0xE7,
    0xCE, 0x01, 0x00, 0x0E, 0x00, 0x38, 0x00, 0x40, 0x00, 0x00, 0x00, 0x00, 0x01, 0x80, 0x1F, 0x40,
    0x3D, 0xE0, 0xF7, 0x81, 0xDC, 0x07, 0x70, 0x1F, 0xC0, 0x77, 0x83, 0xDF, 0xFF, 0x7F, 0xF8, 0xFF,
    0xC0, 0x7C, 0x00, 0x01, 0x00, 0x00, 0xE0, 0x00, 0x38, 0x00, 0x04, 0x00, 0x00, 0x00, 0x00, 0x00,
    0x00, 0x00, 0x80, 0x00, 0xF0, 0x40, 0x3C, 0x1E, 0x07, 0x07, 0x81, 0xE1, 0xC0, 0x7F, 0x70, 0x1F,
    0xFC, 0x07, 0xF7, 0x83, 0xC1, 0xFF, 0xF0, 0x7F, 0xF8, 0x0F, 0xFC, 0x00, 0x7C, 0x00, 0x31, 0xC7,
    0x8C, 0x00, 0x67, 0x8E, 0x38, 0xF3, 0xCF, 0x7F, 0xEF, 0xB8, 0x18, 0x07, 0x03, 0xC0, 0x60, 0x00,
    0x00, 0x01, 0x80, 0x70, 0x3C, 0x0F, 0x07, 0xE3, 0xFF, 0xFF, 0xF9, 0xF0, 0x10, 0x1E, 0x1F, 0x87,
    0xC7, 0xF7, 0xBF, 0x8F, 0xC7, 0xE7, 0xFF, 0xFF, 0xCF, 0xC0, 0x03, 0x80, 0x3C, 0x07, 0xE0, 0xFF,
    0x0F, 0xF8, 0x79, 0xC3, 0x8F, 0x1C, 0x78, 0xFF, 0xC7, 0xFF, 0x1F, 0xFE, 0x03, 0xF0, 0x0F, 0x80,
    0x18, 0x01, 0xE0, 0x0F, 0xC0, 0x7F, 0x07, 0xFC, 0x39, 0xF1, 0xCF, 0xCE, 0xEF, 0x3F, 0x3F, 0xFF,
    0xFF, 0xFD, 0xEF, 0xC0, 0x03, 0x00, 0x3F, 0x01, 0xFC, 0x07, 0x70, 0x3D, 0xE0, 0xE7, 0x03, 0x9C,
    0x1F, 0xF0, 0xFF, 0xFF, 0xFF, 0xFF, 0x8F, 0xCE, 0x38, 0x3C, 0xE0, 0xFF, 0x81, 0xFC, 0x00, 0xC0,
    0x0E, 0x0F, 0xC3, 0xF9, 0xEF, 0x73, 0xDE, 0x77, 0xFC, 0xFF, 0x0B, 0xC1, 0xEB, 0xF1, 0xF8, 0x7C,
    0x18, 0x00, 0x0E, 0x01, 0xF8, 0x0F, 0xE0, 0xF7, 0x07, 0x3C, 0x3C, 0xE1, 0xFF, 0xE7, 0xFF, 0x1F,
    0xF0, 0x3C, 0x2F, 0xC0, 0xFC, 0x07, 0xC0, 0x30, 0x00, 0x00, 0x1F, 0x80, 0x3F, 0xC0, 0x1F, 0xC0,
    0x1E, 0x24, 0x0F, 0x03, 0xC7, 0x81, 0xE3, 0xF0, 0xE0, 0xFE, 0x70, 0x1F, 0x78, 0x07, 0x9E, 0x07,
    0xCF, 0xFF, 0xC7, 0xFF, 0xC1, 0xFF, 0xC0, 0x1F, 0x00, 0x40, 0x00, 0x0F, 0x02, 0x01, 0xE0, 0xF8,
    0x38, 0x1F, 0xF7, 0x01, 0xFF, 0xE0, 0x1F, 0x9E, 0x03, 0xC3, 0xFF, 0xF8, 0x3F, 0xFE, 0x03, 0xFF,
    0x80, 0x1F, 0x80, 0x00, 0x00, 0x1F, 0x80, 0x3F, 0xC0, 0x1F, 0xC0, 0x1E, 0x24, 0x0F, 0x03, 0xC7,
    0x81, 0xE3, 0xF0, 0xE0, 0xFE, 0x70, 0x1F, 0x78, 0x07, 0x9E, 0x07, 0xCF, 0xFF, 0xC7, 0xFF, 0xC1,
    0xFF, 0xC0, 0x1F, 0x00, 0x00, 0x00, 0x00, 0x00, 0x03, 0x30, 0x01, 0xF8, 0x00, 0xCC, 0x00, 0x40,
    0x00, 0x0F, 0x02, 0x01, 0xE0, 0xF8, 0x38, 0x1F, 0xF7, 0x01, 0xFF, 0xE0, 0x1F, 0x9E, 0x03, 0xC3,
    0xFF, 0xF8, 0x3F, 0xFE, 0x03, 0xFF, 0x80, 0x1F, 0x80, 0x00, 0x00, 0x00, 0x00, 0x00, 0x0E, 0xC0,
    0x01, 0xFC, 0x00, 0x33, 0x00, 0x0C, 0x78, 0x70, 0xF1, 0xE3, 0xC7, 0x9F, 0xFD, 0xFB, 0xC0, 0x00,
    0x0D, 0xDF, 0xB3, 0x18, 0x03, 0xC0, 0x70, 0x0F, 0x03, 0xF1, 0xFF, 0xFF, 0xFF, 0x1F, 0x00, 0x00,
    0x01, 0xD8, 0x3B, 0x86, 0x60, 0x7E, 0x03, 0xFC, 0x20, 0x07, 0x82, 0x0E, 0x0C, 0x38, 0x7C, 0xE1,
    0xFB, 0x81, 0xFE, 0x03, 0xF8, 0x03, 0xE0, 0x1F, 0x80, 0xFF, 0x07, 0x9C, 0x3C, 0x70, 0xFF, 0xC3,
    0xFF, 0x0F, 0xF8, 0x7E, 0x00, 0x3F, 0x8F, 0x00, 0x03, 0xC0, 0x00, 0xF0, 0x04, 0x3C, 0x03, 0x07,
    0x01, 0xE1, 0xC0, 0x3C, 0x70, 0x07, 0x9C, 0x01, 0xF7, 0x00, 0x3F, 0xC0, 0x07, 0xF0, 0x00, 0xFE,
    0x07, 0xFF, 0xC1, 0xFF, 0xFC, 0x7F, 0x3F, 0x1F, 0x03, 0xC0, 0x20, 0x0E, 0x00, 0x80, 0x0D, 0x00,
    0xF0, 0x2C, 0x1E, 0x20, 0xE3, 0x0E, 0x7C, 0xE7, 0xEE, 0x1F, 0xE0, 0xFE, 0x03, 0xE0, 0x7E, 0x0F,
    0xF1, 0xE7, 0x3C, 0x73, 0xFF, 0x3F, 0xF3, 0xFE, 0x20, 0x00, 0x38, 0x00, 0x10, 0x00, 0x0D, 0x00,
    0x0F, 0x87, 0x83, 0x03, 0xC0, 0x01, 0xE0, 0x10, 0xF0, 0x18, 0x38, 0x1E, 0x1C, 0x07, 0x8E, 0x01,
    0xE7, 0x00, 0xFB, 0x80, 0x3F, 0xC0, 0x0F, 0xE0, 0x03, 0xF8, 0x3F, 0xFE, 0x1F, 0xFF, 0xCF, 0xE7,
    0xE7, 0xC0, 0xF0, 0x00, 0x40, 0x79, 0x07, 0x30, 0xEF, 0x9D, 0xFB, 0x8F, 0xF0, 0xFE, 0x07, 0xC1,
    0xF8, 0x7F, 0x9E, 0x77, 0x8E, 0xFF, 0xDF, 0xFB, 0xFE, 0x10, 0x0E, 0x01, 0x00, 0x34, 0x07, 0x80,
    0xC0, 0x00, 0x01, 0xE0, 0x03, 0xC0, 0x07, 0x81, 0x0F, 0x06, 0x0E, 0x1E, 0x1C, 0x1E, 0x38, 0x1E,
    0x70, 0x3E, 0xE0, 0x3F, 0xC0, 0x3F, 0x80, 0x3F, 0x8F, 0xFF, 0x9F, 0xFF, 0xFF, 0x9F, 0xFC, 0x0F,
    0x20, 0x01, 0xC0, 0x02, 0x00, 0x06, 0x80, 0x0F, 0x00, 0x18, 0x00, 0x00, 0x00, 0x40, 0x79, 0x07,
    0x30, 0xEF, 0x9D, 0xFB, 0x8F, 0xF0, 0xFE, 0x07, 0xC1, 0xF8, 0x7F, 0x9E, 0x77, 0x8E, 0xFF, 0xDF,
    0xFB, 0xFE, 0x01, 0xE0, 0x03, 0xC0, 0x07, 0x81, 0x0F, 0x06, 0x0E, 0x1E, 0x1C, 0x1E, 0x38, 0x1E,
    0x70, 0x3E, 0xE0, 0x3F, 0xC0, 0x3F, 0x80, 0x3F, 0x8F, 0xFF, 0x9F, 0xFF, 0xFF, 0x9F, 0xFC, 0x0F,
    0x00, 0x40, 0x00, 0x1C, 0x00, 0x07, 0xC0, 0x01, 0xFC, 0x00, 0x60, 0xC0, 0x18, 0x0C, 0x07, 0xF1,
    0xC1, 0xFF, 0x3C, 0x7F, 0xCF, 0xDF, 0xF1, 0xFD, 0xFC, 0xFF, 0x1F, 0x9F, 0xC1, 0xFF, 0xF0, 0x1E,
    0x7C, 0x01, 0xCF, 0x00, 0x19, 0xC0, 0x01, 0xF0, 0x00, 0x1C, 0x00, 0x00, 0x00, 0x00,
};

static const EpdGlyph geist_ui_10_boldGlyphs[] = {
    { 1, 1, 0, 0, 1, 1, 0 }, // U+0000
    { 1, 1, 87, 0, 1, 1, 1 }, // U+000D
    { 1, 1, 76, 0, 1, 1, 2 }, // U+0020
    { 3, 16, 86, 1, 16, 6, 3 }, // !
    { 7, 6, 130, 1, 16, 6, 9 }, // "
    { 12, 16, 196, 0, 16, 24, 15 }, // #
    { 11, 20, 223, 1, 18, 28, 39 }, // $
    { 16, 16, 275, 1, 16, 32, 67 }, // %
    { 13, 16, 236, 1, 16, 26, 99 }, // &
    { 3, 6, 68, 1, 16, 3, 125 }, // '
    { 6, 19, 108, 1, 17, 15, 128 }, // (
    { 6, 19, 108, 0, 17, 15, 143 }, // )
    { 7, 8, 141, 1, 16, 7, 158 }, // *
    { 11, 11, 190, 1, 12, 16, 165 }, // +
    { 3, 5, 79, 1, 2, 2, 181 }, // ,
    { 7, 2, 139, 1, 7, 2, 183 }, // -
    { 3, 2, 79, 1, 2, 1, 185 }, // .
    { 9, 19, 174, 1, 17, 22, 186 }, // /
    { 12, 16, 233, 1, 16, 24, 208 }, // 0
    { 6, 16, 150, 1, 16, 12, 232 }, // 1
    { 11, 16, 218, 1, 16, 22, 244 }, // 2
    { 12, 16, 217, 1, 16, 24, 266 }, // 3
    { 12, 16, 219, 1, 16, 24, 290 }, // 4
    { 11, 16, 224, 2, 16, 22, 314 }, // 5
    { 11, 16, 220, 1, 16, 22, 336 }, // 6
    { 11, 16, 181, 1, 16, 22, 358 }, // 7
    { 12, 16, 223, 1, 16, 24, 380 }, // 8
    { 11, 16, 222, 1, 16, 22, 404 }, // 9
    { 3, 10, 104, 2, 10, 4, 426 }, // :
    { 3, 13, 104, 2, 10, 5, 430 }, // ;
    { 10, 12, 183, 1, 12, 15, 435 }, // <
    { 10, 7, 184, 1, 10, 9, 450 }, // =
    { 10, 12, 183, 1, 12, 15, 459 }, // >
    { 11, 16, 197, 1, 16, 22, 474 }, // ?
    { 18, 18, 321, 1, 16, 41, 496 }, // @
    { 15, 16, 243, 0, 16, 30, 537 }, // A
    { 12, 16, 234, 2, 16, 24, 567 }, // B
    { 13, 16, 245, 1, 16, 26, 591 }, // C
    { 12, 16, 240, 2, 16, 24, 617 }, // D
    { 11, 16, 207, 2, 16, 22, 641 }, // E
    { 10, 16, 201, 2, 16, 20, 663 }, // F
    { 13, 16, 246, 1, 16, 26, 683 }, // G
    { 12, 16, 240, 2, 16, 24, 709 }, // H
    { 3, 16, 100, 2, 16, 6, 733 }, // I
    { 11, 16, 209, 1, 16, 22, 739 }, // J
    { 12, 16, 230, 2, 16, 24, 761 }, // K
    { 10, 16, 196, 2, 16, 20, 785 }, // L
    { 16, 16, 305, 2, 16, 32, 805 }, // M
    { 12, 16, 250, 2, 16, 24, 837 }, // N
    { 14, 16, 259, 1, 16, 28, 861 }, // O
    { 11, 16, 224, 2, 16, 22, 889 }, // P
    { 14, 17, 256, 1, 16, 30, 911 }, // Q
    { 12, 16, 232, 2, 16, 24, 941 }, // R
    { 12, 16, 227, 1, 16, 24, 965 }, // S
    { 12, 16, 200, 1, 16, 24, 989 }, // T
    { 12, 16, 234, 1, 16, 24, 1013 }, // U
    { 15, 16, 243, 0, 16, 30, 1037 }, // V
    { 19, 16, 338, 1, 16, 38, 1067 }, // W
    { 14, 16, 229, 0, 16, 28, 1105 }, // X
    { 13, 16, 210, 0, 16, 26, 1133 }, // Y
    { 11, 16, 198, 1, 16, 22, 1159 }, // Z
    { 7, 19, 130, 2, 17, 17, 1181 }, // [
    { 9, 19, 167, 1, 17, 22, 1198 }, // <backslash>
    { 7, 19, 130, 0, 17, 17, 1220 }, // ]
    { 8, 7, 154, 1, 15, 7, 1237 }, // ^
    { 10, 2, 187, 1, -1, 3, 1244 }, // _
    { 4, 2, 93, 1, 15, 1, 1247 }, // `
    { 11, 12, 198, 1, 12, 17, 1248 }, // a
    { 11, 16, 211, 1, 16, 22, 1265 }, // b
    { 11, 12, 199, 1, 12, 17, 1287 }, // c
    { 11, 16, 211, 1, 16, 22, 1304 }, // d
    { 11, 12, 202, 1, 12, 17, 1326 }, // e
    { 8, 16, 149, 0, 16, 16, 1343 }, // f
    { 11, 15, 211, 1, 12, 21, 1359 }, // g
    { 10, 16, 204, 1, 16, 20, 1380 }, // h
    { 3, 16, 94, 1, 16, 6, 1400 }, // i
    { 6, 19, 110, 0, 16, 15, 1406 }, // j
    { 11, 16, 216, 1, 16, 22, 1421 }, // k
    { 5, 16, 104, 1, 16, 10, 1443 }, // l
    { 16, 12, 300, 1, 12, 24, 1453 }, // m
    { 10, 12, 204, 1, 12, 15, 1477 }, // n
    { 11, 12, 206, 1, 12, 17, 1492 }, // o
    { 11, 15, 211, 1, 12, 21, 1509 }, // p
    { 11, 15, 211, 1, 12, 21, 1530 }, // q
    { 7, 12, 142, 1, 12, 11, 1551 }, // r
    { 10, 12, 190, 1, 12, 15, 1562 }, // s
    { 8, 15, 148, 1, 15, 15, 1577 }, // t
    { 10, 12, 202, 1, 12, 15, 1592 }, // u
    { 12, 12, 203, 0, 12, 18, 1607 }, // v
    { 17, 12, 283, 0, 12, 26, 1625 }, // w
    { 12, 12, 217, 1, 12, 18, 1651 }, // x
    { 11, 15, 195, 0, 12, 21, 1669 }, // y
    { 10, 12, 198, 1, 12, 15, 1690 }, // z
    { 8, 19, 136, 1, 16, 19, 1705 }, // {
    { 3, 19, 98, 2, 17, 8, 1724 }, // |
    { 8, 19, 136, 0, 16, 19, 1732 }, // }
    { 9, 4, 174, 1, 9, 5, 1751 }, // ~
    { 1, 1, 76, 0, 1, 1, 1756 }, // U+00A0
    { 3, 15, 86, 1, 12, 6, 1757 }, // U+00A1
    { 11, 16, 199, 1, 16, 22, 1763 }, // U+00A2
    { 11, 16, 216, 1, 16, 22, 1785 }, // U+00A3
    { 11, 11, 211, 1, 13, 16, 1807 }, // U+00A4
    { 13, 16, 210, 0, 16, 26, 1823 }, // U+00A5
    { 3, 19, 98, 2, 17, 8, 1849 }, // U+00A6
    { 10, 17, 202, 1, 16, 22, 1857 }, // U+00A7
    { 7, 2, 144, 1, 15, 2, 1879 }, // U+00A8
    { 15, 16, 274, 1, 16, 30, 1881 }, // U+00A9
    { 8, 6, 144, 0, 15, 6, 1911 }, // U+00AA
    { 12, 9, 215, 1, 11, 14, 1917 }, // U+00AB
    { 9, 6, 171, 1, 7, 7, 1931 }, // U+00AC
    { 5, 2, 107, 1, 6, 2, 1938 }, // U+00AD
    { 12, 12, 216, 1, 16, 18, 1940 }, // U+00AE
    { 6, 2, 124, 1, 15, 2, 1958 }, // U+00AF
    { 7, 8, 143, 1, 16, 7, 1960 }, // U+00B0
    { 10, 13, 183, 1, 13, 17, 1967 }, // U+00B1
    { 6, 8, 124, 1, 15, 6, 1984 }, // U+00B2
    { 6, 8, 123, 1, 15, 6, 1990 }, // U+00B3
    { 4, 2, 93, 1, 15, 1, 1996 }, // U+00B4
    { 10, 15, 202, 1, 12, 19, 1997 }, // U+00B5
    { 12, 16, 220, 0, 16, 24, 2016 }, // U+00B6
    { 3, 2, 79, 1, 7, 1, 2040 }, // U+00B7
    { 6, 5, 109, 0, 0, 4, 2041 }, // U+00B8
    { 4, 8, 94, 1, 15, 4, 2045 }, // U+00B9
    { 7, 6, 149, 1, 15, 6, 2049 }, // U+00BA
    { 12, 9, 218, 1, 11, 14, 2055 }, // U+00BB
    { 16, 16, 263, 1, 16, 32, 2069 }, // U+00BC
    { 16, 15, 282, 1, 15, 30, 2101 }, // U+00BD
    { 17, 16, 283, 1, 16, 34, 2131 }, // U+00BE
    { 11, 15, 197, 1, 12, 21, 2165 }, // U+00BF
    { 15, 20, 243, 0, 20, 38, 2186 }, // U+00C0
    { 15, 19, 243, 0, 19, 36, 2224 }, // U+00C1
    { 15, 19, 243, 0, 19, 36, 2260 }, // U+00C2
    { 15, 20, 245, 0, 20, 38, 2296 }, // U+00C3
    { 13, 19, 243, 1, 19, 31, 2334 }, // U+00C4
    { 14, 21, 245, 0, 21, 37, 2365 }, // U+00C5
    { 21, 16, 347, 0, 16, 42, 2402 }, // U+00C6
    { 14, 20, 245, 1, 16, 35, 2444 }, // U+00C7
    { 11, 20, 207, 2, 20, 28, 2479 }, // U+00C8
    { 11, 19, 207, 2, 19, 27, 2507 }, // U+00C9
    { 11, 19, 207, 2, 19, 27, 2534 }, // U+00CA
    { 11, 19, 207, 2, 19, 27, 2561 }, // U+00CB
    { 4, 20, 100, 1, 20, 10, 2588 }, // U+00CC
    { 4, 19, 100, 2, 19, 10, 2598 }, // U+00CD
    { 7, 19, 100, 0, 19, 17, 2608 }, // U+00CE
    { 7, 19, 100, 0, 19, 17, 2625 }, // U+00CF
    { 14, 16, 240, 0, 16, 28, 2642 }, // U+00D0
    { 12, 20, 250, 2, 20, 30, 2670 }, // U+00D1
    { 14, 20, 259, 1, 20, 35, 2700 }, // U+00D2
    { 14, 20, 259, 1, 20, 35, 2735 }, // U+00D3
    { 14, 20, 259, 1, 20, 35, 2770 }, // U+00D4
    { 14, 20, 259, 1, 20, 35, 2805 }, // U+00D5
    { 14, 20, 259, 1, 20, 35, 2840 }, // U+00D6
    { 9, 10, 180, 1, 11, 12, 2875 }, // U+00D7
    { 14, 16, 259, 1, 16, 28, 2887 }, // U+00D8
    { 12, 20, 234, 1, 20, 30, 2915 }, // U+00D9
    { 12, 20, 234, 1, 20, 30, 2945 }, // U+00DA
    { 12, 20, 234, 1, 20, 30, 2975 }, // U+00DB
    { 12, 20, 234, 1, 20, 30, 3005 }, // U+00DC
    { 13, 19, 210, 0, 19, 31, 3035 }, // U+00DD
    { 11, 16, 214, 2, 16, 22, 3066 }, // U+00DE
    { 12, 16, 219, 1, 16, 24, 3088 }, // U+00DF
    { 11, 15, 198, 1, 15, 21, 3112 }, // U+00E0
    { 11, 16, 198, 1, 16, 22, 3133 }, // U+00E1
    { 11, 16, 198, 1, 16, 22, 3155 }, // U+00E2
    { 11, 16, 198, 1, 16, 22, 3177 }, // U+00E3
    { 11, 16, 198, 1, 16, 22, 3199 }, // U+00E4
    { 11, 17, 198, 1, 17, 24, 3221 }, // U+00E5
    { 18, 12, 320, 1, 12, 27, 3245 }, // U+00E6
    { 11, 17, 199, 1, 12, 24, 3272 }, // U+00E7
    { 11, 15, 202, 1, 15, 21, 3296 }, // U+00E8
    { 11, 16, 202, 1, 16, 22, 3317 }, // U+00E9
    { 11, 16, 202, 1, 16, 22, 3339 }, // U+00EA
    { 11, 16, 202, 1, 16, 22, 3361 }, // U+00EB
    { 4, 16, 94, 0, 16, 8, 3383 }, // U+00EC
    { 4, 16, 94, 1, 16, 8, 3391 }, // U+00ED
    { 7, 16, 94, -1, 16, 14, 3399 }, // U+00EE
    { 7, 16, 94, -1, 16, 14, 3413 }, // U+00EF
    { 11, 16, 206, 1, 16, 22, 3427 }, // U+00F0
    { 10, 16, 204, 1, 16, 20, 3449 }, // U+00F1
    { 11, 15, 206, 1, 15, 21, 3469 }, // U+00F2
    { 11, 16, 206, 1, 16, 22, 3490 }, // U+00F3
    { 11, 16, 206, 1, 16, 22, 3512 }, // U+00F4
    { 11, 16, 206, 1, 16, 22, 3534 }, // U+00F5
    { 11, 16, 206, 1, 16, 22, 3556 }, // U+00F6
    { 10, 12, 188, 1, 12, 15, 3578 }, // U+00F7
    { 11, 12, 206, 1, 12, 17, 3593 }, // U+00F8
    { 10, 15, 202, 1, 15, 19, 3610 }, // U+00F9
    { 10, 16, 202, 1, 16, 20, 3629 }, // U+00FA
    { 10, 16, 202, 1, 16, 20, 3649 }, // U+00FB
    { 10, 16, 202, 1, 16, 20, 3669 }, // U+00FC
    { 11, 19, 195, 0, 16, 27, 3689 }, // U+00FD
    { 11, 19, 208, 1, 16, 27, 3716 }, // U+00FE
    { 12, 19, 195, 0, 16, 29, 3743 }, // U+00FF
    { 14, 19, 243, 0, 19, 34, 3772 }, // U+0100
    { 11, 16, 198, 1, 16, 22, 3806 }, // U+0101
    { 14, 20, 243, 0, 20, 35, 3828 }, // U+0102
    { 11, 17, 198, 1, 17, 24, 3863 }, // U+0103
    { 16, 21, 243, 0, 16, 42, 3887 }, // U+0104
    { 11, 17, 198, 1, 12, 24, 3929 }, // U+0105
    { 13, 20, 245, 1, 20, 33, 3953 }, // U+0106
    { 11, 16, 199, 1, 16, 22, 3986 }, // U+0107
    { 13, 20, 245, 1, 20, 33, 4008 }, // U+0108
    { 11, 16, 199, 1, 16, 22, 4041 }, // U+0109
    { 13, 20, 245, 1, 20, 33, 4063 }, // U+010A
    { 11, 16, 199, 1, 16, 22, 4096 }, // U+010B
    { 13, 20, 245, 1, 20, 33, 4118 }, // U+010C
    { 11, 15, 199, 1, 15, 21, 4151 }, // U+010D
    { 12, 19, 240, 2, 19, 29, 4172 }, // U+010E
    { 15, 16, 247, 1, 16, 30, 4201 }, // U+010F
    { 14, 16, 240, 0, 16, 28, 4231 }, // U+0110
    { 13, 16, 211, 1, 16, 26, 4259 }, // U+0111
    { 11, 19, 207, 2, 19, 27, 4285 }, // U+0112
    { 11, 16, 202, 1, 16, 22, 4312 }, // U+0113
    { 9, 21, 187, 2, 21, 24, 4334 }, // U+0114
    { 11, 16, 199, 1, 16, 22, 4358 }, // U+0115
    { 11, 19, 207, 2, 19, 27, 4380 }, // U+0116
    { 11, 16, 202, 1, 16, 22, 4407 }, // U+0117
    { 11, 21, 207, 2, 16, 29, 4429 }, // U+0118
    { 11, 17, 202, 1, 12, 24, 4458 }, // U+0119
    { 11, 19, 207, 2, 19, 27, 4482 }, // U+011A
    { 11, 15, 202, 1, 15, 21, 4509 }, // U+011B
    { 13, 20, 246, 1, 20, 33, 4530 }, // U+011C
    { 11, 19, 211, 1, 16, 27, 4563 }, // U+011D
    { 13, 20, 246, 1, 20, 33, 4590 }, // U+011E
    { 11, 20, 211, 1, 17, 28, 4623 }, // U+011F
    { 13, 20, 246, 1, 20, 33, 4651 }, // U+0120
    { 11, 19, 211, 1, 16, 27, 4684 }, // U+0121
    { 13, 21, 246, 1, 16, 35, 4711 }, // U+0122
    { 11, 21, 211, 1, 18, 29, 4746 }, // U+0123
    { 12, 19, 240, 2, 19, 29, 4775 }, // U+0124
    { 12, 20, 204, -1, 20, 30, 4804 }, // U+0125
    { 16, 16, 240, 0, 16, 32, 4834 }, // U+0126
    { 12, 16, 204, 0, 16, 24, 4866 }, // U+0127
    { 7, 20, 100, 0, 20, 18, 4890 }, // U+0128
    { 7, 16, 94, -1, 16, 14, 4908 }, // U+0129
    { 6, 19, 100, 1, 19, 15, 4922 }, // U+012A
    { 6, 16, 94, 0, 16, 12, 4937 }, // U+012B
    { 8, 21, 130, 1, 21, 21, 4949 }, // U+012C
    { 8, 16, 100, -1, 16, 16, 4970 }, // U+012D
    { 5, 21, 100, 1, 16, 14, 4986 }, // U+012E
    { 5, 21, 94, 1, 16, 14, 5000 }, // U+012F
    { 3, 19, 100, 2, 19, 8, 5014 }, // U+0130
    { 3, 12, 94, 1, 12, 5, 5022 }, // U+0131
    { 16, 16, 304, 2, 16, 32, 5027 }, // U+0132
    { 9, 19, 195, 1, 16, 22, 5059 }, // U+0133
    { 13, 20, 209, 1, 20, 33, 5081 }, // U+0134
    { 8, 19, 110, 0, 16, 19, 5114 }, // U+0135
    { 12, 21, 230, 2, 16, 32, 5133 }, // U+0136
    { 12, 21, 216, 1, 16, 32, 5165 }, // U+0137
    { 11, 12, 207, 2, 12, 17, 5197 }, // U+0138
    { 10, 19, 196, 2, 19, 24, 5214 }, // U+0139
    { 5, 18, 104, 1, 18, 12, 5238 }, // U+013A
    { 10, 21, 196, 2, 16, 27, 5250 }, // U+013B
    { 5, 21, 104, 1, 16, 14, 5277 }, // U+013C
    { 10, 16, 196, 2, 16, 20, 5291 }, // U+013D
    { 8, 16, 130, 1, 16, 16, 5311 }, // U+013E
    { 9, 15, 186, 2, 15, 17, 5327 }, // U+013F
    { 7, 16, 123, 2, 16, 14, 5344 }, // U+0140
    { 12, 16, 196, 0, 16, 24, 5358 }, // U+0141
    { 7, 16, 104, 0, 16, 14, 5382 }, // U+0142
    { 12, 19, 250, 2, 19, 29, 5396 }, // U+0143
    { 10, 16, 204, 1, 16, 20, 5425 }, // U+0144
    { 12, 21, 250, 2, 16, 32, 5445 }, // U+0145
    { 10, 17, 204, 1, 12, 22, 5477 }, // U+0146
    { 12, 19, 250, 2, 19, 29, 5499 }, // U+0147
    { 10, 16, 204, 1, 16, 20, 5528 }, // U+0148
    { 14, 15, 258, 0, 15, 27, 5548 }, // U+0149
    { 12, 19, 250, 2, 16, 29, 5575 }, // U+014A
    { 10, 15, 204, 1, 12, 19, 5604 }, // U+014B
    { 14, 20, 259, 1, 20, 35, 5623 }, // U+014C
    { 11, 16, 206, 1, 16, 22, 5658 }, // U+014D
    { 14, 21, 264, 1, 21, 37, 5680 }, // U+014E
    { 11, 16, 208, 1, 16, 22, 5717 }, // U+014F
    { 14, 20, 259, 1, 20, 35, 5739 }, // U+0150
    { 11, 16, 206, 1, 16, 22, 5774 }, // U+0151
    { 21, 16, 373, 1, 16, 42, 5796 }, // U+0152
    { 19, 12, 333, 1, 12, 29, 5838 }, // U+0153
    { 12, 19, 232, 2, 19, 29, 5867 }, // U+0154
    { 7, 16, 142, 1, 16, 14, 5896 }, // U+0155
    { 12, 21, 232, 2, 16, 32, 5910 }, // U+0156
    { 7, 17, 142, 1, 12, 15, 5942 }, // U+0157
    { 12, 19, 232, 2, 19, 29, 5957 }, // U+0158
    { 7, 16, 142, 1, 16, 14, 5986 }, // U+0159
    { 12, 20, 227, 1, 20, 30, 6000 }, // U+015A
    { 10, 16, 190, 1, 16, 20, 6030 }, // U+015B
    { 12, 20, 227, 1, 20, 30, 6050 }, // U+015C
    { 10, 16, 190, 1, 16, 20, 6080 }, // U+015D
    { 12, 20, 227, 1, 16, 30, 6100 }, // U+015E
    { 10, 17, 190, 1, 12, 22, 6130 }, // U+015F
    { 12, 20, 227, 1, 20, 30, 6152 }, // U+0160
    { 10, 15, 190, 1, 15, 19, 6182 }, // U+0161
    { 12, 21, 200, 1, 16, 32, 6201 }, // U+0162
    { 8, 20, 148, 1, 15, 20, 6233 }, // U+0163
    { 12, 19, 200, 1, 19, 29, 6253 }, // U+0164
    { 9, 17, 150, 1, 17, 20, 6282 }, // U+0165
    { 12, 16, 200, 1, 16, 24, 6302 }, // U+0166
    { 8, 15, 148, 1, 15, 15, 6326 }, // U+0167
    { 12, 20, 234, 1, 20, 30, 6341 }, // U+0168
    { 10, 16, 202, 1, 16, 20, 6371 }, // U+0169
    { 12, 20, 234, 1, 20, 30, 6391 }, // U+016A
    { 10, 16, 202, 1, 16, 20, 6421 }, // U+016B
    { 12, 21, 234, 1, 21, 32, 6441 }, // U+016C
    { 10, 17, 202, 1, 17, 22, 6473 }, // U+016D
    { 12, 21, 234, 1, 21, 32, 6495 }, // U+016E
    { 10, 17, 202, 1, 17, 22, 6527 }, // U+016F
    { 12, 20, 234, 1, 20, 30, 6549 }, // U+0170
    { 10, 16, 202, 1, 16, 20, 6579 }, // U+0171
    { 12, 20, 234, 1, 16, 30, 6599 }, // U+0172
    { 11, 17, 202, 1, 12, 24, 6629 }, // U+0173
    { 19, 19, 338, 1, 19, 46, 6653 }, // U+0174
    { 17, 16, 283, 0, 16, 34, 6699 }, // U+0175
    { 13, 19, 210, 0, 19, 31, 6733 }, // U+0176
    { 11, 19, 195, 0, 16, 27, 6764 }, // U+0177
    { 13, 19, 210, 0, 19, 31, 6791 }, // U+0178
    { 11, 19, 198, 1, 19, 27, 6822 }, // U+0179
    { 10, 16, 198, 1, 16, 20, 6849 }, // U+017A
    { 11, 19, 198, 1, 19, 27, 6869 }, // U+017B
    { 10, 16, 198, 1, 16, 20, 6896 }, // U+017C
    { 11, 19, 198, 1, 19, 27, 6916 }, // U+017D
    { 10, 16, 198, 1, 16, 20, 6943 }, // U+017E
    { 7, 16, 128, 2, 16, 14, 6963 }, // U+017F
    { 16, 16, 274, 1, 16, 32, 6977 }, // U+01A0
    { 14, 14, 227, 1, 14, 25, 7009 }, // U+01A1
    { 17, 16, 295, 2, 16, 34, 7034 }, // U+01AF
    { 15, 14, 252, 1, 14, 27, 7068 }, // U+01B0
    { 25, 20, 436, 2, 20, 63, 7095 }, // U+01C4
    { 23, 16, 408, 2, 16, 46, 7158 }, // U+01C5
    { 22, 16, 375, 1, 16, 44, 7204 }, // U+01C6
    { 15, 19, 299, 2, 15, 36, 7248 }, // U+01C7
    { 15, 21, 290, 2, 16, 40, 7284 }, // U+01C8
    { 9, 21, 203, 2, 16, 24, 7324 }, // U+01C9
    { 20, 19, 381, 2, 15, 48, 7348 }, // U+01CA
    { 20, 21, 373, 2, 16, 53, 7396 }, // U+01CB
    { 17, 21, 321, 2, 16, 45, 7449 }, // U+01CC
    { 15, 19, 243, 0, 19, 36, 7494 }, // U+01CD
    { 11, 15, 198, 1, 15, 21, 7530 }, // U+01CE
    { 9, 20, 130, 0, 20, 23, 7551 }, // U+01CF
    { 9, 16, 100, -1, 16, 18, 7574 }, // U+01D0
    { 14, 21, 264, 1, 21, 37, 7592 }, // U+01D1
    { 11, 16, 208, 1, 16, 22, 7629 }, // U+01D2
    { 12, 21, 252, 2, 21, 32, 7651 }, // U+01D3
    { 10, 16, 217, 1, 16, 20, 7683 }, // U+01D4
    { 12, 22, 252, 2, 22, 33, 7703 }, // U+01D5
    { 10, 18, 217, 1, 18, 23, 7736 }, // U+01D6
    { 12, 23, 252, 2, 23, 35, 7759 }, // U+01D7
    { 10, 19, 217, 1, 19, 24, 7794 }, // U+01D8
    { 12, 23, 252, 2, 23, 35, 7818 }, // U+01D9
    { 10, 19, 217, 1, 19, 24, 7853 }, // U+01DA
    { 12, 23, 252, 2, 23, 35, 7877 }, // U+01DB
    { 10, 19, 217, 1, 19, 24, 7912 }, // U+01DC
    { 10, 12, 199, 1, 12, 15, 7936 }, // U+01DD
    { 15, 22, 231, 0, 22, 42, 7951 }, // U+01DE
    { 10, 18, 200, 1, 18, 23, 7993 }, // U+01DF
    { 15, 22, 231, 0, 22, 42, 8016 }, // U+01E0
    { 10, 19, 200, 1, 19, 24, 8058 }, // U+01E1
    { 19, 19, 317, 0, 19, 46, 8082 }, // U+01E2
    { 17, 15, 306, 1, 15, 32, 8128 }, // U+01E3
    { 14, 16, 260, 1, 16, 28, 8160 }, // U+01E4
    { 13, 15, 219, 1, 12, 25, 8188 }, // U+01E5
    { 13, 20, 246, 1, 20, 33, 8213 }, // U+01E6
    { 11, 19, 211, 1, 16, 27, 8246 }, // U+01E7
    { 12, 19, 230, 2, 19, 29, 8273 }, // U+01E8
    { 13, 18, 216, -1, 18, 30, 8302 }, // U+01E9
    { 14, 20, 264, 1, 15, 35, 8332 }, // U+01EA
    { 11, 17, 208, 1, 12, 24, 8367 }, // U+01EB
    { 14, 24, 264, 1, 19, 42, 8391 }, // U+01EC
    { 11, 20, 208, 1, 15, 28, 8433 }, // U+01ED
    { 11, 21, 197, 0, 21, 29, 8461 }, // U+01EE
    { 11, 21, 194, 0, 16, 29, 8490 }, // U+01EF
    { 9, 21, 99, -1, 16, 24, 8519 }, // U+01F0
    { 25, 15, 436, 2, 15, 47, 8543 }, // U+01F1
    { 23, 15, 408, 2, 15, 44, 8590 }, // U+01F2
    { 22, 16, 375, 1, 16, 44, 8634 }, // U+01F3
    { 12, 21, 241, 1, 21, 32, 8678 }, // U+01F4
    { 11, 21, 211, 1, 16, 29, 8710 }, // U+01F5
    { 18, 15, 349, 2, 15, 34, 8739 }, // U+01F6
    { 11, 20, 225, 2, 15, 28, 8773 }, // U+01F7
    { 13, 20, 268, 2, 20, 33, 8801 }, // U+01F8
    { 10, 16, 217, 2, 16, 20, 8834 }, // U+01F9
    { 15, 21, 230, 0, 21, 40, 8854 }, // U+01FA
    { 10, 21, 200, 1, 21, 27, 8894 }, // U+01FB
    { 19, 20, 317, 0, 20, 48, 8921 }, // U+01FC
    { 17, 16, 306, 1, 16, 34, 8969 }, // U+01FD
    { 14, 22, 264, 1, 21, 39, 9003 }, // U+01FE
    { 11, 17, 206, 1, 16, 24, 9042 }, // U+01FF
    { 14, 20, 231, 0, 20, 35, 9066 }, // U+0200
    { 10, 16, 200, 1, 16, 20, 9101 }, // U+0201
    { 14, 20, 231, 0, 20, 35, 9121 }, // U+0202
    { 10, 16, 200, 1, 16, 20, 9156 }, // U+0203
    { 10, 20, 187, 1, 20, 25, 9176 }, // U+0204
    { 11, 16, 199, 1, 16, 22, 9201 }, // U+0205
    { 9, 20, 187, 2, 20, 23, 9223 }, // U+0206
    { 11, 16, 199, 1, 16, 22, 9246 }, // U+0207
    { 9, 20, 130, -1, 20, 23, 9268 }, // U+0208
    { 9, 16, 100, -2, 16, 18, 9291 }, // U+0209
    { 9, 20, 130, 0, 20, 23, 9309 }, // U+020A
    { 8, 16, 100, 0, 16, 16, 9332 }, // U+020B
    { 14, 20, 264, 1, 20, 35, 9348 }, // U+020C
    { 11, 16, 208, 1, 16, 22, 9383 }, // U+020D
    { 14, 20, 264, 1, 20, 35, 9405 }, // U+020E
    { 11, 16, 208, 1, 16, 22, 9440 }, // U+020F
    { 12, 20, 219, 2, 20, 30, 9462 }, // U+0210
    { 9, 16, 149, 0, 16, 18, 9492 }, // U+0211
    { 12, 20, 219, 2, 20, 30, 9510 }, // U+0212
    { 8, 16, 149, 2, 16, 16, 9540 }, // U+0213
    { 12, 20, 252, 2, 20, 30, 9556 }, // U+0214
    { 10, 16, 217, 1, 16, 20, 9586 }, // U+0215
    { 12, 20, 252, 2, 20, 30, 9606 }, // U+0216
    { 10, 16, 217, 1, 16, 20, 9636 }, // U+0217
    { 12, 21, 227, 1, 16, 32, 9656 }, // U+0218
    { 10, 17, 190, 1, 12, 22, 9688 }, // U+0219
    { 12, 21, 200, 1, 16, 32, 9710 }, // U+021A
    { 8, 20, 148, 1, 15, 20, 9742 }, // U+021B
    { 11, 19, 210, 1, 15, 27, 9762 }, // U+021C
    { 9, 17, 169, 1, 12, 20, 9789 }, // U+021D
    { 12, 20, 255, 2, 20, 30, 9809 }, // U+021E
    { 13, 21, 217, -1, 21, 35, 9839 }, // U+021F
    { 4, 2, 0, 1, 15, 1, 9874 }, // U+0300
    { 4, 2, 0, 1, 15, 1, 9875 }, // U+0301
    { 7, 2, 0, 1, 15, 2, 9876 }, // U+0302
    { 7, 3, 0, 1, 16, 3, 9878 }, // U+0303
    { 6, 2, 0, 1, 15, 2, 9881 }, // U+0304
    { 9, 2, 0, -4, 18, 3, 9883 }, // U+0305
    { 6, 3, 0, 1, 16, 3, 9886 }, // U+0306
    { 3, 2, 0, 1, 15, 1, 9889 }, // U+0307
    { 7, 2, 0, 1, 15, 2, 9890 }, // U+0308
    { 5, 6, 0, -9, 18, 4, 9892 }, // U+0309
    { 4, 4, 0, 1, 17, 2, 9896 }, // U+030A
    { 8, 2, 0, 1, 15, 2, 9898 }, // U+030B
    { 7, 2, 0, 1, 15, 2, 9900 }, // U+030C
    { 2, 4, 0, -1, 17, 1, 9902 }, // U+030D
    { 6, 4, 0, -3, 17, 3, 9903 }, // U+030E
    { 9, 3, 0, -12, 16, 4, 9906 }, // U+030F
    { 8, 5, 0, -4, 18, 5, 9910 }, // U+0310
    { 8, 4, 0, -4, 16, 4, 9915 }, // U+0311
    { 3, 5, 0, 1, 18, 2, 9919 }, // U+0312
    { 4, 5, 0, -2, 15, 3, 9921 }, // U+0313
    { 4, 5, 0, -2, 15, 3, 9924 }, // U+0314
    { 4, 5, 0, -2, 15, 3, 9927 }, // U+0315
    { 6, 4, 0, -3, 0, 3, 9930 }, // U+0316
    { 6, 4, 0, -3, 0, 3, 9933 }, // U+0317
    { 3, 4, 0, -1, -1, 2, 9936 }, // U+0318
    { 3, 4, 0, -2, -1, 2, 9938 }, // U+0319
    { 5, 6, 100, 0, 17, 4, 9940 }, // U+031A
    { 5, 5, 0, -2, 16, 4, 9944 }, // U+031B
    { 3, 5, 0, -1, 0, 2, 9948 }, // U+031C
    { 4, 4, 0, -2, 0, 2, 9950 }, // U+031D
    { 4, 4, 0, -2, 0, 2, 9952 }, // U+031E
    { 4, 4, 0, -2, -1, 2, 9954 }, // U+031F
    { 4, 2, 0, -2, -2, 1, 9956 }, // U+0320
    { 5, 7, 0, -5, 2, 5, 9957 }, // U+0321
    { 5, 7, 0, 0, 2, 5, 9962 }, // U+0322
    { 3, 3, 0, -9, -2, 2, 9967 }, // U+0323
    { 7, 3, 0, -4, -1, 3, 9969 }, // U+0324
    { 5, 5, 0, -3, 0, 4, 9972 }, // U+0325
    { 3, 4, 0, 1, -2, 2, 9976 }, // U+0326
    { 6, 5, 0, 0, 0, 4, 9978 }, // U+0327
    { 5, 5, 0, 1, 0, 4, 9982 }, // U+0328
    { 2, 4, 0, -1, -1, 1, 9986 }, // U+0329
    { 7, 5, 0, -4, 0, 5, 9987 }, // U+032A
    { 7, 3, 0, -4, -1, 3, 9992 }, // U+032B
    { 9, 4, 0, -4, 0, 5, 9995 }, // U+032C
    { 8, 4, 0, -4, 0, 4, 10000 }, // U+032D
    { 8, 4, 0, -4, -1, 4, 10004 }, // U+032E
    { 8, 4, 0, -4, -1, 4, 10008 }, // U+032F
    { 8, 3, 0, -4, -1, 3, 10012 }, // U+0330
    { 7, 2, 0, -3, -2, 2, 10015 }, // U+0331
    { 10, 2, 0, -5, -1, 3, 10017 }, // U+0332
    { 9, 5, 0, -5, 0, 6, 10020 }, // U+0333
    { 8, 3, 0, -4, 7, 3, 10026 }, // U+0334
    { 7, 2, 0, 2, 8, 2, 10029 }, // U+0335
    { 15, 2, 0, 1, 13, 4, 10031 }, // U+0336
    { 7, 5, 0, 1, 11, 5, 10035 }, // U+0337
    { 10, 13, 0, 1, 13, 17, 10040 }, // U+0338
    { 3, 5, 0, -1, 0, 2, 10057 }, // U+0339
    { 7, 4, 0, -4, -1, 4, 10059 }, // U+033A
    { 8, 4, 0, -4, -1, 4, 10063 }, // U+033B
    { 8, 3, 0, -4, -1, 3, 10067 }, // U+033C
    { 4, 5, 0, -2, 17, 3, 10070 }, // U+033D
    { 2, 6, 0, -1, 18, 2, 10073 }, // U+033E
    { 9, 5, 0, -5, 21, 6, 10075 }, // U+033F
    { 6, 4, 0, -5, 17, 3, 10081 }, // U+0340
    { 6, 4, 0, -1, 17, 3, 10084 }, // U+0341
    { 8, 3, 0, -4, 16, 3, 10087 }, // U+0342
    { 3, 4, 0, -2, 17, 2, 10090 }, // U+0343
    { 11, 3, 0, -4, 16, 5, 10092 }, // U+0344
    { 4, 4, 0, -1, -1, 2, 10097 }, // U+0345
    { 9, 5, 0, -4, 17, 6, 10099 }, // U+0346
    { 9, 5, 0, -5, 0, 6, 10105 }, // U+0347
    { 6, 4, 0, -3, -1, 3, 10111 }, // U+0348
    { 4, 5, 0, -2, -1, 3, 10114 }, // U+0349
    { 8, 5, 0, -4, 17, 5, 10117 }, // U+034A
    { 9, 8, 0, -4, 20, 9, 10122 }, // U+034B
    { 8, 6, 0, -4, 19, 6, 10131 }, // U+034C
    { 8, 4, 0, -4, 0, 4, 10137 }, // U+034D
    { 3, 5, 0, -2, 0, 2, 10141 }, // U+034E
    { 15, 15, 0, -7, 15, 29, 10143 }, // U+034F
    { 4, 4, 0, -2, 17, 2, 10172 }, // U+0350
    { 3, 5, 0, -1, 18, 2, 10174 }, // U+0351
    { 8, 5, 0, -4, 18, 5, 10176 }, // U+0352
    { 4, 4, 0, -2, -1, 2, 10181 }, // U+0353
    { 4, 4, 0, -2, -1, 2, 10183 }, // U+0354
    { 4, 4, 0, -2, -1, 2, 10185 }, // U+0355
    { 8, 4, 0, -4, -1, 4, 10187 }, // U+0356
    { 3, 5, 0, -1, 18, 2, 10191 }, // U+0357
    { 3, 3, 0, 2, 16, 2, 10193 }, // U+0358
    { 4, 4, 0, -2, -1, 2, 10195 }, // U+0359
    { 7, 5, 0, -4, 0, 5, 10197 }, // U+035A
    { 4, 5, 0, -2, 17, 3, 10202 }, // U+035B
    { 16, 5, 0, -8, 0, 10, 10205 }, // U+035C
    { 16, 5, 0, -8, 18, 10, 10215 }, // U+035D
    { 13, 2, 0, -6, 15, 4, 10225 }, // U+035E
    { 13, 2, 0, -6, -1, 4, 10229 }, // U+035F
    { 16, 3, 0, -8, 16, 6, 10233 }, // U+0360
    { 16, 4, 0, -8, 19, 8, 10239 }, // U+0361
    { 17, 6, 0, -8, 0, 13, 10247 }, // U+0362
    { 4, 5, 0, -2, 18, 3, 10260 }, // U+0363
    { 5, 5, 0, -2, 18, 4, 10263 }, // U+0364
    { 2, 7, 0, -1, 20, 2, 10267 }, // U+0365
    { 5, 5, 0, -2, 18, 4, 10269 }, // U+0366
    { 5, 4, 0, -2, 17, 3, 10273 }, // U+0367
    { 4, 5, 0, -2, 18, 3, 10276 }, // U+0368
    { 5, 6, 0, -2, 19, 4, 10279 }, // U+0369
    { 5, 6, 0, -2, 19, 4, 10283 }, // U+036A
    { 7, 5, 0, -4, 18, 5, 10287 }, // U+036B
    { 3, 5, 0, -1, 18, 2, 10292 }, // U+036C
    { 4, 6, 0, -2, 19, 3, 10294 }, // U+036D
    { 5, 5, 0, -2, 18, 4, 10297 }, // U+036E
    { 6, 4, 0, -3, 17, 3, 10301 }, // U+036F
    { 11, 20, 207, 2, 20, 28, 10304 }, // U+0400
    { 11, 19, 207, 2, 19, 27, 10332 }, // U+0401
    { 16, 16, 263, 0, 16, 32, 10359 }, // U+0402
    { 11, 19, 203, 2, 19, 27, 10391 }, // U+0403
    { 14, 16, 254, 1, 16, 28, 10418 }, // U+0404
    { 12, 16, 227, 1, 16, 24, 10446 }, // U+0405
    { 3, 16, 101, 2, 16, 6, 10470 }, // U+0406
    { 7, 19, 100, -1, 19, 17, 10476 }, // U+0407
    { 11, 16, 209, 1, 16, 22, 10493 }, // U+0408
    { 21, 16, 378, 1, 16, 42, 10515 }, // U+0409
    { 20, 16, 366, 2, 16, 40, 10557 }, // U+040A
    { 16, 16, 262, 0, 16, 32, 10597 }, // U+040B
    { 12, 19, 229, 2, 19, 29, 10629 }, // U+040C
    { 12, 20, 249, 1, 20, 30, 10658 }, // U+040D
    { 12, 20, 204, 0, 20, 30, 10688 }, // U+040E
    { 11, 19, 239, 2, 16, 27, 10718 }, // U+040F
    { 15, 16, 243, 0, 16, 30, 10745 }, // U+0410
    { 11, 16, 227, 2, 16, 22, 10775 }, // U+0411
    { 12, 16, 234, 2, 16, 24, 10797 }, // U+0412
    { 11, 16, 203, 2, 16, 22, 10821 }, // U+0413
    { 16, 19, 285, 1, 16, 38, 10843 }, // U+0414
    { 11, 16, 207, 2, 16, 22, 10881 }, // U+0415
    { 21, 16, 343, 0, 16, 42, 10903 }, // U+0416
    { 13, 16, 229, 0, 16, 26, 10945 }, // U+0417
    { 12, 16, 249, 1, 16, 24, 10971 }, // U+0418
    { 12, 20, 249, 1, 20, 30, 10995 }, // U+0419
    { 12, 16, 229, 2, 16, 24, 11025 }, // U+041A
    { 14, 16, 260, 1, 16, 28, 11049 }, // U+041B
    { 16, 16, 305, 2, 16, 32, 11077 }, // U+041C
    { 12, 16, 240, 2, 16, 24, 11109 }, // U+041D
    { 14, 16, 259, 1, 16, 28, 11133 }, // U+041E
    { 12, 16, 239, 2, 16, 24, 11161 }, // U+041F
    { 11, 16, 224, 2, 16, 22, 11185 }, // U+0420
    { 13, 16, 243, 1, 16, 26, 11207 }, // U+0421
    { 12, 16, 207, 0, 16, 24, 11233 }, // U+0422
    { 12, 16, 204, 0, 16, 24, 11257 }, // U+0423
    { 16, 16, 290, 1, 16, 32, 11281 }, // U+0424
    { 14, 16, 229, 0, 16, 28, 11313 }, // U+0425
    { 14, 19, 270, 2, 16, 34, 11341 }, // U+0426
    { 12, 16, 224, 1, 16, 24, 11375 }, // U+0427
    { 17, 16, 323, 2, 16, 34, 11399 }, // U+0428
    { 19, 19, 353, 2, 16, 46, 11433 }, // U+0429
    { 13, 16, 252, 1, 16, 26, 11479 }, // U+042A
    { 16, 16, 309, 2, 16, 32, 11505 }, // U+042B
    { 11, 16, 227, 2, 16, 22, 11537 }, // U+042C
    { 14, 16, 255, 1, 16, 28, 11559 }, // U+042D
    { 19, 16, 351, 2, 16, 38, 11587 }, // U+042E
    { 13, 16, 236, 1, 16, 26, 11625 }, // U+042F
    { 11, 12, 198, 1, 12, 17, 11651 }, // U+0430
    { 11, 17, 213, 1, 17, 24, 11668 }, // U+0431
    { 10, 12, 206, 1, 12, 15, 11692 }, // U+0432
    { 9, 12, 166, 1, 12, 14, 11707 }, // U+0433
    { 14, 15, 247, 1, 12, 27, 11721 }, // U+0434
    { 11, 12, 202, 1, 12, 17, 11748 }, // U+0435
    { 19, 12, 330, 1, 12, 29, 11765 }, // U+0436
    { 10, 12, 188, 0, 12, 15, 11794 }, // U+0437
    { 10, 12, 199, 1, 12, 15, 11809 }, // U+0438
    { 10, 16, 199, 1, 16, 20, 11824 }, // U+0439
    { 11, 12, 217, 1, 12, 17, 11844 }, // U+043A
    { 12, 12, 227, 0, 12, 18, 11861 }, // U+043B
    { 13, 12, 250, 1, 12, 20, 11879 }, // U+043C
    { 10, 12, 200, 1, 12, 15, 11899 }, // U+043D
    { 11, 12, 206, 1, 12, 17, 11914 }, // U+043E
    { 10, 12, 205, 1, 12, 15, 11931 }, // U+043F
    { 11, 15, 211, 1, 12, 21, 11946 }, // U+0440
    { 11, 12, 199, 1, 12, 17, 11967 }, // U+0441
    { 11, 12, 195, 1, 12, 17, 11984 }, // U+0442
    { 11, 15, 195, 0, 12, 21, 12001 }, // U+0443
    { 13, 19, 241, 1, 16, 31, 12022 }, // U+0444
    { 12, 12, 217, 1, 12, 18, 12053 }, // U+0445
    { 12, 15, 237, 1, 12, 23, 12071 }, // U+0446
    { 11, 12, 216, 1, 12, 17, 12094 }, // U+0447
    { 15, 12, 287, 1, 12, 23, 12111 }, // U+0448
    { 17, 15, 316, 1, 12, 32, 12134 }, // U+0449
    { 12, 12, 224, 0, 12, 18, 12166 }, // U+044A
    { 15, 12, 290, 1, 12, 23, 12184 }, // U+044B
    { 10, 12, 203, 1, 12, 15, 12207 }, // U+044C
    { 11, 12, 203, 1, 12, 17, 12222 }, // U+044D
    { 16, 12, 287, 1, 12, 24, 12239 }, // U+044E
    { 10, 12, 208, 2, 12, 15, 12263 }, // U+044F
    { 11, 15, 202, 1, 15, 21, 12278 }, // U+0450
    { 11, 16, 202, 1, 16, 22, 12299 }, // U+0451
    { 12, 19, 217, 0, 16, 29, 12321 }, // U+0452
    { 9, 16, 166, 1, 16, 18, 12350 }, // U+0453
    { 11, 12, 203, 1, 12, 17, 12368 }, // U+0454
    { 10, 12, 190, 1, 12, 15, 12385 }, // U+0455
    { 3, 16, 94, 1, 16, 6, 12400 }, // U+0456
    { 7, 16, 94, -1, 16, 14, 12406 }, // U+0457
    { 6, 19, 110, 0, 16, 15, 12420 }, // U+0458
    { 19, 12, 337, 0, 12, 29, 12435 }, // U+0459
    { 17, 12, 310, 1, 12, 26, 12464 }, // U+045A
    { 12, 16, 204, 0, 16, 24, 12490 }, // U+045B
    { 11, 16, 217, 1, 16, 22, 12514 }, // U+045C
    { 10, 16, 199, 1, 16, 20, 12536 }, // U+045D
    { 11, 19, 195, 1, 16, 27, 12556 }, // U+045E
    { 11, 15, 205, 1, 12, 21, 12583 }, // U+045F
    { 19, 15, 318, 1, 15, 36, 12604 }, // U+0460
    { 17, 12, 295, 1, 12, 26, 12640 }, // U+0461
    { 13, 16, 249, 1, 16, 26, 12666 }, // U+0462
    { 12, 16, 231, 1, 16, 24, 12692 }, // U+0463
    { 17, 15, 317, 2, 15, 32, 12716 }, // U+0464
    { 15, 12, 268, 2, 12, 23, 12748 }, // U+0465
    { 15, 15, 243, 0, 15, 29, 12771 }, // U+0466
    { 13, 12, 213, 0, 12, 20, 12800 }, // U+0467
    { 19, 15, 335, 2, 15, 36, 12820 }, // U+0468
    { 17, 12, 301, 2, 12, 26, 12856 }, // U+0469
    { 14, 16, 249, 1, 16, 28, 12882 }, // U+046A
    { 14, 12, 252, 1, 12, 21, 12910 }, // U+046B
    { 20, 15, 358, 2, 15, 38, 12931 }, // U+046C
    { 17, 12, 293, 2, 12, 26, 12969 }, // U+046D
    { 12, 23, 211, 1, 19, 35, 12995 }, // U+046E
    { 10, 19, 185, 1, 15, 24, 13030 }, // U+046F
    { 15, 15, 294, 2, 15, 29, 13054 }, // U+0470
    { 15, 21, 281, 1, 16, 40, 13083 }, // U+0471
    { 14, 16, 259, 1, 16, 28, 13123 }, // U+0472
    { 11, 12, 206, 1, 12, 17, 13151 }, // U+0473
    { 15, 16, 258, 1, 16, 30, 13168 }, // U+0474
    { 12, 12, 214, 1, 12, 18, 13198 }, // U+0475
    { 15, 20, 239, 0, 20, 38, 13216 }, // U+0476
    { 13, 16, 202, 0, 16, 26, 13254 }, // U+0477
    { 26, 20, 440, 1, 15, 65, 13280 }, // U+0478
    { 24, 17, 392, 1, 12, 51, 13345 }, // U+0479
    { 15, 18, 277, 1, 17, 34, 13396 }, // U+047A
    { 12, 14, 228, 1, 13, 21, 13430 }, // U+047B
    { 20, 23, 363, 1, 23, 58, 13451 }, // U+047C
    { 17, 20, 319, 1, 20, 43, 13509 }, // U+047D
    { 19, 20, 319, 1, 20, 48, 13552 }, // U+047E
    { 17, 15, 295, 1, 15, 32, 13600 }, // U+047F
    { 13, 20, 226, 1, 15, 33, 13632 }, // U+0480
    { 9, 17, 175, 1, 12, 20, 13665 }, // U+0481
    { 11, 14, 203, 1, 14, 20, 13685 }, // U+0482
    { 8, 4, 0, -10, 16, 4, 13705 }, // U+0483
    { 8, 3, 0, -9, 16, 3, 13709 }, // U+0484
    { 3, 4, 0, -7, 17, 2, 13712 }, // U+0485
    { 3, 4, 0, -7, 17, 2, 13714 }, // U+0486
    { 8, 3, 0, -4, 19, 3, 13716 }, // U+0487
    { 24, 22, 0, -12, 17, 66, 13719 }, // U+0488
    { 23, 24, 0, -11, 18, 69, 13785 }, // U+0489
    { 17, 25, 305, 2, 21, 54, 13854 }, // U+048A
    { 15, 21, 267, 2, 17, 40, 13908 }, // U+048B
    { 12, 15, 213, 1, 15, 23, 13948 }, // U+048C
    { 12, 17, 205, 1, 17, 26, 13971 }, // U+048D
    { 10, 15, 209, 2, 15, 19, 13997 }, // U+048E
    { 11, 17, 211, 2, 12, 24, 14016 }, // U+048F
    { 10, 19, 190, 2, 19, 24, 14040 }, // U+0490
    { 8, 16, 156, 1, 16, 16, 14064 }, // U+0491
    { 13, 16, 221, 1, 16, 26, 14080 }, // U+0492
    { 10, 12, 182, 1, 12, 15, 14106 }, // U+0493
    { 12, 20, 245, 2, 15, 30, 14121 }, // U+0494
    { 10, 17, 201, 2, 12, 22, 14151 }, // U+0495
    { 22, 19, 360, 0, 16, 53, 14173 }, // U+0496
    { 19, 15, 336, 1, 12, 36, 14226 }, // U+0497
    { 11, 20, 198, 0, 15, 28, 14262 }, // U+0498
    { 9, 17, 172, 0, 12, 20, 14290 }, // U+0499
    { 14, 19, 247, 2, 16, 34, 14310 }, // U+049A
    { 12, 15, 227, 1, 12, 23, 14344 }, // U+049B
    { 12, 15, 223, 2, 15, 23, 14367 }, // U+049C
    { 11, 12, 206, 2, 12, 17, 14390 }, // U+049D
    { 14, 15, 231, 1, 15, 27, 14407 }, // U+049E
    { 13, 16, 209, 1, 16, 26, 14434 }, // U+049F
    { 16, 15, 244, 0, 15, 30, 14460 }, // U+04A0
    { 15, 12, 232, 0, 12, 23, 14490 }, // U+04A1
    { 14, 19, 263, 2, 16, 34, 14513 }, // U+04A2
    { 12, 15, 231, 1, 12, 23, 14547 }, // U+04A3
    { 16, 15, 278, 2, 15, 30, 14570 }, // U+04A4
    { 14, 12, 253, 2, 12, 21, 14600 }, // U+04A5
    { 20, 20, 375, 2, 15, 50, 14621 }, // U+04A6
    { 16, 17, 296, 2, 12, 34, 14671 }, // U+04A7
    { 15, 15, 259, 1, 15, 29, 14705 }, // U+04A8
    { 12, 12, 219, 1, 12, 18, 14734 }, // U+04A9
    { 12, 20, 214, 1, 15, 30, 14752 }, // U+04AA
    { 9, 17, 172, 1, 12, 20, 14782 }, // U+04AB
    { 11, 19, 193, 1, 15, 27, 14802 }, // U+04AC
    { 11, 16, 183, 1, 12, 22, 14829 }, // U+04AD
    { 13, 16, 210, 0, 16, 26, 14851 }, // U+04AE
    { 11, 15, 203, 1, 12, 21, 14877 }, // U+04AF
    { 13, 16, 233, 0, 16, 26, 14898 }, // U+04B0
    { 11, 15, 203, 1, 12, 21, 14924 }, // U+04B1
    { 15, 19, 252, 0, 16, 36, 14945 }, // U+04B2
    { 12, 15, 231, 1, 12, 23, 14981 }, // U+04B3
    { 19, 20, 310, 1, 15, 48, 15004 }, // U+04B4
    { 16, 16, 264, 1, 12, 32, 15052 }, // U+04B5
    { 13, 19, 247, 1, 16, 31, 15084 }, // U+04B6
    { 13, 15, 241, 1, 12, 25, 15115 }, // U+04B7
    { 12, 15, 245, 1, 15, 23, 15140 }, // U+04B8
    { 11, 12, 220, 1, 12, 17, 15163 }, // U+04B9
    { 12, 16, 224, 2, 16, 24, 15180 }, // U+04BA
    { 10, 16, 204, 1, 16, 20, 15204 }, // U+04BB
    { 18, 15, 316, 0, 15, 34, 15224 }, // U+04BC
    { 14, 12, 236, 0, 12, 21, 15258 }, // U+04BD
    { 18, 19, 316, 0, 15, 43, 15279 }, // U+04BE
    { 14, 16, 236, 0, 12, 28, 15322 }, // U+04BF
    { 3, 16, 100, 2, 16, 6, 15350 }, // U+04C0
    { 21, 21, 333, 0, 21, 56, 15356 }, // U+04C1
    { 19, 17, 289, 0, 17, 41, 15412 }, // U+04C2
    { 13, 20, 253, 2, 15, 33, 15453 }, // U+04C3
    { 11, 17, 218, 2, 12, 24, 15486 }, // U+04C4
    { 17, 19, 279, 0, 15, 41, 15510 }, // U+04C5
    { 15, 16, 242, 0, 12, 30, 15551 }, // U+04C6
    { 12, 20, 255, 2, 15, 30, 15581 }, // U+04C7
    { 10, 17, 221, 2, 12, 22, 15611 }, // U+04C8
    { 15, 19, 286, 2, 15, 36, 15633 }, // U+04C9
    { 13, 16, 248, 2, 12, 26, 15669 }, // U+04CA
    { 12, 19, 245, 1, 15, 29, 15695 }, // U+04CB
    { 11, 16, 219, 1, 12, 22, 15724 }, // U+04CC
    { 19, 19, 345, 2, 15, 46, 15746 }, // U+04CD
    { 17, 16, 309, 2, 12, 34, 15792 }, // U+04CE
    { 3, 16, 99, 2, 16, 6, 15826 }, // U+04CF
    { 14, 20, 231, 0, 20, 35, 15832 }, // U+04D0
    { 10, 17, 200, 1, 17, 22, 15867 }, // U+04D1
    { 15, 20, 231, -1, 20, 38, 15889 }, // U+04D2
    { 10, 16, 200, 1, 16, 20, 15927 }, // U+04D3
    { 19, 15, 317, 0, 15, 36, 15947 }, // U+04D4
    { 17, 12, 306, 1, 12, 26, 15983 }, // U+04D5
    { 9, 20, 187, 2, 20, 23, 16009 }, // U+04D6
    { 11, 17, 199, 1, 17, 24, 16032 }, // U+04D7
    { 14, 16, 252, 1, 16, 28, 16056 }, // U+04D8
    { 11, 12, 202, 1, 12, 17, 16084 }, // U+04D9
    { 14, 20, 272, 2, 20, 35, 16101 }, // U+04DA
    { 10, 17, 199, 1, 17, 22, 16136 }, // U+04DB
    { 21, 20, 333, 0, 20, 53, 16158 }, // U+04DC
    { 17, 16, 289, 0, 16, 34, 16211 }, // U+04DD
    { 11, 20, 198, 0, 20, 28, 16245 }, // U+04DE
    { 9, 17, 172, 0, 17, 20, 16273 }, // U+04DF
    { 11, 15, 197, 0, 15, 21, 16293 }, // U+04E0
    { 11, 17, 194, 0, 12, 24, 16314 }, // U+04E1
    { 12, 19, 249, 1, 19, 29, 16338 }, // U+04E2
    { 10, 16, 199, 1, 16, 20, 16367 }, // U+04E3
    { 13, 20, 264, 2, 20, 33, 16387 }, // U+04E4
    { 11, 16, 225, 2, 16, 22, 16420 }, // U+04E5
    { 14, 20, 264, 1, 20, 35, 16442 }, // U+04E6
    { 11, 17, 208, 1, 17, 24, 16477 }, // U+04E7
    { 14, 16, 259, 1, 16, 28, 16501 }, // U+04E8
    { 11, 12, 207, 1, 12, 17, 16529 }, // U+04E9
    { 14, 20, 264, 1, 20, 35, 16546 }, // U+04EA
    { 11, 17, 208, 1, 17, 24, 16581 }, // U+04EB
    { 11, 20, 217, 1, 20, 28, 16605 }, // U+04EC
    { 10, 17, 175, 0, 17, 22, 16633 }, // U+04ED
    { 12, 19, 204, 0, 19, 29, 16655 }, // U+04EE
    { 11, 19, 195, 1, 16, 27, 16684 }, // U+04EF
    { 13, 20, 215, 0, 20, 33, 16711 }, // U+04F0
    { 11, 22, 190, 0, 17, 31, 16744 }, // U+04F1
    { 13, 20, 215, 0, 20, 33, 16775 }, // U+04F2
    { 12, 21, 190, 0, 16, 32, 16808 }, // U+04F3
    { 12, 20, 240, 1, 20, 30, 16840 }, // U+04F4
    { 10, 16, 212, 1, 16, 20, 16870 }, // U+04F5
    { 10, 19, 187, 2, 15, 24, 16890 }, // U+04F6
    { 8, 16, 159, 2, 12, 16, 16914 }, // U+04F7
    { 15, 20, 307, 2, 20, 38, 16930 }, // U+04F8
    { 14, 16, 285, 2, 16, 28, 16968 }, // U+04F9
    { 11, 20, 186, 1, 15, 28, 16996 }, // U+04FA
    { 10, 17, 164, 1, 12, 22, 17024 }, // U+04FB
    { 15, 20, 243, 0, 15, 38, 17046 }, // U+04FC
    { 13, 17, 215, 0, 12, 28, 17084 }, // U+04FD
    { 14, 15, 223, 0, 15, 27, 17112 }, // U+04FE
    { 12, 12, 193, 0, 12, 18, 17139 }, // U+04FF
    { 13, 13, 223, 0, 13, 22, 17157 }, // U+05D0
    { 12, 13, 192, 0, 13, 20, 17179 }, // U+05D1
    { 9, 13, 143, 0, 13, 15, 17199 }, // U+05D2
    { 11, 13, 186, 0, 13, 18, 17214 }, // U+05D3
    { 11, 13, 216, 1, 13, 18, 17232 }, // U+05D4
    { 6, 13, 118, 0, 13, 10, 17250 }, // U+05D5
    { 7, 13, 129, 1, 13, 12, 17260 }, // U+05D6
    { 13, 13, 225, 0, 13, 22, 17272 }, // U+05D7
    { 12, 13, 217, 1, 13, 20, 17294 }, // U+05D8
    { 6, 8, 117, 0, 13, 6, 17314 }, // U+05D9
    { 10, 17, 185, 1, 13, 22, 17320 }, // U+05DA
    { 10, 13, 170, 0, 13, 17, 17342 }, // U+05DB
    { 11, 16, 185, 1, 16, 22, 17359 }, // U+05DC
    { 13, 13, 227, 1, 13, 22, 17381 }, // U+05DD
    { 14, 13, 235, 0, 13, 23, 17403 }, // U+05DE
    { 6, 17, 119, 0, 13, 13, 17426 }, // U+05DF
    { 7, 13, 136, 0, 13, 12, 17439 }, // U+05E0
    { 12, 13, 226, 1, 13, 20, 17451 }, // U+05E1
    { 12, 14, 210, 1, 13, 21, 17471 }, // U+05E2
    { 12, 17, 215, 1, 13, 26, 17492 }, // U+05E3
    { 12, 13, 208, 1, 13, 20, 17518 }, // U+05E4
    { 12, 17, 201, 0, 13, 26, 17538 }, // U+05E5
    { 11, 13, 199, 1, 13, 18, 17564 }, // U+05E6
    { 12, 17, 216, 1, 13, 26, 17582 }, // U+05E7
    { 9, 13, 176, 1, 13, 15, 17608 }, // U+05E8
    { 14, 13, 262, 1, 13, 23, 17623 }, // U+05E9
    { 13, 13, 237, 1, 13, 22, 17646 }, // U+05EA
    { 4, 6, 115, 1, 6, 3, 17668 }, // U+060C
    { 4, 14, 110, 1, 14, 7, 17671 }, // U+061B
    { 10, 15, 158, 0, 15, 19, 17678 }, // U+061F
    { 10, 11, 168, 0, 10, 14, 17697 }, // U+0621
    { 8, 3, 97, 0, 3, 3, 17711 }, // U+0640
    { 6, 5, 186, 3, 9, 4, 17714 }, // U+0660
    { 6, 14, 186, 3, 14, 11, 17718 }, // U+0661
    { 11, 14, 186, 0, 14, 20, 17729 }, // U+0662
    { 12, 14, 186, 0, 14, 21, 17749 }, // U+0663
    { 9, 15, 186, 1, 15, 17, 17770 }, // U+0664
    { 10, 11, 186, 1, 11, 14, 17787 }, // U+0665
    { 10, 15, 186, 1, 15, 19, 17801 }, // U+0666
    { 12, 15, 186, 0, 15, 23, 17820 }, // U+0667
    { 12, 15, 186, 0, 14, 23, 17843 }, // U+0668
    { 10, 14, 186, 1, 14, 18, 17866 }, // U+0669
    { 14, 13, 248, 0, 8, 23, 17884 }, // U+06BA
    { 5, 2, 108, 1, 2, 2, 17907 }, // U+06D4
    { 6, 5, 186, 3, 9, 4, 17909 }, // U+06F0
    { 6, 14, 186, 3, 14, 11, 17913 }, // U+06F1
    { 11, 14, 186, 0, 14, 20, 17924 }, // U+06F2
    { 12, 14, 186, 0, 14, 21, 17944 }, // U+06F3
    { 11, 14, 186, 0, 14, 20, 17965 }, // U+06F4
    { 12, 14, 186, 0, 14, 21, 17985 }, // U+06F5
    { 10, 15, 186, 1, 14, 19, 18006 }, // U+06F6
    { 12, 15, 186, 0, 15, 23, 18025 }, // U+06F7
    { 12, 15, 186, 0, 14, 23, 18048 }, // U+06F8
    { 10, 14, 186, 1, 14, 18, 18071 }, // U+06F9
    { 14, 19, 231, -1, 15, 34, 18089 }, // U+1EA0
    { 10, 16, 200, 1, 12, 20, 18123 }, // U+1EA1
    { 15, 22, 231, 0, 22, 42, 18143 }, // U+1EA2
    { 10, 18, 200, 1, 18, 23, 18185 }, // U+1EA3
    { 14, 21, 231, 0, 21, 37, 18208 }, // U+1EA4
    { 12, 17, 200, 1, 17, 26, 18245 }, // U+1EA5
    { 14, 21, 231, 0, 21, 37, 18271 }, // U+1EA6
    { 11, 17, 200, 0, 17, 24, 18308 }, // U+1EA7
    { 14, 23, 231, 0, 23, 41, 18332 }, // U+1EA8
    { 12, 19, 200, 1, 19, 29, 18373 }, // U+1EA9
    { 14, 23, 231, 0, 23, 41, 18402 }, // U+1EAA
    { 10, 19, 200, 1, 19, 24, 18443 }, // U+1EAB
    { 14, 24, 231, -1, 20, 42, 18467 }, // U+1EAC
    { 10, 20, 200, 1, 16, 25, 18509 }, // U+1EAD
    { 14, 22, 231, 0, 22, 39, 18534 }, // U+1EAE
    { 10, 18, 200, 1, 18, 23, 18573 }, // U+1EAF
    { 14, 22, 231, 0, 22, 39, 18596 }, // U+1EB0
    { 10, 18, 200, 1, 18, 23, 18635 }, // U+1EB1
    { 15, 22, 231, 0, 22, 42, 18658 }, // U+1EB2
    { 10, 19, 200, 1, 19, 24, 18700 }, // U+1EB3
    { 14, 23, 231, 0, 23, 41, 18724 }, // U+1EB4
    { 10, 19, 200, 1, 19, 24, 18765 }, // U+1EB5
    { 15, 25, 231, 0, 21, 47, 18789 }, // U+1EB6
    { 10, 20, 200, 1, 16, 25, 18836 }, // U+1EB7
    { 9, 19, 187, 2, 15, 22, 18861 }, // U+1EB8
    { 11, 16, 199, 1, 12, 22, 18883 }, // U+1EB9
    { 9, 22, 187, 2, 22, 25, 18905 }, // U+1EBA
    { 11, 18, 199, 1, 18, 25, 18930 }, // U+1EBB
    { 11, 20, 207, 2, 20, 28, 18955 }, // U+1EBC
    { 11, 16, 202, 1, 16, 22, 18983 }, // U+1EBD
    { 10, 21, 187, 2, 21, 27, 19005 }, // U+1EBE
    { 13, 18, 199, 1, 18, 30, 19032 }, // U+1EBF
    { 12, 21, 187, -1, 21, 32, 19062 }, // U+1EC0
    { 12, 18, 199, 0, 18, 27, 19094 }, // U+1EC1
    { 10, 23, 187, 2, 23, 29, 19121 }, // U+1EC2
    { 12, 19, 199, 1, 19, 29, 19150 }, // U+1EC3
    { 9, 23, 187, 2, 23, 26, 19179 }, // U+1EC4
    { 11, 19, 199, 1, 19, 27, 19205 }, // U+1EC5
    { 9, 24, 187, 2, 20, 27, 19232 }, // U+1EC6
    { 11, 20, 199, 1, 16, 28, 19259 }, // U+1EC7
    { 7, 22, 130, 1, 22, 20, 19287 }, // U+1EC8
    { 6, 18, 100, 1, 18, 14, 19307 }, // U+1EC9
    { 7, 19, 130, 1, 15, 17, 19321 }, // U+1ECA
    { 3, 20, 100, 2, 16, 8, 19338 }, // U+1ECB
    { 15, 19, 264, 1, 15, 36, 19346 }, // U+1ECC
    { 11, 16, 208, 1, 12, 22, 19382 }, // U+1ECD
    { 14, 22, 264, 1, 22, 39, 19404 }, // U+1ECE
    { 11, 18, 208, 1, 18, 25, 19443 }, // U+1ECF
    { 14, 21, 264, 1, 21, 37, 19468 }, // U+1ED0
    { 12, 18, 208, 1, 18, 27, 19505 }, // U+1ED1
    { 14, 21, 264, 1, 21, 37, 19532 }, // U+1ED2
    { 12, 18, 208, 0, 18, 27, 19569 }, // U+1ED3
    { 14, 23, 264, 1, 23, 41, 19596 }, // U+1ED4
    { 12, 19, 208, 1, 19, 29, 19637 }, // U+1ED5
    { 14, 23, 264, 1, 23, 41, 19666 }, // U+1ED6
    { 11, 19, 208, 1, 19, 27, 19707 }, // U+1ED7
    { 15, 25, 264, 1, 21, 47, 19734 }, // U+1ED8
    { 11, 20, 208, 1, 16, 28, 19781 }, // U+1ED9
    { 16, 21, 274, 1, 21, 42, 19809 }, // U+1EDA
    { 14, 16, 227, 1, 16, 28, 19851 }, // U+1EDB
    { 16, 21, 274, 1, 21, 42, 19879 }, // U+1EDC
    { 14, 16, 227, 1, 16, 28, 19921 }, // U+1EDD
    { 16, 22, 274, 1, 22, 44, 19949 }, // U+1EDE
    { 14, 18, 227, 1, 18, 32, 19993 }, // U+1EDF
    { 16, 20, 274, 1, 20, 40, 20025 }, // U+1EE0
    { 14, 16, 227, 1, 16, 28, 20065 }, // U+1EE1
    { 16, 20, 274, 1, 16, 40, 20093 }, // U+1EE2
    { 14, 18, 227, 1, 14, 32, 20133 }, // U+1EE3
    { 12, 19, 252, 2, 15, 29, 20165 }, // U+1EE4
    { 10, 16, 217, 1, 12, 20, 20194 }, // U+1EE5
    { 12, 22, 252, 2, 22, 33, 20214 }, // U+1EE6
    { 10, 18, 217, 1, 18, 23, 20247 }, // U+1EE7
    { 17, 21, 295, 2, 21, 45, 20270 }, // U+1EE8
    { 15, 16, 252, 1, 16, 30, 20315 }, // U+1EE9
    { 17, 21, 295, 2, 21, 45, 20345 }, // U+1EEA
    { 15, 16, 252, 1, 16, 30, 20390 }, // U+1EEB
    { 17, 22, 295, 2, 22, 47, 20420 }, // U+1EEC
    { 15, 18, 252, 1, 18, 34, 20467 }, // U+1EED
    { 17, 20, 295, 2, 20, 43, 20501 }, // U+1EEE
    { 15, 16, 252, 1, 16, 30, 20544 }, // U+1EEF
    { 17, 20, 295, 2, 16, 43, 20574 }, // U+1EF0
    { 15, 18, 252, 1, 14, 34, 20617 }, // U+1EF1
    { 13, 20, 210, 0, 20, 33, 20651 }, // U+1EF2
    { 11, 20, 195, 0, 17, 28, 20684 }, // U+1EF3
    { 13, 19, 209, 0, 15, 31, 20712 }, // U+1EF4
    { 12, 17, 190, 0, 12, 26, 20743 }, // U+1EF5
    { 13, 22, 209, 0, 22, 36, 20769 }, // U+1EF6
    { 12, 23, 190, 0, 18, 35, 20805 }, // U+1EF7
    { 13, 20, 210, 0, 20, 33, 20840 }, // U+1EF8
    { 12, 19, 195, 0, 16, 29, 20873 }, // U+1EF9
    { 1, 1, 167, 0, 1, 1, 20902 }, // U+2000
    { 1, 1, 333, 0, 1, 1, 20903 }, // U+2001
    { 1, 1, 167, 0, 1, 1, 20904 }, // U+2002
    { 1, 1, 333, 0, 1, 1, 20905 }, // U+2003
    { 1, 1, 111, 0, 1, 1, 20906 }, // U+2004
    { 1, 1, 83, 0, 1, 1, 20907 }, // U+2005
    { 1, 1, 56, 0, 1, 1, 20908 }, // U+2006
    { 1, 1, 191, 0, 1, 1, 20909 }, // U+2007
    { 1, 1, 94, 0, 1, 1, 20910 }, // U+2008
    { 1, 1, 55, 0, 1, 1, 20911 }, // U+2009
    { 1, 1, 33, 0, 1, 1, 20912 }, // U+200A
    { 1, 1, 0, 0, 1, 1, 20913 }, // U+200B
    { 1, 1, 0, 0, 1, 1, 20914 }, // U+200C
    { 1, 1, 0, 0, 1, 1, 20915 }, // U+200D
    { 5, 18, 0, 0, 15, 12, 20916 }, // U+200E
    { 5, 18, 0, -4, 15, 12, 20928 }, // U+200F
    { 5, 2, 107, 1, 6, 2, 20940 }, // U+2010
    { 5, 2, 107, 1, 6, 2, 20942 }, // U+2011
    { 10, 2, 192, 1, 8, 3, 20944 }, // U+2012
    { 11, 2, 198, 1, 7, 3, 20947 }, // U+2013
    { 17, 2, 304, 1, 7, 5, 20950 }, // U+2014
    { 19, 2, 333, 1, 7, 5, 20955 }, // U+2015
    { 8, 21, 184, 2, 16, 21, 20960 }, // U+2016
    { 9, 5, 137, 0, 0, 6, 20981 }, // U+2017
    { 3, 7, 82, 1, 16, 3, 20987 }, // U+2018
    { 3, 6, 82, 1, 16, 3, 20990 }, // U+2019
    { 3, 5, 79, 1, 2, 2, 20993 }, // U+201A
    { 4, 5, 72, 0, 15, 3, 20995 }, // U+201B
    { 8, 7, 154, 1, 16, 7, 20998 }, // U+201C
    { 8, 6, 154, 1, 16, 6, 21005 }, // U+201D
    { 8, 5, 151, 1, 2, 5, 21011 }, // U+201E
    { 9, 5, 148, 0, 15, 6, 21016 }, // U+201F
    { 9, 16, 195, 2, 16, 18, 21022 }, // U+2020
    { 9, 16, 195, 2, 16, 18, 21040 }, // U+2021
    { 6, 6, 121, 1, 10, 5, 21058 }, // U+2022
    { 6, 8, 125, 1, 12, 6, 21063 }, // U+2023
    { 3, 3, 167, 3, 3, 2, 21069 }, // U+2024
    { 9, 3, 192, 1, 3, 4, 21071 }, // U+2025
    { 13, 2, 232, 1, 2, 4, 21075 }, // U+2026
    { 3, 3, 94, 1, 7, 2, 21079 }, // U+2027
    { 1, 1, 200, 0, 1, 1, 21081 }, // U+2028
    { 1, 1, 200, 0, 1, 1, 21082 }, // U+2029
    { 5, 16, 0, 0, 13, 10, 21083 }, // U+202A
    { 5, 16, 0, -4, 13, 10, 21093 }, // U+202B
    { 5, 17, 0, -2, 14, 11, 21103 }, // U+202C
    { 5, 18, 0, -2, 15, 12, 21114 }, // U+202D
    { 5, 18, 0, -2, 15, 12, 21126 }, // U+202E
    { 1, 1, 55, 0, 1, 1, 21138 }, // U+202F
    { 24, 16, 403, 1, 16, 48, 21139 }, // U+2030
    { 34, 15, 556, 1, 15, 64, 21187 }, // U+2031
    { 3, 5, 85, 1, 16, 2, 21251 }, // U+2032
    { 7, 5, 145, 1, 16, 5, 21253 }, // U+2033
    { 15, 5, 248, 1, 15, 10, 21258 }, // U+2034
    { 6, 6, 141, 1, 15, 5, 21268 }, // U+2035
    { 10, 5, 214, 1, 15, 7, 21273 }, // U+2036
    { 15, 5, 288, 1, 15, 10, 21280 }, // U+2037
    { 8, 7, 136, 0, 2, 7, 21290 }, // U+2038
    { 6, 9, 127, 1, 11, 7, 21297 }, // U+2039
    { 6, 9, 127, 1, 11, 7, 21304 }, // U+203A
    { 15, 15, 283, 1, 15, 29, 21311 }, // U+203B
    { 9, 15, 190, 1, 15, 17, 21340 }, // U+203C
    { 10, 15, 159, 0, 15, 19, 21357 }, // U+203D
    { 11, 2, 167, 0, 18, 3, 21376 }, // U+203E
    { 12, 5, 203, 0, 0, 8, 21379 }, // U+203F
    { 12, 5, 203, 0, 18, 8, 21387 }, // U+2040
    { 8, 14, 141, 0, 9, 14, 21395 }, // U+2041
    { 23, 20, 373, 0, 16, 58, 21409 }, // U+2042
    { 5, 2, 107, 1, 6, 2, 21467 }, // U+2043
    { 12, 16, 55, -4, 16, 24, 21469 }, // U+2044
    { 5, 18, 110, 2, 15, 12, 21493 }, // U+2045
    { 6, 18, 110, 0, 15, 14, 21505 }, // U+2046
    { 20, 15, 316, 1, 15, 38, 21519 }, // U+2047
    { 14, 15, 254, 1, 15, 27, 21557 }, // U+2048
    { 14, 15, 254, 1, 15, 27, 21584 }, // U+2049
    { 10, 12, 196, 1, 12, 15, 21611 }, // U+204A
    { 11, 19, 216, 2, 16, 27, 21626 }, // U+204B
    { 11, 11, 218, 1, 12, 16, 21653 }, // U+204C
    { 11, 11, 218, 2, 12, 16, 21669 }, // U+204D
    { 10, 10, 181, 1, 6, 13, 21685 }, // U+204E
    { 4, 14, 95, 1, 12, 7, 21698 }, // U+204F
    { 12, 23, 200, 0, 18, 35, 21705 }, // U+2050
    { 10, 21, 181, 1, 16, 27, 21740 }, // U+2051
    { 8, 15, 141, 1, 15, 15, 21767 }, // U+2052
    { 19, 3, 333, 1, 7, 8, 21782 }, // U+2053
    { 12, 5, 200, 0, 0, 8, 21790 }, // U+2054
    { 10, 11, 187, 1, 11, 14, 21798 }, // U+2055
    { 9, 15, 193, 1, 15, 17, 21812 }, // U+2056
    { 19, 5, 312, 1, 15, 12, 21829 }, // U+2057
    { 15, 15, 291, 1, 15, 29, 21841 }, // U+2058
    { 15, 15, 291, 1, 15, 29, 21870 }, // U+2059
    { 3, 15, 95, 1, 15, 6, 21899 }, // U+205A
    { 13, 17, 231, 1, 17, 28, 21905 }, // U+205B
    { 16, 17, 284, 1, 16, 34, 21933 }, // U+205C
    { 3, 16, 94, 1, 16, 6, 21967 }, // U+205D
    { 3, 15, 95, 1, 15, 6, 21973 }, // U+205E
    { 1, 1, 74, 0, 1, 1, 21979 }, // U+205F
    { 1, 1, 200, 0, 1, 1, 21980 }, // U+2060
    { 1, 1, 200, 0, 1, 1, 21981 }, // U+2061
    { 1, 1, 200, 0, 1, 1, 21982 }, // U+2062
    { 1, 1, 200, 0, 1, 1, 21983 }, // U+2063
    { 1, 1, 200, 0, 1, 1, 21984 }, // U+2064
    { 1, 1, 0, 0, 1, 1, 21985 }, // U+2066
    { 1, 1, 0, 0, 1, 1, 21986 }, // U+2067
    { 1, 1, 0, 0, 1, 1, 21987 }, // U+2068
    { 1, 1, 0, 0, 1, 1, 21988 }, // U+2069
    { 5, 18, 0, -2, 15, 12, 21989 }, // U+206A
    { 5, 18, 0, -2, 15, 12, 22001 }, // U+206B
    { 5, 18, 0, -2, 15, 12, 22013 }, // U+206C
    { 5, 18, 0, -2, 15, 12, 22025 }, // U+206D
    { 5, 18, 0, -2, 15, 12, 22037 }, // U+206E
    { 5, 18, 0, -2, 15, 12, 22049 }, // U+206F
    { 7, 8, 142, 1, 15, 7, 22061 }, // U+2070
    { 2, 10, 65, 1, 16, 3, 22068 }, // U+2071
    { 7, 8, 120, 1, 15, 7, 22071 }, // U+2074
    { 6, 8, 127, 1, 15, 6, 22078 }, // U+2075
    { 7, 8, 134, 1, 15, 7, 22084 }, // U+2076
    { 6, 8, 105, 1, 15, 6, 22091 }, // U+2077
    { 7, 8, 129, 1, 15, 7, 22097 }, // U+2078
    { 7, 8, 134, 1, 15, 7, 22104 }, // U+2079
    { 6, 6, 120, 1, 15, 5, 22111 }, // U+207A
    { 6, 1, 120, 1, 13, 1, 22116 }, // U+207B
    { 6, 4, 120, 1, 15, 3, 22117 }, // U+207C
    { 4, 11, 81, 1, 18, 6, 22120 }, // U+207D
    { 4, 11, 81, 0, 18, 6, 22126 }, // U+207E
    { 7, 7, 141, 1, 13, 7, 22132 }, // U+207F
    { 7, 8, 142, 1, 6, 7, 22139 }, // U+2080
    { 4, 8, 94, 1, 6, 4, 22146 }, // U+2081
    { 6, 8, 124, 1, 6, 6, 22150 }, // U+2082
    { 6, 8, 123, 1, 6, 6, 22156 }, // U+2083
    { 7, 8, 120, 1, 6, 7, 22162 }, // U+2084
    { 6, 8, 127, 1, 6, 6, 22169 }, // U+2085
    { 7, 8, 134, 1, 6, 7, 22175 }, // U+2086
    { 6, 8, 105, 1, 6, 6, 22182 }, // U+2087
    { 7, 8, 129, 1, 6, 7, 22188 }, // U+2088
    { 7, 8, 134, 1, 6, 7, 22195 }, // U+2089
    { 6, 6, 120, 1, 5, 5, 22202 }, // U+208A
    { 6, 1, 120, 1, 2, 1, 22207 }, // U+208B
    { 6, 4, 120, 1, 4, 3, 22208 }, // U+208C
    { 4, 11, 81, 1, 8, 6, 22211 }, // U+208D
    { 4, 11, 81, 0, 8, 6, 22217 }, // U+208E
    { 7, 7, 130, 1, 5, 7, 22223 }, // U+2090
    { 7, 7, 129, 1, 5, 7, 22230 }, // U+2091
    { 7, 7, 135, 1, 5, 7, 22237 }, // U+2092
    { 8, 7, 125, 0, 5, 7, 22244 }, // U+2093
    { 7, 7, 129, 1, 5, 7, 22251 }, // U+2094
    { 7, 10, 141, 1, 8, 9, 22258 }, // U+2095
    { 7, 10, 132, 1, 8, 9, 22267 }, // U+2096
    { 2, 10, 65, 1, 8, 3, 22276 }, // U+2097
    { 12, 7, 211, 1, 5, 11, 22279 }, // U+2098
    { 7, 7, 141, 1, 5, 7, 22290 }, // U+2099
    { 7, 10, 137, 1, 5, 9, 22297 }, // U+209A
    { 6, 7, 109, 1, 5, 6, 22306 }, // U+209B
    { 5, 9, 91, 1, 7, 6, 22312 }, // U+209C
    { 11, 15, 191, 1, 15, 21, 22318 }, // U+20A0
    { 11, 18, 203, 1, 16, 25, 22339 }, // U+20A1
    { 11, 15, 191, 1, 15, 21, 22364 }, // U+20A2
    { 11, 15, 191, 1, 15, 21, 22385 }, // U+20A3
    { 11, 15, 191, 1, 15, 21, 22406 }, // U+20A4
    { 17, 18, 325, 2, 15, 39, 22427 }, // U+20A5
    { 12, 15, 191, 1, 15, 23, 22466 }, // U+20A6
    { 16, 15, 297, 2, 15, 30, 22489 }, // U+20A7
    { 17, 15, 306, 2, 15, 32, 22519 }, // U+20A8
    { 15, 15, 246, 1, 15, 29, 22551 }, // U+20A9
    { 15, 16, 288, 2, 16, 30, 22580 }, // U+20AA
    { 12, 19, 215, 1, 16, 29, 22610 }, // U+20AB
    { 14, 16, 255, 1, 16, 28, 22639 }, // U+20AC
    { 12, 15, 191, 1, 15, 23, 22667 }, // U+20AD
    { 11, 15, 191, 1, 15, 21, 22690 }, // U+20AE
    { 20, 20, 337, 0, 15, 50, 22711 }, // U+20AF
    { 12, 20, 203, 0, 15, 30, 22761 }, // U+20B0
    { 12, 15, 191, 1, 15, 23, 22791 }, // U+20B1
    { 12, 18, 245, 1, 16, 27, 22814 }, // U+20B2
    { 13, 15, 217, 1, 15, 25, 22841 }, // U+20B3
    { 13, 16, 242, 1, 16, 26, 22866 }, // U+20B4
    { 12, 18, 212, 1, 16, 27, 22892 }, // U+20B5
    { 14, 14, 232, 0, 14, 25, 22919 }, // U+20B6
    { 14, 17, 244, 1, 15, 30, 22944 }, // U+20B7
    { 11, 15, 191, 1, 15, 21, 22974 }, // U+20B8
    { 12, 15, 237, 2, 15, 23, 22995 }, // U+20B9
    { 11, 15, 191, 1, 15, 21, 23018 }, // U+20BA
    { 16, 15, 271, 1, 15, 30, 23039 }, // U+20BB
    { 16, 15, 291, 1, 15, 30, 23069 }, // U+20BC
    { 13, 16, 245, 1, 16, 26, 23099 }, // U+20BD
    { 14, 16, 263, 1, 16, 28, 23125 }, // U+20BE
    { 9, 19, 191, 2, 17, 22, 23153 }, // U+20BF
    { 9, 16, 175, 1, 12, 18, 23175 }, // U+20C0
    { 15, 13, 265, 1, 14, 25, 23193 }, // U+2190
    { 13, 15, 235, 1, 15, 25, 23218 }, // U+2191
    { 15, 13, 265, 1, 14, 25, 23243 }, // U+2192
    { 13, 15, 235, 1, 15, 25, 23268 }, // U+2193
    { 21, 13, 361, 1, 14, 35, 23293 }, // U+2194
    { 13, 21, 235, 1, 17, 35, 23328 }, // U+2195
    { 11, 11, 212, 1, 15, 16, 23363 }, // U+2196
    { 11, 11, 212, 1, 15, 16, 23379 }, // U+2197
    { 11, 11, 213, 1, 11, 16, 23395 }, // U+2198
    { 11, 11, 213, 1, 11, 16, 23411 }, // U+2199
    { 12, 6, 216, 1, 10, 9, 23427 }, // U+219D
    { 12, 11, 220, 1, 14, 17, 23436 }, // U+21A9
    { 12, 11, 220, 1, 14, 17, 23453 }, // U+21AA
    { 11, 13, 220, 1, 13, 18, 23470 }, // U+21B0
    { 11, 13, 220, 1, 13, 18, 23488 }, // U+21B1
    { 11, 13, 220, 1, 15, 18, 23506 }, // U+21B3
    { 12, 15, 220, 1, 15, 23, 23524 }, // U+21B4
    { 11, 13, 220, 1, 15, 18, 23547 }, // U+21B5
    { 12, 8, 222, 1, 11, 12, 23565 }, // U+21E4
    { 12, 8, 222, 1, 11, 12, 23577 }, // U+21E5
    { 18, 15, 294, 0, 15, 34, 23589 }, // U+21E7
    { 10, 15, 190, 1, 15, 19, 23623 }, // U+2202
    { 13, 14, 217, 0, 14, 23, 23642 }, // U+2206
    { 14, 17, 227, 0, 14, 30, 23665 }, // U+220F
    { 10, 14, 182, 1, 14, 18, 23695 }, // U+2211
    { 10, 2, 181, 1, 7, 3, 23713 }, // U+2212
    { 14, 18, 244, 1, 15, 32, 23716 }, // U+221A
    { 16, 7, 281, 1, 9, 14, 23748 }, // U+221E
    { 9, 18, 151, 0, 15, 21, 23762 }, // U+222B
    { 9, 8, 174, 1, 11, 9, 23783 }, // U+2248
    { 10, 10, 184, 1, 11, 13, 23792 }, // U+2260
    { 10, 12, 186, 1, 12, 15, 23805 }, // U+2264
    { 10, 12, 186, 1, 12, 15, 23820 }, // U+2265
    { 17, 16, 257, 1, 16, 34, 23835 }, // U+FB00
    { 13, 16, 238, 0, 16, 26, 23869 }, // U+FB01
    { 15, 16, 248, 0, 16, 30, 23895 }, // U+FB02
    { 20, 16, 357, 1, 16, 40, 23925 }, // U+FB03
    { 20, 16, 360, 1, 16, 40, 23965 }, // U+FB04
    { 14, 16, 261, 2, 16, 28, 24005 }, // U+FB05
    { 18, 16, 310, 1, 16, 36, 24033 }, // U+FB06
    { 20, 19, 348, 1, 10, 48, 24069 }, // U+FB56
    { 25, 18, 381, 1, 9, 57, 24117 }, // U+FB57
    { 7, 19, 131, 0, 11, 17, 24174 }, // U+FB58
    { 11, 16, 144, 0, 8, 22, 24191 }, // U+FB59
    { 20, 15, 348, 1, 15, 38, 24213 }, // U+FB66
    { 25, 15, 381, 1, 15, 47, 24251 }, // U+FB67
    { 6, 18, 109, 0, 18, 14, 24298 }, // U+FB68
    { 11, 16, 144, 0, 16, 22, 24312 }, // U+FB69
    { 13, 19, 237, 1, 11, 31, 24334 }, // U+FB7A
    { 17, 19, 257, 1, 11, 41, 24365 }, // U+FB7B
    { 13, 18, 219, 0, 10, 30, 24406 }, // U+FB7C
    { 16, 18, 229, 0, 10, 36, 24436 }, // U+FB7D
    { 9, 19, 177, 1, 19, 22, 24472 }, // U+FB88
    { 13, 19, 190, 1, 19, 31, 24494 }, // U+FB89
    { 8, 22, 138, -1, 17, 22, 24525 }, // U+FB8A
    { 12, 22, 146, -1, 17, 33, 24547 }, // U+FB8B
    { 8, 21, 138, -1, 16, 21, 24580 }, // U+FB8C
    { 12, 21, 146, -1, 16, 32, 24601 }, // U+FB8D
    { 19, 16, 315, 1, 16, 38, 24633 }, // U+FB8E
    { 21, 16, 327, 1, 16, 42, 24671 }, // U+FB8F
    { 10, 16, 156, 0, 16, 20, 24713 }, // U+FB90
    { 13, 16, 169, 0, 16, 26, 24733 }, // U+FB91
    { 19, 19, 315, 1, 19, 46, 24759 }, // U+FB92
    { 21, 19, 327, 1, 19, 50, 24805 }, // U+FB93
    { 10, 19, 156, 0, 19, 24, 24855 }, // U+FB94
    { 13, 19, 169, 0, 19, 31, 24879 }, // U+FB95
    { 14, 13, 248, 0, 8, 23, 24910 }, // U+FB9E
    { 18, 13, 261, 0, 8, 30, 24933 }, // U+FB9F
    { 9, 12, 173, 1, 12, 14, 24963 }, // U+FBA6
    { 15, 9, 209, 0, 9, 17, 24977 }, // U+FBA7
    { 6, 15, 107, 0, 11, 12, 24994 }, // U+FBA8
    { 13, 11, 170, 0, 5, 18, 25006 }, // U+FBA9
    { 15, 12, 260, 0, 12, 23, 25024 }, // U+FBAA
    { 17, 16, 239, 0, 11, 34, 25047 }, // U+FBAB
    { 13, 12, 220, 0, 12, 20, 25081 }, // U+FBAC
    { 14, 16, 193, 0, 11, 28, 25101 }, // U+FBAD
    { 19, 11, 306, 0, 11, 27, 25129 }, // U+FBAE
    { 13, 9, 182, 0, 3, 15, 25156 }, // U+FBAF
    { 19, 17, 306, 0, 17, 41, 25171 }, // U+FBB0
    { 13, 16, 182, 0, 10, 26, 25212 }, // U+FBB1
    { 17, 15, 276, 0, 10, 32, 25238 }, // U+FBFC
    { 19, 11, 267, 0, 6, 27, 25270 }, // U+FBFD
    { 7, 16, 131, 0, 11, 14, 25297 }, // U+FBFE
    { 11, 13, 144, 0, 8, 18, 25311 }, // U+FBFF
    { 10, 11, 168, 0, 10, 14, 25329 }, // U+FE80
    { 7, 18, 103, -1, 18, 16, 25343 }, // U+FE81
    { 10, 20, 110, -1, 20, 25, 25359 }, // U+FE82
    { 5, 21, 103, 0, 21, 14, 25384 }, // U+FE83
    { 9, 23, 110, 0, 23, 26, 25398 }, // U+FE84
    { 10, 21, 173, 0, 16, 27, 25424 }, // U+FE85
    { 13, 21, 173, 0, 16, 35, 25451 }, // U+FE86
    { 5, 22, 103, 1, 16, 14, 25486 }, // U+FE87
    { 8, 22, 110, 1, 16, 22, 25500 }, // U+FE88
    { 17, 17, 276, 0, 12, 37, 25522 }, // U+FE89
    { 19, 17, 267, 0, 12, 41, 25559 }, // U+FE8A
    { 6, 18, 109, 0, 18, 14, 25600 }, // U+FE8B
    { 10, 16, 128, 0, 16, 20, 25614 }, // U+FE8C
    { 4, 16, 103, 1, 16, 8, 25634 }, // U+FE8D
    { 8, 16, 110, 1, 16, 16, 25642 }, // U+FE8E
    { 20, 15, 348, 1, 10, 38, 25658 }, // U+FE8F
    { 25, 14, 381, 1, 9, 44, 25696 }, // U+FE90
    { 6, 16, 109, 0, 11, 12, 25740 }, // U+FE91
    { 10, 13, 128, 0, 8, 17, 25752 }, // U+FE92
    { 9, 17, 173, 1, 17, 20, 25769 }, // U+FE93
    { 13, 18, 199, 1, 18, 30, 25789 }, // U+FE94
    { 20, 12, 348, 1, 12, 30, 25819 }, // U+FE95
    { 25, 12, 381, 1, 12, 38, 25849 }, // U+FE96
    { 7, 16, 109, -1, 16, 14, 25887 }, // U+FE97
    { 11, 13, 144, 0, 13, 18, 25901 }, // U+FE98
    { 20, 16, 348, 1, 16, 40, 25919 }, // U+FE99
    { 25, 16, 381, 1, 16, 50, 25959 }, // U+FE9A
    { 7, 19, 109, -1, 19, 17, 26009 }, // U+FE9B
    { 11, 17, 144, 0, 17, 24, 26026 }, // U+FE9C
    { 13, 19, 234, 1, 11, 31, 26050 }, // U+FE9D
    { 16, 19, 240, 1, 11, 38, 26081 }, // U+FE9E
    { 13, 15, 219, 0, 10, 25, 26119 }, // U+FE9F
    { 16, 15, 229, 0, 10, 30, 26144 }, // U+FEA0
    { 13, 19, 234, 1, 11, 31, 26174 }, // U+FEA1
    { 16, 19, 240, 1, 11, 38, 26205 }, // U+FEA2
    { 13, 10, 219, 0, 10, 17, 26243 }, // U+FEA3
    { 16, 10, 229, 0, 10, 20, 26260 }, // U+FEA4
    { 13, 25, 234, 1, 17, 41, 26280 }, // U+FEA5
    { 16, 25, 240, 1, 17, 50, 26321 }, // U+FEA6
    { 13, 16, 219, 0, 16, 26, 26371 }, // U+FEA7
    { 16, 16, 229, 0, 16, 32, 26397 }, // U+FEA8
    { 9, 12, 177, 1, 12, 14, 26429 }, // U+FEA9
    { 13, 12, 190, 1, 12, 20, 26443 }, // U+FEAA
    { 9, 17, 177, 1, 17, 20, 26463 }, // U+FEAB
    { 13, 17, 190, 1, 17, 28, 26483 }, // U+FEAC
    { 8, 14, 138, -1, 9, 14, 26511 }, // U+FEAD
    { 12, 14, 146, -1, 9, 21, 26525 }, // U+FEAE
    { 8, 19, 138, -1, 14, 19, 26546 }, // U+FEAF
    { 12, 19, 146, -1, 14, 29, 26565 }, // U+FEB0
    { 28, 16, 469, 0, 11, 56, 26594 }, // U+FEB1
    { 33, 14, 490, 0, 9, 58, 26650 }, // U+FEB2
    { 20, 11, 335, 0, 11, 28, 26708 }, // U+FEB3
    { 24, 9, 356, 0, 9, 27, 26736 }, // U+FEB4
    { 28, 23, 469, 0, 18, 81, 26763 }, // U+FEB5
    { 33, 23, 490, 0, 18, 95, 26844 }, // U+FEB6
    { 20, 18, 335, 0, 18, 45, 26939 }, // U+FEB7
    { 24, 18, 356, 0, 18, 54, 26984 }, // U+FEB8
    { 29, 15, 483, 0, 10, 55, 27038 }, // U+FEB9
    { 33, 15, 488, 0, 10, 62, 27093 }, // U+FEBA
    { 20, 10, 333, 0, 10, 25, 27155 }, // U+FEBB
    { 23, 10, 341, 0, 10, 29, 27180 }, // U+FEBC
    { 29, 21, 483, 0, 16, 77, 27209 }, // U+FEBD
    { 33, 21, 488, 0, 16, 87, 27286 }, // U+FEBE
    { 20, 16, 333, 0, 16, 40, 27373 }, // U+FEBF
    { 23, 16, 341, 0, 16, 46, 27413 }, // U+FEC0
    { 17, 16, 286, 0, 16, 34, 27459 }, // U+FEC1
    { 20, 16, 290, 0, 16, 40, 27493 }, // U+FEC2
    { 15, 16, 254, 0, 16, 30, 27533 }, // U+FEC3
    { 18, 16, 258, 0, 16, 36, 27563 }, // U+FEC4
    { 17, 16, 286, 0, 16, 34, 27599 }, // U+FEC5
    { 20, 16, 290, 0, 16, 40, 27633 }, // U+FEC6
    { 15, 16, 254, 0, 16, 30, 27673 }, // U+FEC7
    { 18, 16, 258, 0, 16, 36, 27703 }, // U+FEC8
    { 13, 20, 199, 1, 12, 33, 27739 }, // U+FEC9
    { 15, 19, 201, 0, 11, 36, 27772 }, // U+FECA
    { 11, 11, 189, 0, 11, 16, 27808 }, // U+FECB
    { 14, 11, 188, 0, 11, 20, 27824 }, // U+FECC
    { 13, 26, 199, 1, 18, 43, 27844 }, // U+FECD
    { 15, 24, 201, 0, 16, 45, 27887 }, // U+FECE
    { 11, 17, 189, 0, 17, 24, 27932 }, // U+FECF
    { 14, 16, 188, 0, 16, 28, 27956 }, // U+FED0
    { 19, 18, 342, 1, 18, 43, 27984 }, // U+FED1
    { 24, 16, 365, 1, 16, 48, 28027 }, // U+FED2
    { 10, 18, 175, 0, 18, 23, 28075 }, // U+FED3
    { 13, 16, 175, 0, 16, 26, 28098 }, // U+FED4
    { 17, 18, 283, 0, 14, 39, 28124 }, // U+FED5
    { 20, 19, 280, 0, 13, 48, 28163 }, // U+FED6
    { 10, 17, 175, 0, 17, 22, 28211 }, // U+FED7
    { 13, 15, 175, 0, 15, 25, 28233 }, // U+FED8
    { 18, 16, 317, 1, 16, 36, 28258 }, // U+FED9
    { 22, 16, 328, 1, 16, 44, 28294 }, // U+FEDA
    { 10, 16, 156, 0, 16, 20, 28338 }, // U+FEDB
    { 13, 16, 169, 0, 16, 26, 28358 }, // U+FEDC
    { 14, 21, 249, 0, 16, 37, 28384 }, // U+FEDD
    { 18, 21, 261, 0, 16, 48, 28421 }, // U+FEDE
    { 6, 16, 106, 0, 16, 12, 28469 }, // U+FEDF
    { 9, 16, 114, 0, 16, 18, 28481 }, // U+FEE0
    { 11, 18, 197, 0, 10, 25, 28499 }, // U+FEE1
    { 16, 18, 228, 0, 10, 36, 28524 }, // U+FEE2
    { 11, 9, 199, 0, 9, 13, 28560 }, // U+FEE3
    { 16, 10, 222, 0, 10, 20, 28573 }, // U+FEE4
    { 14, 19, 248, 0, 14, 34, 28593 }, // U+FEE5
    { 18, 19, 261, 0, 14, 43, 28627 }, // U+FEE6
    { 6, 16, 109, 0, 16, 12, 28670 }, // U+FEE7
    { 10, 14, 128, 0, 14, 18, 28682 }, // U+FEE8
    { 9, 12, 173, 1, 12, 14, 28700 }, // U+FEE9
    { 13, 13, 199, 1, 13, 22, 28714 }, // U+FEEA
    { 13, 12, 220, 0, 12, 20, 28736 }, // U+FEEB
    { 14, 16, 193, 0, 11, 28, 28756 }, // U+FEEC
    { 10, 14, 173, 0, 9, 18, 28784 }, // U+FEED
    { 13, 14, 173, 0, 9, 23, 28802 }, // U+FEEE
    { 17, 15, 276, 0, 10, 32, 28825 }, // U+FEEF
    { 19, 11, 267, 0, 6, 27, 28857 }, // U+FEF0
    { 17, 20, 276, 0, 10, 43, 28884 }, // U+FEF1
    { 19, 16, 267, 0, 6, 38, 28927 }, // U+FEF2
    { 7, 16, 131, 0, 11, 14, 28965 }, // U+FEF3
    { 11, 13, 144, 0, 8, 18, 28979 }, // U+FEF4
    { 14, 17, 219, -2, 17, 30, 28997 }, // U+FEF5
    { 18, 17, 230, -2, 17, 39, 29027 }, // U+FEF6
    { 12, 20, 219, 0, 20, 30, 29066 }, // U+FEF7
    { 17, 20, 230, -1, 20, 43, 29096 }, // U+FEF8
    { 11, 22, 219, 1, 16, 31, 29139 }, // U+FEF9
    { 15, 22, 230, 1, 16, 42, 29170 }, // U+FEFA
    { 11, 16, 219, 1, 16, 22, 29212 }, // U+FEFB
    { 15, 16, 230, 1, 16, 30, 29234 }, // U+FEFC
    { 19, 19, 333, 1, 16, 46, 29264 }, // U+FFFD
};

static const EpdUnicodeInterval geist_ui_10_boldIntervals[] = {
    { 0x0, 0x0, 0x0 },
    { 0xD, 0xD, 0x1 },
    { 0x20, 0x7E, 0x2 },
    { 0xA0, 0x17F, 0x61 },
    { 0x1A0, 0x1A1, 0x141 },
    { 0x1AF, 0x1B0, 0x143 },
    { 0x1C4, 0x21F, 0x145 },
    { 0x300, 0x36F, 0x1A1 },
    { 0x400, 0x4FF, 0x211 },
    { 0x5D0, 0x5EA, 0x311 },
    { 0x60C, 0x60C, 0x32C },
    { 0x61B, 0x61B, 0x32D },
    { 0x61F, 0x61F, 0x32E },
    { 0x621, 0x621, 0x32F },
    { 0x640, 0x640, 0x330 },
    { 0x660, 0x669, 0x331 },
    { 0x6BA, 0x6BA, 0x33B },
    { 0x6D4, 0x6D4, 0x33C },
    { 0x6F0, 0x6F9, 0x33D },
    { 0x1EA0, 0x1EF9, 0x347 },
    { 0x2000, 0x2064, 0x3A1 },
    { 0x2066, 0x2071, 0x406 },
    { 0x2074, 0x208E, 0x412 },
    { 0x2090, 0x209C, 0x42D },
    { 0x20A0, 0x20C0, 0x43A },
    { 0x2190, 0x2199, 0x45B },
    { 0x219D, 0x219D, 0x465 },
    { 0x21A9, 0x21AA, 0x466 },
    { 0x21B0, 0x21B1, 0x468 },
    { 0x21B3, 0x21B5, 0x46A },
    { 0x21E4, 0x21E5, 0x46D },
    { 0x21E7, 0x21E7, 0x46F },
    { 0x2202, 0x2202, 0x470 },
    { 0x2206, 0x2206, 0x471 },
    { 0x220F, 0x220F, 0x472 },
    { 0x2211, 0x2212, 0x473 },
    { 0x221A, 0x221A, 0x475 },
    { 0x221E, 0x221E, 0x476 },
    { 0x222B, 0x222B, 0x477 },
    { 0x2248, 0x2248, 0x478 },
    { 0x2260, 0x2260, 0x479 },
    { 0x2264, 0x2265, 0x47A },
    { 0xFB00, 0xFB06, 0x47C },
    { 0xFB56, 0xFB59, 0x483 },
    { 0xFB66, 0xFB69, 0x487 },
    { 0xFB7A, 0xFB7D, 0x48B },
    { 0xFB88, 0xFB95, 0x48F },
    { 0xFB9E, 0xFB9F, 0x49D },
    { 0xFBA6, 0xFBB1, 0x49F },
    { 0xFBFC, 0xFBFF, 0x4AB },
    { 0xFE80, 0xFEFC, 0x4AF },
    { 0xFFFD, 0xFFFD, 0x52C },
};

static const uint16_t geist_ui_10_boldKernLeftCodepoints[] = {
    0x0022, 0x0026, 0x0027, 0x0028, 0x002A, 0x002B, 0x002C, 0x002D, 0x002E, 0x002F, 0x0030, 0x0031,
    0x0032, 0x0033, 0x0034, 0x0035, 0x0036, 0x0037, 0x0038, 0x0039, 0x003A, 0x003B, 0x003C, 0x003D,
    0x003E, 0x0041, 0x0042, 0x0043, 0x0044, 0x0045, 0x0046, 0x0047, 0x0048, 0x0049, 0x004A, 0x004B,
    0x004C, 0x004D, 0x004E, 0x004F, 0x0050, 0x0051, 0x0052, 0x0053, 0x0054, 0x0055, 0x0056, 0x0057,
    0x0058, 0x0059, 0x005A, 0x005B, 0x005C, 0x005E, 0x0061, 0x0062, 0x0063, 0x0064, 0x0065, 0x0066,
    0x0067, 0x0068, 0x0069, 0x006A, 0x006B, 0x006C, 0x006D, 0x006E, 0x006F, 0x0070, 0x0071, 0x0072,
    0x0073, 0x0074, 0x0075, 0x0076, 0x0077, 0x0078, 0x0079, 0x007A, 0x007B, 0x007E, 0x00A1, 0x00A2,
    0x00A5, 0x00A9, 0x00AA, 0x00AB, 0x00AC, 0x00B1, 0x00BA, 0x00BB, 0x00BF, 0x00C0, 0x00C1, 0x00C2,
    0x00C3, 0x00C4, 0x00C5, 0x00C6, 0x00C7, 0x00C8, 0x00C9, 0x00CA, 0x00CB, 0x00CC, 0x00CD, 0x00CE,
    0x00CF, 0x00D0, 0x00D1, 0x00D2, 0x00D3, 0x00D4, 0x00D5, 0x00D6, 0x00D7, 0x00D8, 0x00D9, 0x00DA,
    0x00DB, 0x00DC, 0x00DD, 0x00DE, 0x00E0, 0x00E1, 0x00E2, 0x00E3, 0x00E4, 0x00E5, 0x00E6, 0x00E7,
    0x00E8, 0x00E9, 0x00EA, 0x00EB, 0x00EC, 0x00ED, 0x00EE, 0x00EF, 0x00F0, 0x00F1, 0x00F2, 0x00F3,
    0x00F4, 0x00F5, 0x00F6, 0x00F7, 0x00F8, 0x00F9, 0x00FA, 0x00FB, 0x00FC, 0x00FD, 0x00FE, 0x00FF,
    0x0100, 0x0101, 0x0102, 0x0103, 0x0104, 0x0105, 0x0106, 0x0107, 0x0108, 0x0109, 0x010A, 0x010B,
    0x010C, 0x010D, 0x010E, 0x010F, 0x0110, 0x0112, 0x0113, 0x0115, 0x0116, 0x0117, 0x0118, 0x0119,
    0x011A, 0x011B, 0x011C, 0x011D, 0x011E, 0x011F, 0x0120, 0x0121, 0x0122, 0x0123, 0x0124, 0x0125,
    0x0126, 0x0127, 0x0128, 0x0129, 0x012A, 0x012B, 0x012E, 0x012F, 0x0130, 0x0131, 0x0132, 0x0133,
    0x0134, 0x0135, 0x0136, 0x0137, 0x0138, 0x0139, 0x013A, 0x013B, 0x013C, 0x013D, 0x013E, 0x013F,
    0x0141, 0x0142, 0x0143, 0x0144, 0x0145, 0x0146, 0x0147, 0x0148, 0x014A, 0x014B, 0x014C, 0x014D,
    0x014E, 0x014F, 0x0150, 0x0151, 0x0152, 0x0153, 0x0154, 0x0155, 0x0156, 0x0157, 0x0158, 0x0159,
    0x015A, 0x015B, 0x015C, 0x015D, 0x015E, 0x015F, 0x0160, 0x0161, 0x0162, 0x0163, 0x0164, 0x0165,
    0x0166, 0x0167, 0x0168, 0x0169, 0x016A, 0x016B, 0x016C, 0x016D, 0x016E, 0x016F, 0x0170, 0x0171,
    0x0172, 0x0173, 0x0174, 0x0175, 0x0176, 0x0177, 0x0178, 0x0179, 0x017A, 0x017B, 0x017C, 0x017D,
    0x017E, 0x01A0, 0x01A1, 0x01AF, 0x01B0, 0x01CD, 0x01CE, 0x01E4, 0x01E5, 0x01E6, 0x01E7, 0x01E8,
    0x01E9, 0x01FA, 0x01FD, 0x01FE, 0x0218, 0x0219, 0x021A, 0x021B, 0x0400, 0x0401, 0x0402, 0x0404,
    0x0405, 0x0406, 0x0407, 0x0409, 0x040A, 0x040E, 0x0410, 0x0411, 0x0412, 0x0413, 0x0414, 0x0415,
    0x0416, 0x0417, 0x0418, 0x0419, 0x041A, 0x041B, 0x041C, 0x041D, 0x041E, 0x041F, 0x0420, 0x0421,
    0x0422, 0x0423, 0x0424, 0x0425, 0x0427, 0x0428, 0x042A, 0x042B, 0x042C, 0x042D, 0x042E, 0x042F,
    0x0430, 0x0431, 0x0432, 0x0433, 0x0434, 0x0435, 0x0436, 0x0437, 0x0438, 0x0439, 0x043A, 0x043B,
    0x043C, 0x043D, 0x043E, 0x043F, 0x0440, 0x0441, 0x0442, 0x0443, 0x0444, 0x0445, 0x0446, 0x0447,
    0x0448, 0x0449, 0x044B, 0x044D, 0x044E, 0x044F, 0x0450, 0x0451, 0x0452, 0x0453, 0x0454, 0x0455,
    0x0456, 0x0457, 0x0458, 0x045B, 0x045D, 0x045E, 0x0460, 0x0461, 0x0462, 0x0464, 0x0465, 0x0466,
    0x0467, 0x0468, 0x0469, 0x046A, 0x046B, 0x046E, 0x0471, 0x0472, 0x0473, 0x0474, 0x0475, 0x0476,
    0x0477, 0x0478, 0x0479, 0x047A, 0x047B, 0x047C, 0x047D, 0x047E, 0x047F, 0x0480, 0x048A, 0x048B,
    0x048C, 0x048D, 0x048E, 0x048F, 0x0490, 0x0491, 0x0492, 0x0493, 0x0496, 0x0497, 0x0498, 0x0499,
    0x049A, 0x049B, 0x049C, 0x049D, 0x049E, 0x049F, 0x04A0, 0x04A1, 0x04A3, 0x04A4, 0x04A5, 0x04A9,
    0x04AA, 0x04AB, 0x04AC, 0x04AD, 0x04AE, 0x04AF, 0x04B1, 0x04B2, 0x04B3, 0x04B4, 0x04B5, 0x04B7,
    0x04BB, 0x04BC, 0x04BD, 0x04BE, 0x04BF, 0x04C0, 0x04C1, 0x04C2, 0x04C5, 0x04C6, 0x04C9, 0x04CA,
    0x04CD, 0x04CE, 0x04CF, 0x04D0, 0x04D1, 0x04D2, 0x04D3, 0x04D5, 0x04D7, 0x04D8, 0x04D9, 0x04DA,
    0x04DB, 0x04DC, 0x04DD, 0x04DE, 0x04DF, 0x04E2, 0x04E3, 0x04E5, 0x04E6, 0x04E7, 0x04E8, 0x04EA,
    0x04EB, 0x04EC, 0x04ED, 0x04EF, 0x04F0, 0x04F1, 0x04F2, 0x04F3, 0x04F5, 0x04F6, 0x04F7, 0x04F9,
    0x04FA, 0x04FB, 0x04FC, 0x04FD, 0x04FE, 0x04FF, 0x05D0, 0x05D1, 0x05D2, 0x05D3, 0x05D5, 0x05D8,
    0x05D9, 0x05DB, 0x05DC, 0x05DE, 0x05E0, 0x05E1, 0x05E2, 0x05E4, 0x05E6, 0x05E8, 0x05E9, 0x05EA,
    0x1EA0, 0x1EA2, 0x1EA4, 0x1EA6, 0x1EA8, 0x1EAA, 0x1EAC, 0x1EAE, 0x1EB0, 0x1EB2, 0x1EB4, 0x1EB6,
    0x1EB9, 0x1EBB, 0x1EBC, 0x1EBD, 0x1EBF, 0x1EC1, 0x1EC3, 0x1EC5, 0x1EC7, 0x1ECC, 0x1ECD, 0x1ECE,
    0x1ECF, 0x1ED0, 0x1ED1, 0x1ED2, 0x1ED3, 0x1ED4, 0x1ED5, 0x1ED6, 0x1ED7, 0x1ED8, 0x1ED9, 0x1EDA,
    0x1EDB, 0x1EDC, 0x1EDD, 0x1EDE, 0x1EDF, 0x1EE0, 0x1EE1, 0x1EE2, 0x1EE3, 0x1EE4, 0x1EE6, 0x1EE8,
    0x1EE9, 0x1EEA, 0x1EEB, 0x1EEC, 0x1EED, 0x1EEE, 0x1EEF, 0x1EF0, 0x1EF1, 0x1EF2, 0x1EF3, 0x1EF4,
    0x1EF6, 0x1EF8, 0x1EF9, 0x2015, 0x2018, 0x201A, 0x201C, 0x201E, 0x2026, 0x2039, 0x203A, 0x21E7,
    0x2212, 0x221E, 0x2248, 0x2260, 0x2264, 0x2265, 0xFB01, 0xFB02, 0xFB8C, 0xFEAD, 0xFEAE, 0xFEAF,
};

static const uint8_t geist_ui_10_boldKernLeftClassIds[] = {
      1,   2,   1,   3,   4,   5,   6,   7,   6,   8,   9,  10,  11,  12,  13,  14,
     15,  16,  17,   9,  18,  18,   5,   5,   5,  19,  20,  21,   9,  22,  23,  24,
     25,  25,  26,  27,  28,  25,  25,   9,  29,   9,  30,   9,  31,  26,   8,   8,
     27,  32,  33,  34,  19,   5,  35,  36,  36,  25,  36,  37,  38,  39,  25,  25,
     40,  35,  39,  39,  36,  36,  38,  41,  36,  42,  38,  43,  43,  44,  43,  45,
     46,   5,  47,  48,  10,   9,   4,  49,   5,   5,   4,  50,  51,  19,  19,  19,
     19,  19,  19,  22,  21,  22,  22,  22,  22,  25,  25,  25,  25,  48,  25,   9,
      9,   9,   9,   9,   5,   9,  26,  26,  26,  26,  32,   9,  35,  35,  35,  35,
     35,  35,  36,  36,  36,  36,  36,  36,  25,  25,  25,  25,  36,  39,  36,  36,
     36,  36,  36,   5,  36,  38,  38,  38,  38,  43,  36,  43,  19,  35,  19,  35,
     19,  35,  21,  36,  21,  36,  21,  36,  21,  36,  48,  52,  48,  22,  36,  53,
     22,  36,  22,  36,  22,  36,  24,  38,  24,  38,  24,  38,  24,  38,  25,  39,
     25,  39,  25,  25,  25,  25,  25,  25,  25,  25,  26,  25,  26,  25,  27,  44,
     54,  28,  35,  28,  35,  55,  52,  56,  28,  35,  25,  39,  25,  39,  25,  39,
     25,  39,   9,  36,  57,  53,   9,  36,  22,  36,  58,  41,  58,  41,  58,  41,
      9,  36,   9,  36,   9,  36,   9,  36,  31,  42,  31,  52,  31,  42,  26,  38,
     26,  38,  26,  38,  26,  38,  26,  38,  26,  38,   8,  43,  32,  43,  32,  33,
     45,  33,  45,  33,  45,  59,  60,  61,  62,  19,  35,  24,  38,  24,  38,  27,
     44,  63,  53,  57,   9,  36,  31,  42,  22,  22,  20,  21,   9,  10,  10,  20,
     20,   8,  19,  20,  20,  31,  19,  22,  27,  20,  25,  25,  27,  25,  25,  25,
      9,  25,  29,  21,  31,   8,   9,  27,  10,  25,  20,  10,  20,   9,   9,  10,
     35,  36,  36,  41,  36,  36,  44,  36,  38,  38,  44,  38,  38,  38,  36,  39,
     36,  36,  41,  43,  36,  44,  38,  38,  38,  38,  38,  36,  36,  38,  36,  36,
     39,  41,  36,  36,  38,  38,  25,  39,  38,  43,  64,  65,  20,  66,  67,  68,
     69,  68,  69,  27,  44,  70,  71,   9,  36,   8,  43,  72,  65,  73,  73,  64,
     71,  64,  71,  64,  65,  66,  74,  75,  76,  77,  78,  71,  31,  41,  31,  41,
     27,  44,  70,  79,  27,  44,  80,  81,  80,  81,  80,  81,  25,  82,  83,  71,
     66,  67,  84,  83,   8,  43,  43,  27,  44,  74,  75,  38,  39,  85,  86,  85,
     86,  10,  80,  81,  74,  75,  74,  75,  74,  75,  25,  68,  87,  68,  87,  86,
     86,   9,  36,  64,  71,  80,  81,  70,  79,  25,  38,  88,  64,  71,   9,  64,
     71,  64,  71,  43,  72,  73,  72,  73,  88,  84,  83,  88,  82,  89,  90,  91,
     80,  91,  92,  93,  94,  95,  96,  97,  98,  99, 100, 101, 102, 103, 104, 105,
    106, 107, 108, 109,  63,  63,  63,  63,  63,  63,  63,  63,  63,  63,  63,  63,
     53,  53,  22,  36,  53,  53,  53,  53,  53,  57,  53,  57,  53,  57,  53,  57,
     53,  57,  53,  57,  53,  57,  53,  59,  60,  59,  60,  59,  60,  59,  60,  59,
     60, 110, 110,  61,  62,  61,  62,  61,  62,  61,  62,  61,  62,  32,  43, 111,
    111,  32,  43, 112, 113,   6, 113,   6,   6, 114, 115,  19,   5,   5,   5,   5,
      5,   5,  25,  35, 116, 116, 116, 116,
};

static const uint16_t geist_ui_10_boldKernRightCodepoints[] = {
    0x0021, 0x0022, 0x0025, 0x0026, 0x0027, 0x0029, 0x002A, 0x002B, 0x002C, 0x002D, 0x002E, 0x002F,
    0x0030, 0x0031, 0x0032, 0x0033, 0x0034, 0x0035, 0x0036, 0x0037, 0x0038, 0x003A, 0x003B, 0x003C,
    0x003D, 0x003E, 0x003F, 0x0041, 0x0042, 0x0043, 0x0044, 0x0045, 0x0046, 0x0047, 0x0048, 0x0049,
    0x004A, 0x004B, 0x004C, 0x004D, 0x004E, 0x004F, 0x0050, 0x0051, 0x0052, 0x0053, 0x0054, 0x0055,
    0x0056, 0x0057, 0x0058, 0x0059, 0x005A, 0x005C, 0x005D, 0x005E, 0x0061, 0x0062, 0x0063, 0x0064,
    0x0065, 0x0066, 0x0067, 0x0068, 0x0069, 0x006A, 0x006B, 0x006C, 0x006D, 0x006E, 0x006F, 0x0070,
    0x0071, 0x0072, 0x0073, 0x0074, 0x0075, 0x0076, 0x0077, 0x0078, 0x0079, 0x007A, 0x007D, 0x007E,
    0x00A5, 0x00A9, 0x00AA, 0x00AB, 0x00AC, 0x00B1, 0x00BA, 0x00BB, 0x00BF, 0x00C0, 0x00C1, 0x00C2,
    0x00C3, 0x00C4, 0x00C5, 0x00C6, 0x00C7, 0x00C8, 0x00C9, 0x00CA, 0x00CB, 0x00CC, 0x00CD, 0x00CE,
    0x00CF, 0x00D0, 0x00D1, 0x00D2, 0x00D3, 0x00D4, 0x00D5, 0x00D6, 0x00D7, 0x00D8, 0x00D9, 0x00DA,
    0x00DB, 0x00DC, 0x00DD, 0x00DE, 0x00DF, 0x00E0, 0x00E1, 0x00E2, 0x00E3, 0x00E4, 0x00E5, 0x00E6,
    0x00E7, 0x00E8, 0x00E9, 0x00EA, 0x00EB, 0x00EC, 0x00ED, 0x00EE, 0x00EF, 0x00F0, 0x00F1, 0x00F2,
    0x00F3, 0x00F4, 0x00F5, 0x00F6, 0x00F7, 0x00F8, 0x00F9, 0x00FA, 0x00FB, 0x00FC, 0x00FD, 0x00FE,
    0x00FF, 0x0100, 0x0101, 0x0102, 0x0103, 0x0104, 0x0105, 0x0106, 0x0107, 0x0108, 0x0109, 0x010A,
    0x010B, 0x010C, 0x010D, 0x010E, 0x010F, 0x0110, 0x0111, 0x0112, 0x0113, 0x0115, 0x0116, 0x0117,
    0x0118, 0x0119, 0x011A, 0x011B, 0x011C, 0x011D, 0x011E, 0x011F, 0x0120, 0x0121, 0x0122, 0x0123,
    0x0124, 0x0125, 0x0126, 0x0127, 0x0128, 0x0129, 0x012A, 0x012B, 0x012E, 0x012F, 0x0130, 0x0131,
    0x0132, 0x0133, 0x0134, 0x0135, 0x0136, 0x0137, 0x0138, 0x0139, 0x013A, 0x013B, 0x013C, 0x013D,
    0x013E, 0x0140, 0x0141, 0x0142, 0x0143, 0x0144, 0x0145, 0x0146, 0x0147, 0x0148, 0x014A, 0x014B,
    0x014C, 0x014D, 0x014E, 0x014F, 0x0150, 0x0151, 0x0152, 0x0153, 0x0154, 0x0155, 0x0156, 0x0157,
    0x0158, 0x0159, 0x015A, 0x015B, 0x015C, 0x015D, 0x015E, 0x015F, 0x0160, 0x0161, 0x0162, 0x0163,
    0x0164, 0x0165, 0x0166, 0x0167, 0x0168, 0x0169, 0x016A, 0x016B, 0x016C, 0x016D, 0x016E, 0x016F,
    0x0170, 0x0171, 0x0172, 0x0173, 0x0174, 0x0175, 0x0176, 0x0177, 0x0178, 0x0179, 0x017A, 0x017B,
    0x017C, 0x017D, 0x017E, 0x01A0, 0x01A1, 0x01AF, 0x01B0, 0x01CD, 0x01CE, 0x01E4, 0x01E5, 0x01E6,
    0x01E7, 0x01E8, 0x01E9, 0x01FA, 0x01FB, 0x01FD, 0x01FE, 0x01FF, 0x0218, 0x0219, 0x021A, 0x021B,
    0x0400, 0x0401, 0x0402, 0x0403, 0x0404, 0x0405, 0x0406, 0x0407, 0x0409, 0x040A, 0x040B, 0x040C,
    0x040E, 0x040F, 0x0410, 0x0411, 0x0412, 0x0413, 0x0414, 0x0415, 0x0416, 0x0417, 0x0418, 0x0419,
    0x041A, 0x041B, 0x041C, 0x041D, 0x041E, 0x041F, 0x0420, 0x0421, 0x0422, 0x0423, 0x0424, 0x0425,
    0x0426, 0x0428, 0x0429, 0x042B, 0x042C, 0x042D, 0x042E, 0x0430, 0x0431, 0x0432, 0x0433, 0x0434,
    0x0435, 0x0436, 0x0437, 0x0438, 0x0439, 0x043A, 0x043B, 0x043C, 0x043D, 0x043E, 0x043F, 0x0440,
    0x0441, 0x0442, 0x0443, 0x0444, 0x0445, 0x0446, 0x0447, 0x0448, 0x0449, 0x044A, 0x044B, 0x044C,
    0x044D, 0x044E, 0x0450, 0x0451, 0x0453, 0x0454, 0x0455, 0x0456, 0x0457, 0x0458, 0x0459, 0x045A,
    0x045B, 0x045D, 0x045E, 0x0460, 0x0461, 0x0462, 0x0463, 0x0465, 0x0466, 0x0467, 0x0469, 0x046A,
    0x046B, 0x046D, 0x046E, 0x0470, 0x0472, 0x0473, 0x0474, 0x0475, 0x0476, 0x0477, 0x0478, 0x0479,
    0x047A, 0x047B, 0x047C, 0x047D, 0x047E, 0x047F, 0x0480, 0x0481, 0x048B, 0x048C, 0x048D, 0x048F,
    0x0490, 0x0491, 0x0492, 0x0493, 0x0495, 0x0496, 0x0497, 0x0498, 0x0499, 0x049A, 0x049B, 0x049D,
    0x049F, 0x04A0, 0x04A1, 0x04A2, 0x04A3, 0x04A5, 0x04A7, 0x04A8, 0x04A9, 0x04AA, 0x04AB, 0x04AC,
    0x04AD, 0x04AE, 0x04AF, 0x04B1, 0x04B2, 0x04B3, 0x04B4, 0x04B5, 0x04B7, 0x04B8, 0x04B9, 0x04BA,
    0x04BB, 0x04BC, 0x04BD, 0x04BE, 0x04BF, 0x04C0, 0x04C1, 0x04C2, 0x04C4, 0x04C5, 0x04C6, 0x04C8,
    0x04CA, 0x04CB, 0x04CC, 0x04CE, 0x04CF, 0x04D0, 0x04D1, 0x04D2, 0x04D3, 0x04D4, 0x04D5, 0x04D7,
    0x04D8, 0x04D9, 0x04DA, 0x04DB, 0x04DC, 0x04DD, 0x04DE, 0x04DF, 0x04E3, 0x04E5, 0x04E6, 0x04E7,
    0x04E8, 0x04EA, 0x04EB, 0x04EC, 0x04ED, 0x04EF, 0x04F0, 0x04F1, 0x04F2, 0x04F3, 0x04F4, 0x04F5,
    0x04F7, 0x04F9, 0x04FA, 0x04FC, 0x04FD, 0x04FE, 0x04FF, 0x05D1, 0x05D2, 0x05D3, 0x05D4, 0x05D6,
    0x05D7, 0x05D8, 0x05D9, 0x05DA, 0x05DB, 0x05DC, 0x05DD, 0x05DE, 0x05E1, 0x05E2, 0x05E3, 0x05E4,
    0x05E7, 0x05E8, 0x05E9, 0x05EA, 0x1EA0, 0x1EA1, 0x1EA2, 0x1EA3, 0x1EA4, 0x1EA5, 0x1EA6, 0x1EA7,
    0x1EA8, 0x1EA9, 0x1EAA, 0x1EAB, 0x1EAC, 0x1EAD, 0x1EAE, 0x1EAF, 0x1EB0, 0x1EB1, 0x1EB2, 0x1EB3,
    0x1EB4, 0x1EB5, 0x1EB6, 0x1EB7, 0x1EB9, 0x1EBB, 0x1EBC, 0x1EBD, 0x1EBF, 0x1EC1, 0x1EC3, 0x1EC5,
    0x1EC7, 0x1ECC, 0x1ECD, 0x1ECE, 0x1ECF, 0x1ED0, 0x1ED1, 0x1ED2, 0x1ED3, 0x1ED4, 0x1ED5, 0x1ED6,
    0x1ED7, 0x1ED8, 0x1ED9, 0x1EDA, 0x1EDB, 0x1EDC, 0x1EDD, 0x1EDE, 0x1EDF, 0x1EE0, 0x1EE1, 0x1EE2,
    0x1EE3, 0x1EE4, 0x1EE5, 0x1EE6, 0x1EE7, 0x1EE8, 0x1EE9, 0x1EEA, 0x1EEB, 0x1EEC, 0x1EED, 0x1EEE,
    0x1EEF, 0x1EF0, 0x1EF1, 0x1EF2, 0x1EF3, 0x1EF4, 0x1EF5, 0x1EF6, 0x1EF7, 0x1EF8, 0x1EF9, 0x2015,
    0x2018, 0x2019, 0x201A, 0x201C, 0x201D, 0x201E, 0x2026, 0x2039, 0x203A, 0x21E7, 0x2212, 0x221E,
    0x2248, 0x2260, 0x2264, 0x2265, 0xFB00, 0xFB01, 0xFB02, 0xFB03, 0xFB04, 0xFB8E, 0xFBA6, 0xFBAA,
    0xFE8D, 0xFEA3, 0xFEA9, 0xFEB1, 0xFEB3, 0xFEB9, 0xFEBB, 0xFEC1, 0xFEC3, 0xFEC9, 0xFECB, 0xFECD,
    0xFEDB, 0xFEDF, 0xFEE1, 0xFEE3, 0xFEE9, 0xFEEB,
};

static const uint8_t geist_ui_10_boldKernRightClassIds[] = {
      1,   2,   3,   4,   2,   5,   6,   7,   8,   9,   8,  10,  11,  12,  13,  14,
     15,  16,  11,  17,  18,  19,  19,   7,   7,   7,  20,  10,  21,  11,  21,  22,
     21,  11,  21,  21,  23,  24,  24,  21,  25,  11,  21,  11,  21,  11,  17,  26,
     27,  27,  28,  29,  30,  27,  31,   7,  32,  21,  33,  33,  33,  34,  33,  21,
     21,  35,  21,  36,  37,  37,  33,  37,  33,  37,  33,  38,  39,  40,  40,  41,
     40,  42,  43,   7,  24,  11,   6,  44,   7,   7,   6,  45,  46,  10,  10,  10,
     10,  10,  10,  10,  11,  21,  21,  21,  21,  21,  21,  21,  21,  11,  21,  11,
     11,  11,  11,  11,   7,  11,  26,  26,  26,  26,  29,  21,  21,  32,  32,  32,
     32,  32,  32,  32,  33,  33,  33,  33,  33,  21,  21,  21,  21,  33,  37,  33,
     33,  33,  33,  33,   7,  33,  39,  39,  39,  39,  40,  21,  40,  10,  32,  10,
     32,  10,  32,  11,  33,  11,  33,  11,  33,  11,  33,  21,  33,  11,  33,  21,
     33,  47,  21,  33,  21,  33,  21,  33,  11,  33,  11,  33,  11,  33,  11,  33,
     21,  21,  21,  21,  21,  21,  21,  21,  21,  21,  21,  21,  21,  21,  23,  35,
     24,  21,  48,  24,  36,  21,  36,  24,  36,  49,  50,  36,  21,  37,  21,  37,
     21,  37,  21,  37,  11,  33,  51,  47,  11,  33,  11,  33,  21,  37,  21,  37,
     21,  37,  11,  33,  11,  33,  11,  33,  11,  33,  17,  52,  17,  52,  17,  52,
     26,  39,  26,  39,  26,  39,  26,  39,  26,  39,  26,  39,  27,  40,  29,  40,
     29,  30,  42,  30,  42,  30,  42,  51,  47,  53,  48,  10,  32,  11,  33,  11,
     33,  24,  21,  54,  55,  55,  51,  47,  11,  33,  17,  52,  21,  21,  17,  21,
     11,  11,  24,  24,  23,  24,  17,  21,  56,  21,  10,  21,  21,  21,  10,  21,
     28,  14,  21,  21,  21,  57,  21,  21,  11,  21,  21,  11,  17,  56,  11,  28,
     21,  21,  21,  21,  21,  11,  24,  32,  33,  37,  37,  33,  33,  41,  33,  37,
     37,  37,  58,  37,  37,  33,  37,  37,  33,  52,  40,  33,  41,  37,  39,  37,
     37,  52,  37,  37,  33,  37,  33,  33,  37,  33,  33,  37,  37,  35,  59,  37,
     21,  37,  40,  60,  61,  24,  21,  62,  63,  64,  62,  28,  41,  62,  65,  66,
     11,  33,  27,  40,  67,  61,  60,  68,  60,  68,  60,  68,  60,  61,  60,  68,
     62,  69,  70,  62,  24,  37,  24,  37,  62,  28,  41,  65,  71,  21,  21,  62,
     70,  72,  73,  21,  21,  62,  62,  60,  68,  60,  68,  74,  73,  27,  40,  40,
     28,  41,  72,  73,  39,  66,  75,  21,  21,  76,  77,  76,  77,  21,  78,  79,
     62,  80,  64,  62,  62,  66,  75,  62,  21,  63,  81,  63,  81,  63,  81,  68,
     11,  33,  82,  81,  78,  79,  65,  71,  37,  83,  60,  68,  11,  60,  68,  65,
     71,  40,  84,  85,  84,  85,  66,  75,  62,  83,  69,  78,  79,  78,  79,  86,
     87,  88,  89,  90,  91,  92,  93,  94,  95,  96,  97,  98,  99, 100, 101, 102,
    103, 104, 105, 106,  54,  55,  54,  55,  54,  55,  54,  55,  54,  55,  54,  55,
     54,  55,  54,  55,  54,  55,  54,  55,  54,  55,  54,  55,  47,  47,  21,  33,
     47,  47,  47,  47,  47,  51,  47,  51,  47,  51,  47,  51,  47,  51,  47,  51,
     47,  51,  47,  51,  47,  51,  47,  51,  47,  51,  47,  51,  47,  53,  48,  53,
     48,  53,  48,  53,  48,  53,  48,  53,  48,  53,  48,  29,  40, 107, 108, 107,
    108,  29,  40, 109, 110, 111,   8, 110, 112,   8,   8, 113,  45,  10,   7,   7,
      7,   7,   7,   7, 114,  34,  34, 114, 114, 115, 115, 115, 116, 115, 117, 117,
    117, 117, 117, 117, 117, 118, 116, 118, 115, 116, 115, 115, 115, 115,
};

static const uint16_t geist_ui_10_boldKernRowOffsets[] = {
        0,     5,     7,    13,    16,    18,    28,    34,    65,    91,   103,   108,   111,   116,   118,   120,
      131,   133,   145,   173,   194,   214,   230,   254,   266,   290,   302,   325,   353,   375,   392,   432,
      456,   479,   481,   498,   523,   543,   560,   581,   604,   627,   645,   669,   692,   711,   712,   716,
      717,   719,   722,   739,   753,   754,   755,   758,   761,   763,   780,   782,   785,   790,   793,   795,
      805,   806,   809,   810,   821,   827,   828,   837,   850,   854,   859,   864,   869,   880,   887,   893,
      901,   908,   923,   927,   944,   946,   948,   953,   955,   957,   962,   964,   970,   972,   976,   985,
      991,   996,  1007,  1013,  1021,  1026,  1028,  1033,  1034,  1041,  1047,  1056,  1064,  1072,  1073,  1078,
     1084,  1085,  1086,  1087,  1091,
};

static const uint8_t geist_ui_10_boldKernSparseCols[] = {
      9,  14,  16,  32,  45,  16,  26,  10,  12,  13,  14,  15,  17,   7,   9,  16,
     16,  28,   5,  10,  11,  16,  22,  26,  33,  34,  35,  39,  11,  14,  16,  33,
     39,  40,   0,   3,   7,   9,  10,  16,  18,  19,  20,  21,  22,  23,  24,  26,
     27,  29,  31,  32,  33,  34,  35,  36,  37,  38,  39,  40,  41,  43,  44,  51,
    112,   4,   5,   7,   9,  12,  16,  18,  19,  20,  21,  22,  23,  24,  26,  27,
     28,  29,  31,  32,  33,  34,  37,  39,  40,  49,  51,   8,   9,  10,  11,  12,
     14,  16,  17,  23,  31,  32,  38,   8,  10,  13,  14,  16,   4,   9,  16,   1,
      2,   8,  16,  18,   4,  16,  11,  12,   2,   7,   8,  10,  11,  14,  16,  17,
     18,  30,  42,   4,  16,   9,  10,  14,  16,  26,  27,  33,  37,  39,  40,  41,
     51,   0,   1,   5,  10,  13,  16,  18,  19,  20,  21,  22,  23,  24,  25,  26,
     28,  29,  32,  33,  35,  36,  37,  38,  39,  40,  41,  51,  55,   9,  10,  16,
     18,  19,  20,  21,  24,  26,  28,  31,  32,  33,  34,  35,  36,  37,  38,  39,
     40,  41,   9,  16,  20,  21,  23,  24,  26,  27,  28,  31,  32,  33,  35,  36,
     37,  38,  39,  40,  41,  51,  18,  19,  20,  21,  24,  26,  28,  31,  32,  33,
     34,  37,  39,  40,  41,  51,   7,   9,  18,  19,  20,  21,  22,  23,  24,  27,
     28,  29,  31,  32,  33,  34,  35,  36,  37,  38,  39,  40,  41,  51,  16,  26,
     27,  28,  31,  32,  33,  37,  39,  40,  41,  51,   9,  10,  16,  19,  20,  21,
     22,  24,  25,  26,  27,  28,  29,  31,  32,  33,  34,  35,  36,  37,  38,  39,
     40,  51,   9,  20,  21,  22,  24,  28,  33,  37,  39,  40,  41,  51,   5,  10,
     16,  18,  19,  20,  21,  22,  23,  24,  25,  26,  29,  31,  32,  33,  34,  36,
     37,  38,  39,  40,  51,   0,   1,   5,   7,   9,  10,  16,  18,  19,  20,  21,
     22,  23,  24,  25,  26,  28,  29,  32,  33,  34,  35,  37,  38,  39,  40,  41,
     51,   0,   7,   8,   9,  10,  18,  19,  20,  21,  22,  24,  26,  27,  28,  29,
     31,  32,  36,  38,  39,  40,  41,   9,  10,  16,  18,  19,  23,  26,  28,  31,
     32,  33,  34,  37,  38,  39,  40,  51,   1,   3,   5,   7,   8,   9,  10,  14,
     16,  18,  19,  20,  21,  22,  23,  24,  26,  27,  28,  30,  31,  32,  33,  34,
     35,  36,  37,  38,  39,  40,  41,  43,  44,  51,  56,  57,  58, 110, 111, 112,
      6,   9,  10,  16,  20,  21,  22,  24,  25,  28,  29,  31,  32,  33,  34,  35,
     36,  37,  38,  39,  40,  41,  49,  51,   8,   9,  10,  19,  20,  21,  22,  24,
     26,  27,  28,  31,  32,  33,  34,  35,  36,  37,  38,  39,  40,  41,  51,  16,
     34,   5,   7,  19,  20,  21,  24,  31,  32,  33,  34,  35,  37,  38,  39,  40,
     41,  51,   1,   5,   9,  16,  19,  20,  21,  24,  26,  27,  28,  31,  32,  33,
     34,  35,  36,  37,  38,  39,  40,  41,  51,  57,  58,   5,   7,   8,   9,  18,
     20,  21,  24,  30,  31,  32,  33,  34,  35,  36,  37,  40,  41,  51, 109,  16,
     19,  20,  21,  24,  26,  28,  32,  33,  34,  37,  39,  40,  41,  51,  57,  58,
      5,  16,  19,  20,  21,  24,  26,  27,  28,  31,  32,  33,  34,  35,  36,  37,
     38,  39,  40,  41,  51,   0,   5,   7,   8,  10,  16,  18,  19,  20,  21,  24,
     31,  32,  33,  34,  35,  36,  37,  38,  39,  40,  41,  51,   7,   8,   9,  16,
     18,  20,  21,  24,  31,  32,  33,  34,  35,  36,  37,  38,  39,  40,  41,  43,
     51,  57,  58,   7,   8,   9,  20,  21,  24,  26,  29,  31,  32,  33,  34,  36,
     37,  39,  40,  41,  51,   7,   8,   9,  10,  16,  18,  20,  21,  22,  24,  27,
     31,  32,  33,  34,  35,  36,  37,  38,  40,  41,  51,  57,  58,   0,   5,   7,
      8,  10,  16,  18,  19,  20,  21,  24,  31,  32,  33,  34,  35,  36,  37,  38,
     39,  40,  41,  51,  18,  19,  20,  21,  24,  26,  27,  31,  32,  33,  34,  35,
     36,  37,  38,  39,  40,  41,  51,  16,  26,  33,  37,  51,  16,  16,  26,  16,
     22,  26,   1,  10,  11,  16,  20,  21,  24,  26,  31,  32,  33,  34,  36,  37,
     39,  41,  51,   5,  20,  21,  24,  31,  32,  33,  34,  35,  37,  39,  40,  51,
    111, 107,  46,  16,  26,  28,  50,  52, 106,  53, 106,   9,  10,  16,  18,  19,
     23,  26,  28,  31,  32,  33,  34,  37,  38,  39,  40,  51,  53, 106,  48, 107,
    113,  46,  50,  53,  54, 106,  48, 107, 113,  50, 106,  62,  63,  64,  66,  71,
     73,  77,  78,  79,  83,  63,  59,  74,  75,  73,  65,  66,  68,  71,  72,  73,
     74,  75,  81,  83,  84,  60,  67,  72,  74,  76,  84,  66,  62,  63,  72,  73,
     74,  77,  78,  83,  84,  59,  62,  63,  67,  69,  70,  74,  75,  76,  78,  79,
     82, 108,  62,  63,  67,  77,  63,  65,  72,  74,  84,  63,  65,  72,  73,  74,
     65,  66,  71,  72,  73,  60,  62,  65,  72,  73,  74,  76,  77,  78,  83,  84,
     62,  63,  67,  77,  79,  83, 108,  72,  73,  77,  78,  83,  84,  59,  65,  67,
     72,  74,  75,  84, 108,  65,  67,  73,  74,  76,  83, 108,  59,  61,  62,  63,
     67,  69,  70,  71,  73,  74,  75,  76,  78,  79, 108,  62,  63,  67, 108,  59,
     60,  61,  62,  63,  67,  70,  72,  73,  74,  75,  76,  78,  79,  80,  84, 108,
     66,  73,  78,  84,  72,  73,  78,  83,  84,  69,  73,  63,  67,  59,  72,  74,
     75,  76,  67,  74,  92,  94,  95, 101, 102, 104,  98, 101,  85,  92,  95,  97,
     85,  88,  91,  93,  94,  98, 100, 101, 103,  85,  91,  96,  98, 101, 103,  87,
     91,  93, 100, 101,  85,  88,  90,  91,  94,  96,  97,  98, 101, 103, 105,  91,
     93,  97,  98, 100, 101,  85,  86,  91,  93,  94, 100, 101, 105,  91,  94,  97,
     98, 101,  91,  92,  91,  93,  95,  98, 103,  91,  93,  94,  95,  98, 100, 101,
    104,  88,  91,  92,  97,  98, 101,  85,  91,  93,  97,  98, 100, 101, 103, 105,
     85,  91,  94,  96,  98, 101, 102, 103,  87,  89,  92,  95,  97,  98,  99, 104,
     53,  46,  47,  50,  53,  54,  71,  72,  73,  77,  78,  83,  22,  26,  22, 114,
    115, 116, 117,
};

static const int8_t geist_ui_10_boldKernSparseValues[] = {
     -17,  -10,    3,   -3,  -13,  -13,   -9,   -5,   -1,   -3,   -8,   -1,   -3,  -13,  -25,    5,
      -7,   -7,  -13,   -7,  -23,  -20,    1,  -24,  -11,    3,   -3,  -15,   -7,    3,  -13,   -3,
      -3,  -17,  -12,   -5,  -24,  -38,  -16,   -3,  -12,  -12,   -9,   -9,  -27,   -5,   -9,   -3,
      -3,   -5,  -20,  -17,  -17,  -21,   -8,  -14,  -13,  -19,  -15,  -24,  -15,  -19,  -11,  -13,
     -19,   -6,   -3,   -7,  -14,   -4,  -13,   -3,   -7,   -5,   -5,   -3,   -5,   -5,  -16,  -12,
     -15,   -3,    1,    2,   -3,   -7,   -7,   -7,  -11,   -1,   -7,   -3,   -2,   -5,  -13,   -3,
      -7,   -2,   -7,   -4,   -2,   -5,   -1,  -10,   -5,   -8,   -7,   -4,   -3,  -13,   -7,   -3,
      -7,   -3,   -7,   -7,   -4,  -13,   -7,   -4,    5,  -29,   -9,   -3,    3,   -8,    7,   -3,
      -7,   10,   10,   -3,   -7,   -7,   -3,   -7,  -18,  -12,   -7,   -8,   -8,   -7,  -15,   -7,
      -8,   -3,  -17,  -25,  -14,  -14,  -33,   -7,  -19,   -9,   -9,   -9,   -6,   -9,   -6,  -38,
     -27,   -3,   -8,  -15,   -9,   -7,  -24,   -7,  -22,  -10,   -5,  -24,   -4,  -10,   -3,  -11,
      -7,   -8,   -3,   -6,   -3,  -14,  -17,   -3,   -2,   -7,   -7,   -6,   -3,   -7,   -4,  -14,
     -17,   -9,  -10,   -5,   -4,   -4,   -2,   -4,   -9,   -7,   -9,   -3,   -3,   -7,   -4,   -3,
      -3,   -5,   -5,  -12,   -3,   -3,   -3,   -7,   -1,   -1,   -3,    3,   -7,   -4,   -5,  -12,
      -5,  -11,   -9,  -10,   -4,  -11,  -27,  -28,  -10,   -5,   -5,   -5,  -20,   -8,   -5,   -7,
      -5,   -5,   -9,   -8,  -11,  -12,   -7,   -8,   -9,  -10,  -13,  -15,  -10,   -9,   -7,  -12,
      -5,   -7,   -1,    3,   -7,   -5,   -5,   -9,   -1,   -5,   -3,   -5,   -9,   -3,   -5,   -5,
      -5,   -5,    5,   -9,   -3,   -7,   -2,   -3,   -3,   -9,   -9,   -2,    2,  -10,   -6,   -3,
     -17,  -10,   -6,    5,    5,   -6,    5,   -5,   -6,   -5,   -7,  -10,   -7,   -5,   -5,  -13,
      -1,   -7,   -9,   -3,   -3,  -10,   -6,   -3,   -7,   -3,   -3,   -9,  -18,  -19,   -3,   -5,
     -17,  -10,  -12,  -12,  -17,   -5,  -29,  -40,   -1,   -7,  -15,  -43,   -5,  -27,  -11,  -11,
     -12,   -8,  -11,  -13,  -45,  -53,   -5,  -10,  -16,   -5,   -9,  -23,   -9,  -27,  -15,   -7,
     -23,   -3,  -35,   -8,  -28,   -5,   -7,   -5,   -7,   -7,  -27,   -7,  -15,  -13,  -13,   -9,
      -7,   -9,   -2,   -8,   -7,  -13,  -10,   -3,   -5,   -6,   -2,   -7,   -4,  -17,   -9,   -2,
     -12,   -8,   -7,  -10,   -3,   -9,  -11,  -10,    3,   -5,    5,  -29,  -11,  -33,  -13,   -9,
       3,  -18,   -7,   -6,   -6,  -40,   -9,   -6,   -3,   -1,    3,    7,  -23,  -27,  -11,  -17,
      -5,  -15,   -9,  -17,  -11,  -16,  -15,  -16,  -20,   -9,  -26,  -30,  -30,    3,    3,  -16,
      -7,  -27,  -15,    3,   -7,   -7,  -44,   -7,   -5,    7,   -3,  -24,  -23,  -21,  -17,   -5,
     -20,  -20,  -20,  -13,  -20,  -25,   -7,  -20,   -5,   -7,   -7,   -7,   -2,   -2,   -8,   -2,
      -5,   -3,   -3,   -3,  -12,  -15,   -6,   -2,   -3,  -10,   -5,  -12,  -13,   -7,  -10,    7,
      10,   -9,    7,   -8,   -3,   -3,   -3,   -1,   -3,   -9,   -1,   -3,  -10,   -3,  -11,   -9,
      -3,  -10,   -3,   -9,   -3,  -23,  -13,   -3,   -3,   -3,  -17,   -7,  -17,   -1,   -3,  -10,
     -11,   -2,   -3,   -9,   -3,  -10,  -21,   -8,   -9,   -9,   -9,    5,  -20,   -8,  -15,   -6,
      -4,   -4,   -4,    7,  -10,  -13,  -11,  -19,   -5,   -8,   -9,  -13,   -5,   -9,    3,  -12,
      -7,   -3,   -3,   -3,   -9,   -7,   -3,   -4,   -4,   -7,   -7,   -8,   -3,   -7,   -5,   -5,
      -5,  -13,   -7,   -3,   -3,   -3,   -7,   -3,  -13,   -4,   -4,   -8,  -12,   -3,   -5,  -12,
      -4,  -11,  -17,   -5,  -12,   -7,   -5,   -7,  -19,   -3,   -7,  -15,  -10,  -17,  -17,  -17,
     -19,  -45,  -18,  -11,  -17,  -14,  -16,   -7,  -17,  -15,  -12,  -16,  -18,   -9,  -10,   -9,
     -13,   -8,   -8,   -8,  -11,  -13,  -11,  -21,   -8,   -9,  -11,   -5,   -7,  -13,  -10,   -9,
     -11,  -47,  -23,   11,   -8,    3,   -2,   -2,   -2,   -5,    8,   -3,   -5,   -6,   -3,    2,
      -3,   -4,  -12,    1,   -3,  -17,   -3,  -17,   -5,   -9,   -7,   -3,   -3,  -11,   -3,   -4,
     -10,   -9,   -3,  -16,   -3,   -7,   -7,   -7,  -14,  -11,   -7,  -41,  -18,   -7,   -5,   -7,
     -19,   -3,   -7,  -15,  -10,  -17,  -17,  -17,  -19,  -21,  -18,  -11,  -17,  -14,  -16,   -7,
     -17,  -15,  -12,  -16,   -7,   -3,   -2,   -2,   -2,  -10,   -3,   -6,  -10,   -7,   -9,   -6,
      -5,   -8,   -5,  -12,  -17,   -7,   -8,    5,  -13,   -3,   -4,   -4,   -7,  -16,  -15,  -20,
       3,  -19,  -13,  -19,  -20,  -31,   -7,   -7,   -7,  -37,   -8,   -9,  -19,   -3,   -8,  -19,
     -13,   -3,  -19,   11,    4,    4,    4,   -3,   -7,   -3,   -5,    3,    1,    1,   -3,    1,
      16,   -7,   -7,   -6,   -9,   -6,   -7,   -3,  -10,   -7,   -3,   -3,   -5,   -6,   -2,   -7,
      -4,  -17,   -9,   -2,   -6,   -8,   -7,  -10,   -3,   -9,  -11,  -10,   -7,   20,    7,   17,
      13,   -7,   -3,  -10,  -10,   20,    7,   17,   17,   -7,  -20,   -7,   -3,   -3,   -3,   -3,
      -7,   -7,   -5,   -7,  -13,   -7,   -7,   -7,   -7,   -7,  -20,  -13,   -7,  -17,  -10,  -23,
     -10,  -17,   -3,   -6,   -7,   -7,   -7,  -17,  -10,   -7,  -10,   -3,   -3,   -3,   -3,  -13,
      -3,   -7,   -7,  -12,  -10,   -3,  -40,  -31,  -17,   17,   -7,   -7,   -7,  -10,  -10,  -17,
      -3,   -7,   -7,  -17,   -3,   -3,   10,   -8,   -3,   -7,   10,    7,   -5,   -5,  -10,  -10,
     -13,  -10,   -7,   -7,  -13,   -7,   -3,  -23,  -20,  -20,  -13,   -7,   -3,   -7,   -7,  -15,
     -17,  -17,   -8,   -7,  -20,   -7,   -3,   -3,  -10,   -3,   -7,   -3,   -3,   -7,   -3,   -3,
      -3,   -7,  -17,   -3,   -3,   -3,   -7,   -3,   -7,   -7,   -3,   -3,   -7,  -10,  -20,  -17,
     -13,    7,   -7,    7,    7,  -17,   -7,  -10,   -7,  -13,   -7,  -10,  -13,   -3,   -7,   -7,
      -7,  -17,  -23,  -20,  -23,   -7,  -13,    7,  -17,  -17,  -23,   -7,  -17,  -27,  -13,  -13,
      -3,   -7,   -7,   -3,   -3,  -13,   -7,  -11,   -3,   -1,  -10,  -10,   -7,   -7,   -7,  -17,
     -17,   -7,   -3,   -3,   -7,   -4,   -1,   -5,   -3,   -5,   -6,   -6,    3,   -7,   -4,   -3,
     -13,   -5,   -2,  -15,  -10,   -8,  -15,  -10,   -8,   -7,   -4,   -3,   -5,   -7,   -8,   -2,
      -7,  -13,   -8,   -3,  -17,   -6,   -6,   -7,   -7,   -8,   -6,   -7,   -7,   -6,   -6,   -1,
      -1,   -3,   -3,   -5,   -7,  -13,   -3,   -2,  -10,   -7,  -14,   -3,   -2,   -2,   -7,   -6,
      -9,   -8,   -3,   -5,   -3,  -10,   -3,   -3,   -9,   -5,   -5,   -7,   -5,   -7,  -10,   -3,
      -6,   -2,   -2,   -6,   -2,   -5,   -6,  -13,   -7,  -12,   -5,  -10,   -8,  -11,   -7,   -7,
      -9,   -3,  -10,   -5,   -9,   -7,    1,   -6,  -13,  -13,   -5,   -3,  -11,  -11,  -10,   -5,
      -3,  -17,  -10,   -7,  -20,  -17,  -13,   -7,  -13,   -3,   -3,   -7,  -36,  -15,    3,  -13,
      -8,  -10,   16,
};

static const EpdLigaturePair geist_ui_10_boldLigaturePairs[] = {
    { 0x00660066, 0xFB00 }, // f f -> U+FB00
    { 0x00660069, 0xFB01 }, // f i -> U+FB01
    { 0x0066006C, 0xFB02 }, // f l -> U+FB02
};

static const EpdFontData geist_ui_10_bold = {
    geist_ui_10_boldBitmaps,
    geist_ui_10_boldGlyphs,
    geist_ui_10_boldIntervals,
    52,
    27,
    21,
    -7,
    false,
    nullptr,
    0,
    nullptr,
    nullptr,  // kernLeftClasses: built-in fonts use the split arrays below
    nullptr,  // kernRightClasses
    geist_ui_10_boldKernLeftCodepoints,
    geist_ui_10_boldKernLeftClassIds,
    geist_ui_10_boldKernRightCodepoints,
    geist_ui_10_boldKernRightClassIds,
    nullptr,  // kernMatrix: built-in fonts use the sparse form below
    geist_ui_10_boldKernRowOffsets,
    geist_ui_10_boldKernSparseCols,
    geist_ui_10_boldKernSparseValues,
    600,
    654,
    116,
    118,
    geist_ui_10_boldLigaturePairs,
    3,
};
