/**
 * generated by fontconvert.py
 * name: geist_ui_12_semibold
 * size: 12
 * mode: 1-bit mono
 * Command used: fontconvert.py geist_ui_12_semibold 12 ../fontsrc/Geist-SemiBold.ttf ../builtinFonts/source/NotoSans/NotoSans-Bold.ttf ../builtinFonts/source/NotoSansHebrew/NotoSansHebrew-UIMedium.ttf ../builtinFonts/source/NotoSansArabic/NotoSansArabic-UIMedium.ttf --mono --autohint-font ../fontsrc/Geist-SemiBold.ttf --autohint-font ../builtinFonts/source/NotoSans/NotoSans-Bold.ttf --autohint-font ../builtinFonts/source/NotoSansHebrew/NotoSansHebrew-UIMedium.ttf --additional-intervals 0x05D0,0x05EA --additional-intervals 0x060C,0x060C --additional-intervals 0x061B,0x061B --additional-intervals 0x061F,0x061F --additional-intervals 0x0621,0x0621 --additional-intervals 0x0640,0x0640 --additional-intervals 0x0660,0x0669 --additional-intervals 0x06BA,0x06BA --additional-intervals 0x06D4,0x06D4 --additional-intervals 0x06F0,0x06F9 --additional-intervals 0xFB56,0xFB59 --additional-intervals 0xFB66,0xFB69 --additional-intervals 0xFB7A,0xFB7D --additional-intervals 0xFB88,0xFB95 --additional-intervals 0xFB9E,0xFB9F --additional-intervals 0xFBA6,0xFBB1 --additional-intervals 0xFBFC,0xFBFF --additional-intervals 0xFE80,0xFEFC
 */
#pragma once
#include "EpdFontData.h"

static const uint8_t geist_ui_12_semiboldBitmaps[39184] = {
    0x00, 0x00, 0x00, 0xFF, 0xFF, 0xFF, 0xFF, 0xF0, 0x00, 0xFC, 0xEF, 0xDF, 0xBF, 0x7E, 0xFD, 0xDB,
    0x00, 0x0E, 0x38, 0x39, 0xC0, 0xE7, 0x07, 0x1C, 0x7F, 0xFD, 0xFF, 0xE1, 0xC7, 0x07, 0x38, 0x1C,
    0xE0, 0x63, 0x83, 0x8E, 0x3F, 0xFE, 0xFF, 0xF8, 0xE7, 0x03, 0x9C, 0x0C, 0x70, 0x71, 0xC1, 0xC7,
    0x00, 0x03, 0x00, 0x18, 0x00, 0xC0, 0x3F, 0x03, 0xFE, 0x39, 0xFB, 0x8D, 0xDC, 0x67, 0xE3, 0x07,
    0xD8, 0x3F, 0xC0, 0xFF, 0xC1, 0xFF, 0x03, 0xFC, 0x0D, 0xFC, 0x67, 0xE3, 0x3F, 0x19, 0xDE, 0xDC,
    0x7F, 0xC1, 0xFC, 0x01, 0x80, 0x0C, 0x00, 0x3C, 0x03, 0x0F, 0xC0, 0xC3, 0x9C, 0x18, 0x73, 0x86,
    0x0E, 0x71, 0x81, 0xCE, 0x30, 0x39, 0xCC, 0x03, 0xF3, 0x00, 0x3C, 0x60, 0x00, 0x19, 0xF0, 0x02,
    0x7F, 0x00, 0xDE, 0xF0, 0x33, 0x8E, 0x04, 0x71, 0xC1, 0x8E, 0x38, 0x61, 0xEF, 0x08, 0x1F, 0xC3,
    0x01, 0xF0, 0x0F, 0xC0, 0x3F, 0xC0, 0xE1, 0xC1, 0xC3, 0x83, 0x87, 0x07, 0x9E, 0x0F, 0xF8, 0x0F,
    0xE0, 0x1F, 0x80, 0x7F, 0x01, 0xFF, 0x3F, 0x9E, 0x7E, 0x1E, 0xFC, 0x1F, 0xB8, 0x1F, 0x78, 0x3C,
    0x7F, 0xFC, 0x3F, 0xDC, 0xFF, 0xFF, 0xF8, 0x1C, 0xE3, 0x9C, 0x71, 0xC7, 0x38, 0xE3, 0x8E, 0x38,
    0xE3, 0x8E, 0x18, 0x71, 0xC7, 0x0E, 0x38, 0x70, 0xE1, 0xC7, 0x0C, 0x38, 0xE3, 0x87, 0x1C, 0x71,
    0xC7, 0x1C, 0x71, 0xCE, 0x38, 0xE3, 0x9C, 0x73, 0x80, 0x37, 0x1B, 0x0F, 0x9F, 0xFF, 0xF9, 0xF0,
    0xD8, 0x6E, 0x07, 0x00, 0x38, 0x01, 0xC0, 0x0E, 0x00, 0x70, 0x7F, 0xFF, 0xFF, 0xE0, 0xE0, 0x07,
    0x00, 0x38, 0x01, 0xC0, 0x0E, 0x00, 0x70, 0x00, 0xFD, 0xA5, 0x80, 0xFF, 0xFF, 0xC0, 0xFC, 0x01,
    0xC0, 0x70, 0x3C, 0x0E, 0x03, 0x81, 0xE0, 0x70, 0x1C, 0x0F, 0x03, 0x80, 0xE0, 0x78, 0x1C, 0x07,
    0x03, 0xC0, 0xE0, 0x38, 0x1E, 0x07, 0x01, 0xC0, 0xF0, 0x38, 0x00, 0x07, 0xC0, 0x3F, 0xE0, 0xF1,
    0xE3, 0x80, 0xE7, 0x01, 0xDC, 0x01, 0xF8, 0x03, 0xF0, 0x07, 0xE0, 0x0F, 0xC0, 0x1F, 0x80, 0x3F,
    0x00, 0x7E, 0x00, 0xEE, 0x03, 0x9C, 0x07, 0x1E, 0x3C, 0x1F, 0xF0, 0x0F, 0x80, 0x06, 0x1C, 0x3F,
    0xFF, 0xE1, 0xC3, 0x87, 0x0E, 0x1C, 0x38, 0x70, 0xE1, 0xC3, 0x87, 0x0E, 0x1C, 0x0F, 0xC1, 0xFF,
    0x1E, 0x1C, 0xE0, 0x7F, 0x03, 0xF8, 0x1C, 0x01, 0xE0, 0x1F, 0x03, 0xF0, 0x3F, 0x07, 0xF0, 0x7F,
    0x07, 0xE0, 0x3E, 0x03, 0xE0, 0x1E, 0x00, 0xFF, 0xFF, 0xFF, 0xC0, 0x0F, 0xC0, 0xFF, 0xC7, 0x87,
    0x9C, 0x0E, 0x00, 0x38, 0x00, 0xE0, 0x07, 0x00, 0xF8, 0x03, 0xF0, 0x01, 0xE0, 0x03, 0xC0, 0x07,
    0x00, 0x1D, 0xC0, 0x77, 0x03, 0xDE, 0x1E, 0x3F, 0xF0, 0x3F, 0x00, 0x00, 0xF0, 0x07, 0xC0, 0x1F,
    0x00, 0xFC, 0x07, 0xF0, 0x1D, 0xC0, 0xF7, 0x07, 0x9C, 0x1C, 0x70, 0xE1, 0xC7, 0x87, 0x3C, 0x1C,
    0xFF, 0xFF, 0xFF, 0xF0, 0x07, 0x00, 0x1C, 0x00, 0x70, 0x01, 0xC0, 0x7F, 0xF3, 0xFF, 0x9C, 0x00,
    0xE0, 0x07, 0x00, 0x38, 0x03, 0xDF, 0x1F, 0xFC, 0xF8, 0xF7, 0x83, 0xC0, 0x0E, 0x00, 0x70, 0x03,
    0xF0, 0x1F, 0xC1, 0xCF, 0x1E, 0x7F, 0xE0, 0xFC, 0x00, 0x0F, 0xC0, 0xFF, 0x8E, 0x1C, 0xE0, 0x77,
    0x00, 0x30, 0x03, 0x9F, 0x1F, 0xFC, 0xF8, 0xF7, 0x83, 0xF8, 0x0F, 0xC0, 0x7E, 0x03, 0xF0, 0x1D,
    0xC1, 0xEF, 0x1E, 0x3F, 0xE0, 0x7C, 0x00, 0xFF, 0xFF, 0xFF, 0xC0, 0x1E, 0x01, 0xE0, 0x0E, 0x00,
    0xE0, 0x07, 0x00, 0x70, 0x03, 0x80, 0x38, 0x01, 0xC0, 0x0E, 0x00, 0x70, 0x07, 0x00, 0x38, 0x01,
    0xC0, 0x0E, 0x00, 0x70, 0x00, 0x0F, 0xC0, 0xFF, 0xC7, 0x87, 0x9C, 0x0E, 0x70, 0x39, 0xC0, 0xE3,
    0x87, 0x07, 0xF8, 0x3F, 0xF1, 0xE1, 0xEF, 0x03, 0xF8, 0x07, 0xE0, 0x1F, 0x80, 0x7F, 0x03, 0xDE,
    0x1E, 0x3F, 0xF0, 0x3F, 0x00, 0x1F, 0x81, 0xFF, 0x1E, 0x3D, 0xE0, 0xEE, 0x03, 0xF0, 0x1F, 0x80,
    0xFC, 0x0F, 0x70, 0xF9, 0xFF, 0xC7, 0xCE, 0x00, 0x70, 0x03, 0x80, 0x39, 0x81, 0xCE, 0x1C, 0x3F,
    0xC0, 0xFC, 0x00, 0xFC, 0x00, 0x00, 0x00, 0x7E, 0xFC, 0x00, 0x00, 0x03, 0xF6, 0x96, 0x00, 0x30,
    0x1F, 0x07, 0xF1, 0xFC, 0x7E, 0x0F, 0x80, 0xE0, 0x0F, 0x80, 0xFE, 0x01, 0xF8, 0x07, 0xF0, 0x1F,
    0x00, 0x30, 0xFF, 0xFF, 0xFF, 0x00, 0x00, 0x00, 0x00, 0x00, 0x00, 0xFF, 0xFF, 0xFF, 0xC0, 0x0F,
    0x00, 0xFC, 0x03, 0xF8, 0x0F, 0xE0, 0x3F, 0x00, 0x70, 0x1F, 0x0F, 0xE3, 0xF8, 0xFC, 0x0F, 0x00,
    0xC0, 0x00, 0x1F, 0x83, 0xFC, 0x70, 0xEF, 0x07, 0xE0, 0x7E, 0x07, 0x00, 0x70, 0x0F, 0x03, 0xE0,
    0x7C, 0x0F, 0x80, 0xF0, 0x0E, 0x00, 0xE0, 0x00, 0x00, 0x00, 0x0E, 0x00, 0xE0, 0x00, 0xFE, 0x00,
    0x3F, 0xFC, 0x03, 0xC0, 0x70, 0x38, 0x00, 0xC3, 0x80, 0x03, 0x38, 0x7B, 0x99, 0x87, 0xFC, 0x6C,
    0x71, 0xE3, 0xC7, 0x87, 0x1E, 0x38, 0x38, 0xF1, 0xC1, 0xC7, 0x8E, 0x0E, 0x3C, 0x70, 0xF1, 0x63,
    0xC7, 0x9B, 0x0F, 0xFF, 0x8C, 0x3C, 0x78, 0x60, 0x00, 0x01, 0xC0, 0x00, 0x0F, 0x00, 0x80, 0x1F,
    0xFE, 0x00, 0x3F, 0xC0, 0x00, 0x01, 0xE0, 0x01, 0xF0, 0x00, 0xFC, 0x00, 0x7E, 0x00, 0x7F, 0x00,
    0x39, 0xC0, 0x1C, 0xE0, 0x1C, 0x78, 0x0E, 0x1C, 0x0F, 0x0E, 0x07, 0x07, 0x83, 0xFF, 0xC3, 0xFF,
    0xE1, 0xC0, 0x38, 0xE0, 0x1C, 0xF0, 0x0E, 0x70, 0x07, 0xB8, 0x01, 0xC0, 0xFF, 0xC3, 0xFF, 0xCE,
    0x07, 0x38, 0x0E, 0xE0, 0x3B, 0x80, 0xEE, 0x03, 0xB8, 0x1C, 0xFF, 0xE3, 0xFF, 0xCE, 0x03, 0xB8,
    0x07, 0xE0, 0x1F, 0x80, 0x7E, 0x01, 0xF8, 0x0E, 0xFF, 0xFB, 0xFF, 0x80, 0x07, 0xE0, 0x1F, 0xF8,
    0x3C, 0x3C, 0x78, 0x1E, 0x70, 0x0E, 0xF0, 0x0F, 0xE0, 0x00, 0xE0, 0x00, 0xE0, 0x00, 0xE0, 0x00,
    0xE0, 0x00, 0xE0, 0x00, 0xF0, 0x0F, 0x70, 0x0E, 0x78, 0x1E, 0x3C, 0x3C, 0x1F, 0xF8, 0x07, 0xE0,
    0xFF, 0xC1, 0xFF, 0xE3, 0x81, 0xE7, 0x01, 0xEE, 0x01, 0xDC, 0x03, 0xF8, 0x03, 0xF0, 0x07, 0xE0,
    0x0F, 0xC0, 0x1F, 0x80, 0x3F, 0x00, 0x7E, 0x01, 0xFC, 0x03, 0xB8, 0x0F, 0x70, 0x3C, 0xFF, 0xF1,
    0xFF, 0x80, 0xFF, 0xFF, 0xFF, 0xE0, 0x0E, 0x00, 0xE0, 0x0E, 0x00, 0xE0, 0x0E, 0x00, 0xFF, 0xFF,
    0xFF, 0xE0, 0x0E, 0x00, 0xE0, 0x0E, 0x00, 0xE0, 0x0E, 0x00, 0xFF, 0xFF, 0xFF, 0xFF, 0xFF, 0xFF,
    0xE0, 0x0E, 0x00, 0xE0, 0x0E, 0x00, 0xE0, 0x0E, 0x00, 0xFF, 0xFF, 0xFF, 0xE0, 0x0E, 0x00, 0xE0,
    0x0E, 0x00, 0xE0, 0x0E, 0x00, 0xE0, 0x0E, 0x00, 0x07, 0xF0, 0x1F, 0xF8, 0x3C, 0x1C, 0x78, 0x0E,
    0x70, 0x0F, 0x70, 0x07, 0xE0, 0x00, 0xE0, 0x00, 0xE0, 0x00, 0xE0, 0xFF, 0xE0, 0xFF, 0xE0, 0x07,
    0xF0, 0x07, 0x70, 0x0F, 0x78, 0x0F, 0x3C, 0x3F, 0x1F, 0xFB, 0x07, 0xE3, 0xE0, 0x1F, 0x80, 0x7E,
    0x01, 0xF8, 0x07, 0xE0, 0x1F, 0x80, 0x7E, 0x01, 0xF8, 0x07, 0xFF, 0xFF, 0xFF, 0xFE, 0x01, 0xF8,
    0x07, 0xE0, 0x1F, 0x80, 0x7E, 0x01, 0xF8, 0x07, 0xE0, 0x1F, 0x80, 0x70, 0xFF, 0xFF, 0xFF, 0xFF,
    0xFF, 0xFF, 0xFC, 0x00, 0x70, 0x07, 0x00, 0x70, 0x07, 0x00, 0x70, 0x07, 0x00, 0x70, 0x07, 0x00,
    0x70, 0x07, 0x00, 0x70, 0x07, 0xE0, 0x7E, 0x07, 0xE0, 0xE7, 0x0E, 0x3F, 0xC1, 0xF8, 0xE0, 0x3B,
    0x81, 0xEE, 0x0F, 0x38, 0x78, 0xE3, 0xC3, 0x9E, 0x0E, 0xF0, 0x3B, 0xC0, 0xFF, 0x03, 0xFC, 0x0F,
    0xF8, 0x3C, 0xF0, 0xE1, 0xC3, 0x87, 0x8E, 0x0F, 0x38, 0x1C, 0xE0, 0x7B, 0x80, 0xF0, 0xE0, 0x0E,
    0x00, 0xE0, 0x0E, 0x00, 0xE0, 0x0E, 0x00, 0xE0, 0x0E, 0x00, 0xE0, 0x0E, 0x00, 0xE0, 0x0E, 0x00,
    0xE0, 0x0E, 0x00, 0xE0, 0x0E, 0x00, 0xFF, 0xFF, 0xFF, 0xF0, 0x03, 0xFE, 0x01, 0xFF, 0x80, 0x7F,
    0xE0, 0x1F, 0xFC, 0x0F, 0xFF, 0x03, 0xFF, 0xC0, 0xFF, 0xB8, 0x77, 0xEE, 0x1D, 0xFB, 0x87, 0x7E,
    0x73, 0x9F, 0x9C, 0xE7, 0xE7, 0xF9, 0xF8, 0xFC, 0x7E, 0x3F, 0x1F, 0x87, 0x87, 0xE1, 0xE1, 0xF8,
    0x78, 0x70, 0xF0, 0x0F, 0xF0, 0x1F, 0xE0, 0x3F, 0xE0, 0x7F, 0xC0, 0xFF, 0xC1, 0xFB, 0xC3, 0xF3,
    0x87, 0xE7, 0x8F, 0xC7, 0x9F, 0x87, 0x3F, 0x0F, 0x7E, 0x0E, 0xFC, 0x1F, 0xF8, 0x1F, 0xF0, 0x1F,
    0xE0, 0x3F, 0xC0, 0x3C, 0x07, 0xF0, 0x0F, 0xFE, 0x0F, 0x07, 0x8F, 0x01, 0xE7, 0x00, 0x77, 0x80,
    0x3B, 0x80, 0x0F, 0xC0, 0x07, 0xE0, 0x03, 0xF0, 0x01, 0xF8, 0x00, 0xFC, 0x00, 0x7F, 0x00, 0x7B,
    0x80, 0x39, 0xE0, 0x3C, 0x78, 0x3C, 0x1F, 0xFC, 0x03, 0xF8, 0x00, 0xFF, 0xC7, 0xFF, 0x38, 0x1D,
    0xC0, 0x7E, 0x03, 0xF0, 0x1F, 0x80, 0xFC, 0x07, 0xE0, 0x77, 0xFF, 0x3F, 0xF1, 0xC0, 0x0E, 0x00,
    0x70, 0x03, 0x80, 0x1C, 0x00, 0xE0, 0x07, 0x00, 0x00, 0x07, 0xF0, 0x0F, 0xFE, 0x0F, 0x07, 0x8F,
    0x01, 0xC7, 0x00, 0x73, 0x80, 0x3B, 0x80, 0x0F, 0xC0, 0x07, 0xE0, 0x03, 0xF0, 0x01, 0xF8, 0x00,
    0xFC, 0x00, 0x77, 0x1C, 0x7B, 0x87, 0x38, 0xE1, 0xFC, 0x78, 0x7C, 0x1F, 0xFC, 0x03, 0xFF, 0x00,
    0x01, 0xC0, 0xFF, 0xE3, 0xFF, 0xCE, 0x07, 0xB8, 0x0F, 0xE0, 0x1F, 0x80, 0x7E, 0x01, 0xF8, 0x07,
    0xE0, 0x3B, 0xFF, 0xCF, 0xFF, 0x38, 0x0E, 0xE0, 0x1F, 0x80, 0x7E, 0x01, 0xF8, 0x07, 0xE0, 0x1F,
    0x80, 0x70, 0x1F, 0xC0, 0xFF, 0xC7, 0x07, 0xB8, 0x0E, 0xE0, 0x3F, 0x80, 0x0F, 0x80, 0x3F, 0xE0,
    0x7F, 0xE0, 0x7F, 0xE0, 0x3F, 0x80, 0x1F, 0xE0, 0x1F, 0x80, 0x7F, 0x01, 0xDE, 0x0E, 0x3F, 0xF0,
    0x3F, 0x00, 0xFF, 0xFF, 0xFF, 0xF0, 0x38, 0x00, 0xE0, 0x03, 0x80, 0x0E, 0x00, 0x38, 0x00, 0xE0,
    0x03, 0x80, 0x0E, 0x00, 0x38, 0x00, 0xE0, 0x03, 0x80, 0x0E, 0x00, 0x38, 0x00, 0xE0, 0x03, 0x80,
    0x0E, 0x00, 0xE0, 0x1F, 0x80, 0x7E, 0x01, 0xF8, 0x07, 0xE0, 0x1F, 0x80, 0x7E, 0x01, 0xF8, 0x07,
    0xE0, 0x1F, 0x80, 0x7E, 0x01, 0xF8, 0x07, 0xE0, 0x1F, 0x80, 0x77, 0x03, 0x9E, 0x1E, 0x3F, 0xF0,
    0x3F, 0x00, 0x70, 0x03, 0xB8, 0x03, 0xDE, 0x01, 0xC7, 0x00, 0xE3, 0x80, 0xF1, 0xE0, 0x70, 0x70,
    0x38, 0x3C, 0x3C, 0x0E, 0x1C, 0x07, 0x0E, 0x03, 0xCF, 0x00, 0xE7, 0x00, 0x77, 0x80, 0x3F, 0x80,
    0x0F, 0xC0, 0x07, 0xE0, 0x03, 0xE0, 0x00, 0xF0, 0x00, 0xE0, 0x38, 0x1F, 0xE0, 0xF0, 0x39, 0xC1,
    0xF0, 0x73, 0x83, 0xE0, 0xE7, 0x07, 0xC3, 0xCF, 0x0F, 0x87, 0x0E, 0x3B, 0x0E, 0x1C, 0x77, 0x1C,
    0x38, 0xEE, 0x78, 0x79, 0x9C, 0xE0, 0x77, 0x19, 0xC0, 0xEE, 0x3B, 0x81, 0xDC, 0x7F, 0x03, 0xF0,
    0xFC, 0x03, 0xE0, 0xF8, 0x07, 0xC1, 0xF0, 0x0F, 0x83, 0xE0, 0x0E, 0x07, 0x80, 0x70, 0x0F, 0x78,
    0x1E, 0x3C, 0x1C, 0x1C, 0x3C, 0x1E, 0x38, 0x0F, 0x70, 0x07, 0xF0, 0x07, 0xE0, 0x03, 0xC0, 0x03,
    0xE0, 0x07, 0xE0, 0x07, 0xF0, 0x0F, 0x78, 0x1E, 0x38, 0x1C, 0x3C, 0x3C, 0x1E, 0x78, 0x1E, 0x70,
    0x0F, 0xF0, 0x1E, 0xE0, 0x39, 0xE0, 0xF1, 0xC1, 0xC3, 0xC7, 0x83, 0x8E, 0x07, 0xBC, 0x07, 0x70,
    0x07, 0xC0, 0x0F, 0x80, 0x0E, 0x00, 0x1C, 0x00, 0x38, 0x00, 0x70, 0x00, 0xE0, 0x01, 0xC0, 0x03,
    0x80, 0x07, 0x00, 0x7F, 0xFB, 0xFF, 0xC0, 0x1E, 0x01, 0xE0, 0x0E, 0x00, 0xF0, 0x0F, 0x00, 0x78,
    0x07, 0x80, 0x78, 0x03, 0xC0, 0x3C, 0x03, 0xE0, 0x1E, 0x01, 0xE0, 0x1F, 0x00, 0xFF, 0xFF, 0xFF,
    0xC0, 0xFF, 0xFF, 0x87, 0x0E, 0x1C, 0x38, 0x70, 0xE1, 0xC3, 0x87, 0x0E, 0x1C, 0x38, 0x70, 0xE1,
    0xC3, 0x87, 0x0F, 0xFF, 0xC0, 0xE0, 0x38, 0x07, 0x01, 0xC0, 0x70, 0x0E, 0x03, 0x80, 0xE0, 0x1C,
    0x07, 0x01, 0xC0, 0x38, 0x0E, 0x03, 0x80, 0x70, 0x1C, 0x07, 0x00, 0xE0, 0x38, 0x0E, 0x01, 0xC0,
    0x70, 0xFF, 0xFC, 0x38, 0x70, 0xE1, 0xC3, 0x87, 0x0E, 0x1C, 0x38, 0x70, 0xE1, 0xC3, 0x87, 0x0E,
    0x1C, 0x38, 0x7F, 0xFF, 0xC0, 0x1C, 0x0F, 0x0F, 0x86, 0xC7, 0x73, 0x99, 0x8F, 0xC3, 0xFF, 0xFF,
    0xFF, 0x71, 0x80, 0x1F, 0x81, 0xFF, 0x1C, 0x39, 0xC0, 0xE0, 0x07, 0x00, 0xF8, 0x7F, 0xCF, 0xFE,
    0xF0, 0x77, 0x03, 0xB8, 0x3D, 0xE3, 0xE7, 0xFF, 0x9F, 0x1C, 0xE0, 0x07, 0x00, 0x38, 0x01, 0xC0,
    0x0E, 0x7C, 0x7F, 0xF3, 0xE3, 0xDE, 0x0E, 0xE0, 0x3F, 0x01, 0xF8, 0x0F, 0xC0, 0x7E, 0x03, 0xF0,
    0x1F, 0xC1, 0xDF, 0x1E, 0xFF, 0xE7, 0x3E, 0x00, 0x0F, 0x83, 0xFE, 0x78, 0xF7, 0x07, 0xE0, 0x7E,
    0x00, 0xE0, 0x0E, 0x00, 0xE0, 0x0E, 0x07, 0x70, 0x77, 0x8F, 0x3F, 0xE0, 0xF8, 0x00, 0x38, 0x01,
    0xC0, 0x0E, 0x00, 0x71, 0xF3, 0x9F, 0xFD, 0xE3, 0xEE, 0x0F, 0xE0, 0x3F, 0x01, 0xF8, 0x0F, 0xC0,
    0x7E, 0x03, 0xF0, 0x1D, 0xC1, 0xEF, 0x1F, 0x3F, 0xF8, 0xF9, 0xC0, 0x0F, 0x81, 0xFF, 0x1E, 0x3C,
    0xE0, 0xEE, 0x03, 0xF0, 0x1F, 0xFF, 0xFF, 0xFF, 0xE0, 0x07, 0x00, 0x1C, 0x0E, 0xF0, 0xE3, 0xFE,
    0x07, 0xC0, 0x0F, 0x8F, 0xCE, 0x07, 0x0F, 0xFF, 0xFC, 0xE0, 0x70, 0x38, 0x1C, 0x0E, 0x07, 0x03,
    0x81, 0xC0, 0xE0, 0x70, 0x38, 0x1C, 0x00, 0x1F, 0x39, 0xFF, 0xDE, 0x3E, 0xE0, 0xFE, 0x03, 0xF0,
    0x1F, 0x80, 0xFC, 0x07, 0xE0, 0x3B, 0x83, 0xDE, 0x3E, 0x7F, 0xF1, 0xF3, 0x80, 0x1F, 0xC0, 0xEE,
    0x0E, 0x3F, 0xE0, 0xFE, 0x00, 0xE0, 0x1C, 0x03, 0x80, 0x70, 0x0E, 0xF9, 0xFF, 0xBC, 0x7F, 0x07,
    0xE0, 0xFC, 0x1F, 0x83, 0xF0, 0x7E, 0x0F, 0xC1, 0xF8, 0x3F, 0x07, 0xE0, 0xFC, 0x1C, 0xFC, 0x0F,
    0xFF, 0xFF, 0xFF, 0xFF, 0xFC, 0x1C, 0x70, 0x00, 0x1C, 0x71, 0xC7, 0x1C, 0x71, 0xC7, 0x1C, 0x71,
    0xC7, 0x1C, 0x71, 0xC7, 0xFB, 0xE0, 0xE0, 0x07, 0x00, 0x38, 0x01, 0xC0, 0x0E, 0x0F, 0x70, 0xF3,
    0x8F, 0x1C, 0xF0, 0xE7, 0x07, 0x70, 0x3F, 0xC1, 0xFE, 0x0F, 0x38, 0x79, 0xE3, 0x87, 0x1C, 0x3C,
    0xE0, 0xF7, 0x03, 0x80, 0xE7, 0x39, 0xCE, 0x73, 0x9C, 0xE7, 0x39, 0xCE, 0x73, 0x9C, 0xFB, 0xC0,
    0xEF, 0x8F, 0x9F, 0xFB, 0xFB, 0xC7, 0xC7, 0xF0, 0x70, 0x7E, 0x0E, 0x0F, 0xC1, 0xC1, 0xF8, 0x38,
    0x3F, 0x07, 0x07, 0xE0, 0xE0, 0xFC, 0x1C, 0x1F, 0x83, 0x83, 0xF0, 0x70, 0x7E, 0x0E, 0x0F, 0xC1,
    0xC1, 0xC0, 0xEF, 0x9F, 0xFB, 0xC7, 0x70, 0x7E, 0x0F, 0xC1, 0xF8, 0x3F, 0x07, 0xE0, 0xFC, 0x1F,
    0x83, 0xF0, 0x7E, 0x0F, 0xC1, 0xC0, 0x0F, 0x81, 0xFF, 0x1E, 0x3C, 0xE0, 0xEE, 0x03, 0xF0, 0x1F,
    0x80, 0xFC, 0x07, 0xE0, 0x3F, 0x01, 0xDC, 0x1C, 0xF1, 0xE3, 0xFE, 0x07, 0xC0, 0xE7, 0xC7, 0xFF,
    0x3E, 0x3D, 0xE0, 0xEE, 0x03, 0xF0, 0x1F, 0x80, 0xFC, 0x07, 0xE0, 0x3F, 0x01, 0xFC, 0x1D, 0xF1,
    0xEF, 0xFE, 0x73, 0xE3, 0x80, 0x1C, 0x00, 0xE0, 0x07, 0x00, 0x00, 0x1F, 0x39, 0xFF, 0xDE, 0x3E,
    0xE0, 0xFE, 0x03, 0xF0, 0x1F, 0x80, 0xFC, 0x07, 0xE0, 0x3F, 0x01, 0xDC, 0x1E, 0xF1, 0xF3, 0xFF,
    0x8F, 0x9C, 0x00, 0xE0, 0x07, 0x00, 0x38, 0x01, 0xC0, 0xEF, 0xFF, 0xF0, 0xE0, 0xE0, 0xE0, 0xE0,
    0xE0, 0xE0, 0xE0, 0xE0, 0xE0, 0xE0, 0xE0, 0x1F, 0x0F, 0xFB, 0xC7, 0x70, 0x7E, 0x01, 0xF0, 0x1F,
    0xE1, 0xFE, 0x07, 0xE0, 0x1F, 0x83, 0xF8, 0xF7, 0xFC, 0x7E, 0x00, 0x38, 0x1C, 0x0E, 0x1F, 0xFF,
    0xF9, 0xC0, 0xE0, 0x70, 0x38, 0x1C, 0x0E, 0x07, 0x03, 0x81, 0xC0, 0xE0, 0x7F, 0x1F, 0x80, 0xE0,
    0xFC, 0x1F, 0x83, 0xF0, 0x7E, 0x0F, 0xC1, 0xF8, 0x3F, 0x07, 0xE0, 0xFC, 0x1F, 0x83, 0xF8, 0xF7,
    0xFE, 0x7D, 0xC0, 0xE0, 0x3F, 0x03, 0xFC, 0x1C, 0xE0, 0xE7, 0x0F, 0x3C, 0x70, 0xE3, 0x87, 0x38,
    0x3D, 0xC0, 0xEE, 0x07, 0xE0, 0x1F, 0x00, 0xF8, 0x07, 0x80, 0xE0, 0xE0, 0xFC, 0x1C, 0x1F, 0x87,
    0xC3, 0xB8, 0xF8, 0xE7, 0x1F, 0x1C, 0xE3, 0x63, 0x9C, 0xEE, 0xF1, 0xDD, 0xDC, 0x3B, 0x1B, 0x87,
    0x63, 0x70, 0x7C, 0x7C, 0x0F, 0x8F, 0x81, 0xE0, 0xF0, 0x3C, 0x1E, 0x00, 0x70, 0x39, 0xE1, 0xC3,
    0x8F, 0x07, 0x38, 0x1F, 0xC0, 0x3F, 0x00, 0x78, 0x01, 0xE0, 0x0F, 0xC0, 0x7F, 0x81, 0xCE, 0x0E,
    0x3C, 0x78, 0x7B, 0xC0, 0xE0, 0xE0, 0x3F, 0x83, 0xDC, 0x1C, 0xE0, 0xE7, 0x8F, 0x1C, 0x70, 0xE3,
    0x87, 0x3C, 0x1D, 0xC0, 0xEE, 0x07, 0x60, 0x1F, 0x00, 0xF8, 0x07, 0x80, 0x1C, 0x00, 0xE0, 0x3E,
    0x01, 0xE0, 0x00, 0xFF, 0xFF, 0xFC, 0x07, 0x81, 0xE0, 0x78, 0x0E, 0x03, 0xC0, 0xF0, 0x3C, 0x07,
    0x01, 0xE0, 0x78, 0x0F, 0xFF, 0xFF, 0xC0, 0x03, 0xC3, 0xF1, 0xE0, 0x70, 0x1C, 0x07, 0x01, 0xC0,
    0x70, 0x1C, 0x0E, 0x0F, 0x03, 0xC0, 0x38, 0x07, 0x01, 0xC0, 0x70, 0x1C, 0x07, 0x01, 0xC0, 0x78,
    0x0F, 0xC1, 0xF0, 0xFF, 0xFF, 0xFF, 0xFF, 0xFF, 0xFF, 0xFF, 0xFF, 0xC0, 0xF0, 0x7C, 0x0F, 0x03,
    0x81, 0xC0, 0xE0, 0x70, 0x38, 0x1C, 0x07, 0x01, 0xE0, 0xF0, 0xE0, 0xE0, 0x70, 0x38, 0x1C, 0x0E,
    0x07, 0x07, 0x8F, 0x87, 0x80, 0x38, 0xEF, 0x1F, 0x93, 0xF1, 0xEE, 0x38, 0x00, 0xFC, 0x00, 0x3F,
    0xFF, 0xFF, 0xFF, 0xFC, 0x03, 0x00, 0x30, 0x0F, 0x83, 0xFE, 0x7A, 0xF7, 0x27, 0xE6, 0x7E, 0x60,
    0xE6, 0x0E, 0x60, 0xE6, 0x77, 0x67, 0x7E, 0xF3, 0xFE, 0x0F, 0x80, 0x60, 0x04, 0x00, 0xC0, 0x07,
    0xC0, 0xFF, 0x87, 0x1E, 0x70, 0x73, 0x80, 0x1C, 0x00, 0xE0, 0x07, 0x80, 0xFF, 0xC7, 0xFE, 0x07,
    0x00, 0x38, 0x01, 0xC0, 0x1C, 0x00, 0xE0, 0x0E, 0x00, 0xFF, 0xFF, 0xFF, 0xC0, 0xC0, 0x1F, 0x7D,
    0xDF, 0xFC, 0x71, 0xC7, 0x07, 0x38, 0x39, 0xC1, 0xCE, 0x0E, 0x70, 0x71, 0xC7, 0x1F, 0xFD, 0xDF,
    0x7C, 0x01, 0x80, 0x70, 0x0F, 0x78, 0x0E, 0x3C, 0x1E, 0x3C, 0x1C, 0x1E, 0x3C, 0x0E, 0x38, 0x0F,
    0x78, 0x07, 0x70, 0x07, 0xE0, 0x1F, 0xFE, 0x1F, 0xFE, 0x01, 0xC0, 0x01, 0xC0, 0x1F, 0xFE, 0x1F,
    0xFE, 0x01, 0xC0, 0x01, 0xC0, 0x01, 0xC0, 0xFF, 0xFF, 0xFF, 0xE0, 0x01, 0xFF, 0xFF, 0xFF, 0xC0,
    0x1F, 0x0F, 0xFB, 0xC7, 0x70, 0x7E, 0x01, 0xF0, 0x0F, 0xC3, 0xFE, 0xF1, 0xFC, 0x1F, 0x83, 0xF8,
    0xF7, 0xFC, 0x3F, 0x80, 0xF8, 0x07, 0xE0, 0xFE, 0x3D, 0xFF, 0x0F, 0xC0, 0xE7, 0xE7, 0x03, 0xF0,
    0x03, 0xFF, 0x01, 0xE1, 0xE0, 0xE0, 0x1C, 0x71, 0xE3, 0x99, 0xFE, 0x6E, 0x71, 0x9F, 0x38, 0x73,
    0xCE, 0x00, 0xF3, 0x80, 0x3C, 0xE0, 0x0F, 0x38, 0x73, 0xE7, 0x19, 0xD9, 0xFE, 0x67, 0x1E, 0x38,
    0xE0, 0x1C, 0x1E, 0x1E, 0x03, 0xFF, 0x00, 0x3F, 0x00, 0x3E, 0x3F, 0xB8, 0xC0, 0x63, 0xF7, 0x1B,
    0x1D, 0xFF, 0x79, 0x80, 0x1E, 0x79, 0xE7, 0x9E, 0x79, 0xE7, 0x8E, 0x38, 0x71, 0xC3, 0xC7, 0x0F,
    0x3C, 0x3C, 0xF0, 0xF3, 0xC0, 0xFF, 0xFF, 0xFF, 0x00, 0x70, 0x07, 0x00, 0x70, 0x07, 0x00, 0x70,
    0xFF, 0xFF, 0xF8, 0x0F, 0xC0, 0x61, 0x83, 0x03, 0x1B, 0xE6, 0xCC, 0xCF, 0x33, 0x3C, 0xCC, 0xF3,
    0xE3, 0xCD, 0x8F, 0x36, 0x36, 0xCD, 0x8C, 0x0C, 0x18, 0x60, 0x3F, 0x00, 0xFF, 0xFC, 0x3E, 0x3F,
    0xBD, 0xFC, 0x7E, 0x3F, 0x1F, 0xDE, 0xFE, 0x3E, 0x00, 0x0E, 0x00, 0xE0, 0x0E, 0x00, 0xE0, 0x0E,
    0x0F, 0xFF, 0xFF, 0xF0, 0xE0, 0x0E, 0x00, 0xE0, 0x0E, 0x00, 0xE0, 0x00, 0x0F, 0xFF, 0xFF, 0xF0,
    0x3C, 0xFF, 0x18, 0x30, 0xE7, 0x9C, 0x70, 0xFF, 0xFC, 0x3C, 0xFF, 0x98, 0x31, 0xC3, 0x81, 0xE3,
    0xFE, 0xF8, 0x77, 0x00, 0xE0, 0xFC, 0x1F, 0x83, 0xF0, 0x7E, 0x0F, 0xC1, 0xF8, 0x3F, 0x07, 0xE0,
    0xFC, 0x1F, 0x83, 0xF8, 0xFF, 0xFF, 0xFD, 0xF8, 0x07, 0x00, 0xE0, 0x1C, 0x00, 0x0F, 0xFC, 0xFF,
    0xF7, 0xF9, 0xDF, 0xE7, 0x7F, 0x9D, 0xFE, 0x77, 0xF9, 0xDF, 0xE7, 0x3F, 0x9C, 0x3E, 0x70, 0x39,
    0xC0, 0xE7, 0x03, 0x9C, 0x0E, 0x70, 0x39, 0xC0, 0xE7, 0x03, 0x9C, 0x0E, 0x70, 0xFC, 0x30, 0xE0,
    0xC3, 0xCD, 0xE0, 0x18, 0xFF, 0xF1, 0x8C, 0x63, 0x18, 0xC0, 0x3E, 0x3F, 0xB8, 0xF8, 0x3C, 0x1E,
    0x0F, 0x8E, 0xFE, 0x3E, 0x00, 0xF3, 0xC3, 0xCF, 0x0F, 0x3C, 0x38, 0xF0, 0xE3, 0x87, 0x1C, 0x79,
    0xE7, 0x9E, 0x79, 0xE7, 0x9E, 0x00, 0x18, 0x03, 0x03, 0x00, 0xC3, 0xE0, 0x18, 0x0C, 0x06, 0x01,
    0x81, 0x80, 0x30, 0x30, 0x06, 0x0C, 0x00, 0xC3, 0x00, 0x18, 0x61, 0x83, 0x18, 0x70, 0x06, 0x1E,
    0x00, 0xC3, 0xC0, 0x30, 0xD8, 0x0C, 0x33, 0x01, 0x87, 0xF8, 0x60, 0xFF, 0x1C, 0x01, 0x83, 0x00,
    0x30, 0x18, 0x03, 0x81, 0x80, 0x30, 0xF8, 0x06, 0x01, 0x80, 0xE0, 0x18, 0x0C, 0x01, 0x81, 0x80,
    0x18, 0x38, 0x01, 0x83, 0x00, 0x18, 0x61, 0xE1, 0x8C, 0x3F, 0x00, 0xC6, 0x30, 0x18, 0x03, 0x03,
    0x00, 0x70, 0x30, 0x1E, 0x06, 0x03, 0x80, 0xC0, 0x70, 0x1C, 0x07, 0xF1, 0x80, 0x7F, 0x3C, 0x01,
    0x87, 0xE0, 0x30, 0xE6, 0x03, 0x00, 0x60, 0x60, 0x18, 0x0C, 0x00, 0x60, 0xC0, 0x06, 0x18, 0x0C,
    0x63, 0x00, 0xFE, 0x30, 0xC7, 0xC6, 0x1C, 0x00, 0xC3, 0xC0, 0x0C, 0x3C, 0x01, 0x86, 0xC0, 0x30,
    0xCC, 0x03, 0x0F, 0xF0, 0x60, 0xFF, 0x0C, 0x00, 0xC0, 0xC0, 0x0C, 0x07, 0x00, 0x70, 0x00, 0x00,
    0x00, 0x07, 0x00, 0x70, 0x0F, 0x01, 0xE0, 0x7C, 0x07, 0x80, 0xF0, 0x0E, 0x00, 0xE0, 0x7E, 0x0F,
    0x70, 0xE3, 0xFC, 0x1F, 0x80, 0x03, 0x80, 0x00, 0xE0, 0x00, 0x00, 0x00, 0x00, 0x00, 0x00, 0x00,
    0x0F, 0x00, 0x0F, 0x80, 0x07, 0xE0, 0x03, 0xF0, 0x03, 0xF8, 0x01, 0xCE, 0x00, 0xE7, 0x00, 0xE3,
    0xC0, 0x70, 0xE0, 0x78, 0x70, 0x38, 0x3C, 0x1F, 0xFE, 0x1F, 0xFF, 0x0E, 0x01, 0xC7, 0x00, 0xE7,
    0x80, 0x73, 0x80, 0x3D, 0xC0, 0x0E, 0x00, 0x70, 0x00, 0x60, 0x00, 0x00, 0x00, 0x00, 0x00, 0x00,
    0x00, 0x0F, 0x00, 0x0F, 0x80, 0x07, 0xE0, 0x03, 0xF0, 0x03, 0xF8, 0x01, 0xCE, 0x00, 0xE7, 0x00,
    0xE3, 0xC0, 0x70, 0xE0, 0x78, 0x70, 0x38, 0x3C, 0x1F, 0xFE, 0x1F, 0xFF, 0x0E, 0x01, 0xC7, 0x00,
    0xE7, 0x80, 0x73, 0x80, 0x3D, 0xC0, 0x0E, 0x01, 0xC0, 0x00, 0xF0, 0x00, 0xFC, 0x00, 0xE6, 0x00,
    0x63, 0x80, 0x00, 0x00, 0x07, 0x80, 0x07, 0xC0, 0x03, 0xF0, 0x01, 0xF8, 0x01, 0xFC, 0x00, 0xE7,
    0x00, 0x73, 0x80, 0x71, 0xE0, 0x38, 0x70, 0x3C, 0x38, 0x1C, 0x1E, 0x0F, 0xFF, 0x0F, 0xFF, 0x87,
    0x00, 0xE3, 0x80, 0x73, 0xC0, 0x39, 0xC0, 0x1E, 0xE0, 0x07, 0x03, 0x98, 0x03, 0xFC, 0x03, 0x3C,
    0x00, 0x00, 0x00, 0x00, 0x00, 0x0F, 0x00, 0x0F, 0x80, 0x07, 0xE0, 0x07, 0xF0, 0x03, 0xB8, 0x01,
    0xDE, 0x01, 0xE7, 0x00, 0xE3, 0x80, 0x71, 0xE0, 0x78, 0x70, 0x38, 0x3C, 0x1F, 0xFE, 0x1F, 0xFF,
    0x0E, 0x01, 0xC7, 0x00, 0xE7, 0x80, 0x73, 0x80, 0x3D, 0xC0, 0x0E, 0x0E, 0x70, 0x0E, 0x70, 0x00,
    0x00, 0x00, 0x00, 0x03, 0xC0, 0x07, 0xE0, 0x07, 0xE0, 0x07, 0xE0, 0x0F, 0xF0, 0x0E, 0x70, 0x0E,
    0x70, 0x1E, 0x78, 0x1C, 0x38, 0x1C, 0x38, 0x3C, 0x3C, 0x3F, 0xFC, 0x3F, 0xFC, 0x70, 0x0E, 0x70,
    0x0E, 0x70, 0x0E, 0xF0, 0x0F, 0xE0, 0x07, 0x01, 0xC0, 0x01, 0xB0, 0x00, 0xD8, 0x00, 0x38, 0x00,
    0x00, 0x00, 0x00, 0x00, 0x0F, 0x00, 0x07, 0xC0, 0x03, 0xE0, 0x03, 0xB8, 0x01, 0xDC, 0x00, 0xEE,
    0x00, 0xE3, 0x80, 0x71, 0xC0, 0x78, 0xE0, 0x38, 0x38, 0x1C, 0x1C, 0x1F, 0xFE, 0x0F, 0xFF, 0x87,
    0x01, 0xC7, 0x80, 0xF3, 0x80, 0x39, 0xC0, 0x1D, 0xE0, 0x0F, 0x00, 0x7F, 0xFE, 0x01, 0xFF, 0xFC,
    0x03, 0xB8, 0x00, 0x0E, 0x70, 0x00, 0x1C, 0xE0, 0x00, 0x71, 0xC0, 0x00, 0xE3, 0x80, 0x03, 0x87,
    0x00, 0x07, 0x0F, 0xFE, 0x1C, 0x1F, 0xFC, 0x38, 0x38, 0x00, 0xFF, 0xF0, 0x01, 0xFF, 0xE0, 0x07,
    0x01, 0xC0, 0x1E, 0x03, 0x80, 0x38, 0x07, 0x00, 0xF0, 0x0F, 0xFF, 0xC0, 0x1F, 0xFC, 0x07, 0xE0,
    0x1F, 0xF8, 0x3C, 0x3C, 0x78, 0x1E, 0x70, 0x0E, 0xF0, 0x0F, 0xE0, 0x00, 0xE0, 0x00, 0xE0, 0x00,
    0xE0, 0x00, 0xE0, 0x00, 0xE0, 0x00, 0xF0, 0x0F, 0x70, 0x0E, 0x78, 0x1E, 0x3C, 0x3C, 0x1F, 0xF8,
    0x07, 0xE0, 0x01, 0x00, 0x01, 0xE0, 0x00, 0x60, 0x06, 0x60, 0x03, 0xC0, 0x1C, 0x00, 0xE0, 0x00,
    0x00, 0x00, 0x00, 0x0F, 0xFF, 0xFF, 0xFE, 0x00, 0xE0, 0x0E, 0x00, 0xE0, 0x0E, 0x00, 0xE0, 0x0F,
    0xFF, 0xFF, 0xFE, 0x00, 0xE0, 0x0E, 0x00, 0xE0, 0x0E, 0x00, 0xE0, 0x0F, 0xFF, 0xFF, 0xF0, 0x07,
    0x80, 0x60, 0x00, 0x00, 0x00, 0x00, 0x0F, 0xFF, 0xFF, 0xFE, 0x00, 0xE0, 0x0E, 0x00, 0xE0, 0x0E,
    0x00, 0xE0, 0x0F, 0xFF, 0xFF, 0xFE, 0x00, 0xE0, 0x0E, 0x00, 0xE0, 0x0E, 0x00, 0xE0, 0x0F, 0xFF,
    0xFF, 0xF0, 0x0E, 0x00, 0xF0, 0x1B, 0x83, 0x98, 0x31, 0xC0, 0x00, 0xFF, 0xFF, 0xFF, 0xE0, 0x0E,
    0x00, 0xE0, 0x0E, 0x00, 0xE0, 0x0E, 0x00, 0xFF, 0xFF, 0xFF, 0xE0, 0x0E, 0x00, 0xE0, 0x0E, 0x00,
    0xE0, 0x0E, 0x00, 0xFF, 0xFF, 0xFF, 0x39, 0xC3, 0x9C, 0x00, 0x00, 0x00, 0xFF, 0xFF, 0xFF, 0xE0,
    0x0E, 0x00, 0xE0, 0x0E, 0x00, 0xE0, 0x0E, 0x00, 0xFF, 0xFF, 0xFF, 0xE0, 0x0E, 0x00, 0xE0, 0x0E,
    0x00, 0xE0, 0x0E, 0x00, 0xFF, 0xFF, 0xFF, 0x71, 0xC0, 0x00, 0x1C, 0xE7, 0x39, 0xCE, 0x73, 0x9C,
    0xE7, 0x39, 0xCE, 0x73, 0x9C, 0xE0, 0x73, 0x00, 0x00, 0x73, 0x9C, 0xE7, 0x39, 0xCE, 0x73, 0x9C,
    0xE7, 0x39, 0xCE, 0x73, 0x80, 0x38, 0xF9, 0xB7, 0x7C, 0x60, 0x0E, 0x1C, 0x38, 0x70, 0xE1, 0xC3,
    0x87, 0x0E, 0x1C, 0x38, 0x70, 0xE1, 0xC3, 0x87, 0x0E, 0x1C, 0xE7, 0xE7, 0x00, 0x00, 0x1C, 0x1C,
    0x1C, 0x1C, 0x1C, 0x1C, 0x1C, 0x1C, 0x1C, 0x1C, 0x1C, 0x1C, 0x1C, 0x1C, 0x1C, 0x1C, 0x1C, 0x1C,
    0x3F, 0xF0, 0x1F, 0xFE, 0x0E, 0x07, 0x87, 0x01, 0xE3, 0x80, 0x71, 0xC0, 0x3C, 0xE0, 0x0E, 0x70,
    0x07, 0xFF, 0xC3, 0xFF, 0xE1, 0xCE, 0x00, 0xE7, 0x00, 0x73, 0x80, 0x79, 0xC0, 0x38, 0xE0, 0x3C,
    0x70, 0x3C, 0x3F, 0xFC, 0x1F, 0xF8, 0x00, 0x0F, 0x30, 0x3F, 0xE0, 0x67, 0x80, 0x00, 0x00, 0x00,
    0x1E, 0x01, 0xFE, 0x03, 0xFC, 0x07, 0xFC, 0x0F, 0xF8, 0x1F, 0xF8, 0x3F, 0x78, 0x7E, 0x70, 0xFC,
    0xF1, 0xF8, 0xE3, 0xF1, 0xE7, 0xE1, 0xEF, 0xC1, 0xDF, 0x83, 0xFF, 0x03, 0xFE, 0x03, 0xFC, 0x07,
    0xF8, 0x07, 0x80, 0x03, 0x80, 0x00, 0xE0, 0x00, 0x00, 0x00, 0x00, 0x00, 0x00, 0x00, 0x00, 0x00,
    0x1F, 0xC0, 0x3F, 0xF8, 0x3C, 0x1E, 0x3C, 0x07, 0x9C, 0x01, 0xDE, 0x00, 0xEE, 0x00, 0x3F, 0x00,
    0x1F, 0x80, 0x0F, 0xC0, 0x07, 0xE0, 0x03, 0xF0, 0x01, 0xFC, 0x01, 0xEE, 0x00, 0xE7, 0x80, 0xF1,
    0xE0, 0xF0, 0x7F, 0xF0, 0x0F, 0xE0, 0x00, 0xE0, 0x00, 0xE0, 0x00, 0x00, 0x00, 0x00, 0x00, 0x7F,
    0x00, 0xFF, 0xE0, 0xF0, 0x78, 0xF0, 0x1E, 0x70, 0x07, 0x78, 0x03, 0xB8, 0x00, 0xFC, 0x00, 0x7E,
    0x00, 0x3F, 0x00, 0x1F, 0x80, 0x0F, 0xC0, 0x07, 0xF0, 0x07, 0xB8, 0x03, 0x9E, 0x03, 0xC7, 0x83,
    0xC1, 0xFF, 0xC0, 0x3F, 0x80, 0x03, 0xE0, 0x01, 0xF0, 0x01, 0xDC, 0x00, 0xC6, 0x00, 0x00, 0x00,
    0x00, 0x00, 0x1F, 0xC0, 0x3F, 0xF8, 0x3C, 0x1E, 0x3C, 0x07, 0x9C, 0x01, 0xDE, 0x00, 0xEE, 0x00,
    0x3F, 0x00, 0x1F, 0x80, 0x0F, 0xC0, 0x07, 0xE0, 0x03, 0xF0, 0x01, 0xFC, 0x01, 0xEE, 0x00, 0xE7,
    0x80, 0xF1, 0xE0, 0xF0, 0x7F, 0xF0, 0x0F, 0xE0, 0x07, 0x18, 0x07, 0xCC, 0x03, 0x3C, 0x01, 0x8E,
    0x00, 0x00, 0x00, 0x00, 0x00, 0x1F, 0xC0, 0x3F, 0xF8, 0x3C, 0x1E, 0x3C, 0x07, 0x9C, 0x01, 0xDE,
    0x00, 0xEE, 0x00, 0x3F, 0x00, 0x1F, 0x80, 0x0F, 0xC0, 0x07, 0xE0, 0x03, 0xF0, 0x01, 0xFC, 0x01,
    0xEE, 0x00, 0xE7, 0x80, 0xF1, 0xE0, 0xF0, 0x7F, 0xF0, 0x0F, 0xE0, 0x0E, 0x70, 0x07, 0x38, 0x00,
    0x00, 0x00, 0x00, 0x00, 0x00, 0x00, 0x3F, 0x80, 0x7F, 0xF0, 0x78, 0x3C, 0x78, 0x0F, 0x38, 0x03,
    0xBC, 0x01, 0xDC, 0x00, 0x7E, 0x00, 0x3F, 0x00, 0x1F, 0x80, 0x0F, 0xC0, 0x07, 0xE0, 0x03, 0xF8,
    0x03, 0xDC, 0x01, 0xCF, 0x01, 0xE3, 0xC1, 0xE0, 0xFF, 0xE0, 0x1F, 0xC0, 0x60, 0x5C, 0x1D, 0xC7,
    0x9D, 0xE1, 0xF8, 0x1E, 0x07, 0xC1, 0xFC, 0x79, 0xDE, 0x1D, 0x83, 0x00, 0x07, 0xF3, 0x0F, 0xFF,
    0x0F, 0x07, 0x8F, 0x03, 0xE7, 0x01, 0xF7, 0x81, 0xBB, 0x81, 0xCF, 0xC1, 0xC7, 0xE0, 0xC3, 0xF0,
    0xC1, 0xF8, 0xE0, 0xFC, 0xE0, 0x7F, 0x60, 0x7B, 0xE0, 0x39, 0xF0, 0x3C, 0x78, 0x3C, 0x3F, 0xFC,
    0x33, 0xF8, 0x00, 0x0E, 0x00, 0x1C, 0x00, 0x00, 0x00, 0x00, 0x00, 0x00, 0x00, 0x0E, 0x01, 0xF8,
    0x07, 0xE0, 0x1F, 0x80, 0x7E, 0x01, 0xF8, 0x07, 0xE0, 0x1F, 0x80, 0x7E, 0x01, 0xF8, 0x07, 0xE0,
    0x1F, 0x80, 0x7E, 0x01, 0xF8, 0x07, 0x70, 0x39, 0xE1, 0xE3, 0xFF, 0x03, 0xF0, 0x01, 0xC0, 0x0E,
    0x00, 0x00, 0x00, 0x00, 0xE0, 0x1F, 0x80, 0x7E, 0x01, 0xF8, 0x07, 0xE0, 0x1F, 0x80, 0x7E, 0x01,
    0xF8, 0x07, 0xE0, 0x1F, 0x80, 0x7E, 0x01, 0xF8, 0x07, 0xE0, 0x1F, 0x80, 0x77, 0x03, 0x9E, 0x1E,
    0x3F, 0xF0, 0x3F, 0x00, 0x07, 0x80, 0x3F, 0x00, 0xCC, 0x07, 0x38, 0x00, 0x00, 0x00, 0x0E, 0x01,
    0xF8, 0x07, 0xE0, 0x1F, 0x80, 0x7E, 0x01, 0xF8, 0x07, 0xE0, 0x1F, 0x80, 0x7E, 0x01, 0xF8, 0x07,
    0xE0, 0x1F, 0x80, 0x7E, 0x01, 0xF8, 0x07, 0x70, 0x39, 0xE1, 0xE3, 0xFF, 0x03, 0xF0, 0x1C, 0xE0,
    0x73, 0x80, 0x00, 0x00, 0x00, 0x00, 0x03, 0x80, 0x7E, 0x01, 0xF8, 0x07, 0xE0, 0x1F, 0x80, 0x7E,
    0x01, 0xF8, 0x07, 0xE0, 0x1F, 0x80, 0x7E, 0x01, 0xF8, 0x07, 0xE0, 0x1F, 0x80, 0x7E, 0x01, 0xDC,
    0x0E, 0x78, 0x78, 0xFF, 0xC0, 0xFC, 0x00, 0x01, 0xC0, 0x03, 0x00, 0x00, 0x00, 0x00, 0x00, 0x00,
    0x1E, 0x03, 0xDC, 0x07, 0x3C, 0x1E, 0x38, 0x38, 0x78, 0xF0, 0x71, 0xC0, 0xF7, 0x80, 0xEE, 0x00,
    0xF8, 0x01, 0xF0, 0x01, 0xC0, 0x03, 0x80, 0x07, 0x00, 0x0E, 0x00, 0x1C, 0x00, 0x38, 0x00, 0x70,
    0x00, 0xE0, 0x00, 0xE0, 0x07, 0x00, 0x38, 0x01, 0xC0, 0x0F, 0xFC, 0x7F, 0xF3, 0x81, 0xDC, 0x07,
    0xE0, 0x3F, 0x01, 0xF8, 0x0F, 0xC0, 0xEF, 0xFE, 0x7F, 0xE3, 0x80, 0x1C, 0x00, 0xE0, 0x07, 0x00,
    0x00, 0x1F, 0x81, 0xFF, 0x1C, 0x3D, 0xC0, 0xEE, 0x07, 0x70, 0x3B, 0x83, 0x9C, 0xF8, 0xE7, 0xE7,
    0x07, 0xB8, 0x1F, 0xC0, 0x7E, 0x03, 0xF0, 0x1F, 0x80, 0xFC, 0x0E, 0xE7, 0xE7, 0x3E, 0x00, 0x1E,
    0x00, 0x70, 0x00, 0x00, 0x00, 0x01, 0xF8, 0x1F, 0xF1, 0xC3, 0x9C, 0x0E, 0x00, 0x70, 0x0F, 0x87,
    0xFC, 0xFF, 0xEF, 0x07, 0x70, 0x3B, 0x83, 0xDE, 0x3E, 0x7F, 0xF9, 0xF1, 0xC0, 0x03, 0x80, 0x38,
    0x00, 0x00, 0x00, 0x01, 0xF8, 0x1F, 0xF1, 0xC3, 0x9C, 0x0E, 0x00, 0x70, 0x0F, 0x87, 0xFC, 0xFF,
    0xEF, 0x07, 0x70, 0x3B, 0x83, 0xDE, 0x3E, 0x7F, 0xF9, 0xF1, 0xC0, 0x0F, 0x00, 0x7C, 0x07, 0xE0,
    0x33, 0x83, 0x8C, 0x00, 0x00, 0x7E, 0x07, 0xFC, 0x70, 0xE7, 0x03, 0x80, 0x1C, 0x03, 0xE1, 0xFF,
    0x3F, 0xFB, 0xC1, 0xDC, 0x0E, 0xE0, 0xF7, 0x8F, 0x9F, 0xFE, 0x7C, 0x70, 0x1E, 0x61, 0xFF, 0x0C,
    0xF0, 0x00, 0x00, 0x00, 0x0F, 0xC0, 0xFF, 0x8E, 0x1C, 0xE0, 0x70, 0x03, 0x80, 0x7C, 0x3F, 0xE7,
    0xFF, 0x78, 0x3B, 0x81, 0xDC, 0x1E, 0xF1, 0xF3, 0xFF, 0xCF, 0x8E, 0x39, 0xC1, 0xCE, 0x00, 0x00,
    0x00, 0x01, 0xF8, 0x1F, 0xF1, 0xC3, 0x9C, 0x0E, 0x00, 0x70, 0x0F, 0x87, 0xFC, 0xFF, 0xEF, 0x07,
    0x70, 0x3B, 0x83, 0xDE, 0x3E, 0x7F, 0xF9, 0xF1, 0xC0, 0x07, 0x00, 0x6C, 0x03, 0x60, 0x1B, 0x00,
    0x70, 0x00, 0x00, 0x7E, 0x07, 0xFC, 0x70, 0xE7, 0x83, 0x80, 0x1C, 0x03, 0xE1, 0xFF, 0x3F, 0xFB,
    0xC1, 0xDC, 0x0E, 0xE0, 0xF7, 0x8F, 0x9F, 0xFE, 0x7C, 0x70, 0x1F, 0x87, 0xC0, 0xFF, 0x7F, 0xC7,
    0x0F, 0xC7, 0xBC, 0x1E, 0x0E, 0x00, 0x70, 0x1C, 0x01, 0xC0, 0x70, 0xFF, 0xFF, 0xDF, 0xFF, 0xFF,
    0xF8, 0x70, 0x03, 0x81, 0xC0, 0x0E, 0x0F, 0x81, 0xFC, 0x7F, 0x0E, 0x7F, 0x9F, 0xF0, 0xF8, 0x1F,
    0x00, 0x0F, 0x83, 0xFE, 0x78, 0xF7, 0x07, 0xE0, 0x7E, 0x00, 0xE0, 0x0E, 0x00, 0xE0, 0x0E, 0x07,
    0x70, 0x77, 0x8E, 0x3F, 0xE0, 0xF8, 0x06, 0x00, 0x78, 0x01, 0x81, 0x98, 0x0F, 0x00, 0x0E, 0x00,
    0x38, 0x00, 0x00, 0x00, 0x00, 0xF8, 0x1F, 0xF1, 0xE3, 0xCE, 0x0E, 0xE0, 0x3F, 0x01, 0xFF, 0xFF,
    0xFF, 0xFE, 0x00, 0x70, 0x01, 0xC0, 0xEF, 0x0E, 0x3F, 0xE0, 0x7C, 0x00, 0x03, 0xC0, 0x3C, 0x00,
    0x00, 0x00, 0x00, 0x00, 0x07, 0xC0, 0xFF, 0x8F, 0x1E, 0x70, 0x77, 0x01, 0xF8, 0x0F, 0xFF, 0xFF,
    0xFF, 0xF0, 0x03, 0x80, 0x0E, 0x07, 0x78, 0x71, 0xFF, 0x03, 0xE0, 0x07, 0x80, 0x7E, 0x07, 0x30,
    0x31, 0xC0, 0x00, 0x07, 0xC0, 0xFF, 0x8F, 0x1E, 0x70, 0x77, 0x01, 0xF8, 0x0F, 0xFF, 0xFF, 0xFF,
    0xF0, 0x03, 0x80, 0x0E, 0x07, 0x78, 0x71, 0xFF, 0x03, 0xE0, 0x1C, 0xE0, 0xE7, 0x00, 0x00, 0x00,
    0x00, 0xF8, 0x1F, 0xF1, 0xE3, 0xCE, 0x0E, 0xE0, 0x3F, 0x01, 0xFF, 0xFF, 0xFF, 0xFE, 0x00, 0x70,
    0x01, 0xC0, 0xEF, 0x0E, 0x3F, 0xE0, 0x7C, 0x00, 0x71, 0xC0, 0x00, 0x1C, 0xE7, 0x39, 0xCE, 0x73,
    0x9C, 0xE7, 0x39, 0xCE, 0x77, 0x00, 0x00, 0x73, 0x9C, 0xE7, 0x39, 0xCE, 0x73, 0x9C, 0xE7, 0x38,
    0x38, 0xDB, 0xBE, 0x30, 0x07, 0x0E, 0x1C, 0x38, 0x70, 0xE1, 0xC3, 0x87, 0x0E, 0x1C, 0x38, 0x70,
    0xE0, 0xE7, 0xE7, 0x00, 0x00, 0x1C, 0x1C, 0x1C, 0x1C, 0x1C, 0x1C, 0x1C, 0x1C, 0x1C, 0x1C, 0x1C,
    0x1C, 0x1C, 0x1C, 0x0C, 0x00, 0xFF, 0xC3, 0xFC, 0x1F, 0xC0, 0xEE, 0x00, 0x38, 0x3F, 0xC7, 0xFF,
    0x78, 0xFB, 0x83, 0xF8, 0x0F, 0xC0, 0x7E, 0x03, 0xF0, 0x1F, 0x80, 0xEE, 0x0E, 0x78, 0xF1, 0xFF,
    0x03, 0xE0, 0x18, 0xC7, 0x98, 0x9F, 0x31, 0xC0, 0x01, 0xDF, 0x3F, 0xF7, 0x8E, 0xE0, 0xFC, 0x1F,
    0x83, 0xF0, 0x7E, 0x0F, 0xC1, 0xF8, 0x3F, 0x07, 0xE0, 0xFC, 0x1F, 0x83, 0x80, 0x0E, 0x00, 0x38,
    0x00, 0x00, 0x00, 0x00, 0xF8, 0x1F, 0xF1, 0xE3, 0xCE, 0x0E, 0xE0, 0x3F, 0x01, 0xF8, 0x0F, 0xC0,
    0x7E, 0x03, 0xF0, 0x1D, 0xC1, 0xCF, 0x1E, 0x3F, 0xE0, 0x7C, 0x00, 0x03, 0x80, 0x38, 0x00, 0x00,
    0x00, 0x00, 0xF8, 0x1F, 0xF1, 0xE3, 0xCE, 0x0E, 0xE0, 0x3F, 0x01, 0xF8, 0x0F, 0xC0, 0x7E, 0x03,
    0xF0, 0x1D, 0xC1, 0xCF, 0x1E, 0x3F, 0xE0, 0x7C, 0x00, 0x07, 0x00, 0x7C, 0x03, 0x60, 0x3B, 0x81,
    0x8E, 0x00, 0x00, 0x3E, 0x07, 0xFC, 0x78, 0xF3, 0x83, 0xB8, 0x0F, 0xC0, 0x7E, 0x03, 0xF0, 0x1F,
    0x80, 0xFC, 0x07, 0x70, 0x73, 0xC7, 0x8F, 0xF8, 0x1F, 0x00, 0x1E, 0x61, 0xFF, 0x0C, 0xF0, 0x00,
    0x00, 0x00, 0x07, 0xC0, 0xFF, 0x8F, 0x1E, 0x70, 0x77, 0x01, 0xF8, 0x0F, 0xC0, 0x7E, 0x03, 0xF0,
    0x1F, 0x80, 0xEE, 0x0E, 0x78, 0xF1, 0xFF, 0x03, 0xE0, 0x1C, 0xE0, 0xE7, 0x00, 0x00, 0x00, 0x00,
    0xF8, 0x1F, 0xF1, 0xE3, 0xCE, 0x0E, 0xE0, 0x3F, 0x01, 0xF8, 0x0F, 0xC0, 0x7E, 0x03, 0xF0, 0x1D,
    0xC1, 0xCF, 0x1E, 0x3F, 0xE0, 0x7C, 0x00, 0x06, 0x00, 0xF0, 0x0F, 0x00, 0x60, 0x00, 0x00, 0x00,
    0xFF, 0xFF, 0xFF, 0x00, 0x00, 0x00, 0x06, 0x00, 0xF0, 0x0F, 0x00, 0x60, 0x0F, 0xB1, 0xFF, 0x1E,
    0x3C, 0xE1, 0xEE, 0x1B, 0xF0, 0xDF, 0x8C, 0xFC, 0xC7, 0xEC, 0x3F, 0x61, 0xDE, 0x1C, 0xF1, 0xE3,
    0xFE, 0x37, 0xC0, 0x1C, 0x01, 0xC0, 0x00, 0x00, 0x0E, 0x0F, 0xC1, 0xF8, 0x3F, 0x07, 0xE0, 0xFC,
    0x1F, 0x83, 0xF0, 0x7E, 0x0F, 0xC1, 0xF8, 0x3F, 0x8F, 0x7F, 0xE7, 0xDC, 0x07, 0x01, 0xC0, 0x00,
    0x00, 0x0E, 0x0F, 0xC1, 0xF8, 0x3F, 0x07, 0xE0, 0xFC, 0x1F, 0x83, 0xF0, 0x7E, 0x0F, 0xC1, 0xF8,
    0x3F, 0x8F, 0x7F, 0xE7, 0xDC, 0x0E, 0x03, 0xE0, 0x6C, 0x1D, 0xC3, 0x18, 0x00, 0x38, 0x3F, 0x07,
    0xE0, 0xFC, 0x1F, 0x83, 0xF0, 0x7E, 0x0F, 0xC1, 0xF8, 0x3F, 0x07, 0xE0, 0xFE, 0x3D, 0xFF, 0x9F,
    0x70, 0x39, 0xC7, 0x38, 0x00, 0x00, 0x0E, 0x0F, 0xC1, 0xF8, 0x3F, 0x07, 0xE0, 0xFC, 0x1F, 0x83,
    0xF0, 0x7E, 0x0F, 0xC1, 0xF8, 0x3F, 0x8F, 0x7F, 0xE7, 0xDC, 0x03, 0x80, 0x38, 0x00, 0x01, 0xC0,
    0x7F, 0x07, 0xB8, 0x39, 0xC1, 0xCF, 0x1E, 0x38, 0xE1, 0xC7, 0x0E, 0x78, 0x3B, 0x81, 0xDC, 0x0E,
    0xC0, 0x3E, 0x01, 0xF0, 0x0F, 0x00, 0x38, 0x01, 0xC0, 0x7C, 0x03, 0xC0, 0x00, 0xE0, 0x0E, 0x00,
    0xE0, 0x0E, 0x00, 0xEF, 0x8F, 0xFC, 0xF9, 0xEF, 0x0E, 0xE0, 0x7E, 0x07, 0xE0, 0x7E, 0x07, 0xE0,
    0x7E, 0x07, 0xF0, 0xEF, 0x9E, 0xFF, 0xCE, 0xF8, 0xE0, 0x0E, 0x00, 0xE0, 0x0E, 0x00, 0x1C, 0xE0,
    0x73, 0x80, 0x00, 0x00, 0x00, 0xF0, 0x39, 0xC0, 0xE7, 0x87, 0x8E, 0x1C, 0x38, 0x70, 0xE1, 0xC1,
    0xCE, 0x07, 0x38, 0x1C, 0xE0, 0x3F, 0x00, 0xFC, 0x03, 0xF0, 0x07, 0x80, 0x1E, 0x00, 0x38, 0x01,
    0xC0, 0x3F, 0x00, 0xF8, 0x00, 0x07, 0xF0, 0x03, 0xF8, 0x00, 0x00, 0x00, 0x00, 0x00, 0x3E, 0x00,
    0x1F, 0x00, 0x0F, 0x80, 0x0E, 0xE0, 0x07, 0x70, 0x03, 0xB8, 0x03, 0xCE, 0x01, 0xC7, 0x00, 0xE3,
    0x80, 0xF1, 0xE0, 0x70, 0x70, 0x7F, 0xF8, 0x3F, 0xFE, 0x1C, 0x07, 0x1E, 0x03, 0xCE, 0x00, 0xE7,
    0x00, 0x77, 0x80, 0x3C, 0x1F, 0xC0, 0xFE, 0x00, 0x00, 0x00, 0x01, 0xF8, 0x1F, 0xF1, 0xC3, 0x9C,
    0x0E, 0x00, 0x70, 0x0F, 0x87, 0xFC, 0xFF, 0xEF, 0x07, 0x70, 0x3B, 0x83, 0xDE, 0x3E, 0x7F, 0xF9,
    0xF1, 0xC0, 0x06, 0x30, 0x03, 0x18, 0x01, 0xFC, 0x00, 0x78, 0x00, 0x00, 0x00, 0x00, 0x00, 0x0F,
    0x80, 0x07, 0xC0, 0x03, 0xE0, 0x03, 0xB8, 0x01, 0xDC, 0x00, 0xEE, 0x00, 0xF3, 0x80, 0x71, 0xC0,
    0x38, 0xE0, 0x3C, 0x78, 0x1C, 0x1C, 0x0F, 0xFE, 0x0F, 0xFF, 0x87, 0x01, 0xC3, 0x80, 0xE3, 0xC0,
    0x39, 0xC0, 0x1C, 0xE0, 0x0F, 0x18, 0xC0, 0xFE, 0x03, 0xE0, 0x00, 0x00, 0x00, 0x0F, 0xC0, 0xFF,
    0x8E, 0x1C, 0xE0, 0x70, 0x03, 0x80, 0xFC, 0x7F, 0xE7, 0xF7, 0x78, 0x3B, 0x81, 0xDC, 0x1E, 0xF1,
    0xF3, 0xFF, 0xCF, 0x8E, 0x01, 0xE0, 0x00, 0xF8, 0x00, 0x3F, 0x00, 0x0F, 0xC0, 0x07, 0xF8, 0x01,
    0xCE, 0x00, 0x73, 0x80, 0x38, 0xF0, 0x0E, 0x1C, 0x07, 0x87, 0x01, 0xC1, 0xE0, 0x7F, 0xF8, 0x3F,
    0xFF, 0x0E, 0x01, 0xC3, 0x80, 0x71, 0xE0, 0x1E, 0x70, 0x07, 0x9C, 0x00, 0xE0, 0x00, 0x38, 0x00,
    0x0C, 0x00, 0x07, 0x00, 0x01, 0xF0, 0x00, 0x3C, 0x1F, 0x80, 0xFF, 0x87, 0x0E, 0x38, 0x1C, 0x00,
    0x70, 0x07, 0xC1, 0xFF, 0x1F, 0xFC, 0xF0, 0x73, 0x81, 0xCE, 0x0F, 0x3C, 0x7C, 0x7F, 0xF8, 0xF8,
    0xE0, 0x03, 0x80, 0x0C, 0x00, 0x70, 0x01, 0xF0, 0x03, 0xC0, 0x00, 0xE0, 0x01, 0x80, 0x00, 0x00,
    0x00, 0x00, 0x07, 0xE0, 0x1F, 0xF8, 0x3C, 0x3C, 0x78, 0x1E, 0x70, 0x0E, 0xF0, 0x0F, 0xE0, 0x00,
    0xE0, 0x00, 0xE0, 0x00, 0xE0, 0x00, 0xE0, 0x00, 0xE0, 0x00, 0xF0, 0x0F, 0x70, 0x0E, 0x78, 0x1E,
    0x3C, 0x3C, 0x1F, 0xF8, 0x07, 0xE0, 0x03, 0x80, 0x70, 0x00, 0x00, 0x00, 0x0F, 0x83, 0xFE, 0x78,
    0xF7, 0x07, 0xE0, 0x7E, 0x00, 0xE0, 0x0E, 0x00, 0xE0, 0x0E, 0x07, 0x70, 0x77, 0x8F, 0x3F, 0xE0,
    0xF8, 0x03, 0xC0, 0x07, 0xC0, 0x06, 0x60, 0x0E, 0x70, 0x00, 0x00, 0x00, 0x00, 0x07, 0xE0, 0x1F,
    0xF8, 0x3C, 0x3C, 0x78, 0x1E, 0x70, 0x0E, 0xF0, 0x0F, 0xE0, 0x00, 0xE0, 0x00, 0xE0, 0x00, 0xE0,
    0x00, 0xE0, 0x00, 0xE0, 0x00, 0xF0, 0x0F, 0x70, 0x0E, 0x78, 0x1E, 0x3C, 0x3C, 0x1F, 0xF8, 0x07,
    0xE0, 0x07, 0x00, 0xF0, 0x0F, 0x81, 0xDC, 0x18, 0xC0, 0x00, 0x0F, 0x83, 0xFE, 0x78, 0xF7, 0x07,
    0xE0, 0x7E, 0x00, 0xE0, 0x0E, 0x00, 0xE0, 0x0E, 0x07, 0x70, 0x77, 0x8F, 0x3F, 0xE0, 0xF8, 0x01,
    0xC0, 0x01, 0xC0, 0x00, 0x00, 0x00, 0x00, 0x00, 0x00, 0x07, 0xF0, 0x1F, 0xFC, 0x3C, 0x3E, 0x78,
    0x0E, 0x70, 0x0F, 0xF0, 0x07, 0xE0, 0x00, 0xE0, 0x00, 0xE0, 0x00, 0xE0, 0x00, 0xE0, 0x00, 0xE0,
    0x00, 0xF0, 0x07, 0x70, 0x0F, 0x78, 0x0E, 0x3C, 0x3E, 0x1F, 0xF8, 0x07, 0xF0, 0x07, 0x00, 0x38,
    0x00, 0x00, 0x00, 0x00, 0xF8, 0x1F, 0xF1, 0xE3, 0xCE, 0x0E, 0xE0, 0x7F, 0x00, 0x38, 0x01, 0xC0,
    0x0E, 0x00, 0x70, 0x39, 0xC1, 0xCF, 0x1E, 0x3F, 0xE0, 0x7C, 0x00, 0x0E, 0x70, 0x06, 0x60, 0x07,
    0xC0, 0x03, 0xC0, 0x00, 0x00, 0x00, 0x00, 0x07, 0xE0, 0x1F, 0xF8, 0x3C, 0x3C, 0x78, 0x1E, 0x70,
    0x0E, 0xF0, 0x0F, 0xE0, 0x00, 0xE0, 0x00, 0xE0, 0x00, 0xE0, 0x00, 0xE0, 0x00, 0xE0, 0x00, 0xF0,
    0x0F, 0x70, 0x0E, 0x78, 0x1E, 0x3C, 0x3C, 0x1F, 0xF8, 0x07, 0xE0, 0x18, 0xC1, 0xD8, 0x0F, 0x80,
    0xF0, 0x00, 0x00, 0xF8, 0x3F, 0xE7, 0x8F, 0x70, 0x7E, 0x07, 0xE0, 0x0E, 0x00, 0xE0, 0x0E, 0x00,
    0xE0, 0x77, 0x07, 0x78, 0xF3, 0xFE, 0x0F, 0x80, 0x30, 0xE0, 0x33, 0x80, 0x76, 0x00, 0x7C, 0x00,
    0xF0, 0x00, 0x00, 0x3F, 0xF0, 0x7F, 0xF8, 0xE0, 0x79, 0xC0, 0x7B, 0x80, 0x77, 0x00, 0xFE, 0x00,
    0xFC, 0x01, 0xF8, 0x03, 0xF0, 0x07, 0xE0, 0x0F, 0xC0, 0x1F, 0x80, 0x7F, 0x00, 0xEE, 0x03, 0xDC,
    0x0F, 0x3F, 0xFC, 0x7F, 0xE0, 0x00, 0x39, 0xC0, 0x0E, 0x70, 0x03, 0x98, 0x00, 0xE6, 0x1F, 0x3B,
    0x8F, 0xEE, 0xE7, 0xFF, 0xB9, 0xE3, 0xE0, 0xF0, 0x78, 0x38, 0x0E, 0x0E, 0x03, 0x83, 0x80, 0xE0,
    0xE0, 0x38, 0x38, 0x0E, 0x07, 0x07, 0x81, 0xE3, 0xE0, 0x3F, 0xF8, 0x07, 0xCE, 0x00, 0x3F, 0xF0,
    0x1F, 0xFE, 0x0E, 0x07, 0x87, 0x01, 0xE3, 0x80, 0x71, 0xC0, 0x3C, 0xE0, 0x0E, 0x70, 0x07, 0xFF,
    0xC3, 0xFF, 0xE1, 0xCE, 0x00, 0xE7, 0x00, 0x73, 0x80, 0x79, 0xC0, 0x38, 0xE0, 0x3C, 0x70, 0x3C,
    0x3F, 0xFC, 0x1F, 0xF8, 0x00, 0x00, 0x38, 0x07, 0xFC, 0x0F, 0xF8, 0x01, 0xC1, 0xF3, 0x87, 0xFF,
    0x1E, 0x3E, 0x38, 0x3C, 0xE0, 0x39, 0xC0, 0x73, 0x80, 0xE7, 0x01, 0xCE, 0x03, 0x9C, 0x07, 0x1C,
    0x1E, 0x3C, 0x7C, 0x3F, 0xF8, 0x3E, 0x70, 0x1F, 0xC1, 0xFC, 0x00, 0x00, 0x00, 0xFF, 0xFF, 0xFF,
    0xE0, 0x0E, 0x00, 0xE0, 0x0E, 0x00, 0xE0, 0x0E, 0x00, 0xFF, 0xFF, 0xFF, 0xE0, 0x0E, 0x00, 0xE0,
    0x0E, 0x00, 0xE0, 0x0E, 0x00, 0xFF, 0xFF, 0xFF, 0x1F, 0xC0, 0xFE, 0x00, 0x00, 0x00, 0x00, 0xF8,
    0x1F, 0xF1, 0xE3, 0xCE, 0x0E, 0xE0, 0x3F, 0x01, 0xFF, 0xFF, 0xFF, 0xFE, 0x00, 0x70, 0x01, 0xC0,
    0xEF, 0x0E, 0x3F, 0xE0, 0x7C, 0x00, 0xE0, 0xF8, 0x7F, 0xFD, 0xFE, 0x3E, 0x00, 0x0F, 0xFF, 0xFF,
    0xFF, 0xFC, 0x0F, 0x03, 0xC0, 0xF0, 0x3F, 0xFF, 0xFF, 0xFF, 0xF0, 0x3C, 0x0F, 0x03, 0xC0, 0xF0,
    0x3F, 0xFF, 0xFF, 0xFF, 0x30, 0x71, 0xFF, 0x87, 0xF8, 0x1F, 0x80, 0x00, 0x07, 0xE0, 0xFF, 0x8F,
    0xFE, 0x78, 0xFF, 0x83, 0xFF, 0xFF, 0xFF, 0xFF, 0xFF, 0xF8, 0x03, 0xC0, 0x0F, 0x02, 0x7F, 0xF1,
    0xFF, 0x83, 0xF8, 0x07, 0x00, 0x70, 0x00, 0x00, 0x00, 0xFF, 0xFF, 0xFF, 0xE0, 0x0E, 0x00, 0xE0,
    0x0E, 0x00, 0xE0, 0x0E, 0x00, 0xFF, 0xFF, 0xFF, 0xE0, 0x0E, 0x00, 0xE0, 0x0E, 0x00, 0xE0, 0x0E,
    0x00, 0xFF, 0xFF, 0xFF, 0x07, 0x00, 0x38, 0x00, 0x00, 0x00, 0x00, 0xF8, 0x1F, 0xF1, 0xE3, 0xCE,
    0x0E, 0xE0, 0x3F, 0x01, 0xFF, 0xFF, 0xFF, 0xFE, 0x00, 0x70, 0x01, 0xC0, 0xEF, 0x0E, 0x3F, 0xE0,
    0x7C, 0x00, 0xFF, 0xF7, 0xFF, 0xB8, 0x01, 0xC0, 0x0E, 0x00, 0x70, 0x03, 0x80, 0x1C, 0x00, 0xFF,
    0xF7, 0xFF, 0xB8, 0x01, 0xC0, 0x0E, 0x00, 0x70, 0x03, 0x80, 0x1C, 0x00, 0xFF, 0xF7, 0xFF, 0x80,
    0x0C, 0x00, 0xC0, 0x0E, 0x00, 0x7C, 0x01, 0xE0, 0x0F, 0x81, 0xFF, 0x1E, 0x3C, 0xE0, 0xEE, 0x03,
    0xF0, 0x1F, 0xFF, 0xFF, 0xFF, 0xE0, 0x07, 0x00, 0x1C, 0x0E, 0xF0, 0xE3, 0xFF, 0x07, 0xF0, 0x07,
    0x00, 0x70, 0x03, 0x80, 0x1F, 0x00, 0x78, 0x31, 0xC3, 0x98, 0x1B, 0x80, 0xF0, 0x0E, 0x00, 0x00,
    0xFF, 0xFF, 0xFF, 0xE0, 0x0E, 0x00, 0xE0, 0x0E, 0x00, 0xE0, 0x0E, 0x00, 0xFF, 0xFF, 0xFF, 0xE0,
    0x0E, 0x00, 0xE0, 0x0E, 0x00, 0xE0, 0x0E, 0x00, 0xFF, 0xFF, 0xFF, 0x18, 0xE0, 0xEE, 0x03, 0xE0,
    0x0F, 0x00, 0x00, 0x07, 0xC0, 0xFF, 0x8F, 0x1E, 0x70, 0x77, 0x01, 0xF8, 0x0F, 0xFF, 0xFF, 0xFF,
    0xF0, 0x03, 0x80, 0x0E, 0x07, 0x78, 0x71, 0xFF, 0x03, 0xE0, 0x03, 0xC0, 0x03, 0xE0, 0x07, 0x70,
    0x0E, 0x30, 0x00, 0x00, 0x00, 0x00, 0x07, 0xF0, 0x1F, 0xF8, 0x3C, 0x1C, 0x78, 0x0E, 0x70, 0x0F,
    0x70, 0x07, 0xE0, 0x00, 0xE0, 0x00, 0xE0, 0x00, 0xE0, 0xFF, 0xE0, 0xFF, 0xE0, 0x07, 0xF0, 0x07,
    0x70, 0x0F, 0x78, 0x0F, 0x3C, 0x3F, 0x1F, 0xFB, 0x07, 0xE3, 0x0F, 0x80, 0x7C, 0x07, 0x70, 0x31,
    0xC0, 0x00, 0x0F, 0x9C, 0xFF, 0xEF, 0x1F, 0x70, 0x7F, 0x01, 0xF8, 0x0F, 0xC0, 0x7E, 0x03, 0xF0,
    0x1D, 0xC1, 0xEF, 0x1F, 0x3F, 0xF8, 0xF9, 0xC0, 0x0F, 0xE0, 0x77, 0x07, 0x1F, 0xF0, 0x7F, 0x00,
    0x06, 0x30, 0x06, 0x30, 0x03, 0xE0, 0x01, 0xC0, 0x00, 0x00, 0x00, 0x00, 0x07, 0xF0, 0x1F, 0xF8,
    0x3C, 0x1C, 0x78, 0x0E, 0x70, 0x0F, 0x70, 0x07, 0xE0, 0x00, 0xE0, 0x00, 0xE0, 0x00, 0xE0, 0x7F,
    0xE0, 0x7F, 0xE0, 0x07, 0xF0, 0x07, 0x70, 0x0F, 0x78, 0x0F, 0x3C, 0x3F, 0x1F, 0xFB, 0x07, 0xE3,
    0x18, 0x40, 0xC6, 0x03, 0xE0, 0x0E, 0x00, 0x00, 0x0F, 0x9C, 0xFF, 0xEF, 0x1F, 0x70, 0x7F, 0x01,
    0xF8, 0x0F, 0xC0, 0x7E, 0x03, 0xF0, 0x1D, 0xC1, 0xEF, 0x1F, 0x3F, 0xF8, 0xF9, 0xC0, 0x0E, 0xE0,
    0x77, 0x07, 0x1F, 0xF0, 0x3F, 0x00, 0x01, 0xC0, 0x01, 0xC0, 0x00, 0x00, 0x00, 0x00, 0x00, 0x00,
    0x07, 0xF0, 0x1F, 0xF8, 0x3C, 0x1C, 0x78, 0x0E, 0x70, 0x0F, 0x70, 0x07, 0xE0, 0x00, 0xE0, 0x00,
    0xE0, 0x00, 0xE0, 0x7F, 0xE0, 0x7F, 0xE0, 0x07, 0xF0, 0x07, 0x70, 0x0F, 0x78, 0x0F, 0x3C, 0x3F,
    0x1F, 0xFB, 0x07, 0xE3, 0x07, 0x00, 0x38, 0x00, 0x00, 0x00, 0x01, 0xF3, 0x9F, 0xFD, 0xE3, 0xEE,
    0x0F, 0xE0, 0x3F, 0x01, 0xF8, 0x0F, 0xC0, 0x7E, 0x03, 0xB8, 0x3D, 0xE3, 0xE7, 0xFF, 0x1F, 0x38,
    0x01, 0xFC, 0x0E, 0xF0, 0xE3, 0xFE, 0x0F, 0xE0, 0x07, 0xF0, 0x1F, 0xF8, 0x3C, 0x1C, 0x78, 0x0E,
    0x70, 0x0F, 0x70, 0x07, 0xE0, 0x00, 0xE0, 0x00, 0xE0, 0x00, 0xE0, 0xFF, 0xE0, 0xFF, 0xE0, 0x07,
    0xF0, 0x07, 0x70, 0x0F, 0x78, 0x0F, 0x3C, 0x3F, 0x1F, 0xFB, 0x07, 0xE3, 0x00, 0x00, 0x00, 0x00,
    0x01, 0xC0, 0x01, 0xC0, 0x00, 0xC0, 0x01, 0x80, 0x03, 0x80, 0x03, 0x80, 0x18, 0x01, 0x80, 0x0E,
    0x00, 0x70, 0x00, 0x00, 0x00, 0x03, 0xE7, 0x3F, 0xFB, 0xC7, 0xDC, 0x1F, 0xC0, 0x7E, 0x03, 0xF0,
    0x1F, 0x80, 0xFC, 0x07, 0x70, 0x7B, 0xC7, 0xCF, 0xFE, 0x3E, 0x70, 0x03, 0xF8, 0x1D, 0xC1, 0xC7,
    0xFC, 0x1F, 0xC0, 0x07, 0x80, 0x1E, 0x00, 0xFC, 0x07, 0x38, 0x18, 0x60, 0x00, 0x0E, 0x01, 0xF8,
    0x07, 0xE0, 0x1F, 0x80, 0x7E, 0x01, 0xF8, 0x07, 0xE0, 0x1F, 0x80, 0x7F, 0xFF, 0xFF, 0xFF, 0xE0,
    0x1F, 0x80, 0x7E, 0x01, 0xF8, 0x07, 0xE0, 0x1F, 0x80, 0x7E, 0x01, 0xF8, 0x07, 0x38, 0x03, 0xE0,
    0x1B, 0x01, 0x8C, 0x00, 0x00, 0x1C, 0x00, 0xE0, 0x07, 0x00, 0x38, 0x01, 0xDF, 0x0F, 0xFC, 0x78,
    0xF3, 0x83, 0x9C, 0x1C, 0xE0, 0xE7, 0x07, 0x38, 0x39, 0xC1, 0xCE, 0x0E, 0x70, 0x73, 0x83, 0x9C,
    0x1C, 0xE0, 0xE0, 0x38, 0x07, 0x0E, 0x01, 0xCF, 0xFF, 0xFF, 0xFF, 0xFF, 0x38, 0x07, 0x0E, 0x01,
    0xC3, 0x80, 0x70, 0xE0, 0x1C, 0x3F, 0xFF, 0x0F, 0xFF, 0xC3, 0x80, 0x70, 0xE0, 0x1C, 0x38, 0x07,
    0x0E, 0x01, 0xC3, 0x80, 0x70, 0xE0, 0x1C, 0x38, 0x07, 0x0E, 0x01, 0xC0, 0x38, 0x07, 0xF8, 0x3F,
    0xC0, 0x70, 0x03, 0xBE, 0x1F, 0xF8, 0xF1, 0xE7, 0x07, 0x38, 0x39, 0xC1, 0xCE, 0x0E, 0x70, 0x73,
    0x83, 0x9C, 0x1C, 0xE0, 0xE7, 0x07, 0x38, 0x39, 0xC1, 0xC0, 0x39, 0xBF, 0xF3, 0xC0, 0x00, 0x00,
    0xE0, 0x70, 0x38, 0x1C, 0x0E, 0x07, 0x03, 0x81, 0xC0, 0xE0, 0x70, 0x38, 0x1C, 0x0E, 0x07, 0x03,
    0x81, 0xC0, 0xE0, 0x70, 0x31, 0xBC, 0xD3, 0xF8, 0xE0, 0x00, 0xE0, 0x70, 0x38, 0x1C, 0x0E, 0x07,
    0x03, 0x81, 0xC0, 0xE0, 0x70, 0x38, 0x1C, 0x0E, 0x07, 0x00, 0xFF, 0xFC, 0x00, 0x03, 0x87, 0x0E,
    0x1C, 0x38, 0x70, 0xE1, 0xC3, 0x87, 0x0E, 0x1C, 0x38, 0x70, 0xE1, 0xC3, 0x87, 0x00, 0xFF, 0xFC,
    0x00, 0x03, 0x87, 0x0E, 0x1C, 0x38, 0x70, 0xE1, 0xC3, 0x87, 0x0E, 0x1C, 0x38, 0x70, 0xC0, 0xF8,
    0x7F, 0xFD, 0xFE, 0x3E, 0x00, 0x07, 0xF9, 0xFE, 0x3F, 0x07, 0x81, 0xE0, 0x78, 0x1E, 0x07, 0x81,
    0xE0, 0x78, 0x1E, 0x07, 0x81, 0xE0, 0x78, 0x1E, 0x0F, 0xC7, 0xF9, 0xFE, 0xC1, 0xFF, 0xF7, 0xF8,
    0xFC, 0x00, 0x0F, 0x03, 0xC0, 0xF0, 0x3C, 0x0F, 0x03, 0xC0, 0xF0, 0x3C, 0x0F, 0x03, 0xC0, 0xF0,
    0x3C, 0x0F, 0x03, 0xC0, 0x73, 0x9C, 0xE7, 0x39, 0xCE, 0x73, 0x9C, 0xE7, 0x39, 0xCE, 0x73, 0x9C,
    0xCE, 0x7D, 0xE0, 0x73, 0x80, 0x07, 0x39, 0xCE, 0x73, 0x9C, 0xE7, 0x39, 0xCE, 0x73, 0x9C, 0xCE,
    0x7D, 0xE0, 0xFC, 0x0F, 0xFF, 0xFF, 0xFF, 0xFF, 0xFF, 0xFF, 0xC0, 0xFF, 0xFF, 0xFF, 0xFF, 0xFF,
    0xC0, 0xE0, 0x00, 0xFC, 0x00, 0x1F, 0x80, 0x03, 0xF0, 0x00, 0x7E, 0x00, 0x0F, 0xC0, 0x01, 0xF8,
    0x00, 0x3F, 0x00, 0x07, 0xE0, 0x00, 0xFC, 0x00, 0x1F, 0x80, 0x03, 0xF0, 0x00, 0x7E, 0x38, 0x0F,
    0xC7, 0x01, 0xF8, 0xF0, 0x77, 0x0F, 0x1E, 0xE0, 0xFF, 0x9C, 0x07, 0xC0, 0xE1, 0xF8, 0x70, 0x00,
    0x00, 0xE1, 0xF8, 0x7E, 0x1F, 0x87, 0xE1, 0xF8, 0x7E, 0x1F, 0x87, 0xE1, 0xF8, 0x7E, 0x1F, 0x87,
    0xE1, 0xF8, 0x70, 0x1C, 0x07, 0x0F, 0x83, 0xE0, 0x00, 0x70, 0x03, 0xE0, 0x0D, 0x80, 0x63, 0x00,
    0x00, 0x00, 0x00, 0x07, 0x00, 0x1C, 0x00, 0x70, 0x01, 0xC0, 0x07, 0x00, 0x1C, 0x00, 0x70, 0x01,
    0xC0, 0x07, 0x00, 0x1C, 0x00, 0x70, 0x01, 0xCE, 0x07, 0x38, 0x1C, 0xE0, 0xE1, 0xC3, 0x83, 0xFC,
    0x07, 0xE0, 0x1C, 0x36, 0x77, 0x63, 0x00, 0x1C, 0x1C, 0x1C, 0x1C, 0x1C, 0x1C, 0x1C, 0x1C, 0x1C,
    0x1C, 0x1C, 0x1C, 0x1C, 0x1C, 0x1C, 0x1C, 0xF8, 0xF8, 0xE0, 0x7B, 0x81, 0xCE, 0x0F, 0x38, 0x78,
    0xE3, 0xC3, 0x9E, 0x0E, 0xF0, 0x3B, 0x80, 0xFE, 0x03, 0xFC, 0x0F, 0xF8, 0x3C, 0xF0, 0xE1, 0xC3,
    0x87, 0x8E, 0x0F, 0x38, 0x1C, 0xE0, 0x7B, 0x80, 0xF0, 0x00, 0x00, 0x00, 0x07, 0x00, 0x1C, 0x00,
    0x30, 0x01, 0x80, 0x06, 0x00, 0xE0, 0x0E, 0x00, 0xE0, 0x0E, 0x00, 0xE0, 0xFE, 0x1E, 0xE3, 0xCE,
    0x78, 0xEF, 0x0E, 0xE0, 0xFE, 0x0F, 0xF0, 0xF7, 0x8F, 0x38, 0xE1, 0xCE, 0x1E, 0xE0, 0xEE, 0x0F,
    0x00, 0x00, 0x00, 0x0E, 0x00, 0xE0, 0x06, 0x00, 0xC0, 0x0C, 0x00, 0xF0, 0x7B, 0xC3, 0xCF, 0x1E,
    0x3C, 0x78, 0xF3, 0xC3, 0xDE, 0x0F, 0xF0, 0x3F, 0xE0, 0xFF, 0xC3, 0xCF, 0x0F, 0x1E, 0x3C, 0x3C,
    0xF0, 0xFB, 0xC1, 0xE0, 0x70, 0x06, 0x00, 0x00, 0x00, 0x00, 0x00, 0x0E, 0x00, 0xE0, 0x0E, 0x00,
    0xE0, 0x0E, 0x00, 0xE0, 0x0E, 0x00, 0xE0, 0x0E, 0x00, 0xE0, 0x0E, 0x00, 0xE0, 0x0E, 0x00, 0xE0,
    0x0E, 0x00, 0xE0, 0x0F, 0xFF, 0xFF, 0xF0, 0x77, 0x01, 0xCE, 0x73, 0x9C, 0xE7, 0x39, 0xCE, 0x73,
    0x9C, 0xE7, 0x39, 0xF7, 0x80, 0xE0, 0x0E, 0x00, 0xE0, 0x0E, 0x00, 0xE0, 0x0E, 0x00, 0xE0, 0x0E,
    0x00, 0xE0, 0x0E, 0x00, 0xE0, 0x0E, 0x00, 0xE0, 0x0E, 0x00, 0xE0, 0x0E, 0x00, 0xFF, 0xFF, 0xFF,
    0x00, 0x00, 0x00, 0x0E, 0x00, 0xE0, 0x06, 0x00, 0xC0, 0x0C, 0x00, 0xE7, 0x39, 0xCE, 0x73, 0x9C,
    0xE7, 0x39, 0xCE, 0x73, 0x9C, 0xFB, 0xC0, 0x07, 0x38, 0xCC, 0x60, 0xE0, 0xEE, 0x0E, 0xE0, 0xEE,
    0x0C, 0xE0, 0xCE, 0x0C, 0xE0, 0xCE, 0x00, 0xE0, 0x0E, 0x00, 0xE0, 0x0E, 0x00, 0xE0, 0x0E, 0x00,
    0xE0, 0x0E, 0x00, 0xFF, 0xFF, 0xFF, 0xE7, 0xE7, 0xE6, 0xE6, 0xE6, 0xEE, 0xEE, 0xE0, 0xE0, 0xE0,
    0xE0, 0xE0, 0xE0, 0xE0, 0xE0, 0xE0, 0xF8, 0x78, 0xF0, 0x1E, 0x03, 0xC0, 0x78, 0x0F, 0x01, 0xE0,
    0x3C, 0x07, 0x9E, 0xF3, 0xDE, 0x7B, 0xC0, 0x78, 0x0F, 0x01, 0xE0, 0x3C, 0x07, 0xFF, 0xFF, 0xFF,
    0xFC, 0xF0, 0x78, 0x3C, 0x1E, 0x0F, 0x07, 0x83, 0xC1, 0xE0, 0xF7, 0xFB, 0xFD, 0xFE, 0x0F, 0x07,
    0x83, 0xC1, 0xE0, 0xF0, 0x78, 0x3C, 0x00, 0x38, 0x00, 0xE0, 0x03, 0x80, 0x0E, 0x00, 0x38, 0x00,
    0xE0, 0x03, 0x98, 0x0F, 0xE0, 0x3F, 0x01, 0xF0, 0x0F, 0x80, 0x3E, 0x00, 0x38, 0x00, 0xE0, 0x03,
    0x80, 0x0E, 0x00, 0x3F, 0xFC, 0xFF, 0xF0, 0x38, 0x70, 0xE1, 0xC3, 0x87, 0x0F, 0x9F, 0x7D, 0xF2,
    0xE1, 0xC3, 0x87, 0x0E, 0x1C, 0x3E, 0x3C, 0x01, 0xE0, 0x03, 0x80, 0x00, 0x00, 0x00, 0x00, 0x00,
    0x1E, 0x01, 0xFE, 0x03, 0xFC, 0x07, 0xFC, 0x0F, 0xF8, 0x1F, 0xF8, 0x3F, 0x78, 0x7E, 0x70, 0xFC,
    0xF1, 0xF8, 0xF3, 0xF0, 0xE7, 0xE1, 0xEF, 0xC1, 0xDF, 0x83, 0xFF, 0x03, 0xFE, 0x03, 0xFC, 0x07,
    0xF8, 0x07, 0x80, 0x07, 0x01, 0xC0, 0x00, 0x00, 0x00, 0x01, 0xDF, 0x3F, 0xF7, 0x8E, 0xE0, 0xFC,
    0x1F, 0x83, 0xF0, 0x7E, 0x0F, 0xC1, 0xF8, 0x3F, 0x07, 0xE0, 0xFC, 0x1F, 0x83, 0x80, 0xF0, 0x0F,
    0xF0, 0x1F, 0xE0, 0x3F, 0xE0, 0x7F, 0xC0, 0xFF, 0xC1, 0xFB, 0xC3, 0xF3, 0x87, 0xE7, 0x8F, 0xC7,
    0x9F, 0x87, 0x3F, 0x0F, 0x7E, 0x0E, 0xFC, 0x1F, 0xF8, 0x1F, 0xF0, 0x1F, 0xE0, 0x3F, 0xC0, 0x3C,
    0x00, 0x00, 0x00, 0x00, 0x38, 0x00, 0x70, 0x00, 0x60, 0x01, 0x80, 0x07, 0x00, 0xEF, 0x9F, 0xFB,
    0xC7, 0x70, 0x7E, 0x0F, 0xC1, 0xF8, 0x3F, 0x07, 0xE0, 0xFC, 0x1F, 0x83, 0xF0, 0x7E, 0x0F, 0xC1,
    0xC0, 0x00, 0x00, 0x0E, 0x01, 0xC0, 0x18, 0x06, 0x00, 0xC0, 0x1C, 0x30, 0x1C, 0xC0, 0x1B, 0x80,
    0x3E, 0x00, 0x3C, 0x00, 0x00, 0x3C, 0x03, 0xFC, 0x07, 0xF8, 0x0F, 0xF8, 0x1F, 0xF0, 0x3F, 0xF0,
    0x7E, 0xF0, 0xFC, 0xE1, 0xF9, 0xE3, 0xF1, 0xE7, 0xE1, 0xCF, 0xC3, 0xDF, 0x83, 0xBF, 0x07, 0xFE,
    0x07, 0xFC, 0x07, 0xF8, 0x0F, 0xF0, 0x0F, 0x31, 0x83, 0x60, 0x7C, 0x07, 0x00, 0x01, 0xDF, 0x3F,
    0xF7, 0x8E, 0xE0, 0xFC, 0x1F, 0x83, 0xF0, 0x7E, 0x0F, 0xC1, 0xF8, 0x3F, 0x07, 0xE0, 0xFC, 0x1F,
    0x83, 0x80, 0x78, 0x00, 0x1C, 0x00, 0x07, 0x00, 0x01, 0xC0, 0x00, 0xE7, 0x1F, 0x39, 0xFF, 0xE0,
    0x7F, 0xFC, 0x1F, 0x1F, 0x07, 0x83, 0xC1, 0xE0, 0xF0, 0x78, 0x3C, 0x1E, 0x0F, 0x07, 0x83, 0xC1,
    0xE0, 0xF0, 0x78, 0x3C, 0x1E, 0x0F, 0x07, 0x83, 0xC1, 0xE0, 0xF0, 0xF0, 0x0F, 0xF0, 0x1F, 0xE0,
    0x3F, 0xE0, 0x7F, 0xC0, 0xFF, 0xC1, 0xFB, 0x83, 0xF3, 0x87, 0xE7, 0x8F, 0xC7, 0x1F, 0x8F, 0x3F,
    0x0E, 0x7E, 0x0E, 0xFC, 0x1F, 0xF8, 0x1F, 0xF0, 0x1F, 0xE0, 0x3F, 0xC0, 0x3C, 0x00, 0x38, 0x00,
    0x70, 0x0F, 0xC0, 0x1F, 0x00, 0xEF, 0x9F, 0xFB, 0xC7, 0x70, 0x7E, 0x0F, 0xC1, 0xF8, 0x3F, 0x07,
    0xE0, 0xFC, 0x1F, 0x83, 0xF0, 0x7E, 0x0F, 0xC1, 0xC0, 0x38, 0x07, 0x07, 0xC0, 0xF0, 0x07, 0xF0,
    0x03, 0xF8, 0x00, 0x00, 0x00, 0x00, 0x00, 0x00, 0x00, 0x3F, 0x80, 0x7F, 0xF0, 0x78, 0x3C, 0x78,
    0x0F, 0x38, 0x03, 0xBC, 0x01, 0xDC, 0x00, 0x7E, 0x00, 0x3F, 0x00, 0x1F, 0x80, 0x0F, 0xC0, 0x07,
    0xE0, 0x03, 0xF8, 0x03, 0xDC, 0x01, 0xCF, 0x01, 0xE3, 0xC1, 0xE0, 0xFF, 0xE0, 0x1F, 0xC0, 0x1F,
    0xC0, 0xFE, 0x00, 0x00, 0x00, 0x00, 0xF8, 0x1F, 0xF1, 0xE3, 0xCE, 0x0E, 0xE0, 0x3F, 0x01, 0xF8,
    0x0F, 0xC0, 0x7E, 0x03, 0xF0, 0x1D, 0xC1, 0xCF, 0x1E, 0x3F, 0xE0, 0x7C, 0x00, 0x0C, 0x1C, 0x07,
    0xFE, 0x01, 0xFE, 0x00, 0x7E, 0x00, 0x00, 0x00, 0x00, 0x00, 0x1F, 0xC0, 0x3F, 0xF8, 0x3F, 0xFE,
    0x3E, 0x0F, 0x9E, 0x03, 0xDF, 0x01, 0xFF, 0x00, 0x7F, 0x80, 0x3F, 0xC0, 0x1F, 0xE0, 0x0F, 0xF0,
    0x07, 0xF8, 0x03, 0xFE, 0x03, 0xEF, 0x01, 0xE7, 0xC1, 0xF1, 0xFF, 0xF0, 0x7F, 0xF0, 0x0F, 0xE0,
    0x38, 0x71, 0xFF, 0x87, 0xF8, 0x1F, 0x80, 0x00, 0x07, 0xC0, 0xFF, 0x8F, 0xFE, 0x78, 0xF7, 0x83,
    0xFC, 0x1F, 0xE0, 0xFF, 0x07, 0xF8, 0x3F, 0xC1, 0xEF, 0x1E, 0x7F, 0xF1, 0xFF, 0x03, 0xE0, 0x03,
    0x9C, 0x03, 0x9C, 0x00, 0x00, 0x00, 0x00, 0x00, 0x7F, 0x00, 0xFF, 0xE0, 0xF0, 0x78, 0xF0, 0x1E,
    0x70, 0x07, 0x78, 0x03, 0xB8, 0x00, 0xFC, 0x00, 0x7E, 0x00, 0x3F, 0x00, 0x1F, 0x80, 0x0F, 0xC0,
    0x07, 0xF0, 0x07, 0xB8, 0x03, 0x9E, 0x03, 0xC7, 0x83, 0xC1, 0xFF, 0xC0, 0x3F, 0x80, 0x0E, 0x70,
    0xE7, 0x00, 0x00, 0x00, 0x00, 0xF8, 0x1F, 0xF1, 0xE3, 0xCE, 0x0E, 0xE0, 0x3F, 0x01, 0xF8, 0x0F,
    0xC0, 0x7E, 0x03, 0xF0, 0x1D, 0xC1, 0xCF, 0x1E, 0x3F, 0xE0, 0x7C, 0x00, 0x07, 0xF3, 0xFF, 0x8F,
    0xFF, 0xFF, 0xCF, 0x07, 0xE0, 0x0F, 0x01, 0xF0, 0x07, 0x00, 0x78, 0x07, 0x80, 0x3C, 0x03, 0x80,
    0x0E, 0x01, 0xC0, 0x07, 0xFF, 0xE0, 0x03, 0xFF, 0xF0, 0x01, 0xC0, 0x38, 0x00, 0xE0, 0x1C, 0x00,
    0x70, 0x0F, 0x00, 0x78, 0x03, 0x80, 0x3C, 0x01, 0xE0, 0x3E, 0x00, 0x78, 0x3F, 0x00, 0x1F, 0xFF,
    0xFF, 0x83, 0xF9, 0xFF, 0xC0, 0x0F, 0x83, 0xE0, 0xFF, 0xBF, 0xC7, 0x8F, 0xE3, 0x9C, 0x1F, 0x06,
    0xE0, 0x38, 0x1F, 0x80, 0xE0, 0x7E, 0x03, 0xFF, 0xF8, 0x0F, 0xFF, 0xE0, 0x38, 0x03, 0x80, 0xE0,
    0x07, 0x07, 0xC1, 0xDE, 0x3F, 0x0E, 0x3F, 0xEF, 0xF0, 0x3E, 0x0F, 0x80, 0x03, 0xC0, 0x0E, 0x00,
    0x00, 0x00, 0x00, 0x00, 0x03, 0xFF, 0x8F, 0xFF, 0x38, 0x1E, 0xE0, 0x3F, 0x80, 0x7E, 0x01, 0xF8,
    0x07, 0xE0, 0x1F, 0x80, 0xEF, 0xFF, 0x3F, 0xFC, 0xE0, 0x3B, 0x80, 0x7E, 0x01, 0xF8, 0x07, 0xE0,
    0x1F, 0x80, 0x7E, 0x01, 0xC0, 0x1C, 0x18, 0x00, 0x00, 0x00, 0xEF, 0xFF, 0xF0, 0xE0, 0xE0, 0xE0,
    0xE0, 0xE0, 0xE0, 0xE0, 0xE0, 0xE0, 0xE0, 0xE0, 0xFF, 0xE3, 0xFF, 0xCE, 0x07, 0xB8, 0x0F, 0xE0,
    0x1F, 0x80, 0x7E, 0x01, 0xF8, 0x07, 0xE0, 0x3B, 0xFF, 0xCF, 0xFF, 0x38, 0x0E, 0xE0, 0x1F, 0x80,
    0x7E, 0x01, 0xF8, 0x07, 0xE0, 0x1F, 0x80, 0x70, 0x00, 0x00, 0x00, 0x07, 0x00, 0x1C, 0x00, 0x30,
    0x01, 0x80, 0x06, 0x00, 0xEF, 0xFF, 0xF0, 0xE0, 0xE0, 0xE0, 0xE0, 0xE0, 0xE0, 0xE0, 0xE0, 0xE0,
    0xE0, 0xE0, 0x00, 0x00, 0xE0, 0xE0, 0x60, 0xC0, 0xC0, 0x38, 0x60, 0x73, 0x00, 0xDC, 0x03, 0xE0,
    0x07, 0x80, 0x00, 0x0F, 0xFE, 0x3F, 0xFC, 0xE0, 0x7B, 0x80, 0xFE, 0x01, 0xF8, 0x07, 0xE0, 0x1F,
    0x80, 0x7E, 0x03, 0xBF, 0xFC, 0xFF, 0xF3, 0x80, 0xEE, 0x01, 0xF8, 0x07, 0xE0, 0x1F, 0x80, 0x7E,
    0x01, 0xF8, 0x07, 0xC6, 0x6E, 0x7C, 0x3C, 0x00, 0xEF, 0xFF, 0xF0, 0xE0, 0xE0, 0xE0, 0xE0, 0xE0,
    0xE0, 0xE0, 0xE0, 0xE0, 0xE0, 0xE0, 0x03, 0xC0, 0x1C, 0x00, 0x00, 0x00, 0x00, 0x1F, 0xC0, 0xFF,
    0xC7, 0x07, 0xB8, 0x0E, 0xE0, 0x3F, 0x80, 0x0F, 0x80, 0x3F, 0xE0, 0x7F, 0xE0, 0x7F, 0xE0, 0x3F,
    0x80, 0x1F, 0xE0, 0x1F, 0x80, 0x7F, 0x01, 0xDE, 0x0E, 0x3F, 0xF0, 0x3F, 0x00, 0x07, 0x01, 0xC0,
    0x00, 0x00, 0x01, 0xF0, 0xFF, 0xBC, 0x77, 0x07, 0xE0, 0x1F, 0x01, 0xFE, 0x1F, 0xE0, 0x7E, 0x01,
    0xF8, 0x3F, 0x8F, 0x7F, 0xC7, 0xE0, 0x0F, 0x80, 0x3E, 0x01, 0xDC, 0x06, 0x38, 0x00, 0x00, 0x00,
    0x01, 0xFC, 0x0F, 0xFC, 0x70, 0x7B, 0x80, 0xEE, 0x03, 0xF8, 0x00, 0xF8, 0x03, 0xFE, 0x07, 0xFE,
    0x07, 0xFE, 0x03, 0xF8, 0x01, 0xFE, 0x01, 0xF8, 0x07, 0xF0, 0x1D, 0xE0, 0xE3, 0xFF, 0x03, 0xF0,
    0x0E, 0x03, 0xC0, 0x7C, 0x1D, 0x83, 0x18, 0x00, 0x07, 0xC3, 0xFE, 0xF1, 0xDC, 0x1F, 0x80, 0x7C,
    0x07, 0xF8, 0x7F, 0x81, 0xF8, 0x07, 0xE0, 0xFE, 0x3D, 0xFF, 0x1F, 0x80, 0x1F, 0xC0, 0xFF, 0xC7,
    0x07, 0xB8, 0x0E, 0xE0, 0x3F, 0x80, 0x0F, 0x80, 0x3F, 0xE0, 0x7F, 0xE0, 0x7F, 0xE0, 0x3F, 0x80,
    0x1F, 0xE0, 0x1F, 0x80, 0x7F, 0x01, 0xDE, 0x0E, 0x3F, 0xF0, 0x3F, 0x00, 0x60, 0x00, 0xF0, 0x00,
    0xC0, 0x23, 0x00, 0xF8, 0x00, 0x1F, 0x0F, 0xFB, 0xC7, 0x70, 0x7E, 0x01, 0xF0, 0x1F, 0xE1, 0xFE,
    0x07, 0xE0, 0x1F, 0x83, 0xF8, 0xF7, 0xFC, 0x7E, 0x03, 0x00, 0x3C, 0x01, 0x86, 0x30, 0x7C, 0x00,
    0x38, 0xE0, 0x77, 0x00, 0xDC, 0x03, 0xE0, 0x07, 0x00, 0x00, 0x01, 0xFC, 0x0F, 0xFC, 0x70, 0x7B,
    0x80, 0xEE, 0x01, 0xF8, 0x00, 0xF8, 0x03, 0xFE, 0x07, 0xFE, 0x07, 0xFE, 0x03, 0xF8, 0x01, 0xFE,
    0x01, 0xF8, 0x07, 0xF0, 0x1D, 0xE0, 0xE3, 0xFF, 0x03, 0xF0, 0x31, 0x87, 0x60, 0x7C, 0x07, 0x00,
    0x00, 0x3E, 0x1F, 0xF7, 0x8E, 0xE0, 0xFC, 0x03, 0xE0, 0x3F, 0xC3, 0xFC, 0x0F, 0xC0, 0x3F, 0x07,
    0xF1, 0xEF, 0xF8, 0x7C, 0x00, 0xFF, 0xFF, 0xFF, 0xF0, 0x38, 0x00, 0xE0, 0x03, 0x80, 0x0E, 0x00,
    0x38, 0x00, 0xE0, 0x03, 0x80, 0x0E, 0x00, 0x38, 0x00, 0xE0, 0x03, 0x80, 0x0E, 0x00, 0x38, 0x00,
    0xE0, 0x03, 0x80, 0x0E, 0x00, 0x30, 0x00, 0xE0, 0x00, 0xC0, 0x13, 0x00, 0x78, 0x00, 0x38, 0x1C,
    0x0E, 0x1F, 0xFF, 0xF9, 0xC0, 0xE0, 0x70, 0x38, 0x1C, 0x0E, 0x07, 0x03, 0x81, 0xC0, 0xE0, 0x7F,
    0x1F, 0x86, 0x03, 0x80, 0x63, 0x30, 0xF0, 0x1C, 0x60, 0x3B, 0x80, 0x6C, 0x01, 0xF0, 0x03, 0x80,
    0x00, 0x0F, 0xFF, 0xFF, 0xFF, 0x03, 0x80, 0x0E, 0x00, 0x38, 0x00, 0xE0, 0x03, 0x80, 0x0E, 0x00,
    0x38, 0x00, 0xE0, 0x03, 0x80, 0x0E, 0x00, 0x38, 0x00, 0xE0, 0x03, 0x80, 0x0E, 0x00, 0x38, 0x00,
    0xE0, 0x01, 0xC0, 0x70, 0x18, 0xE6, 0x39, 0x8E, 0xEF, 0xFB, 0xFE, 0x38, 0x0E, 0x03, 0x80, 0xE0,
    0x38, 0x0E, 0x03, 0x80, 0xE0, 0x38, 0x0E, 0x03, 0xF8, 0x7E, 0xFF, 0xFF, 0xFF, 0xF0, 0x38, 0x00,
    0xE0, 0x03, 0x80, 0x0E, 0x00, 0x38, 0x00, 0xE0, 0x3F, 0xF0, 0xFF, 0xC0, 0x38, 0x00, 0xE0, 0x03,
    0x80, 0x0E, 0x00, 0x38, 0x00, 0xE0, 0x03, 0x80, 0x0E, 0x00, 0x38, 0x1C, 0x0E, 0x1F, 0xFF, 0xF9,
    0xC0, 0xE0, 0x70, 0x38, 0x7F, 0xFF, 0xE7, 0x03, 0x81, 0xC0, 0xE0, 0x7F, 0x1F, 0x80, 0x0C, 0x60,
    0x79, 0x81, 0xBE, 0x04, 0x70, 0x00, 0x00, 0x00, 0x0E, 0x01, 0xF8, 0x07, 0xE0, 0x1F, 0x80, 0x7E,
    0x01, 0xF8, 0x07, 0xE0, 0x1F, 0x80, 0x7E, 0x01, 0xF8, 0x07, 0xE0, 0x1F, 0x80, 0x7E, 0x01, 0xF8,
    0x07, 0x70, 0x39, 0xE1, 0xE3, 0xFF, 0x03, 0xF0, 0x3C, 0xCF, 0xF9, 0x9E, 0x00, 0x00, 0x01, 0xC1,
    0xF8, 0x3F, 0x07, 0xE0, 0xFC, 0x1F, 0x83, 0xF0, 0x7E, 0x0F, 0xC1, 0xF8, 0x3F, 0x07, 0xF1, 0xEF,
    0xFC, 0xFB, 0x80, 0x0F, 0xE0, 0x3F, 0x80, 0x00, 0x00, 0x00, 0x00, 0x03, 0x80, 0x7E, 0x01, 0xF8,
    0x07, 0xE0, 0x1F, 0x80, 0x7E, 0x01, 0xF8, 0x07, 0xE0, 0x1F, 0x80, 0x7E, 0x01, 0xF8, 0x07, 0xE0,
    0x1F, 0x80, 0x7E, 0x01, 0xDC, 0x0E, 0x78, 0x78, 0xFF, 0xC0, 0xFC, 0x00, 0x3F, 0x87, 0xF0, 0x00,
    0x00, 0x0E, 0x0F, 0xC1, 0xF8, 0x3F, 0x07, 0xE0, 0xFC, 0x1F, 0x83, 0xF0, 0x7E, 0x0F, 0xC1, 0xF8,
    0x3F, 0x8F, 0x7F, 0xE7, 0xDC, 0x0C, 0x60, 0x31, 0x80, 0x7C, 0x00, 0xE0, 0x00, 0x00, 0x00, 0x0E,
    0x01, 0xF8, 0x07, 0xE0, 0x1F, 0x80, 0x7E, 0x01, 0xF8, 0x07, 0xE0, 0x1F, 0x80, 0x7E, 0x01, 0xF8,
    0x07, 0xE0, 0x1F, 0x80, 0x7E, 0x01, 0xF8, 0x07, 0x70, 0x39, 0xE1, 0xE3, 0xFF, 0x03, 0xF0, 0x31,
    0x87, 0xF0, 0x7C, 0x00, 0x00, 0x01, 0xC1, 0xF8, 0x3F, 0x07, 0xE0, 0xFC, 0x1F, 0x83, 0xF0, 0x7E,
    0x0F, 0xC1, 0xF8, 0x3F, 0x07, 0xF1, 0xEF, 0xFC, 0xFB, 0x80, 0x07, 0x80, 0x33, 0x00, 0xCC, 0x01,
    0xE0, 0x00, 0x00, 0x00, 0x0E, 0x01, 0xF8, 0x07, 0xE0, 0x1F, 0x80, 0x7E, 0x01, 0xF8, 0x07, 0xE0,
    0x1F, 0x80, 0x7E, 0x01, 0xF8, 0x07, 0xE0, 0x1F, 0x80, 0x7E, 0x01, 0xF8, 0x07, 0x70, 0x39, 0xE1,
    0xE3, 0xFF, 0x03, 0xF0, 0x0E, 0x03, 0x60, 0x6C, 0x0D, 0x80, 0xE0, 0x00, 0x38, 0x3F, 0x07, 0xE0,
    0xFC, 0x1F, 0x83, 0xF0, 0x7E, 0x0F, 0xC1, 0xF8, 0x3F, 0x07, 0xE0, 0xFE, 0x3D, 0xFF, 0x9F, 0x70,
    0x07, 0x70, 0x3B, 0x80, 0x00, 0x00, 0x00, 0xE0, 0x1F, 0x80, 0x7E, 0x01, 0xF8, 0x07, 0xE0, 0x1F,
    0x80, 0x7E, 0x01, 0xF8, 0x07, 0xE0, 0x1F, 0x80, 0x7E, 0x01, 0xF8, 0x07, 0xE0, 0x1F, 0x80, 0x77,
    0x03, 0x9E, 0x1E, 0x3F, 0xF0, 0x3F, 0x00, 0x1D, 0xC3, 0x30, 0x00, 0x00, 0x0E, 0x0F, 0xC1, 0xF8,
    0x3F, 0x07, 0xE0, 0xFC, 0x1F, 0x83, 0xF0, 0x7E, 0x0F, 0xC1, 0xF8, 0x3F, 0x8F, 0x7F, 0xE7, 0xDC,
    0xE0, 0x1F, 0x80, 0x7E, 0x01, 0xF8, 0x07, 0xE0, 0x1F, 0x80, 0x7E, 0x01, 0xF8, 0x07, 0xE0, 0x1F,
    0x80, 0x7E, 0x01, 0xF8, 0x07, 0xE0, 0x1F, 0x80, 0x77, 0x03, 0x9E, 0x1E, 0x3F, 0xF0, 0x3F, 0x00,
    0x1C, 0x00, 0x60, 0x03, 0x80, 0x0F, 0x80, 0x1E, 0x00, 0xE0, 0xEE, 0x0E, 0xE0, 0xEE, 0x0E, 0xE0,
    0xEE, 0x0E, 0xE0, 0xEE, 0x0E, 0xE0, 0xEE, 0x0E, 0xE0, 0xEF, 0x1E, 0x7F, 0xE3, 0xEE, 0x00, 0xE0,
    0x0C, 0x01, 0xC0, 0x1F, 0x00, 0xF0, 0x00, 0x38, 0x00, 0x00, 0xF8, 0x00, 0x01, 0xB0, 0x00, 0x06,
    0x70, 0x00, 0x1C, 0x60, 0x00, 0x00, 0x00, 0x38, 0x0E, 0x07, 0xF8, 0x3C, 0x0E, 0x70, 0x7C, 0x1C,
    0xE0, 0xF8, 0x39, 0xC1, 0xF0, 0xF3, 0xC3, 0xE1, 0xC3, 0x8E, 0xC3, 0x87, 0x1D, 0xC7, 0x0E, 0x3B,
    0x9E, 0x1E, 0x67, 0x38, 0x1D, 0xC6, 0x70, 0x3B, 0x8E, 0xE0, 0x77, 0x1F, 0xC0, 0xFC, 0x3F, 0x00,
    0xF8, 0x3E, 0x01, 0xF0, 0x7C, 0x03, 0xE0, 0xF8, 0x03, 0x81, 0xE0, 0x00, 0xE0, 0x00, 0x36, 0x00,
    0x0E, 0xE0, 0x01, 0x8C, 0x00, 0x00, 0x01, 0xC1, 0xC1, 0xF8, 0x38, 0x3F, 0x0F, 0x87, 0x71, 0xF1,
    0xCE, 0x3E, 0x39, 0xC6, 0xC7, 0x39, 0xDD, 0xE3, 0xBB, 0xB8, 0x76, 0x37, 0x0E, 0xC6, 0xE0, 0xF8,
    0xF8, 0x1F, 0x1F, 0x03, 0xC1, 0xE0, 0x78, 0x3C, 0x00, 0x03, 0x80, 0x0D, 0x80, 0x3B, 0x80, 0x63,
    0x00, 0x00, 0x1E, 0x03, 0xDC, 0x07, 0x3C, 0x1E, 0x38, 0x38, 0x78, 0xF0, 0x71, 0xC0, 0xF7, 0x80,
    0xEE, 0x00, 0xF8, 0x01, 0xF0, 0x01, 0xC0, 0x03, 0x80, 0x07, 0x00, 0x0E, 0x00, 0x1C, 0x00, 0x38,
    0x00, 0x70, 0x00, 0xE0, 0x00, 0x07, 0x00, 0x6C, 0x07, 0x70, 0x31, 0x80, 0x00, 0x70, 0x1F, 0xC1,
    0xEE, 0x0E, 0x70, 0x73, 0xC7, 0x8E, 0x38, 0x71, 0xC1, 0xDE, 0x0E, 0xE0, 0x77, 0x01, 0xF0, 0x0F,
    0x80, 0x7C, 0x01, 0xC0, 0x0E, 0x00, 0x70, 0x1F, 0x00, 0xF0, 0x00, 0x0E, 0x70, 0x0E, 0x70, 0x00,
    0x00, 0x00, 0x00, 0x70, 0x0E, 0x78, 0x1E, 0x38, 0x1C, 0x3C, 0x3C, 0x1C, 0x38, 0x0E, 0x78, 0x0E,
    0x70, 0x07, 0xF0, 0x03, 0xE0, 0x03, 0xE0, 0x01, 0xC0, 0x01, 0xC0, 0x01, 0xC0, 0x01, 0xC0, 0x01,
    0xC0, 0x01, 0xC0, 0x01, 0xC0, 0x01, 0xC0, 0x01, 0xC0, 0x1C, 0x00, 0x00, 0x00, 0x00, 0x00, 0x3F,
    0xFD, 0xFF, 0xE0, 0x0F, 0x00, 0xF0, 0x07, 0x00, 0x78, 0x07, 0x80, 0x3C, 0x03, 0xC0, 0x3C, 0x01,
    0xE0, 0x1E, 0x01, 0xF0, 0x0F, 0x00, 0xF0, 0x0F, 0x80, 0x7F, 0xFF, 0xFF, 0xE0, 0x07, 0x01, 0xC0,
    0x00, 0x00, 0x00, 0x01, 0xFF, 0xFF, 0xF8, 0x0F, 0x03, 0xC0, 0xF0, 0x1C, 0x07, 0x81, 0xE0, 0x78,
    0x0E, 0x03, 0xC0, 0xF0, 0x1F, 0xFF, 0xFF, 0x80, 0x07, 0x00, 0x38, 0x00, 0x00, 0x00, 0x07, 0xFF,
    0xBF, 0xFC, 0x03, 0xE0, 0x1E, 0x01, 0xE0, 0x1F, 0x00, 0xF0, 0x0F, 0x00, 0x78, 0x07, 0x80, 0x7C,
    0x03, 0xC0, 0x3C, 0x01, 0xE0, 0x1E, 0x01, 0xE0, 0x0F, 0xFF, 0xFF, 0xFC, 0x0E, 0x01, 0xC0, 0x00,
    0x00, 0x0F, 0xFF, 0xFF, 0xC0, 0x78, 0x1E, 0x07, 0x80, 0xE0, 0x3C, 0x0F, 0x03, 0xC0, 0x70, 0x1E,
    0x07, 0x80, 0xFF, 0xFF, 0xFC, 0x1C, 0x60, 0x66, 0x03, 0xF0, 0x0F, 0x00, 0x38, 0x00, 0x01, 0xFF,
    0xEF, 0xFF, 0x00, 0x78, 0x07, 0x80, 0x38, 0x03, 0xC0, 0x3C, 0x01, 0xE0, 0x1E, 0x01, 0xE0, 0x0F,
    0x00, 0xF0, 0x0F, 0x80, 0x78, 0x07, 0x80, 0x7C, 0x03, 0xFF, 0xFF, 0xFF, 0x31, 0x87, 0x70, 0x6C,
    0x07, 0x00, 0x01, 0xFF, 0xFF, 0xF8, 0x0F, 0x03, 0xC0, 0xF0, 0x1C, 0x07, 0x81, 0xE0, 0x78, 0x0E,
    0x03, 0xC0, 0xF0, 0x1F, 0xFF, 0xFF, 0x80, 0x3F, 0x7F, 0xFF, 0xF0, 0xF0, 0xF0, 0xF0, 0xF0, 0xF0,
    0xF0, 0xF0, 0xF0, 0xF0, 0xF0, 0xF0, 0xF0, 0xF0, 0xF0, 0xF0, 0x00, 0x00, 0xF0, 0x7F, 0x0F, 0x1F,
    0xFC, 0xE3, 0xFF, 0xFE, 0x7C, 0x1F, 0xC7, 0x80, 0xF0, 0xF8, 0x0F, 0x8F, 0x00, 0x78, 0xF0, 0x07,
    0x8F, 0x00, 0x78, 0xF0, 0x07, 0x8F, 0x00, 0x78, 0xF0, 0x07, 0x8F, 0x80, 0xF8, 0x78, 0x0F, 0x07,
    0xC1, 0xF0, 0x3F, 0xFE, 0x01, 0xFF, 0xC0, 0x07, 0xF0, 0x00, 0x00, 0x0F, 0x00, 0x0F, 0x0F, 0x8F,
    0x3F, 0xFE, 0x7F, 0xFC, 0x78, 0xF0, 0xF0, 0x78, 0xF0, 0x78, 0xF0, 0x78, 0xF0, 0x78, 0xF0, 0x78,
    0xF0, 0x78, 0x78, 0xF0, 0x7F, 0xF0, 0x3F, 0xE0, 0x0F, 0x80, 0x00, 0x00, 0xFF, 0x01, 0xEF, 0xF0,
    0x1E, 0xFF, 0x01, 0xFE, 0xF0, 0x1F, 0xCF, 0x01, 0xE0, 0xF0, 0x1E, 0x0F, 0x01, 0xE0, 0xF0, 0x1E,
    0x0F, 0x01, 0xE0, 0xF0, 0x1E, 0x0F, 0x01, 0xE0, 0xF0, 0x1E, 0x0F, 0x01, 0xE0, 0xF0, 0x1E, 0x07,
    0x83, 0xC0, 0x7F, 0xFC, 0x03, 0xFF, 0x80, 0x0F, 0xE0, 0x00, 0x00, 0x03, 0xC0, 0x00, 0xFF, 0x07,
    0xBB, 0xC1, 0xFE, 0xF0, 0x7F, 0x3C, 0x1F, 0x8F, 0x07, 0x83, 0xC1, 0xE0, 0xF0, 0x78, 0x3C, 0x1E,
    0x0F, 0x07, 0x83, 0xC1, 0xE0, 0xF8, 0xF8, 0x3F, 0xFE, 0x07, 0xFB, 0x80, 0xF8, 0xE0, 0x00, 0x00,
    0x18, 0x18, 0x00, 0x00, 0x71, 0xC0, 0x00, 0x00, 0xFF, 0x00, 0x00, 0x01, 0xF8, 0x00, 0x00, 0x03,
    0xC0, 0x00, 0x00, 0x00, 0x0F, 0xFC, 0x07, 0xFF, 0xFF, 0xFC, 0x1F, 0xFF, 0xFF, 0xF8, 0x7F, 0xFF,
    0xC3, 0xF0, 0x01, 0xEF, 0x03, 0xC0, 0x0F, 0xBC, 0x0F, 0x80, 0x3C, 0xF0, 0x1E, 0x01, 0xE3, 0xC0,
    0x78, 0x0F, 0x8F, 0x01, 0xE0, 0x3C, 0x3C, 0x07, 0x81, 0xE0, 0xF0, 0x1E, 0x0F, 0x83, 0xC0, 0x78,
    0x3C, 0x0F, 0x03, 0xC1, 0xE0, 0x3C, 0x0F, 0x0F, 0x80, 0xF0, 0xF8, 0x3C, 0x03, 0xFF, 0xE1, 0xFF,
    0xFF, 0xFE, 0x07, 0xFF, 0xFF, 0xE0, 0x1F, 0xFF, 0x00, 0x00, 0x38, 0x7F, 0xFC, 0x01, 0xEE, 0xFF,
    0xF0, 0x0F, 0xCF, 0xFF, 0x80, 0x78, 0xF0, 0xFC, 0x00, 0x0F, 0x03, 0xC3, 0xFF, 0xF0, 0x3E, 0x3F,
    0xFF, 0x01, 0xE3, 0xFF, 0xF0, 0x1E, 0x01, 0xEF, 0x01, 0xE0, 0x1E, 0xF0, 0x1E, 0x03, 0xCF, 0x01,
    0xE0, 0x78, 0xF0, 0x1E, 0x0F, 0x8F, 0x03, 0xC1, 0xF0, 0xF0, 0x3C, 0x1E, 0x0F, 0x0F, 0x83, 0xC0,
    0xFF, 0xF8, 0x7F, 0xFF, 0xFE, 0x07, 0xFF, 0xFF, 0x80, 0x7F, 0xF0, 0x00, 0x78, 0xE1, 0xC0, 0x1E,
    0x1E, 0xE0, 0x07, 0x83, 0xF0, 0x01, 0xE0, 0x7C, 0x00, 0x78, 0x00, 0x07, 0xDE, 0x3F, 0xF3, 0xFF,
    0x8F, 0xFD, 0xFF, 0xE3, 0xFF, 0xF8, 0xF8, 0x07, 0xBC, 0x1E, 0x01, 0xEF, 0x07, 0x80, 0xF3, 0xC1,
    0xE0, 0x78, 0xF0, 0x78, 0x3E, 0x3C, 0x1E, 0x1F, 0x0F, 0x07, 0x87, 0x83, 0xE3, 0xE3, 0xC0, 0x7F,
    0xF9, 0xFF, 0xCF, 0xFE, 0x7F, 0xF1, 0xE3, 0x9F, 0xFC, 0xF0, 0x03, 0xFC, 0x00, 0xFF, 0x00, 0x3F,
    0xC0, 0x0F, 0xF0, 0x03, 0xFC, 0x00, 0xFF, 0x00, 0x3F, 0xC0, 0x0F, 0xF0, 0x03, 0xFC, 0x00, 0xFF,
    0x00, 0x3F, 0xC0, 0x0F, 0xF0, 0x03, 0xFC, 0x00, 0xFF, 0x00, 0x3F, 0xFF, 0x8F, 0xFF, 0xE3, 0xFF,
    0xF8, 0xF0, 0x00, 0x3C, 0x00, 0x1F, 0x00, 0x3F, 0x80, 0x0F, 0xC0, 0x03, 0xE0, 0x00, 0x03, 0xFC,
    0x00, 0xFF, 0x00, 0x3F, 0xC0, 0x00, 0xF0, 0x00, 0x3C, 0x00, 0xFF, 0x00, 0x3F, 0xC0, 0x0F, 0xF0,
    0x03, 0xFC, 0x00, 0xFF, 0x00, 0x3F, 0xC0, 0x0F, 0xF0, 0x03, 0xFC, 0x00, 0xFF, 0x00, 0x3F, 0xC0,
    0x0F, 0xFF, 0xE3, 0xFF, 0xF8, 0xFF, 0xFE, 0x3C, 0x00, 0x0F, 0x00, 0x03, 0xC0, 0x00, 0xF0, 0x01,
    0xFC, 0x00, 0x7E, 0x00, 0x1F, 0x00, 0xF1, 0xFE, 0x3F, 0xC7, 0xF8, 0x0F, 0x01, 0xE3, 0xFC, 0x7F,
    0x8F, 0xF1, 0xFE, 0x3F, 0xC7, 0xF8, 0xFF, 0x1F, 0xE3, 0xFC, 0x7F, 0x8F, 0xF1, 0xFE, 0x3F, 0xC7,
    0x80, 0xF0, 0x1E, 0x03, 0xC1, 0xF8, 0x3E, 0x07, 0x80, 0xF8, 0x0F, 0x0F, 0xF8, 0x0F, 0x0F, 0xFC,
    0x0F, 0x0F, 0xFC, 0x0F, 0x0F, 0xFE, 0x0F, 0x0F, 0xEF, 0x0F, 0x0F, 0xEF, 0x0F, 0x0F, 0xE7, 0x8F,
    0x0F, 0xE7, 0x8F, 0x0F, 0xE3, 0xCF, 0x0F, 0xE3, 0xCF, 0x0F, 0xE1, 0xEF, 0x0F, 0xE1, 0xEF, 0x0F,
    0xE0, 0xFF, 0x0F, 0xE0, 0x7F, 0x0F, 0xE0, 0x7F, 0x0F, 0xE0, 0x3F, 0x0F, 0xE0, 0x3F, 0x0F, 0x00,
    0x00, 0x0F, 0x00, 0x00, 0x1F, 0x00, 0x00, 0xFE, 0x00, 0x00, 0xFE, 0x00, 0x00, 0xF8, 0x00, 0x00,
    0x0F, 0xF8, 0x0F, 0x0F, 0xF8, 0x0F, 0x0F, 0xFC, 0x0F, 0x00, 0xFC, 0x0F, 0x00, 0xFE, 0x0F, 0x0F,
    0xEF, 0x0F, 0x0F, 0xEF, 0x0F, 0x0F, 0xE7, 0x8F, 0x0F, 0xE7, 0x8F, 0x0F, 0xE3, 0xCF, 0x0F, 0xE3,
    0xCF, 0x0F, 0xE1, 0xEF, 0x0F, 0xE0, 0xEF, 0x0F, 0xE0, 0xFF, 0x0F, 0xE0, 0x7F, 0x0F, 0xE0, 0x7F,
    0x0F, 0xE0, 0x3F, 0x0F, 0xE0, 0x3F, 0x0F, 0x00, 0x00, 0x0F, 0x00, 0x00, 0x0F, 0x00, 0x00, 0x0F,
    0x00, 0x00, 0x7F, 0x00, 0x00, 0x7E, 0x00, 0x00, 0x7C, 0x00, 0x00, 0xF0, 0x00, 0x0F, 0x00, 0x00,
    0xF0, 0x00, 0x00, 0x00, 0x00, 0x0E, 0x3E, 0x0F, 0xEF, 0xF0, 0xFF, 0xFF, 0x8F, 0xF8, 0xF8, 0xFF,
    0x07, 0x8F, 0xF0, 0x78, 0xFF, 0x07, 0x8F, 0xF0, 0x78, 0xFF, 0x07, 0x8F, 0xF0, 0x78, 0xFF, 0x07,
    0x8F, 0xF0, 0x78, 0xFF, 0x07, 0x8F, 0xF0, 0x78, 0xF0, 0x00, 0x0F, 0x00, 0x00, 0xF0, 0x00, 0x0F,
    0x00, 0x07, 0xF0, 0x00, 0x7E, 0x00, 0x07, 0xC0, 0x06, 0x38, 0x01, 0x98, 0x00, 0xFC, 0x00, 0x3C,
    0x00, 0x1C, 0x00, 0x00, 0x00, 0x07, 0x80, 0x07, 0xC0, 0x03, 0xF0, 0x01, 0xF8, 0x01, 0xFC, 0x00,
    0xE7, 0x00, 0x73, 0x80, 0x71, 0xE0, 0x38, 0x70, 0x3C, 0x38, 0x1C, 0x1E, 0x0F, 0xFF, 0x0F, 0xFF,
    0x87, 0x00, 0xE3, 0x80, 0x73, 0xC0, 0x39, 0xC0, 0x1E, 0xE0, 0x07, 0x38, 0xC0, 0xEC, 0x03, 0xE0,
    0x1E, 0x00, 0x00, 0x0F, 0xC0, 0xFF, 0x8E, 0x1C, 0xE0, 0x70, 0x03, 0x80, 0xFC, 0x7F, 0xE7, 0xF7,
    0x78, 0x3B, 0x81, 0xDC, 0x1E, 0xF1, 0xF3, 0xFF, 0xCF, 0x8E, 0xC0, 0xFC, 0xF7, 0xF8, 0xFC, 0x1E,
    0x00, 0x07, 0xF9, 0xFE, 0x3F, 0x07, 0x81, 0xE0, 0x78, 0x1E, 0x07, 0x81, 0xE0, 0x78, 0x1E, 0x07,
    0x81, 0xE0, 0x78, 0x1E, 0x0F, 0xC7, 0xF9, 0xFE, 0xE1, 0xEF, 0x70, 0xFE, 0x0F, 0x80, 0x00, 0x3C,
    0x07, 0x80, 0xF0, 0x1E, 0x03, 0xC0, 0x78, 0x0F, 0x01, 0xE0, 0x3C, 0x07, 0x80, 0xF0, 0x1E, 0x03,
    0xC0, 0x78, 0x00, 0x0E, 0x1C, 0x07, 0x9C, 0x01, 0xFC, 0x00, 0x7E, 0x00, 0x1E, 0x00, 0x00, 0x00,
    0x1F, 0xC0, 0x3F, 0xF8, 0x3F, 0xFE, 0x3E, 0x0F, 0x9E, 0x03, 0xDF, 0x01, 0xFF, 0x00, 0x7F, 0x80,
    0x3F, 0xC0, 0x1F, 0xE0, 0x0F, 0xF0, 0x07, 0xF8, 0x03, 0xFE, 0x03, 0xEF, 0x01, 0xE7, 0xC1, 0xF1,
    0xFF, 0xF0, 0x7F, 0xF0, 0x0F, 0xE0, 0x38, 0x70, 0xEF, 0x03, 0xF0, 0x0F, 0x00, 0x00, 0x07, 0xC0,
    0xFF, 0x8F, 0xFE, 0x78, 0xF7, 0x83, 0xFC, 0x1F, 0xE0, 0xFF, 0x07, 0xF8, 0x3F, 0xC1, 0xEF, 0x1E,
    0x7F, 0xF1, 0xFF, 0x03, 0xE0, 0x38, 0x38, 0x3D, 0xE0, 0x3F, 0x80, 0x3E, 0x00, 0x7C, 0x00, 0x00,
    0x3C, 0x07, 0xF8, 0x0F, 0xF0, 0x1F, 0xE0, 0x3F, 0xC0, 0x7F, 0x80, 0xFF, 0x01, 0xFE, 0x03, 0xFC,
    0x07, 0xF8, 0x0F, 0xF0, 0x1F, 0xE0, 0x3F, 0xC0, 0x7F, 0x80, 0xF7, 0x83, 0xCF, 0xFF, 0x8F, 0xFE,
    0x07, 0xF0, 0x38, 0x70, 0xEF, 0x03, 0xF0, 0x0F, 0x00, 0x00, 0x78, 0x3F, 0xC1, 0xFE, 0x0F, 0xF0,
    0x7F, 0x83, 0xFC, 0x1F, 0xE0, 0xFF, 0x07, 0xF8, 0x3F, 0xC1, 0xFF, 0x1F, 0xFF, 0xFB, 0xFD, 0xCF,
    0x8E, 0x1F, 0xF0, 0x3F, 0xE0, 0x7F, 0xC0, 0xE7, 0x81, 0xCF, 0x03, 0x9E, 0x00, 0x00, 0x00, 0x00,
    0xF0, 0x1F, 0xE0, 0x3F, 0xC0, 0x7F, 0x80, 0xFF, 0x01, 0xFE, 0x03, 0xFC, 0x07, 0xF8, 0x0F, 0xF0,
    0x1F, 0xE0, 0x3F, 0xC0, 0x7F, 0x80, 0xFF, 0x01, 0xFE, 0x03, 0xDE, 0x0F, 0x3F, 0xFE, 0x3F, 0xF8,
    0x1F, 0xC0, 0x3F, 0xE1, 0xFF, 0x0F, 0xF8, 0x00, 0x03, 0x9E, 0x1C, 0xF0, 0xE7, 0x80, 0x00, 0xF0,
    0x7F, 0x83, 0xFC, 0x1F, 0xE0, 0xFF, 0x07, 0xF8, 0x3F, 0xC1, 0xFE, 0x0F, 0xF0, 0x7F, 0x83, 0xFE,
    0x3F, 0xFF, 0xF7, 0xFB, 0x9F, 0x9C, 0x01, 0xF0, 0x03, 0x80, 0x0E, 0x00, 0xE7, 0x01, 0xCE, 0x03,
    0x9C, 0x00, 0x00, 0x00, 0x00, 0xF0, 0x1F, 0xE0, 0x3F, 0xC0, 0x7F, 0x80, 0xFF, 0x01, 0xFE, 0x03,
    0xFC, 0x07, 0xF8, 0x0F, 0xF0, 0x1F, 0xE0, 0x3F, 0xC0, 0x7F, 0x80, 0xFF, 0x01, 0xFE, 0x03, 0xDE,
    0x0F, 0x3F, 0xFE, 0x3F, 0xF8, 0x1F, 0xC0, 0x03, 0xE0, 0x1C, 0x01, 0xC0, 0x00, 0x03, 0x9C, 0x1C,
    0xE0, 0xE7, 0x00, 0x00, 0xF0, 0x7F, 0x83, 0xFC, 0x1F, 0xE0, 0xFF, 0x07, 0xF8, 0x3F, 0xC1, 0xFE,
    0x0F, 0xF0, 0x7F, 0x83, 0xFE, 0x3F, 0xFF, 0xF7, 0xFF, 0x9F, 0x3C, 0x18, 0x30, 0x39, 0xC0, 0x3F,
    0x00, 0x3C, 0x01, 0xCE, 0x03, 0x9C, 0x07, 0x38, 0x00, 0x00, 0x00, 0x01, 0xE0, 0x3F, 0xC0, 0x7F,
    0x80, 0xFF, 0x01, 0xFE, 0x03, 0xFC, 0x07, 0xF8, 0x0F, 0xF0, 0x1F, 0xE0, 0x3F, 0xC0, 0x7F, 0x80,
    0xFF, 0x01, 0xFE, 0x03, 0xFC, 0x07, 0xBC, 0x1E, 0x7F, 0xFC, 0x7F, 0xF0, 0x3F, 0x80, 0x30, 0x61,
    0xCE, 0x07, 0xE0, 0x1E, 0x00, 0x00, 0x1C, 0xE0, 0xE7, 0x07, 0x38, 0x00, 0x07, 0x83, 0xFC, 0x1F,
    0xE0, 0xFF, 0x07, 0xF8, 0x3F, 0xC1, 0xFE, 0x0F, 0xF0, 0x7F, 0x83, 0xFC, 0x1F, 0xF1, 0xFF, 0xFF,
    0xBF, 0xFC, 0xF9, 0xE0, 0x1E, 0x00, 0x1E, 0x00, 0x1E, 0x00, 0xE7, 0x01, 0xCE, 0x03, 0x9C, 0x00,
    0x00, 0x00, 0x00, 0xF0, 0x1F, 0xE0, 0x3F, 0xC0, 0x7F, 0x80, 0xFF, 0x01, 0xFE, 0x03, 0xFC, 0x07,
    0xF8, 0x0F, 0xF0, 0x1F, 0xE0, 0x3F, 0xC0, 0x7F, 0x80, 0xFF, 0x01, 0xFE, 0x03, 0xDE, 0x0F, 0x3F,
    0xFE, 0x3F, 0xF8, 0x1F, 0xC0, 0x3C, 0x00, 0xF0, 0x03, 0xC0, 0x00, 0x03, 0x9C, 0x1C, 0xE0, 0xE7,
    0x00, 0x00, 0xF0, 0x7F, 0x83, 0xFC, 0x1F, 0xE0, 0xFF, 0x07, 0xF8, 0x3F, 0xC1, 0xFE, 0x0F, 0xF0,
    0x7F, 0x83, 0xFE, 0x3F, 0xFF, 0xF7, 0xFF, 0x9F, 0x3C, 0x3F, 0x83, 0xFF, 0x1F, 0xFC, 0x81, 0xE0,
    0x07, 0x80, 0x3F, 0xFF, 0xFF, 0xFF, 0xFF, 0xFF, 0x83, 0xFE, 0x3C, 0xFF, 0xE3, 0xFE, 0x0F, 0xC0,
    0x07, 0xFC, 0x00, 0xFF, 0x80, 0x1F, 0xF0, 0x00, 0x00, 0x00, 0x73, 0xC0, 0x0E, 0x78, 0x01, 0xCF,
    0x00, 0x00, 0x00, 0x03, 0xF0, 0x00, 0x7E, 0x00, 0x0F, 0xE0, 0x03, 0xFC, 0x00, 0x7F, 0x80, 0x0E,
    0x78, 0x03, 0xCF, 0x00, 0x79, 0xF0, 0x0F, 0x1E, 0x03, 0xC3, 0xC0, 0x78, 0x3C, 0x0F, 0xFF, 0x83,
    0xFF, 0xF0, 0x7F, 0xFF, 0x0F, 0x01, 0xE3, 0xC0, 0x3E, 0x78, 0x03, 0xCF, 0x00, 0x78, 0x1F, 0xE1,
    0xFE, 0x1F, 0xE0, 0x00, 0x1D, 0xE1, 0xDE, 0x1D, 0xE0, 0x00, 0x0F, 0xC3, 0xFE, 0x3F, 0xF1, 0x0F,
    0x00, 0xF1, 0xFF, 0x7F, 0xFF, 0x8F, 0xF0, 0xFF, 0x0F, 0xF1, 0xFF, 0xFF, 0x7F, 0x73, 0xE7, 0x07,
    0xF8, 0x01, 0xFE, 0x00, 0x7F, 0x80, 0x00, 0x00, 0x01, 0xE0, 0x00, 0x78, 0x00, 0x1E, 0x00, 0x00,
    0x00, 0x03, 0xF0, 0x00, 0xFC, 0x00, 0x3F, 0x00, 0x1F, 0xE0, 0x07, 0xF8, 0x01, 0xCE, 0x00, 0xF3,
    0xC0, 0x3C, 0xF0, 0x0E, 0x1C, 0x07, 0x87, 0x81, 0xE1, 0xE0, 0x7F, 0xF8, 0x3F, 0xFF, 0x0F, 0xFF,
    0xC3, 0xC0, 0xF1, 0xE0, 0x1E, 0x78, 0x07, 0x9E, 0x01, 0xE0, 0x1F, 0xE1, 0xFE, 0x1F, 0xE0, 0x00,
    0x0F, 0x00, 0xF0, 0x0F, 0x00, 0x00, 0x0F, 0xC3, 0xFE, 0x3F, 0xF1, 0x0F, 0x00, 0xF1, 0xFF, 0x7F,
    0xFF, 0x8F, 0xF0, 0xFF, 0x0F, 0xF1, 0xFF, 0xFF, 0x7F, 0x73, 0xE7, 0x00, 0xFF, 0x00, 0x03, 0xFC,
    0x00, 0x0F, 0xF0, 0x00, 0x00, 0x00, 0x01, 0xFF, 0xFC, 0x07, 0xFF, 0xF0, 0x3F, 0xFF, 0xC0, 0xE7,
    0x80, 0x03, 0x9E, 0x00, 0x1E, 0x78, 0x00, 0x71, 0xE0, 0x03, 0xC7, 0xFF, 0x0F, 0x1F, 0xFC, 0x78,
    0x7F, 0xF1, 0xE1, 0xE0, 0x0F, 0xFF, 0x80, 0x3F, 0xFE, 0x00, 0xFF, 0xF8, 0x07, 0x81, 0xE0, 0x1E,
    0x07, 0xFF, 0xF0, 0x1F, 0xFF, 0xC0, 0x7F, 0xF0, 0x01, 0xFE, 0x00, 0x0F, 0xF0, 0x00, 0x7F, 0x80,
    0x00, 0x00, 0x01, 0xF8, 0xFC, 0x3F, 0xEF, 0xF0, 0xFF, 0xFF, 0xC4, 0x1F, 0x1F, 0x00, 0xF0, 0x78,
    0xFF, 0xFF, 0xDF, 0xFF, 0xFF, 0xF1, 0xFF, 0xFF, 0x0F, 0x00, 0x78, 0x78, 0x03, 0xC7, 0xE0, 0x5F,
    0xFF, 0xFE, 0x7F, 0x9F, 0xF1, 0xF0, 0x7F, 0x00, 0x07, 0xF0, 0x0F, 0xFE, 0x0F, 0x07, 0x87, 0x01,
    0xC7, 0x00, 0xF3, 0x80, 0x03, 0x80, 0x01, 0xC0, 0x00, 0xE0, 0xFF, 0x70, 0x7F, 0xB8, 0x01, 0xDC,
    0x00, 0xEF, 0x0F, 0xFB, 0x87, 0xFD, 0xE0, 0x38, 0x78, 0x78, 0x1F, 0xF8, 0x03, 0xF0, 0x00, 0x1F,
    0x38, 0x7F, 0xF1, 0xE3, 0xE3, 0x83, 0xCE, 0x03, 0x9C, 0x07, 0x38, 0xFF, 0xF1, 0xFF, 0xE0, 0x38,
    0xE0, 0xF1, 0xE3, 0xE1, 0xFF, 0xC1, 0xF3, 0x80, 0x07, 0x3C, 0x0E, 0x38, 0x38, 0x3F, 0xE0, 0x3F,
    0x80, 0x0E, 0x30, 0x07, 0x70, 0x03, 0xE0, 0x03, 0xC0, 0x00, 0x00, 0x00, 0x00, 0x07, 0xF0, 0x1F,
    0xF8, 0x3C, 0x1C, 0x78, 0x0E, 0x70, 0x0F, 0x70, 0x07, 0xE0, 0x00, 0xE0, 0x00, 0xE0, 0x00, 0xE0,
    0xFF, 0xE0, 0xFF, 0xE0, 0x07, 0xF0, 0x07, 0x70, 0x0F, 0x78, 0x0F, 0x3C, 0x3F, 0x1F, 0xFB, 0x07,
    0xE3, 0x18, 0xE0, 0xEE, 0x03, 0xE0, 0x0E, 0x00, 0x00, 0x0F, 0x9C, 0xFF, 0xEF, 0x1F, 0x70, 0x7F,
    0x01, 0xF8, 0x0F, 0xC0, 0x7E, 0x03, 0xF0, 0x1D, 0xC1, 0xEF, 0x1F, 0x3F, 0xF8, 0xF9, 0xC0, 0x0F,
    0xE0, 0x77, 0x07, 0x1F, 0xF0, 0x7F, 0x00, 0x38, 0xC0, 0x67, 0x01, 0xD8, 0x03, 0xC0, 0x07, 0x00,
    0x00, 0x0E, 0x03, 0xB8, 0x1E, 0xE0, 0xF3, 0x87, 0x8E, 0x3C, 0x39, 0xE0, 0xEF, 0x03, 0xBC, 0x0F,
    0xF0, 0x3F, 0xC0, 0xFF, 0x83, 0xCF, 0x0E, 0x1C, 0x38, 0x78, 0xE0, 0xF3, 0x81, 0xCE, 0x07, 0xB8,
    0x0F, 0xC6, 0x00, 0xD8, 0x01, 0xB0, 0x01, 0xC0, 0x00, 0x00, 0x07, 0x00, 0x0E, 0x00, 0x1C, 0x00,
    0x38, 0x00, 0x70, 0x78, 0xE1, 0xE1, 0xC7, 0x83, 0x9E, 0x07, 0x38, 0x0E, 0xE0, 0x1F, 0xE0, 0x3F,
    0xC0, 0x79, 0xC0, 0xF3, 0xC1, 0xC3, 0x83, 0x87, 0x87, 0x07, 0x8E, 0x07, 0x00, 0x07, 0xF0, 0x0F,
    0xFE, 0x0F, 0xFF, 0x8F, 0x83, 0xE7, 0x80, 0xF7, 0xC0, 0x7F, 0xC0, 0x1F, 0xE0, 0x0F, 0xF0, 0x07,
    0xF8, 0x03, 0xFC, 0x01, 0xFE, 0x00, 0xFF, 0x80, 0xFB, 0xC0, 0x79, 0xF0, 0x7C, 0x7F, 0xFC, 0x1F,
    0xFC, 0x03, 0xF8, 0x00, 0x70, 0x00, 0x70, 0x00, 0x38, 0x00, 0x1F, 0x00, 0x0F, 0x80, 0x03, 0xC0,
    0x0F, 0x81, 0xFF, 0x1F, 0xFC, 0xF1, 0xEF, 0x07, 0xF8, 0x3F, 0xC1, 0xFE, 0x0F, 0xF0, 0x7F, 0x83,
    0xDE, 0x3C, 0xFF, 0xE3, 0xFE, 0x07, 0xC0, 0x18, 0x01, 0xC0, 0x0E, 0x00, 0x7C, 0x03, 0xE0, 0x0F,
    0x00, 0x07, 0xF8, 0x03, 0xFC, 0x01, 0xFE, 0x00, 0x00, 0x00, 0x7F, 0x00, 0xFF, 0xE0, 0xFF, 0xF8,
    0xF8, 0x3E, 0x78, 0x0F, 0x7C, 0x07, 0xFC, 0x01, 0xFE, 0x00, 0xFF, 0x00, 0x7F, 0x80, 0x3F, 0xC0,
    0x1F, 0xE0, 0x0F, 0xF8, 0x0F, 0xBC, 0x07, 0x9F, 0x07, 0xC7, 0xFF, 0xC1, 0xFF, 0xC0, 0x3F, 0x80,
    0x06, 0x00, 0x07, 0x00, 0x03, 0x80, 0x01, 0xF0, 0x00, 0xF8, 0x00, 0x3C, 0x00, 0x1F, 0xE0, 0xFF,
    0x07, 0xF8, 0x00, 0x00, 0xF8, 0x1F, 0xF1, 0xFF, 0xCF, 0x1E, 0xF0, 0x7F, 0x83, 0xFC, 0x1F, 0xE0,
    0xFF, 0x07, 0xF8, 0x3D, 0xE3, 0xCF, 0xFE, 0x3F, 0xE0, 0x7C, 0x01, 0x80, 0x1C, 0x00, 0xE0, 0x07,
    0xC0, 0x3E, 0x00, 0xF0, 0x38, 0x70, 0x73, 0xC0, 0xFE, 0x03, 0xF0, 0x07, 0x80, 0x00, 0x07, 0xFF,
    0x9F, 0xFE, 0x7F, 0xF8, 0x07, 0xC0, 0x3E, 0x01, 0xF0, 0x0F, 0x80, 0x7C, 0x01, 0xFF, 0x07, 0xFE,
    0x00, 0x7C, 0x00, 0xF0, 0x03, 0xC0, 0x0F, 0xC0, 0x7F, 0xFF, 0xEF, 0xFF, 0x0F, 0xF0, 0x38, 0xF0,
    0xEF, 0x03, 0xF0, 0x1F, 0x00, 0x00, 0x3F, 0xFD, 0xFF, 0xEF, 0xFF, 0x01, 0xF0, 0x1F, 0x01, 0xF0,
    0x1E, 0x01, 0xE0, 0x0F, 0xE0, 0x7F, 0x80, 0xFE, 0x00, 0xF8, 0x03, 0xC0, 0x1E, 0x00, 0xF0, 0x07,
    0xE0, 0x7B, 0xFF, 0xDF, 0xFC, 0x3F, 0x80, 0xE1, 0xEF, 0x70, 0xFE, 0x0F, 0x80, 0x00, 0x3C, 0x07,
    0x80, 0xF0, 0x1E, 0x03, 0xC0, 0x78, 0x0F, 0x01, 0xE0, 0x3C, 0x07, 0x80, 0xF0, 0x1E, 0x03, 0xC0,
    0x78, 0x0F, 0x01, 0xE0, 0x3C, 0x3F, 0x87, 0xE0, 0xF8, 0x00, 0xFF, 0xC0, 0x7F, 0xFF, 0xFF, 0xC1,
    0xFF, 0xFF, 0xFF, 0x87, 0xFF, 0xFC, 0x3F, 0x00, 0x1E, 0xF0, 0x3C, 0x00, 0xFB, 0xC0, 0xF8, 0x03,
    0xCF, 0x01, 0xE0, 0x1E, 0x3C, 0x07, 0x80, 0xF8, 0xF0, 0x1E, 0x03, 0xC3, 0xC0, 0x78, 0x1E, 0x0F,
    0x01, 0xE0, 0xF8, 0x3C, 0x07, 0x83, 0xC0, 0xF0, 0x3C, 0x1E, 0x03, 0xC0, 0xF0, 0xF8, 0x0F, 0x0F,
    0x83, 0xC0, 0x3F, 0xFE, 0x1F, 0xFF, 0xFF, 0xE0, 0x7F, 0xFF, 0xFE, 0x01, 0xFF, 0xF0, 0xFF, 0xC0,
    0x00, 0x0F, 0xFF, 0x00, 0x00, 0xFF, 0xF8, 0x00, 0x0F, 0x0F, 0xC0, 0x00, 0xF0, 0x3C, 0x3F, 0xFF,
    0x03, 0xE3, 0xFF, 0xF0, 0x1E, 0x3F, 0xFF, 0x01, 0xE0, 0x1E, 0xF0, 0x1E, 0x01, 0xEF, 0x01, 0xE0,
    0x3C, 0xF0, 0x1E, 0x07, 0x8F, 0x01, 0xE0, 0xF8, 0xF0, 0x3C, 0x1F, 0x0F, 0x03, 0xC1, 0xE0, 0xF0,
    0xF8, 0x3C, 0x0F, 0xFF, 0x87, 0xFF, 0xFF, 0xE0, 0x7F, 0xFF, 0xF8, 0x07, 0xFF, 0x00, 0x78, 0x00,
    0x00, 0x1E, 0x00, 0x00, 0x07, 0x80, 0x00, 0x01, 0xE0, 0x00, 0x00, 0x78, 0x00, 0x07, 0xDE, 0x3F,
    0xF3, 0xFF, 0x8F, 0xFD, 0xFF, 0xE3, 0xFF, 0xF8, 0xF8, 0x07, 0xBC, 0x1E, 0x01, 0xEF, 0x07, 0x80,
    0xF3, 0xC1, 0xE0, 0x78, 0xF0, 0x78, 0x3E, 0x3C, 0x1E, 0x1F, 0x0F, 0x07, 0x87, 0x83, 0xE3, 0xE3,
    0xC0, 0x7F, 0xF9, 0xFF, 0xCF, 0xFE, 0x7F, 0xF1, 0xE3, 0x9F, 0xFC, 0x00, 0x78, 0x01, 0xE0, 0x07,
    0x80, 0x1E, 0x00, 0x30, 0x00, 0x00, 0x00, 0xFE, 0x07, 0xFF, 0x3F, 0xFC, 0x7C, 0x19, 0xF0, 0x03,
    0xC0, 0x0F, 0x00, 0x1E, 0x00, 0x3C, 0x3F, 0xF8, 0x7F, 0xF0, 0xFF, 0xE0, 0x3F, 0xE0, 0x7B, 0xC0,
    0xF7, 0xC1, 0xE7, 0xFF, 0xC7, 0xFF, 0x83, 0xFC, 0x01, 0xE0, 0x1E, 0x01, 0xE0, 0x0C, 0x00, 0x00,
    0x0F, 0x3C, 0xFF, 0xEF, 0xFF, 0xF8, 0xFF, 0x83, 0xFC, 0x1F, 0xE0, 0xFF, 0x07, 0xF8, 0x3F, 0xC1,
    0xFF, 0x1F, 0x7F, 0xF9, 0xFF, 0xC7, 0x9E, 0x00, 0xF0, 0x07, 0xA0, 0x7D, 0xFF, 0xCF, 0xFC, 0x3F,
    0xC0, 0xF0, 0x3C, 0x03, 0xC0, 0xF0, 0x0F, 0x03, 0xC0, 0x3C, 0x0F, 0x00, 0xF0, 0x3C, 0x3F, 0xC0,
    0xF0, 0xFF, 0x03, 0xC3, 0xFF, 0xFF, 0x0F, 0xFF, 0xFC, 0x3F, 0xFF, 0xF0, 0xFF, 0x03, 0xC3, 0xFC,
    0x0F, 0x0F, 0xF0, 0x3C, 0x3F, 0xC0, 0xF0, 0xFF, 0x03, 0xE7, 0xFC, 0x07, 0xFE, 0xF0, 0x1F, 0xF3,
    0xC0, 0x1F, 0x80, 0xE3, 0xC7, 0x3F, 0x3F, 0xFD, 0xF9, 0xFF, 0x87, 0xF8, 0x3F, 0xC1, 0xFE, 0x0F,
    0xF0, 0x7F, 0x87, 0xFC, 0x3D, 0xE3, 0xEF, 0x1E, 0x7B, 0xF3, 0xFF, 0x1F, 0xF0, 0xFE, 0x07, 0xC0,
    0x3C, 0x01, 0xE0, 0x0F, 0x00, 0x78, 0x03, 0xC0, 0x1E, 0x00, 0x0F, 0x00, 0x0F, 0x80, 0x03, 0x80,
    0x01, 0xC0, 0x00, 0xE0, 0x00, 0x00, 0xF8, 0x0F, 0xF8, 0x0F, 0xFC, 0x0F, 0xFC, 0x0F, 0xFE, 0x0F,
    0xEF, 0x0F, 0xEF, 0x0F, 0xE7, 0x8F, 0xE7, 0x8F, 0xE3, 0xCF, 0xE3, 0xCF, 0xE1, 0xEF, 0xE1, 0xEF,
    0xE0, 0xFF, 0xE0, 0x7F, 0xE0, 0x7F, 0xE0, 0x3F, 0xE0, 0x3F, 0x1E, 0x00, 0x78, 0x01, 0xE0, 0x03,
    0x80, 0x00, 0x71, 0xF3, 0xBF, 0xDF, 0xFF, 0xF8, 0xFF, 0x83, 0xFC, 0x1F, 0xE0, 0xFF, 0x07, 0xF8,
    0x3F, 0xC1, 0xFE, 0x0F, 0xF0, 0x7F, 0x83, 0xFC, 0x1E, 0x00, 0x78, 0x00, 0x3C, 0x00, 0x0E, 0x00,
    0x07, 0x80, 0x03, 0xF0, 0x00, 0xCC, 0x00, 0x33, 0x00, 0x0F, 0x80, 0x03, 0xF0, 0x00, 0xFC, 0x00,
    0x7F, 0x80, 0x1F, 0xE0, 0x07, 0x38, 0x03, 0xCF, 0x00, 0xF3, 0xC0, 0x38, 0x70, 0x1E, 0x1E, 0x07,
    0xFF, 0x83, 0xFF, 0xF0, 0xFF, 0xFC, 0x3C, 0x0F, 0x1E, 0x01, 0xE7, 0x80, 0x79, 0xE0, 0x1E, 0x01,
    0xE0, 0x3C, 0x07, 0x00, 0x00, 0x07, 0x80, 0xFC, 0x0C, 0xC0, 0xCC, 0x07, 0x80, 0x00, 0x00, 0x00,
    0xFC, 0x3F, 0xE3, 0xFF, 0x10, 0xF0, 0x0F, 0x1F, 0xF7, 0xFF, 0xF8, 0xFF, 0x0F, 0xF0, 0xFF, 0x1F,
    0xFF, 0xF7, 0xF7, 0x3E, 0x70, 0x00, 0x07, 0xC0, 0x00, 0x0F, 0x00, 0x00, 0x3C, 0x00, 0x00, 0xE0,
    0x00, 0x03, 0x80, 0x00, 0x00, 0x00, 0x00, 0x3F, 0xFF, 0x80, 0x7F, 0xFF, 0x01, 0xFF, 0xFE, 0x03,
    0x9E, 0x00, 0x0F, 0x3C, 0x00, 0x1E, 0x78, 0x00, 0x78, 0xF0, 0x00, 0xF1, 0xFF, 0x81, 0xC3, 0xFF,
    0x07, 0x87, 0xFE, 0x0F, 0x0F, 0x00, 0x3F, 0xFE, 0x00, 0x7F, 0xFC, 0x01, 0xFF, 0xF8, 0x03, 0xC0,
    0xF0, 0x0F, 0x01, 0xFF, 0xDE, 0x03, 0xFF, 0xB8, 0x07, 0xFF, 0x00, 0x3E, 0x00, 0x01, 0xC0, 0x00,
    0x1C, 0x00, 0x01, 0xC0, 0x00, 0x00, 0x00, 0x0F, 0xC7, 0xE1, 0xFF, 0x7F, 0x87, 0xFF, 0xFE, 0x20,
    0xF8, 0xF8, 0x07, 0x83, 0xC7, 0xFF, 0xFE, 0xFF, 0xFF, 0xFF, 0x8F, 0xFF, 0xF8, 0x78, 0x03, 0xC3,
    0xC0, 0x1E, 0x3F, 0x02, 0xFF, 0xFF, 0xF3, 0xFC, 0xFF, 0x8F, 0x83, 0xF8, 0x00, 0x78, 0x00, 0x7C,
    0x00, 0x38, 0x00, 0x38, 0x00, 0x18, 0x00, 0x00, 0x00, 0x1F, 0xDC, 0x3F, 0xFC, 0x3F, 0xFE, 0x3E,
    0x0F, 0x9E, 0x0F, 0xDF, 0x0F, 0xFF, 0x07, 0x7F, 0x87, 0x3F, 0xC7, 0x1F, 0xE3, 0x8F, 0xF3, 0x87,
    0xFB, 0x83, 0xFF, 0xC3, 0xEF, 0xC1, 0xE7, 0xC1, 0xF1, 0xFF, 0xF0, 0xFF, 0xF0, 0xEF, 0xE0, 0x10,
    0x00, 0x00, 0x03, 0xE0, 0x1C, 0x01, 0xC0, 0x1C, 0x00, 0x00, 0x07, 0xF0, 0xFF, 0xCF, 0xFE, 0x79,
    0xF7, 0x8F, 0xFC, 0xFF, 0xE6, 0xFF, 0x77, 0xFF, 0x3F, 0xF1, 0xEF, 0x9E, 0x7F, 0xF1, 0xFF, 0x1F,
    0xE0, 0x00, 0x00, 0x3D, 0xE0, 0x0E, 0x70, 0x03, 0x9C, 0x00, 0xC6, 0x00, 0x00, 0x00, 0x1F, 0x00,
    0x0F, 0x80, 0x0F, 0xE0, 0x07, 0xF0, 0x03, 0xBC, 0x03, 0xDE, 0x01, 0xE7, 0x00, 0xF3, 0xC0, 0xF1,
    0xE0, 0x78, 0xF0, 0x3C, 0x3C, 0x3F, 0xFE, 0x1F, 0xFF, 0x0F, 0xFF, 0xCF, 0x01, 0xE7, 0x80, 0xF3,
    0xC0, 0x3F, 0xC0, 0x1E, 0xF7, 0x07, 0x38, 0x3B, 0x81, 0x9C, 0x00, 0x01, 0xFC, 0x3F, 0xE3, 0xFF,
    0x00, 0xF0, 0x0F, 0x1F, 0xF7, 0xFF, 0xF8, 0xFF, 0x0F, 0xF0, 0xFF, 0x1F, 0xFF, 0xF7, 0xF7, 0x3E,
    0x70, 0x03, 0xE0, 0x03, 0xF8, 0x03, 0xFE, 0x01, 0x83, 0x01, 0xC1, 0x80, 0x00, 0x00, 0x0F, 0x80,
    0x0F, 0xC0, 0x07, 0xF0, 0x03, 0xF8, 0x03, 0xDC, 0x01, 0xEF, 0x00, 0xE7, 0x80, 0xF1, 0xC0, 0x78,
    0xF0, 0x3C, 0x78, 0x3C, 0x3C, 0x1F, 0xFF, 0x0F, 0xFF, 0x8F, 0xFF, 0xC7, 0x80, 0xF3, 0xC0, 0x7B,
    0xC0, 0x3D, 0xE0, 0x0F, 0x0F, 0x81, 0xFC, 0x3F, 0xE3, 0x06, 0x00, 0x01, 0xFC, 0x3F, 0xE3, 0xFF,
    0x00, 0xF0, 0x0F, 0x1F, 0xF7, 0xFF, 0xF8, 0xFF, 0x0F, 0xF0, 0xFF, 0x1F, 0xFF, 0xF7, 0xF7, 0x3E,
    0x70, 0xF7, 0x07, 0x38, 0x39, 0xC1, 0x8C, 0x00, 0x07, 0xFF, 0x7F, 0xF7, 0xFF, 0x78, 0x07, 0x80,
    0x78, 0x07, 0x80, 0x7F, 0xE7, 0xFE, 0x7F, 0xE7, 0x80, 0x78, 0x07, 0x80, 0x78, 0x07, 0x80, 0x7F,
    0xF7, 0xFF, 0x7F, 0xF0, 0xF7, 0x03, 0x9C, 0x0E, 0x60, 0x31, 0x80, 0x00, 0x07, 0xE0, 0xFF, 0x8F,
    0xFE, 0x78, 0xFF, 0x83, 0xFF, 0xFF, 0xFF, 0xFF, 0xFF, 0xF8, 0x03, 0xC0, 0x0F, 0x02, 0x7F, 0xF1,
    0xFF, 0x83, 0xF8, 0x1F, 0x07, 0xF1, 0xFF, 0x30, 0x6E, 0x0C, 0x00, 0x3F, 0xFF, 0xFF, 0xFF, 0xFE,
    0x03, 0xC0, 0x78, 0x0F, 0x01, 0xFF, 0xBF, 0xF7, 0xFE, 0xF0, 0x1E, 0x03, 0xC0, 0x78, 0x0F, 0x01,
    0xFF, 0xFF, 0xFF, 0xFF, 0x0F, 0x80, 0xFE, 0x0F, 0xF8, 0x60, 0xC0, 0x00, 0x07, 0xE0, 0xFF, 0x8F,
    0xFE, 0x78, 0xFF, 0x83, 0xFF, 0xFF, 0xFF, 0xFF, 0xFF, 0xF8, 0x03, 0xC0, 0x0F, 0x02, 0x7F, 0xF1,
    0xFF, 0x83, 0xF8, 0x77, 0x8F, 0x78, 0xE7, 0x0E, 0x70, 0x00, 0x3F, 0xC7, 0xF8, 0x7E, 0x07, 0x80,
    0xF0, 0x1E, 0x03, 0xC0, 0x78, 0x0F, 0x01, 0xE0, 0x3C, 0x07, 0x80, 0xF0, 0x1E, 0x03, 0xC0, 0xFC,
    0x3F, 0xC7, 0xF8, 0xF7, 0x8F, 0x78, 0xE7, 0x0E, 0x70, 0x00, 0x0F, 0x01, 0xE0, 0x3C, 0x07, 0x80,
    0xF0, 0x1E, 0x03, 0xC0, 0x78, 0x0F, 0x01, 0xE0, 0x3C, 0x07, 0x80, 0xF0, 0x1E, 0x00, 0x1F, 0x0F,
    0xE7, 0xFF, 0x83, 0xC0, 0xC0, 0x07, 0xF9, 0xFE, 0x3F, 0x07, 0x81, 0xE0, 0x78, 0x1E, 0x07, 0x81,
    0xE0, 0x78, 0x1E, 0x07, 0x81, 0xE0, 0x78, 0x1E, 0x0F, 0xC7, 0xF9, 0xFE, 0x1F, 0x1F, 0xEF, 0xFF,
    0x83, 0x00, 0x07, 0x81, 0xE0, 0x78, 0x1E, 0x07, 0x81, 0xE0, 0x78, 0x1E, 0x07, 0x81, 0xE0, 0x78,
    0x1E, 0x07, 0x81, 0xE0, 0x3D, 0xE0, 0x0E, 0x70, 0x03, 0x9C, 0x00, 0xC6, 0x00, 0x00, 0x00, 0x00,
    0x00, 0x1F, 0xC0, 0x3F, 0xF8, 0x3F, 0xFE, 0x3E, 0x0F, 0x9E, 0x03, 0xDF, 0x01, 0xFF, 0x00, 0x7F,
    0x80, 0x3F, 0xC0, 0x1F, 0xE0, 0x0F, 0xF0, 0x07, 0xF8, 0x03, 0xFE, 0x03, 0xEF, 0x01, 0xE7, 0xC1,
    0xF1, 0xFF, 0xF0, 0x7F, 0xF0, 0x0F, 0xE0, 0xF7, 0x03, 0x9C, 0x0E, 0x60, 0x31, 0x80, 0x00, 0x07,
    0xC0, 0xFF, 0x8F, 0xFE, 0x78, 0xF7, 0x83, 0xFC, 0x1F, 0xE0, 0xFF, 0x07, 0xF8, 0x3F, 0xC1, 0xEF,
    0x1E, 0x7F, 0xF1, 0xFF, 0x03, 0xE0, 0x03, 0xE0, 0x03, 0xF8, 0x03, 0xFE, 0x01, 0x83, 0x00, 0xC1,
    0x80, 0x00, 0x00, 0x1F, 0xC0, 0x3F, 0xF8, 0x3F, 0xFE, 0x3E, 0x0F, 0x9E, 0x03, 0xDF, 0x01, 0xFF,
    0x00, 0x7F, 0x80, 0x3F, 0xC0, 0x1F, 0xE0, 0x0F, 0xF0, 0x07, 0xF8, 0x03, 0xFE, 0x03, 0xEF, 0x01,
    0xE7, 0xC1, 0xF1, 0xFF, 0xF0, 0x7F, 0xF0, 0x0F, 0xE0, 0x0F, 0x80, 0xFE, 0x0F, 0xF8, 0x60, 0xC0,
    0x00, 0x07, 0xC0, 0xFF, 0x8F, 0xFE, 0x78, 0xF7, 0x83, 0xFC, 0x1F, 0xE0, 0xFF, 0x07, 0xF8, 0x3F,
    0xC1, 0xEF, 0x1E, 0x7F, 0xF1, 0xFF, 0x03, 0xE0, 0x73, 0x80, 0x79, 0xC0, 0x3C, 0xE0, 0x0C, 0x60,
    0x00, 0x00, 0x7F, 0xE0, 0x7F, 0xF0, 0x7F, 0xF8, 0x78, 0x7C, 0x78, 0x3C, 0x78, 0x3C, 0x78, 0x3C,
    0x78, 0x78, 0x7F, 0xF8, 0x7F, 0xF0, 0x7F, 0xE0, 0x78, 0xF0, 0x78, 0xF0, 0x78, 0x78, 0x78, 0x7C,
    0x78, 0x3C, 0x78, 0x3E, 0x78, 0x1F, 0xF7, 0x8E, 0x70, 0xE7, 0x0C, 0x60, 0x00, 0x71, 0xCE, 0xF9,
    0xFF, 0x3F, 0x07, 0xC0, 0xF0, 0x1E, 0x03, 0xC0, 0x78, 0x0F, 0x01, 0xE0, 0x3C, 0x07, 0x80, 0xF0,
    0x00, 0x0F, 0x80, 0x3F, 0x80, 0xFF, 0x83, 0x83, 0x07, 0x06, 0x00, 0x00, 0x3F, 0xF0, 0x7F, 0xF0,
    0xFF, 0xF1, 0xE1, 0xF3, 0xC1, 0xE7, 0x83, 0xCF, 0x07, 0x9E, 0x1E, 0x3F, 0xFC, 0x7F, 0xE0, 0xFF,
    0xC1, 0xE3, 0xC3, 0xC7, 0x87, 0x87, 0x8F, 0x0F, 0x9E, 0x0F, 0x3C, 0x1F, 0x78, 0x1F, 0x3E, 0x3F,
    0xBF, 0xF8, 0x30, 0x07, 0x1F, 0xBF, 0xFF, 0xF8, 0x7C, 0x3C, 0x1E, 0x0F, 0x07, 0x83, 0xC1, 0xE0,
    0xF0, 0x78, 0x3C, 0x00, 0x7B, 0x80, 0x73, 0x80, 0x73, 0x80, 0x63, 0x00, 0x00, 0x00, 0x00, 0x3C,
    0x07, 0xF8, 0x0F, 0xF0, 0x1F, 0xE0, 0x3F, 0xC0, 0x7F, 0x80, 0xFF, 0x01, 0xFE, 0x03, 0xFC, 0x07,
    0xF8, 0x0F, 0xF0, 0x1F, 0xE0, 0x3F, 0xC0, 0x7F, 0x80, 0xF7, 0x83, 0xCF, 0xFF, 0x8F, 0xFE, 0x07,
    0xF0, 0xF7, 0x03, 0x9C, 0x0E, 0x70, 0x31, 0x80, 0x00, 0x78, 0x3F, 0xC1, 0xFE, 0x0F, 0xF0, 0x7F,
    0x83, 0xFC, 0x1F, 0xE0, 0xFF, 0x07, 0xF8, 0x3F, 0xC1, 0xFF, 0x1F, 0xFF, 0xFB, 0xFD, 0xCF, 0x8E,
    0x07, 0xC0, 0x1F, 0xC0, 0x7F, 0xC0, 0xC1, 0x81, 0x83, 0x00, 0x00, 0x3C, 0x07, 0xF8, 0x0F, 0xF0,
    0x1F, 0xE0, 0x3F, 0xC0, 0x7F, 0x80, 0xFF, 0x01, 0xFE, 0x03, 0xFC, 0x07, 0xF8, 0x0F, 0xF0, 0x1F,
    0xE0, 0x3F, 0xC0, 0x7F, 0x80, 0xF7, 0x83, 0xCF, 0xFF, 0x8F, 0xFE, 0x07, 0xF0, 0x0F, 0x80, 0xFE,
    0x0F, 0xF8, 0x60, 0xC0, 0x00, 0x78, 0x3F, 0xC1, 0xFE, 0x0F, 0xF0, 0x7F, 0x83, 0xFC, 0x1F, 0xE0,
    0xFF, 0x07, 0xF8, 0x3F, 0xC1, 0xFF, 0x1F, 0xFF, 0xFB, 0xFF, 0xCF, 0x8E, 0x1F, 0xC0, 0xFF, 0xC7,
    0x07, 0xB8, 0x0E, 0xE0, 0x3F, 0x80, 0x0F, 0x80, 0x3F, 0xE0, 0x7F, 0xE0, 0x7F, 0xE0, 0x3F, 0x80,
    0x1F, 0xE0, 0x1F, 0x80, 0x7F, 0x01, 0xDE, 0x0E, 0x3F, 0xF0, 0x3F, 0x00, 0x00, 0x00, 0x00, 0x07,
    0x00, 0x1C, 0x00, 0x30, 0x01, 0x80, 0x06, 0x00, 0x1F, 0x0F, 0xFB, 0xC7, 0x70, 0x7E, 0x01, 0xF0,
    0x1F, 0xE1, 0xFE, 0x07, 0xE0, 0x1F, 0x83, 0xF8, 0xF7, 0xFC, 0x7E, 0x00, 0x00, 0x00, 0x0E, 0x01,
    0xC0, 0x18, 0x06, 0x00, 0xC0, 0xFF, 0xFF, 0xFF, 0xF0, 0x38, 0x00, 0xE0, 0x03, 0x80, 0x0E, 0x00,
    0x38, 0x00, 0xE0, 0x03, 0x80, 0x0E, 0x00, 0x38, 0x00, 0xE0, 0x03, 0x80, 0x0E, 0x00, 0x38, 0x00,
    0xE0, 0x03, 0x80, 0x0E, 0x00, 0x00, 0x00, 0x00, 0x03, 0x80, 0x0E, 0x00, 0x18, 0x00, 0xC0, 0x03,
    0x00, 0x38, 0x1C, 0x0E, 0x1F, 0xFF, 0xF9, 0xC0, 0xE0, 0x70, 0x38, 0x1C, 0x0E, 0x07, 0x03, 0x81,
    0xC0, 0xE0, 0x7F, 0x1F, 0x80, 0x00, 0x01, 0xC0, 0xE0, 0x60, 0x30, 0x30, 0x1F, 0xC7, 0xFF, 0xBF,
    0xFC, 0xC1, 0xF0, 0x07, 0x80, 0x3C, 0x03, 0xE0, 0x7E, 0x3F, 0xC0, 0xFF, 0x07, 0x3C, 0x00, 0xF0,
    0x07, 0x80, 0x3C, 0x01, 0xE0, 0x1F, 0x01, 0xF0, 0x1F, 0x87, 0xF9, 0xFF, 0x0F, 0xE0, 0x7C, 0x02,
    0x00, 0x00, 0x3F, 0x1F, 0xF9, 0xFF, 0xA1, 0xF0, 0x1E, 0x03, 0xC0, 0xF0, 0xFC, 0x3F, 0x87, 0xF8,
    0x07, 0x80, 0xF0, 0x1E, 0x03, 0xC0, 0xF8, 0x3E, 0x3F, 0x9F, 0xE3, 0xF0, 0x60, 0x00, 0x38, 0x38,
    0x38, 0xE0, 0x3B, 0x80, 0x3F, 0x00, 0x3C, 0x00, 0x00, 0x3C, 0x07, 0xF8, 0x0F, 0xF0, 0x1F, 0xE0,
    0x3F, 0xC0, 0x7F, 0x80, 0xFF, 0x01, 0xFF, 0xFF, 0xFF, 0xFF, 0xFF, 0xFF, 0xF0, 0x1F, 0xE0, 0x3F,
    0xC0, 0x7F, 0x80, 0xFF, 0x01, 0xFE, 0x03, 0xFC, 0x07, 0xF8, 0x0F, 0xC0, 0xE0, 0x71, 0xC0, 0x7F,
    0x80, 0x3F, 0x00, 0x1F, 0x00, 0x00, 0x00, 0x1E, 0x00, 0x1E, 0x00, 0x1E, 0x00, 0x1E, 0x00, 0x1E,
    0x00, 0x1E, 0x7C, 0x1F, 0xFE, 0x1F, 0xFF, 0x1F, 0x1F, 0x1F, 0x0F, 0x1E, 0x0F, 0x1E, 0x0F, 0x1E,
    0x0F, 0x1E, 0x0F, 0x1E, 0x0F, 0x1E, 0x0F, 0x1E, 0x0F, 0x1E, 0x0F, 0x1E, 0x0F, 0x71, 0x80, 0x77,
    0x00, 0x3C, 0x7C, 0x6E, 0xE7, 0x39, 0xBF, 0xF3, 0xC0, 0xFF, 0xFC, 0xFF, 0xFF, 0xFF, 0xFC, 0xC7,
    0x8F, 0xFB, 0xC0, 0xFC, 0xE7, 0xE7, 0xFB, 0xF1, 0xC7, 0x38, 0xC0, 0x76, 0xF7, 0xB7, 0x00, 0x77,
    0x77, 0x00, 0xE7, 0x66, 0x7C, 0x3C, 0xFF, 0xF0, 0xEF, 0xDF, 0xBF, 0x70, 0xE7, 0x1C, 0xE3, 0x98,
    0x63, 0x1C, 0x0E, 0x17, 0x6C, 0x77, 0xF1, 0xF0, 0x1F, 0x0F, 0xE7, 0xFD, 0x83, 0xE0, 0xC0, 0x6F,
    0x7E, 0x77, 0xFE, 0xEE, 0xEE, 0xF7, 0x73, 0x77, 0xFE, 0xEE, 0xF8, 0xF0, 0x70, 0x70, 0x1E, 0x3C,
    0x78, 0x70, 0x18, 0xFE, 0x31, 0x80, 0xC6, 0x3F, 0x8C, 0x00, 0xFE, 0x0C, 0x18, 0x30, 0x60, 0xC0,
    0x3C, 0xF7, 0xBE, 0xE2, 0x00, 0x7B, 0x76, 0x31, 0x8D, 0xF0, 0xF9, 0x8C, 0x60, 0x31, 0xBE, 0x63,
    0x00, 0xF8, 0x1C, 0x71, 0xC7, 0x1F, 0xFF, 0xBE, 0xE3, 0x8E, 0x38, 0xE3, 0xF7, 0xDF, 0xFF, 0xF0,
    0xF7, 0xFB, 0xFD, 0xE0, 0x7B, 0xFC, 0xF3, 0xCD, 0xE0, 0xFD, 0xEC, 0x30, 0xE0, 0xC3, 0xCD, 0xE0,
    0x33, 0xB9, 0xCF, 0xBC, 0xFF, 0xF0, 0xFF, 0xE0, 0xF0, 0x78, 0x30, 0x88, 0xC4, 0x5D, 0xC0, 0xE1,
    0xCF, 0x78, 0xFE, 0x0F, 0x80, 0x1E, 0x0F, 0xC7, 0x7B, 0x87, 0xC1, 0xFF, 0xF7, 0xF8, 0xFC, 0x1F,
    0x0F, 0xE7, 0xFD, 0x83, 0xE0, 0xC0, 0x38, 0xDF, 0xFF, 0xFB, 0x1C, 0xFF, 0xFF, 0xFF, 0xFF, 0xF0,
    0xFF, 0xC0, 0x00, 0x00, 0x00, 0xFF, 0xC0, 0x38, 0xDF, 0xFF, 0xFF, 0x1E, 0xFF, 0xFF, 0xFF, 0xFF,
    0xFF, 0xFF, 0xF0, 0x02, 0x1C, 0xFF, 0xCE, 0x00, 0x00, 0x00, 0x30, 0x06, 0x00, 0xE0, 0x0C, 0x01,
    0x80, 0x38, 0x03, 0x00, 0x60, 0x0E, 0x00, 0xC0, 0x18, 0x03, 0x80, 0x30, 0x06, 0x00, 0xE0, 0x00,
    0xCD, 0xFC, 0xC1, 0xE0, 0xF0, 0x78, 0x3F, 0xF8, 0xFF, 0xC0, 0x60, 0x30, 0x1F, 0xF8, 0x77, 0x44,
    0x62, 0x20, 0x41, 0xE7, 0x9C, 0x79, 0x20, 0x7B, 0x76, 0xF0, 0xFF, 0xC0, 0x00, 0x00, 0x00, 0xFF,
    0xC0, 0xF0, 0xF0, 0xF0, 0xF0, 0x3C, 0xF1, 0xC7, 0x00, 0x38, 0xDF, 0xFF, 0xFF, 0x1E, 0xF7, 0xCE,
    0x62, 0x00, 0xF7, 0xBF, 0xBB, 0xFD, 0xCE, 0x0C, 0x00, 0xE7, 0x3E, 0xF0, 0xFF, 0xF8, 0x0F, 0x01,
    0xE0, 0x30, 0xFF, 0xC0, 0x00, 0x00, 0x00, 0xFF, 0xC0, 0xEF, 0xDF, 0xBF, 0x70, 0xF8, 0xC6, 0x30,
    0x04, 0x0F, 0x37, 0xFB, 0x3C, 0x18, 0x00, 0x1C, 0x0E, 0x07, 0x0E, 0x3F, 0x9F, 0xFB, 0x3C, 0x38,
    0x1C, 0x0E, 0x00, 0x71, 0xFF, 0x8E, 0x71, 0xFF, 0x8E, 0x04, 0x33, 0x3F, 0xEC, 0xC0, 0x40, 0x6F,
    0x66, 0x60, 0xF1, 0xE3, 0xE0, 0x00, 0x18, 0x00, 0x06, 0x0A, 0x41, 0x00, 0x00, 0x01, 0x02, 0x01,
    0x00, 0x22, 0x00, 0x01, 0x80, 0x00, 0x64, 0x00, 0x98, 0x00, 0x04, 0x40, 0x08, 0x04, 0x08, 0x00,
    0x00, 0x08, 0x29, 0x06, 0x00, 0x01, 0x80, 0x00, 0x7C, 0x78, 0xF0, 0x8F, 0x3F, 0x80, 0x7F, 0x6E,
    0xC0, 0x3E, 0x3F, 0xB8, 0xFB, 0xB1, 0xC0, 0xE0, 0x9F, 0x6F, 0x00, 0x1F, 0xCF, 0x10, 0x8F, 0x3F,
    0x80, 0x83, 0x71, 0x8D, 0xDE, 0xB8, 0xC8, 0xDD, 0xBF, 0x80, 0xFF, 0xF0, 0x31, 0xEF, 0xDE, 0x78,
    0x77, 0x44, 0x62, 0x31, 0x17, 0x70, 0xC8, 0xF1, 0x30, 0xE0, 0x00, 0x77, 0xC0, 0x3E, 0x3F, 0xFF,
    0xC1, 0xFF, 0xF8, 0x03, 0xFC, 0x00, 0xE0, 0x00, 0x77, 0xC0, 0x3E, 0x3F, 0xFF, 0xC1, 0xFF, 0xF8,
    0x03, 0xFC, 0x00, 0xFF, 0xFE, 0xFF, 0xFE, 0x3F, 0xC0, 0x37, 0xFF, 0xFF, 0xFF, 0xFF, 0xEC, 0x03,
    0xFC, 0x03, 0xFC, 0x00, 0xFF, 0xF8, 0x3F, 0xFF, 0xC7, 0xC0, 0x3E, 0x70, 0x00, 0xEE, 0x00, 0x07,
    0x00, 0x00, 0x00, 0x00, 0x0C, 0xFF, 0xFF, 0xEF, 0xFF, 0xFE, 0x00, 0x00, 0xC0, 0x00, 0x00, 0x78,
    0x37, 0xF3, 0xFC, 0x10, 0x7B, 0x2F, 0xF0, 0x78, 0x00, 0xCF, 0xFC, 0x7B, 0x3C, 0xF3, 0xCD, 0xE0,
    0xCF, 0x3C, 0xF3, 0x7C, 0x7E, 0x31, 0x8C, 0x3C, 0x0C, 0x37, 0xF3, 0xCF, 0x3C, 0xDF, 0xC3, 0x0F,
    0xB3, 0xCF, 0x3C, 0xC0, 0xFF, 0xF3, 0x3C, 0xCF, 0x33, 0xCC, 0xC0, 0xFC, 0xCC, 0xC0, 0x67, 0xD8,
    0xC6, 0x31, 0xE0, 0xC7, 0x36, 0xDA, 0x38, 0xC0, 0xCD, 0xE3, 0x1E, 0xCC, 0x1C, 0x00, 0xE0, 0x00,
    0x00, 0x00, 0x00, 0x0F, 0xFF, 0xFF, 0xFE, 0x00, 0xE0, 0x0E, 0x00, 0xE0, 0x0E, 0x00, 0xE0, 0x0F,
    0xFF, 0xFF, 0xFE, 0x00, 0xE0, 0x0E, 0x00, 0xE0, 0x0E, 0x00, 0xE0, 0x0F, 0xFF, 0xFF, 0xF0, 0x39,
    0xC3, 0x9C, 0x00, 0x00, 0x00, 0xFF, 0xFF, 0xFF, 0xE0, 0x0E, 0x00, 0xE0, 0x0E, 0x00, 0xE0, 0x0E,
    0x00, 0xFF, 0xFF, 0xFF, 0xE0, 0x0E, 0x00, 0xE0, 0x0E, 0x00, 0xE0, 0x0E, 0x00, 0xFF, 0xFF, 0xFF,
    0xFF, 0xFC, 0x1F, 0xFF, 0x80, 0x1C, 0x00, 0x03, 0x80, 0x00, 0x70, 0x00, 0x0E, 0x00, 0x01, 0xCF,
    0xC0, 0x3B, 0xFC, 0x07, 0xC3, 0xC0, 0xF0, 0x3C, 0x1C, 0x03, 0x83, 0x80, 0x70, 0x70, 0x0E, 0x0E,
    0x01, 0xC1, 0xC0, 0x70, 0x38, 0x1E, 0x07, 0x0F, 0x80, 0xE1, 0xC0, 0x03, 0x80, 0x38, 0x00, 0x00,
    0x00, 0x00, 0x00, 0x7F, 0xFF, 0xFF, 0xFC, 0x00, 0xE0, 0x07, 0x00, 0x38, 0x01, 0xC0, 0x0E, 0x00,
    0x70, 0x03, 0x80, 0x1C, 0x00, 0xE0, 0x07, 0x00, 0x38, 0x01, 0xC0, 0x0E, 0x00, 0x70, 0x03, 0x80,
    0x00, 0x07, 0xF0, 0x0F, 0xFC, 0x0F, 0x0F, 0x8F, 0x01, 0xC7, 0x00, 0xF7, 0x80, 0x3B, 0x80, 0x1D,
    0xC0, 0x00, 0xFF, 0xC0, 0x7F, 0xE0, 0x38, 0x00, 0x1C, 0x00, 0xFF, 0x00, 0x73, 0x80, 0x79, 0xE0,
    0x38, 0x78, 0x7C, 0x1F, 0xFC, 0x03, 0xF8, 0x00, 0x1F, 0xC0, 0xFF, 0xC7, 0x07, 0xB8, 0x0E, 0xE0,
    0x3F, 0x80, 0x0F, 0x80, 0x3F, 0xE0, 0x7F, 0xE0, 0x7F, 0xE0, 0x3F, 0x80, 0x1F, 0xE0, 0x1F, 0x80,
    0x7F, 0x01, 0xDE, 0x0E, 0x3F, 0xF0, 0x3F, 0x00, 0xFF, 0xFF, 0xFF, 0xFF, 0xFF, 0xFF, 0xFC, 0xE7,
    0xE7, 0x00, 0x00, 0x00, 0x1C, 0x1C, 0x1C, 0x1C, 0x1C, 0x1C, 0x1C, 0x1C, 0x1C, 0x1C, 0x1C, 0x1C,
    0x1C, 0x1C, 0x1C, 0x1C, 0x1C, 0x1C, 0x00, 0x70, 0x07, 0x00, 0x70, 0x07, 0x00, 0x70, 0x07, 0x00,
    0x70, 0x07, 0x00, 0x70, 0x07, 0x00, 0x70, 0x07, 0xE0, 0x7E, 0x07, 0xE0, 0xE7, 0x0E, 0x3F, 0xC1,
    0xF8, 0x0F, 0xFF, 0x00, 0x07, 0xFF, 0x80, 0x03, 0x83, 0xC0, 0x01, 0xC1, 0xE0, 0x00, 0xE0, 0xF0,
    0x00, 0x70, 0x78, 0x00, 0x38, 0x3C, 0x00, 0x3C, 0x1F, 0xF8, 0x1E, 0x0F, 0xFE, 0x0E, 0x07, 0x83,
    0x87, 0x03, 0xC0, 0xE3, 0x81, 0xE0, 0x71, 0xC0, 0xF0, 0x38, 0xE0, 0x78, 0x1C, 0x70, 0x3C, 0x0E,
    0x78, 0x1E, 0x0E, 0xF8, 0x0F, 0xFE, 0x78, 0x07, 0xFE, 0x00, 0xE0, 0x1C, 0x00, 0xE0, 0x1C, 0x00,
    0xE0, 0x1C, 0x00, 0xE0, 0x1C, 0x00, 0xE0, 0x1C, 0x00, 0xE0, 0x1C, 0x00, 0xE0, 0x1C, 0x00, 0xFF,
    0xFF, 0xF8, 0xFF, 0xFF, 0xFC, 0xE0, 0x1C, 0x0E, 0xE0, 0x1C, 0x07, 0xE0, 0x1C, 0x07, 0xE0, 0x1C,
    0x07, 0xE0, 0x1C, 0x07, 0xE0, 0x1C, 0x07, 0xE0, 0x1C, 0x0E, 0xE0, 0x1F, 0xFC, 0xE0, 0x1F, 0xF8,
    0xFF, 0xFC, 0x1F, 0xFF, 0x80, 0x1C, 0x00, 0x03, 0x80, 0x00, 0x70, 0x00, 0x0E, 0x00, 0x01, 0xCF,
    0xC0, 0x3F, 0xFC, 0x07, 0xC3, 0xC0, 0xF0, 0x3C, 0x1C, 0x03, 0x83, 0x80, 0x70, 0x70, 0x0E, 0x0E,
    0x01, 0xC1, 0xC0, 0x38, 0x38, 0x07, 0x07, 0x00, 0xE0, 0xE0, 0x1C, 0x03, 0x80, 0x1C, 0x00, 0x00,
    0x00, 0x00, 0x00, 0x03, 0x80, 0xFE, 0x07, 0xB8, 0x3C, 0xE1, 0xE3, 0x8F, 0x0E, 0x3C, 0x39, 0xE0,
    0xEF, 0x03, 0xF8, 0x0F, 0xE0, 0x3B, 0xC0, 0xE7, 0x83, 0x8F, 0x0E, 0x1C, 0x38, 0x78, 0xE0, 0xF3,
    0x81, 0xEE, 0x03, 0xC0, 0x0F, 0x00, 0x0E, 0x00, 0x00, 0x00, 0x00, 0x00, 0x00, 0x1C, 0x03, 0xF8,
    0x0F, 0xF0, 0x1F, 0xE0, 0x7F, 0xC0, 0xFF, 0x83, 0xFF, 0x0F, 0x7E, 0x1C, 0xFC, 0x79, 0xF9, 0xE3,
    0xF3, 0x87, 0xEF, 0x0F, 0xDC, 0x1F, 0xF8, 0x3F, 0xE0, 0x7F, 0x80, 0xFF, 0x01, 0xFC, 0x03, 0x80,
    0x18, 0xC0, 0xFE, 0x03, 0xE0, 0x00, 0x00, 0x00, 0x70, 0x1D, 0xC1, 0xEE, 0x0E, 0x70, 0x71, 0xC7,
    0x8E, 0x38, 0x71, 0xC1, 0xDE, 0x0E, 0xE0, 0x77, 0x01, 0xF8, 0x0F, 0x80, 0x7C, 0x00, 0xE0, 0x0E,
    0x00, 0x70, 0x1F, 0x80, 0xF8, 0x00, 0xE0, 0x3F, 0x01, 0xF8, 0x0F, 0xC0, 0x7E, 0x03, 0xF0, 0x1F,
    0x80, 0xFC, 0x07, 0xE0, 0x3F, 0x01, 0xF8, 0x0F, 0xC0, 0x7E, 0x03, 0xF0, 0x1F, 0x80, 0xFC, 0x07,
    0xFF, 0xFF, 0xFF, 0xC1, 0xC0, 0x0E, 0x00, 0x70, 0x03, 0x80, 0x01, 0xE0, 0x01, 0xF0, 0x00, 0xFC,
    0x00, 0x7E, 0x00, 0x7F, 0x00, 0x39, 0xC0, 0x1C, 0xE0, 0x1C, 0x78, 0x0E, 0x1C, 0x0F, 0x0E, 0x07,
    0x07, 0x83, 0xFF, 0xC3, 0xFF, 0xE1, 0xC0, 0x38, 0xE0, 0x1C, 0xF0, 0x0E, 0x70, 0x07, 0xB8, 0x01,
    0xC0, 0xFF, 0xF7, 0xFF, 0xB8, 0x01, 0xC0, 0x0E, 0x00, 0x70, 0x03, 0x80, 0x1F, 0xF8, 0xFF, 0xE7,
    0x03, 0xB8, 0x0F, 0xC0, 0x7E, 0x03, 0xF0, 0x1F, 0x80, 0xFC, 0x0E, 0xFF, 0xE7, 0xFE, 0x00, 0xFF,
    0xC3, 0xFF, 0xCE, 0x07, 0x38, 0x0E, 0xE0, 0x3B, 0x80, 0xEE, 0x03, 0xB8, 0x1C, 0xFF, 0xE3, 0xFF,
    0xCE, 0x03, 0xB8, 0x07, 0xE0, 0x1F, 0x80, 0x7E, 0x01, 0xF8, 0x0E, 0xFF, 0xFB, 0xFF, 0x80, 0xFF,
    0xFF, 0xFF, 0xF8, 0x01, 0xC0, 0x0E, 0x00, 0x70, 0x03, 0x80, 0x1C, 0x00, 0xE0, 0x07, 0x00, 0x38,
    0x01, 0xC0, 0x0E, 0x00, 0x70, 0x03, 0x80, 0x1C, 0x00, 0xE0, 0x07, 0x00, 0x00, 0x0F, 0xFF, 0x03,
    0xFF, 0xC0, 0xE0, 0x70, 0x38, 0x1C, 0x0E, 0x07, 0x03, 0x81, 0xC0, 0xE0, 0x70, 0x78, 0x1C, 0x1E,
    0x07, 0x07, 0x81, 0xC1, 0xC0, 0x70, 0x70, 0x1C, 0x1C, 0x07, 0x07, 0x01, 0xC1, 0xC0, 0x70, 0xF0,
    0x1C, 0xFF, 0xFF, 0xFF, 0xFF, 0xFE, 0x00, 0x1F, 0x80, 0x07, 0xE0, 0x01, 0xF8, 0x00, 0x70, 0xFF,
    0xFF, 0xFF, 0xE0, 0x0E, 0x00, 0xE0, 0x0E, 0x00, 0xE0, 0x0E, 0x00, 0xFF, 0xFF, 0xFF, 0xE0, 0x0E,
    0x00, 0xE0, 0x0E, 0x00, 0xE0, 0x0E, 0x00, 0xFF, 0xFF, 0xFF, 0xF0, 0x38, 0x1E, 0xF0, 0x70, 0x78,
    0xF0, 0xE1, 0xE1, 0xE1, 0xC7, 0xC1, 0xE3, 0x8F, 0x01, 0xE7, 0x3C, 0x01, 0xEE, 0xF0, 0x03, 0xDD,
    0xE0, 0x03, 0xFF, 0x80, 0x07, 0xFF, 0x00, 0x1E, 0xEF, 0x00, 0x7D, 0xDF, 0x00, 0xF3, 0x9E, 0x03,
    0xC7, 0x1E, 0x0F, 0x0E, 0x1E, 0x3E, 0x1C, 0x3E, 0x78, 0x38, 0x3D, 0xE0, 0x70, 0x3C, 0x0F, 0xE0,
    0x7F, 0xF0, 0xE0, 0xF3, 0x80, 0xE0, 0x01, 0xC0, 0x03, 0x80, 0x0E, 0x01, 0xF8, 0x03, 0xF0, 0x00,
    0x78, 0x00, 0x78, 0x00, 0x70, 0x00, 0xEE, 0x01, 0xDC, 0x07, 0xBE, 0x1E, 0x3F, 0xF8, 0x1F, 0xC0,
    0xE0, 0x1F, 0xC0, 0x7F, 0x80, 0xFF, 0x03, 0xFE, 0x07, 0xFC, 0x1F, 0xF8, 0x7B, 0xF0, 0xE7, 0xE3,
    0xCF, 0xCF, 0x1F, 0x9C, 0x3F, 0x78, 0x7E, 0xE0, 0xFF, 0xC1, 0xFF, 0x03, 0xFC, 0x07, 0xF8, 0x0F,
    0xE0, 0x1C, 0x0C, 0x60, 0x18, 0xC0, 0x3F, 0x80, 0x3C, 0x00, 0x00, 0x00, 0x00, 0x38, 0x07, 0xF0,
    0x1F, 0xE0, 0x7F, 0xC0, 0xFF, 0x83, 0xFF, 0x07, 0xFE, 0x1E, 0xFC, 0x79, 0xF8, 0xF3, 0xF3, 0xC7,
    0xE7, 0x8F, 0xDE, 0x1F, 0xBC, 0x3F, 0xF0, 0x7F, 0xC0, 0xFF, 0x81, 0xFE, 0x03, 0xFC, 0x07, 0xE0,
    0x3F, 0x81, 0xEE, 0x0F, 0x38, 0x78, 0xE3, 0xC3, 0x8F, 0x0E, 0x78, 0x3B, 0xC0, 0xFE, 0x03, 0xF8,
    0x0E, 0xF0, 0x39, 0xE0, 0xE3, 0xC3, 0x87, 0x0E, 0x1E, 0x38, 0x3C, 0xE0, 0x7B, 0x80, 0xF0, 0x0F,
    0xFF, 0x0F, 0xFF, 0x0E, 0x07, 0x0E, 0x07, 0x0E, 0x07, 0x0E, 0x07, 0x0E, 0x07, 0x0E, 0x07, 0x1E,
    0x07, 0x1E, 0x07, 0x1E, 0x07, 0x1C, 0x07, 0x1C, 0x07, 0x1C, 0x07, 0x1C, 0x07, 0x1C, 0x07, 0xF8,
    0x07, 0xF0, 0x07, 0xF0, 0x03, 0xFE, 0x01, 0xFF, 0x80, 0x7F, 0xE0, 0x1F, 0xFC, 0x0F, 0xFF, 0x03,
    0xFF, 0xC0, 0xFF, 0xB8, 0x77, 0xEE, 0x1D, 0xFB, 0x87, 0x7E, 0x73, 0x9F, 0x9C, 0xE7, 0xE7, 0xF9,
    0xF8, 0xFC, 0x7E, 0x3F, 0x1F, 0x87, 0x87, 0xE1, 0xE1, 0xF8, 0x78, 0x70, 0xE0, 0x1F, 0x80, 0x7E,
    0x01, 0xF8, 0x07, 0xE0, 0x1F, 0x80, 0x7E, 0x01, 0xF8, 0x07, 0xFF, 0xFF, 0xFF, 0xFE, 0x01, 0xF8,
    0x07, 0xE0, 0x1F, 0x80, 0x7E, 0x01, 0xF8, 0x07, 0xE0, 0x1F, 0x80, 0x70, 0x07, 0xF0, 0x0F, 0xFE,
    0x0F, 0x07, 0x8F, 0x01, 0xE7, 0x00, 0x77, 0x80, 0x3B, 0x80, 0x0F, 0xC0, 0x07, 0xE0, 0x03, 0xF0,
    0x01, 0xF8, 0x00, 0xFC, 0x00, 0x7F, 0x00, 0x7B, 0x80, 0x39, 0xE0, 0x3C, 0x78, 0x3C, 0x1F, 0xFC,
    0x03, 0xF8, 0x00, 0xFF, 0xFF, 0xFF, 0xFE, 0x01, 0xF8, 0x07, 0xE0, 0x1F, 0x80, 0x7E, 0x01, 0xF8,
    0x07, 0xE0, 0x1F, 0x80, 0x7E, 0x01, 0xF8, 0x07, 0xE0, 0x1F, 0x80, 0x7E, 0x01, 0xF8, 0x07, 0xE0,
    0x1F, 0x80, 0x70, 0xFF, 0xC7, 0xFF, 0x38, 0x1D, 0xC0, 0x7E, 0x03, 0xF0, 0x1F, 0x80, 0xFC, 0x07,
    0xE0, 0x77, 0xFF, 0x3F, 0xF1, 0xC0, 0x0E, 0x00, 0x70, 0x03, 0x80, 0x1C, 0x00, 0xE0, 0x07, 0x00,
    0x00, 0x07, 0xE0, 0x1F, 0xF8, 0x3C, 0x3C, 0x78, 0x1E, 0x70, 0x0E, 0xF0, 0x0F, 0xE0, 0x00, 0xE0,
    0x00, 0xE0, 0x00, 0xE0, 0x00, 0xE0, 0x00, 0xE0, 0x00, 0xF0, 0x0F, 0x70, 0x0E, 0x78, 0x1E, 0x3C,
    0x3C, 0x1F, 0xF8, 0x07, 0xE0, 0xFF, 0xFF, 0xFF, 0xF0, 0x38, 0x00, 0xE0, 0x03, 0x80, 0x0E, 0x00,
    0x38, 0x00, 0xE0, 0x03, 0x80, 0x0E, 0x00, 0x38, 0x00, 0xE0, 0x03, 0x80, 0x0E, 0x00, 0x38, 0x00,
    0xE0, 0x03, 0x80, 0x0E, 0x00, 0xF0, 0x3D, 0xC0, 0xE7, 0x03, 0x9E, 0x1E, 0x38, 0x70, 0xE1, 0xC3,
    0xCE, 0x07, 0x38, 0x1C, 0xE0, 0x7F, 0x00, 0xFC, 0x03, 0xF0, 0x0F, 0x80, 0x1E, 0x00, 0x38, 0x01,
    0xC0, 0x3F, 0x00, 0xF8, 0x00, 0x00, 0xE0, 0x00, 0x1C, 0x00, 0x0F, 0xE0, 0x0F, 0xFF, 0x83, 0xCE,
    0xF8, 0xF1, 0xC7, 0xBC, 0x38, 0x77, 0x07, 0x07, 0xE0, 0xE0, 0xFC, 0x1C, 0x1F, 0x83, 0x83, 0xF8,
    0x70, 0xE7, 0x8E, 0x3C, 0x79, 0xDF, 0x07, 0xFF, 0xC0, 0x1F, 0xC0, 0x00, 0xE0, 0x00, 0x1C, 0x00,
    0x70, 0x0F, 0x78, 0x1E, 0x3C, 0x1C, 0x1C, 0x3C, 0x1E, 0x38, 0x0F, 0x70, 0x07, 0xF0, 0x07, 0xE0,
    0x03, 0xC0, 0x03, 0xE0, 0x07, 0xE0, 0x07, 0xF0, 0x0F, 0x78, 0x1E, 0x38, 0x1C, 0x3C, 0x3C, 0x1E,
    0x78, 0x1E, 0x70, 0x0F, 0xE0, 0x1C, 0xE0, 0x1C, 0xE0, 0x1C, 0xE0, 0x1C, 0xE0, 0x1C, 0xE0, 0x1C,
    0xE0, 0x1C, 0xE0, 0x1C, 0xE0, 0x1C, 0xE0, 0x1C, 0xE0, 0x1C, 0xE0, 0x1C, 0xE0, 0x1C, 0xE0, 0x1C,
    0xE0, 0x1C, 0xE0, 0x1C, 0xFF, 0xFF, 0xFF, 0xFF, 0x00, 0x07, 0x00, 0x07, 0x00, 0x07, 0x00, 0x07,
    0xE0, 0x1F, 0x80, 0x7E, 0x01, 0xF8, 0x07, 0xE0, 0x1F, 0x80, 0x7E, 0x01, 0xF8, 0x0F, 0x70, 0x7D,
    0xFF, 0xF1, 0xF9, 0xC0, 0x07, 0x00, 0x1C, 0x00, 0x70, 0x01, 0xC0, 0x07, 0x00, 0x1C, 0x00, 0x70,
    0xE0, 0xE0, 0xFC, 0x1C, 0x1F, 0x83, 0x83, 0xF0, 0x70, 0x7E, 0x0E, 0x0F, 0xC1, 0xC1, 0xF8, 0x38,
    0x3F, 0x07, 0x07, 0xE0, 0xE0, 0xFC, 0x1C, 0x1F, 0x83, 0x83, 0xF0, 0x70, 0x7E, 0x0E, 0x0F, 0xC1,
    0xC1, 0xF8, 0x38, 0x3F, 0x07, 0x07, 0xFF, 0xFF, 0xFF, 0xFF, 0xFC, 0xE0, 0xE0, 0x73, 0x83, 0x81,
    0xCE, 0x0E, 0x07, 0x38, 0x38, 0x1C, 0xE0, 0xE0, 0x73, 0x83, 0x81, 0xCE, 0x0E, 0x07, 0x38, 0x38,
    0x1C, 0xE0, 0xE0, 0x73, 0x83, 0x81, 0xCE, 0x0E, 0x07, 0x38, 0x38, 0x1C, 0xE0, 0xE0, 0x73, 0x83,
    0x81, 0xCE, 0x0E, 0x07, 0x38, 0x38, 0x1C, 0xFF, 0xFF, 0xFF, 0xFF, 0xFF, 0xF0, 0x00, 0x01, 0xC0,
    0x00, 0x07, 0x00, 0x00, 0x1C, 0x00, 0x00, 0x70, 0xFC, 0x00, 0xFC, 0x00, 0x1C, 0x00, 0x1C, 0x00,
    0x1C, 0x00, 0x1C, 0x00, 0x1C, 0x00, 0x1F, 0xF8, 0x1F, 0xFC, 0x1C, 0x0E, 0x1C, 0x07, 0x1C, 0x07,
    0x1C, 0x07, 0x1C, 0x07, 0x1C, 0x07, 0x1C, 0x0E, 0x1F, 0xFC, 0x1F, 0xF8, 0xE0, 0x01, 0xF8, 0x00,
    0x7E, 0x00, 0x1F, 0x80, 0x07, 0xE0, 0x01, 0xF8, 0x00, 0x7E, 0x00, 0x1F, 0xFF, 0x07, 0xFF, 0xE1,
    0xF8, 0x1C, 0x7E, 0x03, 0x9F, 0x80, 0xE7, 0xE0, 0x39, 0xF8, 0x0E, 0x7E, 0x03, 0x9F, 0x81, 0xC7,
    0xFF, 0xE1, 0xFF, 0xF0, 0x70, 0xE0, 0x07, 0x00, 0x38, 0x01, 0xC0, 0x0E, 0x00, 0x70, 0x03, 0x80,
    0x1F, 0xF8, 0xFF, 0xE7, 0x03, 0xB8, 0x0F, 0xC0, 0x7E, 0x03, 0xF0, 0x1F, 0x80, 0xFC, 0x0E, 0xFF,
    0xE7, 0xFE, 0x00, 0x07, 0xF0, 0x0F, 0xFE, 0x0F, 0x87, 0x87, 0x01, 0xE7, 0x80, 0x73, 0x80, 0x3B,
    0xC0, 0x0E, 0x00, 0x07, 0x01, 0xFF, 0x80, 0xFF, 0xC0, 0x00, 0xEE, 0x00, 0x77, 0x00, 0x7B, 0xC0,
    0x38, 0xE0, 0x3C, 0x7C, 0x3C, 0x1F, 0xFC, 0x03, 0xF8, 0x00, 0xE0, 0x1F, 0xC1, 0xC0, 0xFF, 0xE3,
    0x83, 0xC1, 0xE7, 0x0F, 0x01, 0xEE, 0x1C, 0x01, 0xDC, 0x78, 0x03, 0xB8, 0xE0, 0x03, 0xFF, 0xC0,
    0x07, 0xFF, 0x80, 0x0F, 0xC7, 0x00, 0x1F, 0x8E, 0x00, 0x3F, 0x1C, 0x00, 0x7E, 0x3C, 0x01, 0xFC,
    0x38, 0x03, 0xB8, 0x78, 0x0F, 0x70, 0x78, 0x3C, 0xE0, 0x7F, 0xF1, 0xC0, 0x3F, 0x80, 0x0F, 0xFC,
    0x7F, 0xF3, 0x81, 0xDE, 0x07, 0x70, 0x1D, 0xC0, 0x77, 0x01, 0xDC, 0x07, 0x38, 0x1C, 0xFF, 0xF0,
    0xFF, 0xC3, 0x87, 0x1E, 0x1C, 0x70, 0x73, 0x81, 0xCE, 0x07, 0x70, 0x1D, 0xC0, 0x70, 0x1F, 0x81,
    0xFF, 0x1C, 0x39, 0xC0, 0xE0, 0x07, 0x00, 0xF8, 0x7F, 0xCF, 0xFE, 0xF0, 0x77, 0x03, 0xB8, 0x3D,
    0xE3, 0xE7, 0xFF, 0x9F, 0x1C, 0x01, 0xC0, 0x0E, 0x01, 0xE0, 0x3F, 0x03, 0xE0, 0x3C, 0x01, 0xC0,
    0x1C, 0xF8, 0xFF, 0xE7, 0xC7, 0xBC, 0x1D, 0xE0, 0x7F, 0x03, 0xF8, 0x1F, 0xC0, 0xEE, 0x07, 0x70,
    0x73, 0xC7, 0x8F, 0xF8, 0x1F, 0x00, 0xFF, 0x8F, 0xFC, 0xE1, 0xEE, 0x0E, 0xE0, 0xEE, 0x1E, 0xFF,
    0x8F, 0xFC, 0xE0, 0xFE, 0x07, 0xE0, 0x7E, 0x0F, 0xFF, 0xEF, 0xFC, 0xFF, 0xFF, 0xFE, 0x03, 0x80,
    0xE0, 0x38, 0x0E, 0x03, 0x80, 0xE0, 0x38, 0x0E, 0x03, 0x80, 0xE0, 0x38, 0x00, 0x0F, 0xFC, 0x0F,
    0xFC, 0x0E, 0x1C, 0x1E, 0x1C, 0x1C, 0x1C, 0x1C, 0x1C, 0x1C, 0x1C, 0x1C, 0x1C, 0x1C, 0x1C, 0x1C,
    0x1C, 0x18, 0x1C, 0x38, 0x1C, 0xFF, 0xFF, 0xFF, 0xFF, 0xE0, 0x07, 0xE0, 0x07, 0xE0, 0x07, 0xE0,
    0x07, 0x0F, 0x81, 0xFF, 0x1E, 0x3C, 0xE0, 0xEE, 0x03, 0xF0, 0x1F, 0xFF, 0xFF, 0xFF, 0xE0, 0x07,
    0x00, 0x1C, 0x0E, 0xF0, 0xE3, 0xFE, 0x07, 0xC0, 0xF8, 0x70, 0xF3, 0xC3, 0x87, 0x8F, 0x1C, 0x78,
    0x3C, 0xE7, 0x80, 0xE7, 0x78, 0x07, 0xBB, 0xC0, 0x1F, 0xFC, 0x00, 0xFF, 0xE0, 0x0F, 0x77, 0x80,
    0xF3, 0x9C, 0x07, 0x9C, 0xF0, 0x78, 0xE3, 0xC7, 0x87, 0x0F, 0x78, 0x38, 0x3C, 0x1F, 0x87, 0xFC,
    0x71, 0xE0, 0x0E, 0x01, 0xE0, 0x78, 0x07, 0xC0, 0x0E, 0x00, 0x70, 0x07, 0xE0, 0x7F, 0x0F, 0x7F,
    0xE1, 0xF8, 0xE0, 0xFC, 0x3F, 0x87, 0xF1, 0xFE, 0x3F, 0xCF, 0xFB, 0xBF, 0x77, 0xFC, 0xFF, 0x9F,
    0xE3, 0xFC, 0x7F, 0x0F, 0xC1, 0xC0, 0x31, 0x86, 0x30, 0x7C, 0x07, 0x00, 0x01, 0xC1, 0xF8, 0x7F,
    0x0F, 0xE3, 0xFC, 0x7F, 0x9F, 0xF7, 0x7E, 0xEF, 0xF9, 0xFF, 0x3F, 0xC7, 0xF8, 0xFE, 0x1F, 0x83,
    0x80, 0xE0, 0xF7, 0x0F, 0x38, 0xF1, 0xC7, 0x0E, 0x78, 0x77, 0x83, 0xF8, 0x1F, 0xC0, 0xEF, 0x07,
    0x3C, 0x38, 0xF1, 0xC3, 0x8E, 0x1E, 0x70, 0x78, 0x0F, 0xFC, 0x3F, 0xF0, 0xE1, 0xC7, 0x87, 0x1C,
    0x1C, 0x70, 0x71, 0xC1, 0xC7, 0x07, 0x1C, 0x1C, 0x70, 0x71, 0xC1, 0xCF, 0x07, 0xF8, 0x1F, 0xC0,
    0x70, 0xF0, 0x1F, 0xE0, 0x3F, 0xE0, 0xFF, 0xC1, 0xFF, 0x83, 0xFF, 0x8F, 0xFF, 0x1F, 0xF6, 0x37,
    0xEE, 0xEF, 0xDD, 0xDF, 0x9B, 0x3F, 0x3E, 0x7E, 0x38, 0xFC, 0x71, 0xC0, 0xE0, 0xFC, 0x1F, 0x83,
    0xF0, 0x7E, 0x0F, 0xC1, 0xFF, 0xFF, 0xFF, 0xE0, 0xFC, 0x1F, 0x83, 0xF0, 0x7E, 0x0F, 0xC1, 0xC0,
    0x0F, 0x81, 0xFF, 0x1E, 0x3C, 0xE0, 0xEE, 0x03, 0xF0, 0x1F, 0x80, 0xFC, 0x07, 0xE0, 0x3F, 0x01,
    0xDC, 0x1C, 0xF1, 0xE3, 0xFE, 0x07, 0xC0, 0xFF, 0xFF, 0xFF, 0x83, 0xF0, 0x7E, 0x0F, 0xC1, 0xF8,
    0x3F, 0x07, 0xE0, 0xFC, 0x1F, 0x83, 0xF0, 0x7E, 0x0F, 0xC1, 0xC0, 0xE7, 0xC7, 0xFF, 0x3E, 0x3D,
    0xE0, 0xEE, 0x03, 0xF0, 0x1F, 0x80, 0xFC, 0x07, 0xE0, 0x3F, 0x01, 0xFC, 0x1D, 0xF1, 0xEF, 0xFE,
    0x73, 0xE3, 0x80, 0x1C, 0x00, 0xE0, 0x07, 0x00, 0x00, 0x0F, 0x83, 0xFE, 0x78, 0xF7, 0x07, 0xE0,
    0x7E, 0x00, 0xE0, 0x0E, 0x00, 0xE0, 0x0E, 0x07, 0x70, 0x77, 0x8F, 0x3F, 0xE0, 0xF8, 0xFF, 0xFF,
    0xFF, 0x07, 0x00, 0x70, 0x07, 0x00, 0x70, 0x07, 0x00, 0x70, 0x07, 0x00, 0x70, 0x07, 0x00, 0x70,
    0x07, 0x00, 0x70, 0xE0, 0x3F, 0x83, 0xDC, 0x1C, 0xE0, 0xE7, 0x8F, 0x1C, 0x70, 0xE3, 0x87, 0x3C,
    0x1D, 0xC0, 0xEE, 0x07, 0x60, 0x1F, 0x00, 0xF8, 0x07, 0x80, 0x1C, 0x00, 0xE0, 0x3E, 0x01, 0xE0,
    0x00, 0x03, 0x80, 0x07, 0x00, 0x0E, 0x00, 0x1C, 0x00, 0xFE, 0x07, 0xFF, 0x1E, 0xEF, 0x39, 0xCE,
    0xE3, 0x8F, 0xC7, 0x1F, 0x8E, 0x3F, 0x1C, 0x7E, 0x38, 0xEE, 0x73, 0x9E, 0xEF, 0x1F, 0xFC, 0x0F,
    0xE0, 0x07, 0x00, 0x0E, 0x00, 0x1C, 0x00, 0x38, 0x00, 0x70, 0x00, 0x70, 0x39, 0xE1, 0xC3, 0x8F,
    0x07, 0x38, 0x1F, 0xC0, 0x3F, 0x00, 0x78, 0x01, 0xE0, 0x0F, 0xC0, 0x7F, 0x81, 0xCE, 0x0E, 0x3C,
    0x78, 0x7B, 0xC0, 0xE0, 0xE0, 0xE3, 0x83, 0x8E, 0x0E, 0x38, 0x38, 0xE0, 0xE3, 0x83, 0x8E, 0x0E,
    0x38, 0x38, 0xE0, 0xE3, 0x83, 0x8E, 0x0E, 0x38, 0x38, 0xFF, 0xFF, 0xFF, 0xF0, 0x01, 0xC0, 0x07,
    0x00, 0x1C, 0x00, 0x70, 0xE0, 0x7E, 0x07, 0xE0, 0x7E, 0x07, 0xE0, 0x7E, 0x07, 0xE0, 0xF7, 0x1F,
    0x7F, 0xF1, 0xE7, 0x00, 0x70, 0x07, 0x00, 0x70, 0x07, 0xE1, 0xC3, 0xF0, 0xE1, 0xF8, 0x70, 0xFC,
    0x38, 0x7E, 0x1C, 0x3F, 0x0E, 0x1F, 0x87, 0x0F, 0xC3, 0x87, 0xE1, 0xC3, 0xF0, 0xE1, 0xF8, 0x70,
    0xFC, 0x38, 0x7F, 0xFF, 0xFF, 0xFF, 0xFC, 0xE1, 0xC3, 0x8E, 0x1C, 0x38, 0xE1, 0xC3, 0x8E, 0x1C,
    0x38, 0xE1, 0xC3, 0x8E, 0x1C, 0x38, 0xE1, 0xC3, 0x8E, 0x1C, 0x38, 0xE1, 0xC3, 0x8E, 0x1C, 0x38,
    0xE1, 0xC3, 0x8E, 0x1C, 0x38, 0xFF, 0xFF, 0xFF, 0xFF, 0xFF, 0x00, 0x00, 0x70, 0x00, 0x07, 0x00,
    0x00, 0x70, 0x00, 0x07, 0xF8, 0x03, 0xE0, 0x03, 0x80, 0x0E, 0x00, 0x38, 0x00, 0xE0, 0x03, 0xFE,
    0x0F, 0xFE, 0x38, 0x3C, 0xE0, 0x73, 0x81, 0xCE, 0x0F, 0x3F, 0xF8, 0xFF, 0x80, 0xE0, 0x01, 0xF8,
    0x00, 0x7E, 0x00, 0x1F, 0x80, 0x07, 0xE0, 0x01, 0xF8, 0x00, 0x7F, 0xF8, 0x1F, 0xFF, 0x87, 0xE0,
    0xF1, 0xF8, 0x1C, 0x7E, 0x07, 0x1F, 0x83, 0xC7, 0xFF, 0xE1, 0xFF, 0xE0, 0x70, 0xE0, 0x0E, 0x00,
    0xE0, 0x0E, 0x00, 0xE0, 0x0E, 0x00, 0xFF, 0x8F, 0xFE, 0xE0, 0xFE, 0x07, 0xE0, 0x7E, 0x0F, 0xFF,
    0xEF, 0xF8, 0x1F, 0x03, 0xFC, 0x71, 0xEF, 0x0E, 0xE0, 0x70, 0x07, 0x07, 0xF0, 0x7F, 0x00, 0x7E,
    0x07, 0xF0, 0xE7, 0x1E, 0x3F, 0xC1, 0xF0, 0xE0, 0x7C, 0x38, 0x7F, 0xCE, 0x3C, 0x7B, 0x8E, 0x0E,
    0xE7, 0x01, 0xF9, 0xC0, 0x7F, 0xF0, 0x1F, 0xFC, 0x07, 0xE7, 0x01, 0xF9, 0xC0, 0x7E, 0x38, 0x3B,
    0x8F, 0x1E, 0xE1, 0xFF, 0x38, 0x1F, 0x00, 0x1F, 0xEF, 0xFF, 0xC3, 0xF0, 0x7E, 0x0F, 0xC1, 0xFC,
    0x3B, 0xFF, 0x3F, 0xE7, 0x1D, 0xE3, 0xB8, 0x7F, 0x0F, 0xC1, 0xC0, 0x0E, 0x00, 0x38, 0x00, 0x00,
    0x00, 0x00, 0xF8, 0x1F, 0xF1, 0xE3, 0xCE, 0x0E, 0xE0, 0x3F, 0x01, 0xFF, 0xFF, 0xFF, 0xFE, 0x00,
    0x70, 0x01, 0xC0, 0xEF, 0x0E, 0x3F, 0xE0, 0x7C, 0x00, 0x1C, 0xE0, 0xE7, 0x00, 0x00, 0x00, 0x00,
    0xF8, 0x1F, 0xF1, 0xE3, 0xCE, 0x0E, 0xE0, 0x3F, 0x01, 0xFF, 0xFF, 0xFF, 0xFE, 0x00, 0x70, 0x01,
    0xC0, 0xEF, 0x0E, 0x3F, 0xE0, 0x7C, 0x00, 0x38, 0x07, 0xF8, 0x3F, 0xC0, 0x70, 0x03, 0xBE, 0x1F,
    0xF8, 0xF1, 0xE7, 0x07, 0x38, 0x39, 0xC1, 0xCE, 0x0E, 0x70, 0x73, 0x83, 0x9C, 0x1C, 0xE0, 0xE7,
    0x07, 0x38, 0x39, 0xC1, 0xC0, 0x0E, 0x00, 0x70, 0x0F, 0x00, 0x70, 0x0F, 0x03, 0x80, 0x00, 0x00,
    0x00, 0x3F, 0xFF, 0xFF, 0x80, 0xE0, 0x38, 0x0E, 0x03, 0x80, 0xE0, 0x38, 0x0E, 0x03, 0x80, 0xE0,
    0x38, 0x0E, 0x00, 0x0F, 0x81, 0xFF, 0x1E, 0x3C, 0xE0, 0xEE, 0x07, 0xF0, 0x03, 0xF8, 0x1F, 0xC0,
    0xE0, 0x07, 0x03, 0xDC, 0x1C, 0xF1, 0xE3, 0xFE, 0x07, 0xC0, 0x1F, 0x0F, 0xFB, 0xC7, 0x70, 0x7E,
    0x01, 0xF0, 0x1F, 0xE1, 0xFE, 0x07, 0xE0, 0x1F, 0x83, 0xF8, 0xF7, 0xFC, 0x7E, 0x00, 0xFC, 0x0F,
    0xFF, 0xFF, 0xFF, 0xFF, 0xFC, 0xE7, 0xE7, 0x00, 0x00, 0x1C, 0x1C, 0x1C, 0x1C, 0x1C, 0x1C, 0x1C,
    0x1C, 0x1C, 0x1C, 0x1C, 0x1C, 0x1C, 0x1C, 0x1C, 0x70, 0x00, 0x1C, 0x71, 0xC7, 0x1C, 0x71, 0xC7,
    0x1C, 0x71, 0xC7, 0x1C, 0x71, 0xC7, 0xFB, 0xE0, 0x0F, 0xFC, 0x00, 0x1F, 0xF8, 0x00, 0x38, 0x70,
    0x00, 0xF0, 0xE0, 0x01, 0xC1, 0xC0, 0x03, 0x83, 0x80, 0x07, 0x07, 0xFC, 0x0E, 0x0F, 0xFE, 0x1C,
    0x1C, 0x1E, 0x38, 0x38, 0x1C, 0x70, 0x70, 0x39, 0xE0, 0xE0, 0xFF, 0x81, 0xFF, 0xDE, 0x03, 0xFE,
    0x00, 0xE0, 0xE0, 0x0E, 0x0E, 0x00, 0xE0, 0xE0, 0x0E, 0x0E, 0x00, 0xE0, 0xE0, 0x0E, 0x0E, 0x00,
    0xFF, 0xFF, 0x8F, 0xFF, 0xFE, 0xE0, 0xE0, 0xFE, 0x0E, 0x07, 0xE0, 0xE0, 0x7E, 0x0E, 0x0F, 0xE0,
    0xFF, 0xEE, 0x0F, 0xF8, 0x38, 0x07, 0xF8, 0x3F, 0xC0, 0x70, 0x03, 0xBE, 0x1F, 0xF8, 0xF1, 0xE7,
    0x07, 0x38, 0x39, 0xC1, 0xCE, 0x0E, 0x70, 0x73, 0x83, 0x9C, 0x1C, 0xE0, 0xE7, 0x07, 0x38, 0x39,
    0xC1, 0xC0, 0x07, 0x00, 0x30, 0x00, 0x00, 0x00, 0x00, 0x00, 0x70, 0x7B, 0x87, 0x9C, 0x78, 0xE3,
    0x87, 0x3C, 0x3B, 0xC1, 0xFC, 0x0F, 0xE0, 0x77, 0x83, 0x9E, 0x1C, 0x78, 0xE1, 0xC7, 0x0F, 0x38,
    0x3C, 0x1C, 0x01, 0xC0, 0x00, 0x00, 0x00, 0x01, 0xC1, 0xF8, 0x7F, 0x0F, 0xE3, 0xFC, 0x7F, 0x9F,
    0xF7, 0x7E, 0xEF, 0xF9, 0xFF, 0x3F, 0xC7, 0xF8, 0xFE, 0x1F, 0x83, 0x80, 0x18, 0xC0, 0xC6, 0x07,
    0xF0, 0x1E, 0x00, 0x00, 0x78, 0x3D, 0xC1, 0xCE, 0x0E, 0x78, 0x71, 0xC7, 0x8E, 0x38, 0x71, 0xC1,
    0xCE, 0x0E, 0xE0, 0x77, 0x01, 0xF8, 0x0F, 0x80, 0x7C, 0x01, 0xE0, 0x06, 0x00, 0x70, 0x1F, 0x80,
    0xF8, 0x00, 0xE0, 0xFC, 0x1F, 0x83, 0xF0, 0x7E, 0x0F, 0xC1, 0xF8, 0x3F, 0x07, 0xE0, 0xFC, 0x1F,
    0x83, 0xF0, 0x7F, 0xFF, 0xFF, 0xC3, 0x80, 0x70, 0x0E, 0x01, 0xC0, 0xF0, 0x78, 0x1F, 0xE0, 0xF0,
    0x3F, 0xC1, 0xE0, 0x7F, 0x83, 0xC0, 0xFF, 0x07, 0x81, 0xEE, 0x0F, 0x83, 0xDE, 0x1F, 0x07, 0xBC,
    0x3E, 0x1E, 0x78, 0x7C, 0x3C, 0x71, 0xFC, 0x78, 0xF3, 0xF8, 0xF1, 0xE7, 0xF1, 0xC1, 0xDC, 0xF7,
    0x83, 0xF9, 0xEF, 0x07, 0xF3, 0xFC, 0x07, 0xE3, 0xF8, 0x0F, 0x83, 0xE0, 0x0F, 0x07, 0x80, 0xF0,
    0xF0, 0xFF, 0x0F, 0x0F, 0xF0, 0xF0, 0xFF, 0x0F, 0x0F, 0x70, 0xF0, 0xF7, 0x8F, 0x9E, 0x78, 0xF9,
    0xE7, 0x8F, 0x9E, 0x39, 0xF9, 0xC3, 0xDF, 0xFC, 0x1F, 0x9F, 0x81, 0xF9, 0xF8, 0x0F, 0x0F, 0x00,
    0xF0, 0xF0, 0x1C, 0x00, 0x1C, 0x00, 0xFF, 0x80, 0xFF, 0x80, 0x1C, 0x00, 0x1C, 0x00, 0x1C, 0x00,
    0x1F, 0xF8, 0x1F, 0xFC, 0x1C, 0x0E, 0x1C, 0x07, 0x1C, 0x07, 0x1C, 0x07, 0x1C, 0x07, 0x1C, 0x07,
    0x1C, 0x0E, 0x1F, 0xFC, 0x1F, 0xF8, 0x1C, 0x00, 0x38, 0x03, 0xFE, 0x07, 0xFC, 0x01, 0xC0, 0x03,
    0x80, 0x07, 0x00, 0x0E, 0x00, 0x1C, 0x00, 0x3F, 0xE0, 0x7F, 0xF0, 0xE0, 0xF1, 0xC0, 0xE3, 0x81,
    0xC7, 0x03, 0x8E, 0x0F, 0x1F, 0xFC, 0x3F, 0xE0, 0xF0, 0x0F, 0xE7, 0x81, 0xFF, 0xFC, 0x1F, 0xFD,
    0xE1, 0xF0, 0x6F, 0x1F, 0x00, 0x78, 0xF0, 0x03, 0xC7, 0x80, 0x1F, 0xFF, 0xF8, 0xFF, 0xFF, 0xC7,
    0xFF, 0xFE, 0x3C, 0x78, 0x01, 0xE3, 0xC0, 0x0F, 0x1E, 0x00, 0x78, 0xF8, 0x03, 0xC3, 0xE0, 0xDE,
    0x0F, 0xFE, 0xF0, 0x3F, 0xF7, 0x80, 0xFF, 0x00, 0xF0, 0x3F, 0xF8, 0x7F, 0xFC, 0x3F, 0xFE, 0x3C,
    0x0F, 0x1C, 0x07, 0xFF, 0xFB, 0xFF, 0xFD, 0xFF, 0xFE, 0xF1, 0xC0, 0x78, 0xF0, 0x3C, 0x78, 0x3E,
    0x1F, 0xFF, 0x07, 0xFF, 0x81, 0xF8, 0x03, 0xF0, 0x00, 0xFC, 0x00, 0x7F, 0x80, 0x1C, 0xE0, 0x07,
    0x38, 0x03, 0x8F, 0x00, 0xE1, 0xC0, 0x7F, 0xF0, 0x1F, 0xFE, 0x07, 0xFF, 0x83, 0xDE, 0xF0, 0xE7,
    0x9C, 0x39, 0xE7, 0x1E, 0x79, 0xE7, 0x1E, 0x3B, 0xC7, 0x8F, 0xF1, 0xE3, 0xF8, 0x78, 0x70, 0x07,
    0xC0, 0x0F, 0x80, 0x3F, 0x80, 0x77, 0x01, 0xEE, 0x03, 0x9E, 0x07, 0x1C, 0x1F, 0xFC, 0x3B, 0xB8,
    0xF7, 0x79, 0xCE, 0x73, 0x9C, 0xEF, 0x39, 0xFC, 0x71, 0xC0, 0xF0, 0x1F, 0x81, 0xE0, 0x3F, 0x03,
    0xC0, 0xFF, 0x07, 0x81, 0xCE, 0x0F, 0x03, 0x9C, 0x1E, 0x0E, 0x3C, 0x3C, 0x1C, 0x38, 0x7F, 0xFF,
    0xF0, 0xFF, 0xFF, 0xF1, 0xFF, 0xFF, 0xE3, 0xC7, 0xBD, 0xE7, 0x8E, 0x79, 0xCF, 0x1C, 0xF3, 0x9E,
    0x79, 0xE7, 0xBC, 0xE3, 0xC7, 0x79, 0xC7, 0x8F, 0xF7, 0x8F, 0x1F, 0xEF, 0x1E, 0x1C, 0xE0, 0x3E,
    0x0E, 0x03, 0xE0, 0xE0, 0x77, 0x0E, 0x07, 0x70, 0xE0, 0xF7, 0x0F, 0xFE, 0x38, 0xFF, 0xFF, 0x8F,
    0xFF, 0xFC, 0xE1, 0xDD, 0xCE, 0x3D, 0xDE, 0xE3, 0x9C, 0xEE, 0x79, 0xCE, 0xE7, 0x9C, 0xFE, 0x71,
    0xC7, 0x3F, 0xFF, 0x0F, 0xFF, 0xC0, 0x00, 0x00, 0xF0, 0x3C, 0x1C, 0x1E, 0x03, 0x8F, 0x00, 0x77,
    0x80, 0x1F, 0xC0, 0x0F, 0xFC, 0x07, 0xFF, 0x81, 0xDC, 0xE0, 0xE7, 0x38, 0x39, 0xC7, 0x0E, 0x71,
    0xC7, 0x9C, 0x79, 0xC7, 0x1E, 0x71, 0xC3, 0xBC, 0x70, 0xF0, 0x7F, 0xFE, 0x7F, 0xFE, 0x00, 0x00,
    0x70, 0x1C, 0x38, 0x38, 0x1C, 0x70, 0x0E, 0xE0, 0x1F, 0xF8, 0x3F, 0xFC, 0x3B, 0x9C, 0x73, 0x9E,
    0x73, 0x8E, 0xF3, 0x8F, 0xE3, 0x8F, 0xF1, 0xFF, 0xFE, 0x78, 0xFF, 0xFF, 0x3C, 0x3F, 0xFF, 0x1E,
    0x1E, 0x07, 0x8F, 0x07, 0x87, 0x87, 0x81, 0xE7, 0x83, 0xC0, 0x7F, 0x81, 0xFF, 0xFF, 0xC0, 0xFF,
    0xFF, 0xF8, 0x7F, 0xFF, 0xFC, 0x3C, 0x3D, 0xEF, 0x1E, 0x3C, 0xF3, 0x8F, 0x1E, 0x79, 0xE7, 0x8F,
    0x3C, 0xF3, 0xCF, 0x1E, 0x39, 0xE7, 0x8F, 0x1E, 0xF3, 0xC7, 0x8F, 0x7B, 0xC3, 0xC3, 0x80, 0xE3,
    0xFF, 0xEE, 0x3F, 0xFE, 0xE1, 0xFF, 0xCE, 0x0E, 0x38, 0xE0, 0x77, 0x0F, 0xFF, 0xE0, 0xFF, 0xFF,
    0x8F, 0xFF, 0xFC, 0xE1, 0xDD, 0xCE, 0x3D, 0xDE, 0xE3, 0x9C, 0xEE, 0x39, 0xCE, 0xE7, 0x9C, 0xEE,
    0x71, 0xC7, 0x38, 0x38, 0x73, 0xE0, 0xEE, 0x01, 0xF0, 0x3F, 0xE3, 0xFF, 0xE7, 0xFF, 0xC8, 0x0F,
    0x00, 0x3C, 0x00, 0xF0, 0x07, 0x87, 0xFC, 0x1F, 0xC0, 0x7F, 0xC0, 0x0F, 0x80, 0x0F, 0x00, 0x3C,
    0x00, 0xF0, 0x07, 0xCF, 0xFE, 0x7F, 0xF3, 0xFF, 0x0F, 0x00, 0x3C, 0x00, 0xFF, 0xF1, 0xFF, 0xC3,
    0xFF, 0x00, 0x70, 0x71, 0xC7, 0x87, 0x70, 0x7F, 0x87, 0xFE, 0x3F, 0xF8, 0x01, 0xC0, 0x1E, 0x1F,
    0xE0, 0xFE, 0x07, 0xFC, 0x01, 0xF0, 0x07, 0x80, 0x7C, 0xFF, 0xCF, 0xFE, 0xFF, 0xC7, 0x00, 0x38,
    0x01, 0xFF, 0xC7, 0xFE, 0x1F, 0xF0, 0xF1, 0xE3, 0xFC, 0x78, 0xFF, 0x1E, 0x3F, 0xC7, 0x8F, 0xF1,
    0xE3, 0xFC, 0x78, 0xFF, 0x1E, 0x3F, 0xC7, 0x8F, 0xF1, 0xE3, 0xDE, 0x79, 0xE7, 0xFF, 0xF8, 0xFF,
    0xFC, 0x0F, 0xFC, 0x00, 0x78, 0x00, 0x1E, 0x00, 0x07, 0x80, 0x01, 0xE0, 0x00, 0x78, 0x00, 0x01,
    0xE0, 0x00, 0x78, 0x00, 0x1E, 0x00, 0x07, 0x80, 0x01, 0xE0, 0x3C, 0x79, 0xEF, 0x1E, 0x7B, 0xC7,
    0x8F, 0xF1, 0xE3, 0xFC, 0x78, 0xFF, 0x1E, 0x3F, 0xC7, 0x8F, 0xF1, 0xE3, 0xFC, 0x78, 0xFF, 0x1E,
    0x7F, 0xE7, 0x9E, 0x7F, 0xFF, 0x8F, 0xFF, 0xC0, 0xFF, 0xC0, 0x07, 0x80, 0x01, 0xE0, 0x00, 0x78,
    0x00, 0x1E, 0x00, 0x07, 0x80, 0x01, 0xE0, 0x00, 0x07, 0xF0, 0x0F, 0xFE, 0x0F, 0x07, 0x8F, 0x01,
    0xE7, 0x00, 0x77, 0x80, 0x3B, 0xB0, 0x0F, 0xFF, 0x87, 0xFF, 0xFF, 0xF0, 0x3F, 0xF8, 0x00, 0xFC,
    0x00, 0x7F, 0x00, 0x7B, 0x80, 0x39, 0xE0, 0x3C, 0x78, 0x3C, 0x1F, 0xFC, 0x03, 0xF8, 0x00, 0x0F,
    0x81, 0xFF, 0x1E, 0x3C, 0xE0, 0xEE, 0x03, 0xFC, 0x1F, 0xF8, 0xFF, 0xFF, 0xE1, 0xFF, 0x01, 0xDC,
    0x1C, 0xF1, 0xE3, 0xFE, 0x07, 0xC0, 0xF0, 0x01, 0xDC, 0x01, 0xF7, 0x00, 0x71, 0xE0, 0x38, 0x38,
    0x0E, 0x0E, 0x07, 0x83, 0xC1, 0xC0, 0x70, 0x70, 0x1C, 0x3C, 0x07, 0x8E, 0x00, 0xE3, 0x80, 0x3D,
    0xE0, 0x07, 0x70, 0x01, 0xDC, 0x00, 0x7F, 0x00, 0x0F, 0x80, 0x03, 0xE0, 0x00, 0xF8, 0x00, 0x70,
    0x0E, 0xE0, 0x3D, 0xE0, 0xE1, 0xC1, 0xC3, 0x87, 0x07, 0x8E, 0x07, 0x1C, 0x0E, 0x70, 0x1E, 0xE0,
    0x1D, 0xC0, 0x3F, 0x00, 0x7E, 0x00, 0x7C, 0x00, 0xF0, 0x00, 0x3D, 0xE0, 0x07, 0x38, 0x00, 0xE7,
    0x00, 0x1C, 0xC0, 0x00, 0x00, 0x1C, 0x00, 0xF7, 0x80, 0x7D, 0xE0, 0x3F, 0x38, 0x0F, 0x0F, 0x03,
    0x83, 0xC1, 0xE0, 0x70, 0x78, 0x1E, 0x1C, 0x07, 0x8F, 0x00, 0xE3, 0x80, 0x38, 0xE0, 0x0F, 0x78,
    0x01, 0xDC, 0x00, 0x77, 0x00, 0x1D, 0xC0, 0x03, 0xE0, 0x00, 0xF8, 0x00, 0x3E, 0x00, 0x73, 0x80,
    0x73, 0x80, 0x77, 0x00, 0x63, 0x00, 0x00, 0x1E, 0x03, 0xDC, 0x0F, 0xBC, 0x1F, 0x78, 0x78, 0x70,
    0xF0, 0xF1, 0xC1, 0xE7, 0x81, 0xCF, 0x03, 0xDC, 0x07, 0xF8, 0x07, 0xE0, 0x0F, 0xC0, 0x0F, 0x80,
    0x1E, 0x00, 0x07, 0xE0, 0x00, 0x00, 0x3F, 0xF0, 0x00, 0x00, 0xFF, 0xF0, 0x00, 0x03, 0xE1, 0xF0,
    0x00, 0x07, 0x81, 0xE7, 0x81, 0xFE, 0x01, 0xE7, 0x83, 0xFC, 0x03, 0xCF, 0x07, 0x78, 0x07, 0x8E,
    0x1E, 0xF0, 0x0F, 0x1E, 0x3D, 0xE0, 0x1E, 0x3C, 0x73, 0xC0, 0x3C, 0x39, 0xE7, 0x80, 0x78, 0x7B,
    0xCF, 0x00, 0xF0, 0x77, 0x0F, 0x03, 0xC0, 0xFE, 0x1F, 0x0F, 0x81, 0xFC, 0x1F, 0xFE, 0x01, 0xF0,
    0x1F, 0xF8, 0x03, 0xE0, 0x0F, 0xC0, 0x03, 0x80, 0x00, 0x00, 0x0F, 0x00, 0x00, 0x00, 0x1E, 0x00,
    0x00, 0x00, 0x78, 0x00, 0x00, 0x07, 0xF0, 0x00, 0x00, 0x0F, 0xC0, 0x00, 0x00, 0x1E, 0x00, 0x0F,
    0x83, 0xC0, 0xF3, 0xFE, 0x1E, 0x0F, 0x7F, 0xF1, 0xE0, 0xE7, 0x8F, 0x1E, 0x1E, 0xF0, 0x78, 0xF1,
    0xEF, 0x07, 0x8F, 0x1C, 0xF0, 0x78, 0x73, 0xCF, 0x07, 0x87, 0xBC, 0xF0, 0x78, 0x7B, 0x8F, 0x07,
    0x83, 0xF8, 0x78, 0xF0, 0x3F, 0x87, 0xFF, 0x01, 0xF0, 0x3F, 0xE0, 0x1F, 0x00, 0xF8, 0x01, 0xE0,
    0x00, 0x00, 0x1E, 0x00, 0x00, 0x01, 0xE0, 0x00, 0x00, 0x3C, 0x00, 0x00, 0x1F, 0xC0, 0x00, 0x01,
    0xF8, 0x00, 0x00, 0x1F, 0x00, 0x00, 0xC0, 0x00, 0xFC, 0x00, 0xFF, 0xC0, 0xFF, 0xFC, 0x3F, 0xFF,
    0x1F, 0x33, 0xE7, 0x80, 0x7B, 0xC0, 0x0F, 0xF0, 0x03, 0xFC, 0x00, 0xFF, 0x00, 0x3F, 0xC0, 0x0F,
    0xF0, 0x03, 0xFC, 0x01, 0xF7, 0x80, 0x79, 0xF3, 0x3E, 0x3F, 0xFF, 0x07, 0xFF, 0x80, 0xFF, 0xC0,
    0x07, 0x80, 0x00, 0xC0, 0x00, 0x03, 0x80, 0x0F, 0x80, 0x7F, 0xC3, 0xFF, 0xC7, 0xBB, 0xDE, 0x03,
    0xFC, 0x07, 0xF8, 0x0F, 0xF0, 0x1F, 0xE0, 0x3F, 0xC0, 0x7B, 0xDD, 0xE3, 0xFF, 0xC3, 0xFE, 0x01,
    0xF0, 0x01, 0xC0, 0x00, 0x7C, 0x00, 0x00, 0xFF, 0x80, 0x00, 0xFF, 0x80, 0x00, 0xC7, 0x80, 0x00,
    0x3C, 0x00, 0x00, 0x3C, 0x00, 0x00, 0x1C, 0x00, 0x00, 0x18, 0x00, 0x00, 0x30, 0x00, 0x0F, 0x81,
    0xF0, 0x1F, 0xE3, 0xFC, 0x3F, 0xC3, 0xFC, 0x7C, 0x41, 0x3E, 0x78, 0x00, 0x1E, 0xF0, 0x00, 0x0F,
    0xF0, 0x00, 0x0F, 0xF0, 0x00, 0x0F, 0xF0, 0x00, 0x0F, 0xF0, 0x3C, 0x0F, 0xF0, 0x3C, 0x0F, 0xF0,
    0x3C, 0x0F, 0x78, 0x3C, 0x1F, 0x78, 0x3C, 0x1E, 0x7C, 0x3C, 0x3E, 0x3F, 0xFF, 0xFC, 0x1F, 0xFF,
    0xF8, 0x07, 0xC3, 0xE0, 0x01, 0xF0, 0x00, 0x1F, 0xF0, 0x00, 0xFF, 0x80, 0x07, 0xFC, 0x00, 0x0F,
    0x00, 0x00, 0x38, 0x00, 0x01, 0x80, 0x00, 0x18, 0x00, 0x00, 0x00, 0x00, 0x7C, 0x3E, 0x0F, 0xE3,
    0xF8, 0xFF, 0x0F, 0xE7, 0x80, 0x0F, 0x78, 0x00, 0x3F, 0xC0, 0x01, 0xFE, 0x00, 0x0F, 0xF0, 0x78,
    0x7F, 0x83, 0xC3, 0xFC, 0x1E, 0x1E, 0xF1, 0xF9, 0xE7, 0xFF, 0xFF, 0x1F, 0xEF, 0xF0, 0x7E, 0x1F,
    0x00, 0x03, 0xFF, 0x00, 0x07, 0xFE, 0x00, 0x04, 0x48, 0x00, 0x00, 0x00, 0x00, 0x00, 0x00, 0x1E,
    0x0F, 0x03, 0xFC, 0x1E, 0x07, 0xF8, 0x3C, 0x0F, 0xF0, 0x78, 0x1F, 0xE0, 0xF0, 0x3D, 0xC1, 0xE0,
    0x7B, 0xC3, 0xE0, 0xF7, 0x87, 0xC3, 0xCF, 0x1F, 0x87, 0x9E, 0x3F, 0x0F, 0x1E, 0x7F, 0x1E, 0x3D,
    0xFE, 0x78, 0x7B, 0x9C, 0xF0, 0x7F, 0x3F, 0xC0, 0xFE, 0x7F, 0x80, 0xFC, 0x7F, 0x01, 0xF0, 0xFC,
    0x01, 0xE0, 0xF0, 0x00, 0x07, 0xFE, 0x00, 0x3F, 0xF0, 0x00, 0x99, 0x00, 0x00, 0x00, 0x00, 0x00,
    0x00, 0x78, 0x78, 0x3F, 0xC3, 0xC1, 0xFE, 0x1E, 0x0F, 0xF0, 0xF0, 0x7B, 0x87, 0x83, 0xDE, 0x3E,
    0x3C, 0xF1, 0xF1, 0xE7, 0x8F, 0x8F, 0x1C, 0xFC, 0xF0, 0xF7, 0xF7, 0x83, 0xF3, 0xF8, 0x1F, 0x9F,
    0xC0, 0x78, 0x7C, 0x03, 0xC3, 0xE0, 0x03, 0xF8, 0x1F, 0xFC, 0xFF, 0xF1, 0xF0, 0x67, 0x80, 0x0F,
    0x00, 0x3C, 0x00, 0x78, 0x00, 0xF0, 0x01, 0xE0, 0x03, 0xC0, 0x07, 0x80, 0x0F, 0x80, 0x0F, 0x00,
    0x1F, 0x80, 0x1F, 0xFC, 0x1F, 0xF8, 0x0F, 0xF0, 0x01, 0xE0, 0x03, 0xC0, 0x07, 0x80, 0x0F, 0x00,
    0x1E, 0x00, 0x3C, 0x0F, 0xC7, 0xFD, 0xFF, 0xBC, 0x2F, 0x01, 0xE0, 0x3C, 0x07, 0x80, 0xF0, 0x1E,
    0x01, 0xE0, 0x3F, 0xE3, 0xFC, 0x1F, 0x80, 0xF0, 0x1E, 0x03, 0xC0, 0x78, 0x0F, 0x01, 0xE0, 0x00,
    0x20, 0x03, 0x02, 0x18, 0x1D, 0x80, 0x7C, 0x00, 0xF0, 0x0F, 0xC0, 0x67, 0x46, 0x03, 0xB0, 0x0F,
    0x00, 0x1E, 0x01, 0xB8, 0x1C, 0xC0, 0xC0, 0x04, 0x00, 0x01, 0xBF, 0xEF, 0xFB, 0x00, 0x0F, 0xBF,
    0xFF, 0xFF, 0xC3, 0x7F, 0xCE, 0x30, 0x67, 0x33, 0xE0, 0x7C, 0x3F, 0xFF, 0xFF, 0x0F, 0x00, 0x07,
    0x80, 0x00, 0x00, 0x46, 0x00, 0x00, 0x00, 0x00, 0x00, 0x00, 0x00, 0x00, 0x00, 0xF0, 0x00, 0x78,
    0x0C, 0x40, 0x06, 0x20, 0x00, 0x00, 0x00, 0x00, 0x00, 0x00, 0x00, 0x00, 0x00, 0x00, 0x00, 0x00,
    0x00, 0x00, 0x00, 0x00, 0x00, 0x00, 0x78, 0x00, 0x01, 0xE4, 0x40, 0x00, 0x11, 0xE1, 0x00, 0x00,
    0x84, 0x00, 0x00, 0x00, 0x00, 0x00, 0x00, 0x00, 0x00, 0x00, 0x00, 0x00, 0x00, 0x00, 0x00, 0x00,
    0x00, 0x00, 0x00, 0x1E, 0x00, 0x0F, 0x01, 0x88, 0x00, 0xC4, 0x08, 0x40, 0x04, 0x20, 0x00, 0x00,
    0x00, 0x00, 0x00, 0xF0, 0x00, 0x00, 0x08, 0xC0, 0x00, 0x00, 0x42, 0x00, 0x00, 0x00, 0x06, 0x00,
    0x00, 0x00, 0xC0, 0x00, 0x00, 0x18, 0x00, 0x00, 0x06, 0x00, 0x00, 0xC0, 0xC0, 0x00, 0x0C, 0x00,
    0x0E, 0x01, 0x80, 0x07, 0x80, 0x38, 0x00, 0xC0, 0x02, 0x00, 0x00, 0x00, 0x00, 0x00, 0x00, 0x00,
    0x00, 0x00, 0x00, 0x00, 0x00, 0x08, 0x00, 0x00, 0x21, 0xF0, 0x00, 0x07, 0x1E, 0x00, 0x00, 0xF8,
    0x40, 0x00, 0x01, 0x00, 0x00, 0x00, 0x00, 0x00, 0x00, 0x00, 0x00, 0x00, 0x00, 0x00, 0x00, 0x00,
    0x00, 0x00, 0x00, 0x80, 0x0E, 0x00, 0x38, 0x03, 0xC0, 0x03, 0x00, 0xE0, 0x30, 0x30, 0x00, 0x06,
    0x06, 0x00, 0x01, 0x80, 0x00, 0x00, 0x30, 0x00, 0x00, 0x06, 0x00, 0x00, 0x1C, 0x38, 0x01, 0xC3,
    0x80, 0x1C, 0x78, 0x00, 0xFF, 0x00, 0x07, 0xE0, 0x00, 0x00, 0x00, 0xF0, 0x1F, 0x0F, 0x03, 0xF0,
    0xF0, 0x3F, 0x0F, 0x07, 0xF0, 0xF0, 0x7F, 0x0F, 0x0E, 0xF0, 0xF0, 0xEF, 0x0F, 0x1C, 0xF0, 0xF1,
    0xCF, 0x0F, 0x38, 0xF0, 0xF3, 0x8F, 0x0F, 0x70, 0xF0, 0xF7, 0x0F, 0x0F, 0xE0, 0xF0, 0xFE, 0x0F,
    0x0F, 0xC0, 0xFF, 0xFC, 0x0F, 0xFF, 0x80, 0xFE, 0x00, 0x00, 0xE0, 0x00, 0x1E, 0x00, 0x01, 0xE0,
    0x00, 0x3C, 0x00, 0x07, 0xC0, 0x78, 0x78, 0x1E, 0x1E, 0x03, 0x8F, 0x00, 0xFF, 0xC0, 0x0F, 0xC0,
    0x00, 0x00, 0x0F, 0x07, 0xC3, 0xC3, 0xF0, 0xF0, 0xFC, 0x3C, 0x7F, 0x0F, 0x1F, 0xC3, 0xCF, 0xF0,
    0xF3, 0xBC, 0x3D, 0xEF, 0x0F, 0x73, 0xC3, 0xF8, 0xF0, 0xFE, 0x3C, 0x3F, 0x0F, 0x0F, 0xC3, 0xFF,
    0xE0, 0xFE, 0x00, 0x03, 0x80, 0x01, 0xE0, 0x00, 0x78, 0x00, 0x1C, 0x00, 0x0F, 0x00, 0x3C, 0x00,
    0xF0, 0x0F, 0xF8, 0x3F, 0xE0, 0xFF, 0x80, 0xF0, 0x03, 0xC0, 0x0F, 0xF8, 0x3F, 0xF0, 0xFF, 0xE3,
    0xC7, 0xCF, 0x0F, 0x3C, 0x3C, 0xF0, 0xF3, 0xC7, 0xCF, 0xFE, 0x3F, 0xF0, 0xFF, 0x00, 0x3C, 0x00,
    0x78, 0x03, 0xFF, 0x07, 0xFE, 0x0F, 0xFC, 0x07, 0x80, 0x0F, 0x00, 0x1E, 0x00, 0x3C, 0x00, 0x78,
    0x00, 0xFF, 0xC1, 0xFF, 0xE3, 0xFF, 0xE7, 0x83, 0xCF, 0x07, 0x9E, 0x1F, 0x3F, 0xFE, 0x7F, 0xF8,
    0xFF, 0xC0, 0xFF, 0x8F, 0xFC, 0xFF, 0xEF, 0x1F, 0xF0, 0xFF, 0x0F, 0xF2, 0xFF, 0x6F, 0xF3, 0xFF,
    0xFE, 0xFF, 0xCF, 0xFC, 0xF0, 0xEF, 0x00, 0xF0, 0x0F, 0x00, 0xF0, 0x0F, 0x00, 0xE3, 0xC7, 0xFF,
    0x3F, 0xFD, 0xF1, 0xEF, 0x07, 0xF8, 0x3F, 0xC1, 0xFE, 0x0F, 0xF3, 0x7F, 0x9F, 0xFE, 0x7D, 0xFF,
    0xEF, 0xFE, 0x7B, 0xFB, 0xC1, 0xDE, 0x00, 0xF0, 0x07, 0x80, 0x3C, 0x01, 0xE0, 0x00, 0x00, 0xE0,
    0x1C, 0x03, 0x80, 0x7F, 0xFF, 0xFF, 0xF8, 0x07, 0x00, 0xE0, 0x1C, 0x03, 0x80, 0x70, 0x0E, 0x01,
    0xC0, 0x38, 0x07, 0x00, 0xE0, 0x1C, 0x03, 0x80, 0x70, 0x0E, 0x01, 0xC0, 0x00, 0x03, 0x81, 0xC0,
    0xE0, 0x7F, 0xFF, 0xFF, 0x81, 0xC0, 0xE0, 0x70, 0x38, 0x1C, 0x0E, 0x07, 0x03, 0x81, 0xC0, 0xE0,
    0x70, 0x00, 0x3F, 0xFE, 0x7F, 0xFC, 0xE0, 0x01, 0xC0, 0x03, 0x80, 0x07, 0x00, 0x0E, 0x00, 0x1C,
    0x00, 0x38, 0x01, 0xFF, 0xC3, 0xFF, 0x81, 0xC0, 0x03, 0x80, 0x07, 0x00, 0x0E, 0x00, 0x1C, 0x00,
    0x38, 0x00, 0x70, 0x00, 0x3F, 0xF3, 0xFF, 0x38, 0x03, 0x80, 0x38, 0x03, 0x80, 0xFF, 0x8F, 0xF8,
    0x38, 0x03, 0x80, 0x38, 0x03, 0x80, 0x38, 0x03, 0x80, 0xFF, 0xE1, 0xFF, 0xC3, 0xFF, 0x87, 0x80,
    0x0F, 0x00, 0x1E, 0x00, 0x3C, 0x00, 0x78, 0x00, 0xFF, 0xC1, 0xFF, 0xE3, 0xFF, 0xE7, 0x87, 0xEF,
    0x03, 0xDE, 0x07, 0xFC, 0x07, 0xF8, 0x0F, 0xF0, 0x1F, 0xE0, 0x3C, 0x00, 0x78, 0x01, 0xF0, 0x87,
    0xC1, 0xFF, 0x03, 0xFE, 0x07, 0xF0, 0xFF, 0x8F, 0xF8, 0xFF, 0x8F, 0x00, 0xF0, 0x0F, 0x00, 0xFF,
    0x0F, 0xFC, 0xFF, 0xEF, 0x1E, 0xF1, 0xFF, 0x0F, 0xF0, 0xFF, 0x0F, 0x00, 0xF0, 0x0F, 0x11, 0xE1,
    0xFE, 0x1F, 0xC0, 0xF8, 0xF0, 0x38, 0x1E, 0x3C, 0x1C, 0x1E, 0x0F, 0x0E, 0x0F, 0x07, 0x87, 0x0F,
    0x01, 0xE3, 0x8F, 0x00, 0x79, 0xCF, 0x80, 0x1E, 0xEF, 0x80, 0x0F, 0x77, 0x80, 0x03, 0xFF, 0x80,
    0x01, 0xFF, 0xC0, 0x01, 0xEE, 0xF0, 0x00, 0xF7, 0x7C, 0x00, 0xF3, 0x9E, 0x00, 0xF1, 0xC7, 0x80,
    0xF0, 0xE1, 0xE0, 0xF8, 0x70, 0x78, 0x78, 0x38, 0x1F, 0xF8, 0x1C, 0x0F, 0xC0, 0x00, 0x00, 0xE0,
    0x00, 0x00, 0x70, 0x00, 0x00, 0x38, 0x00, 0x00, 0x1C, 0xF8, 0x70, 0xF3, 0xC3, 0x87, 0x0F, 0x1C,
    0x78, 0x3C, 0xE7, 0x80, 0xE7, 0x78, 0x07, 0xBB, 0x80, 0x1F, 0xFC, 0x00, 0xFF, 0xE0, 0x0F, 0x77,
    0x80, 0xF3, 0x9C, 0x07, 0x9C, 0xF0, 0x78, 0xE3, 0xC7, 0x87, 0x0F, 0xF8, 0x38, 0x3C, 0x00, 0x00,
    0xE0, 0x00, 0x07, 0x00, 0x00, 0x38, 0x00, 0x01, 0xC0, 0x1F, 0xC7, 0xFF, 0x9F, 0xFE, 0xC1, 0xF0,
    0x07, 0x80, 0x3C, 0x03, 0xC3, 0xFC, 0x1F, 0x80, 0xFF, 0x80, 0x3C, 0x00, 0xF0, 0x07, 0x80, 0x3F,
    0x03, 0xFF, 0xFE, 0xFF, 0xE1, 0xFC, 0x00, 0xE0, 0x03, 0x00, 0x1C, 0x03, 0xE0, 0x1F, 0x00, 0xF0,
    0x3F, 0x87, 0xFC, 0x7F, 0xE4, 0x1E, 0x01, 0xE0, 0x3E, 0x1F, 0xC1, 0xF8, 0x1F, 0xE0, 0x0F, 0x80,
    0xFF, 0xFF, 0xFF, 0xE7, 0xF8, 0x07, 0x00, 0x30, 0x03, 0x80, 0xF8, 0x0F, 0x80, 0xF0, 0xE0, 0x39,
    0xC0, 0xF3, 0x83, 0xC7, 0x0F, 0x0E, 0x3C, 0x1C, 0x78, 0x39, 0xE0, 0x77, 0x80, 0xFE, 0x01, 0xFC,
    0x03, 0xBC, 0x07, 0x3C, 0x0E, 0x3C, 0x1C, 0x38, 0x38, 0x78, 0x70, 0x78, 0xE0, 0x7F, 0xC0, 0x7C,
    0x00, 0x38, 0x00, 0x70, 0x00, 0xE0, 0x01, 0xC0, 0xE0, 0xF7, 0x0F, 0x38, 0xF1, 0xC7, 0x0E, 0x78,
    0x77, 0x83, 0xF8, 0x1F, 0xC0, 0xEF, 0x07, 0x3C, 0x38, 0xF1, 0xC3, 0x8E, 0x1F, 0xF0, 0x7C, 0x00,
    0xE0, 0x07, 0x00, 0x38, 0x01, 0xC0, 0xF0, 0x3D, 0xE0, 0xF3, 0xDB, 0xC7, 0xB7, 0x8F, 0x7E, 0x1E,
    0xF8, 0x3D, 0xF0, 0x7B, 0xC0, 0xFF, 0x01, 0xFE, 0x03, 0xDE, 0x07, 0xBE, 0x0F, 0x7C, 0x1E, 0xFC,
    0x3D, 0xBC, 0x7B, 0x7C, 0xF0, 0x79, 0xE0, 0x78, 0xF0, 0x7B, 0xC3, 0xCF, 0x7F, 0x3D, 0xF8, 0xF7,
    0xC3, 0xDE, 0x0F, 0x78, 0x3F, 0xC0, 0xF7, 0x83, 0xDF, 0x0F, 0x7E, 0x3D, 0xFC, 0xF6, 0xFB, 0xC1,
    0xE0, 0x78, 0x1E, 0x78, 0x3C, 0xFE, 0x3C, 0xFE, 0x78, 0xFE, 0xF0, 0x78, 0xF0, 0x79, 0xE0, 0x7F,
    0xC0, 0x7F, 0xC0, 0x7F, 0xC0, 0x79, 0xE0, 0x78, 0xF0, 0x78, 0xF0, 0x78, 0x78, 0x78, 0x7C, 0x78,
    0x3C, 0x78, 0x1E, 0x78, 0x1F, 0x3C, 0x00, 0x78, 0x03, 0xFE, 0x07, 0xFC, 0x0F, 0xF8, 0x07, 0x87,
    0x8F, 0x0F, 0x1E, 0x3C, 0x3C, 0xF0, 0x79, 0xC0, 0xF7, 0x01, 0xFE, 0x03, 0xFC, 0x07, 0xBC, 0x0F,
    0x3C, 0x1E, 0x38, 0x3C, 0x78, 0x78, 0x78, 0xF0, 0x78, 0xFF, 0x03, 0xDF, 0xE0, 0xF3, 0xFC, 0x1E,
    0x07, 0x87, 0x80, 0xF1, 0xE0, 0x1E, 0x78, 0x03, 0xCE, 0x00, 0x7B, 0xC0, 0x0F, 0xF0, 0x01, 0xEF,
    0x00, 0x3D, 0xE0, 0x07, 0x9E, 0x00, 0xF1, 0xE0, 0x1E, 0x3E, 0x03, 0xC3, 0xC0, 0x78, 0x3C, 0x0F,
    0x07, 0xC1, 0xE0, 0x78, 0xFF, 0x83, 0xDF, 0xF0, 0xF3, 0xFE, 0x3C, 0x03, 0xC7, 0x00, 0x79, 0xE0,
    0x0F, 0x78, 0x01, 0xFE, 0x00, 0x3F, 0xC0, 0x07, 0xBC, 0x00, 0xF3, 0xC0, 0x1E, 0x3C, 0x03, 0xC3,
    0xC0, 0x78, 0x78, 0x0F, 0x07, 0x80, 0xE0, 0x1C, 0xE0, 0x1C, 0xE0, 0x1C, 0xE0, 0x1C, 0xE0, 0x1C,
    0xE0, 0x1C, 0xE0, 0x1C, 0xE0, 0x1C, 0xFF, 0xFC, 0xFF, 0xFC, 0xE0, 0x1C, 0xE0, 0x1C, 0xE0, 0x1C,
    0xE0, 0x1C, 0xE0, 0x1C, 0xE0, 0x1C, 0xE0, 0x1F, 0xE0, 0x1F, 0x00, 0x07, 0x00, 0x07, 0x00, 0x07,
    0x00, 0x07, 0xE0, 0xE7, 0x07, 0x38, 0x39, 0xC1, 0xCE, 0x0E, 0x70, 0x73, 0xFF, 0x9F, 0xFC, 0xE0,
    0xE7, 0x07, 0x38, 0x39, 0xC1, 0xCE, 0x0F, 0xF0, 0x7C, 0x00, 0xE0, 0x07, 0x00, 0x38, 0x01, 0xC0,
    0xF0, 0x1F, 0xFE, 0x03, 0xFF, 0xC0, 0x7F, 0xF8, 0x0F, 0x0F, 0x01, 0xE1, 0xE0, 0x3C, 0x3C, 0x07,
    0x87, 0xFF, 0xF0, 0xFF, 0xFE, 0x1F, 0xFF, 0xC3, 0xC0, 0x78, 0x78, 0x0F, 0x0F, 0x01, 0xE1, 0xE0,
    0x3C, 0x3C, 0x07, 0x87, 0x80, 0xF0, 0xF0, 0x1E, 0x1E, 0x03, 0xC0, 0xF0, 0x7F, 0xF8, 0x3F, 0xFC,
    0x1F, 0xFE, 0x0F, 0x0F, 0x07, 0x87, 0xFF, 0xC3, 0xFF, 0xE1, 0xFF, 0xF0, 0xF0, 0x78, 0x78, 0x3C,
    0x3C, 0x1E, 0x1E, 0x0F, 0x0F, 0x07, 0x87, 0x83, 0xC0, 0xFF, 0xFC, 0x00, 0x7F, 0xFE, 0x00, 0x3F,
    0xFF, 0x00, 0x1E, 0x07, 0x80, 0x0F, 0x03, 0xC0, 0x07, 0x81, 0xE0, 0x03, 0xC0, 0xF0, 0x01, 0xE0,
    0x78, 0x00, 0xF0, 0x3F, 0xF0, 0x78, 0x1F, 0xFE, 0x3C, 0x0F, 0xFF, 0x9E, 0x07, 0x83, 0xEF, 0x03,
    0xC0, 0xF7, 0x81, 0xE0, 0x3F, 0xC0, 0xF0, 0x1F, 0xE0, 0x78, 0x0F, 0xF0, 0x3C, 0x07, 0xF8, 0x1E,
    0x03, 0xC0, 0x00, 0x01, 0xE0, 0x00, 0x01, 0xE0, 0x00, 0x21, 0xF0, 0x00, 0x1F, 0xF0, 0x00, 0x0F,
    0xF0, 0x00, 0x07, 0xF0, 0xFF, 0xF0, 0x0F, 0xFF, 0x00, 0xFF, 0xF0, 0x0F, 0x0F, 0x00, 0xF0, 0xF0,
    0x0F, 0x0F, 0x00, 0xF0, 0xFF, 0x0F, 0x0F, 0xFC, 0xF0, 0xFF, 0xEF, 0x0F, 0x3E, 0xF0, 0xF1, 0xFF,
    0x0F, 0x0F, 0xF0, 0xF0, 0xFF, 0x0F, 0x0F, 0x00, 0x00, 0xF0, 0x00, 0x1F, 0x00, 0x01, 0xE0, 0x03,
    0xFE, 0x00, 0x3F, 0xC0, 0x03, 0xF0, 0x07, 0xE0, 0x0F, 0xF0, 0x0F, 0xF8, 0x0F, 0x80, 0x07, 0x87,
    0xC7, 0xC7, 0xFB, 0xC3, 0xFD, 0xE3, 0xCF, 0xF1, 0xE7, 0xF8, 0xF3, 0xFC, 0x79, 0xFE, 0x3C, 0xFF,
    0x8E, 0x73, 0xC7, 0xF9, 0xF1, 0xF8, 0x7F, 0xF8, 0x1F, 0xFF, 0x83, 0xFF, 0xC0, 0x01, 0xE0, 0x0F,
    0x80, 0x7F, 0x01, 0xFC, 0x03, 0xC7, 0x8F, 0x1F, 0x9E, 0x7F, 0xBC, 0xE7, 0x79, 0xCE, 0xF3, 0x9D,
    0xE7, 0x79, 0xE7, 0xE3, 0xFF, 0x83, 0xFF, 0xE1, 0xFF, 0xC0, 0x07, 0x80, 0x07, 0xF0, 0x7F, 0xF3,
    0xFF, 0x9F, 0x86, 0x78, 0x03, 0xE0, 0x0F, 0x00, 0x3C, 0x00, 0xF0, 0x03, 0xC0, 0x0F, 0x00, 0x3C,
    0x00, 0xF8, 0x01, 0xE0, 0x07, 0xC0, 0x8F, 0xFE, 0x1F, 0xF8, 0x1F, 0xC0, 0x1C, 0x00, 0x30, 0x00,
    0xE0, 0x0F, 0x80, 0x3E, 0x00, 0xF0, 0x0F, 0xC7, 0xFD, 0xFF, 0x3C, 0x2F, 0x01, 0xE0, 0x3C, 0x07,
    0x80, 0xF0, 0x1F, 0x05, 0xFF, 0xBF, 0xF3, 0xFC, 0x1F, 0x00, 0xC0, 0x1C, 0x03, 0x81, 0xF0, 0x3E,
    0x07, 0x80, 0xFF, 0xFF, 0xFF, 0xFF, 0xFE, 0x0F, 0x00, 0x78, 0x03, 0xC0, 0x1E, 0x00, 0xF0, 0x07,
    0x80, 0x3C, 0x01, 0xE0, 0x0F, 0x00, 0x78, 0x03, 0xC0, 0x1E, 0x00, 0xFE, 0x07, 0xF0, 0x3F, 0x80,
    0x1C, 0x00, 0xE0, 0x07, 0x00, 0x38, 0x01, 0xC0, 0xFF, 0xFF, 0xFF, 0xFF, 0xFE, 0x1E, 0x00, 0xF0,
    0x07, 0x80, 0x3C, 0x01, 0xE0, 0x0F, 0x00, 0x78, 0x03, 0xC0, 0x1E, 0x00, 0xFF, 0x07, 0xF8, 0x03,
    0xC0, 0x1E, 0x00, 0xF0, 0x07, 0x80, 0x3C, 0xF0, 0x1E, 0xE0, 0x39, 0xE0, 0xF1, 0xC1, 0xC3, 0xC7,
    0x83, 0x8E, 0x07, 0xBC, 0x07, 0x70, 0x07, 0xC0, 0x0F, 0x80, 0x0E, 0x00, 0x1C, 0x00, 0x38, 0x00,
    0x70, 0x00, 0xE0, 0x01, 0xC0, 0x03, 0x80, 0x07, 0x00, 0xE0, 0x3F, 0x83, 0xDC, 0x1C, 0xE0, 0xE7,
    0x8F, 0x1C, 0x70, 0xE3, 0x83, 0xB8, 0x1D, 0xC0, 0xEE, 0x03, 0xE0, 0x1F, 0x00, 0xF8, 0x03, 0x80,
    0x1C, 0x00, 0xE0, 0x07, 0x00, 0x38, 0x00, 0xF0, 0x1E, 0xE0, 0x3D, 0xE0, 0xF1, 0xC1, 0xC1, 0xC7,
    0x83, 0x8E, 0x03, 0xBC, 0x07, 0x70, 0x07, 0xC0, 0x0F, 0x80, 0x7F, 0xF0, 0xFF, 0xE0, 0x38, 0x00,
    0x70, 0x00, 0xE0, 0x01, 0xC0, 0x03, 0x80, 0x07, 0x00, 0xE0, 0x3F, 0x83, 0xDC, 0x1C, 0xE0, 0xE7,
    0x8F, 0x1C, 0x70, 0xE3, 0x83, 0xB8, 0x1D, 0xC0, 0xEE, 0x03, 0x60, 0x1F, 0x00, 0xF8, 0x1F, 0xF0,
    0xFF, 0x80, 0xE0, 0x07, 0x00, 0x38, 0x00, 0xF0, 0x0E, 0x3C, 0x0F, 0x0E, 0x0F, 0x07, 0x87, 0x01,
    0xE7, 0x80, 0x77, 0x80, 0x3F, 0x80, 0x0F, 0xC0, 0x07, 0xC0, 0x01, 0xE0, 0x01, 0xF8, 0x01, 0xFC,
    0x00, 0xEF, 0x00, 0xF3, 0xC0, 0xF0, 0xE0, 0x70, 0x78, 0x78, 0x1F, 0xF8, 0x07, 0xC0, 0x00, 0xE0,
    0x00, 0x70, 0x00, 0x38, 0x00, 0x1C, 0xF0, 0x79, 0xC1, 0xC3, 0x8E, 0x0F, 0x78, 0x1D, 0xC0, 0x3E,
    0x00, 0xF8, 0x03, 0xE0, 0x1F, 0xC0, 0x77, 0x03, 0xCE, 0x1E, 0x38, 0x70, 0x7F, 0xC1, 0xF0, 0x01,
    0xC0, 0x07, 0x00, 0x1C, 0x00, 0x70, 0xFF, 0xF9, 0xE3, 0xFF, 0xE7, 0x8F, 0xFF, 0x9E, 0x03, 0xC0,
    0x78, 0x0F, 0x01, 0xE0, 0x3C, 0x07, 0x80, 0xF0, 0x1E, 0x03, 0xC0, 0x78, 0x0F, 0x01, 0xE0, 0x3C,
    0x07, 0x80, 0xF0, 0x1E, 0x03, 0xC0, 0x78, 0x0F, 0x01, 0xE0, 0x3C, 0x07, 0x80, 0xF0, 0x1E, 0x03,
    0xFF, 0xFF, 0x0F, 0xFF, 0xFC, 0x3F, 0xFF, 0xF0, 0x00, 0x01, 0xC0, 0x00, 0x07, 0x00, 0x00, 0x1C,
    0x00, 0x00, 0x70, 0x00, 0x01, 0xC0, 0xFF, 0xCF, 0x1F, 0xF9, 0xE3, 0xFF, 0x3C, 0x0F, 0x07, 0x81,
    0xE0, 0xF0, 0x3C, 0x1E, 0x07, 0x83, 0xC0, 0xF0, 0x78, 0x1E, 0x0F, 0x03, 0xC1, 0xE0, 0x78, 0x3C,
    0x0F, 0xFF, 0xF1, 0xFF, 0xFE, 0x3F, 0xFF, 0xC0, 0x00, 0x38, 0x00, 0x07, 0x00, 0x00, 0xE0, 0x00,
    0x1C, 0x00, 0x03, 0x80, 0xE0, 0x1C, 0xE0, 0x1C, 0xE0, 0x1C, 0xE0, 0x1C, 0xE0, 0x1C, 0xE0, 0x1C,
    0xE0, 0x1C, 0xE0, 0x1C, 0xF0, 0x3C, 0x78, 0x7C, 0x3F, 0xFC, 0x1F, 0x9C, 0x00, 0x1C, 0x00, 0x1C,
    0x00, 0x1C, 0x00, 0x1C, 0x00, 0x1F, 0x00, 0x1F, 0x00, 0x07, 0x00, 0x07, 0x00, 0x07, 0x00, 0x07,
    0xE0, 0x73, 0x81, 0xCE, 0x07, 0x38, 0x1C, 0xE0, 0x73, 0x81, 0xCE, 0x0F, 0x1C, 0x7C, 0x7F, 0xF0,
    0x79, 0xC0, 0x07, 0x00, 0x1C, 0x00, 0x7C, 0x01, 0xF0, 0x01, 0xC0, 0x07, 0x00, 0x1C, 0x00, 0x70,
    0xF0, 0x1F, 0xE0, 0x3F, 0xC0, 0x7F, 0x80, 0xFF, 0x01, 0xFE, 0x63, 0xFC, 0xC7, 0xF9, 0x8F, 0xFB,
    0x3F, 0xFF, 0xFD, 0xFF, 0xF8, 0xFC, 0xF0, 0x31, 0xE0, 0x63, 0xC0, 0xC7, 0x81, 0x8F, 0x00, 0x1E,
    0x00, 0x3C, 0xF0, 0x7F, 0x83, 0xFC, 0x1F, 0xE0, 0xFF, 0x37, 0xF9, 0xBF, 0xCD, 0xFF, 0xFF, 0x7F,
    0xF9, 0xFB, 0xC0, 0xDE, 0x06, 0xF0, 0x07, 0x80, 0x3C, 0xE0, 0x03, 0x80, 0x0E, 0x00, 0x38, 0x00,
    0xE0, 0x03, 0x80, 0x0E, 0x7E, 0x3F, 0xFC, 0xF8, 0x7B, 0xC0, 0xFE, 0x01, 0xF8, 0x07, 0xE0, 0x1F,
    0x80, 0x7E, 0x01, 0xF8, 0x07, 0xE0, 0x1F, 0x80, 0x70, 0xE0, 0x1C, 0x03, 0x80, 0x70, 0x0E, 0xF9,
    0xFF, 0xBC, 0x7F, 0x07, 0xE0, 0xFC, 0x1F, 0x83, 0xF0, 0x7E, 0x0F, 0xC1, 0xF8, 0x3F, 0x07, 0xE0,
    0xFC, 0x1C, 0x00, 0x3F, 0x80, 0x03, 0xFF, 0x80, 0x1F, 0xFF, 0x00, 0xF8, 0x3E, 0xE7, 0xC0, 0x7B,
    0x9E, 0x00, 0xFE, 0x78, 0x03, 0xFF, 0xFF, 0xFF, 0xFF, 0xFF, 0xFD, 0xFF, 0xFF, 0xF0, 0x78, 0x00,
    0x01, 0xE0, 0x00, 0x07, 0x80, 0x00, 0x0F, 0x00, 0x20, 0x3E, 0x07, 0x80, 0x7F, 0xFE, 0x00, 0xFF,
    0xF8, 0x00, 0xFF, 0x00, 0x00, 0xFC, 0x01, 0xFF, 0x01, 0xFF, 0xDC, 0xF1, 0xFE, 0xF0, 0x7F, 0xFF,
    0xFF, 0xFF, 0xFE, 0xFF, 0xFF, 0x0F, 0x00, 0x07, 0x80, 0x01, 0xE0, 0x40, 0xFF, 0xE0, 0x3F, 0xF0,
    0x07, 0xF0, 0x00, 0x3F, 0x80, 0x03, 0xFF, 0x80, 0x1F, 0xFF, 0x00, 0xF8, 0x3E, 0xE7, 0x80, 0x7B,
    0x9E, 0x00, 0xFE, 0x70, 0x03, 0xFF, 0xFF, 0xFF, 0xFF, 0xFF, 0xFD, 0xFF, 0xFF, 0xF0, 0x70, 0x00,
    0x01, 0xC0, 0x00, 0x07, 0x80, 0x00, 0x1E, 0x00, 0x20, 0x3E, 0x07, 0x80, 0x7F, 0xFE, 0x00, 0xFF,
    0xF8, 0x01, 0xFF, 0x00, 0x01, 0xE0, 0x00, 0x07, 0x80, 0x00, 0x1E, 0x00, 0x00, 0x78, 0x00, 0x01,
    0xE0, 0x00, 0x00, 0xF8, 0x01, 0xFF, 0x00, 0xFF, 0xC0, 0xF1, 0xEE, 0x70, 0x7F, 0x78, 0x3F, 0xFF,
    0xFF, 0xFF, 0xFF, 0x7F, 0xFF, 0x87, 0x80, 0x01, 0xC0, 0x00, 0xF0, 0x20, 0x3F, 0xF0, 0x0F, 0xF8,
    0x01, 0xE0, 0x00, 0xF0, 0x00, 0x78, 0x00, 0x3C, 0x00, 0x1E, 0x00, 0xFF, 0xFF, 0xFF, 0xFF, 0xFF,
    0xFF, 0xFC, 0x01, 0xC3, 0x80, 0x00, 0xE3, 0x80, 0x00, 0xFF, 0x00, 0x00, 0x7E, 0x00, 0x00, 0x00,
    0x00, 0x00, 0x00, 0x00, 0x78, 0x3C, 0x1E, 0x78, 0x3C, 0x1E, 0x3C, 0x3C, 0x3C, 0x1E, 0x3C, 0x78,
    0x1E, 0x3C, 0x78, 0x0F, 0x3C, 0xF0, 0x07, 0x3D, 0xE0, 0x07, 0xFF, 0xE0, 0x03, 0xFF, 0xC0, 0x07,
    0xFF, 0xE0, 0x07, 0xBD, 0xE0, 0x0F, 0x3C, 0xF0, 0x1E, 0x3C, 0xF8, 0x1E, 0x3C, 0x78, 0x3C, 0x3C,
    0x3C, 0x7C, 0x3C, 0x3E, 0x78, 0x3C, 0x1E, 0xF0, 0x3C, 0x0F, 0x03, 0x86, 0x00, 0x1C, 0x30, 0x00,
    0xF3, 0x80, 0x03, 0xF8, 0x00, 0x0F, 0x80, 0x00, 0x00, 0x01, 0xE1, 0xE1, 0xC7, 0x8F, 0x1E, 0x3C,
    0x78, 0xE0, 0xF3, 0xCE, 0x03, 0xDE, 0xF0, 0x0F, 0xFF, 0x00, 0x7F, 0xF0, 0x07, 0xFF, 0xC0, 0x3D,
    0xEF, 0x03, 0xCF, 0x38, 0x3E, 0x79, 0xE1, 0xE3, 0xC7, 0x9E, 0x1E, 0x3C, 0xF0, 0xF0, 0xF0, 0xF0,
    0x3E, 0xF0, 0x7C, 0xF0, 0x78, 0xF0, 0xF0, 0xF1, 0xE0, 0xF3, 0xC0, 0xF7, 0x80, 0xF7, 0x80, 0xFF,
    0x00, 0xFF, 0xF0, 0xFF, 0xFC, 0xF8, 0xFE, 0xF0, 0x3E, 0xF0, 0x1F, 0xF0, 0x0F, 0xF0, 0x0F, 0xF0,
    0x0F, 0xF0, 0x0F, 0x00, 0x0F, 0x00, 0x1E, 0x00, 0x3E, 0x07, 0xFC, 0x07, 0xF8, 0x07, 0xF0, 0xF0,
    0x7F, 0xC3, 0xEF, 0x1F, 0x3C, 0xF8, 0xF7, 0xC3, 0xDE, 0x0F, 0xF8, 0x3F, 0xFC, 0xFF, 0xFB, 0xC3,
    0xEF, 0x07, 0xFC, 0x0F, 0xF0, 0x3F, 0xC0, 0xF0, 0x03, 0xC0, 0x0F, 0x00, 0x78, 0x1F, 0xE0, 0x7F,
    0x01, 0xF0, 0x07, 0xFF, 0x80, 0x3F, 0xFC, 0x01, 0xFF, 0xE0, 0x0F, 0x0F, 0x00, 0x70, 0x78, 0x03,
    0x83, 0xC0, 0x1C, 0x1E, 0x01, 0xE0, 0xF0, 0x0F, 0x07, 0x80, 0x78, 0x3C, 0x03, 0xC1, 0xE0, 0x1C,
    0x0F, 0x00, 0xE0, 0x78, 0x0F, 0x03, 0xC0, 0x78, 0x1E, 0x1F, 0x80, 0xFF, 0xFC, 0x07, 0xFF, 0xC0,
    0x3F, 0x80, 0x00, 0x1C, 0x00, 0x01, 0xE0, 0x00, 0x0F, 0x00, 0x00, 0xF0, 0x00, 0x07, 0x80, 0x0F,
    0xFE, 0x01, 0xFF, 0xC0, 0x3F, 0xF8, 0x07, 0x8F, 0x00, 0xE1, 0xE0, 0x1C, 0x3C, 0x03, 0x87, 0x80,
    0x70, 0xF0, 0x1E, 0x1E, 0x03, 0xC3, 0xC0, 0x70, 0x78, 0x7E, 0x0F, 0xFF, 0x81, 0xFD, 0xE0, 0x3F,
    0x80, 0x00, 0x70, 0x00, 0x1E, 0x00, 0x03, 0x80, 0x00, 0xF0, 0xF0, 0x1F, 0xE0, 0x3F, 0xC0, 0x7F,
    0x80, 0xFF, 0x01, 0xFE, 0x03, 0xFC, 0x07, 0xFF, 0xFF, 0xFF, 0xFF, 0xFF, 0xFF, 0xC0, 0x7F, 0x80,
    0xFF, 0x01, 0xFE, 0x03, 0xFC, 0x07, 0xF8, 0x0F, 0xF0, 0x1F, 0xE0, 0x3C, 0x00, 0x78, 0x01, 0xF0,
    0x87, 0xC1, 0xFF, 0x83, 0xFE, 0x07, 0xF0, 0xF0, 0x7F, 0x83, 0xFC, 0x1F, 0xE0, 0xFF, 0x07, 0xFF,
    0xFF, 0xFF, 0xFF, 0xFF, 0xF0, 0x7F, 0x83, 0xFC, 0x1F, 0xE0, 0xFF, 0x07, 0xF8, 0x3C, 0x01, 0xE0,
    0x0F, 0x00, 0xF8, 0x7F, 0x83, 0xF8, 0x1F, 0x80, 0xF0, 0x1E, 0x1E, 0x03, 0xC3, 0xC0, 0x78, 0x78,
    0x0F, 0x0F, 0x01, 0xE1, 0xE0, 0x3C, 0x3C, 0x07, 0x87, 0xFF, 0xF0, 0xFF, 0xFE, 0x1F, 0xFF, 0xC3,
    0xC0, 0x78, 0x78, 0x0F, 0x0F, 0x01, 0xE1, 0xE0, 0x3C, 0x3C, 0x07, 0x87, 0x80, 0xFF, 0xF0, 0x1F,
    0xFE, 0x03, 0xF8, 0x00, 0x07, 0x00, 0x01, 0xE0, 0x00, 0x3C, 0x00, 0x0F, 0x00, 0x01, 0xE0, 0xF0,
    0x78, 0x78, 0x3C, 0x3C, 0x1E, 0x1E, 0x0F, 0x0F, 0x07, 0x87, 0xFF, 0xC3, 0xFF, 0xE1, 0xFF, 0xF0,
    0xF0, 0x78, 0x78, 0x3C, 0x3C, 0x1E, 0x1E, 0x0F, 0x0F, 0x07, 0xFF, 0x83, 0xF8, 0x00, 0x1C, 0x00,
    0x1E, 0x00, 0x0F, 0x00, 0x07, 0x00, 0x07, 0x80, 0xF0, 0x1F, 0xE0, 0x3F, 0xC0, 0x7F, 0x80, 0xFF,
    0x01, 0xFE, 0x03, 0xFC, 0x07, 0xF8, 0x0F, 0xF8, 0x3F, 0xFF, 0xFD, 0xFF, 0xF8, 0xFC, 0xF0, 0x01,
    0xE0, 0x03, 0xC0, 0x07, 0x80, 0x7F, 0x00, 0xFE, 0x01, 0xFC, 0x03, 0xC0, 0x07, 0x80, 0x0F, 0x00,
    0x1E, 0x00, 0x3C, 0x00, 0xF0, 0x7F, 0x83, 0xFC, 0x1F, 0xE0, 0xFF, 0x07, 0xF8, 0x3F, 0xC3, 0xFF,
    0xFF, 0x7F, 0xF9, 0xF3, 0xC0, 0x1E, 0x00, 0xF0, 0x3F, 0x81, 0xFC, 0x0F, 0x00, 0x78, 0x03, 0xC0,
    0x1E, 0x00, 0xF0, 0xFC, 0x07, 0xE1, 0xF8, 0x0F, 0xC3, 0xF0, 0x1F, 0x87, 0xF0, 0x7F, 0x0F, 0xE0,
    0xFE, 0x1F, 0xC1, 0xFC, 0x3D, 0x83, 0x78, 0x7B, 0x8E, 0xF0, 0xF7, 0x1D, 0xE1, 0xEE, 0x33, 0xC3,
    0xCC, 0xE7, 0x87, 0x9D, 0xCF, 0x0F, 0x3B, 0x9E, 0x1E, 0x36, 0x3C, 0x3C, 0x7C, 0x78, 0x78, 0xF8,
    0xFF, 0xF1, 0xE1, 0xFF, 0xE1, 0xC3, 0xF8, 0x00, 0x00, 0x70, 0x00, 0x01, 0xE0, 0x00, 0x03, 0xC0,
    0x00, 0x0F, 0x00, 0x00, 0x1E, 0x00, 0xFC, 0x1F, 0x87, 0xE0, 0xFC, 0x3F, 0x07, 0xE1, 0xFC, 0x3F,
    0x0F, 0xE3, 0xF8, 0x7B, 0x1B, 0xC3, 0xDC, 0xDE, 0x1E, 0xEE, 0xF0, 0xF3, 0x77, 0x87, 0x9B, 0x3C,
    0x3C, 0xF9, 0xE1, 0xE3, 0xCF, 0x0F, 0x1C, 0x7F, 0xF8, 0xE3, 0xF8, 0x00, 0x01, 0xC0, 0x00, 0x1E,
    0x00, 0x00, 0xF0, 0x00, 0x07, 0x00, 0x00, 0x78, 0xFF, 0xFF, 0xFF, 0xFF, 0xFF, 0xFF, 0xFC, 0x0E,
    0x1C, 0x07, 0x9E, 0x01, 0xFE, 0x00, 0x7E, 0x00, 0x00, 0x00, 0x00, 0x00, 0x0F, 0x80, 0x07, 0xC0,
    0x07, 0xF0, 0x03, 0xF8, 0x01, 0xDE, 0x01, 0xEF, 0x00, 0xF3, 0x80, 0x79, 0xE0, 0x78, 0xF0, 0x3C,
    0x78, 0x1E, 0x1E, 0x1F, 0xFF, 0x0F, 0xFF, 0x87, 0xFF, 0xE7, 0x80, 0xF3, 0xC0, 0x79, 0xE0, 0x1F,
    0xE0, 0x0F, 0x38, 0xF3, 0xCE, 0x1F, 0xE0, 0xFC, 0x00, 0x00, 0x00, 0x1F, 0xC3, 0xFE, 0x3F, 0xF0,
    0x0F, 0x00, 0xF1, 0xFF, 0x7F, 0xFF, 0x8F, 0xF0, 0xFF, 0x0F, 0xF1, 0xFF, 0xFF, 0x7F, 0x73, 0xE7,
    0x0F, 0x78, 0x07, 0xBC, 0x03, 0xDE, 0x00, 0x00, 0x00, 0x00, 0x00, 0x1F, 0x00, 0x0F, 0x80, 0x0F,
    0xE0, 0x07, 0x70, 0x03, 0xB8, 0x03, 0xDE, 0x01, 0xEF, 0x00, 0xF3, 0x80, 0xF1, 0xE0, 0x78, 0xF0,
    0x3C, 0x78, 0x3F, 0xFE, 0x1F, 0xFF, 0x1F, 0xFF, 0xCF, 0x01, 0xE7, 0x80, 0xF7, 0xC0, 0x3F, 0xC0,
    0x1E, 0x3D, 0xE3, 0xDE, 0x3D, 0xE0, 0x00, 0x00, 0x01, 0xFC, 0x7F, 0xE3, 0xFF, 0x20, 0xF0, 0x0F,
    0x1F, 0xF7, 0xFF, 0xF8, 0xFF, 0x0F, 0xF0, 0xFF, 0x1F, 0xFF, 0xF7, 0xF7, 0x3E, 0x70, 0x00, 0xFF,
    0xFE, 0x01, 0xFF, 0xFC, 0x07, 0xFF, 0xF8, 0x0E, 0x78, 0x00, 0x3C, 0xF0, 0x00, 0x79, 0xE0, 0x01,
    0xE3, 0xC0, 0x03, 0xC7, 0xFE, 0x07, 0x0F, 0xFC, 0x1E, 0x1F, 0xF8, 0x3C, 0x3C, 0x00, 0xFF, 0xF8,
    0x01, 0xFF, 0xF0, 0x07, 0xFF, 0xE0, 0x0F, 0x03, 0xC0, 0x3C, 0x07, 0xFF, 0x78, 0x0F, 0xFE, 0xE0,
    0x1F, 0xFC, 0x1F, 0x8F, 0xC3, 0xFE, 0xFF, 0x0F, 0xFF, 0xFC, 0x41, 0xF1, 0xF0, 0x0F, 0x07, 0x8F,
    0xFF, 0xFD, 0xFF, 0xFF, 0xFF, 0x1F, 0xFF, 0xF0, 0xF0, 0x07, 0x87, 0x80, 0x3C, 0x7E, 0x05, 0xFF,
    0xFF, 0xE7, 0xF9, 0xFF, 0x1F, 0x07, 0xF0, 0xF1, 0xDE, 0x39, 0xFF, 0x1F, 0x80, 0x00, 0x00, 0x3F,
    0xFF, 0xFF, 0xFF, 0xFE, 0x03, 0xC0, 0x78, 0x0F, 0x01, 0xFF, 0xBF, 0xF7, 0xFE, 0xF0, 0x1E, 0x03,
    0xC0, 0x78, 0x0F, 0x01, 0xFF, 0xFF, 0xFF, 0xFF, 0x38, 0xF1, 0xE7, 0x87, 0xF8, 0x1F, 0x80, 0x00,
    0x00, 0x00, 0x3F, 0x07, 0xFC, 0x7F, 0xF3, 0xC7, 0xFC, 0x1F, 0xFF, 0xFF, 0xFF, 0xFF, 0xFF, 0xC0,
    0x1E, 0x00, 0x78, 0x13, 0xFF, 0x8F, 0xFC, 0x1F, 0xC0, 0x07, 0xE0, 0x1F, 0xF8, 0x3C, 0x3C, 0x78,
    0x1E, 0x70, 0x0E, 0x00, 0x0E, 0x00, 0x07, 0x00, 0x07, 0xFF, 0xFF, 0xFF, 0xFF, 0xF0, 0x07, 0xF0,
    0x07, 0xF0, 0x06, 0x70, 0x0E, 0x78, 0x1E, 0x3C, 0x3C, 0x1F, 0xF8, 0x07, 0xE0, 0x0F, 0x81, 0xFF,
    0x1C, 0x3D, 0xC0, 0xE0, 0x03, 0x80, 0x1F, 0xFF, 0xFF, 0xFF, 0xE0, 0x3F, 0x01, 0xDC, 0x1C, 0xF1,
    0xE3, 0xFE, 0x07, 0xC0, 0x0F, 0x78, 0x07, 0xBC, 0x03, 0xDE, 0x00, 0x00, 0x00, 0x00, 0x00, 0x7F,
    0x81, 0xFF, 0xF0, 0xFF, 0xFC, 0x78, 0x3F, 0x20, 0x07, 0x80, 0x03, 0xC0, 0x00, 0xF0, 0x00, 0x7F,
    0xFF, 0xFF, 0xFF, 0xFF, 0xFF, 0xFF, 0xF0, 0x07, 0xF8, 0x03, 0xDE, 0x03, 0xCF, 0x83, 0xE3, 0xFF,
    0xE0, 0xFF, 0xE0, 0x1F, 0xC0, 0x79, 0xE3, 0xCF, 0x1E, 0x78, 0x00, 0x00, 0x00, 0x1F, 0xC3, 0xFF,
    0x9F, 0xFE, 0xC0, 0xF0, 0x03, 0xC0, 0x1F, 0xFF, 0xFF, 0xFF, 0xFF, 0xFF, 0xC1, 0xFF, 0x1E, 0x7F,
    0xF1, 0xFF, 0x07, 0xE0, 0x00, 0xF7, 0x80, 0x00, 0x7B, 0xC0, 0x00, 0x3D, 0xE0, 0x00, 0x00, 0x00,
    0x00, 0x00, 0x00, 0x03, 0xC1, 0xE0, 0x78, 0xF0, 0xF0, 0x78, 0x78, 0x78, 0x3C, 0x1E, 0x3C, 0x3C,
    0x07, 0x1E, 0x3C, 0x03, 0xCF, 0x3E, 0x00, 0xF7, 0x9E, 0x00, 0x3F, 0xFE, 0x00, 0x1F, 0xFF, 0x00,
    0x0F, 0xFF, 0x80, 0x0F, 0x79, 0xE0, 0x0F, 0x3C, 0xF8, 0x07, 0x9E, 0x3C, 0x07, 0x8F, 0x0F, 0x07,
    0x87, 0x87, 0xC3, 0xC3, 0xC1, 0xE3, 0xC1, 0xE0, 0x7B, 0xE0, 0xF0, 0x3E, 0x03, 0xDE, 0x00, 0x1E,
    0xF0, 0x00, 0xF7, 0x80, 0x00, 0x00, 0x00, 0x00, 0x00, 0x38, 0x78, 0x39, 0xE3, 0xC3, 0xC7, 0x1E,
    0x3C, 0x1C, 0xF3, 0xC0, 0xF7, 0x9E, 0x03, 0xFF, 0xE0, 0x1F, 0xFE, 0x00, 0xFF, 0xF8, 0x0F, 0x7B,
    0xE0, 0x73, 0xCF, 0x07, 0x9E, 0x3C, 0x78, 0xF1, 0xF3, 0xC7, 0x87, 0xBC, 0x3C, 0x1E, 0x3D, 0xE1,
    0xEF, 0x0F, 0x78, 0x00, 0x00, 0x00, 0x1F, 0xC3, 0xFF, 0x8F, 0xFE, 0x61, 0xF0, 0x07, 0x80, 0x3C,
    0x03, 0xC1, 0xFC, 0x0F, 0xC0, 0x7F, 0xC0, 0x1E, 0x00, 0x78, 0x03, 0xC0, 0x1F, 0x81, 0xFF, 0xFF,
    0x7F, 0xF0, 0xFE, 0x00, 0x7B, 0xCF, 0x79, 0xEF, 0x00, 0x00, 0x00, 0x7F, 0x3F, 0xF3, 0xFF, 0x41,
    0xE0, 0x3C, 0xFF, 0x1F, 0x83, 0xFC, 0x03, 0xC0, 0x7C, 0x1F, 0xFF, 0xFF, 0xF9, 0xFC, 0x00, 0x7F,
    0xF9, 0xFF, 0xE7, 0xFF, 0x80, 0x7C, 0x03, 0xE0, 0x1F, 0x00, 0xF8, 0x07, 0xC0, 0x1F, 0xF0, 0x7F,
    0xE0, 0x07, 0xC0, 0x0F, 0x00, 0x3C, 0x00, 0xFC, 0x07, 0xFF, 0xFE, 0xFF, 0xF0, 0xFF, 0x00, 0x7F,
    0xFB, 0xFF, 0xDF, 0xFE, 0x03, 0xE0, 0x3E, 0x03, 0xE0, 0x3C, 0x03, 0xC0, 0x1F, 0xC0, 0xFF, 0x01,
    0xFC, 0x01, 0xF0, 0x07, 0x80, 0x3C, 0x01, 0xE0, 0x0F, 0xC0, 0xF7, 0xFF, 0xBF, 0xF8, 0x7F, 0x00,
    0x0F, 0xE0, 0x1F, 0xC0, 0x00, 0x00, 0x00, 0x0E, 0x01, 0xFC, 0x07, 0xF8, 0x0F, 0xF0, 0x3F, 0xE0,
    0xFF, 0xC1, 0xFF, 0x87, 0xBF, 0x0E, 0x7E, 0x3C, 0xFC, 0xF1, 0xF9, 0xE3, 0xF7, 0x87, 0xEF, 0x0F,
    0xFC, 0x1F, 0xF0, 0x3F, 0xE0, 0x7F, 0x80, 0xFF, 0x01, 0xC0, 0x3F, 0x87, 0xF0, 0x00, 0x00, 0x0E,
    0x0F, 0xC3, 0xF8, 0x7F, 0x1F, 0xE3, 0xFC, 0xFF, 0xBB, 0xF7, 0x7F, 0xCF, 0xF9, 0xFE, 0x3F, 0xC7,
    0xF0, 0xFC, 0x1C, 0x1E, 0xF0, 0x3D, 0xE0, 0x7B, 0xC0, 0x00, 0x00, 0x00, 0x1E, 0x07, 0xFC, 0x1F,
    0xF8, 0x3F, 0xF0, 0xFF, 0xE1, 0xFF, 0xC3, 0xFF, 0x8E, 0xFF, 0x1D, 0xFE, 0x73, 0xFC, 0xE7, 0xFB,
    0x8F, 0xF7, 0x1F, 0xFC, 0x3F, 0xF8, 0x7F, 0xF0, 0xFF, 0xC1, 0xFF, 0x83, 0xFE, 0x07, 0x80, 0x3D,
    0xE1, 0xEF, 0x0F, 0x78, 0x00, 0x00, 0x00, 0x78, 0x7F, 0xC3, 0xFE, 0x3F, 0xF1, 0xFF, 0x9F, 0xFC,
    0xFF, 0xEE, 0xFF, 0x77, 0xFF, 0x3F, 0xF9, 0xFF, 0x8F, 0xFC, 0x7F, 0xC3, 0xFE, 0x1E, 0x0F, 0x78,
    0x07, 0xBC, 0x03, 0xDE, 0x00, 0x00, 0x00, 0x00, 0x00, 0x3F, 0x80, 0x7F, 0xF0, 0x7F, 0xFC, 0x7C,
    0x1F, 0x3C, 0x07, 0xBE, 0x03, 0xFE, 0x00, 0xFF, 0x00, 0x7F, 0x80, 0x3F, 0xC0, 0x1F, 0xE0, 0x0F,
    0xF0, 0x07, 0xFC, 0x07, 0xDE, 0x03, 0xCF, 0x83, 0xE3, 0xFF, 0xE0, 0xFF, 0xE0, 0x1F, 0xC0, 0x3D,
    0xE1, 0xEF, 0x0F, 0x78, 0x00, 0x00, 0x00, 0x07, 0xC0, 0xFF, 0x8F, 0xFE, 0x78, 0xF7, 0x83, 0xFC,
    0x1F, 0xE0, 0xFF, 0x07, 0xF8, 0x3F, 0xC1, 0xEF, 0x1E, 0x7F, 0xF1, 0xFF, 0x03, 0xE0, 0x07, 0xF0,
    0x0F, 0xFE, 0x0F, 0x07, 0x8F, 0x01, 0xE7, 0x00, 0x77, 0x80, 0x3B, 0x80, 0x0F, 0xFF, 0xFF, 0xFF,
    0xFF, 0xF0, 0x01, 0xF8, 0x00, 0xFC, 0x00, 0x7F, 0x00, 0x7B, 0x80, 0x39, 0xE0, 0x3C, 0x78, 0x3C,
    0x1F, 0xFC, 0x03, 0xF8, 0x00, 0x0F, 0x81, 0xFF, 0x1E, 0x3C, 0xE0, 0xEE, 0x03, 0xF0, 0x1F, 0xFF,
    0xFF, 0xFF, 0xE0, 0x3F, 0x01, 0xDC, 0x1C, 0xF1, 0xE3, 0xFE, 0x07, 0xC0, 0x0F, 0x78, 0x07, 0xBC,
    0x03, 0xDE, 0x00, 0x00, 0x00, 0x00, 0x00, 0x3F, 0x80, 0x7F, 0xF0, 0x7F, 0xFC, 0x7C, 0x1F, 0x3C,
    0x07, 0xBC, 0x01, 0xFE, 0x00, 0xFF, 0xFF, 0xFF, 0xFF, 0xFF, 0xFF, 0xFF, 0xE0, 0x0F, 0xF0, 0x07,
    0xF8, 0x03, 0xDE, 0x03, 0xCF, 0x83, 0xE3, 0xFF, 0xE0, 0xFF, 0xE0, 0x1F, 0xC0, 0x3D, 0xE1, 0xEF,
    0x0F, 0x78, 0x00, 0x00, 0x00, 0x07, 0xC0, 0xFF, 0x8F, 0xFE, 0x78, 0xF7, 0x83, 0xFF, 0xFF, 0xFF,
    0xFF, 0xFF, 0xF8, 0x3F, 0xC1, 0xEF, 0x1E, 0x7F, 0xF1, 0xFF, 0x03, 0xE0, 0x7B, 0xC1, 0xEF, 0x07,
    0xBC, 0x00, 0x00, 0x00, 0x00, 0xFE, 0x0F, 0xFE, 0x3F, 0xFC, 0x40, 0xF8, 0x01, 0xE0, 0x07, 0xC0,
    0x0F, 0x3F, 0xFC, 0xFF, 0xF3, 0xFF, 0xC0, 0x0F, 0x00, 0x3C, 0x01, 0xF0, 0x07, 0xB0, 0x7E, 0xFF,
    0xF3, 0xFF, 0x87, 0xF8, 0x00, 0x7B, 0xC7, 0xBC, 0x7B, 0xC0, 0x00, 0x00, 0x03, 0xF0, 0x7F, 0xC7,
    0xFE, 0x01, 0xE0, 0x1F, 0x1F, 0xF1, 0xFF, 0x1F, 0xF0, 0x0F, 0x01, 0xF8, 0x3E, 0xFF, 0xEF, 0xFC,
    0x7F, 0x00, 0x1F, 0xC0, 0xFE, 0x00, 0x00, 0x00, 0x0E, 0x03, 0xF8, 0x3F, 0xC1, 0xCE, 0x0E, 0x78,
    0xF1, 0xC7, 0x0E, 0x38, 0x7B, 0xC1, 0xDC, 0x0E, 0xE0, 0x7F, 0x01, 0xF0, 0x0F, 0x80, 0x78, 0x01,
    0xC0, 0x0E, 0x07, 0xE0, 0x3E, 0x00, 0x1F, 0xC0, 0xFE, 0x00, 0x00, 0x00, 0x0F, 0x03, 0xF8, 0x3D,
    0xC1, 0xCE, 0x0E, 0x78, 0xE1, 0xC7, 0x0E, 0x38, 0x79, 0x81, 0xDC, 0x0E, 0xE0, 0x3E, 0x01, 0xF0,
    0x0F, 0x80, 0x38, 0x01, 0xC0, 0x0E, 0x03, 0xE0, 0x1E, 0x00, 0x1E, 0xF0, 0x1E, 0xF0, 0x1E, 0xF0,
    0x00, 0x00, 0x00, 0x00, 0xF0, 0x0E, 0xF0, 0x1E, 0x78, 0x1E, 0x78, 0x3C, 0x38, 0x3C, 0x3C, 0x38,
    0x1C, 0x78, 0x1E, 0x70, 0x0E, 0xF0, 0x0E, 0xE0, 0x07, 0xE0, 0x07, 0xE0, 0x03, 0xC0, 0x03, 0xC0,
    0x07, 0x80, 0x7F, 0x80, 0x7F, 0x00, 0x7C, 0x00, 0x1E, 0xF0, 0x3D, 0xE0, 0x7B, 0xC0, 0x00, 0x00,
    0x00, 0x1F, 0x07, 0xDE, 0x0F, 0x3C, 0x1E, 0x3C, 0x38, 0x78, 0xF0, 0x71, 0xE0, 0xF3, 0x81, 0xEF,
    0x01, 0xDE, 0x03, 0xB8, 0x03, 0xF0, 0x07, 0xC0, 0x07, 0x80, 0x0F, 0x00, 0x1C, 0x00, 0x38, 0x00,
    0xE0, 0x1F, 0xC0, 0x3F, 0x00, 0x7C, 0x00, 0x03, 0xDE, 0x03, 0x9C, 0x07, 0x38, 0x0E, 0x70, 0x00,
    0x00, 0x00, 0x00, 0xF0, 0x1E, 0xF0, 0x1E, 0x78, 0x1C, 0x78, 0x3C, 0x38, 0x3C, 0x3C, 0x38, 0x1C,
    0x78, 0x1E, 0x70, 0x0E, 0xF0, 0x0F, 0xE0, 0x0F, 0xE0, 0x07, 0xE0, 0x07, 0xC0, 0x03, 0xC0, 0x07,
    0x80, 0x7F, 0x00, 0x7F, 0x00, 0x7C, 0x00, 0x07, 0xBC, 0x1D, 0xE0, 0xE7, 0x07, 0x38, 0x00, 0x03,
    0xC0, 0xF7, 0x83, 0xDE, 0x0E, 0x78, 0x78, 0xF1, 0xE3, 0xC7, 0x07, 0x3C, 0x1E, 0xF0, 0x7B, 0x80,
    0xEE, 0x03, 0xF8, 0x07, 0xC0, 0x1F, 0x00, 0x78, 0x01, 0xE0, 0x07, 0x80, 0x3C, 0x07, 0xF0, 0x1F,
    0x80, 0x7C, 0x00, 0x3C, 0xF0, 0xF3, 0xC3, 0xCF, 0x00, 0x00, 0x00, 0x03, 0xC0, 0xFF, 0x03, 0xFC,
    0x0F, 0xF0, 0x3F, 0xC0, 0xFF, 0x03, 0xFC, 0x0F, 0xF0, 0x3F, 0xE0, 0xF7, 0xFF, 0xCF, 0xFF, 0x1F,
    0xFC, 0x00, 0xF0, 0x03, 0xC0, 0x0F, 0x00, 0x3C, 0x00, 0xF0, 0x03, 0xC0, 0x79, 0xE3, 0xCF, 0x1E,
    0x78, 0x00, 0x00, 0x00, 0x78, 0x3F, 0xC1, 0xFE, 0x0F, 0xF0, 0x7F, 0x83, 0xFC, 0x1F, 0xF0, 0xFF,
    0xFF, 0xBF, 0xFC, 0xFF, 0xE0, 0x0F, 0x00, 0x78, 0x03, 0xC0, 0x1E, 0xFF, 0xFF, 0xFF, 0xFF, 0xFF,
    0x00, 0xF0, 0x0F, 0x00, 0xF0, 0x0F, 0x00, 0xF0, 0x0F, 0x00, 0xF0, 0x0F, 0x00, 0xF0, 0x0F, 0x00,
    0xF0, 0x0F, 0xF0, 0xFF, 0x0F, 0xF0, 0x0F, 0x00, 0xF0, 0x0F, 0x00, 0xF0, 0x0F, 0x00, 0xFF, 0xFF,
    0xFF, 0xFF, 0xC0, 0xF0, 0x3C, 0x0F, 0x03, 0xC0, 0xF0, 0x3C, 0x0F, 0x03, 0xC0, 0xFE, 0x3F, 0x80,
    0xE0, 0x38, 0x0E, 0x03, 0x80, 0xE0, 0x07, 0xBC, 0x00, 0xF7, 0x80, 0x1E, 0xF0, 0x00, 0x00, 0x00,
    0x00, 0x01, 0xE0, 0x03, 0xFC, 0x00, 0x7F, 0x80, 0x0F, 0xF0, 0x01, 0xFE, 0x00, 0x3F, 0xC0, 0x07,
    0xFF, 0xC0, 0xFF, 0xFE, 0x1F, 0xFF, 0xE3, 0xFC, 0x3E, 0x7F, 0x83, 0xCF, 0xF0, 0x79, 0xFE, 0x0F,
    0x3F, 0xC1, 0xE7, 0xF8, 0x7C, 0xFF, 0xFF, 0x1F, 0xFF, 0xC3, 0xFF, 0xE0, 0x78, 0x0F, 0x78, 0x07,
    0xBC, 0x03, 0xDE, 0x00, 0x00, 0x00, 0x00, 0x07, 0x80, 0x3F, 0xC0, 0x1F, 0xE0, 0x0F, 0xF0, 0x07,
    0xF8, 0x03, 0xFF, 0xE1, 0xFF, 0xFC, 0xFF, 0xFF, 0x7F, 0x87, 0xBF, 0xC3, 0xDF, 0xE1, 0xEF, 0xFF,
    0xF7, 0xFF, 0xF3, 0xFF, 0xE1, 0xE0, 0x3F, 0xF9, 0xFF, 0xCF, 0xFE, 0x78, 0x03, 0xC0, 0x1E, 0x00,
    0xF0, 0x1F, 0xF8, 0xFF, 0xC7, 0xFE, 0x0F, 0x00, 0x78, 0x03, 0xC0, 0x1E, 0x00, 0xF0, 0x07, 0xF0,
    0x3F, 0x81, 0xFC, 0x01, 0xE0, 0x0F, 0x00, 0x78, 0x0F, 0xC0, 0x7C, 0x03, 0xC0, 0x3F, 0xF3, 0xFF,
    0x3F, 0xF3, 0xC0, 0x3C, 0x03, 0xC0, 0xFF, 0x8F, 0xF8, 0xFF, 0x83, 0xC0, 0x3C, 0x03, 0xF0, 0x3F,
    0x03, 0xF0, 0x03, 0x00, 0x30, 0x03, 0x01, 0xF0, 0x1F, 0x01, 0xE0, 0x78, 0x0F, 0x1E, 0x07, 0x83,
    0xC3, 0xE0, 0x78, 0xF0, 0x1E, 0x78, 0x03, 0xDE, 0x00, 0xFF, 0x00, 0x1F, 0x80, 0x03, 0xE0, 0x01,
    0xF8, 0x00, 0x7F, 0x00, 0x3F, 0xC0, 0x1F, 0x78, 0x07, 0x9F, 0x03, 0xC3, 0xC0, 0xF0, 0x7F, 0x78,
    0x1F, 0xFE, 0x03, 0xF0, 0x00, 0x3C, 0x00, 0x0F, 0x00, 0x03, 0xC0, 0x07, 0xF0, 0x01, 0xF8, 0x00,
    0x7C, 0xF8, 0x7C, 0xF0, 0xF0, 0xF3, 0xC1, 0xE7, 0x81, 0xFE, 0x01, 0xF8, 0x03, 0xF0, 0x07, 0xE0,
    0x1F, 0xE0, 0x3F, 0xC0, 0xF3, 0xC1, 0xE7, 0xF7, 0x87, 0xFE, 0x07, 0xC0, 0x03, 0x80, 0x07, 0x00,
    0x0E, 0x00, 0xFC, 0x01, 0xF0, 0x03, 0xE0, 0xF8, 0x1F, 0x78, 0x1E, 0x3C, 0x3C, 0x3E, 0x7C, 0x1E,
    0x78, 0x0F, 0xF0, 0x0F, 0xF0, 0x7F, 0xFE, 0x7F, 0xFE, 0x7F, 0xFE, 0x0F, 0xF0, 0x0F, 0xF0, 0x1E,
    0x78, 0x3E, 0x7C, 0x3C, 0x3C, 0x78, 0x3E, 0x78, 0x1E, 0xF0, 0x0F, 0xF8, 0x7D, 0xE1, 0xE3, 0xCF,
    0x0F, 0x3C, 0x1F, 0xE0, 0x7F, 0x87, 0xFF, 0x9F, 0xFE, 0x7F, 0xF8, 0x7F, 0x83, 0xCF, 0x0F, 0x3C,
    0x78, 0x7B, 0xC0, 0xF0, 0x70, 0x1D, 0xE0, 0x73, 0xC1, 0xC7, 0x0E, 0x0E, 0x38, 0x7C, 0xE3, 0xF7,
    0x1C, 0xF8, 0x71, 0xC1, 0xC7, 0x0E, 0x0E, 0x38, 0x3C, 0xE0, 0x73, 0x80, 0xEE, 0x03, 0xC0, 0x7F,
    0x03, 0xFE, 0x00, 0x70, 0x01, 0xC0, 0x0E, 0x00, 0x70, 0x03, 0x80, 0x1C, 0x00, 0xE0, 0x07, 0x00,
    0x38, 0x01, 0xC0, 0x0E, 0x7F, 0xFF, 0xFF, 0xE0, 0x3C, 0x1F, 0x01, 0xC0, 0xE0, 0x70, 0x38, 0x1C,
    0x0E, 0x07, 0x03, 0x81, 0xC1, 0xE1, 0xF7, 0xDF, 0x8E, 0xFF, 0xFF, 0xFF, 0x00, 0x00, 0x1C, 0x01,
    0xC0, 0x1C, 0x01, 0xC0, 0x1C, 0x01, 0xC0, 0x1C, 0x01, 0xC0, 0x1C, 0x01, 0xC0, 0x1C, 0x01, 0xC0,
    0xFF, 0xCF, 0xFE, 0x00, 0xF0, 0x07, 0x00, 0x70, 0x07, 0x00, 0x7E, 0x07, 0xE0, 0x7E, 0x07, 0xE0,
    0x7E, 0x07, 0xE0, 0x7E, 0x07, 0xE0, 0x70, 0xFF, 0xCE, 0x73, 0x9C, 0xE7, 0x39, 0xCE, 0x73, 0x9C,
    0xE0, 0xFF, 0xFC, 0x71, 0xC7, 0x0E, 0x1C, 0x38, 0x70, 0xE1, 0xC3, 0xC7, 0x87, 0x0E, 0x00, 0xFF,
    0xC7, 0xFF, 0x9C, 0x1E, 0xE0, 0x77, 0x03, 0xB8, 0x1D, 0xC0, 0xEE, 0x07, 0x70, 0x3B, 0x81, 0xDC,
    0x0E, 0xE0, 0x77, 0x03, 0xB8, 0x1D, 0xC0, 0xE0, 0xE3, 0xE7, 0x1F, 0xB8, 0x1D, 0xC0, 0x7E, 0x03,
    0xF0, 0x1F, 0x80, 0xFC, 0x07, 0xE0, 0x3F, 0x01, 0xF8, 0x1E, 0xE0, 0xE7, 0x8F, 0x1F, 0xF0, 0x3E,
    0x00, 0xFF, 0xCE, 0x73, 0x9C, 0xE7, 0xFF, 0x1F, 0xF8, 0x07, 0x00, 0x70, 0x0E, 0x01, 0xC0, 0x38,
    0x07, 0x00, 0xE0, 0x1C, 0x03, 0x80, 0x70, 0x0E, 0x01, 0xC0, 0x38, 0x07, 0x00, 0xE0, 0x1C, 0x03,
    0x80, 0x70, 0x7E, 0x0F, 0xF0, 0x0F, 0x00, 0xE0, 0x0E, 0x01, 0xC0, 0x38, 0x07, 0x00, 0xE0, 0x1C,
    0x03, 0x80, 0xE0, 0x3D, 0xFF, 0x3F, 0x80, 0xE0, 0x1C, 0x03, 0x80, 0x70, 0x0F, 0xFF, 0xFF, 0xC0,
    0x38, 0x0F, 0x01, 0xC0, 0x38, 0x0F, 0x01, 0xC0, 0x38, 0x0F, 0x01, 0xC0, 0x38, 0x07, 0x01, 0xC0,
    0x38, 0x00, 0xFF, 0xE3, 0xFF, 0xE7, 0x03, 0xDC, 0x07, 0x70, 0x1D, 0xC0, 0x77, 0x01, 0xDC, 0x07,
    0x70, 0x1D, 0xC0, 0x77, 0x01, 0xDC, 0x07, 0x70, 0x1D, 0xFF, 0xF7, 0xFF, 0xC0, 0x71, 0xF0, 0xE7,
    0xF1, 0xD8, 0xF1, 0xE0, 0xE3, 0xC0, 0xE7, 0x01, 0xCE, 0x03, 0x9C, 0x07, 0x38, 0x0E, 0x70, 0x1C,
    0xE0, 0x3B, 0x80, 0xE7, 0x03, 0xCE, 0x3F, 0x1C, 0xF8, 0x00, 0xFF, 0xCE, 0x73, 0x9C, 0xE7, 0x39,
    0xCE, 0x73, 0x9C, 0xE7, 0x39, 0xCE, 0x70, 0x78, 0xF8, 0x38, 0x70, 0xE1, 0xC3, 0x87, 0x0E, 0x1C,
    0x38, 0x70, 0xFF, 0xFF, 0x80, 0x7F, 0xE3, 0xFF, 0xC1, 0x83, 0x8E, 0x0F, 0x70, 0x1D, 0xC0, 0x77,
    0x01, 0xDC, 0x07, 0x70, 0x1D, 0xC0, 0x77, 0x03, 0xCE, 0x0E, 0x3C, 0x78, 0x7F, 0xC0, 0xFC, 0x00,
    0x70, 0x3B, 0x81, 0xCE, 0x0E, 0x70, 0x73, 0x83, 0x9C, 0x1C, 0x60, 0xE3, 0x87, 0x1C, 0x38, 0xE3,
    0x87, 0x1C, 0x1B, 0xC1, 0xFC, 0x7F, 0xC3, 0xF0, 0x10, 0x00, 0x1F, 0x83, 0xFF, 0x1C, 0x3D, 0xC0,
    0xEE, 0x03, 0xF0, 0x1F, 0xC0, 0xEF, 0x07, 0x78, 0x38, 0xC1, 0xC0, 0x0E, 0x00, 0x70, 0x03, 0x80,
    0x1C, 0x00, 0xE0, 0x07, 0x00, 0x38, 0x01, 0xC0, 0x0E, 0x00, 0x70, 0x1F, 0x83, 0xFF, 0x1C, 0x3D,
    0xC0, 0xEE, 0x03, 0xF0, 0x1F, 0x80, 0xFF, 0x07, 0x78, 0x39, 0xC1, 0xC0, 0x1E, 0x00, 0xE0, 0x0E,
    0x7F, 0xE3, 0xFC, 0x00, 0xE0, 0xEF, 0x0E, 0x70, 0xE7, 0x0E, 0x78, 0xE3, 0x8E, 0x39, 0xC1, 0xFC,
    0x1F, 0x81, 0xE0, 0x0E, 0x00, 0xE0, 0x0E, 0x00, 0xE0, 0x07, 0x00, 0x70, 0x07, 0x00, 0x70, 0x03,
    0x80, 0x38, 0xF0, 0x77, 0x07, 0x78, 0x73, 0x8F, 0x1C, 0xE1, 0xCE, 0x0F, 0xE0, 0xFC, 0x07, 0x80,
    0x78, 0x03, 0x80, 0x1C, 0x01, 0xEF, 0xFE, 0xFF, 0xE0, 0x7F, 0xFF, 0xFF, 0xF0, 0x03, 0x80, 0x0E,
    0x00, 0x38, 0x01, 0xE7, 0x07, 0x1C, 0x1C, 0x70, 0x71, 0xC3, 0x87, 0x0E, 0x1C, 0x38, 0x71, 0xE1,
    0xC7, 0x07, 0x1C, 0x1C, 0x00, 0x70, 0x01, 0xC0, 0x07, 0x00, 0x1C, 0x00, 0xFF, 0x3F, 0xE0, 0x3C,
    0x07, 0x01, 0xC0, 0x70, 0x1C, 0x07, 0x01, 0xC0, 0x70, 0x1C, 0x07, 0x01, 0xC0, 0x70, 0x1C, 0xE3,
    0x8F, 0xC7, 0x1F, 0x8E, 0x3F, 0x1C, 0x7E, 0x38, 0xFC, 0xE1, 0xFB, 0xC3, 0xFF, 0x07, 0xF8, 0x0F,
    0xC0, 0x1D, 0xC0, 0x73, 0x80, 0xE3, 0x83, 0x83, 0xFE, 0x03, 0xF8, 0x00, 0x7F, 0xF0, 0xFF, 0xF8,
    0x70, 0x78, 0xE0, 0x71, 0xC0, 0xE3, 0x81, 0xC7, 0x03, 0x8E, 0x07, 0x1C, 0x0E, 0x38, 0x1C, 0x70,
    0x38, 0xE0, 0x71, 0xC0, 0xEF, 0x01, 0xFC, 0x03, 0x80, 0x66, 0xEE, 0xFE, 0x39, 0xDE, 0xE7, 0x3B,
    0xC0, 0x00, 0x00, 0x4F, 0x79, 0xC0, 0x1F, 0x8F, 0xFD, 0xFF, 0xF8, 0x2F, 0x01, 0xE0, 0x1E, 0x01,
    0xE0, 0x1E, 0x01, 0xE0, 0x1C, 0x03, 0x80, 0x00, 0x00, 0x01, 0x80, 0x78, 0x0F, 0x00, 0xE0, 0x0F,
    0x0F, 0xC3, 0xF1, 0xC0, 0x70, 0x0C, 0x03, 0x98, 0x7F, 0xFF, 0xDF, 0x87, 0x00, 0xFF, 0xFF, 0xFF,
    0x23, 0xBE, 0xE2, 0x00, 0x67, 0x1C, 0xE7, 0x39, 0xCF, 0x39, 0xCE, 0x73, 0x9C, 0xE7, 0x38, 0x60,
    0x7E, 0x1D, 0xC3, 0xBF, 0xF7, 0xFC, 0xFF, 0x1C, 0x01, 0xC0, 0x38, 0x07, 0x00, 0xE0, 0x1C, 0x03,
    0x80, 0x70, 0x0E, 0x01, 0xC0, 0x18, 0x00, 0xE0, 0x13, 0x9D, 0xDC, 0xCE, 0xE7, 0x77, 0xFF, 0xBF,
    0xF8, 0xF1, 0x07, 0x00, 0x38, 0x01, 0xC0, 0x0E, 0x00, 0x70, 0x03, 0x80, 0x1C, 0x00, 0x60, 0x03,
    0x00, 0x18, 0x00, 0x0C, 0x0F, 0x07, 0xE3, 0xC0, 0xE0, 0x38, 0x0E, 0x03, 0xF0, 0x7C, 0x1F, 0x07,
    0x03, 0x80, 0xE0, 0x38, 0x0F, 0xFB, 0xFF, 0x3F, 0x80, 0x1E, 0x1F, 0xC7, 0xFB, 0x8E, 0xE1, 0xF8,
    0x7C, 0x1F, 0x07, 0xE1, 0xF8, 0xFF, 0xF9, 0xFE, 0x3E, 0x00, 0x73, 0xDF, 0xFB, 0xFF, 0x00, 0xE0,
    0x1C, 0x03, 0x80, 0x70, 0x0E, 0x01, 0xC0, 0x38, 0x07, 0x00, 0x60, 0x0E, 0x01, 0xC0, 0x38, 0x07,
    0x00, 0xE0, 0x60, 0x37, 0x81, 0xDC, 0x1E, 0xE0, 0xE3, 0x87, 0x1C, 0x70, 0xE3, 0x83, 0x9C, 0x1C,
    0xC0, 0xEE, 0x07, 0x70, 0x1F, 0x00, 0xF8, 0x07, 0xC0, 0x1E, 0x00, 0xE0, 0x07, 0x00, 0x07, 0x00,
    0x3C, 0x01, 0xE0, 0x0F, 0x00, 0xF8, 0x07, 0xE0, 0x37, 0x03, 0xB8, 0x1C, 0xE0, 0xE7, 0x0E, 0x38,
    0x71, 0xC3, 0x87, 0x38, 0x39, 0xC1, 0xDE, 0x07, 0x60, 0x38, 0x1E, 0x07, 0xE1, 0xFE, 0x39, 0xCE,
    0x1D, 0xC3, 0x9C, 0x73, 0xFE, 0x3F, 0xC3, 0xF8, 0x07, 0x00, 0xE0, 0x1C, 0x01, 0x80, 0x38, 0x07,
    0x00, 0xE0, 0x00, 0x08, 0x00, 0x78, 0x00, 0x70, 0x00, 0xE7, 0x01, 0xFC, 0x01, 0xF8, 0x03, 0xF0,
    0x07, 0xE0, 0x0F, 0xC0, 0x3B, 0x80, 0x77, 0xC3, 0xE7, 0xFF, 0x87, 0xFE, 0x01, 0xE0, 0x00, 0xFF,
    0xF0, 0x23, 0xBE, 0xE2, 0x00, 0x67, 0x1C, 0xE7, 0x39, 0xCF, 0x39, 0xCE, 0x73, 0x9C, 0xE7, 0x38,
    0x60, 0x7E, 0x1D, 0xC3, 0xBF, 0xF7, 0xFC, 0xFF, 0x1C, 0x01, 0xC0, 0x38, 0x07, 0x00, 0xE0, 0x1C,
    0x03, 0x80, 0x70, 0x0E, 0x01, 0xC0, 0x18, 0x00, 0xE0, 0x13, 0x9D, 0xDC, 0xCE, 0xE7, 0x77, 0xFF,
    0xBF, 0xF8, 0xF1, 0x07, 0x00, 0x38, 0x01, 0xC0, 0x0E, 0x00, 0x70, 0x03, 0x80, 0x1C, 0x00, 0x60,
    0x03, 0x00, 0x18, 0x00, 0x63, 0xDC, 0xF9, 0xDD, 0x3B, 0x87, 0x72, 0xFF, 0xDF, 0xFB, 0x98, 0x38,
    0x07, 0x00, 0xE0, 0x1C, 0x03, 0x80, 0x70, 0x0E, 0x01, 0xC0, 0x38, 0x00, 0x04, 0x03, 0xC0, 0x38,
    0x07, 0x81, 0xF8, 0x7F, 0x0E, 0x73, 0x8E, 0x70, 0xEC, 0x1F, 0x83, 0xF0, 0x3E, 0x67, 0xCD, 0xFF,
    0xFB, 0xFF, 0x3B, 0xC0, 0x1F, 0x0F, 0xC7, 0xF1, 0xC0, 0x70, 0x1C, 0x07, 0x08, 0xFE, 0x3F, 0xC3,
    0xC1, 0xE0, 0xF0, 0x38, 0x1E, 0x0F, 0x03, 0x80, 0xE0, 0x00, 0x60, 0x37, 0x81, 0xDC, 0x1E, 0xE0,
    0xE3, 0x87, 0x1C, 0x70, 0xE3, 0x83, 0x9C, 0x1C, 0xC0, 0xEE, 0x07, 0x70, 0x1F, 0x00, 0xF8, 0x07,
    0xC0, 0x1E, 0x00, 0xE0, 0x07, 0x00, 0x07, 0x00, 0x3C, 0x01, 0xE0, 0x0F, 0x00, 0xF8, 0x07, 0xE0,
    0x37, 0x03, 0xB8, 0x1C, 0xE0, 0xE7, 0x0E, 0x38, 0x71, 0xC3, 0x87, 0x38, 0x39, 0xC1, 0xDE, 0x07,
    0x60, 0x38, 0x1E, 0x07, 0xE1, 0xFE, 0x39, 0xCE, 0x1D, 0xC3, 0x9C, 0x73, 0xFE, 0x3F, 0xC3, 0xF8,
    0x07, 0x00, 0xE0, 0x1C, 0x01, 0x80, 0x38, 0x07, 0x00, 0xE0, 0x03, 0xE0, 0x00, 0xFC, 0x00, 0x3F,
    0x00, 0x1F, 0xC0, 0x07, 0xF8, 0x01, 0xCE, 0x00, 0xF3, 0xC0, 0x3C, 0xF0, 0x0F, 0x3C, 0x07, 0x87,
    0x81, 0xE1, 0xE0, 0x7F, 0xF8, 0x3F, 0xFF, 0x0F, 0xFF, 0xC3, 0xC0, 0xF1, 0xE0, 0x1E, 0x78, 0x07,
    0x9E, 0x01, 0xE0, 0x00, 0x00, 0x00, 0x00, 0x01, 0xE0, 0x00, 0x78, 0x00, 0x1E, 0x00, 0x1F, 0xC3,
    0xFE, 0x3F, 0xF0, 0x0F, 0x00, 0xF1, 0xFF, 0x7F, 0xFF, 0x8F, 0xF0, 0xFF, 0x0F, 0xF1, 0xFF, 0xFF,
    0x7F, 0x73, 0xE7, 0x00, 0x00, 0x00, 0x0F, 0x00, 0xF0, 0x0F, 0x00, 0x07, 0xC0, 0x03, 0xF0, 0x00,
    0x38, 0x00, 0x1C, 0x00, 0x1C, 0x00, 0x0C, 0x00, 0x00, 0x00, 0x07, 0xC0, 0x07, 0xE0, 0x03, 0xF0,
    0x01, 0xFC, 0x01, 0xFE, 0x00, 0xE7, 0x00, 0x73, 0xC0, 0x79, 0xE0, 0x3C, 0x70, 0x3C, 0x3C, 0x1E,
    0x1E, 0x0F, 0xFF, 0x0F, 0xFF, 0xC7, 0xFF, 0xE3, 0xC0, 0xFB, 0xE0, 0x3D, 0xE0, 0x1E, 0xF0, 0x0F,
    0x80, 0x0F, 0x00, 0xF8, 0x03, 0x80, 0x38, 0x07, 0x00, 0x60, 0x00, 0x01, 0xFC, 0x3F, 0xE3, 0xFF,
    0x00, 0xF0, 0x0F, 0x1F, 0xF7, 0xFF, 0xF8, 0xFF, 0x0F, 0xF0, 0xFF, 0x1F, 0xFF, 0xF7, 0xF7, 0x3E,
    0x70, 0x00, 0x03, 0x80, 0x03, 0x80, 0xFB, 0x80, 0xFE, 0x00, 0x63, 0x80, 0x60, 0xC0, 0x00, 0x00,
    0x07, 0xC0, 0x03, 0xE0, 0x03, 0xF8, 0x01, 0xFC, 0x00, 0xEF, 0x00, 0xF7, 0x80, 0x79, 0xC0, 0x3C,
    0xF0, 0x3C, 0x78, 0x1E, 0x3C, 0x0F, 0x0F, 0x0F, 0xFF, 0x87, 0xFF, 0xC3, 0xFF, 0xF3, 0xC0, 0x79,
    0xE0, 0x3C, 0xF0, 0x0F, 0xF0, 0x07, 0x80, 0x00, 0x1C, 0x00, 0x60, 0xF3, 0x07, 0xE0, 0x19, 0xC0,
    0xC3, 0x80, 0x00, 0x07, 0xF0, 0x3F, 0xE0, 0xFF, 0xC0, 0x0F, 0x00, 0x3C, 0x1F, 0xF1, 0xFF, 0xCF,
    0x8F, 0x3C, 0x3C, 0xF0, 0xF3, 0xC7, 0xCF, 0xFF, 0x1F, 0xDC, 0x3E, 0x70, 0x70, 0x00, 0x18, 0x00,
    0x06, 0xF8, 0x00, 0xFE, 0x00, 0x63, 0x80, 0x60, 0xC0, 0x00, 0x00, 0x07, 0xC0, 0x03, 0xE0, 0x03,
    0xF8, 0x01, 0xFC, 0x00, 0xEF, 0x00, 0xF7, 0x80, 0x79, 0xC0, 0x3C, 0xF0, 0x3C, 0x78, 0x1E, 0x3C,
    0x0F, 0x0F, 0x0F, 0xFF, 0x87, 0xFF, 0xC3, 0xFF, 0xF3, 0xC0, 0x79, 0xE0, 0x3C, 0xF0, 0x0F, 0xF0,
    0x07, 0x80, 0xF0, 0x01, 0xC0, 0x03, 0xBC, 0x01, 0xF8, 0x06, 0x70, 0x30, 0x60, 0x00, 0x01, 0xFC,
    0x0F, 0xF8, 0x3F, 0xF0, 0x03, 0xC0, 0x0F, 0x07, 0xFC, 0x7F, 0xF3, 0xE3, 0xCF, 0x0F, 0x3C, 0x3C,
    0xF1, 0xF3, 0xFF, 0xC7, 0xF7, 0x0F, 0x9C, 0x00, 0x0E, 0x00, 0x00, 0xC0, 0x00, 0x30, 0x07, 0x90,
    0x03, 0xF0, 0x01, 0xCE, 0x00, 0xC1, 0xC0, 0x00, 0x00, 0x03, 0xE0, 0x00, 0xFC, 0x00, 0x3F, 0x00,
    0x1F, 0xC0, 0x07, 0xF8, 0x01, 0xCE, 0x00, 0xF3, 0xC0, 0x3C, 0xF0, 0x0E, 0x3C, 0x07, 0x87, 0x81,
    0xE1, 0xE0, 0x7F, 0xF8, 0x3F, 0xFF, 0x0F, 0xFF, 0xC3, 0xC0, 0xF1, 0xE0, 0x1E, 0x78, 0x07, 0xBE,
    0x01, 0xE0, 0x00, 0x38, 0x00, 0x60, 0x01, 0x83, 0xCC, 0x1F, 0x80, 0x67, 0x03, 0x06, 0x00, 0x00,
    0x1F, 0xC0, 0xFF, 0x83, 0xFF, 0x00, 0x3C, 0x00, 0xF0, 0x7F, 0xC7, 0xFF, 0x3E, 0x3C, 0xF0, 0xF3,
    0xC3, 0xCF, 0x1F, 0x3F, 0xFC, 0x7F, 0x70, 0xF9, 0xC0, 0x03, 0xFC, 0x03, 0xFC, 0x00, 0x00, 0x00,
    0x3C, 0x00, 0x1F, 0x00, 0x1D, 0xC0, 0x18, 0x70, 0x00, 0x00, 0x03, 0xE0, 0x01, 0xF0, 0x01, 0xFC,
    0x00, 0xFE, 0x00, 0x77, 0x80, 0x7B, 0xC0, 0x3C, 0xE0, 0x1E, 0x78, 0x1E, 0x3C, 0x0F, 0x1E, 0x07,
    0x87, 0x87, 0xFF, 0xC3, 0xFF, 0xE1, 0xFF, 0xF9, 0xE0, 0x3C, 0xF0, 0x1E, 0x78, 0x07, 0xF8, 0x03,
    0xC0, 0x0E, 0x21, 0xFE, 0x19, 0xC0, 0x00, 0x07, 0x80, 0xFC, 0x18, 0x60, 0x00, 0x00, 0x01, 0xFC,
    0x3F, 0xE3, 0xFF, 0x00, 0xF0, 0x0F, 0x1F, 0xF7, 0xFF, 0xF8, 0xFF, 0x0F, 0xF0, 0xFF, 0x1F, 0xFF,
    0xF7, 0xF7, 0x3C, 0x70, 0x01, 0xE0, 0x00, 0xFC, 0x00, 0x3F, 0x00, 0x1C, 0xE0, 0x0E, 0x1C, 0x00,
    0x00, 0x00, 0x3E, 0x00, 0x0F, 0xC0, 0x03, 0xF0, 0x01, 0xFC, 0x00, 0x7F, 0x80, 0x1C, 0xE0, 0x0F,
    0x3C, 0x03, 0xCF, 0x00, 0xF3, 0xC0, 0x78, 0x78, 0x1E, 0x1E, 0x07, 0xFF, 0x83, 0xFF, 0xF0, 0xFF,
    0xFC, 0x3C, 0x0F, 0x1E, 0x01, 0xE7, 0x80, 0x79, 0xE0, 0x1E, 0x00, 0x00, 0x00, 0x00, 0x00, 0x1E,
    0x00, 0x07, 0x80, 0x01, 0xE0, 0x00, 0x0F, 0x01, 0xF8, 0x3D, 0xC3, 0x0E, 0x00, 0x01, 0xFC, 0x3F,
    0xE3, 0xFF, 0x00, 0xF0, 0x0F, 0x1F, 0xF7, 0xFF, 0xF8, 0xFF, 0x0F, 0xF0, 0xFF, 0x1F, 0xFF, 0xF7,
    0xF7, 0x3E, 0x70, 0x00, 0x00, 0x00, 0xF0, 0x0F, 0x00, 0xF0, 0x00, 0x60, 0x00, 0x70, 0x03, 0x76,
    0x01, 0xC3, 0x00, 0x7F, 0x00, 0x1F, 0x00, 0x00, 0x00, 0x07, 0xC0, 0x03, 0xE0, 0x03, 0xF8, 0x01,
    0xDC, 0x01, 0xEE, 0x00, 0xF7, 0x80, 0x7B, 0xC0, 0x78, 0xE0, 0x3C, 0x78, 0x1E, 0x3C, 0x1E, 0x0E,
    0x0F, 0xFF, 0x87, 0xFF, 0xC7, 0xFF, 0xE3, 0xC0, 0x79, 0xE0, 0x3D, 0xE0, 0x1F, 0xF0, 0x07, 0x80,
    0x03, 0x80, 0x30, 0x02, 0x03, 0x86, 0x1F, 0xC0, 0xF8, 0x00, 0x00, 0x00, 0x1F, 0xC3, 0xFE, 0x3F,
    0xF0, 0x0F, 0x00, 0xF1, 0xFF, 0x7F, 0xFF, 0x8F, 0xF0, 0xFF, 0x0F, 0xF1, 0xFF, 0xFF, 0x7F, 0x73,
    0xE7, 0x03, 0x80, 0x00, 0xC0, 0x03, 0x36, 0x01, 0xC3, 0x00, 0x7F, 0x00, 0x1F, 0x00, 0x00, 0x00,
    0x07, 0xC0, 0x03, 0xE0, 0x03, 0xF8, 0x01, 0xDC, 0x01, 0xEE, 0x00, 0xF7, 0x80, 0x7B, 0xC0, 0x78,
    0xE0, 0x3C, 0x78, 0x1E, 0x3C, 0x1E, 0x0E, 0x0F, 0xFF, 0x87, 0xFF, 0xC7, 0xFF, 0xF3, 0xC0, 0x79,
    0xE0, 0x3D, 0xE0, 0x1F, 0xF0, 0x07, 0x80, 0x0C, 0x00, 0x60, 0x02, 0x03, 0x86, 0x1F, 0xC0, 0xF8,
    0x00, 0x00, 0x00, 0x1F, 0xC3, 0xFE, 0x3F, 0xF0, 0x0F, 0x00, 0xF1, 0xFF, 0x7F, 0xFF, 0x8F, 0xF0,
    0xFF, 0x0F, 0xF1, 0xFF, 0xFF, 0x7F, 0x73, 0xE7, 0x00, 0xC0, 0x00, 0x18, 0x00, 0x06, 0x00, 0x1B,
    0x20, 0x06, 0x18, 0x00, 0xFE, 0x00, 0x1F, 0x00, 0x00, 0x00, 0x01, 0xF0, 0x00, 0xFC, 0x00, 0x3F,
    0x00, 0x0F, 0xE0, 0x07, 0xF8, 0x01, 0xEE, 0x00, 0xF3, 0xC0, 0x3C, 0xF0, 0x0F, 0x1C, 0x07, 0x87,
    0x81, 0xE1, 0xE0, 0x7F, 0xF8, 0x3F, 0xFF, 0x0F, 0xFF, 0xC3, 0xC0, 0xF9, 0xE0, 0x1E, 0x78, 0x07,
    0x9E, 0x01, 0xF0, 0x07, 0x00, 0x30, 0x03, 0x03, 0x26, 0x1F, 0xC0, 0xF8, 0x00, 0x00, 0x00, 0x1F,
    0xC3, 0xFE, 0x3F, 0xF0, 0x0F, 0x00, 0xF1, 0xFF, 0x7F, 0xFF, 0x8F, 0xF0, 0xFF, 0x0F, 0xF1, 0xFF,
    0xFF, 0x7F, 0x73, 0xE7, 0x03, 0xCC, 0x00, 0xFF, 0x00, 0x63, 0x80, 0x00, 0x00, 0x06, 0x0C, 0x00,
    0xC7, 0x00, 0x3F, 0x80, 0x07, 0xC0, 0x00, 0x00, 0x00, 0xF8, 0x00, 0x3F, 0x00, 0x0F, 0xC0, 0x07,
    0xF0, 0x01, 0xFE, 0x00, 0x77, 0x80, 0x3C, 0xE0, 0x0F, 0x3C, 0x03, 0x8F, 0x01, 0xE1, 0xE0, 0x78,
    0x78, 0x3F, 0xFE, 0x0F, 0xFF, 0xC3, 0xFF, 0xF1, 0xF0, 0x3C, 0x78, 0x07, 0x9E, 0x01, 0xEF, 0x80,
    0x78, 0x0E, 0x31, 0xFE, 0x19, 0xE0, 0x00, 0x18, 0x61, 0xFE, 0x07, 0xC0, 0x00, 0x00, 0x01, 0xFC,
    0x3F, 0xE3, 0xFF, 0x00, 0xF0, 0x0F, 0x1F, 0xF7, 0xFF, 0xF8, 0xFF, 0x0F, 0xF0, 0xFF, 0x1F, 0xFF,
    0xF7, 0xF7, 0x3C, 0x70, 0x0C, 0x1C, 0x03, 0x07, 0x00, 0xFF, 0xC0, 0x1F, 0xE0, 0x03, 0xE0, 0x00,
    0x00, 0x00, 0x3E, 0x00, 0x1F, 0x80, 0x07, 0xE0, 0x01, 0xFC, 0x00, 0xFF, 0x00, 0x39, 0xE0, 0x0E,
    0x78, 0x07, 0x9E, 0x01, 0xE3, 0xC0, 0x70, 0xF0, 0x3C, 0x3E, 0x0F, 0xFF, 0x83, 0xFF, 0xE1, 0xFF,
    0xFC, 0x78, 0x0F, 0x1E, 0x03, 0xEF, 0x00, 0x7B, 0xC0, 0x1E, 0x00, 0x00, 0x00, 0x00, 0x00, 0x3C,
    0x00, 0x0F, 0x00, 0x03, 0xC0, 0x00, 0x30, 0x73, 0xFF, 0x1F, 0xE0, 0xFC, 0x00, 0x01, 0xFC, 0x7F,
    0xE3, 0xFF, 0x20, 0xF0, 0x0F, 0x1F, 0xF7, 0xFF, 0xF8, 0xFF, 0x0F, 0xF0, 0xFF, 0x1F, 0xFF, 0xF7,
    0xF7, 0x3E, 0x70, 0x00, 0x00, 0x00, 0xF0, 0x0F, 0x00, 0xF0, 0xFF, 0xFF, 0xFF, 0xFF, 0xF8, 0x0F,
    0x01, 0xE0, 0x3C, 0x07, 0xFE, 0xFF, 0xDF, 0xFB, 0xC0, 0x78, 0x0F, 0x01, 0xE0, 0x3C, 0x07, 0xFF,
    0xFF, 0xFF, 0xFC, 0x00, 0x00, 0x01, 0xE0, 0x3C, 0x07, 0x80, 0x0F, 0xC1, 0xFF, 0x1F, 0xFC, 0xF1,
    0xFF, 0x07, 0xFF, 0xFF, 0xFF, 0xFF, 0xFF, 0xF0, 0x07, 0x80, 0x1E, 0x04, 0xFF, 0xE3, 0xFF, 0x07,
    0xF0, 0x00, 0x00, 0x00, 0x07, 0x80, 0x3C, 0x01, 0xE0, 0x3E, 0x07, 0xE0, 0x1C, 0x03, 0x81, 0xE0,
    0x18, 0x00, 0x07, 0xFF, 0xFF, 0xFF, 0xFF, 0xC0, 0x78, 0x0F, 0x01, 0xE0, 0x3F, 0xF7, 0xFE, 0xFF,
    0xDE, 0x03, 0xC0, 0x78, 0x0F, 0x01, 0xE0, 0x3F, 0xFF, 0xFF, 0xFF, 0xE0, 0x0F, 0x80, 0x7E, 0x00,
    0x70, 0x03, 0x80, 0x78, 0x01, 0x80, 0x00, 0x01, 0xF8, 0x3F, 0xE3, 0xFF, 0x9E, 0x3F, 0xE0, 0xFF,
    0xFF, 0xFF, 0xFF, 0xFF, 0xFE, 0x00, 0xF0, 0x03, 0xC0, 0x9F, 0xFC, 0x7F, 0xE0, 0xFE, 0x00, 0x1C,
    0xC3, 0xFC, 0x27, 0x80, 0x00, 0x00, 0x0F, 0xFF, 0xFF, 0xFE, 0x00, 0xE0, 0x0E, 0x00, 0xE0, 0x0E,
    0x00, 0xE0, 0x0F, 0xFF, 0xFF, 0xFE, 0x00, 0xE0, 0x0E, 0x00, 0xE0, 0x0E, 0x00, 0xE0, 0x0F, 0xFF,
    0xFF, 0xF0, 0x1F, 0xE1, 0xFE, 0x00, 0x00, 0x00, 0x00, 0xF8, 0x1F, 0xF1, 0xE3, 0xCE, 0x0E, 0xE0,
    0x3F, 0x01, 0xFF, 0xFF, 0xFF, 0xFE, 0x00, 0x70, 0x01, 0xC0, 0xEF, 0x0E, 0x3F, 0xE0, 0x7C, 0x00,
    0x00, 0x78, 0x03, 0x8F, 0xB8, 0xEE, 0x0E, 0x38, 0x60, 0xC0, 0x00, 0x1F, 0xFC, 0xFF, 0xE7, 0xFF,
    0x3C, 0x01, 0xE0, 0x0F, 0x00, 0x78, 0x03, 0xFF, 0x1F, 0xF8, 0xFF, 0xC7, 0x80, 0x3C, 0x01, 0xE0,
    0x0F, 0x00, 0x78, 0x03, 0xFF, 0x9F, 0xFC, 0xFF, 0xE0, 0x00, 0x0E, 0x00, 0x38, 0x3E, 0xE0, 0xEE,
    0x01, 0x8E, 0x06, 0x0C, 0x00, 0x00, 0x07, 0xE0, 0x3F, 0xE0, 0xFF, 0xE1, 0xE3, 0xE7, 0x83, 0xCF,
    0xFF, 0x9F, 0xFF, 0x3F, 0xFE, 0x78, 0x00, 0xF0, 0x00, 0xF0, 0x21, 0xFF, 0xC1, 0xFF, 0x80, 0xFE,
    0x00, 0xE0, 0x00, 0xE0, 0x00, 0xEF, 0x80, 0x3B, 0x80, 0xE3, 0x01, 0x83, 0x00, 0x00, 0x07, 0xFF,
    0x0F, 0xFE, 0x1F, 0xFC, 0x3C, 0x00, 0x78, 0x00, 0xF0, 0x01, 0xE0, 0x03, 0xFF, 0x07, 0xFE, 0x0F,
    0xFC, 0x1E, 0x00, 0x3C, 0x00, 0x78, 0x00, 0xF0, 0x01, 0xE0, 0x03, 0xFF, 0x87, 0xFF, 0x0F, 0xFE,
    0xF0, 0x00, 0xE0, 0x00, 0xEF, 0x80, 0x3B, 0x80, 0x63, 0x81, 0x83, 0x00, 0x00, 0x01, 0xF8, 0x0F,
    0xF8, 0x3F, 0xF8, 0x78, 0xF9, 0xE0, 0xF3, 0xFF, 0xE7, 0xFF, 0xCF, 0xFF, 0x9E, 0x00, 0x3C, 0x00,
    0x3C, 0x08, 0x7F, 0xF0, 0x7F, 0xE0, 0x3F, 0x80, 0x00, 0xE0, 0x02, 0x00, 0x23, 0xEC, 0x77, 0x0E,
    0x38, 0x00, 0x00, 0x00, 0xFF, 0xEF, 0xFE, 0xFF, 0xEF, 0x00, 0xF0, 0x0F, 0x00, 0xF0, 0x0F, 0xFC,
    0xFF, 0xCF, 0xFC, 0xF0, 0x0F, 0x00, 0xF0, 0x0F, 0x00, 0xF0, 0x0F, 0xFE, 0xFF, 0xEF, 0xFE, 0x00,
    0x38, 0x00, 0x20, 0x00, 0x83, 0xEC, 0x1D, 0xC0, 0x63, 0x83, 0x06, 0x00, 0x00, 0x0F, 0xC0, 0xFF,
    0x87, 0xFF, 0x1E, 0x3E, 0xF0, 0x7B, 0xFF, 0xEF, 0xFF, 0xBF, 0xFE, 0xF0, 0x03, 0xC0, 0x07, 0x81,
    0x1F, 0xFC, 0x3F, 0xF0, 0x3F, 0x80, 0x3F, 0xCF, 0xF0, 0x00, 0x0F, 0x01, 0xF0, 0x77, 0x18, 0x70,
    0x00, 0xFF, 0xFF, 0xFF, 0xFF, 0xF8, 0x0F, 0x01, 0xE0, 0x3C, 0x07, 0xFE, 0xFF, 0xDF, 0xFB, 0xC0,
    0x78, 0x0F, 0x01, 0xE0, 0x3C, 0x07, 0xFF, 0xFF, 0xFF, 0xFC, 0x0F, 0x30, 0xFF, 0x86, 0x78, 0x00,
    0x00, 0x78, 0x07, 0xF0, 0x71, 0xC0, 0x00, 0x00, 0x00, 0x7E, 0x0F, 0xF8, 0xFF, 0xE7, 0x8F, 0xF8,
    0x3F, 0xFF, 0xFF, 0xFF, 0xFF, 0xFF, 0x80, 0x3C, 0x00, 0xF0, 0x27, 0xFF, 0x1F, 0xF8, 0x3F, 0x80,
    0x1E, 0x03, 0xE0, 0xFE, 0x39, 0xEE, 0x0C, 0x00, 0x3F, 0xFF, 0xFF, 0xFF, 0xFE, 0x03, 0xC0, 0x78,
    0x0F, 0x01, 0xFF, 0xBF, 0xF7, 0xFE, 0xF0, 0x1E, 0x03, 0xC0, 0x78, 0x0F, 0x01, 0xFF, 0xFF, 0xFF,
    0xFF, 0x00, 0x00, 0x00, 0x78, 0x0F, 0x01, 0xE0, 0x0F, 0x80, 0xFE, 0x0F, 0x78, 0xE1, 0xE0, 0x00,
    0x07, 0xE0, 0xFF, 0x8F, 0xFE, 0x78, 0xFF, 0x83, 0xFF, 0xFF, 0xFF, 0xFF, 0xFF, 0xF8, 0x03, 0xC0,
    0x0F, 0x02, 0x7F, 0xF1, 0xFF, 0x83, 0xF8, 0x00, 0x00, 0x00, 0x03, 0xC0, 0x1E, 0x00, 0xF0, 0x7C,
    0x7E, 0x0E, 0x0E, 0x3C, 0x38, 0x00, 0xFF, 0xFF, 0x7E, 0x3C, 0x3C, 0x3C, 0x3C, 0x3C, 0x3C, 0x3C,
    0x3C, 0x3C, 0x3C, 0x3C, 0x3C, 0x7E, 0xFF, 0xFF, 0xFB, 0xF1, 0xC7, 0x38, 0xC0, 0x1E, 0x79, 0xE7,
    0x9E, 0x79, 0xE7, 0x9E, 0x79, 0xE7, 0x9E, 0x78, 0xFF, 0xFF, 0x7E, 0x3C, 0x3C, 0x3C, 0x3C, 0x3C,
    0x3C, 0x3C, 0x3C, 0x3C, 0x3C, 0x3C, 0x3C, 0x7E, 0xFF, 0xFF, 0x00, 0x00, 0x78, 0x78, 0x78, 0xFF,
    0xF0, 0x0F, 0xFF, 0xFF, 0xFF, 0xFF, 0xFF, 0xFF, 0xF0, 0x0F, 0xFF, 0x07, 0xF0, 0x0F, 0xFE, 0x0F,
    0xFF, 0x8F, 0x83, 0xE7, 0x80, 0xF7, 0xC0, 0x7F, 0xC0, 0x1F, 0xE0, 0x0F, 0xF0, 0x07, 0xF8, 0x03,
    0xFC, 0x01, 0xFE, 0x00, 0xFF, 0x80, 0xFB, 0xC0, 0x79, 0xF0, 0x7C, 0x7F, 0xFC, 0x1F, 0xFC, 0x03,
    0xF8, 0x00, 0x00, 0x00, 0x00, 0x00, 0x3C, 0x00, 0x1E, 0x00, 0x0F, 0x00, 0x0F, 0x81, 0xFF, 0x1F,
    0xFC, 0xF1, 0xEF, 0x07, 0xF8, 0x3F, 0xC1, 0xFE, 0x0F, 0xF0, 0x7F, 0x83, 0xDE, 0x3C, 0xFF, 0xE3,
    0xFE, 0x07, 0xC0, 0x00, 0x00, 0x00, 0x07, 0x80, 0x3C, 0x01, 0xE0, 0x03, 0xE0, 0x01, 0xF8, 0x00,
    0x1C, 0x00, 0x0E, 0x00, 0x1E, 0x00, 0x0E, 0x00, 0x00, 0x00, 0x0F, 0xE0, 0x1F, 0xFC, 0x1F, 0xFF,
    0x1F, 0x07, 0xCF, 0x01, 0xEF, 0x80, 0xFF, 0x80, 0x3F, 0xC0, 0x1F, 0xE0, 0x0F, 0xF0, 0x07, 0xF8,
    0x03, 0xFC, 0x01, 0xFF, 0x01, 0xF7, 0x80, 0xF3, 0xE0, 0xF8, 0xFF, 0xF8, 0x3F, 0xF8, 0x07, 0xF0,
    0x00, 0x0F, 0x80, 0x7E, 0x00, 0x70, 0x03, 0x80, 0x78, 0x01, 0x80, 0x00, 0x01, 0xF0, 0x3F, 0xE3,
    0xFF, 0x9E, 0x3D, 0xE0, 0xFF, 0x07, 0xF8, 0x3F, 0xC1, 0xFE, 0x0F, 0xF0, 0x7B, 0xC7, 0x9F, 0xFC,
    0x7F, 0xC0, 0xF8, 0x00, 0x00, 0x07, 0x00, 0x03, 0x00, 0xFB, 0x00, 0xEE, 0x00, 0xE3, 0x00, 0x60,
    0xC0, 0x00, 0x00, 0x0F, 0xE0, 0x1F, 0xFC, 0x1F, 0xFF, 0x1F, 0x07, 0xCF, 0x01, 0xEF, 0x80, 0xFF,
    0x80, 0x3F, 0xC0, 0x1F, 0xE0, 0x0F, 0xF0, 0x07, 0xF8, 0x03, 0xFC, 0x01, 0xFF, 0x01, 0xF7, 0x80,
    0xF3, 0xE0, 0xF8, 0xFF, 0xF8, 0x3F, 0xF8, 0x07, 0xF0, 0x00, 0x00, 0x1C, 0x00, 0x60, 0xFB, 0x03,
    0xE0, 0x19, 0xC0, 0xC1, 0x80, 0x00, 0x03, 0xE0, 0x3F, 0xE1, 0xFF, 0xC7, 0x8F, 0x3C, 0x1E, 0xF0,
    0x7B, 0xC1, 0xEF, 0x07, 0xBC, 0x1E, 0xF0, 0x79, 0xE3, 0xC7, 0xFF, 0x0F, 0xF8, 0x0F, 0x80, 0xE0,
    0x00, 0x38, 0x00, 0x0E, 0xF8, 0x00, 0xEE, 0x00, 0xE3, 0x00, 0x60, 0xC0, 0x00, 0x00, 0x0F, 0xE0,
    0x1F, 0xFC, 0x1F, 0xFF, 0x1F, 0x07, 0xCF, 0x01, 0xEF, 0x80, 0xFF, 0x80, 0x3F, 0xC0, 0x1F, 0xE0,
    0x0F, 0xF0, 0x07, 0xF8, 0x03, 0xFC, 0x01, 0xFF, 0x01, 0xF7, 0x80, 0xF3, 0xE0, 0xF8, 0xFF, 0xF8,
    0x3F, 0xF8, 0x07, 0xF0, 0x00, 0x70, 0x00, 0xE0, 0x00, 0x6F, 0x80, 0x1B, 0x00, 0x63, 0x01, 0x83,
    0x00, 0x00, 0x01, 0xF0, 0x0F, 0xF8, 0x3F, 0xF8, 0x78, 0xF1, 0xE0, 0xF3, 0xC1, 0xE7, 0x83, 0xCF,
    0x07, 0x9E, 0x0F, 0x3C, 0x1E, 0x3C, 0x78, 0x7F, 0xF0, 0x7F, 0xC0, 0x3E, 0x00, 0x00, 0x0E, 0x00,
    0x01, 0x00, 0x01, 0x80, 0x7D, 0x80, 0x76, 0x00, 0x71, 0x80, 0x30, 0x60, 0x00, 0x00, 0x07, 0xF0,
    0x0F, 0xFE, 0x0F, 0xFF, 0x8F, 0x83, 0xE7, 0x80, 0xF7, 0xC0, 0x7F, 0xC0, 0x1F, 0xE0, 0x0F, 0xF0,
    0x07, 0xF8, 0x03, 0xFC, 0x01, 0xFE, 0x00, 0xFF, 0x80, 0xFB, 0xC0, 0x79, 0xF0, 0x7C, 0x7F, 0xFC,
    0x1F, 0xFC, 0x03, 0xF8, 0x00, 0x00, 0x38, 0x00, 0x60, 0x01, 0x83, 0xEC, 0x0D, 0x80, 0x63, 0x03,
    0x06, 0x00, 0x00, 0x0F, 0x80, 0xFF, 0x87, 0xFF, 0x1E, 0x3C, 0xF0, 0x7B, 0xC1, 0xEF, 0x07, 0xBC,
    0x1E, 0xF0, 0x7B, 0xC1, 0xE7, 0x8F, 0x1F, 0xFC, 0x3F, 0xE0, 0x3E, 0x00, 0x03, 0xCC, 0x03, 0xFC,
    0x01, 0x9E, 0x00, 0x00, 0x00, 0x1F, 0x00, 0x1D, 0xC0, 0x18, 0x70, 0x00, 0x00, 0x00, 0x00, 0x03,
    0xF8, 0x07, 0xFF, 0x07, 0xFF, 0xC7, 0xC1, 0xF3, 0xC0, 0x7B, 0xE0, 0x3F, 0xE0, 0x0F, 0xF0, 0x07,
    0xF8, 0x03, 0xFC, 0x01, 0xFE, 0x00, 0xFF, 0x00, 0x7F, 0xC0, 0x7D, 0xE0, 0x3C, 0xF8, 0x3E, 0x3F,
    0xFE, 0x0F, 0xFE, 0x01, 0xFC, 0x00, 0x0E, 0x30, 0xFF, 0x06, 0x70, 0x00, 0x00, 0x78, 0x07, 0xE0,
    0x71, 0x80, 0x00, 0x00, 0x00, 0x7C, 0x0F, 0xF8, 0xFF, 0xE7, 0x8F, 0x78, 0x3F, 0xC1, 0xFE, 0x0F,
    0xF0, 0x7F, 0x83, 0xFC, 0x1E, 0xF1, 0xE7, 0xFF, 0x1F, 0xF0, 0x3E, 0x00, 0x03, 0xC0, 0x03, 0xF0,
    0x01, 0xFC, 0x01, 0xCF, 0x00, 0xC1, 0xC0, 0x00, 0x00, 0x1F, 0xC0, 0x3F, 0xF8, 0x3F, 0xFE, 0x3E,
    0x0F, 0x9E, 0x03, 0xDF, 0x01, 0xFF, 0x00, 0x7F, 0x80, 0x3F, 0xC0, 0x1F, 0xE0, 0x0F, 0xF0, 0x07,
    0xF8, 0x03, 0xFE, 0x03, 0xEF, 0x01, 0xE7, 0xC1, 0xF1, 0xFF, 0xF0, 0x7F, 0xF0, 0x0F, 0xE0, 0x00,
    0x00, 0x00, 0x00, 0x00, 0xF0, 0x00, 0x78, 0x00, 0x3C, 0x00, 0x07, 0x80, 0x7E, 0x07, 0x38, 0x70,
    0xC0, 0x00, 0x07, 0xC0, 0xFF, 0x8F, 0xFE, 0x78, 0xF7, 0x83, 0xFC, 0x1F, 0xE0, 0xFF, 0x07, 0xF8,
    0x3F, 0xC1, 0xEF, 0x1E, 0x7F, 0xF1, 0xFF, 0x03, 0xE0, 0x00, 0x00, 0x00, 0x03, 0xC0, 0x1E, 0x00,
    0xF0, 0x00, 0x78, 0x00, 0x0F, 0x00, 0x00, 0xE0, 0x00, 0x1C, 0x00, 0x03, 0x80, 0x00, 0x00, 0x0F,
    0x07, 0xF0, 0xF1, 0xFF, 0xCE, 0x3F, 0xFF, 0xE7, 0xC1, 0xFC, 0x78, 0x0F, 0x0F, 0x80, 0xF8, 0xF0,
    0x07, 0x8F, 0x00, 0x78, 0xF0, 0x07, 0x8F, 0x00, 0x78, 0xF0, 0x07, 0x8F, 0x00, 0x78, 0xF8, 0x0F,
    0x87, 0x80, 0xF0, 0x7C, 0x1F, 0x03, 0xFF, 0xE0, 0x1F, 0xFC, 0x00, 0x7F, 0x00, 0x01, 0xE0, 0x03,
    0xC0, 0x07, 0x80, 0x06, 0x0F, 0x00, 0x0F, 0x0F, 0x8F, 0x3F, 0xFE, 0x7F, 0xFE, 0x78, 0xF8, 0xF0,
    0x78, 0xF0, 0x78, 0xF0, 0x78, 0xF0, 0x78, 0xF0, 0x78, 0xF0, 0x78, 0x78, 0xF0, 0x7F, 0xF0, 0x3F,
    0xE0, 0x0F, 0x80, 0x0F, 0x80, 0x00, 0x78, 0x00, 0x03, 0xC0, 0x00, 0x1E, 0x00, 0x00, 0x60, 0x00,
    0x00, 0x0F, 0x07, 0xF0, 0xF1, 0xFF, 0xCE, 0x3F, 0xFF, 0xE7, 0xC1, 0xFC, 0x78, 0x0F, 0x0F, 0x80,
    0xF8, 0xF0, 0x07, 0x8F, 0x00, 0x78, 0xF0, 0x07, 0x8F, 0x00, 0x78, 0xF0, 0x07, 0x8F, 0x00, 0x78,
    0xF8, 0x0F, 0x87, 0x80, 0xF0, 0x7C, 0x1F, 0x03, 0xFF, 0xE0, 0x1F, 0xFC, 0x00, 0x7F, 0x00, 0x1E,
    0x00, 0x0E, 0x00, 0x07, 0x00, 0x03, 0x8F, 0x00, 0x0F, 0x0F, 0x8F, 0x3F, 0xFE, 0x7F, 0xFE, 0x78,
    0xF8, 0xF0, 0x78, 0xF0, 0x78, 0xF0, 0x78, 0xF0, 0x78, 0xF0, 0x78, 0xF0, 0x78, 0x78, 0xF0, 0x7F,
    0xF0, 0x3F, 0xE0, 0x0F, 0x80, 0x03, 0xC0, 0x00, 0x3E, 0x00, 0x00, 0xE0, 0x00, 0x0E, 0x00, 0x01,
    0xC0, 0x00, 0x18, 0x00, 0x00, 0x00, 0xF0, 0x7F, 0x0F, 0x1F, 0xFC, 0xE3, 0xFF, 0xFE, 0x7C, 0x1F,
    0xC7, 0x80, 0xF0, 0xF8, 0x0F, 0x8F, 0x00, 0x78, 0xF0, 0x07, 0x8F, 0x00, 0x78, 0xF0, 0x07, 0x8F,
    0x00, 0x78, 0xF0, 0x07, 0x8F, 0x80, 0xF8, 0x78, 0x0F, 0x07, 0xC1, 0xF0, 0x3F, 0xFE, 0x01, 0xFF,
    0xC0, 0x07, 0xF0, 0x00, 0x0F, 0x80, 0x0F, 0xC0, 0x01, 0xC0, 0x01, 0xC0, 0x07, 0x80, 0x07, 0x07,
    0x00, 0x07, 0x0F, 0xCF, 0x3F, 0xEE, 0x7F, 0xFC, 0x78, 0xF8, 0xF0, 0x78, 0xF0, 0x78, 0xF0, 0x78,
    0xF0, 0x78, 0xF0, 0x78, 0xF0, 0x78, 0x78, 0xF0, 0x7F, 0xF0, 0x3F, 0xE0, 0x0F, 0x80, 0x07, 0x0C,
    0x00, 0xFD, 0xC0, 0x0F, 0xF8, 0x00, 0xCF, 0x80, 0x0C, 0x70, 0x00, 0x00, 0x0F, 0x07, 0xF0, 0xF1,
    0xFF, 0xCE, 0x3F, 0xFF, 0xE7, 0xC1, 0xFC, 0x78, 0x0F, 0x0F, 0x80, 0xF8, 0xF0, 0x07, 0x8F, 0x00,
    0x78, 0xF0, 0x07, 0x8F, 0x00, 0x78, 0xF0, 0x07, 0x8F, 0x00, 0x78, 0xF8, 0x0F, 0x87, 0x80, 0xF0,
    0x7C, 0x1F, 0x03, 0xFF, 0xE0, 0x1F, 0xFC, 0x00, 0x7F, 0x00, 0x1E, 0x60, 0x3F, 0xE0, 0x3F, 0xE0,
    0x31, 0xC0, 0x00, 0x0F, 0x0F, 0x8F, 0x3F, 0xFF, 0x7F, 0xFE, 0x78, 0xF8, 0xF0, 0x78, 0xF0, 0x78,
    0xF0, 0x78, 0xF0, 0x78, 0xF0, 0x78, 0xF0, 0x78, 0x78, 0xF0, 0x7F, 0xF0, 0x3F, 0xE0, 0x0F, 0x80,
    0x00, 0x00, 0xF0, 0x7F, 0x0F, 0x1F, 0xFC, 0xE3, 0xFF, 0xFE, 0x7C, 0x1F, 0xC7, 0x80, 0xF0, 0xF8,
    0x0F, 0x8F, 0x00, 0x78, 0xF0, 0x07, 0x8F, 0x00, 0x78, 0xF0, 0x07, 0x8F, 0x00, 0x78, 0xF0, 0x07,
    0x8F, 0x80, 0xF8, 0x78, 0x0F, 0x07, 0xC1, 0xF0, 0x3F, 0xFE, 0x01, 0xFF, 0xC0, 0x07, 0xF0, 0x00,
    0x00, 0x00, 0x00, 0x00, 0x00, 0x1E, 0x00, 0x01, 0xE0, 0x00, 0x1E, 0x00, 0x00, 0x0F, 0x00, 0x0F,
    0x0F, 0x8F, 0x3F, 0xFE, 0x7F, 0xFC, 0x78, 0xF0, 0xF0, 0x78, 0xF0, 0x78, 0xF0, 0x78, 0xF0, 0x78,
    0xF0, 0x78, 0xF0, 0x78, 0x78, 0xF0, 0x7F, 0xF0, 0x3F, 0xE0, 0x0F, 0x80, 0x00, 0x00, 0x00, 0x00,
    0x07, 0x80, 0x07, 0x80, 0x07, 0x80, 0xF0, 0x1F, 0xE0, 0x3F, 0xC0, 0x7F, 0x80, 0xFF, 0x01, 0xFE,
    0x03, 0xFC, 0x07, 0xF8, 0x0F, 0xF0, 0x1F, 0xE0, 0x3F, 0xC0, 0x7F, 0x80, 0xFF, 0x01, 0xFE, 0x03,
    0xDE, 0x0F, 0x3F, 0xFE, 0x3F, 0xF8, 0x1F, 0xC0, 0x00, 0x00, 0x00, 0x00, 0x78, 0x00, 0xF0, 0x01,
    0xE0, 0x00, 0xF0, 0x7F, 0x83, 0xFC, 0x1F, 0xE0, 0xFF, 0x07, 0xF8, 0x3F, 0xC1, 0xFE, 0x0F, 0xF0,
    0x7F, 0x83, 0xFE, 0x3F, 0xFF, 0xF7, 0xFB, 0x9F, 0x1C, 0x00, 0x00, 0x00, 0x0F, 0x00, 0x78, 0x03,
    0xC0, 0x0F, 0x80, 0x1F, 0x80, 0x07, 0x00, 0x0E, 0x00, 0x78, 0x00, 0x60, 0x00, 0x00, 0x78, 0x0F,
    0xF0, 0x1F, 0xE0, 0x3F, 0xC0, 0x7F, 0x80, 0xFF, 0x01, 0xFE, 0x03, 0xFC, 0x07, 0xF8, 0x0F, 0xF0,
    0x1F, 0xE0, 0x3F, 0xC0, 0x7F, 0x80, 0xFF, 0x01, 0xEF, 0x07, 0x9F, 0xFF, 0x1F, 0xFC, 0x0F, 0xE0,
    0x0F, 0x00, 0x7C, 0x00, 0xE0, 0x07, 0x00, 0x70, 0x03, 0x00, 0x00, 0x1E, 0x0F, 0xF0, 0x7F, 0x83,
    0xFC, 0x1F, 0xE0, 0xFF, 0x07, 0xF8, 0x3F, 0xC1, 0xFE, 0x0F, 0xF0, 0x7F, 0xC7, 0xFF, 0xFE, 0xFF,
    0xF3, 0xE7, 0x80, 0x00, 0xF0, 0x00, 0x1E, 0x00, 0x03, 0xC0, 0x00, 0x38, 0x00, 0x07, 0x00, 0x00,
    0x00, 0x0F, 0xF0, 0x1E, 0xFF, 0x01, 0xEF, 0xF0, 0x1F, 0xEF, 0x01, 0xFC, 0xF0, 0x1E, 0x0F, 0x01,
    0xE0, 0xF0, 0x1E, 0x0F, 0x01, 0xE0, 0xF0, 0x1E, 0x0F, 0x01, 0xE0, 0xF0, 0x1E, 0x0F, 0x01, 0xE0,
    0xF0, 0x1E, 0x0F, 0x01, 0xE0, 0x78, 0x3C, 0x07, 0xFF, 0xC0, 0x3F, 0xF8, 0x00, 0xFE, 0x00, 0x01,
    0xE0, 0x00, 0xF0, 0x00, 0x78, 0x00, 0x38, 0x0F, 0x00, 0x03, 0xFC, 0x1E, 0xEF, 0x07, 0xFB, 0xC1,
    0xFC, 0xF0, 0x7C, 0x3C, 0x1E, 0x0F, 0x07, 0x83, 0xC1, 0xE0, 0xF0, 0x78, 0x3C, 0x1E, 0x0F, 0x07,
    0x83, 0xE3, 0xE0, 0xFF, 0xF8, 0x1F, 0xEE, 0x03, 0xE3, 0x80, 0x1E, 0x00, 0x00, 0xF0, 0x00, 0x07,
    0x80, 0x00, 0x38, 0x00, 0x01, 0xC0, 0x00, 0x00, 0x0F, 0xF0, 0x1E, 0xFF, 0x01, 0xEF, 0xF0, 0x1F,
    0xEF, 0x01, 0xFC, 0xF0, 0x1E, 0x0F, 0x01, 0xE0, 0xF0, 0x1E, 0x0F, 0x01, 0xE0, 0xF0, 0x1E, 0x0F,
    0x01, 0xE0, 0xF0, 0x1E, 0x0F, 0x01, 0xE0, 0xF0, 0x1E, 0x0F, 0x01, 0xE0, 0x78, 0x3C, 0x07, 0xFF,
    0xC0, 0x3F, 0xF8, 0x00, 0xFE, 0x00, 0x3E, 0x00, 0x03, 0x80, 0x00, 0x70, 0x00, 0x0E, 0x0F, 0x00,
    0x03, 0xFC, 0x1E, 0xEF, 0x07, 0xFB, 0xC1, 0xFC, 0xF0, 0x7C, 0x3C, 0x1E, 0x0F, 0x07, 0x83, 0xC1,
    0xE0, 0xF0, 0x78, 0x3C, 0x1E, 0x0F, 0x07, 0x83, 0xE3, 0xE0, 0xFF, 0xF8, 0x1F, 0xEE, 0x03, 0xE3,
    0x80, 0x0F, 0x80, 0x00, 0xFC, 0x00, 0x01, 0xC0, 0x00, 0x1C, 0x00, 0x07, 0x80, 0x00, 0x30, 0x00,
    0x00, 0x00, 0xFF, 0x01, 0xEF, 0xF0, 0x1E, 0xFF, 0x01, 0xFE, 0xF0, 0x1F, 0xCF, 0x01, 0xE0, 0xF0,
    0x1E, 0x0F, 0x01, 0xE0, 0xF0, 0x1E, 0x0F, 0x01, 0xE0, 0xF0, 0x1E, 0x0F, 0x01, 0xE0, 0xF0, 0x1E,
    0x0F, 0x01, 0xE0, 0xF0, 0x1E, 0x07, 0x83, 0xC0, 0x7F, 0xFC, 0x03, 0xFF, 0x80, 0x0F, 0xE0, 0x00,
    0x0F, 0x00, 0x03, 0xE0, 0x00, 0x38, 0x00, 0x0E, 0x00, 0x07, 0x00, 0x01, 0x80, 0xF0, 0x00, 0x3F,
    0xC1, 0xEE, 0xF0, 0x7F, 0xBC, 0x1F, 0xCF, 0x07, 0xE3, 0xC1, 0xE0, 0xF0, 0x78, 0x3C, 0x1E, 0x0F,
    0x07, 0x83, 0xC1, 0xE0, 0xF0, 0x78, 0x3E, 0x3E, 0x0F, 0xFF, 0x81, 0xFF, 0xE0, 0x3E, 0x78, 0x00,
    0x0E, 0x18, 0x01, 0xF3, 0x00, 0x1F, 0xF0, 0x01, 0x9F, 0x00, 0x30, 0xE0, 0x00, 0x00, 0x0F, 0xF0,
    0x1E, 0xFF, 0x01, 0xEF, 0xF0, 0x1F, 0xEF, 0x01, 0xFC, 0xF0, 0x1E, 0x0F, 0x01, 0xE0, 0xF0, 0x1E,
    0x0F, 0x01, 0xE0, 0xF0, 0x1E, 0x0F, 0x01, 0xE0, 0xF0, 0x1E, 0x0F, 0x01, 0xE0, 0xF0, 0x1E, 0x0F,
    0x01, 0xE0, 0x78, 0x3C, 0x07, 0xFF, 0xC0, 0x3F, 0xF8, 0x00, 0xFE, 0x00, 0x1E, 0x30, 0x0F, 0xFC,
    0x03, 0xFE, 0x01, 0xCF, 0x00, 0x00, 0x03, 0xFC, 0x1E, 0xEF, 0x07, 0xFB, 0xC1, 0xFC, 0xF0, 0x7E,
    0x3C, 0x1E, 0x0F, 0x07, 0x83, 0xC1, 0xE0, 0xF0, 0x78, 0x3C, 0x1E, 0x0F, 0x07, 0x83, 0xE3, 0xE0,
    0xFF, 0xF8, 0x1F, 0xEE, 0x03, 0xE3, 0x80, 0x00, 0x00, 0xFF, 0x01, 0xEF, 0xF0, 0x1E, 0xFF, 0x01,
    0xFE, 0xF0, 0x1F, 0xCF, 0x01, 0xE0, 0xF0, 0x1E, 0x0F, 0x01, 0xE0, 0xF0, 0x1E, 0x0F, 0x01, 0xE0,
    0xF0, 0x1E, 0x0F, 0x01, 0xE0, 0xF0, 0x1E, 0x0F, 0x01, 0xE0, 0xF0, 0x1E, 0x07, 0x83, 0xC0, 0x7F,
    0xFC, 0x03, 0xFF, 0x80, 0x0F, 0xE0, 0x00, 0x00, 0x00, 0x00, 0x00, 0x00, 0x78, 0x00, 0x07, 0x80,
    0x00, 0x78, 0x00, 0x00, 0x03, 0xC0, 0x00, 0xFF, 0x07, 0xBB, 0xC1, 0xFE, 0xF0, 0x7F, 0x3C, 0x1F,
    0x8F, 0x07, 0x83, 0xC1, 0xE0, 0xF0, 0x78, 0x3C, 0x1E, 0x0F, 0x07, 0x83, 0xC1, 0xE0, 0xF8, 0xF8,
    0x3F, 0xFE, 0x07, 0xFB, 0x80, 0xF8, 0xE0, 0x00, 0x00, 0x00, 0x00, 0x00, 0xF0, 0x00, 0x3C, 0x00,
    0x0F, 0x00, 0x00, 0x07, 0x00, 0x06, 0x00, 0x00, 0x00, 0x00, 0x00, 0x00, 0x1E, 0x03, 0xDC, 0x07,
    0x3C, 0x1E, 0x38, 0x38, 0x78, 0xF0, 0x71, 0xC0, 0xF7, 0x80, 0xEE, 0x00, 0xF8, 0x01, 0xF0, 0x01,
    0xC0, 0x03, 0x80, 0x07, 0x00, 0x0E, 0x00, 0x1C, 0x00, 0x38, 0x00, 0x70, 0x00, 0xE0, 0x00, 0x0E,
    0x00, 0x38, 0x00, 0x00, 0x00, 0x00, 0x00, 0x70, 0x1F, 0xC1, 0xEE, 0x0E, 0x70, 0x73, 0xC7, 0x8E,
    0x38, 0x71, 0xC3, 0x9E, 0x0E, 0xE0, 0x77, 0x03, 0xB0, 0x0F, 0x80, 0x7C, 0x03, 0xC0, 0x0E, 0x00,
    0x70, 0x1F, 0x00, 0xF0, 0x00, 0xF8, 0x1F, 0x78, 0x1E, 0x7C, 0x3E, 0x3C, 0x3C, 0x3C, 0x7C, 0x1E,
    0x78, 0x0E, 0xF0, 0x0F, 0xF0, 0x07, 0xE0, 0x07, 0xE0, 0x03, 0xC0, 0x03, 0xC0, 0x03, 0xC0, 0x03,
    0xC0, 0x03, 0xC0, 0x03, 0xC0, 0x03, 0xC0, 0x03, 0xC0, 0x00, 0x00, 0x00, 0x00, 0x03, 0xC0, 0x03,
    0xC0, 0x03, 0xC0, 0xF0, 0x3B, 0xC1, 0xE7, 0x07, 0x9E, 0x1C, 0x78, 0xF0, 0xE3, 0xC3, 0xCE, 0x0F,
    0x78, 0x1D, 0xE0, 0x77, 0x00, 0xFC, 0x03, 0xE0, 0x0F, 0x80, 0x1E, 0x00, 0x70, 0x03, 0xC0, 0x1F,
    0x7B, 0xF9, 0xEF, 0xC7, 0xBE, 0x00, 0x07, 0xC0, 0x07, 0xE0, 0x00, 0xE0, 0x00, 0xE0, 0x01, 0xC0,
    0x01, 0x80, 0x00, 0x00, 0xF8, 0x1F, 0x78, 0x1E, 0x7C, 0x3C, 0x3C, 0x3C, 0x1E, 0x78, 0x1E, 0x78,
    0x0F, 0xF0, 0x0F, 0xF0, 0x07, 0xE0, 0x07, 0xE0, 0x03, 0xC0, 0x03, 0xC0, 0x03, 0xC0, 0x03, 0xC0,
    0x03, 0xC0, 0x03, 0xC0, 0x03, 0xC0, 0x03, 0xC0, 0x0F, 0x80, 0x3F, 0x00, 0x1C, 0x00, 0x70, 0x07,
    0x80, 0x0C, 0x00, 0x00, 0x3C, 0x0F, 0xF0, 0x3D, 0xC1, 0xE7, 0x87, 0x9E, 0x1C, 0x38, 0xF0, 0xF3,
    0xC1, 0xCE, 0x07, 0x78, 0x1F, 0xE0, 0x3F, 0x00, 0xFC, 0x01, 0xE0, 0x07, 0x80, 0x1E, 0x00, 0xF0,
    0x03, 0xC0, 0xFE, 0x03, 0xF0, 0x0F, 0x80, 0x00, 0x07, 0x30, 0x0F, 0xF0, 0x19, 0xE0, 0x00, 0x00,
    0x00, 0x00, 0xF0, 0x0E, 0x70, 0x1E, 0x78, 0x1C, 0x38, 0x3C, 0x3C, 0x78, 0x1C, 0x70, 0x0E, 0xF0,
    0x0E, 0xE0, 0x07, 0xC0, 0x07, 0xC0, 0x03, 0x80, 0x03, 0x80, 0x03, 0x80, 0x03, 0x80, 0x03, 0x80,
    0x03, 0x80, 0x03, 0x80, 0x03, 0x80, 0x1C, 0x60, 0xF3, 0x0C, 0xF8, 0x63, 0x80, 0x00, 0x70, 0x1F,
    0xC1, 0xEE, 0x0F, 0x70, 0x73, 0xC3, 0x8E, 0x3C, 0x71, 0xC3, 0xCE, 0x0E, 0xE0, 0x77, 0x03, 0xB8,
    0x0F, 0x80, 0x7C, 0x03, 0xE0, 0x0E, 0x00, 0x70, 0x1F, 0x80, 0xF8, 0x00, 0x00, 0x00, 0x00, 0x00,
    0x00, 0x00, 0x00, 0x00, 0x00, 0x00, 0x00, 0x00, 0x00, 0x00, 0x30, 0x6F, 0xE6, 0xB2, 0x08, 0x20,
    0x82, 0x08, 0x20, 0x82, 0x08, 0x20, 0x82, 0x08, 0x20, 0x80, 0x31, 0x8F, 0xD9, 0x34, 0x10, 0x41,
    0x04, 0x10, 0x41, 0x04, 0x10, 0x41, 0x04, 0x10, 0x41, 0x04, 0xFF, 0xFF, 0xF8, 0xFF, 0xFF, 0xF8,
    0xFF, 0xFF, 0xFF, 0xFF, 0xF0, 0xFF, 0xFF, 0xFF, 0xC0, 0xFF, 0xFF, 0xFF, 0xFF, 0xFF, 0xC0, 0xFF,
    0xFF, 0xFF, 0xFF, 0xFF, 0xFF, 0xFF, 0xFF, 0xF8, 0xE3, 0xF1, 0xF8, 0xFC, 0x7E, 0x3F, 0x1F, 0x8F,
    0xC7, 0xE3, 0xF1, 0xF8, 0xFC, 0x7E, 0x3F, 0x1F, 0x8F, 0xC7, 0xE3, 0xF1, 0xF8, 0xFC, 0x7E, 0x3F,
    0x1F, 0x8F, 0xC7, 0xE3, 0x80, 0xFF, 0xC0, 0x00, 0x00, 0x00, 0xFF, 0xC0, 0x69, 0x6F, 0xC0, 0xFD,
    0xA5, 0x80, 0xFD, 0xA5, 0x80, 0xF3, 0x9C, 0xF3, 0x9C, 0x63, 0x42, 0x42, 0xC6, 0xE7, 0xE7, 0xE7,
    0xE7, 0x63, 0x42, 0x42, 0xC6, 0xE7, 0xE7, 0x63, 0x42, 0x42, 0xC6, 0xF3, 0xCE, 0x79, 0xC7, 0x3C,
    0xE3, 0x9C, 0x71, 0xC0, 0x0E, 0x01, 0xC0, 0x38, 0x07, 0x0F, 0xFF, 0xFF, 0xC3, 0x80, 0x70, 0x0E,
    0x01, 0xC0, 0x38, 0x07, 0x00, 0xE0, 0x1C, 0x03, 0x80, 0x70, 0x0E, 0x01, 0xC0, 0x0E, 0x01, 0xC0,
    0x38, 0x07, 0x0F, 0xFF, 0xFF, 0xC3, 0x80, 0x70, 0x0E, 0x01, 0xC0, 0x38, 0x7F, 0xFF, 0xFE, 0x1C,
    0x03, 0x80, 0x70, 0x0E, 0x01, 0xC0, 0x7D, 0xFF, 0xFF, 0xFF, 0xE7, 0x80, 0x80, 0xE0, 0xF0, 0xFC,
    0xFF, 0xFC, 0xF8, 0xE0, 0x80, 0x6F, 0xF6, 0x60, 0x6F, 0x0F, 0xF0, 0xF6, 0x06, 0xE3, 0x8F, 0xC7,
    0x1C, 0x6F, 0xF6, 0x00, 0x00, 0xFE, 0x08, 0x20, 0x82, 0x08, 0x20, 0x82, 0x08, 0x20, 0x82, 0x08,
    0x20, 0x82, 0x08, 0x00, 0xFC, 0x10, 0x41, 0x04, 0x10, 0x41, 0x04, 0x10, 0x41, 0x04, 0x10, 0x41,
    0x04, 0x10, 0x40, 0xFF, 0xFF, 0xFF, 0xFC, 0x82, 0x08, 0x20, 0x82, 0x08, 0x20, 0x82, 0x08, 0x20,
    0x82, 0x08, 0x20, 0xFC, 0x21, 0x0F, 0x90, 0x84, 0x21, 0x08, 0x42, 0x10, 0x84, 0x21, 0x08, 0x42,
    0x00, 0xF8, 0x42, 0x1F, 0x90, 0x84, 0x21, 0x08, 0x42, 0x10, 0x84, 0x21, 0x08, 0x42, 0x00, 0x00,
    0x3C, 0x03, 0x00, 0x07, 0xE0, 0x60, 0x00, 0xE7, 0x06, 0x00, 0x0E, 0x70, 0xC0, 0x00, 0xE7, 0x18,
    0x00, 0x0E, 0x71, 0x80, 0x00, 0xE7, 0x30, 0x00, 0x07, 0xE6, 0x00, 0x00, 0x3C, 0x60, 0x00, 0x00,
    0x0C, 0xF8, 0x3C, 0x00, 0x9F, 0xC7, 0xE0, 0x1B, 0xDE, 0xE7, 0x03, 0x38, 0xEE, 0x70, 0x23, 0x8E,
    0xE7, 0x06, 0x38, 0xEE, 0x70, 0xC3, 0xDE, 0xE7, 0x08, 0x1F, 0xC7, 0xE1, 0x80, 0xF8, 0x3C, 0x3E,
    0x03, 0x80, 0x00, 0x00, 0x7F, 0x03, 0x00, 0x00, 0x00, 0xFF, 0x07, 0x00, 0x00, 0x00, 0xE7, 0x8E,
    0x00, 0x00, 0x00, 0xE3, 0x8E, 0x00, 0x00, 0x00, 0xE3, 0x9C, 0x00, 0x00, 0x00, 0xE3, 0x9C, 0x00,
    0x00, 0x00, 0xE7, 0xB9, 0xE0, 0xF8, 0x3C, 0x7F, 0x3B, 0xF1, 0xFC, 0x7E, 0x7F, 0x77, 0xFB, 0xFC,
    0xFE, 0x3E, 0x77, 0x3B, 0x9E, 0xE7, 0x00, 0xE7, 0x3B, 0x8E, 0xE7, 0x01, 0xC7, 0x3B, 0x8E, 0xE7,
    0x01, 0xC7, 0x3B, 0x8E, 0xE7, 0x03, 0x87, 0x3B, 0x8E, 0xE7, 0x03, 0x83, 0x39, 0x9C, 0x67, 0x07,
    0x03, 0xF1, 0xFC, 0x7E, 0x07, 0x01, 0xE0, 0xF8, 0x3C, 0x77, 0x6E, 0xEE, 0x77, 0x77, 0x66, 0xEE,
    0xEE, 0xEE, 0x1C, 0x73, 0x87, 0x38, 0xE3, 0x8E, 0x71, 0xC7, 0x18, 0x73, 0x8E, 0x38, 0xC7, 0x00,
    0x70, 0xE0, 0xE0, 0xC1, 0xC1, 0x83, 0x80, 0x73, 0x87, 0x1C, 0x38, 0xE1, 0xCE, 0x1C, 0x70, 0xE3,
    0x73, 0x8E, 0x1C, 0x73, 0xC3, 0x8E, 0x70, 0x73, 0x8E, 0x1C, 0x73, 0x83, 0x8C, 0x70, 0x0C, 0x03,
    0x01, 0xE0, 0x78, 0x33, 0x0C, 0xC6, 0x19, 0x86, 0x1E, 0x79, 0xE7, 0x8E, 0x1C, 0x1C, 0x3C, 0x3C,
    0x3C, 0xF0, 0xF0, 0xF0, 0xE0, 0xE1, 0xC7, 0x9E, 0x79, 0xE0, 0x00, 0xC0, 0x0C, 0x3C, 0x39, 0xC7,
    0x8F, 0x1C, 0x63, 0xC1, 0xE0, 0xF0, 0x1E, 0x3C, 0x01, 0xEF, 0x03, 0x1F, 0xC6, 0xF1, 0xF1, 0xFE,
    0x7E, 0x3D, 0x9F, 0xE3, 0x03, 0x9E, 0x00, 0xE1, 0xE0, 0x38, 0x1E, 0x0E, 0x31, 0xE3, 0x8F, 0x1E,
    0x21, 0xE1, 0x80, 0x18, 0x00, 0xF1, 0xFE, 0x3F, 0xC7, 0xF8, 0xFF, 0x1F, 0xE3, 0xFC, 0x7F, 0x8F,
    0xF1, 0xFE, 0x3F, 0xC7, 0xF8, 0xF0, 0x00, 0x00, 0x18, 0x37, 0x8F, 0xF1, 0xEC, 0x18, 0x1F, 0x8F,
    0xFE, 0xFF, 0xF7, 0xCF, 0x1C, 0xF1, 0xCF, 0x1D, 0xE1, 0xFC, 0x1F, 0x81, 0xF0, 0x1E, 0x01, 0xE0,
    0x00, 0x00, 0x00, 0x0C, 0x01, 0xE0, 0x1E, 0x00, 0xC0, 0xFF, 0xFF, 0xFF, 0xFF, 0xFE, 0x40, 0x04,
    0x80, 0x08, 0x80, 0x30, 0xC1, 0x80, 0x7E, 0x00, 0x07, 0xE0, 0x30, 0x60, 0x80, 0x32, 0x00, 0x24,
    0x00, 0x40, 0x01, 0x81, 0x80, 0xC0, 0xC0, 0x60, 0x30, 0x30, 0x18, 0x18, 0x0C, 0x0F, 0x07, 0x86,
    0x63, 0x33, 0x0D, 0x86, 0x00, 0x0E, 0x00, 0x00, 0x00, 0xE0, 0x00, 0x00, 0x06, 0x00, 0x00, 0x08,
    0x61, 0x00, 0x00, 0xFF, 0xF0, 0x00, 0x0F, 0xFF, 0x00, 0x00, 0x1F, 0x80, 0x00, 0x01, 0xF8, 0x00,
    0x00, 0x1F, 0x80, 0x00, 0x03, 0x9C, 0x00, 0x00, 0x39, 0xC0, 0x00, 0x70, 0x00, 0xE0, 0x07, 0x00,
    0x0E, 0x00, 0x60, 0x00, 0xE0, 0x86, 0x10, 0x8E, 0x2F, 0xFF, 0x0F, 0xFE, 0xFF, 0xF0, 0xFF, 0xF3,
    0xFC, 0x03, 0xFC, 0x0F, 0x80, 0x1F, 0x01, 0xF8, 0x03, 0xB8, 0x39, 0xC0, 0x3B, 0xC3, 0x9C, 0x07,
    0x1C, 0x08, 0x80, 0x11, 0x00, 0xFF, 0xFF, 0xF8, 0x00, 0x0C, 0x00, 0x60, 0x03, 0x80, 0x0C, 0x00,
    0x60, 0x03, 0x80, 0x0C, 0x00, 0x60, 0x03, 0x80, 0x0C, 0x00, 0x60, 0x03, 0x80, 0x0C, 0x00, 0x60,
    0x03, 0x80, 0x0C, 0x00, 0x60, 0x03, 0x80, 0x00, 0xFF, 0xFF, 0xF8, 0xE3, 0x8E, 0x38, 0xE3, 0x8F,
    0xFF, 0xFF, 0x8E, 0x38, 0xE3, 0x8E, 0x38, 0xFF, 0xFF, 0xC0, 0xFF, 0xFF, 0xC7, 0x1C, 0x71, 0xC7,
    0x1C, 0x7F, 0xFF, 0xFC, 0x71, 0xC7, 0x1C, 0x71, 0xC7, 0xFF, 0xFF, 0xC0, 0x1F, 0x81, 0xF9, 0xFF,
    0xDF, 0xF9, 0xFF, 0xDF, 0xFB, 0x0F, 0xB0, 0xF0, 0x0F, 0x01, 0xE0, 0x1E, 0x03, 0xC0, 0x78, 0x0F,
    0x01, 0xF0, 0x3E, 0x07, 0xC0, 0xF8, 0x1E, 0x03, 0xC0, 0x38, 0x07, 0x00, 0x70, 0x0E, 0x00, 0x00,
    0x00, 0x00, 0x00, 0x00, 0x03, 0x00, 0x30, 0x0F, 0x00, 0xF0, 0x1E, 0x01, 0xE0, 0x18, 0x01, 0x80,
    0x3F, 0x87, 0xFF, 0xF3, 0xDF, 0xFD, 0xEC, 0x3E, 0xF0, 0x0F, 0x78, 0x07, 0xBC, 0x07, 0x9E, 0x07,
    0xCF, 0x07, 0xC7, 0x87, 0x83, 0xC3, 0x81, 0xE1, 0xC0, 0xF0, 0x00, 0x00, 0x00, 0x00, 0x30, 0x0C,
    0x3C, 0x0F, 0x1E, 0x07, 0x86, 0x01, 0x80, 0xF0, 0xFC, 0x79, 0xFF, 0xBC, 0xFF, 0xFE, 0x30, 0xFF,
    0x00, 0x7F, 0x80, 0x3F, 0xC0, 0x3D, 0xE0, 0x3E, 0xF0, 0x3E, 0x78, 0x3C, 0x3C, 0x1C, 0x1E, 0x0E,
    0x00, 0x00, 0x00, 0x00, 0x01, 0x80, 0xC1, 0xE0, 0xF0, 0xF0, 0x78, 0x30, 0x18, 0x00, 0xFF, 0xFF,
    0xFF, 0xFF, 0xF0, 0x0E, 0x01, 0xE0, 0x1C, 0x03, 0xC0, 0x38, 0x07, 0x00, 0xF0, 0x0E, 0x01, 0xE0,
    0x1C, 0x03, 0xC0, 0xFF, 0xC7, 0xFF, 0xBF, 0xFD, 0x9F, 0xFC, 0xFF, 0xE7, 0xFF, 0x3F, 0xF9, 0xFF,
    0xCF, 0xFE, 0x7F, 0xF3, 0xFD, 0x9F, 0xEC, 0xFE, 0x66, 0x03, 0x30, 0x19, 0x80, 0xCC, 0x06, 0x60,
    0x33, 0x01, 0x98, 0x0C, 0xC0, 0x66, 0x03, 0x30, 0x00, 0x1F, 0xFB, 0xFF, 0xDF, 0xFF, 0xFF, 0x3F,
    0xF9, 0xFF, 0xCF, 0xFE, 0x7F, 0xF3, 0xFF, 0x9F, 0xFC, 0xDF, 0xFE, 0xFF, 0xF1, 0xFF, 0x80, 0xFF,
    0xC7, 0xFF, 0xBF, 0xFD, 0x9F, 0xFC, 0xFF, 0xE7, 0xFF, 0x3F, 0xF9, 0xFF, 0xCF, 0xFE, 0x7F, 0xFF,
    0xFD, 0xFF, 0xEF, 0xFC, 0x00, 0x0E, 0x00, 0xE0, 0x0E, 0x08, 0x60, 0xFF, 0xFF, 0xFF, 0x3F, 0xC1,
    0xF0, 0x3B, 0x83, 0xBC, 0x39, 0xC1, 0x10, 0x67, 0xBC, 0xC0, 0x00, 0x00, 0x00, 0x01, 0xEF, 0x39,
    0xCE, 0x38, 0x07, 0xE0, 0x30, 0x60, 0x80, 0x22, 0x00, 0x24, 0x00, 0x40, 0x00, 0x00, 0x00, 0x00,
    0x00, 0x00, 0x00, 0x00, 0x00, 0x00, 0x00, 0x00, 0x00, 0x00, 0x00, 0x00, 0x00, 0x00, 0x00, 0x00,
    0x00, 0x00, 0x00, 0x00, 0x00, 0x00, 0x00, 0x00, 0x00, 0x08, 0x00, 0x90, 0x01, 0x10, 0x04, 0x18,
    0x30, 0x0F, 0xC0, 0x0E, 0x00, 0xE0, 0x0E, 0x08, 0x62, 0xFF, 0xFF, 0xFF, 0x1F, 0x81, 0xF0, 0x3B,
    0x83, 0x9C, 0x39, 0xC0, 0x00, 0x0E, 0x00, 0xE0, 0x0E, 0x00, 0xE0, 0xE6, 0x7F, 0xFF, 0xFF, 0xF0,
    0xF0, 0x1F, 0x83, 0xB8, 0x79, 0xC3, 0x18, 0x61, 0xFC, 0x6F, 0x39, 0x8E, 0x07, 0x01, 0xC0, 0x60,
    0x38, 0x0E, 0x07, 0x01, 0xC0, 0x60, 0x38, 0x0E, 0x07, 0x19, 0xCF, 0x63, 0xF8, 0x60, 0x1F, 0xF0,
    0x06, 0xFF, 0xFF, 0xFD, 0xFF, 0xFF, 0xF7, 0x00, 0xFF, 0x80, 0x07, 0xE0, 0x30, 0x60, 0x80, 0x32,
    0x00, 0x24, 0x00, 0x40, 0x06, 0x01, 0x33, 0x1D, 0xBC, 0x7F, 0xC1, 0xF8, 0x7F, 0xFF, 0xFF, 0xE3,
    0xF0, 0x3F, 0xE3, 0xB7, 0x89, 0x98, 0x0C, 0x00, 0x00, 0xC0, 0x3C, 0x07, 0x80, 0x60, 0x00, 0x00,
    0x38, 0x07, 0x80, 0xF0, 0x0C, 0x00, 0x00, 0x00, 0x00, 0x00, 0x00, 0x00, 0x30, 0x0F, 0x01, 0xE0,
    0x18, 0x1C, 0xF3, 0x9C, 0x39, 0xCE, 0x78, 0xE7, 0x1C, 0xE3, 0x8E, 0x73, 0x87, 0x39, 0xC6, 0x1C,
    0x63, 0x1C, 0x00, 0x00, 0xC0, 0x00, 0x78, 0x00, 0x1E, 0x00, 0x03, 0x00, 0x00, 0x00, 0x00, 0x00,
    0x0E, 0x00, 0x3B, 0xC0, 0x0F, 0xF0, 0x03, 0xD8, 0x00, 0x60, 0x00, 0x00, 0x00, 0x00, 0x00, 0x00,
    0x00, 0x00, 0x00, 0x0C, 0x00, 0x07, 0x80, 0x01, 0xE0, 0x00, 0x30, 0x00, 0x60, 0x01, 0xBC, 0x00,
    0xFF, 0x00, 0x3F, 0x80, 0x0E, 0x00, 0x00, 0x00, 0x00, 0x00, 0x0C, 0x00, 0x07, 0x80, 0x01, 0xE0,
    0x00, 0x30, 0x00, 0x00, 0x00, 0x00, 0x00, 0x00, 0x00, 0x00, 0x00, 0x0E, 0x00, 0x3B, 0xC0, 0x0F,
    0xF0, 0x03, 0xD8, 0x00, 0x60, 0x6F, 0xF6, 0x00, 0x00, 0x00, 0x00, 0x00, 0x6F, 0xF6, 0x03, 0x00,
    0x1E, 0x00, 0x78, 0x00, 0xC0, 0x00, 0x00, 0x00, 0x00, 0x00, 0x00, 0x00, 0x60, 0x1B, 0xC0, 0xFF,
    0x03, 0xD8, 0x06, 0x00, 0x00, 0x00, 0x00, 0x00, 0x00, 0x00, 0x03, 0x00, 0x1E, 0x00, 0x78, 0x00,
    0xC0, 0x00, 0xE0, 0x03, 0x1C, 0x30, 0xF3, 0x8F, 0x1E, 0x71, 0xE1, 0x8E, 0x18, 0x01, 0xC0, 0x00,
    0x38, 0x00, 0x07, 0x00, 0xFF, 0xFF, 0xFF, 0xFF, 0xFF, 0xFF, 0xFF, 0x80, 0x70, 0x00, 0x0E, 0x00,
    0x31, 0xC3, 0x0F, 0x38, 0xF1, 0xE7, 0x1E, 0x18, 0xE1, 0x80, 0x1C, 0x00, 0x03, 0x80, 0x00, 0x6F,
    0xF6, 0x00, 0x06, 0xFF, 0x60, 0x00, 0x06, 0xFF, 0x60, 0xEF, 0xFE, 0xEF, 0xF6, 0x0E, 0xFF, 0x60,
    0xEF, 0xF6, 0x00, 0x00, 0x00, 0x00, 0x00, 0x00, 0x00, 0x00, 0x00, 0x00, 0xF9, 0x08, 0x4F, 0x90,
    0x84, 0x21, 0x08, 0x42, 0x10, 0x84, 0x21, 0x08, 0x42, 0x00, 0xFC, 0x63, 0x1F, 0x90, 0x84, 0x21,
    0x08, 0x42, 0x10, 0x84, 0x21, 0x08, 0x42, 0x00, 0xFF, 0xDC, 0x42, 0x10, 0x84, 0x21, 0x08, 0x42,
    0x10, 0x84, 0x21, 0x08, 0x40, 0x21, 0x1C, 0xEF, 0xFC, 0x84, 0x21, 0x08, 0x42, 0x10, 0x84, 0x21,
    0x08, 0x42, 0x00, 0x23, 0xB7, 0xB7, 0x10, 0x84, 0x21, 0x08, 0x42, 0x10, 0x84, 0x21, 0x08, 0x42,
    0x00, 0xE1, 0x08, 0x4F, 0x90, 0x84, 0x21, 0x08, 0x42, 0x10, 0x84, 0x21, 0x08, 0x42, 0x00, 0x3C,
    0x7E, 0xE7, 0xCF, 0xCB, 0xD3, 0xF3, 0xE7, 0x7E, 0x3C, 0xF3, 0xFF, 0xFF, 0x0E, 0x0E, 0x1E, 0x36,
    0x76, 0x66, 0xFF, 0xFF, 0x06, 0x06, 0xFD, 0xFB, 0x07, 0xEF, 0xF8, 0xC1, 0xE3, 0xFC, 0xF0, 0x3E,
    0x7F, 0x63, 0xDC, 0xFF, 0xE3, 0xC3, 0xC3, 0x7E, 0x3C, 0xFF, 0xFC, 0x30, 0x61, 0x83, 0x0C, 0x18,
    0x30, 0x60, 0x3C, 0x7E, 0x66, 0x66, 0x3C, 0x7E, 0xC3, 0xC3, 0xFF, 0x7E, 0x3C, 0x7E, 0xC3, 0xC3,
    0xC3, 0xFF, 0x3F, 0xC6, 0xFE, 0x7C, 0x18, 0x30, 0x67, 0xF1, 0x83, 0x06, 0x00, 0xFF, 0xFC, 0xFE,
    0x00, 0x07, 0xF0, 0x36, 0x6C, 0xCC, 0xCC, 0xCC, 0xC6, 0x63, 0xC6, 0x63, 0x33, 0x33, 0x33, 0x36,
    0x6C, 0xCE, 0xFF, 0xE7, 0xE7, 0xE7, 0xE7, 0xE7, 0xE7, 0x3C, 0x7E, 0xE7, 0xCF, 0xDB, 0xF3, 0xE7,
    0x7E, 0x3C, 0x1F, 0xFE, 0x31, 0x8C, 0x63, 0x18, 0x3D, 0xFF, 0x18, 0x30, 0xC6, 0x38, 0x7F, 0xFE,
    0x3C, 0xFF, 0x98, 0xE1, 0xC0, 0xF1, 0xFF, 0x7C, 0x0E, 0x1E, 0x1E, 0x36, 0x66, 0xFF, 0xFF, 0x06,
    0x06, 0xFD, 0xFB, 0xF7, 0xFC, 0x60, 0xF1, 0xFE, 0x78, 0x3E, 0x7F, 0xDC, 0xFF, 0xE3, 0xC3, 0xC3,
    0x7E, 0x3C, 0xFF, 0xFC, 0x30, 0x61, 0x83, 0x0C, 0x18, 0x30, 0x3C, 0x7E, 0x66, 0x7E, 0x7E, 0xC3,
    0xC3, 0xFF, 0x7E, 0x3C, 0xFE, 0xC3, 0xC3, 0xFF, 0x7F, 0xC7, 0xFE, 0x7C, 0x18, 0x30, 0x67, 0xF1,
    0x83, 0x06, 0x00, 0xFE, 0xFE, 0x00, 0x07, 0xF0, 0x36, 0x6C, 0xCC, 0xCC, 0xCC, 0xC6, 0x63, 0xC6,
    0x63, 0x33, 0x33, 0x33, 0x76, 0x6C, 0x7E, 0x43, 0x03, 0x7F, 0xE3, 0xC3, 0xC7, 0x7F, 0x3C, 0x67,
    0xC3, 0xFF, 0xC0, 0xC0, 0x61, 0x3F, 0x3C, 0x66, 0xC3, 0xC3, 0xC3, 0xC3, 0x66, 0x3C, 0x63, 0xBB,
    0x8F, 0x83, 0xC1, 0xE1, 0xF1, 0xCD, 0xC7, 0xFC, 0x86, 0x03, 0xFF, 0xC3, 0xC3, 0x66, 0x3C, 0xE0,
    0xE0, 0xE0, 0xEE, 0xFF, 0xE7, 0xE7, 0xE7, 0xE7, 0xE7, 0xE7, 0xE0, 0x70, 0x38, 0x1C, 0x7E, 0x77,
    0x73, 0xF1, 0xF8, 0xE6, 0x73, 0xB8, 0xE0, 0xFF, 0xFF, 0xFF, 0xFF, 0x80, 0xCE, 0x77, 0xFF, 0xF9,
    0xCF, 0xCE, 0x7E, 0x73, 0xF3, 0x9F, 0x9C, 0xFC, 0xE7, 0xCE, 0xFF, 0xE7, 0xE7, 0xE7, 0xE7, 0xE7,
    0xE7, 0xEE, 0x7F, 0xB8, 0xFC, 0x7E, 0x3F, 0x1F, 0xFD, 0xDC, 0xE0, 0x70, 0x38, 0x1C, 0x00, 0x3F,
    0x60, 0x78, 0x7E, 0x3F, 0x0F, 0x87, 0xFE, 0x31, 0xCF, 0xDC, 0x71, 0xC7, 0x1C, 0x7C, 0xF0, 0x1F,
    0xC1, 0xFE, 0x1F, 0xF0, 0xF0, 0x0F, 0x00, 0x79, 0xFF, 0xCF, 0xFE, 0x7F, 0xF3, 0xC7, 0xDE, 0x1F,
    0xFE, 0x7F, 0xF1, 0xFF, 0x81, 0xE0, 0x0F, 0x00, 0x7F, 0x03, 0xF8, 0x1F, 0xC0, 0x01, 0x98, 0x06,
    0x60, 0x7F, 0x87, 0xFF, 0x3F, 0xF9, 0xF4, 0xE7, 0xB3, 0x3C, 0xC8, 0xF3, 0x63, 0xCD, 0x8F, 0x26,
    0x3D, 0x98, 0xF6, 0x43, 0xFB, 0x07, 0xEC, 0x1F, 0xFE, 0x3F, 0xF8, 0x3F, 0xE0, 0xDC, 0x02, 0x60,
    0x19, 0x80, 0x07, 0xF0, 0xFF, 0xCF, 0xFC, 0xF8, 0x27, 0x80, 0x3C, 0x03, 0xC0, 0x1E, 0x77, 0xF3,
    0xBF, 0x9F, 0xFC, 0xF9, 0xE7, 0x8F, 0xBC, 0x3D, 0xE1, 0xFF, 0x27, 0xFF, 0x1F, 0xF8, 0x7F, 0x80,
    0x3F, 0xF9, 0xFF, 0xCF, 0xFE, 0x78, 0x03, 0xC0, 0x1E, 0x00, 0xF0, 0x07, 0xFE, 0x3F, 0xF1, 0xFF,
    0x8F, 0x00, 0x78, 0x03, 0xC0, 0x7F, 0xC3, 0xFE, 0x07, 0x80, 0x3C, 0x01, 0xE0, 0x00, 0x07, 0xE0,
    0xFF, 0x8F, 0xFC, 0x78, 0x43, 0xC0, 0x1E, 0x03, 0xFF, 0x1F, 0xF8, 0x3C, 0x01, 0xE0, 0x3F, 0xF1,
    0xFF, 0x83, 0xC0, 0x1E, 0x01, 0xE0, 0x1F, 0xFF, 0xFF, 0xFF, 0xFF, 0xC0, 0x00, 0x06, 0x00, 0x00,
    0xC0, 0x00, 0x0C, 0x0E, 0x7D, 0xFC, 0xFF, 0xFF, 0xEF, 0xFF, 0xFF, 0xF9, 0xF9, 0xFF, 0x0F, 0x0F,
    0xF0, 0xF0, 0xFF, 0x0F, 0x0F, 0xF0, 0xF0, 0xFF, 0x0F, 0x0F, 0xF0, 0xF0, 0xFF, 0x1F, 0x0F, 0xF1,
    0xF0, 0xFF, 0x3F, 0x0F, 0xF3, 0xF0, 0xF0, 0x70, 0x00, 0x06, 0x00, 0x00, 0x60, 0x00, 0x78, 0x71,
    0xF1, 0xC7, 0xC7, 0x1F, 0x1C, 0x7C, 0x71, 0xF9, 0xCF, 0xFF, 0xFF, 0xFF, 0x76, 0x71, 0xDD, 0xCF,
    0xFF, 0xFF, 0xFF, 0x73, 0x71, 0xC7, 0xC7, 0x1F, 0x1C, 0x7C, 0x71, 0xF1, 0xC3, 0xC0, 0xFF, 0x00,
    0x1F, 0xF0, 0x03, 0xFF, 0x00, 0x79, 0xF0, 0x0F, 0x1E, 0x71, 0xE3, 0xCE, 0x3C, 0x79, 0xC7, 0x9F,
    0x7F, 0xFF, 0xDF, 0xFF, 0xF3, 0xFF, 0xFC, 0x3C, 0x78, 0x07, 0x8F, 0x00, 0xF1, 0xE0, 0x1E, 0x3C,
    0x03, 0xC7, 0x80, 0x7F, 0xF0, 0x07, 0xFE, 0x00, 0x7C, 0xFF, 0x00, 0x07, 0xFE, 0x00, 0x3F, 0xF0,
    0x01, 0xE7, 0xC0, 0x0F, 0x1E, 0x7E, 0x78, 0xF7, 0xFF, 0xC7, 0xFF, 0xDE, 0x7F, 0xC2, 0xFF, 0xDE,
    0x07, 0xFC, 0xFC, 0x3F, 0xC3, 0xF9, 0xEF, 0x07, 0xEF, 0x38, 0x0F, 0xF9, 0xC0, 0x3F, 0xCF, 0x41,
    0xFE, 0x3B, 0xFF, 0xF1, 0xDF, 0xF7, 0x87, 0xFE, 0x00, 0xE1, 0xE1, 0xF8, 0x78, 0x67, 0x1E, 0x39,
    0xC7, 0x8E, 0x71, 0xE3, 0x9C, 0xFC, 0xE7, 0x3F, 0x39, 0xCC, 0xCE, 0xFF, 0xFF, 0xFF, 0xFF, 0xF3,
    0xB3, 0x70, 0xFC, 0xDC, 0x3F, 0x3F, 0x0F, 0xCF, 0xC1, 0xE1, 0xE0, 0x78, 0x78, 0x1E, 0x1E, 0x07,
    0x87, 0x80, 0xFF, 0xC3, 0xFF, 0xF1, 0xF8, 0x1C, 0xFC, 0x0E, 0x7E, 0x77, 0x3F, 0x3B, 0x9F, 0x9D,
    0xCF, 0xCE, 0xE7, 0xE7, 0x73, 0xF3, 0xB9, 0xF9, 0xDC, 0xFC, 0xEE, 0x7E, 0x77, 0x3F, 0x3B, 0x9F,
    0x9C, 0x0F, 0xCE, 0x07, 0xE7, 0xFF, 0x73, 0xFF, 0x00, 0x00, 0x78, 0x0F, 0xFC, 0x1F, 0xF8, 0x3F,
    0xF0, 0x07, 0x80, 0x0F, 0x07, 0xDE, 0x1F, 0xFC, 0x7F, 0xF9, 0xF1, 0xF3, 0xC1, 0xE7, 0x83, 0xCF,
    0x07, 0x9E, 0x0F, 0x3C, 0x1E, 0x7C, 0x7C, 0x7F, 0xF8, 0xFE, 0xF0, 0x79, 0xE0, 0x00, 0x00, 0x00,
    0x07, 0xFE, 0x00, 0x01, 0xF0, 0x07, 0xFC, 0x0F, 0x1E, 0x1C, 0x0E, 0x1C, 0x07, 0x18, 0x07, 0xFF,
    0xC0, 0xFF, 0xC0, 0x38, 0x00, 0x38, 0x00, 0xFF, 0xC0, 0xFF, 0xC0, 0x18, 0x07, 0x1C, 0x0F, 0x1C,
    0x0E, 0x0F, 0x1E, 0x07, 0xFC, 0x01, 0xF0, 0x78, 0x3D, 0xE1, 0xE7, 0x87, 0x9E, 0x3C, 0x79, 0xE1,
    0xE7, 0x87, 0xBC, 0x1E, 0xE0, 0xFF, 0xFB, 0xFF, 0xEF, 0xFF, 0x9E, 0xF0, 0x79, 0xE1, 0xE7, 0x87,
    0x8F, 0x1E, 0x3E, 0x78, 0x79, 0xE0, 0xF0, 0xFF, 0xFF, 0xFF, 0xFF, 0xFE, 0x0F, 0x00, 0x7A, 0x03,
    0xF8, 0x1F, 0x00, 0xF0, 0x0F, 0x80, 0xFD, 0x0F, 0xF8, 0x0F, 0x80, 0x78, 0x07, 0xC0, 0xFE, 0x06,
    0xF0, 0x07, 0x80, 0x3C, 0x00, 0x3F, 0xC0, 0x00, 0x7F, 0xF0, 0x00, 0x7F, 0xF8, 0x00, 0x40, 0xFC,
    0x00, 0x1E, 0x3C, 0x00, 0x1E, 0x3E, 0x00, 0x1C, 0x1E, 0x00, 0x1C, 0x1E, 0x00, 0x3C, 0x1E, 0x00,
    0x3C, 0x1E, 0x7C, 0x3C, 0x1E, 0xFE, 0x38, 0x3C, 0xFF, 0x38, 0x3D, 0xC7, 0x78, 0x7D, 0xC7, 0x79,
    0xF9, 0xCF, 0x7F, 0xF3, 0xFF, 0x7F, 0xE3, 0xFE, 0x7F, 0x03, 0xBC, 0x00, 0x03, 0x80, 0x00, 0x03,
    0x80, 0x00, 0x07, 0x80, 0x00, 0x07, 0x00, 0x00, 0x07, 0x00, 0x00, 0x07, 0x00, 0x01, 0xF0, 0x0F,
    0xE0, 0x7F, 0xC1, 0xE7, 0x07, 0x9C, 0x1E, 0x70, 0x79, 0xC1, 0xF7, 0x03, 0xF8, 0x0F, 0xE0, 0x1F,
    0x02, 0x3C, 0x18, 0xF0, 0x77, 0xC3, 0xFF, 0x8F, 0xFE, 0x77, 0x3D, 0x88, 0xF0, 0x23, 0xC0, 0x0F,
    0x00, 0x3C, 0x03, 0xF0, 0x0F, 0x80, 0x3C, 0x7F, 0xC1, 0xFF, 0x87, 0xFF, 0x1E, 0x3E, 0xFF, 0xFD,
    0xE1, 0xE7, 0x87, 0xBF, 0xFF, 0xFF, 0xFD, 0xE3, 0xC7, 0xFF, 0x1F, 0xF8, 0x7F, 0x81, 0xE0, 0x07,
    0x80, 0x1E, 0x00, 0x78, 0x01, 0xE0, 0x00, 0x01, 0x80, 0x07, 0xF0, 0x3F, 0xF9, 0xFF, 0xE3, 0xF8,
    0xCF, 0xB0, 0x1E, 0x60, 0x78, 0xC0, 0xF1, 0x81, 0xE3, 0xFF, 0xC7, 0xFF, 0x8F, 0xFF, 0x19, 0xFF,
    0x33, 0xDE, 0x67, 0xBE, 0xCF, 0x3F, 0xFE, 0x3F, 0xFC, 0x1F, 0xE0, 0x0C, 0x00, 0x18, 0x00, 0x03,
    0xC0, 0x07, 0xE0, 0x07, 0xE0, 0x07, 0xE0, 0x0F, 0xF0, 0x0F, 0xF0, 0x0E, 0x70, 0xFF, 0xFF, 0xFF,
    0xFF, 0x1C, 0x38, 0xFF, 0xFF, 0xFF, 0xFF, 0x38, 0x1C, 0x78, 0x1E, 0x78, 0x1E, 0x70, 0x0E, 0xF0,
    0x0F, 0xF0, 0x0F, 0x07, 0xE0, 0x3F, 0xF0, 0xF0, 0xE3, 0xC0, 0xE0, 0x01, 0xC0, 0x03, 0xBF, 0xFF,
    0xFF, 0xFF, 0x00, 0x00, 0x00, 0x03, 0xFF, 0xFF, 0xFF, 0xF7, 0x00, 0x0E, 0x00, 0x1C, 0x07, 0x1C,
    0x3C, 0x3F, 0xF0, 0x1F, 0xC0, 0x01, 0x80, 0x1F, 0xC1, 0xFF, 0xCF, 0xFE, 0x7D, 0xB9, 0xE6, 0x0F,
    0x98, 0x3C, 0x60, 0xF1, 0x83, 0xC6, 0x0F, 0x18, 0x3C, 0x60, 0xF1, 0x83, 0xC6, 0x07, 0x98, 0x1F,
    0x66, 0x3F, 0xF8, 0x7F, 0xE0, 0xFF, 0x00, 0x60, 0x01, 0x80, 0x1C, 0x30, 0x0E, 0x18, 0x0F, 0xFF,
    0xFF, 0xFF, 0xFF, 0xFF, 0xF9, 0xE7, 0x80, 0xF3, 0xC0, 0x79, 0xE0, 0x3C, 0xF0, 0x1E, 0x78, 0x0F,
    0x3C, 0x07, 0x9E, 0x03, 0xCF, 0x01, 0xE7, 0xFC, 0xF1, 0xFE, 0x78, 0x7F, 0x00, 0x7E, 0x00, 0xFF,
    0xC0, 0x7F, 0xC0, 0x7C, 0x60, 0x3C, 0x00, 0x1E, 0x00, 0x0F, 0x80, 0x03, 0xF0, 0x00, 0xFE, 0x00,
    0x3F, 0x80, 0x07, 0xC0, 0x00, 0xF7, 0x77, 0x3E, 0xCC, 0xDD, 0xE6, 0x6E, 0xFB, 0x3E, 0x1F, 0xFE,
    0x0F, 0xFE, 0x06, 0x66, 0x03, 0x33, 0x00, 0xFF, 0xFF, 0xFF, 0xFF, 0xFE, 0x00, 0x00, 0x00, 0x7F,
    0xFF, 0xFF, 0xFF, 0xFF, 0x07, 0x80, 0x3C, 0x01, 0xE0, 0x0F, 0x00, 0x78, 0x03, 0xC0, 0x1E, 0x00,
    0xF0, 0x07, 0x80, 0x3C, 0x00, 0xFF, 0xFF, 0xFF, 0xFF, 0xFE, 0x00, 0x3C, 0x00, 0x73, 0xFF, 0xFF,
    0xFF, 0xC0, 0x1C, 0x01, 0xF3, 0xFF, 0x8F, 0xFC, 0x3F, 0x00, 0x78, 0x00, 0xF0, 0x01, 0xE0, 0x03,
    0xC0, 0x07, 0xC0, 0x0F, 0x80, 0x3C, 0x00, 0xF0, 0x03, 0xCC, 0x0F, 0xF0, 0x7F, 0x03, 0xF0, 0x0F,
    0xDC, 0x0F, 0xF0, 0x7E, 0x03, 0xF0, 0xFB, 0xC3, 0xCF, 0x0F, 0x3C, 0x78, 0xF1, 0xE3, 0xCF, 0x0F,
    0xFC, 0x3F, 0xC0, 0xFC, 0x00, 0x78, 0x00, 0x0C, 0x40, 0x00, 0xC6, 0x00, 0x0C, 0x60, 0x00, 0xFF,
    0xFF, 0x87, 0xFF, 0xFE, 0x3F, 0xFF, 0xF0, 0x60, 0x07, 0x06, 0x00, 0x30, 0x66, 0x63, 0x07, 0xFF,
    0x30, 0x79, 0xBE, 0x07, 0x00, 0x00, 0xF0, 0x00, 0x0B, 0x81, 0x00, 0x1F, 0xF0, 0x00, 0xFF, 0x00,
    0x03, 0xF0, 0x00, 0xF0, 0x00, 0x0F, 0x00, 0x00, 0xF0, 0x00, 0x0F, 0x00, 0x00, 0xF0, 0x00, 0xFF,
    0xF0, 0x3F, 0xFF, 0xC3, 0xFF, 0xFE, 0x78, 0xF1, 0xE7, 0x8F, 0x1F, 0xF0, 0xF0, 0xFF, 0x0F, 0x0F,
    0xF0, 0xF0, 0xFF, 0x00, 0x0F, 0xF0, 0x00, 0xFF, 0x00, 0x0F, 0xF0, 0x00, 0xFF, 0x00, 0x0F, 0x1F,
    0xF8, 0x1F, 0xFC, 0x1C, 0x0E, 0x1C, 0x07, 0x1C, 0x07, 0x1C, 0x07, 0x1C, 0x07, 0x1C, 0x07, 0x1C,
    0x0E, 0x1F, 0xFC, 0x1F, 0xF8, 0x1C, 0x00, 0x1C, 0x00, 0xFF, 0xC0, 0xFF, 0xC0, 0x1C, 0x00, 0x1C,
    0x00, 0x1C, 0x00, 0x03, 0x60, 0x03, 0xF8, 0x07, 0xFF, 0x07, 0xFF, 0xC7, 0xF7, 0xF3, 0xDB, 0x7B,
    0xCD, 0xBD, 0xE6, 0xCF, 0xF3, 0x67, 0xF9, 0xB3, 0xFC, 0x00, 0x1E, 0x00, 0x07, 0x00, 0x03, 0xC0,
    0x00, 0xF0, 0x00, 0x3C, 0x00, 0x7F, 0xFF, 0x3F, 0xFF, 0x9F, 0xFF, 0xC0, 0x33, 0x06, 0x63, 0xFC,
    0x7F, 0xEF, 0xFF, 0xE7, 0xFC, 0x7F, 0x8F, 0xF3, 0xFF, 0xFB, 0xFE, 0x7F, 0xEF, 0x3F, 0xE3, 0xFC,
    0x7F, 0x8F, 0xF3, 0xFF, 0xFB, 0xFF, 0x7F, 0x83, 0x30, 0x66, 0x0C, 0xC0, 0x0F, 0xC7, 0xFD, 0xFF,
    0xBC, 0x0F, 0x01, 0xE0, 0x3C, 0x07, 0x80, 0xF0, 0x1E, 0x01, 0xE0, 0xBF, 0xF3, 0xFE, 0x1F, 0x80,
    0x00, 0x00, 0xFF, 0xFF, 0xFF, 0xFF, 0x80, 0x01, 0xE0, 0x00, 0xF0, 0x00, 0x78, 0x00, 0x3C, 0x00,
    0x1E, 0x00, 0x0F, 0x00, 0x07, 0xFF, 0xFF, 0xFF, 0xFF, 0x7F, 0xFF, 0xCF, 0x00, 0x01, 0xE0, 0x00,
    0x3C, 0x00, 0x07, 0x80, 0x00, 0xF0, 0x00, 0x1E, 0x00, 0x01, 0x00, 0x07, 0x00, 0x1F, 0x00, 0x7F,
    0x01, 0xFF, 0x07, 0xFF, 0x1E, 0xEF, 0x79, 0xCF, 0xE3, 0x8F, 0x87, 0x0E, 0x0E, 0x08, 0x1C, 0x00,
    0x38, 0x00, 0x70, 0x00, 0xE0, 0x01, 0xC0, 0x03, 0x80, 0x07, 0x00, 0x01, 0xE0, 0x00, 0x3C, 0x00,
    0x07, 0x80, 0x00, 0xF0, 0x00, 0x1E, 0x00, 0x03, 0xCF, 0xFF, 0xFB, 0xFF, 0xFF, 0xFF, 0xFF, 0x80,
    0x03, 0xC0, 0x01, 0xE0, 0x00, 0xF0, 0x00, 0x78, 0x00, 0x3C, 0x00, 0x1E, 0x00, 0x03, 0x80, 0x07,
    0x00, 0x0E, 0x00, 0x1C, 0x00, 0x38, 0x00, 0x70, 0x00, 0xE0, 0x41, 0xC1, 0xC3, 0x87, 0xC7, 0x1F,
    0xCE, 0x7B, 0xDD, 0xE3, 0xFF, 0x83, 0xFE, 0x03, 0xF8, 0x03, 0xE0, 0x03, 0x80, 0x02, 0x00, 0x01,
    0xE3, 0xC0, 0x01, 0xE0, 0xF0, 0x01, 0xE0, 0x3C, 0x01, 0xE0, 0x0F, 0x01, 0xE0, 0x03, 0xC1, 0xE0,
    0x00, 0xF1, 0xFF, 0xFF, 0xFD, 0xFF, 0xFF, 0xFF, 0x7F, 0xFF, 0xFF, 0x1E, 0x00, 0x0F, 0x07, 0x80,
    0x0F, 0x01, 0xE0, 0x0F, 0x00, 0x78, 0x0F, 0x00, 0x1E, 0x0F, 0x00, 0x07, 0x8F, 0x00, 0x01, 0x00,
    0x07, 0x00, 0x1F, 0x00, 0x7F, 0x01, 0xFF, 0x07, 0xFF, 0x1E, 0xEF, 0x79, 0xCF, 0xE3, 0x8F, 0x87,
    0x0E, 0x0E, 0x08, 0x1C, 0x00, 0x38, 0x00, 0x70, 0x20, 0xE0, 0xE1, 0xC3, 0xE3, 0x8F, 0xE7, 0x3D,
    0xEE, 0xF1, 0xFF, 0xC1, 0xFF, 0x01, 0xFC, 0x01, 0xF0, 0x01, 0xC0, 0x01, 0x00, 0xFF, 0xE7, 0xFF,
    0xBC, 0x01, 0xF0, 0x0D, 0xC0, 0x67, 0x03, 0x3C, 0x18, 0xF8, 0xC3, 0xE6, 0x0F, 0xB0, 0x3E, 0x80,
    0xF0, 0x03, 0x00, 0x3F, 0xFB, 0xFF, 0xC0, 0x1E, 0x01, 0xF0, 0x1D, 0x81, 0xCC, 0x1C, 0x63, 0xE3,
    0x3E, 0x1B, 0xE0, 0xFE, 0x07, 0xE0, 0x26, 0x00, 0x00, 0x60, 0x07, 0x80, 0xBE, 0x06, 0xF8, 0x33,
    0xC1, 0x8F, 0x0C, 0x3C, 0x60, 0xF3, 0x01, 0xD8, 0x07, 0xC0, 0x1E, 0xFF, 0xF3, 0xFF, 0x80, 0x00,
    0x32, 0x03, 0xF0, 0x3F, 0x83, 0xEC, 0x1E, 0x61, 0xE3, 0x1E, 0x19, 0xE0, 0xDE, 0x07, 0xC0, 0x3C,
    0x01, 0xFF, 0xEF, 0xFE, 0x00, 0x00, 0x04, 0xF0, 0x77, 0xCF, 0xD9, 0x9F, 0xE6, 0x3C, 0x19, 0xD0,
    0x3E, 0x00, 0x70, 0x7F, 0xE1, 0xFF, 0xC0, 0x03, 0x80, 0x07, 0x00, 0x0C, 0x00, 0x30, 0xE0, 0xC7,
    0x07, 0x38, 0x39, 0xFF, 0xC7, 0xFE, 0x0E, 0x00, 0x1C, 0x00, 0x38, 0x00, 0x1F, 0xF8, 0xFF, 0xE7,
    0x00, 0x38, 0x00, 0xC0, 0x03, 0x00, 0x0C, 0x1C, 0x38, 0x38, 0x70, 0x70, 0xFF, 0xE1, 0xFF, 0x80,
    0x1C, 0x00, 0xE0, 0x07, 0x00, 0x08, 0x00, 0x60, 0x07, 0x80, 0x3F, 0xFF, 0xFF, 0xFD, 0xE0, 0x71,
    0x81, 0xC2, 0x07, 0x00, 0x1C, 0x00, 0x70, 0x01, 0xC0, 0x07, 0x00, 0x1C, 0x00, 0x70, 0x01, 0xC0,
    0x00, 0x40, 0x01, 0x80, 0x07, 0xBF, 0xFF, 0xFF, 0xFF, 0x81, 0xEE, 0x06, 0x38, 0x10, 0xE0, 0x03,
    0x80, 0x0E, 0x00, 0x38, 0x00, 0xE0, 0x03, 0x80, 0x0E, 0x00, 0x00, 0xE0, 0x03, 0x80, 0x0E, 0x00,
    0x38, 0x00, 0xE0, 0x03, 0x80, 0x0E, 0x00, 0x38, 0x10, 0xE0, 0x63, 0x81, 0xEF, 0xFF, 0xFF, 0xFF,
    0x00, 0x78, 0x01, 0x80, 0x04, 0x00, 0xFF, 0xE3, 0xFF, 0x80, 0x06, 0x00, 0x18, 0x00, 0x60, 0x01,
    0x80, 0x06, 0x00, 0x18, 0x00, 0x60, 0x01, 0x80, 0x06, 0x00, 0x18, 0x03, 0xFC, 0x07, 0xE0, 0x0F,
    0x00, 0x18, 0x00, 0x60, 0x00, 0x1C, 0x00, 0x70, 0x01, 0xC0, 0x07, 0x00, 0x1C, 0x00, 0x70, 0x01,
    0xC2, 0x07, 0x18, 0x1D, 0xE0, 0x7F, 0xFF, 0xFF, 0xFF, 0x78, 0x00, 0x60, 0x00, 0x80, 0x00, 0xC0,
    0x03, 0x04, 0x0C, 0x30, 0x31, 0xC0, 0xDF, 0xFF, 0x7F, 0xFC, 0x70, 0x30, 0xC0, 0xC1, 0x03, 0x00,
    0x00, 0x00, 0x0C, 0x08, 0x30, 0x30, 0xC0, 0xE3, 0xFF, 0xEF, 0xFF, 0xB0, 0x38, 0xC0, 0xC3, 0x02,
    0x0C, 0x00, 0x30, 0x00, 0x40, 0x00, 0x1C, 0x00, 0x07, 0xC0, 0x01, 0xDC, 0x00, 0x7B, 0xC0, 0x1E,
    0x3C, 0x07, 0x83, 0xC1, 0xE0, 0x3C, 0x7E, 0x0F, 0xDF, 0xC1, 0xFC, 0x18, 0x30, 0x03, 0x06, 0x00,
    0x60, 0xC0, 0x0C, 0x18, 0x01, 0x83, 0x00, 0x30, 0x60, 0x07, 0xFC, 0x00, 0xFF, 0x80, 0x3C, 0x03,
    0xF0, 0x1F, 0x80, 0x3C, 0x00, 0xE0, 0x06, 0x1F, 0x63, 0xFF, 0x70, 0xFF, 0x07, 0xE0, 0x7E, 0x07,
    0xE0, 0x7E, 0x07, 0xF0, 0x67, 0x0E, 0x3F, 0xC1, 0xF0, 0x03, 0x80, 0x0F, 0x80, 0x1F, 0x00, 0x37,
    0x00, 0xEE, 0x01, 0x8C, 0x07, 0x1C, 0x0E, 0x38, 0x18, 0x30, 0x70, 0x70, 0xC0, 0x63, 0x80, 0xE7,
    0x01, 0xCC, 0x01, 0xB8, 0x03, 0xFF, 0xFF, 0xFF, 0xFE, 0xFF, 0xFF, 0xFF, 0xFF, 0x1C, 0x38, 0x1C,
    0x38, 0x1C, 0x38, 0x1C, 0x38, 0x1C, 0x38, 0x1C, 0x38, 0x1C, 0x38, 0x1C, 0x38, 0x1C, 0x38, 0x1C,
    0x38, 0x1C, 0x38, 0x1C, 0x38, 0x1C, 0x38, 0x1C, 0x38, 0x1C, 0x38, 0x1C, 0x38, 0x1C, 0x38, 0x1C,
    0x38, 0x1C, 0x38, 0xFF, 0xFF, 0xFF, 0xFF, 0xFF, 0x00, 0x70, 0x03, 0x80, 0x3C, 0x01, 0xC0, 0x0E,
    0x00, 0xE0, 0x1C, 0x03, 0xC0, 0x38, 0x07, 0x00, 0xF0, 0x0F, 0xFF, 0xFF, 0xFF, 0xFF, 0xFF, 0xFF,
    0xFC, 0x00, 0x7F, 0x00, 0xFF, 0x00, 0xE0, 0x00, 0xE0, 0x00, 0xE0, 0x00, 0xE0, 0x01, 0xC0, 0x01,
    0xC0, 0xE1, 0xC0, 0xE1, 0xC0, 0xE1, 0x80, 0x73, 0x80, 0x73, 0x80, 0x73, 0x80, 0x73, 0x80, 0x3B,
    0x00, 0x3F, 0x00, 0x3F, 0x00, 0x3F, 0x00, 0x1F, 0x00, 0x1E, 0x00, 0x3E, 0x0F, 0x8F, 0xF7, 0xFB,
    0xC7, 0xC7, 0xF0, 0x70, 0x7E, 0x0E, 0x0F, 0xC1, 0xC1, 0xFC, 0x7C, 0x7B, 0xFD, 0xFE, 0x3E, 0x0F,
    0x80, 0x03, 0xC1, 0xF0, 0x70, 0x1C, 0x07, 0x03, 0x80, 0xE0, 0x38, 0x0E, 0x03, 0x80, 0xE0, 0x38,
    0x0E, 0x07, 0x01, 0xC0, 0x70, 0x1C, 0x07, 0x0F, 0x83, 0xC0, 0x7C, 0x6F, 0xCF, 0x3F, 0x61, 0xC0,
    0x00, 0x20, 0x1F, 0x1F, 0xF3, 0xCF, 0xD8, 0x70, 0x01, 0x80, 0x38, 0x03, 0x8F, 0xFF, 0xFF, 0xF0,
    0x70, 0x06, 0x00, 0xE0, 0xFF, 0xFF, 0xFF, 0x1C, 0x01, 0xC0, 0x18, 0x00, 0x00, 0x10, 0x0F, 0x07,
    0xF3, 0xFC, 0xFE, 0x0E, 0x00, 0xF8, 0x0F, 0xF8, 0x1F, 0xF0, 0x3F, 0x00, 0x30, 0x00, 0xFF, 0xFF,
    0xFF, 0x80, 0x0F, 0x00, 0xFE, 0x03, 0xFC, 0x07, 0xF0, 0x07, 0x01, 0xF1, 0xFF, 0xFF, 0x8F, 0x80,
    0xC0, 0x00, 0x00, 0xFF, 0xFF, 0xFF, 0x0F, 0xC3, 0xF1, 0xFC, 0x7F, 0x3F, 0xCF, 0xF3, 0xC0, 0xF0,
    0x3C, 0x0F, 0x07, 0xF9, 0xFE, 0xFF, 0xBF, 0xEF, 0xFB, 0xFE, 0x3C, 0x0F, 0x03, 0xC0, 0xF0, 0x3C,
    0x0F, 0x03, 0xC0, 0xF0, 0x3C, 0x0F, 0x03, 0xC0, 0xF0, 0x3C, 0x0F, 0x03, 0xC0, 0xF0, 0x3C, 0x0F,
    0x03, 0xC0, 0xF0, 0x3C, 0x0F, 0x00, 0x0F, 0x9C, 0x7E, 0x73, 0x80, 0x0E, 0x00, 0xFF, 0x9F, 0xFE,
    0x73, 0x81, 0xCE, 0x07, 0x38, 0x1C, 0xE0, 0x73, 0x81, 0xCE, 0x07, 0x38, 0x1C, 0xE0, 0x73, 0x81,
    0xCE, 0x07, 0x38, 0x1C, 0xE0, 0x70, 0x0F, 0x9C, 0x1F, 0x9C, 0x38, 0x1C, 0x38, 0x1C, 0xFF, 0x9C,
    0xFF, 0x9C, 0x38, 0x1C, 0x38, 0x1C, 0x38, 0x1C, 0x38, 0x1C, 0x38, 0x1C, 0x38, 0x1C, 0x38, 0x1C,
    0x38, 0x1C, 0x38, 0x1C, 0x38, 0x1C, 0x38, 0x1F, 0x38, 0x0F, 0x0F, 0xC3, 0xF7, 0x0F, 0xE3, 0xFB,
    0xCF, 0xF3, 0xFD, 0xE7, 0x81, 0xE0, 0x63, 0xC0, 0xF0, 0x03, 0xFC, 0xFF, 0x3F, 0xFE, 0xFF, 0x9F,
    0xFF, 0x7F, 0xCF, 0x3C, 0x0F, 0x07, 0x9E, 0x07, 0x83, 0xCF, 0x03, 0xC1, 0xE7, 0x81, 0xE0, 0xF3,
    0xC0, 0xF0, 0x79, 0xE0, 0x78, 0x3C, 0xF0, 0x3C, 0x1E, 0x78, 0x1E, 0x0F, 0x3C, 0x0F, 0x07, 0x9E,
    0x07, 0x83, 0xCF, 0x03, 0xC1, 0xE0, 0x0F, 0xC3, 0xF7, 0x8F, 0xE3, 0xFB, 0xCF, 0xF3, 0xFD, 0xE7,
    0x81, 0xE0, 0xF3, 0xC0, 0xF0, 0x7B, 0xFC, 0xFF, 0x3F, 0xFE, 0xFF, 0x9F, 0xFF, 0x7F, 0xCF, 0x3C,
    0x0F, 0x07, 0x9E, 0x07, 0x83, 0xCF, 0x03, 0xC1, 0xE7, 0x81, 0xE0, 0xF3, 0xC0, 0xF0, 0x79, 0xE0,
    0x78, 0x3C, 0xF0, 0x3C, 0x1E, 0x78, 0x1E, 0x0F, 0x3C, 0x0F, 0x07, 0x9E, 0x07, 0x83, 0xCF, 0x03,
    0xC1, 0xE0, 0x1F, 0xC0, 0x3F, 0xF0, 0x7F, 0xF8, 0xF8, 0x78, 0xF0, 0x78, 0xF0, 0xFF, 0xF1, 0xFF,
    0xF1, 0xFF, 0xF0, 0x78, 0xF0, 0x78, 0xF0, 0x78, 0xF0, 0x78, 0xF0, 0x78, 0xF0, 0x78, 0xF0, 0x78,
    0xF0, 0x78, 0xF0, 0x7F, 0xF0, 0x3F, 0xF0, 0x1F, 0x00, 0xFC, 0x00, 0x0F, 0xF8, 0x00, 0xFF, 0xE0,
    0x07, 0x0F, 0x00, 0x38, 0x78, 0x1F, 0xC3, 0xFD, 0xFF, 0x3F, 0xFF, 0xF9, 0xFF, 0xF0, 0x87, 0x87,
    0x80, 0x3C, 0x3F, 0x01, 0xE0, 0xFE, 0x0F, 0x01, 0xF8, 0x78, 0x03, 0xE3, 0xC0, 0x0F, 0x1E, 0x10,
    0x78, 0xF0, 0xFF, 0xC7, 0xFF, 0xFC, 0x1F, 0xDF, 0xC0, 0x7E, 0x00, 0x00, 0x08, 0x00, 0x00, 0xEE,
    0x00, 0x03, 0xB8, 0x00, 0x0E, 0xE0, 0x00, 0x1F, 0x80, 0x00, 0x7E, 0x00, 0x01, 0xFC, 0x00, 0x0E,
    0xFF, 0x03, 0xF9, 0xFF, 0xFF, 0xC1, 0xFF, 0xFC, 0x00, 0x20, 0x00, 0x00, 0x00, 0x00, 0x00, 0x00,
    0x00, 0x0C, 0x80, 0x00, 0x77, 0x00, 0x00, 0xDC, 0x00, 0x00, 0x80, 0x00, 0x07, 0x00, 0x00, 0x1C,
    0x00, 0xE0, 0x00, 0x00, 0x1C, 0x00, 0x00, 0x03, 0x80, 0x00, 0x30, 0x70, 0x00, 0x0F, 0x0E, 0x00,
    0x03, 0xE1, 0xE0, 0x01, 0xFC, 0x3F, 0xC3, 0xFF, 0xF3, 0xFF, 0xFF, 0x3F, 0x1F, 0xFF, 0x03, 0xE0,
    0x10, 0x00, 0x00, 0x00, 0x00, 0x00, 0x00, 0x00, 0x00, 0x00, 0x08, 0x80, 0x00, 0x03, 0xB8, 0x00,
    0x00, 0x37, 0x00, 0x00, 0x01, 0x00, 0x00, 0x00, 0x70, 0x00, 0x00, 0x0E, 0x00, 0x00, 0x1C, 0x38,
    0x70, 0xE0, 0xE1, 0xC3, 0x87, 0xFD, 0xFB, 0xC0, 0x00, 0x08, 0xBB, 0xF6, 0x10, 0x70, 0xC0, 0x0E,
    0x01, 0xC0, 0x30, 0x0E, 0x01, 0xE1, 0xFF, 0xBF, 0xFF, 0x9F, 0x00, 0x00, 0x00, 0x88, 0x3B, 0x87,
    0x60, 0x10, 0x07, 0x00, 0xE0, 0x00, 0x40, 0x00, 0x01, 0x20, 0x00, 0x07, 0xC0, 0x00, 0x19, 0x00,
    0x00, 0xFC, 0x00, 0x03, 0xE0, 0x00, 0x00, 0x00, 0x80, 0x00, 0x0E, 0xE0, 0x00, 0x3B, 0x80, 0x00,
    0xEE, 0x00, 0x01, 0xF8, 0x00, 0x07, 0xE0, 0x00, 0x1F, 0xC0, 0x00, 0xEF, 0xF0, 0x3F, 0x9F, 0xFF,
    0xFC, 0x1F, 0xFF, 0xC0, 0x02, 0x00, 0x00, 0x00, 0x40, 0x00, 0x00, 0x0D, 0x00, 0x00, 0x01, 0xF0,
    0x00, 0x00, 0x33, 0x00, 0x00, 0x0F, 0xC0, 0x00, 0x01, 0xF0, 0x00, 0x00, 0x00, 0x00, 0x00, 0x00,
    0x00, 0x00, 0xE0, 0x00, 0x00, 0x1C, 0x00, 0x00, 0x03, 0x80, 0x00, 0x30, 0x70, 0x00, 0x0F, 0x0E,
    0x00, 0x03, 0xE1, 0xE0, 0x01, 0xFC, 0x3F, 0xC3, 0xFF, 0xF3, 0xFF, 0xFF, 0x3F, 0x1F, 0xFF, 0x03,
    0xE0, 0x10, 0x00, 0x00, 0x40, 0xD1, 0xF3, 0x3F, 0xDF, 0x00, 0x00, 0x00, 0x70, 0xE1, 0xC1, 0xC3,
    0x87, 0x0E, 0x1D, 0xF3, 0xE7, 0x00, 0x18, 0x03, 0x60, 0x7C, 0x0C, 0xC3, 0xF0, 0x7C, 0x00, 0x00,
    0x00, 0x00, 0x01, 0xC0, 0x38, 0x06, 0x01, 0xC0, 0x3C, 0x3F, 0xF7, 0xFF, 0xF3, 0xE0, 0x3C, 0x00,
    0x7F, 0x80, 0x7F, 0xF8, 0x41, 0xFE, 0x00, 0x3E, 0x01, 0xFE, 0x07, 0xE0, 0x0F, 0x80, 0x1E, 0x00,
    0x3C, 0x00, 0x78, 0x00, 0x73, 0xB0, 0x71, 0x30, 0xE0, 0xC0, 0xE0, 0xC0, 0xE0, 0x00, 0x70, 0x00,
    0x78, 0x00, 0x3E, 0x06, 0x3F, 0xFE, 0x0F, 0xFF, 0x01, 0xF0, 0x3C, 0x00, 0x0F, 0xF0, 0x01, 0xFF,
    0xE0, 0x20, 0xFF, 0x00, 0x03, 0xE0, 0x03, 0xFC, 0x01, 0xFF, 0x00, 0x7C, 0xE0, 0x1E, 0x0E, 0x07,
    0x81, 0xFD, 0xE0, 0x1F, 0xB9, 0xD9, 0xF7, 0x13, 0x01, 0xC1, 0x80, 0x38, 0x30, 0x07, 0x00, 0x00,
    0x70, 0x00, 0x0F, 0x00, 0x00, 0xF8, 0x18, 0x1F, 0xFF, 0x00, 0xFF, 0xF0, 0x03, 0xE0, 0x00, 0x7E,
    0x00, 0xFE, 0x03, 0xFE, 0x00, 0x3F, 0x00, 0x7C, 0x03, 0xF0, 0x7E, 0x3F, 0xE0, 0xFE, 0x03, 0xE0,
    0x00, 0x00, 0x00, 0x00, 0x04, 0x80, 0x37, 0x00, 0xCC, 0x00, 0x80, 0x07, 0x00, 0x0C, 0x00, 0x7E,
    0x00, 0x1F, 0xC0, 0x0F, 0xF8, 0x00, 0x1F, 0x80, 0x07, 0xC0, 0x07, 0xE0, 0x1F, 0xC1, 0xFF, 0x7E,
    0xFE, 0x1F, 0xFC, 0x07, 0xC0, 0x00, 0x00, 0x00, 0x00, 0x88, 0x00, 0xEE, 0x00, 0x37, 0x00, 0x04,
    0x00, 0x07, 0x00, 0x03, 0x80, 0x00, 0x30, 0x0D, 0x03, 0xE0, 0xCC, 0x7E, 0x1F, 0x00, 0x00, 0x00,
    0x02, 0x01, 0x80, 0xF0, 0x1C, 0x07, 0x80, 0xE0, 0x38, 0x07, 0x01, 0xE0, 0x7F, 0xFF, 0xFE, 0x7F,
    0x00, 0x30, 0x00, 0xD8, 0x03, 0xE0, 0x0C, 0xC0, 0x7E, 0x01, 0xF0, 0x00, 0x00, 0x00, 0x00, 0x02,
    0x00, 0x18, 0x00, 0xF0, 0x01, 0xC0, 0x07, 0x80, 0x0E, 0x00, 0x38, 0x00, 0x70, 0x01, 0xC2, 0x07,
    0x8F, 0xFF, 0xBF, 0xFF, 0x7E, 0x3C, 0x06, 0x07, 0x01, 0x82, 0x23, 0xB8, 0xDC, 0x00, 0x00, 0x00,
    0x03, 0x03, 0xC0, 0xE0, 0x70, 0x1C, 0x0E, 0x07, 0x03, 0x03, 0x83, 0xC3, 0xC3, 0xC7, 0xC1, 0xC0,
    0x80, 0x0C, 0x00, 0x70, 0x03, 0x80, 0x22, 0x03, 0xB8, 0x1D, 0x80, 0x00, 0x00, 0x00, 0x00, 0x00,
    0x10, 0x03, 0xC0, 0x0E, 0x00, 0x70, 0x01, 0xC0, 0x0E, 0x00, 0x7E, 0x03, 0xF8, 0x3B, 0x83, 0xC0,
    0x3C, 0x03, 0xC0, 0x7C, 0x01, 0xC0, 0x08, 0x00, 0x18, 0x05, 0x83, 0xE1, 0x93, 0xF9, 0xF8, 0x00,
    0x00, 0x00, 0x03, 0x03, 0xC0, 0xE0, 0x70, 0x1C, 0x0E, 0x07, 0x03, 0x03, 0x83, 0xC3, 0xC3, 0xC7,
    0xC1, 0xC0, 0x80, 0x18, 0x00, 0xD8, 0x07, 0xE0, 0x33, 0x03, 0xF0, 0x1F, 0x00, 0x00, 0x00, 0x00,
    0x00, 0x00, 0x10, 0x03, 0xC0, 0x0E, 0x00, 0x70, 0x01, 0xC0, 0x0E, 0x00, 0x7E, 0x03, 0xF8, 0x3B,
    0x83, 0xC0, 0x3C, 0x03, 0xC0, 0x7C, 0x01, 0xC0, 0x08, 0x00, 0x00, 0x00, 0x10, 0x00, 0x03, 0x80,
    0x00, 0x7E, 0x00, 0x0F, 0xC0, 0x00, 0xF8, 0x00, 0x0F, 0x00, 0x00, 0x70, 0x00, 0x03, 0xC0, 0x00,
    0x0F, 0x07, 0x00, 0x3C, 0x38, 0x00, 0xF1, 0xC0, 0x03, 0x8E, 0x00, 0x0E, 0x70, 0x00, 0x73, 0xC0,
    0x03, 0x9F, 0xE0, 0xFC, 0x7F, 0xFF, 0xC0, 0xFF, 0xF8, 0x00, 0x28, 0x00, 0x00, 0x00, 0x10, 0x00,
    0x00, 0x70, 0x00, 0x01, 0xF8, 0x00, 0x07, 0xE0, 0x00, 0x0F, 0x80, 0x00, 0x1E, 0x00, 0x00, 0x1C,
    0x00, 0x00, 0x1E, 0x00, 0x00, 0x0F, 0x00, 0xE0, 0x07, 0x80, 0xE0, 0x03, 0x80, 0xE0, 0x01, 0xC0,
    0xE0, 0x01, 0xE0, 0xE0, 0x00, 0xE0, 0xF0, 0x00, 0xF0, 0xFF, 0x07, 0xFE, 0x7F, 0xFF, 0xFF, 0x1F,
    0xFF, 0x1E, 0x00, 0xC0, 0x00, 0x00, 0x40, 0x38, 0x1F, 0x8F, 0xC3, 0xE0, 0xF0, 0x1C, 0x03, 0xC0,
    0x3C, 0x03, 0xC0, 0x3C, 0x03, 0x80, 0x78, 0x07, 0x00, 0xE7, 0xFC, 0xFF, 0x1F, 0x80, 0x00, 0x40,
    0x07, 0x00, 0x7E, 0x07, 0xE0, 0x3E, 0x01, 0xE0, 0x07, 0x00, 0x1E, 0x00, 0x3C, 0x00, 0x70, 0x00,
    0xE0, 0x03, 0xC0, 0x07, 0x80, 0x0E, 0x00, 0x3C, 0x3F, 0xFE, 0xFF, 0xFF, 0xF1, 0xE0, 0x00, 0x00,
    0xC0, 0x00, 0x0F, 0x00, 0x01, 0xE0, 0x00, 0x3E, 0x20, 0x03, 0xC7, 0x00, 0x08, 0xFC, 0x00, 0x1F,
    0x80, 0x01, 0xF0, 0x00, 0x1E, 0x00, 0x00, 0xE0, 0x00, 0x07, 0x80, 0x00, 0x1E, 0x0E, 0x00, 0x78,
    0x70, 0x01, 0xE3, 0x80, 0x07, 0x1C, 0x00, 0x1C, 0xE0, 0x00, 0xE7, 0x80, 0x07, 0x3F, 0xC1, 0xF8,
    0xFF, 0xFF, 0x81, 0xFF, 0xF0, 0x00, 0x50, 0x00, 0x00, 0x00, 0xC0, 0x00, 0x01, 0xE0, 0x00, 0x07,
    0x80, 0x00, 0x1E, 0x10, 0x00, 0x3C, 0x70, 0x00, 0x11, 0xF8, 0x00, 0x07, 0xE0, 0x00, 0x0F, 0x80,
    0x00, 0x1E, 0x00, 0x00, 0x1C, 0x00, 0x00, 0x1E, 0x00, 0x00, 0x0F, 0x00, 0xE0, 0x07, 0x80, 0xE0,
    0x03, 0x80, 0xE0, 0x01, 0xC0, 0xE0, 0x01, 0xE0, 0xE0, 0x00, 0xE0, 0xF0, 0x00, 0xF0, 0xFF, 0x07,
    0xFE, 0x7F, 0xFF, 0xFF, 0x1F, 0xFF, 0x1E, 0x00, 0xC0, 0x00, 0x03, 0x01, 0xF0, 0x78, 0x3C, 0x2F,
    0x1C, 0x8F, 0xC7, 0xE1, 0xF0, 0x78, 0x0E, 0x01, 0xE0, 0x1E, 0x01, 0xE0, 0x1E, 0x01, 0xC0, 0x3C,
    0x03, 0x80, 0x73, 0xFE, 0x7F, 0x8F, 0xC0, 0x03, 0x00, 0x3E, 0x01, 0xE0, 0x1E, 0x10, 0xF1, 0xC1,
    0x1F, 0x81, 0xF8, 0x0F, 0x80, 0x78, 0x01, 0xC0, 0x07, 0x80, 0x0F, 0x00, 0x1C, 0x00, 0x38, 0x00,
    0xF0, 0x01, 0xE0, 0x03, 0x80, 0x0F, 0x0F, 0xFF, 0xBF, 0xFF, 0xFC, 0x78, 0x00, 0x08, 0x00, 0x78,
    0x00, 0x70, 0x00, 0xE7, 0x01, 0xFC, 0x01, 0xF8, 0x03, 0xF0, 0x07, 0xE0, 0x0F, 0xC0, 0x3B, 0x80,
    0x77, 0xC3, 0xE7, 0xFF, 0x87, 0xFE, 0x01, 0xE0, 0x00, 0x00, 0x0C, 0x00, 0x03, 0x80, 0x00, 0x70,
    0x38, 0x0F, 0x0E, 0x00, 0xE1, 0xC0, 0x1F, 0xB8, 0x03, 0xFF, 0x00, 0x7F, 0xE0, 0x0E, 0x1C, 0x03,
    0x83, 0xE0, 0xF0, 0x3F, 0xFC, 0x03, 0xFF, 0x00, 0x0F, 0x80, 0x00, 0x10, 0x1C, 0x0F, 0x07, 0xC7,
    0xF3, 0xBB, 0x8F, 0xC7, 0xC3, 0xF1, 0xFF, 0xEF, 0xE3, 0xE0, 0x1F, 0x80, 0x7F, 0x01, 0xFF, 0x03,
    0x8E, 0x0E, 0x0E, 0x1C, 0x1C, 0x1C, 0x3F, 0x38, 0x3F, 0x40, 0x3C, 0x38, 0xE3, 0x87, 0x1C, 0x71,
    0xC7, 0xFB, 0xEE, 0x00, 0x30, 0x83, 0x84, 0x18, 0x01, 0xC0, 0x3E, 0x0F, 0xF1, 0xFD, 0x9F, 0x8C,
    0xE0, 0x76, 0x03, 0xB0, 0x0F, 0x80, 0x7C, 0x01, 0xC0, 0x04, 0x00, 0x01, 0x80, 0x01, 0xE0, 0x00,
    0x78, 0x00, 0x7F, 0x00, 0x7F, 0xC0, 0x31, 0xF0, 0x18, 0xFC, 0x0C, 0x6E, 0x07, 0x73, 0x83, 0xF9,
    0xDF, 0xFD, 0xEF, 0xFF, 0xEF, 0xF7, 0xE0, 0x00, 0xF8, 0x00, 0x7E, 0x00, 0x3F, 0xC0, 0x0E, 0x70,
    0x03, 0x1C, 0x01, 0xC7, 0x00, 0x73, 0x80, 0x1D, 0xE0, 0x7F, 0xFF, 0x9F, 0xFF, 0xFF, 0xF1, 0xFC,
    0x1C, 0x38, 0x07, 0x0E, 0x00, 0xF3, 0x80, 0x3F, 0xE0, 0x07, 0xF0, 0x0C, 0x00, 0x78, 0x00, 0xF0,
    0x07, 0xF0, 0x3F, 0xE0, 0xC7, 0xC3, 0x1F, 0x8C, 0x6E, 0x3B, 0x9C, 0xFE, 0x7F, 0xFB, 0xFF, 0xFE,
    0xF3, 0xF0, 0x07, 0xC0, 0x1F, 0x80, 0x3F, 0x80, 0xE7, 0x01, 0xCE, 0x07, 0x1C, 0x0E, 0x30, 0x1D,
    0xE0, 0xFF, 0xFD, 0xFF, 0xFF, 0xE3, 0xF9, 0xC3, 0x83, 0xC7, 0x03, 0xCE, 0x07, 0xFC, 0x03, 0xF0,
    0x07, 0x80, 0x00, 0x7E, 0x00, 0x03, 0xF0, 0x00, 0x39, 0xC0, 0x03, 0x8E, 0x00, 0x3C, 0x20, 0x03,
    0xC0, 0x00, 0x1C, 0x00, 0x00, 0xE0, 0x00, 0x07, 0xF0, 0x0F, 0xDF, 0xFF, 0xFE, 0x7F, 0xFF, 0xF0,
    0x03, 0x80, 0x00, 0x00, 0x3C, 0x1F, 0xFC, 0xFF, 0xFB, 0xF8, 0x0F, 0x00, 0x1C, 0x00, 0x3C, 0x00,
    0x7F, 0xFF, 0x7F, 0xFC, 0x3F, 0xF8, 0x10, 0x00, 0x01, 0xC0, 0x00, 0x18, 0x00, 0x00, 0xC0, 0x00,
    0x03, 0xC0, 0x00, 0x3C, 0x00, 0x01, 0x00, 0x00, 0x00, 0xF0, 0x00, 0x0F, 0xC0, 0x00, 0x7E, 0x00,
    0x07, 0x38, 0x00, 0x71, 0xC0, 0x07, 0x84, 0x00, 0x78, 0x00, 0x03, 0x80, 0x00, 0x1C, 0x00, 0x00,
    0xFE, 0x01, 0xFB, 0xFF, 0xFF, 0xCF, 0xFF, 0xFE, 0x00, 0x70, 0x00, 0x08, 0x00, 0x78, 0x00, 0xC0,
    0x01, 0x80, 0x01, 0xE0, 0x07, 0x80, 0x08, 0x00, 0x00, 0x1E, 0x0F, 0xFE, 0x7F, 0xFD, 0xFC, 0x07,
    0x80, 0x0E, 0x00, 0x1E, 0x00, 0x3F, 0xFF, 0xBF, 0xFE, 0x1F, 0xFC, 0x00, 0x0F, 0xC0, 0x0F, 0xF0,
    0x07, 0xD8, 0x01, 0xC0, 0x00, 0xE0, 0x00, 0x38, 0x07, 0x0F, 0x03, 0x81, 0xF0, 0xE0, 0x3F, 0x38,
    0x03, 0xEE, 0x00, 0x3B, 0x80, 0x0E, 0xF0, 0x07, 0x3E, 0x07, 0xC7, 0xFF, 0xE0, 0xFF, 0xE0, 0x07,
    0xC0, 0x00, 0x70, 0x10, 0x1C, 0x03, 0x83, 0x80, 0x7F, 0x70, 0x1F, 0xFE, 0x00, 0x7F, 0xC0, 0x07,
    0x3C, 0x01, 0xE7, 0xC0, 0xF8, 0x7F, 0xFE, 0x07, 0xFF, 0x80, 0x1F, 0x00, 0x00, 0x1C, 0x38, 0x70,
    0xE0, 0xE1, 0xC3, 0x87, 0xFD, 0xFB, 0xC0, 0x00, 0x08, 0xBB, 0xF7, 0x0E, 0x01, 0xC0, 0x30, 0x0E,
    0x01, 0xE1, 0xFF, 0xBF, 0xFF, 0x9F, 0x00, 0x00, 0x00, 0x88, 0x3B, 0x87, 0x70, 0x0F, 0x0F, 0xC3,
    0xF1, 0xC0, 0x70, 0x0C, 0x03, 0x98, 0x7F, 0xFF, 0xDF, 0x87, 0x00, 0x71, 0xFF, 0x8E, 0x00, 0x00,
    0x1C, 0x1C, 0x1C, 0x1C, 0x1C, 0x1C, 0x1C, 0x1C, 0x1C, 0x1C, 0x1C, 0x1C, 0x1C, 0x1C, 0x1C, 0x1C,
    0x71, 0x3F, 0xC8, 0xE0, 0x00, 0x00, 0x07, 0x01, 0xC0, 0x70, 0x1C, 0x07, 0x01, 0xC0, 0x70, 0x1C,
    0x07, 0x01, 0xC0, 0x70, 0x1C, 0x07, 0x01, 0xC0, 0x70, 0x1F, 0x83, 0xF0, 0x7C, 0x23, 0xB1, 0x87,
    0xFA, 0x00, 0x39, 0xCE, 0x73, 0x9C, 0xE7, 0x39, 0xCE, 0x73, 0x9C, 0xE7, 0x10, 0x38, 0x30, 0x08,
    0x07, 0x87, 0xC2, 0x00, 0x00, 0x38, 0x1C, 0x0E, 0x07, 0x03, 0x81, 0xC0, 0xE0, 0x70, 0x38, 0x1C,
    0x0E, 0x07, 0x03, 0x81, 0xC0, 0xE0, 0x7E, 0x1F, 0x87, 0xC0, 0x08, 0x0E, 0x0C, 0x06, 0x01, 0xE1,
    0xE0, 0x80, 0x00, 0x3E, 0x1F, 0x9F, 0xEC, 0x7E, 0x3F, 0x0F, 0xFE, 0xFF, 0x3F, 0x81, 0xC3, 0xC7,
    0xEF, 0xE7, 0xC3, 0x00, 0x08, 0x00, 0xE0, 0x0C, 0x00, 0x60, 0x01, 0xE0, 0x1E, 0x00, 0x80, 0x00,
    0x00, 0x00, 0x01, 0xF0, 0x0F, 0xC0, 0xFF, 0x07, 0x38, 0x71, 0xC3, 0x86, 0x1F, 0xFE, 0x7F, 0xF9,
    0xFF, 0x80, 0xE0, 0x1E, 0x03, 0xF0, 0x7F, 0x03, 0xE0, 0x18, 0x00, 0x73, 0x9C, 0xE7, 0x39, 0xCE,
    0x73, 0x9C, 0xE7, 0x39, 0xCE, 0x73, 0x80, 0x27, 0x21, 0x0F, 0xFC, 0x00, 0xE1, 0xC3, 0x87, 0x0E,
    0x1C, 0x38, 0x70, 0xE1, 0xC3, 0x87, 0x0E, 0x1C, 0x38, 0x7E, 0x7E, 0x7C, 0x01, 0x0F, 0x18, 0x30,
    0x3C, 0xF1, 0x00, 0x0C, 0x00, 0x0E, 0x00, 0x02, 0x00, 0xFC, 0xC0, 0xFF, 0x1C, 0x7D, 0x8F, 0x9C,
    0x02, 0x0E, 0x00, 0x03, 0x80, 0x70, 0xF0, 0x38, 0x1F, 0x0E, 0x03, 0xF3, 0x80, 0x3E, 0xE0, 0x03,
    0xB8, 0x00, 0xEF, 0x00, 0x73, 0xE0, 0x7C, 0x7F, 0xFE, 0x0F, 0xFE, 0x00, 0x7C, 0x00, 0x0C, 0x00,
    0x07, 0x00, 0x00, 0x80, 0x00, 0x18, 0x00, 0x01, 0xC0, 0x00, 0x7C, 0x00, 0x08, 0x00, 0x00, 0x00,
    0x00, 0x70, 0x10, 0x1C, 0x03, 0x83, 0x80, 0x7F, 0x70, 0x1F, 0xFE, 0x00, 0x7F, 0xC0, 0x07, 0x3C,
    0x01, 0xE7, 0xC0, 0xF8, 0x7F, 0xFE, 0x07, 0xFF, 0x80, 0x1F, 0x00, 0x00, 0x21, 0xCC, 0x10, 0x7B,
    0xC8, 0x00, 0x38, 0xE3, 0x87, 0x1C, 0x71, 0xC7, 0xFB, 0xEE, 0x00, 0x08, 0x0E, 0x02, 0x00, 0xC0,
    0x3C, 0x0F, 0x82, 0x00, 0x00, 0x1C, 0x07, 0x01, 0xC0, 0x70, 0x3C, 0x3F, 0xFF, 0x7F, 0x8F, 0xFF,
    0xFF, 0xFF, 0xFF, 0xFF, 0xFF, 0xFC, 0xE1, 0xC3, 0x87, 0x0E, 0x1C, 0x38, 0x70, 0xE1, 0xC3, 0x87,
    0x0E, 0x1C, 0x38, 0x7E, 0x7E, 0x7C, 0x00, 0x00, 0x08, 0x00, 0x00, 0xEE, 0x00, 0x03, 0xB8, 0x00,
    0x0E, 0xE0, 0x00, 0x1F, 0x80, 0x00, 0x7E, 0x00, 0x01, 0xFC, 0x00, 0x0E, 0xFF, 0x03, 0xF9, 0xFF,
    0xFF, 0xC1, 0xFF, 0xFC, 0x00, 0x20, 0x00, 0x00, 0x00, 0x00, 0x00, 0x00, 0x00, 0x02, 0x00, 0x00,
    0x1C, 0x00, 0x00, 0x70, 0x00, 0xE0, 0x00, 0x00, 0x1C, 0x00, 0x00, 0x03, 0x80, 0x00, 0x30, 0x70,
    0x00, 0x0F, 0x0E, 0x00, 0x03, 0xE1, 0xE0, 0x01, 0xFC, 0x3F, 0xC3, 0xFF, 0xF3, 0xFF, 0xFF, 0x3F,
    0x1F, 0xFF, 0x03, 0xE0, 0x10, 0x00, 0x00, 0x00, 0x00, 0x00, 0x00, 0x00, 0x00, 0x00, 0x02, 0x00,
    0x00, 0x00, 0xE0, 0x00, 0x00, 0x1C, 0x00, 0x00, 0x38, 0xE3, 0x87, 0x1C, 0x71, 0xC7, 0xFB, 0xEE,
    0x00, 0x00, 0xC7, 0x0C, 0x1C, 0x07, 0x01, 0xC0, 0x70, 0x3C, 0x3F, 0xFF, 0x7F, 0x8F, 0x00, 0x00,
    0x01, 0x80, 0x70, 0x18, 0x00, 0x26, 0x3B, 0x9D, 0xC0, 0x00, 0x00, 0x80, 0xE0, 0x78, 0x3E, 0x3F,
    0x9D, 0xDC, 0x7E, 0x3E, 0x1F, 0x8F, 0xFF, 0x7F, 0x1F, 0x00, 0x11, 0x01, 0xDC, 0x0E, 0xE0, 0x00,
    0x00, 0x00, 0x00, 0x00, 0x0E, 0x00, 0x70, 0x0F, 0x81, 0xFC, 0x1F, 0xE1, 0xE7, 0x0E, 0x38, 0x71,
    0xC3, 0x8E, 0x1F, 0xF0, 0x7F, 0xC1, 0xFF, 0xC0, 0x7E, 0x00, 0xF0, 0x00, 0xCC, 0x00, 0x07, 0x70,
    0x00, 0x0D, 0xC0, 0x00, 0x00, 0x02, 0x00, 0x00, 0x3B, 0x80, 0x00, 0xEE, 0x00, 0x03, 0xB8, 0x00,
    0x07, 0xE0, 0x00, 0x1F, 0x80, 0x00, 0x7F, 0x00, 0x03, 0xBF, 0xC0, 0xFE, 0x7F, 0xFF, 0xF0, 0x7F,
    0xFF, 0x00, 0x08, 0x00, 0x00, 0x00, 0xCC, 0x00, 0x00, 0x1D, 0xC0, 0x00, 0x03, 0x30, 0x00, 0x00,
    0x00, 0x00, 0x00, 0x00, 0x00, 0x01, 0xC0, 0x00, 0x00, 0x38, 0x00, 0x00, 0x07, 0x00, 0x00, 0x60,
    0xE0, 0x00, 0x1E, 0x1C, 0x00, 0x07, 0xC3, 0xC0, 0x03, 0xF8, 0x7F, 0x87, 0xFF, 0xE7, 0xFF, 0xFE,
    0x7E, 0x3F, 0xFE, 0x07, 0xC0, 0x20, 0x00, 0x00, 0xCD, 0xDF, 0x30, 0x00, 0x00, 0x0E, 0x1C, 0x38,
    0x38, 0x70, 0xE1, 0xC3, 0xBE, 0x7C, 0xE0, 0x33, 0x07, 0x70, 0xEC, 0x00, 0x00, 0x00, 0x00, 0x03,
    0x80, 0x70, 0x0C, 0x03, 0x80, 0x78, 0x7F, 0xEF, 0xFF, 0xE7, 0xC0, 0x00, 0x30, 0x00, 0x01, 0xC0,
    0x00, 0x03, 0x00, 0x00, 0x32, 0x00, 0x00, 0xDC, 0x00, 0x03, 0x30, 0x00, 0x00, 0x00, 0x80, 0x00,
    0x0E, 0xE0, 0x00, 0x3B, 0x80, 0x00, 0xEE, 0x00, 0x01, 0xF8, 0x00, 0x07, 0xE0, 0x00, 0x1F, 0xC0,
    0x00, 0xEF, 0xF0, 0x3F, 0x9F, 0xFF, 0xFC, 0x1F, 0xFF, 0xC0, 0x02, 0x00, 0x00, 0x00, 0x30, 0x00,
    0x00, 0x07, 0x00, 0x00, 0x00, 0xC0, 0x00, 0x00, 0x22, 0x00, 0x00, 0x0E, 0xE0, 0x00, 0x01, 0xD8,
    0x00, 0x00, 0x00, 0x00, 0x00, 0x00, 0x00, 0x00, 0xE0, 0x00, 0x00, 0x1C, 0x00, 0x00, 0x03, 0x80,
    0x00, 0x30, 0x70, 0x00, 0x0F, 0x0E, 0x00, 0x03, 0xE1, 0xE0, 0x01, 0xFC, 0x3F, 0xC3, 0xFF, 0xF3,
    0xFF, 0xFF, 0x3F, 0x1F, 0xFF, 0x03, 0xE0, 0x10, 0x00, 0x00, 0x30, 0x70, 0xC2, 0x2E, 0xFD, 0x80,
    0x00, 0x00, 0x70, 0xE1, 0xC1, 0xC3, 0x87, 0x0E, 0x1D, 0xF3, 0xE7, 0x00, 0x0C, 0x01, 0xC0, 0x30,
    0x08, 0x83, 0xB8, 0x76, 0x00, 0x00, 0x00, 0x00, 0x01, 0xC0, 0x38, 0x06, 0x01, 0xC0, 0x3C, 0x3F,
    0xF7, 0xFF, 0xF3, 0xE0, 0x3C, 0x00, 0xFF, 0x01, 0xFF, 0xC2, 0x1F, 0xE0, 0x07, 0xC0, 0x3F, 0x81,
    0xF0, 0x07, 0x80, 0x1E, 0x00, 0x70, 0x01, 0xE0, 0x03, 0x82, 0x06, 0x0E, 0x1C, 0x1C, 0x38, 0x10,
    0x70, 0x00, 0x70, 0x00, 0xF0, 0x01, 0xF0, 0x31, 0xFF, 0xF0, 0xFF, 0xE0, 0x3E, 0x00, 0x3C, 0x00,
    0x1F, 0xE0, 0x07, 0xFF, 0x01, 0x0F, 0xF0, 0x00, 0x7C, 0x00, 0x7F, 0x00, 0x7F, 0x00, 0x3C, 0xE0,
    0x1E, 0x1C, 0x0E, 0x07, 0xF7, 0x80, 0xFD, 0xC1, 0x1F, 0x60, 0xE0, 0x38, 0x38, 0x0E, 0x04, 0x03,
    0x80, 0x00, 0x70, 0x00, 0x1E, 0x00, 0x07, 0xC0, 0xC0, 0xFF, 0xF8, 0x0F, 0xFE, 0x00, 0x7C, 0x00,
    0x7E, 0x00, 0xFE, 0x03, 0xFE, 0x00, 0x3F, 0x00, 0x7C, 0x03, 0xF0, 0x7E, 0x3F, 0xE0, 0xFE, 0x03,
    0xE0, 0x00, 0x00, 0x00, 0x00, 0x03, 0x00, 0x1C, 0x00, 0x30, 0x00, 0x7E, 0x00, 0x1F, 0xC0, 0x0F,
    0xF8, 0x00, 0x1F, 0x80, 0x07, 0xC0, 0x07, 0xE0, 0x1F, 0xC1, 0xFF, 0x7E, 0xFE, 0x1F, 0xFC, 0x07,
    0xC0, 0x00, 0x00, 0x00, 0x00, 0x30, 0x00, 0x38, 0x00, 0x1C, 0x00, 0x3C, 0x00, 0xFF, 0x01, 0xFF,
    0xC2, 0x1F, 0xE0, 0x07, 0xC0, 0x3F, 0x81, 0xF0, 0x07, 0x80, 0x1E, 0x00, 0x70, 0x01, 0xE0, 0x03,
    0x80, 0x06, 0x00, 0x1C, 0x00, 0x38, 0x00, 0x70, 0x00, 0x70, 0x00, 0xF0, 0x01, 0xF0, 0x31, 0xFF,
    0xF0, 0xFF, 0xE0, 0x3E, 0x00, 0x3C, 0x00, 0x1F, 0xE0, 0x07, 0xFF, 0x01, 0x0F, 0xF0, 0x00, 0x7C,
    0x00, 0x7F, 0x00, 0x7F, 0x00, 0x3C, 0xE0, 0x1E, 0x1C, 0x0E, 0x07, 0xF7, 0x80, 0xFD, 0xC0, 0x1F,
    0x60, 0x00, 0x38, 0x00, 0x0E, 0x00, 0x03, 0x80, 0x00, 0x70, 0x00, 0x1E, 0x00, 0x07, 0xC0, 0xC0,
    0xFF, 0xF8, 0x0F, 0xFE, 0x00, 0x7C, 0x00, 0x7E, 0x00, 0xFE, 0x03, 0xFE, 0x00, 0x3F, 0x00, 0x7C,
    0x03, 0xF0, 0x7E, 0x3F, 0xE0, 0xFE, 0x03, 0xE0, 0x00, 0x7E, 0x00, 0x1F, 0xC0, 0x0F, 0xF8, 0x00,
    0x1F, 0x80, 0x07, 0xC0, 0x07, 0xE0, 0x1F, 0xC1, 0xFF, 0x7E, 0xFE, 0x1F, 0xFC, 0x07, 0xC0, 0x01,
    0x80, 0x07, 0x00, 0x06, 0x00, 0x00, 0x00, 0x00, 0x07, 0x80, 0x1F, 0xE0, 0x3F, 0xF8, 0x43, 0xFC,
    0x00, 0xF8, 0x07, 0xF0, 0x3E, 0x00, 0xF0, 0x03, 0xC0, 0x0E, 0x00, 0x3C, 0x00, 0x70, 0x00, 0xC0,
    0x03, 0x80, 0x07, 0x00, 0x0E, 0x00, 0x0E, 0x00, 0x1E, 0x00, 0x3E, 0x06, 0x3F, 0xFE, 0x1F, 0xFC,
    0x07, 0xC0, 0x01, 0x80, 0x00, 0xE0, 0x00, 0x18, 0x00, 0x00, 0x00, 0x00, 0x00, 0x0F, 0x00, 0x07,
    0xF8, 0x01, 0xFF, 0xC0, 0x43, 0xFC, 0x00, 0x1F, 0x00, 0x1F, 0xC0, 0x1F, 0xC0, 0x0F, 0x38, 0x07,
    0x87, 0x03, 0x81, 0xFD, 0xE0, 0x3F, 0x70, 0x07, 0xD8, 0x00, 0x0E, 0x00, 0x03, 0x80, 0x00, 0xE0,
    0x00, 0x1C, 0x00, 0x07, 0x80, 0x01, 0xF0, 0x30, 0x3F, 0xFE, 0x03, 0xFF, 0x80, 0x1F, 0x00, 0x18,
    0x00, 0xF0, 0x01, 0x80, 0x00, 0x00, 0x00, 0x00, 0x00, 0x07, 0xE0, 0x0F, 0xE0, 0x3F, 0xE0, 0x03,
    0xF0, 0x07, 0xC0, 0x3F, 0x07, 0xE3, 0xFE, 0x0F, 0xE0, 0x3E, 0x00, 0x18, 0x00, 0x0E, 0x00, 0x06,
    0x00, 0x00, 0x00, 0x00, 0x00, 0x00, 0x00, 0x01, 0xF8, 0x00, 0x7F, 0x00, 0x3F, 0xE0, 0x00, 0x7E,
    0x00, 0x1F, 0x00, 0x1F, 0x80, 0x7F, 0x07, 0xFD, 0xFB, 0xF8, 0x7F, 0xF0, 0x1F, 0x02, 0x01, 0x80,
    0xF0, 0x1C, 0x07, 0x80, 0xE0, 0x38, 0x07, 0x01, 0xE0, 0x7F, 0xFF, 0xFE, 0x7F, 0x00, 0x02, 0x00,
    0x18, 0x00, 0xF0, 0x01, 0xC0, 0x07, 0x80, 0x0E, 0x00, 0x38, 0x00, 0x70, 0x01, 0xC2, 0x07, 0x8F,
    0xFF, 0xBF, 0xFF, 0x7E, 0x3C, 0x18, 0x07, 0x01, 0x80, 0x00, 0x00, 0x00, 0x80, 0x60, 0x3C, 0x07,
    0x01, 0xE0, 0x38, 0x0E, 0x01, 0xC0, 0x78, 0x1F, 0xFF, 0xFF, 0x9F, 0xC0, 0x18, 0x00, 0x70, 0x01,
    0xC0, 0x00, 0x00, 0x00, 0x00, 0x08, 0x00, 0x60, 0x03, 0xC0, 0x07, 0x00, 0x1E, 0x00, 0x38, 0x00,
    0xE0, 0x01, 0xC0, 0x07, 0x08, 0x1E, 0x3F, 0xFE, 0xFF, 0xFD, 0xF8, 0xF0, 0x06, 0x07, 0x81, 0xC0,
    0xE0, 0x38, 0x1C, 0x0E, 0x06, 0x07, 0x07, 0x87, 0x87, 0x8F, 0x83, 0x81, 0x00, 0x02, 0x00, 0x78,
    0x01, 0xC0, 0x0E, 0x00, 0x38, 0x01, 0xC0, 0x0F, 0xC0, 0x7F, 0x07, 0x70, 0x78, 0x07, 0x80, 0x78,
    0x0F, 0x80, 0x38, 0x01, 0x00, 0x00, 0x06, 0x07, 0x03, 0x80, 0x00, 0x00, 0x00, 0x18, 0x1E, 0x07,
    0x03, 0x80, 0xE0, 0x70, 0x38, 0x18, 0x1C, 0x1E, 0x1E, 0x1E, 0x3E, 0x0E, 0x04, 0x00, 0x0C, 0x00,
    0x70, 0x03, 0x80, 0x00, 0x00, 0x00, 0x00, 0x00, 0x08, 0x01, 0xE0, 0x07, 0x00, 0x38, 0x00, 0xE0,
    0x07, 0x00, 0x3F, 0x01, 0xFC, 0x1D, 0xC1, 0xE0, 0x1E, 0x01, 0xE0, 0x3E, 0x00, 0xE0, 0x04, 0x00,
    0x00, 0x00, 0x00, 0x00, 0x70, 0x00, 0x00, 0x03, 0x80, 0x00, 0x00, 0x1C, 0x00, 0x18, 0x38, 0xE0,
    0x01, 0xC1, 0xC3, 0x80, 0x0E, 0x0E, 0x1D, 0xC0, 0x78, 0x70, 0xFC, 0x01, 0xC7, 0x87, 0xE0, 0x0F,
    0xFF, 0xF7, 0x00, 0x7F, 0xFF, 0xB8, 0x03, 0xF9, 0xF9, 0xC0, 0x1C, 0x00, 0x0E, 0x01, 0xC0, 0x00,
    0x7C, 0x1E, 0x00, 0x01, 0xFF, 0xE0, 0x00, 0x07, 0xFE, 0x00, 0x00, 0x07, 0x80, 0x00, 0x00, 0x00,
    0x00, 0x00, 0x30, 0x00, 0x00, 0x00, 0x18, 0x00, 0x03, 0x07, 0x0C, 0x00, 0x03, 0x83, 0x87, 0x00,
    0x01, 0xC1, 0xC3, 0x83, 0x80, 0xF0, 0xE1, 0xC3, 0x80, 0x38, 0xF0, 0xF1, 0xC0, 0x1F, 0xFF, 0xFE,
    0xE0, 0x0F, 0xFF, 0xEF, 0xF0, 0x07, 0xF3, 0xE3, 0xF8, 0x03, 0x80, 0x00, 0x1C, 0x03, 0x80, 0x00,
    0x0F, 0x83, 0xC0, 0x00, 0x03, 0xFF, 0xC0, 0x00, 0x00, 0xFF, 0xC0, 0x00, 0x00, 0x0F, 0x00, 0x00,
    0x00, 0x00, 0x00, 0x60, 0x00, 0x0E, 0x00, 0x00, 0xE1, 0x81, 0x87, 0x1C, 0x38, 0x71, 0xC3, 0x87,
    0x1C, 0x38, 0x73, 0xC3, 0x87, 0xFF, 0xFF, 0xFF, 0xFE, 0xFE, 0xE7, 0xEF, 0xC0, 0x00, 0x00, 0x60,
    0x00, 0x00, 0x70, 0x18, 0x18, 0x70, 0x1C, 0x38, 0x70, 0x1C, 0x38, 0x70, 0x1C, 0x38, 0x70, 0x3C,
    0x78, 0x78, 0xFF, 0xFF, 0xFF, 0xFF, 0xEF, 0xDF, 0xE7, 0xEF, 0x8F, 0x00, 0x00, 0x30, 0x00, 0x00,
    0x01, 0xC0, 0x00, 0x00, 0x0C, 0x00, 0x00, 0x00, 0x88, 0x00, 0x00, 0x0E, 0xE0, 0x00, 0x00, 0x76,
    0x00, 0x00, 0x00, 0x00, 0x00, 0x00, 0x00, 0x0E, 0x00, 0x00, 0x00, 0x70, 0x00, 0x00, 0x03, 0x80,
    0x03, 0x07, 0x1C, 0x00, 0x38, 0x38, 0x70, 0x01, 0xC1, 0xC3, 0xB8, 0x0F, 0x0E, 0x1F, 0x80, 0x38,
    0xF0, 0xFC, 0x01, 0xFF, 0xFE, 0xE0, 0x0F, 0xFF, 0xF7, 0x00, 0x7F, 0x3F, 0x38, 0x03, 0x80, 0x01,
    0xC0, 0x38, 0x00, 0x0F, 0x83, 0xC0, 0x00, 0x3F, 0xFC, 0x00, 0x00, 0xFF, 0xC0, 0x00, 0x00, 0xF0,
    0x00, 0x00, 0x00, 0x00, 0x30, 0x00, 0x00, 0x00, 0x1C, 0x00, 0x00, 0x00, 0x0C, 0x00, 0x00, 0x00,
    0x08, 0x80, 0x00, 0x00, 0x0E, 0xE0, 0x00, 0x00, 0x07, 0x60, 0x00, 0x00, 0x00, 0x00, 0x00, 0x00,
    0x00, 0x00, 0x00, 0x00, 0x00, 0x00, 0x30, 0x00, 0x00, 0x00, 0x18, 0x00, 0x03, 0x07, 0x0C, 0x00,
    0x03, 0x83, 0x87, 0x00, 0x01, 0xC1, 0xC3, 0x83, 0x80, 0xF0, 0xE1, 0xC3, 0x80, 0x38, 0xF0, 0xF1,
    0xC0, 0x1F, 0xFF, 0xFE, 0xE0, 0x0F, 0xFF, 0xEF, 0xF0, 0x07, 0xF3, 0xE3, 0xF8, 0x03, 0x80, 0x00,
    0x1C, 0x03, 0x80, 0x00, 0x0F, 0x83, 0xC0, 0x00, 0x03, 0xFF, 0xC0, 0x00, 0x00, 0xFF, 0xC0, 0x00,
    0x00, 0x0F, 0x00, 0x00, 0x00, 0x00, 0x18, 0x00, 0x03, 0x80, 0x00, 0x18, 0x00, 0x04, 0x40, 0x00,
    0xEE, 0x00, 0x06, 0xE0, 0x00, 0x00, 0x00, 0x00, 0x06, 0x00, 0x00, 0xE0, 0x00, 0x0E, 0x18, 0x18,
    0x71, 0xC3, 0x87, 0x1C, 0x38, 0x71, 0xC3, 0x87, 0x3C, 0x38, 0x7F, 0xFF, 0xFF, 0xFF, 0xEF, 0xEE,
    0x7E, 0xFC, 0x00, 0x10, 0x00, 0x00, 0x38, 0x00, 0x00, 0x38, 0x00, 0x00, 0x44, 0x00, 0x00, 0xEE,
    0x00, 0x00, 0xEE, 0x00, 0x00, 0x00, 0x00, 0x00, 0x00, 0x00, 0x00, 0x00, 0x60, 0x00, 0x00, 0x70,
    0x18, 0x18, 0x70, 0x1C, 0x38, 0x70, 0x1C, 0x38, 0x70, 0x1C, 0x38, 0x70, 0x3C, 0x78, 0x78, 0xFF,
    0xFF, 0xFF, 0xFF, 0xEF, 0xDF, 0xE7, 0xEF, 0x8F, 0x00, 0x00, 0x01, 0xF8, 0x00, 0x00, 0x0F, 0xF8,
    0x00, 0x70, 0x3F, 0xF0, 0x00, 0xE0, 0xF0, 0x70, 0x01, 0xC3, 0xC0, 0xEE, 0x03, 0xCF, 0x01, 0xF8,
    0x03, 0x9C, 0x07, 0x70, 0x07, 0xFF, 0xFE, 0xE0, 0x0F, 0xFF, 0xF9, 0xC0, 0x1D, 0xFF, 0xC3, 0x80,
    0x38, 0x00, 0x07, 0x00, 0xE0, 0x00, 0x0F, 0x83, 0xC0, 0x00, 0x0F, 0xFF, 0x00, 0x00, 0x0F, 0xFC,
    0x00, 0x00, 0x03, 0xC0, 0x00, 0x00, 0x00, 0x00, 0x01, 0xF8, 0x00, 0x00, 0x01, 0xFF, 0x00, 0x01,
    0xC0, 0xFF, 0xC0, 0x00, 0x70, 0x78, 0x38, 0x00, 0x1C, 0x3C, 0x0E, 0x1C, 0x07, 0x9E, 0x03, 0x8E,
    0x00, 0xE7, 0x01, 0xC3, 0x80, 0x3F, 0xFF, 0xFE, 0xE0, 0x0F, 0xFF, 0xFF, 0xF8, 0x03, 0xBF, 0xF9,
    0xFE, 0x00, 0xE0, 0x00, 0x03, 0x80, 0x70, 0x00, 0x00, 0xF8, 0x3C, 0x00, 0x00, 0x1F, 0xFE, 0x00,
    0x00, 0x03, 0xFF, 0x00, 0x00, 0x00, 0x1E, 0x00, 0x00, 0x00, 0x00, 0x03, 0xF0, 0x00, 0x3F, 0xE1,
    0x01, 0xFF, 0x87, 0x0F, 0x0F, 0x1C, 0x78, 0x1C, 0xE3, 0xC0, 0x73, 0xCE, 0x03, 0xBF, 0xF1, 0xFE,
    0xFF, 0xFF, 0xF3, 0x8F, 0xFF, 0x00, 0x00, 0x03, 0xF0, 0x00, 0x07, 0xFC, 0x04, 0x07, 0xFE, 0x03,
    0x87, 0x87, 0x81, 0xC7, 0x81, 0xC1, 0xC7, 0x80, 0xE0, 0xF3, 0x80, 0xE1, 0xFF, 0x8F, 0xFE, 0xFF,
    0xFF, 0xFF, 0xF1, 0xFF, 0xE7, 0xC0, 0x00, 0x00, 0x00, 0xC0, 0x00, 0x00, 0x01, 0xC0, 0x00, 0x00,
    0x03, 0x00, 0x00, 0x00, 0x00, 0x00, 0x00, 0x00, 0x00, 0x00, 0x00, 0x00, 0x00, 0x00, 0x00, 0x00,
    0x7E, 0x00, 0x00, 0x03, 0xFE, 0x00, 0x1C, 0x0F, 0xFC, 0x00, 0x38, 0x3C, 0x1C, 0x00, 0x70, 0xF0,
    0x3B, 0x80, 0xF3, 0xC0, 0x7E, 0x00, 0xE7, 0x01, 0xDC, 0x01, 0xFF, 0xFF, 0xB8, 0x03, 0xFF, 0xFE,
    0x70, 0x07, 0x7F, 0xF0, 0xE0, 0x0E, 0x00, 0x01, 0xC0, 0x38, 0x00, 0x03, 0xE0, 0xF0, 0x00, 0x03,
    0xFF, 0xC0, 0x00, 0x03, 0xFF, 0x00, 0x00, 0x00, 0xF0, 0x00, 0x00, 0x00, 0x00, 0x00, 0x00, 0xC0,
    0x00, 0x00, 0x00, 0x38, 0x00, 0x00, 0x00, 0x0C, 0x00, 0x00, 0x00, 0x00, 0x00, 0x00, 0x00, 0x00,
    0x00, 0x00, 0x00, 0x00, 0x00, 0x00, 0x00, 0x00, 0x1F, 0x80, 0x00, 0x00, 0x1F, 0xF0, 0x00, 0x1C,
    0x0F, 0xFC, 0x00, 0x07, 0x07, 0x83, 0x80, 0x01, 0xC3, 0xC0, 0xE1, 0xC0, 0x79, 0xE0, 0x38, 0xE0,
    0x0E, 0x70, 0x1C, 0x38, 0x03, 0xFF, 0xFF, 0xEE, 0x00, 0xFF, 0xFF, 0xFF, 0x80, 0x3B, 0xFF, 0x9F,
    0xE0, 0x0E, 0x00, 0x00, 0x38, 0x07, 0x00, 0x00, 0x0F, 0x83, 0xC0, 0x00, 0x01, 0xFF, 0xE0, 0x00,
    0x00, 0x3F, 0xF0, 0x00, 0x00, 0x01, 0xE0, 0x00, 0x00, 0x00, 0x00, 0x01, 0x80, 0x00, 0x07, 0x00,
    0x00, 0x18, 0x00, 0x00, 0x00, 0x00, 0x00, 0x00, 0x00, 0x00, 0x00, 0x00, 0x3F, 0x00, 0x03, 0xFE,
    0x10, 0x1F, 0xF8, 0x70, 0xF0, 0xF1, 0xC7, 0x81, 0xCE, 0x3C, 0x07, 0x3C, 0xE0, 0x3B, 0xFF, 0x1F,
    0xEF, 0xFF, 0xFF, 0x38, 0xFF, 0xF0, 0x00, 0x01, 0x80, 0x00, 0x00, 0xE0, 0x00, 0x00, 0x60, 0x00,
    0x00, 0x00, 0x00, 0x00, 0x00, 0x00, 0x00, 0x00, 0x00, 0x00, 0x0F, 0xC0, 0x00, 0x1F, 0xF0, 0x10,
    0x1F, 0xF8, 0x0E, 0x1E, 0x1E, 0x07, 0x1E, 0x07, 0x07, 0x1E, 0x03, 0x83, 0xCE, 0x03, 0x87, 0xFE,
    0x3F, 0xFB, 0xFF, 0xFF, 0xFF, 0xC7, 0xFF, 0x9F, 0x0E, 0x00, 0x00, 0xC0, 0x00, 0x18, 0x00, 0x03,
    0x80, 0x00, 0x70, 0x00, 0x0E, 0x00, 0x01, 0xC0, 0x00, 0x38, 0x00, 0x07, 0x1F, 0x80, 0xEF, 0xF8,
    0x1F, 0xFF, 0x03, 0xF0, 0xE0, 0x7C, 0x0E, 0x0F, 0x03, 0x83, 0xC0, 0xF3, 0xFF, 0xFE, 0x7F, 0xFF,
    0x9F, 0xFF, 0xC0, 0x0E, 0x00, 0x00, 0x18, 0x00, 0x00, 0x60, 0x00, 0x01, 0xC0, 0x00, 0x07, 0x00,
    0x00, 0x1C, 0x00, 0x00, 0x70, 0x00, 0x01, 0xC0, 0x00, 0x07, 0x1F, 0x80, 0x1D, 0xFF, 0x00, 0x7F,
    0xFC, 0x01, 0xF8, 0x70, 0x07, 0xC0, 0xE0, 0x1E, 0x07, 0x00, 0xF0, 0x3C, 0x1F, 0xFF, 0xFE, 0x7F,
    0xFF, 0xFF, 0xFF, 0xF9, 0xF0, 0x38, 0x00, 0x38, 0x00, 0x38, 0x00, 0x38, 0x00, 0x38, 0x00, 0x38,
    0x00, 0x38, 0x00, 0x38, 0x00, 0x38, 0xFC, 0x3B, 0xFE, 0x3F, 0xFF, 0x3F, 0x07, 0x3E, 0x07, 0x3C,
    0x07, 0x38, 0x0F, 0xFF, 0xFE, 0xFF, 0xFC, 0xFF, 0xE0, 0x38, 0x00, 0x07, 0x00, 0x00, 0xE0, 0x00,
    0x1C, 0x00, 0x03, 0x80, 0x00, 0x70, 0x00, 0x0E, 0x00, 0x01, 0xC0, 0x00, 0x38, 0xFC, 0x07, 0x7F,
    0xC0, 0xFF, 0xFC, 0x1F, 0x83, 0x83, 0xE0, 0x70, 0x78, 0x0E, 0x0E, 0x03, 0xC7, 0xFF, 0xFF, 0xFF,
    0xFF, 0xFF, 0xFC, 0x7C, 0x0E, 0x00, 0x00, 0xC0, 0x00, 0x18, 0x18, 0x03, 0x87, 0x00, 0x70, 0x60,
    0x0E, 0x00, 0x01, 0xC0, 0x00, 0x38, 0x00, 0x07, 0x1F, 0x80, 0xEF, 0xF8, 0x1F, 0xFF, 0x03, 0xF0,
    0xE0, 0x7C, 0x0E, 0x0F, 0x03, 0x83, 0xC0, 0xF3, 0xFF, 0xFE, 0x7F, 0xFF, 0x9F, 0xFF, 0xC0, 0x0E,
    0x00, 0x00, 0x18, 0x00, 0x00, 0x60, 0xC0, 0x01, 0xC3, 0x80, 0x07, 0x0E, 0x00, 0x1C, 0x00, 0x00,
    0x70, 0x00, 0x01, 0xC0, 0x00, 0x07, 0x1F, 0x80, 0x1D, 0xFF, 0x00, 0x7F, 0xFC, 0x01, 0xF8, 0x70,
    0x07, 0xC0, 0xE0, 0x1E, 0x07, 0x00, 0xF0, 0x3C, 0x1F, 0xFF, 0xFE, 0x7F, 0xFF, 0xFF, 0xFF, 0xF9,
    0xF0, 0x38, 0x00, 0x38, 0x00, 0x38, 0x30, 0x38, 0x70, 0x38, 0x70, 0x38, 0x00, 0x38, 0x00, 0x38,
    0x00, 0x38, 0xFC, 0x3B, 0xFE, 0x3F, 0xFF, 0x3F, 0x07, 0x3E, 0x07, 0x3C, 0x07, 0x38, 0x0F, 0xFF,
    0xFE, 0xFF, 0xFC, 0xFF, 0xE0, 0x38, 0x00, 0x07, 0x00, 0x00, 0xE0, 0xC0, 0x1C, 0x38, 0x03, 0x87,
    0x00, 0x70, 0x00, 0x0E, 0x00, 0x01, 0xC0, 0x00, 0x38, 0xFC, 0x07, 0x7F, 0xC0, 0xFF, 0xFC, 0x1F,
    0x83, 0x83, 0xE0, 0x70, 0x78, 0x0E, 0x0E, 0x03, 0xC7, 0xFF, 0xFF, 0xFF, 0xFF, 0xFF, 0xFC, 0x7C,
    0x1F, 0x80, 0x7F, 0x01, 0xF6, 0x03, 0x80, 0x07, 0x00, 0x0E, 0x00, 0x1E, 0x18, 0x1F, 0xF0, 0x1F,
    0xE0, 0x3E, 0x00, 0xF0, 0x01, 0xC0, 0x07, 0x00, 0x0E, 0x00, 0x38, 0x00, 0x70, 0x00, 0xE0, 0x01,
    0xE0, 0x01, 0xC0, 0x03, 0xE0, 0x63, 0xFF, 0xC3, 0xFF, 0xC0, 0xF8, 0x00, 0x0F, 0xC0, 0x3F, 0xC0,
    0xF3, 0xC1, 0xC3, 0x83, 0xC7, 0x03, 0xDC, 0x03, 0xF8, 0x03, 0xE0, 0x0F, 0xFC, 0x3F, 0xFC, 0xF1,
    0xFB, 0xC0, 0x07, 0x00, 0x1C, 0x00, 0x38, 0x00, 0x70, 0x00, 0xF0, 0x00, 0xF0, 0x71, 0xFF, 0xE1,
    0xFF, 0xE0, 0x7C, 0x00, 0x07, 0xC1, 0xFC, 0x3F, 0x83, 0xC0, 0x38, 0x03, 0x80, 0x38, 0x03, 0xC2,
    0x1F, 0xEF, 0xFF, 0xFF, 0xCF, 0xE0, 0x0F, 0xC0, 0x7F, 0xC0, 0xF7, 0x83, 0x83, 0x03, 0x86, 0x07,
    0x9C, 0x07, 0xF0, 0x07, 0xE0, 0xFF, 0xFD, 0xFF, 0xFF, 0xC3, 0xF0, 0x07, 0x00, 0x0E, 0x00, 0x1C,
    0x00, 0x00, 0x00, 0x00, 0x00, 0x00, 0x07, 0xE0, 0x1F, 0xC0, 0x7D, 0x80, 0xE0, 0x01, 0xC0, 0x03,
    0x80, 0x07, 0x86, 0x07, 0xFC, 0x07, 0xF8, 0x0F, 0x80, 0x3C, 0x00, 0x70, 0x01, 0xC0, 0x03, 0x80,
    0x0E, 0x00, 0x1C, 0x00, 0x38, 0x00, 0x78, 0x00, 0x70, 0x00, 0xF8, 0x18, 0xFF, 0xF0, 0xFF, 0xF0,
    0x3E, 0x00, 0x03, 0x00, 0x07, 0x00, 0x0E, 0x00, 0x00, 0x00, 0x00, 0x00, 0x00, 0x03, 0xF0, 0x0F,
    0xF0, 0x3C, 0xF0, 0x70, 0xE0, 0xF1, 0xC0, 0xF7, 0x00, 0xFE, 0x00, 0xF8, 0x03, 0xFF, 0x0F, 0xFF,
    0x3C, 0x7E, 0xF0, 0x01, 0xC0, 0x07, 0x00, 0x0E, 0x00, 0x1C, 0x00, 0x3C, 0x00, 0x3C, 0x1C, 0x7F,
    0xF8, 0x7F, 0xF8, 0x1F, 0x00, 0x06, 0x00, 0x70, 0x07, 0x00, 0x00, 0x00, 0x00, 0x7C, 0x1F, 0xC3,
    0xF8, 0x3C, 0x03, 0x80, 0x38, 0x03, 0x80, 0x3C, 0x21, 0xFE, 0xFF, 0xFF, 0xFC, 0xFE, 0x00, 0x03,
    0x00, 0x0F, 0x00, 0x0C, 0x00, 0x00, 0x00, 0x00, 0x00, 0x00, 0x03, 0xF0, 0x1F, 0xF0, 0x3D, 0xE0,
    0xE0, 0xC0, 0xE1, 0x81, 0xE7, 0x01, 0xFC, 0x01, 0xF8, 0x3F, 0xFF, 0x7F, 0xFF, 0xF0, 0xFC, 0x00,
    0x00, 0xE0, 0x00, 0x03, 0x80, 0x00, 0x0E, 0x00, 0x00, 0x00, 0x00, 0x00, 0x00, 0x00, 0x03, 0x80,
    0x00, 0x1F, 0x00, 0x00, 0xFE, 0x00, 0x03, 0xBC, 0x00, 0x1C, 0x7E, 0x00, 0x71, 0xF8, 0x01, 0xC7,
    0xE0, 0x07, 0xFF, 0x80, 0x0F, 0xFE, 0x00, 0x0D, 0xFC, 0x00, 0x07, 0xFF, 0x01, 0xF9, 0xFF, 0xFF,
    0xE1, 0xFF, 0xFE, 0x00, 0x34, 0x00, 0x00, 0x00, 0x38, 0x00, 0x00, 0x07, 0x00, 0x00, 0x00, 0xE0,
    0x00, 0x00, 0x00, 0x00, 0x00, 0x00, 0x00, 0x00, 0x00, 0x00, 0x00, 0x00, 0x1F, 0x00, 0x00, 0x07,
    0xF0, 0xE0, 0x01, 0xEF, 0x1C, 0x00, 0x38, 0xE3, 0x80, 0x07, 0x1C, 0x70, 0x00, 0xE3, 0x8E, 0x00,
    0x1C, 0xF1, 0xE0, 0x01, 0xFC, 0x3F, 0xC1, 0xFF, 0xF3, 0xFF, 0xFF, 0xFF, 0x1F, 0xFF, 0xCF, 0xE0,
    0x1C, 0x00, 0x00, 0x06, 0x01, 0xC0, 0x18, 0x00, 0x00, 0x00, 0x0C, 0x07, 0xE1, 0xFE, 0x39, 0xC6,
    0x39, 0xC3, 0x3C, 0x73, 0xFE, 0x7F, 0x81, 0xF0, 0x0E, 0xFF, 0x9F, 0xE3, 0xF0, 0x00, 0x06, 0x00,
    0x1C, 0x00, 0x70, 0x00, 0x00, 0x00, 0x00, 0x00, 0x00, 0xF8, 0x07, 0xF0, 0x3F, 0xC0, 0xE3, 0x83,
    0x8E, 0x0E, 0x38, 0x39, 0xC0, 0x7F, 0x0F, 0xFF, 0xBF, 0xFF, 0xF9, 0xFC, 0x00, 0x33, 0x00, 0x0F,
    0xE0, 0x03, 0x30, 0x00, 0x00, 0x00, 0x00, 0x00, 0x00, 0x00, 0x01, 0xE0, 0x00, 0xFC, 0x00, 0x7F,
    0x80, 0x1C, 0xE4, 0x06, 0x39, 0xC1, 0x87, 0xE0, 0x71, 0xF8, 0x1F, 0xFE, 0x07, 0xFB, 0x80, 0x0E,
    0xE0, 0x03, 0xBC, 0x01, 0xEF, 0x81, 0xF1, 0xFF, 0xF8, 0x3F, 0xFC, 0x00, 0xF0, 0x00, 0x00, 0x33,
    0x00, 0x01, 0xDC, 0x00, 0x0C, 0xC0, 0x00, 0x00, 0x00, 0x00, 0x00, 0x00, 0x00, 0x00, 0x00, 0x78,
    0x00, 0x07, 0xE0, 0x00, 0x7F, 0x80, 0x03, 0x9C, 0x10, 0x18, 0x60, 0xE0, 0xC3, 0x8E, 0x07, 0xFF,
    0x70, 0x3F, 0xFF, 0x80, 0xFF, 0xFC, 0x00, 0x70, 0xE0, 0x03, 0x87, 0x80, 0x38, 0x3E, 0x07, 0xC0,
    0xFF, 0xFC, 0x03, 0xFF, 0x80, 0x03, 0xE0, 0x00, 0x19, 0x87, 0x70, 0x66, 0x00, 0x00, 0x00, 0x0C,
    0x07, 0xE1, 0xFE, 0x39, 0xC6, 0x39, 0xC3, 0x3C, 0x73, 0xFE, 0x7F, 0x81, 0xF0, 0x0E, 0xFF, 0x9F,
    0xE3, 0xF0, 0x00, 0x19, 0x80, 0x77, 0x01, 0xD8, 0x00, 0x00, 0x00, 0x00, 0x00, 0x00, 0xF8, 0x07,
    0xF0, 0x3F, 0xC0, 0xE3, 0x83, 0x8E, 0x0E, 0x38, 0x39, 0xC0, 0x7F, 0x0F, 0xFF, 0xBF, 0xFF, 0xF9,
    0xFC, 0x00, 0x00, 0xE0, 0x00, 0x0E, 0x00, 0x00, 0xE0, 0x00, 0x0E, 0x00, 0x30, 0xE0, 0x07, 0x86,
    0x00, 0xE0, 0x60, 0x06, 0x06, 0x00, 0x70, 0x7E, 0x03, 0x07, 0xE1, 0xF0, 0x7E, 0x0E, 0x07, 0xE0,
    0x80, 0x7E, 0x00, 0x07, 0xF0, 0x00, 0xEF, 0xF0, 0x7E, 0x7F, 0xFF, 0xC1, 0xFF, 0xF8, 0x00, 0x80,
    0x00, 0x00, 0x00, 0xE0, 0x00, 0x00, 0xE0, 0x00, 0x00, 0xE0, 0x00, 0x00, 0xE0, 0x00, 0x30, 0xE0,
    0x00, 0x78, 0x60, 0x00, 0xE0, 0x60, 0x00, 0x60, 0x60, 0x00, 0x70, 0x70, 0xE0, 0x30, 0x70, 0xE1,
    0xF0, 0x70, 0xE0, 0xE0, 0x70, 0xE0, 0x80, 0x70, 0xE0, 0x00, 0x70, 0xF0, 0x00, 0xF0, 0xFF, 0x07,
    0xFE, 0x7F, 0xFF, 0xDF, 0x1F, 0xFF, 0x8E, 0x00, 0xE0, 0x00, 0x00, 0x40, 0x38, 0x1F, 0x8F, 0xC3,
    0xE0, 0xF0, 0x1C, 0x03, 0xC0, 0x3C, 0x03, 0xC0, 0x3C, 0x03, 0x80, 0x78, 0x07, 0x00, 0xE7, 0xFC,
    0xFF, 0x1F, 0x80, 0x00, 0x40, 0x07, 0x00, 0x7E, 0x07, 0xE0, 0x3E, 0x01, 0xE0, 0x07, 0x00, 0x1E,
    0x00, 0x3C, 0x00, 0x70, 0x00, 0xE0, 0x03, 0xC0, 0x07, 0x80, 0x0E, 0x00, 0x3C, 0x3F, 0xFE, 0xFF,
    0xFF, 0xF1, 0xE0, 0x00, 0x1C, 0x00, 0x18, 0x00, 0x38, 0x00, 0x70, 0x00, 0xE0, 0x01, 0xC0, 0x03,
    0x80, 0x07, 0x00, 0x0E, 0x00, 0x1C, 0x00, 0x38, 0x00, 0x70, 0x00, 0xEE, 0x01, 0xF8, 0x03, 0xF0,
    0x07, 0xE0, 0x0F, 0xC0, 0x1F, 0x80, 0x77, 0x00, 0xEF, 0x87, 0x8F, 0xFF, 0x0F, 0xFC, 0x03, 0xE0,
    0x00, 0x1C, 0x00, 0x01, 0x80, 0x00, 0x30, 0x00, 0x07, 0x00, 0x00, 0xE0, 0x00, 0x1C, 0x00, 0x03,
    0x80, 0x00, 0x70, 0x00, 0x0E, 0x00, 0x01, 0xC0, 0x00, 0x38, 0x00, 0x07, 0x00, 0x00, 0xE0, 0xE0,
    0x1C, 0x38, 0x03, 0x87, 0x00, 0x7E, 0xE0, 0x0F, 0xFC, 0x01, 0xFF, 0x80, 0x70, 0x70, 0x0E, 0x0F,
    0x83, 0xC0, 0xFF, 0xF0, 0x0F, 0xFC, 0x00, 0x3C, 0x00, 0x39, 0xCE, 0x73, 0x9C, 0xE7, 0x39, 0xCE,
    0x73, 0x9C, 0xFF, 0xFF, 0x00, 0x38, 0x1C, 0x0E, 0x07, 0x03, 0x81, 0xC0, 0xE0, 0x70, 0x38, 0x1C,
    0x0E, 0x07, 0x03, 0x81, 0xE0, 0xF1, 0xFF, 0xFF, 0xF3, 0xC0, 0x02, 0x00, 0xFC, 0x1F, 0xC3, 0xDE,
    0x30, 0xE1, 0x07, 0x00, 0x70, 0xFF, 0x3F, 0xE7, 0xFE, 0x70, 0x0E, 0x00, 0xE0, 0x0E, 0x00, 0x60,
    0x06, 0x00, 0x70, 0x07, 0x00, 0x70, 0x07, 0x00, 0x20, 0x00, 0x01, 0xC0, 0x03, 0xF0, 0x03, 0xFC,
    0x03, 0xCE, 0x03, 0xC3, 0x03, 0xE1, 0xC1, 0xF8, 0xF0, 0xFF, 0x7E, 0xE7, 0xFF, 0xF1, 0xF3, 0xB8,
    0x00, 0x1C, 0x00, 0x0E, 0x00, 0x03, 0x00, 0x01, 0xC0, 0x00, 0xE0, 0x00, 0x70, 0x00, 0x38, 0x00,
    0x0E, 0x00, 0x04, 0x00, 0x00, 0x03, 0x80, 0x7E, 0x0F, 0xE1, 0xEF, 0x1C, 0x73, 0x87, 0x3C, 0x7F,
    0xFF, 0xFF, 0xEE, 0x3C, 0x03, 0x80, 0x07, 0xC0, 0x0F, 0xE0, 0x1C, 0xF0, 0x1C, 0x70, 0x38, 0x78,
    0x3C, 0x38, 0xFF, 0x7F, 0xF7, 0xFF, 0xE3, 0xEF, 0x03, 0x00, 0x07, 0x00, 0x0C, 0x00, 0x00, 0x00,
    0x00, 0x80, 0x07, 0x80, 0x07, 0x00, 0x0E, 0x70, 0x1F, 0xC0, 0x1F, 0x80, 0x3F, 0x00, 0x7E, 0x00,
    0xFC, 0x03, 0xB8, 0x07, 0x7C, 0x3E, 0x7F, 0xF8, 0x7F, 0xE0, 0x1E, 0x00, 0x03, 0x00, 0x00, 0x70,
    0x00, 0x0C, 0x00, 0x00, 0x00, 0x00, 0x00, 0x00, 0x00, 0x18, 0x00, 0x07, 0x00, 0x00, 0xE0, 0x70,
    0x1E, 0x1C, 0x01, 0xC3, 0x80, 0x3F, 0x70, 0x07, 0xFE, 0x00, 0xFF, 0xC0, 0x1C, 0x38, 0x07, 0x07,
    0xC1, 0xE0, 0x7F, 0xF8, 0x07, 0xFE, 0x00, 0x1F, 0x00, 0x00, 0x30, 0xE3, 0x00, 0x00, 0x03, 0x8E,
    0x38, 0x71, 0xC7, 0x1C, 0x7F, 0xBE, 0xE0, 0x1C, 0x07, 0x01, 0xC0, 0x00, 0x00, 0x00, 0x01, 0xC0,
    0x70, 0x1C, 0x07, 0x03, 0xC3, 0xFF, 0xF7, 0xF8, 0xF0, 0x10, 0x1C, 0x0F, 0x07, 0xC7, 0xF3, 0xBB,
    0x8F, 0xC7, 0xC3, 0xF1, 0xFF, 0xEF, 0xE3, 0xE0, 0x03, 0x80, 0x1C, 0x03, 0xE0, 0x7F, 0x07, 0xF8,
    0x79, 0xC3, 0x8E, 0x1C, 0x70, 0xE3, 0x87, 0xFC, 0x1F, 0xF0, 0x7F, 0xF0, 0x1F, 0x80, 0x3C, 0x0C,
    0x00, 0x78, 0x00, 0xF0, 0x07, 0xF0, 0x3F, 0xE0, 0xC7, 0xC3, 0x1F, 0x8C, 0x6E, 0x3B, 0x9C, 0xFE,
    0x7F, 0xFB, 0xFF, 0xFE, 0xF3, 0xF0, 0x07, 0xC0, 0x1F, 0x80, 0x3F, 0x80, 0xE7, 0x01, 0xCE, 0x07,
    0x1C, 0x0E, 0x30, 0x1D, 0xE0, 0xFF, 0xFD, 0xFF, 0xFF, 0xE3, 0xF9, 0xC3, 0x83, 0xC7, 0x03, 0xCE,
    0x07, 0xFC, 0x03, 0xF0, 0x3E, 0x1F, 0x9F, 0xEC, 0x7E, 0x3F, 0x0F, 0xFE, 0xFF, 0x3F, 0x81, 0xC3,
    0xC7, 0xEF, 0xE7, 0xC3, 0x00, 0x3E, 0x01, 0xF8, 0x1F, 0xE0, 0xE7, 0x0E, 0x38, 0x70, 0xC3, 0xFF,
    0xCF, 0xFF, 0x3F, 0xF0, 0x1C, 0x03, 0xC0, 0x7E, 0x0F, 0xE0, 0x7C, 0x03, 0x00, 0x00, 0x00, 0x0F,
    0xC0, 0x0F, 0xF0, 0x07, 0xD8, 0x01, 0xC0, 0x00, 0xE0, 0x00, 0x38, 0x07, 0x0F, 0x03, 0x81, 0xF0,
    0xE0, 0x3F, 0x38, 0x03, 0xEE, 0x00, 0x3B, 0x80, 0x0E, 0xF0, 0x07, 0x3E, 0x07, 0xC7, 0xFF, 0xE0,
    0xFF, 0xE0, 0x07, 0xC0, 0x00, 0x70, 0x10, 0x1C, 0x03, 0x83, 0x80, 0x7F, 0x70, 0x1F, 0xFE, 0x00,
    0x7F, 0xC0, 0x07, 0x3C, 0x01, 0xE7, 0xC0, 0xF8, 0x7F, 0xFE, 0x07, 0xFF, 0x80, 0x1F, 0x00, 0x00,
    0x00, 0x0F, 0xC0, 0x0F, 0xF0, 0x07, 0xD8, 0x01, 0xC0, 0x00, 0xE0, 0x00, 0x38, 0x07, 0x0F, 0x03,
    0x81, 0xF0, 0xE0, 0x3F, 0x38, 0x03, 0xEE, 0x00, 0x3B, 0x80, 0x0E, 0xF0, 0x07, 0x3E, 0x07, 0xC7,
    0xFF, 0xE0, 0xFF, 0xE0, 0x07, 0xC0, 0x00, 0x00, 0x00, 0x00, 0x00, 0x11, 0x80, 0x0E, 0xE0, 0x01,
    0xB8, 0x00, 0x70, 0x10, 0x1C, 0x03, 0x83, 0x80, 0x7F, 0x70, 0x1F, 0xFE, 0x00, 0x7F, 0xC0, 0x07,
    0x3C, 0x01, 0xE7, 0xC0, 0xF8, 0x7F, 0xFE, 0x07, 0xFF, 0x80, 0x1F, 0x00, 0x00, 0x00, 0x00, 0x00,
    0x00, 0x08, 0x80, 0x03, 0xB8, 0x00, 0x77, 0x00, 0x1C, 0x38, 0x70, 0xE0, 0xE1, 0xC3, 0x87, 0xFD,
    0xFB, 0xC0, 0x00, 0x08, 0xBB, 0xF7, 0x0E, 0x01, 0xC0, 0x30, 0x0E, 0x01, 0xE1, 0xFF, 0xBF, 0xFF,
    0x9F, 0x00, 0x00, 0x00, 0x88, 0x3B, 0x87, 0x70, 0x71, 0x01, 0xFE, 0x72, 0x38, 0xE0, 0x01, 0xC1,
    0x03, 0x87, 0x87, 0x0F, 0x8E, 0x07, 0x9C, 0x07, 0xF8, 0x03, 0xF0, 0x03, 0xC0, 0x03, 0xC0, 0x0F,
    0x80, 0x3B, 0x80, 0xE3, 0x03, 0x87, 0x0F, 0xFC, 0x1F, 0xF8, 0x3F, 0xE0, 0x71, 0x00, 0x7F, 0x80,
    0x23, 0x8E, 0x00, 0x07, 0x00, 0x03, 0x81, 0x01, 0xC0, 0xC0, 0xE0, 0xF0, 0x70, 0x3C, 0x38, 0x0F,
    0x1C, 0x03, 0xCE, 0x00, 0xE7, 0x00, 0x3B, 0x80, 0x0F, 0xC0, 0x07, 0xE0, 0x01, 0xF0, 0x01, 0xFC,
    0x3F, 0xEF, 0xDF, 0xE7, 0xEF, 0xC1, 0xF0, 0x20, 0x01, 0xC0, 0x0C, 0x00, 0x30, 0x00, 0x78, 0x73,
    0xC1, 0xC8, 0x07, 0x08, 0x1C, 0x78, 0x71, 0xF1, 0xC1, 0xE7, 0x03, 0xFC, 0x03, 0xF0, 0x07, 0x80,
    0x0F, 0x00, 0x7C, 0x03, 0xB8, 0x1C, 0x60, 0xE1, 0xC7, 0xFE, 0x1F, 0xF8, 0x7F, 0xC0, 0x20, 0x00,
    0x70, 0x00, 0xC0, 0x00, 0xC0, 0x00, 0x78, 0x00, 0xF0, 0x70, 0x80, 0x70, 0x00, 0x70, 0x40, 0x70,
    0x60, 0x70, 0xF0, 0x70, 0x78, 0x70, 0x3C, 0x70, 0x1E, 0x70, 0x0E, 0x70, 0x07, 0x70, 0x03, 0xF0,
    0x03, 0xF0, 0x01, 0xF0, 0x03, 0xF8, 0xFF, 0xBF, 0xFF, 0x3F, 0xFC, 0x1F, 0x00, 0xE0, 0x07, 0x00,
    0x38, 0x81, 0xCF, 0x0E, 0x7C, 0x70, 0xF3, 0x83, 0xFC, 0x07, 0xE0, 0x1E, 0x00, 0x78, 0x07, 0xC0,
    0x77, 0x07, 0x18, 0x70, 0xE7, 0xFE, 0x3F, 0xF1, 0xFF, 0x00, 0x00, 0x10, 0x03, 0x80, 0x10, 0x00,
    0x80, 0x07, 0x80, 0x7C, 0x02, 0x00, 0x00, 0x00, 0x70, 0x00, 0x70, 0x00, 0x70, 0x40, 0x70, 0x60,
    0x70, 0xF0, 0x70, 0x78, 0x70, 0x3C, 0x70, 0x1E, 0x70, 0x0E, 0x70, 0x07, 0x70, 0x03, 0xF0, 0x03,
    0xF0, 0x01, 0xF0, 0x03, 0xF8, 0xFF, 0xBF, 0xFF, 0x3F, 0xFC, 0x1F, 0x00, 0x00, 0x08, 0x00, 0x3C,
    0x00, 0x30, 0x00, 0x30, 0x00, 0x1E, 0x00, 0x3C, 0x00, 0x20, 0x00, 0x00, 0xE0, 0x07, 0x00, 0x38,
    0x81, 0xCF, 0x0E, 0x7C, 0x70, 0xF3, 0x83, 0xFC, 0x07, 0xE0, 0x1E, 0x00, 0x78, 0x07, 0xC0, 0x77,
    0x07, 0x18, 0x70, 0xE7, 0xFE, 0x3F, 0xF1, 0xFF, 0x00, 0x00, 0x70, 0x00, 0x70, 0x00, 0x70, 0x40,
    0x70, 0x60, 0x70, 0xF0, 0x70, 0x78, 0x70, 0x3C, 0x70, 0x1E, 0x70, 0x0E, 0x70, 0x07, 0x70, 0x03,
    0xF0, 0x03, 0xF0, 0x01, 0xF0, 0x03, 0xF8, 0xFF, 0xBF, 0xFF, 0x3F, 0xFC, 0x1F, 0x00, 0x10, 0x00,
    0x00, 0x70, 0x00, 0x01, 0xF0, 0x00, 0x07, 0xF0, 0x00, 0x1F, 0xF0, 0x00, 0x78, 0xF0, 0x01, 0x80,
    0x70, 0x07, 0x80, 0x70, 0x1F, 0x78, 0xF0, 0x7F, 0xF1, 0xF1, 0xFF, 0xC7, 0xF7, 0xFF, 0x0F, 0xF7,
    0xFC, 0x7F, 0xC7, 0xF9, 0xFF, 0x07, 0xF3, 0xFC, 0x07, 0xFF, 0xF0, 0x07, 0xCF, 0xC0, 0x07, 0x0F,
    0x00, 0x07, 0x1C, 0x00, 0x07, 0xF0, 0x00, 0x07, 0xC0, 0x00, 0x07, 0x00, 0x00, 0x04, 0x00, 0x00,
};

static const EpdGlyph geist_ui_12_semiboldGlyphs[] = {
    { 1, 1, 0, 0, 1, 1, 0 }, // U+0000
    { 1, 1, 104, 0, 1, 1, 1 }, // U+000D
    { 1, 1, 94, 0, 1, 1, 2 }, // U+0020
    { 3, 18, 97, 1, 18, 7, 3 }, // !
    { 7, 7, 150, 1, 18, 7, 10 }, // "
    { 14, 18, 221, 0, 18, 32, 17 }, // #
    { 13, 23, 262, 2, 21, 38, 49 }, // $
    { 19, 18, 327, 1, 18, 43, 87 }, // %
    { 15, 18, 272, 1, 18, 34, 130 }, // &
    { 3, 7, 78, 1, 18, 3, 164 }, // '
    { 6, 22, 122, 1, 19, 17, 167 }, // (
    { 6, 22, 122, 0, 19, 17, 184 }, // )
    { 9, 8, 170, 1, 18, 9, 201 }, // *
    { 13, 13, 226, 0, 14, 22, 210 }, // +
    { 3, 6, 90, 1, 2, 3, 232 }, // ,
    { 9, 2, 167, 1, 8, 3, 235 }, // -
    { 3, 2, 90, 1, 2, 1, 238 }, // .
    { 10, 22, 203, 1, 19, 28, 239 }, // /
    { 15, 18, 275, 1, 18, 34, 267 }, // 0
    { 7, 18, 171, 1, 18, 16, 301 }, // 1
    { 13, 18, 257, 1, 18, 30, 317 }, // 2
    { 14, 18, 255, 1, 18, 32, 347 }, // 3
    { 14, 18, 257, 1, 18, 32, 379 }, // 4
    { 13, 18, 262, 2, 18, 30, 411 }, // 5
    { 13, 18, 259, 1, 18, 30, 441 }, // 6
    { 13, 18, 215, 1, 18, 30, 471 }, // 7
    { 14, 18, 258, 1, 18, 32, 501 }, // 8
    { 13, 18, 260, 1, 18, 30, 533 }, // 9
    { 3, 13, 122, 2, 13, 5, 563 }, // :
    { 3, 16, 122, 2, 12, 6, 568 }, // ;
    { 12, 13, 219, 1, 14, 20, 574 }, // <
    { 12, 8, 219, 1, 11, 12, 594 }, // =
    { 12, 13, 219, 1, 14, 20, 606 }, // >
    { 12, 18, 232, 1, 18, 27, 626 }, // ?
    { 21, 21, 378, 1, 18, 56, 653 }, // @
    { 17, 18, 284, 0, 18, 39, 709 }, // A
    { 14, 18, 278, 2, 18, 32, 748 }, // B
    { 16, 18, 290, 1, 18, 36, 780 }, // C
    { 15, 18, 285, 2, 18, 34, 816 }, // D
    { 12, 18, 246, 2, 18, 27, 850 }, // E
    { 12, 18, 240, 2, 18, 27, 877 }, // F
    { 16, 18, 290, 1, 18, 36, 904 }, // G
    { 14, 18, 288, 2, 18, 32, 940 }, // H
    { 3, 18, 116, 2, 18, 7, 972 }, // I
    { 12, 18, 247, 1, 18, 27, 979 }, // J
    { 14, 18, 269, 2, 18, 32, 1006 }, // K
    { 12, 18, 234, 2, 18, 27, 1038 }, // L
    { 18, 18, 361, 2, 18, 41, 1065 }, // M
    { 15, 18, 299, 2, 18, 34, 1106 }, // N
    { 17, 18, 305, 1, 18, 39, 1140 }, // O
    { 13, 18, 266, 2, 18, 30, 1179 }, // P
    { 17, 19, 303, 1, 18, 41, 1209 }, // Q
    { 14, 18, 276, 2, 18, 32, 1250 }, // R
    { 14, 18, 267, 2, 18, 32, 1282 }, // S
    { 14, 18, 234, 1, 18, 32, 1314 }, // T
    { 14, 18, 280, 2, 18, 32, 1346 }, // U
    { 17, 18, 284, 0, 18, 39, 1378 }, // V
    { 23, 18, 396, 1, 18, 52, 1417 }, // W
    { 16, 18, 264, 0, 18, 36, 1469 }, // X
    { 15, 18, 245, 0, 18, 34, 1505 }, // Y
    { 13, 18, 231, 1, 18, 30, 1539 }, // Z
    { 7, 22, 150, 2, 19, 20, 1569 }, // [
    { 10, 22, 194, 1, 19, 28, 1589 }, // <backslash>
    { 7, 22, 150, 1, 19, 20, 1617 }, // ]
    { 9, 8, 180, 1, 18, 9, 1637 }, // ^
    { 12, 2, 224, 1, -1, 3, 1646 }, // _
    { 5, 2, 107, 1, 17, 2, 1649 }, // `
    { 13, 14, 232, 1, 14, 23, 1651 }, // a
    { 13, 18, 248, 2, 18, 30, 1674 }, // b
    { 12, 14, 232, 1, 14, 21, 1704 }, // c
    { 13, 18, 248, 1, 18, 30, 1725 }, // d
    { 13, 14, 236, 1, 14, 23, 1755 }, // e
    { 9, 18, 172, 1, 18, 21, 1778 }, // f
    { 13, 18, 248, 1, 14, 30, 1799 }, // g
    { 11, 18, 240, 2, 18, 25, 1829 }, // h
    { 3, 18, 108, 2, 18, 7, 1854 }, // i
    { 6, 22, 123, 0, 18, 17, 1861 }, // j
    { 13, 18, 251, 2, 18, 30, 1878 }, // k
    { 5, 18, 119, 2, 18, 12, 1908 }, // l
    { 19, 14, 357, 2, 14, 34, 1920 }, // m
    { 11, 14, 240, 2, 14, 20, 1954 }, // n
    { 13, 14, 241, 1, 14, 23, 1974 }, // o
    { 13, 18, 248, 2, 14, 30, 1997 }, // p
    { 13, 18, 248, 1, 14, 30, 2027 }, // q
    { 8, 14, 164, 2, 14, 14, 2057 }, // r
    { 11, 14, 222, 1, 14, 20, 2071 }, // s
    { 9, 17, 171, 1, 17, 20, 2091 }, // t
    { 11, 14, 239, 2, 14, 20, 2111 }, // u
    { 13, 14, 234, 1, 14, 23, 2131 }, // v
    { 19, 14, 336, 1, 14, 34, 2154 }, // w
    { 14, 14, 251, 1, 14, 25, 2188 }, // x
    { 13, 18, 228, 1, 14, 30, 2213 }, // y
    { 11, 14, 232, 1, 14, 20, 2243 }, // z
    { 10, 22, 160, 1, 19, 28, 2263 }, // {
    { 3, 22, 114, 2, 19, 9, 2291 }, // |
    { 9, 22, 160, 1, 19, 25, 2300 }, // }
    { 11, 5, 209, 1, 11, 7, 2325 }, // ~
    { 1, 1, 94, 0, 1, 1, 2332 }, // U+00A0
    { 3, 18, 97, 1, 14, 7, 2333 }, // U+00A1
    { 12, 18, 232, 1, 18, 27, 2340 }, // U+00A2
    { 13, 18, 254, 1, 18, 30, 2367 }, // U+00A3
    { 13, 13, 252, 1, 15, 22, 2397 }, // U+00A4
    { 16, 18, 245, -1, 18, 36, 2419 }, // U+00A5
    { 3, 22, 114, 2, 19, 9, 2455 }, // U+00A6
    { 11, 20, 235, 2, 18, 28, 2464 }, // U+00A7
    { 8, 2, 162, 1, 17, 2, 2492 }, // U+00A8
    { 18, 19, 330, 1, 19, 43, 2494 }, // U+00A9
    { 9, 9, 169, 1, 18, 11, 2537 }, // U+00AA
    { 13, 10, 243, 1, 12, 17, 2548 }, // U+00AB
    { 12, 7, 203, 0, 8, 11, 2565 }, // U+00AC
    { 7, 3, 128, 1, 8, 3, 2576 }, // U+00AD
    { 14, 14, 258, 1, 19, 25, 2579 }, // U+00AE
    { 7, 2, 147, 1, 18, 2, 2604 }, // U+00AF
    { 9, 9, 168, 1, 19, 11, 2606 }, // U+00B0
    { 12, 15, 218, 1, 15, 23, 2617 }, // U+00B1
    { 7, 10, 146, 1, 18, 9, 2640 }, // U+00B2
    { 7, 10, 143, 0, 18, 9, 2649 }, // U+00B3
    { 5, 2, 107, 1, 17, 2, 2658 }, // U+00B4
    { 11, 18, 239, 2, 14, 25, 2660 }, // U+00B5
    { 14, 18, 256, 1, 18, 32, 2685 }, // U+00B6
    { 3, 2, 90, 1, 8, 1, 2717 }, // U+00B7
    { 6, 6, 130, 1, 1, 5, 2718 }, // U+00B8
    { 5, 10, 107, 0, 18, 7, 2723 }, // U+00B9
    { 9, 9, 175, 1, 18, 11, 2730 }, // U+00BA
    { 13, 10, 246, 1, 12, 17, 2741 }, // U+00BB
    { 19, 18, 308, 0, 18, 43, 2758 }, // U+00BC
    { 20, 18, 332, 0, 18, 45, 2801 }, // U+00BD
    { 20, 18, 331, 0, 18, 45, 2846 }, // U+00BE
    { 12, 17, 232, 1, 13, 26, 2891 }, // U+00BF
    { 17, 23, 284, 0, 23, 49, 2917 }, // U+00C0
    { 17, 23, 284, 0, 23, 49, 2966 }, // U+00C1
    { 17, 24, 284, 0, 24, 51, 3015 }, // U+00C2
    { 17, 23, 285, 0, 23, 49, 3066 }, // U+00C3
    { 16, 22, 284, 1, 22, 44, 3115 }, // U+00C4
    { 17, 24, 285, 0, 24, 51, 3159 }, // U+00C5
    { 23, 18, 408, 1, 18, 52, 3210 }, // U+00C6
    { 16, 23, 290, 1, 18, 46, 3262 }, // U+00C7
    { 12, 23, 246, 2, 23, 35, 3308 }, // U+00C8
    { 12, 23, 246, 2, 23, 35, 3343 }, // U+00C9
    { 12, 24, 246, 2, 24, 36, 3378 }, // U+00CA
    { 12, 22, 246, 2, 22, 33, 3414 }, // U+00CB
    { 5, 23, 116, 0, 23, 15, 3447 }, // U+00CC
    { 5, 23, 116, 2, 23, 15, 3462 }, // U+00CD
    { 7, 24, 116, 0, 24, 21, 3477 }, // U+00CE
    { 8, 22, 116, 0, 22, 22, 3498 }, // U+00CF
    { 17, 18, 285, 0, 18, 39, 3520 }, // U+00D0
    { 15, 23, 299, 2, 23, 44, 3559 }, // U+00D1
    { 17, 24, 305, 1, 24, 51, 3603 }, // U+00D2
    { 17, 22, 305, 1, 22, 47, 3654 }, // U+00D3
    { 17, 24, 305, 1, 24, 51, 3701 }, // U+00D4
    { 17, 24, 305, 1, 24, 51, 3752 }, // U+00D5
    { 17, 23, 305, 1, 23, 49, 3803 }, // U+00D6
    { 11, 11, 211, 1, 13, 16, 3852 }, // U+00D7
    { 17, 18, 305, 1, 18, 39, 3868 }, // U+00D8
    { 14, 24, 280, 2, 24, 42, 3907 }, // U+00D9
    { 14, 22, 280, 2, 22, 39, 3949 }, // U+00DA
    { 14, 24, 280, 2, 24, 42, 3988 }, // U+00DB
    { 14, 23, 280, 2, 23, 41, 4030 }, // U+00DC
    { 15, 23, 245, 0, 23, 44, 4071 }, // U+00DD
    { 13, 18, 254, 2, 18, 30, 4115 }, // U+00DE
    { 13, 18, 253, 2, 18, 30, 4145 }, // U+00DF
    { 13, 18, 232, 1, 18, 30, 4175 }, // U+00E0
    { 13, 18, 232, 1, 18, 30, 4205 }, // U+00E1
    { 13, 20, 232, 1, 20, 33, 4235 }, // U+00E2
    { 13, 19, 232, 1, 19, 31, 4268 }, // U+00E3
    { 13, 18, 232, 1, 18, 30, 4299 }, // U+00E4
    { 13, 20, 232, 1, 20, 33, 4329 }, // U+00E5
    { 22, 14, 378, 1, 14, 39, 4362 }, // U+00E6
    { 12, 19, 232, 1, 14, 29, 4401 }, // U+00E7
    { 13, 18, 236, 1, 18, 30, 4430 }, // U+00E8
    { 13, 19, 236, 1, 19, 31, 4460 }, // U+00E9
    { 13, 19, 236, 1, 19, 31, 4491 }, // U+00EA
    { 13, 18, 236, 1, 18, 30, 4522 }, // U+00EB
    { 5, 19, 108, 0, 19, 12, 4552 }, // U+00EC
    { 5, 19, 108, 2, 19, 12, 4564 }, // U+00ED
    { 7, 19, 108, 0, 19, 17, 4576 }, // U+00EE
    { 8, 18, 108, -1, 18, 18, 4593 }, // U+00EF
    { 13, 19, 241, 1, 19, 31, 4611 }, // U+00F0
    { 11, 19, 240, 2, 19, 27, 4642 }, // U+00F1
    { 13, 18, 241, 1, 18, 30, 4669 }, // U+00F2
    { 13, 18, 241, 1, 18, 30, 4699 }, // U+00F3
    { 13, 20, 241, 1, 20, 33, 4729 }, // U+00F4
    { 13, 19, 241, 1, 19, 31, 4762 }, // U+00F5
    { 13, 18, 241, 1, 18, 30, 4793 }, // U+00F6
    { 12, 14, 222, 1, 14, 21, 4823 }, // U+00F7
    { 13, 14, 241, 1, 14, 23, 4844 }, // U+00F8
    { 11, 18, 239, 2, 18, 25, 4867 }, // U+00F9
    { 11, 18, 239, 2, 18, 25, 4892 }, // U+00FA
    { 11, 20, 239, 2, 20, 28, 4917 }, // U+00FB
    { 11, 18, 239, 2, 18, 25, 4945 }, // U+00FC
    { 13, 21, 228, 1, 17, 35, 4970 }, // U+00FD
    { 12, 22, 246, 2, 18, 33, 5005 }, // U+00FE
    { 14, 22, 228, 0, 18, 39, 5038 }, // U+00FF
    { 17, 22, 284, 0, 22, 47, 5077 }, // U+0100
    { 13, 18, 232, 1, 18, 30, 5124 }, // U+0101
    { 17, 24, 284, 0, 24, 51, 5154 }, // U+0102
    { 13, 19, 232, 1, 19, 31, 5205 }, // U+0103
    { 18, 23, 284, 0, 18, 52, 5236 }, // U+0104
    { 14, 19, 232, 1, 14, 34, 5288 }, // U+0105
    { 16, 22, 290, 1, 22, 44, 5322 }, // U+0106
    { 12, 18, 232, 1, 18, 27, 5366 }, // U+0107
    { 16, 24, 290, 1, 24, 48, 5393 }, // U+0108
    { 12, 20, 232, 1, 20, 30, 5441 }, // U+0109
    { 16, 23, 290, 1, 23, 46, 5471 }, // U+010A
    { 13, 18, 232, 1, 18, 30, 5517 }, // U+010B
    { 16, 24, 290, 1, 24, 48, 5547 }, // U+010C
    { 12, 19, 232, 1, 19, 29, 5595 }, // U+010D
    { 15, 24, 285, 2, 24, 45, 5624 }, // U+010E
    { 18, 18, 286, 1, 18, 41, 5669 }, // U+010F
    { 17, 18, 285, 0, 18, 39, 5710 }, // U+0110
    { 15, 18, 248, 1, 18, 34, 5749 }, // U+0111
    { 12, 22, 246, 2, 22, 33, 5783 }, // U+0112
    { 13, 18, 236, 1, 18, 30, 5816 }, // U+0113
    { 10, 24, 224, 2, 24, 30, 5846 }, // U+0114
    { 13, 19, 239, 1, 19, 31, 5876 }, // U+0115
    { 12, 22, 246, 2, 22, 33, 5907 }, // U+0116
    { 13, 18, 236, 1, 18, 30, 5940 }, // U+0117
    { 13, 23, 246, 2, 18, 38, 5970 }, // U+0118
    { 13, 19, 236, 1, 14, 31, 6008 }, // U+0119
    { 12, 24, 246, 2, 24, 36, 6039 }, // U+011A
    { 13, 19, 236, 1, 19, 31, 6075 }, // U+011B
    { 16, 24, 290, 1, 24, 48, 6106 }, // U+011C
    { 13, 23, 248, 1, 19, 38, 6154 }, // U+011D
    { 16, 24, 290, 1, 24, 48, 6192 }, // U+011E
    { 13, 23, 248, 1, 19, 38, 6240 }, // U+011F
    { 16, 23, 290, 1, 23, 46, 6278 }, // U+0120
    { 13, 22, 248, 1, 18, 36, 6324 }, // U+0121
    { 16, 25, 290, 1, 18, 50, 6360 }, // U+0122
    { 13, 25, 248, 1, 21, 41, 6410 }, // U+0123
    { 14, 24, 288, 2, 24, 42, 6451 }, // U+0124
    { 13, 23, 240, 0, 23, 38, 6493 }, // U+0125
    { 18, 18, 288, 1, 18, 41, 6531 }, // U+0126
    { 13, 18, 240, 0, 18, 30, 6572 }, // U+0127
    { 9, 23, 116, -1, 23, 26, 6602 }, // U+0128
    { 9, 19, 108, -1, 19, 22, 6628 }, // U+0129
    { 7, 22, 116, 0, 22, 20, 6650 }, // U+012A
    { 7, 18, 108, 0, 18, 16, 6670 }, // U+012B
    { 10, 24, 156, 1, 24, 30, 6686 }, // U+012C
    { 10, 19, 120, -1, 19, 24, 6716 }, // U+012D
    { 5, 23, 116, 1, 18, 15, 6740 }, // U+012E
    { 5, 23, 108, 1, 18, 15, 6755 }, // U+012F
    { 3, 22, 116, 2, 22, 9, 6770 }, // U+0130
    { 3, 14, 108, 2, 14, 6, 6779 }, // U+0131
    { 19, 18, 356, 2, 18, 43, 6785 }, // U+0132
    { 10, 22, 222, 2, 18, 28, 6828 }, // U+0133
    { 14, 24, 247, 1, 24, 42, 6856 }, // U+0134
    { 8, 23, 123, 0, 19, 23, 6898 }, // U+0135
    { 14, 25, 269, 2, 18, 44, 6921 }, // U+0136
    { 12, 25, 251, 2, 18, 38, 6965 }, // U+0137
    { 14, 14, 248, 2, 14, 25, 7003 }, // U+0138
    { 12, 23, 234, 2, 23, 35, 7028 }, // U+0139
    { 5, 21, 119, 2, 21, 14, 7063 }, // U+013A
    { 12, 25, 234, 2, 18, 38, 7077 }, // U+013B
    { 5, 25, 119, 2, 18, 16, 7115 }, // U+013C
    { 12, 18, 234, 2, 18, 27, 7131 }, // U+013D
    { 8, 18, 146, 2, 18, 18, 7158 }, // U+013E
    { 11, 18, 224, 2, 18, 25, 7176 }, // U+013F
    { 9, 19, 148, 2, 19, 22, 7201 }, // U+0140
    { 14, 18, 234, 0, 18, 32, 7223 }, // U+0141
    { 7, 18, 119, 0, 18, 16, 7255 }, // U+0142
    { 15, 23, 299, 2, 23, 44, 7271 }, // U+0143
    { 11, 19, 240, 2, 19, 27, 7315 }, // U+0144
    { 15, 25, 299, 2, 18, 47, 7342 }, // U+0145
    { 11, 21, 240, 2, 14, 29, 7389 }, // U+0146
    { 15, 24, 299, 2, 24, 45, 7418 }, // U+0147
    { 11, 19, 240, 2, 19, 27, 7463 }, // U+0148
    { 18, 18, 310, 0, 18, 41, 7490 }, // U+0149
    { 15, 22, 299, 2, 18, 42, 7531 }, // U+014A
    { 11, 18, 240, 2, 14, 25, 7573 }, // U+014B
    { 17, 23, 305, 1, 23, 49, 7598 }, // U+014C
    { 13, 18, 241, 1, 18, 30, 7647 }, // U+014D
    { 17, 24, 316, 1, 24, 51, 7677 }, // U+014E
    { 13, 19, 250, 1, 19, 31, 7728 }, // U+014F
    { 17, 22, 305, 1, 22, 47, 7759 }, // U+0150
    { 13, 18, 241, 1, 18, 30, 7806 }, // U+0151
    { 25, 18, 444, 1, 18, 57, 7836 }, // U+0152
    { 22, 14, 394, 1, 14, 39, 7893 }, // U+0153
    { 14, 23, 276, 2, 23, 41, 7932 }, // U+0154
    { 8, 19, 164, 2, 19, 19, 7973 }, // U+0155
    { 14, 25, 276, 2, 18, 44, 7992 }, // U+0156
    { 8, 21, 164, 2, 14, 21, 8036 }, // U+0157
    { 14, 24, 276, 2, 24, 42, 8057 }, // U+0158
    { 8, 19, 164, 2, 19, 19, 8099 }, // U+0159
    { 14, 22, 267, 2, 22, 39, 8118 }, // U+015A
    { 11, 18, 222, 1, 18, 25, 8157 }, // U+015B
    { 14, 24, 267, 2, 24, 42, 8182 }, // U+015C
    { 11, 20, 222, 1, 20, 28, 8224 }, // U+015D
    { 14, 23, 267, 2, 18, 41, 8252 }, // U+015E
    { 11, 19, 222, 1, 14, 27, 8293 }, // U+015F
    { 14, 24, 267, 2, 24, 42, 8320 }, // U+0160
    { 11, 19, 222, 1, 19, 27, 8362 }, // U+0161
    { 14, 23, 234, 1, 18, 41, 8389 }, // U+0162
    { 9, 22, 171, 1, 17, 25, 8430 }, // U+0163
    { 14, 24, 234, 1, 24, 42, 8455 }, // U+0164
    { 10, 20, 173, 1, 20, 25, 8497 }, // U+0165
    { 14, 18, 234, 1, 18, 32, 8522 }, // U+0166
    { 9, 17, 171, 1, 17, 20, 8554 }, // U+0167
    { 14, 24, 280, 2, 24, 42, 8574 }, // U+0168
    { 11, 19, 239, 2, 19, 27, 8616 }, // U+0169
    { 14, 23, 280, 2, 23, 41, 8643 }, // U+016A
    { 11, 18, 239, 2, 18, 25, 8684 }, // U+016B
    { 14, 24, 280, 2, 24, 42, 8709 }, // U+016C
    { 11, 19, 239, 2, 19, 27, 8751 }, // U+016D
    { 14, 24, 280, 2, 24, 42, 8778 }, // U+016E
    { 11, 20, 239, 2, 20, 28, 8820 }, // U+016F
    { 14, 22, 280, 2, 22, 39, 8848 }, // U+0170
    { 11, 18, 239, 2, 18, 25, 8887 }, // U+0171
    { 14, 23, 280, 2, 18, 41, 8912 }, // U+0172
    { 12, 19, 239, 2, 14, 29, 8953 }, // U+0173
    { 23, 24, 396, 1, 24, 69, 8982 }, // U+0174
    { 19, 19, 336, 1, 19, 46, 9051 }, // U+0175
    { 15, 23, 245, 0, 23, 44, 9097 }, // U+0176
    { 13, 23, 228, 1, 19, 38, 9141 }, // U+0177
    { 16, 22, 245, 0, 22, 44, 9179 }, // U+0178
    { 13, 23, 231, 1, 23, 38, 9223 }, // U+0179
    { 11, 19, 232, 1, 19, 27, 9261 }, // U+017A
    { 13, 22, 231, 1, 22, 36, 9288 }, // U+017B
    { 11, 18, 232, 1, 18, 25, 9324 }, // U+017C
    { 13, 24, 231, 1, 24, 39, 9349 }, // U+017D
    { 11, 19, 232, 1, 19, 27, 9388 }, // U+017E
    { 8, 19, 153, 2, 19, 19, 9415 }, // U+017F
    { 20, 19, 328, 1, 19, 48, 9434 }, // U+01A0
    { 16, 16, 272, 1, 16, 32, 9482 }, // U+01A1
    { 20, 19, 354, 2, 19, 48, 9514 }, // U+01AF
    { 18, 16, 303, 2, 16, 36, 9562 }, // U+01B0
    { 30, 24, 524, 2, 24, 90, 9598 }, // U+01C4
    { 28, 19, 490, 2, 19, 67, 9688 }, // U+01C5
    { 26, 19, 450, 1, 19, 62, 9755 }, // U+01C6
    { 18, 23, 358, 2, 18, 52, 9817 }, // U+01C7
    { 18, 25, 348, 2, 19, 57, 9869 }, // U+01C8
    { 11, 25, 244, 2, 19, 35, 9926 }, // U+01C9
    { 24, 23, 458, 2, 18, 69, 9961 }, // U+01CA
    { 24, 25, 447, 2, 19, 75, 10030 }, // U+01CB
    { 20, 25, 385, 2, 19, 63, 10105 }, // U+01CC
    { 17, 24, 284, 0, 24, 51, 10168 }, // U+01CD
    { 13, 19, 232, 1, 19, 31, 10219 }, // U+01CE
    { 10, 24, 156, 0, 24, 30, 10250 }, // U+01CF
    { 11, 19, 120, -1, 19, 27, 10280 }, // U+01D0
    { 17, 24, 316, 1, 24, 51, 10307 }, // U+01D1
    { 13, 19, 250, 1, 19, 31, 10358 }, // U+01D2
    { 15, 24, 302, 2, 24, 45, 10389 }, // U+01D3
    { 13, 19, 260, 2, 19, 31, 10434 }, // U+01D4
    { 15, 26, 302, 2, 26, 49, 10465 }, // U+01D5
    { 13, 22, 260, 2, 22, 36, 10514 }, // U+01D6
    { 15, 26, 302, 2, 26, 49, 10550 }, // U+01D7
    { 13, 22, 260, 2, 22, 36, 10599 }, // U+01D8
    { 15, 27, 302, 2, 27, 51, 10635 }, // U+01D9
    { 13, 23, 260, 2, 23, 38, 10686 }, // U+01DA
    { 15, 26, 302, 2, 26, 49, 10724 }, // U+01DB
    { 13, 22, 260, 2, 22, 36, 10773 }, // U+01DC
    { 13, 14, 239, 1, 14, 23, 10809 }, // U+01DD
    { 19, 26, 277, 0, 26, 62, 10832 }, // U+01DE
    { 12, 22, 240, 1, 22, 33, 10894 }, // U+01DF
    { 18, 26, 277, -1, 26, 59, 10927 }, // U+01E0
    { 12, 22, 240, 1, 22, 33, 10986 }, // U+01E1
    { 22, 22, 381, 0, 22, 61, 11019 }, // U+01E2
    { 21, 18, 367, 1, 18, 48, 11080 }, // U+01E3
    { 17, 18, 307, 1, 18, 39, 11128 }, // U+01E4
    { 15, 18, 259, 1, 14, 34, 11167 }, // U+01E5
    { 16, 24, 290, 1, 24, 48, 11201 }, // U+01E6
    { 13, 23, 248, 1, 19, 38, 11249 }, // U+01E7
    { 14, 24, 269, 2, 24, 42, 11287 }, // U+01E8
    { 15, 23, 251, 0, 23, 44, 11329 }, // U+01E9
    { 17, 24, 316, 1, 18, 51, 11373 }, // U+01EA
    { 13, 20, 250, 1, 14, 33, 11424 }, // U+01EB
    { 17, 28, 316, 1, 22, 60, 11457 }, // U+01EC
    { 13, 24, 250, 1, 18, 39, 11517 }, // U+01ED
    { 14, 24, 236, 0, 24, 42, 11556 }, // U+01EE
    { 13, 25, 232, 0, 19, 41, 11598 }, // U+01EF
    { 11, 25, 119, -1, 19, 35, 11639 }, // U+01F0
    { 30, 18, 524, 2, 18, 68, 11674 }, // U+01F1
    { 28, 18, 490, 2, 18, 63, 11742 }, // U+01F2
    { 26, 19, 450, 1, 19, 62, 11805 }, // U+01F3
    { 15, 24, 290, 1, 24, 45, 11867 }, // U+01F4
    { 13, 25, 253, 1, 19, 41, 11912 }, // U+01F5
    { 22, 18, 419, 2, 18, 50, 11953 }, // U+01F6
    { 13, 24, 270, 2, 18, 39, 12003 }, // U+01F7
    { 16, 24, 322, 2, 24, 48, 12042 }, // U+01F8
    { 13, 19, 260, 2, 19, 31, 12090 }, // U+01F9
    { 18, 24, 276, 0, 24, 54, 12121 }, // U+01FA
    { 12, 25, 240, 1, 25, 38, 12175 }, // U+01FB
    { 23, 24, 381, 0, 24, 69, 12213 }, // U+01FC
    { 21, 19, 367, 1, 19, 50, 12282 }, // U+01FD
    { 17, 25, 316, 1, 24, 54, 12332 }, // U+01FE
    { 13, 20, 248, 1, 19, 33, 12386 }, // U+01FF
    { 17, 23, 277, 0, 23, 49, 12419 }, // U+0200
    { 12, 19, 240, 1, 19, 29, 12468 }, // U+0201
    { 17, 24, 277, 0, 24, 51, 12497 }, // U+0202
    { 12, 19, 240, 1, 19, 29, 12548 }, // U+0203
    { 12, 23, 224, 1, 23, 35, 12577 }, // U+0204
    { 13, 19, 239, 1, 19, 31, 12612 }, // U+0205
    { 11, 24, 224, 2, 24, 33, 12643 }, // U+0206
    { 13, 19, 239, 1, 19, 31, 12676 }, // U+0207
    { 11, 23, 156, -2, 23, 32, 12707 }, // U+0208
    { 11, 19, 120, -3, 19, 27, 12739 }, // U+0209
    { 10, 24, 156, 0, 24, 30, 12766 }, // U+020A
    { 10, 19, 120, -1, 19, 24, 12796 }, // U+020B
    { 17, 24, 316, 1, 24, 51, 12820 }, // U+020C
    { 13, 19, 250, 1, 19, 31, 12871 }, // U+020D
    { 17, 24, 316, 1, 24, 51, 12902 }, // U+020E
    { 13, 19, 250, 1, 19, 31, 12953 }, // U+020F
    { 16, 23, 262, 1, 23, 46, 12984 }, // U+0210
    { 11, 19, 179, 0, 19, 27, 13030 }, // U+0211
    { 15, 24, 262, 2, 24, 45, 13057 }, // U+0212
    { 9, 19, 179, 2, 19, 22, 13102 }, // U+0213
    { 15, 24, 302, 2, 24, 45, 13124 }, // U+0214
    { 13, 19, 260, 2, 19, 31, 13169 }, // U+0215
    { 15, 24, 302, 2, 24, 45, 13200 }, // U+0216
    { 13, 19, 260, 2, 19, 31, 13245 }, // U+0217
    { 14, 25, 267, 2, 18, 44, 13276 }, // U+0218
    { 11, 21, 222, 1, 14, 29, 13320 }, // U+0219
    { 14, 25, 234, 1, 18, 44, 13349 }, // U+021A
    { 9, 24, 171, 1, 17, 27, 13393 }, // U+021B
    { 13, 23, 252, 1, 18, 38, 13420 }, // U+021C
    { 11, 20, 202, 1, 14, 28, 13458 }, // U+021D
    { 15, 24, 306, 2, 24, 45, 13486 }, // U+021E
    { 16, 25, 260, -1, 25, 50, 13531 }, // U+021F
    { 5, 2, 0, 1, 17, 2, 13581 }, // U+0300
    { 5, 2, 0, 1, 17, 2, 13583 }, // U+0301
    { 8, 4, 0, 1, 19, 4, 13585 }, // U+0302
    { 9, 3, 0, 0, 18, 4, 13589 }, // U+0303
    { 7, 2, 0, 1, 18, 2, 13593 }, // U+0304
    { 10, 3, 0, -5, 22, 4, 13595 }, // U+0305
    { 7, 4, 0, 1, 19, 4, 13599 }, // U+0306
    { 3, 2, 0, 1, 18, 1, 13603 }, // U+0307
    { 8, 2, 0, 1, 17, 2, 13604 }, // U+0308
    { 6, 6, 0, -11, 21, 5, 13606 }, // U+0309
    { 5, 5, 0, 1, 20, 4, 13611 }, // U+030A
    { 9, 2, 0, 1, 17, 3, 13615 }, // U+030B
    { 8, 4, 0, 1, 19, 4, 13618 }, // U+030C
    { 3, 4, 0, -1, 19, 2, 13622 }, // U+030D
    { 7, 4, 0, -3, 19, 4, 13624 }, // U+030E
    { 10, 4, 0, -14, 19, 5, 13628 }, // U+030F
    { 9, 6, 0, -5, 21, 7, 13633 }, // U+0310
    { 10, 5, 0, -5, 20, 7, 13640 }, // U+0311
    { 3, 5, 0, 1, 20, 2, 13647 }, // U+0312
    { 4, 6, 0, -2, 18, 3, 13649 }, // U+0313
    { 4, 6, 0, -2, 18, 3, 13652 }, // U+0314
    { 4, 6, 0, -2, 18, 3, 13655 }, // U+0315
    { 7, 4, 0, -4, -1, 4, 13658 }, // U+0316
    { 8, 4, 0, -4, -1, 4, 13662 }, // U+0317
    { 5, 5, 0, -3, 0, 4, 13666 }, // U+0318
    { 5, 5, 0, -2, 0, 4, 13670 }, // U+0319
    { 7, 6, 120, 0, 19, 6, 13674 }, // U+031A
    { 6, 6, 0, -2, 19, 5, 13680 }, // U+031B
    { 3, 5, 0, -1, -1, 2, 13685 }, // U+031C
    { 5, 4, 0, -3, -1, 3, 13687 }, // U+031D
    { 5, 4, 0, -3, -1, 3, 13690 }, // U+031E
    { 5, 5, 0, -3, -1, 4, 13693 }, // U+031F
    { 5, 1, 0, -3, -3, 1, 13697 }, // U+0320
    { 6, 8, 0, -6, 2, 6, 13698 }, // U+0321
    { 6, 8, 0, 0, 2, 6, 13704 }, // U+0322
    { 4, 3, 0, -10, -2, 2, 13710 }, // U+0323
    { 9, 3, 0, -4, -2, 4, 13712 }, // U+0324
    { 6, 6, 0, -3, 1, 5, 13716 }, // U+0325
    { 3, 5, 0, 1, -2, 2, 13721 }, // U+0326
    { 6, 6, 0, 1, 1, 5, 13723 }, // U+0327
    { 5, 6, 0, 1, 0, 4, 13728 }, // U+0328
    { 3, 4, 0, -1, -1, 2, 13732 }, // U+0329
    { 9, 4, 0, -4, -1, 5, 13734 }, // U+032A
    { 9, 3, 0, -5, -1, 4, 13739 }, // U+032B
    { 11, 4, 0, -5, -1, 6, 13743 }, // U+032C
    { 10, 4, 0, -5, -1, 5, 13749 }, // U+032D
    { 10, 4, 0, -5, -1, 5, 13754 }, // U+032E
    { 10, 5, 0, -5, -1, 7, 13759 }, // U+032F
    { 10, 4, 0, -5, -1, 5, 13766 }, // U+0330
    { 8, 3, 0, -4, -1, 3, 13771 }, // U+0331
    { 12, 1, 0, -6, -3, 2, 13774 }, // U+0332
    { 10, 5, 0, -6, 0, 7, 13776 }, // U+0333
    { 10, 4, 0, -5, 9, 5, 13783 }, // U+0334
    { 8, 2, 0, 3, 9, 2, 13788 }, // U+0335
    { 18, 2, 0, 1, 15, 5, 13790 }, // U+0336
    { 7, 6, 0, 1, 13, 6, 13795 }, // U+0337
    { 12, 15, 0, 1, 15, 23, 13801 }, // U+0338
    { 3, 5, 0, -1, -1, 2, 13824 }, // U+0339
    { 9, 5, 0, -4, 0, 6, 13826 }, // U+033A
    { 9, 5, 0, -5, -1, 6, 13832 }, // U+033B
    { 9, 3, 0, -5, -2, 4, 13838 }, // U+033C
    { 6, 6, 0, -3, 20, 5, 13842 }, // U+033D
    { 3, 7, 0, -1, 22, 3, 13847 }, // U+033E
    { 10, 5, 0, -6, 24, 7, 13850 }, // U+033F
    { 7, 4, 0, -5, 19, 4, 13857 }, // U+0340
    { 7, 4, 0, -1, 19, 4, 13861 }, // U+0341
    { 10, 4, 0, -5, 19, 5, 13865 }, // U+0342
    { 5, 5, 0, -3, 20, 4, 13870 }, // U+0343
    { 13, 4, 0, -5, 19, 7, 13874 }, // U+0344
    { 5, 4, 0, -1, -2, 3, 13881 }, // U+0345
    { 11, 4, 0, -5, 19, 6, 13884 }, // U+0346
    { 10, 5, 0, -6, 0, 7, 13890 }, // U+0347
    { 7, 4, 0, -3, -1, 4, 13897 }, // U+0348
    { 5, 4, 0, -2, -2, 3, 13901 }, // U+0349
    { 10, 5, 0, -5, 19, 7, 13904 }, // U+034A
    { 9, 10, 0, -4, 24, 12, 13911 }, // U+034B
    { 8, 6, 0, -4, 21, 6, 13923 }, // U+034C
    { 9, 5, 0, -4, -1, 6, 13929 }, // U+034D
    { 4, 5, 0, -2, -1, 3, 13935 }, // U+034E
    { 18, 18, 0, -9, 18, 41, 13938 }, // U+034F
    { 4, 5, 0, -2, 20, 3, 13979 }, // U+0350
    { 3, 6, 0, -1, 21, 3, 13982 }, // U+0351
    { 9, 6, 0, -4, 21, 7, 13985 }, // U+0352
    { 4, 5, 0, -2, -1, 3, 13992 }, // U+0353
    { 4, 5, 0, -2, -1, 3, 13995 }, // U+0354
    { 4, 5, 0, -2, -1, 3, 13998 }, // U+0355
    { 9, 5, 0, -4, -1, 6, 14001 }, // U+0356
    { 3, 6, 0, -1, 21, 3, 14007 }, // U+0357
    { 4, 3, 0, 2, 18, 2, 14010 }, // U+0358
    { 6, 5, 0, -3, -1, 4, 14012 }, // U+0359
    { 9, 5, 0, -5, -1, 6, 14016 }, // U+035A
    { 4, 5, 0, -2, 20, 3, 14022 }, // U+035B
    { 20, 5, 0, -10, -1, 13, 14025 }, // U+035C
    { 20, 5, 0, -10, 20, 13, 14038 }, // U+035D
    { 15, 1, 0, -7, 17, 2, 14051 }, // U+035E
    { 15, 1, 0, -7, -2, 2, 14053 }, // U+035F
    { 20, 4, 0, -10, 19, 10, 14055 }, // U+0360
    { 20, 6, 0, -10, 22, 15, 14065 }, // U+0361
    { 20, 6, 0, -9, 0, 15, 14080 }, // U+0362
    { 6, 6, 0, -3, 21, 5, 14095 }, // U+0363
    { 6, 6, 0, -2, 21, 5, 14100 }, // U+0364
    { 2, 7, 0, 0, 23, 2, 14105 }, // U+0365
    { 6, 6, 0, -3, 22, 5, 14107 }, // U+0366
    { 6, 5, 0, -3, 21, 4, 14112 }, // U+0367
    { 5, 6, 0, -2, 22, 4, 14116 }, // U+0368
    { 6, 8, 0, -3, 24, 6, 14120 }, // U+0369
    { 6, 7, 0, -2, 23, 6, 14126 }, // U+036A
    { 10, 5, 0, -4, 21, 7, 14132 }, // U+036B
    { 4, 5, 0, -1, 21, 3, 14139 }, // U+036C
    { 5, 7, 0, -2, 23, 5, 14142 }, // U+036D
    { 6, 6, 0, -3, 22, 5, 14147 }, // U+036E
    { 6, 5, 0, -3, 21, 4, 14152 }, // U+036F
    { 12, 23, 246, 2, 23, 35, 14156 }, // U+0400
    { 12, 22, 246, 2, 22, 33, 14191 }, // U+0401
    { 19, 18, 312, 0, 18, 43, 14224 }, // U+0402
    { 13, 23, 239, 2, 23, 38, 14267 }, // U+0403
    { 17, 18, 302, 1, 18, 39, 14305 }, // U+0404
    { 14, 18, 267, 2, 18, 32, 14344 }, // U+0405
    { 3, 18, 118, 2, 18, 7, 14376 }, // U+0406
    { 8, 23, 116, 0, 23, 23, 14383 }, // U+0407
    { 12, 18, 247, 1, 18, 27, 14406 }, // U+0408
    { 25, 18, 452, 1, 18, 57, 14433 }, // U+0409
    { 24, 18, 439, 2, 18, 54, 14490 }, // U+040A
    { 19, 18, 311, 0, 18, 43, 14544 }, // U+040B
    { 14, 23, 268, 2, 23, 41, 14587 }, // U+040C
    { 15, 23, 298, 2, 23, 44, 14628 }, // U+040D
    { 13, 23, 235, 0, 23, 38, 14672 }, // U+040E
    { 13, 22, 285, 2, 18, 36, 14710 }, // U+040F
    { 17, 18, 284, 0, 18, 39, 14746 }, // U+0410
    { 13, 18, 270, 2, 18, 30, 14785 }, // U+0411
    { 14, 18, 278, 2, 18, 32, 14815 }, // U+0412
    { 13, 18, 239, 2, 18, 30, 14847 }, // U+0413
    { 18, 22, 336, 1, 18, 50, 14877 }, // U+0414
    { 12, 18, 246, 2, 18, 27, 14927 }, // U+0415
    { 23, 18, 398, 1, 18, 52, 14954 }, // U+0416
    { 15, 18, 271, 1, 18, 34, 15006 }, // U+0417
    { 15, 18, 298, 2, 18, 34, 15040 }, // U+0418
    { 15, 24, 298, 2, 24, 45, 15074 }, // U+0419
    { 14, 18, 268, 2, 18, 32, 15119 }, // U+041A
    { 16, 18, 310, 1, 18, 36, 15151 }, // U+041B
    { 18, 18, 361, 2, 18, 41, 15187 }, // U+041C
    { 14, 18, 288, 2, 18, 32, 15228 }, // U+041D
    { 17, 18, 305, 1, 18, 39, 15260 }, // U+041E
    { 14, 18, 285, 2, 18, 32, 15299 }, // U+041F
    { 13, 18, 266, 2, 18, 30, 15331 }, // U+0420
    { 16, 18, 288, 1, 18, 36, 15361 }, // U+0421
    { 14, 18, 241, 0, 18, 32, 15397 }, // U+0422
    { 14, 18, 235, 0, 18, 32, 15429 }, // U+0423
    { 19, 18, 342, 1, 18, 43, 15461 }, // U+0424
    { 16, 18, 264, 0, 18, 36, 15504 }, // U+0425
    { 16, 22, 319, 2, 18, 44, 15540 }, // U+0426
    { 14, 18, 266, 1, 18, 32, 15584 }, // U+0427
    { 19, 18, 381, 2, 18, 43, 15616 }, // U+0428
    { 22, 22, 414, 2, 18, 61, 15659 }, // U+0429
    { 16, 18, 300, 1, 18, 36, 15720 }, // U+042A
    { 18, 18, 361, 2, 18, 41, 15756 }, // U+042B
    { 13, 18, 270, 2, 18, 30, 15797 }, // U+042C
    { 17, 18, 301, 1, 18, 39, 15827 }, // U+042D
    { 23, 18, 412, 2, 18, 52, 15866 }, // U+042E
    { 14, 18, 279, 1, 18, 32, 15918 }, // U+042F
    { 13, 14, 232, 1, 14, 23, 15950 }, // U+0430
    { 13, 20, 250, 1, 20, 33, 15973 }, // U+0431
    { 12, 14, 244, 2, 14, 21, 16006 }, // U+0432
    { 10, 14, 198, 2, 14, 18, 16027 }, // U+0433
    { 16, 18, 290, 1, 14, 36, 16045 }, // U+0434
    { 13, 14, 236, 1, 14, 23, 16081 }, // U+0435
    { 21, 14, 379, 1, 14, 37, 16104 }, // U+0436
    { 12, 14, 222, 1, 14, 21, 16141 }, // U+0437
    { 11, 14, 235, 2, 14, 20, 16162 }, // U+0438
    { 11, 19, 235, 2, 19, 27, 16182 }, // U+0439
    { 13, 14, 253, 2, 14, 23, 16209 }, // U+043A
    { 14, 14, 272, 1, 14, 25, 16232 }, // U+043B
    { 15, 14, 296, 2, 14, 27, 16257 }, // U+043C
    { 11, 14, 238, 2, 14, 20, 16284 }, // U+043D
    { 13, 14, 241, 1, 14, 23, 16304 }, // U+043E
    { 11, 14, 241, 2, 14, 20, 16327 }, // U+043F
    { 13, 18, 248, 2, 14, 30, 16347 }, // U+0440
    { 12, 14, 232, 1, 14, 21, 16377 }, // U+0441
    { 12, 14, 231, 1, 14, 21, 16398 }, // U+0442
    { 13, 18, 228, 1, 14, 30, 16419 }, // U+0443
    { 15, 22, 278, 1, 18, 42, 16449 }, // U+0444
    { 14, 14, 251, 1, 14, 25, 16491 }, // U+0445
    { 14, 18, 277, 2, 14, 32, 16516 }, // U+0446
    { 12, 14, 253, 2, 14, 21, 16548 }, // U+0447
    { 17, 14, 335, 2, 14, 30, 16569 }, // U+0448
    { 20, 18, 368, 2, 14, 45, 16599 }, // U+0449
    { 14, 14, 266, 1, 14, 25, 16644 }, // U+044A
    { 18, 14, 338, 2, 14, 32, 16669 }, // U+044B
    { 12, 14, 240, 2, 14, 21, 16701 }, // U+044C
    { 12, 14, 238, 1, 14, 21, 16722 }, // U+044D
    { 18, 14, 334, 2, 14, 32, 16743 }, // U+044E
    { 11, 14, 245, 2, 14, 20, 16775 }, // U+044F
    { 13, 18, 236, 1, 18, 30, 16795 }, // U+0450
    { 13, 18, 236, 1, 18, 30, 16825 }, // U+0451
    { 13, 22, 256, 1, 18, 36, 16855 }, // U+0452
    { 10, 19, 198, 2, 19, 24, 16891 }, // U+0453
    { 13, 14, 238, 1, 14, 23, 16915 }, // U+0454
    { 11, 14, 222, 1, 14, 20, 16938 }, // U+0455
    { 3, 18, 108, 2, 18, 7, 16958 }, // U+0456
    { 8, 18, 108, -1, 18, 18, 16965 }, // U+0457
    { 6, 22, 123, 0, 18, 17, 16983 }, // U+0458
    { 23, 14, 404, 1, 14, 41, 17000 }, // U+0459
    { 20, 14, 370, 2, 14, 35, 17041 }, // U+045A
    { 13, 18, 240, 0, 18, 30, 17076 }, // U+045B
    { 13, 19, 253, 2, 19, 31, 17106 }, // U+045C
    { 11, 19, 235, 2, 19, 27, 17137 }, // U+045D
    { 13, 23, 228, 0, 19, 38, 17164 }, // U+045E
    { 11, 18, 241, 2, 14, 25, 17202 }, // U+045F
    { 23, 18, 381, 1, 18, 52, 17227 }, // U+0460
    { 20, 14, 354, 1, 14, 35, 17279 }, // U+0461
    { 16, 18, 299, 1, 18, 36, 17314 }, // U+0462
    { 15, 18, 275, 1, 18, 34, 17350 }, // U+0463
    { 21, 18, 380, 2, 18, 48, 17384 }, // U+0464
    { 17, 14, 321, 2, 14, 30, 17432 }, // U+0465
    { 18, 18, 292, 0, 18, 41, 17462 }, // U+0466
    { 15, 14, 256, 0, 14, 27, 17503 }, // U+0467
    { 23, 18, 402, 2, 18, 52, 17530 }, // U+0468
    { 20, 14, 361, 2, 14, 35, 17582 }, // U+0469
    { 18, 18, 290, 0, 18, 41, 17617 }, // U+046A
    { 16, 14, 296, 1, 14, 28, 17658 }, // U+046B
    { 25, 18, 429, 2, 18, 57, 17686 }, // U+046C
    { 20, 14, 352, 2, 14, 35, 17743 }, // U+046D
    { 14, 27, 253, 1, 22, 48, 17778 }, // U+046E
    { 13, 22, 222, 1, 17, 36, 17826 }, // U+046F
    { 18, 18, 352, 2, 18, 41, 17862 }, // U+0470
    { 18, 25, 337, 2, 19, 57, 17903 }, // U+0471
    { 17, 18, 305, 1, 18, 39, 17960 }, // U+0472
    { 13, 14, 241, 1, 14, 23, 17999 }, // U+0473
    { 18, 18, 302, 0, 18, 41, 18022 }, // U+0474
    { 15, 14, 249, 0, 14, 27, 18063 }, // U+0475
    { 18, 23, 287, 0, 23, 52, 18090 }, // U+0476
    { 15, 19, 242, 0, 19, 36, 18142 }, // U+0477
    { 31, 24, 528, 1, 18, 93, 18178 }, // U+0478
    { 28, 20, 470, 1, 14, 70, 18271 }, // U+0479
    { 18, 21, 332, 1, 19, 48, 18341 }, // U+047A
    { 15, 16, 274, 1, 15, 30, 18389 }, // U+047B
    { 24, 27, 435, 1, 27, 81, 18419 }, // U+047C
    { 21, 23, 383, 1, 23, 61, 18500 }, // U+047D
    { 23, 23, 382, 1, 23, 67, 18561 }, // U+047E
    { 21, 19, 354, 1, 19, 50, 18628 }, // U+047F
    { 15, 24, 271, 1, 18, 45, 18678 }, // U+0480
    { 11, 20, 210, 1, 14, 28, 18723 }, // U+0481
    { 13, 16, 244, 1, 16, 26, 18751 }, // U+0482
    { 10, 4, 0, -12, 18, 5, 18777 }, // U+0483
    { 10, 4, 0, -12, 19, 5, 18782 }, // U+0484
    { 4, 5, 0, -8, 20, 3, 18787 }, // U+0485
    { 4, 5, 0, -9, 20, 3, 18790 }, // U+0486
    { 10, 4, 0, -5, 23, 5, 18793 }, // U+0487
    { 29, 26, 0, -15, 20, 95, 18798 }, // U+0488
    { 27, 28, 0, -14, 21, 95, 18893 }, // U+0489
    { 20, 29, 366, 2, 24, 73, 18988 }, // U+048A
    { 18, 25, 321, 2, 20, 57, 19061 }, // U+048B
    { 14, 18, 255, 1, 18, 32, 19118 }, // U+048C
    { 15, 19, 246, 1, 19, 36, 19150 }, // U+048D
    { 12, 18, 251, 2, 18, 27, 19186 }, // U+048E
    { 13, 20, 253, 2, 14, 33, 19213 }, // U+048F
    { 11, 22, 219, 2, 22, 31, 19246 }, // U+0490
    { 9, 18, 182, 2, 18, 21, 19277 }, // U+0491
    { 15, 18, 260, 1, 18, 34, 19298 }, // U+0492
    { 12, 14, 216, 1, 14, 21, 19332 }, // U+0493
    { 15, 24, 294, 2, 18, 45, 19353 }, // U+0494
    { 12, 20, 241, 2, 14, 30, 19398 }, // U+0495
    { 25, 22, 416, 1, 18, 69, 19428 }, // U+0496
    { 21, 18, 384, 1, 14, 48, 19497 }, // U+0497
    { 13, 24, 237, 1, 18, 39, 19545 }, // U+0498
    { 12, 20, 206, 0, 14, 30, 19584 }, // U+0499
    { 15, 22, 284, 2, 18, 42, 19614 }, // U+049A
    { 13, 18, 262, 2, 14, 30, 19656 }, // U+049B
    { 15, 18, 268, 2, 18, 34, 19686 }, // U+049C
    { 14, 14, 248, 2, 14, 25, 19720 }, // U+049D
    { 16, 18, 277, 1, 18, 36, 19745 }, // U+049E
    { 15, 19, 251, 1, 19, 36, 19781 }, // U+049F
    { 19, 18, 293, 0, 18, 43, 19817 }, // U+04A0
    { 19, 14, 278, 0, 14, 34, 19860 }, // U+04A1
    { 16, 22, 310, 2, 18, 44, 19894 }, // U+04A2
    { 13, 18, 272, 2, 14, 30, 19938 }, // U+04A3
    { 19, 18, 334, 2, 18, 43, 19968 }, // U+04A4
    { 17, 14, 303, 2, 14, 30, 20011 }, // U+04A5
    { 25, 24, 450, 2, 18, 75, 20041 }, // U+04A6
    { 20, 20, 356, 2, 14, 50, 20116 }, // U+04A7
    { 17, 19, 311, 1, 18, 41, 20166 }, // U+04A8
    { 15, 15, 262, 1, 14, 29, 20207 }, // U+04A9
    { 14, 24, 257, 1, 18, 42, 20236 }, // U+04AA
    { 11, 20, 206, 1, 14, 28, 20278 }, // U+04AB
    { 13, 23, 232, 1, 18, 38, 20306 }, // U+04AC
    { 13, 19, 220, 1, 14, 31, 20344 }, // U+04AD
    { 15, 18, 245, 0, 18, 34, 20375 }, // U+04AE
    { 13, 18, 234, 1, 14, 30, 20409 }, // U+04AF
    { 15, 18, 272, 0, 18, 34, 20439 }, // U+04B0
    { 13, 18, 234, 1, 14, 30, 20473 }, // U+04B1
    { 17, 22, 288, 0, 18, 47, 20503 }, // U+04B2
    { 14, 18, 267, 1, 14, 32, 20550 }, // U+04B3
    { 22, 23, 372, 1, 18, 64, 20582 }, // U+04B4
    { 19, 19, 316, 1, 14, 46, 20646 }, // U+04B5
    { 16, 22, 292, 1, 18, 44, 20692 }, // U+04B6
    { 14, 18, 281, 2, 14, 32, 20736 }, // U+04B7
    { 15, 18, 294, 2, 18, 34, 20768 }, // U+04B8
    { 13, 14, 264, 1, 14, 23, 20802 }, // U+04B9
    { 14, 18, 266, 2, 18, 32, 20825 }, // U+04BA
    { 11, 18, 240, 2, 18, 25, 20857 }, // U+04BB
    { 22, 18, 379, 0, 18, 50, 20882 }, // U+04BC
    { 17, 14, 283, 0, 14, 30, 20932 }, // U+04BD
    { 22, 23, 379, 0, 18, 64, 20962 }, // U+04BE
    { 17, 19, 283, 0, 14, 41, 21026 }, // U+04BF
    { 3, 18, 116, 2, 18, 7, 21067 }, // U+04C0
    { 24, 24, 400, 0, 24, 72, 21074 }, // U+04C1
    { 21, 20, 346, 0, 20, 53, 21146 }, // U+04C2
    { 16, 24, 304, 2, 18, 48, 21199 }, // U+04C3
    { 14, 20, 261, 2, 14, 35, 21247 }, // U+04C4
    { 21, 23, 335, 0, 18, 61, 21282 }, // U+04C5
    { 19, 18, 291, 0, 14, 43, 21343 }, // U+04C6
    { 15, 24, 306, 2, 18, 45, 21386 }, // U+04C7
    { 13, 20, 265, 2, 14, 33, 21431 }, // U+04C8
    { 19, 23, 343, 2, 18, 55, 21464 }, // U+04C9
    { 17, 19, 298, 2, 14, 41, 21519 }, // U+04CA
    { 15, 23, 294, 2, 18, 44, 21560 }, // U+04CB
    { 13, 19, 262, 1, 14, 31, 21604 }, // U+04CC
    { 23, 23, 414, 2, 18, 67, 21635 }, // U+04CD
    { 21, 19, 370, 2, 14, 50, 21702 }, // U+04CE
    { 3, 18, 115, 2, 18, 7, 21752 }, // U+04CF
    { 17, 24, 277, 0, 24, 51, 21759 }, // U+04D0
    { 12, 20, 240, 1, 20, 30, 21810 }, // U+04D1
    { 17, 23, 277, 0, 23, 49, 21840 }, // U+04D2
    { 12, 19, 240, 1, 19, 29, 21889 }, // U+04D3
    { 23, 18, 381, 0, 18, 52, 21918 }, // U+04D4
    { 21, 14, 367, 1, 14, 37, 21970 }, // U+04D5
    { 11, 24, 224, 2, 24, 33, 22007 }, // U+04D6
    { 13, 20, 239, 1, 20, 33, 22040 }, // U+04D7
    { 16, 18, 297, 1, 18, 36, 22073 }, // U+04D8
    { 13, 14, 236, 1, 14, 23, 22109 }, // U+04D9
    { 17, 23, 327, 2, 23, 49, 22132 }, // U+04DA
    { 13, 19, 239, 1, 19, 31, 22181 }, // U+04DB
    { 25, 23, 400, 0, 23, 72, 22212 }, // U+04DC
    { 21, 19, 346, 0, 19, 50, 22284 }, // U+04DD
    { 13, 23, 237, 1, 23, 38, 22334 }, // U+04DE
    { 11, 19, 206, 1, 19, 27, 22372 }, // U+04DF
    { 14, 18, 236, 0, 18, 32, 22399 }, // U+04E0
    { 13, 20, 232, 0, 14, 33, 22431 }, // U+04E1
    { 15, 22, 298, 2, 22, 42, 22464 }, // U+04E2
    { 11, 18, 235, 2, 18, 25, 22506 }, // U+04E3
    { 15, 23, 316, 2, 23, 44, 22531 }, // U+04E4
    { 13, 19, 270, 2, 19, 31, 22575 }, // U+04E5
    { 17, 23, 316, 1, 23, 49, 22606 }, // U+04E6
    { 13, 19, 250, 1, 19, 31, 22655 }, // U+04E7
    { 17, 18, 305, 1, 18, 39, 22686 }, // U+04E8
    { 13, 14, 242, 1, 14, 23, 22725 }, // U+04E9
    { 17, 23, 316, 1, 23, 49, 22748 }, // U+04EA
    { 13, 19, 250, 1, 19, 31, 22797 }, // U+04EB
    { 14, 23, 261, 1, 23, 41, 22828 }, // U+04EC
    { 12, 19, 210, 0, 19, 29, 22869 }, // U+04ED
    { 13, 22, 235, 1, 22, 36, 22898 }, // U+04EE
    { 13, 22, 228, 1, 18, 36, 22934 }, // U+04EF
    { 16, 23, 258, 1, 23, 46, 22970 }, // U+04F0
    { 15, 25, 228, 0, 19, 47, 23016 }, // U+04F1
    { 16, 24, 258, 1, 24, 48, 23063 }, // U+04F2
    { 14, 25, 228, 0, 19, 44, 23111 }, // U+04F3
    { 14, 23, 288, 2, 23, 41, 23155 }, // U+04F4
    { 13, 19, 255, 1, 19, 31, 23196 }, // U+04F5
    { 12, 23, 224, 2, 18, 35, 23227 }, // U+04F6
    { 10, 19, 191, 2, 14, 24, 23262 }, // U+04F7
    { 19, 23, 368, 2, 23, 55, 23286 }, // U+04F8
    { 17, 19, 342, 2, 19, 41, 23341 }, // U+04F9
    { 13, 24, 224, 1, 18, 39, 23382 }, // U+04FA
    { 12, 20, 196, 1, 14, 30, 23421 }, // U+04FB
    { 18, 24, 292, 0, 18, 54, 23451 }, // U+04FC
    { 15, 20, 258, 0, 14, 38, 23505 }, // U+04FD
    { 16, 18, 268, 0, 18, 36, 23543 }, // U+04FE
    { 14, 14, 231, 0, 14, 25, 23579 }, // U+04FF
    { 14, 15, 251, 1, 15, 27, 23604 }, // U+05D0
    { 13, 15, 222, 0, 15, 25, 23631 }, // U+05D1
    { 9, 15, 154, 0, 15, 17, 23656 }, // U+05D2
    { 12, 15, 213, 0, 15, 23, 23673 }, // U+05D3
    { 12, 15, 248, 2, 15, 23, 23696 }, // U+05D4
    { 5, 15, 125, 1, 15, 10, 23719 }, // U+05D5
    { 7, 15, 136, 1, 15, 14, 23729 }, // U+05D6
    { 13, 15, 260, 1, 15, 25, 23743 }, // U+05D7
    { 13, 15, 249, 1, 15, 25, 23768 }, // U+05D8
    { 5, 8, 123, 1, 15, 5, 23793 }, // U+05D9
    { 11, 20, 214, 1, 15, 28, 23798 }, // U+05DA
    { 11, 15, 200, 0, 15, 21, 23826 }, // U+05DB
    { 11, 19, 208, 1, 19, 27, 23847 }, // U+05DC
    { 14, 15, 266, 1, 15, 27, 23874 }, // U+05DD
    { 15, 15, 262, 1, 15, 29, 23901 }, // U+05DE
    { 5, 20, 132, 1, 15, 13, 23930 }, // U+05DF
    { 7, 15, 151, 1, 15, 14, 23943 }, // U+05E0
    { 14, 15, 255, 1, 15, 27, 23957 }, // U+05E1
    { 13, 16, 236, 0, 15, 26, 23984 }, // U+05E2
    { 13, 20, 246, 1, 15, 33, 24010 }, // U+05E3
    { 13, 15, 238, 1, 15, 25, 24043 }, // U+05E4
    { 12, 20, 216, 1, 15, 30, 24068 }, // U+05E5
    { 12, 15, 223, 1, 15, 23, 24098 }, // U+05E6
    { 14, 20, 248, 1, 15, 35, 24121 }, // U+05E7
    { 10, 15, 205, 1, 15, 19, 24156 }, // U+05E8
    { 15, 15, 293, 1, 15, 29, 24175 }, // U+05E9
    { 15, 15, 270, 0, 15, 29, 24204 }, // U+05EA
    { 4, 6, 128, 2, 6, 3, 24233 }, // U+060C
    { 5, 15, 134, 1, 15, 10, 24236 }, // U+061B
    { 11, 18, 185, 0, 18, 25, 24246 }, // U+061F
    { 10, 11, 175, 0, 10, 14, 24271 }, // U+0621
    { 8, 3, 107, 0, 3, 3, 24285 }, // U+0640
    { 5, 5, 215, 4, 10, 4, 24288 }, // U+0660
    { 5, 17, 215, 4, 17, 11, 24292 }, // U+0661
    { 11, 17, 215, 1, 17, 24, 24303 }, // U+0662
    { 13, 17, 215, 0, 17, 28, 24327 }, // U+0663
    { 10, 17, 215, 2, 17, 22, 24355 }, // U+0664
    { 10, 13, 215, 2, 13, 17, 24377 }, // U+0665
    { 11, 17, 215, 1, 17, 24, 24394 }, // U+0666
    { 13, 17, 215, 0, 17, 28, 24418 }, // U+0667
    { 13, 17, 215, 0, 17, 28, 24446 }, // U+0668
    { 11, 17, 215, 1, 17, 24, 24474 }, // U+0669
    { 15, 15, 273, 1, 9, 29, 24498 }, // U+06BA
    { 6, 2, 119, 1, 2, 2, 24527 }, // U+06D4
    { 5, 5, 215, 4, 10, 4, 24529 }, // U+06F0
    { 5, 17, 215, 4, 17, 11, 24533 }, // U+06F1
    { 11, 17, 215, 1, 17, 24, 24544 }, // U+06F2
    { 13, 17, 215, 0, 17, 28, 24568 }, // U+06F3
    { 11, 17, 215, 1, 17, 24, 24596 }, // U+06F4
    { 11, 17, 215, 1, 17, 24, 24620 }, // U+06F5
    { 10, 17, 215, 2, 17, 22, 24644 }, // U+06F6
    { 13, 17, 215, 0, 17, 28, 24666 }, // U+06F7
    { 13, 17, 215, 0, 17, 28, 24694 }, // U+06F8
    { 11, 17, 215, 1, 17, 24, 24722 }, // U+06F9
    { 18, 23, 277, 0, 18, 52, 24746 }, // U+1EA0
    { 12, 19, 240, 1, 14, 29, 24798 }, // U+1EA1
    { 17, 25, 277, 0, 25, 54, 24827 }, // U+1EA2
    { 12, 21, 240, 1, 21, 32, 24881 }, // U+1EA3
    { 17, 25, 277, 0, 25, 54, 24913 }, // U+1EA4
    { 14, 21, 240, 1, 21, 37, 24967 }, // U+1EA5
    { 17, 25, 277, 0, 25, 54, 25004 }, // U+1EA6
    { 14, 21, 240, -1, 21, 37, 25058 }, // U+1EA7
    { 18, 26, 277, 0, 26, 59, 25095 }, // U+1EA8
    { 14, 22, 240, 1, 22, 39, 25154 }, // U+1EA9
    { 17, 26, 277, 0, 26, 56, 25193 }, // U+1EAA
    { 12, 23, 240, 1, 23, 35, 25249 }, // U+1EAB
    { 18, 29, 277, 0, 24, 66, 25284 }, // U+1EAC
    { 12, 24, 240, 1, 19, 36, 25350 }, // U+1EAD
    { 17, 25, 277, 0, 25, 54, 25386 }, // U+1EAE
    { 12, 22, 240, 1, 22, 33, 25440 }, // U+1EAF
    { 17, 25, 277, 0, 25, 54, 25473 }, // U+1EB0
    { 12, 22, 240, 1, 22, 33, 25527 }, // U+1EB1
    { 18, 26, 277, 0, 26, 59, 25560 }, // U+1EB2
    { 12, 22, 240, 1, 22, 33, 25619 }, // U+1EB3
    { 18, 27, 277, 0, 27, 61, 25652 }, // U+1EB4
    { 12, 23, 240, 1, 23, 35, 25713 }, // U+1EB5
    { 18, 29, 277, 0, 24, 66, 25748 }, // U+1EB6
    { 12, 24, 240, 1, 19, 36, 25814 }, // U+1EB7
    { 11, 23, 224, 2, 18, 32, 25850 }, // U+1EB8
    { 13, 19, 239, 1, 14, 31, 25882 }, // U+1EB9
    { 11, 25, 224, 2, 25, 35, 25913 }, // U+1EBA
    { 13, 21, 239, 1, 21, 35, 25948 }, // U+1EBB
    { 12, 23, 246, 2, 23, 35, 25983 }, // U+1EBC
    { 13, 18, 236, 1, 18, 30, 26018 }, // U+1EBD
    { 13, 25, 224, 2, 25, 41, 26048 }, // U+1EBE
    { 15, 21, 239, 1, 21, 40, 26089 }, // U+1EBF
    { 15, 25, 224, -2, 25, 47, 26129 }, // U+1EC0
    { 15, 21, 239, -1, 21, 40, 26176 }, // U+1EC1
    { 12, 26, 224, 2, 26, 39, 26216 }, // U+1EC2
    { 14, 22, 239, 1, 22, 39, 26255 }, // U+1EC3
    { 11, 26, 224, 2, 26, 36, 26294 }, // U+1EC4
    { 13, 23, 239, 1, 23, 38, 26330 }, // U+1EC5
    { 11, 29, 224, 2, 24, 40, 26368 }, // U+1EC6
    { 13, 24, 239, 1, 19, 39, 26408 }, // U+1EC7
    { 8, 25, 156, 1, 25, 25, 26447 }, // U+1EC8
    { 6, 21, 120, 1, 21, 16, 26472 }, // U+1EC9
    { 8, 23, 156, 1, 18, 23, 26488 }, // U+1ECA
    { 4, 24, 120, 2, 19, 12, 26511 }, // U+1ECB
    { 17, 23, 316, 1, 18, 49, 26523 }, // U+1ECC
    { 13, 19, 250, 1, 14, 31, 26572 }, // U+1ECD
    { 17, 25, 316, 1, 25, 54, 26603 }, // U+1ECE
    { 13, 21, 250, 1, 21, 35, 26657 }, // U+1ECF
    { 17, 25, 316, 1, 25, 54, 26692 }, // U+1ED0
    { 14, 21, 250, 1, 21, 37, 26746 }, // U+1ED1
    { 17, 25, 316, 1, 25, 54, 26783 }, // U+1ED2
    { 15, 21, 250, -1, 21, 40, 26837 }, // U+1ED3
    { 17, 26, 316, 1, 26, 56, 26877 }, // U+1ED4
    { 14, 22, 250, 1, 22, 39, 26933 }, // U+1ED5
    { 17, 27, 316, 1, 27, 58, 26972 }, // U+1ED6
    { 13, 23, 250, 1, 23, 38, 27030 }, // U+1ED7
    { 17, 29, 316, 1, 24, 62, 27068 }, // U+1ED8
    { 13, 24, 250, 1, 19, 39, 27130 }, // U+1ED9
    { 20, 24, 328, 1, 24, 60, 27169 }, // U+1EDA
    { 16, 19, 272, 1, 19, 38, 27229 }, // U+1EDB
    { 20, 24, 328, 1, 24, 60, 27267 }, // U+1EDC
    { 16, 19, 272, 1, 19, 38, 27327 }, // U+1EDD
    { 20, 25, 328, 1, 25, 63, 27365 }, // U+1EDE
    { 16, 21, 272, 1, 21, 42, 27428 }, // U+1EDF
    { 20, 24, 328, 1, 24, 60, 27470 }, // U+1EE0
    { 16, 19, 272, 1, 19, 38, 27530 }, // U+1EE1
    { 20, 24, 328, 1, 19, 60, 27568 }, // U+1EE2
    { 16, 21, 272, 1, 16, 42, 27628 }, // U+1EE3
    { 15, 23, 302, 2, 18, 44, 27670 }, // U+1EE4
    { 13, 19, 260, 2, 14, 31, 27714 }, // U+1EE5
    { 15, 25, 302, 2, 25, 47, 27745 }, // U+1EE6
    { 13, 21, 260, 2, 21, 35, 27792 }, // U+1EE7
    { 20, 24, 354, 2, 24, 60, 27827 }, // U+1EE8
    { 18, 19, 303, 2, 19, 43, 27887 }, // U+1EE9
    { 20, 24, 354, 2, 24, 60, 27930 }, // U+1EEA
    { 18, 19, 303, 2, 19, 43, 27990 }, // U+1EEB
    { 20, 25, 354, 2, 25, 63, 28033 }, // U+1EEC
    { 18, 21, 303, 2, 21, 48, 28096 }, // U+1EED
    { 20, 24, 354, 2, 24, 60, 28144 }, // U+1EEE
    { 18, 19, 303, 2, 19, 43, 28204 }, // U+1EEF
    { 20, 24, 354, 2, 19, 60, 28247 }, // U+1EF0
    { 18, 21, 303, 2, 16, 48, 28307 }, // U+1EF1
    { 15, 23, 245, 0, 23, 44, 28355 }, // U+1EF2
    { 13, 23, 228, 1, 19, 38, 28399 }, // U+1EF3
    { 16, 23, 250, 0, 18, 46, 28437 }, // U+1EF4
    { 14, 20, 228, 0, 14, 35, 28483 }, // U+1EF5
    { 16, 25, 250, 0, 25, 50, 28518 }, // U+1EF6
    { 14, 27, 228, 0, 21, 48, 28568 }, // U+1EF7
    { 16, 23, 245, 0, 23, 46, 28616 }, // U+1EF8
    { 13, 23, 228, 1, 19, 38, 28662 }, // U+1EF9
    { 1, 1, 200, 0, 1, 1, 28700 }, // U+2000
    { 1, 1, 400, 0, 1, 1, 28701 }, // U+2001
    { 1, 1, 200, 0, 1, 1, 28702 }, // U+2002
    { 1, 1, 400, 0, 1, 1, 28703 }, // U+2003
    { 1, 1, 133, 0, 1, 1, 28704 }, // U+2004
    { 1, 1, 100, 0, 1, 1, 28705 }, // U+2005
    { 1, 1, 67, 0, 1, 1, 28706 }, // U+2006
    { 1, 1, 229, 0, 1, 1, 28707 }, // U+2007
    { 1, 1, 112, 0, 1, 1, 28708 }, // U+2008
    { 1, 1, 66, 0, 1, 1, 28709 }, // U+2009
    { 1, 1, 40, 0, 1, 1, 28710 }, // U+200A
    { 1, 1, 0, 0, 1, 1, 28711 }, // U+200B
    { 1, 1, 0, 0, 1, 1, 28712 }, // U+200C
    { 1, 1, 0, 0, 1, 1, 28713 }, // U+200D
    { 6, 21, 0, 0, 17, 16, 28714 }, // U+200E
    { 6, 21, 0, -5, 17, 16, 28730 }, // U+200F
    { 7, 3, 128, 1, 8, 3, 28746 }, // U+2010
    { 7, 3, 128, 1, 8, 3, 28749 }, // U+2011
    { 12, 3, 231, 1, 10, 5, 28752 }, // U+2012
    { 13, 2, 238, 1, 8, 4, 28757 }, // U+2013
    { 21, 2, 364, 1, 8, 6, 28761 }, // U+2014
    { 23, 3, 400, 1, 8, 9, 28767 }, // U+2015
    { 9, 25, 220, 2, 19, 29, 28776 }, // U+2016
    { 10, 5, 164, 0, 0, 7, 28805 }, // U+2017
    { 3, 6, 93, 1, 18, 3, 28812 }, // U+2018
    { 3, 6, 93, 1, 18, 3, 28815 }, // U+2019
    { 3, 6, 90, 1, 2, 3, 28818 }, // U+201A
    { 5, 6, 87, 0, 18, 4, 28821 }, // U+201B
    { 8, 6, 172, 1, 18, 6, 28825 }, // U+201C
    { 8, 6, 172, 1, 18, 6, 28831 }, // U+201D
    { 8, 6, 169, 1, 2, 6, 28837 }, // U+201E
    { 11, 6, 178, 0, 18, 9, 28843 }, // U+201F
    { 11, 18, 234, 2, 18, 25, 28852 }, // U+2020
    { 11, 18, 234, 2, 18, 25, 28877 }, // U+2021
    { 7, 6, 138, 1, 10, 6, 28902 }, // U+2022
    { 8, 9, 150, 1, 14, 9, 28908 }, // U+2023
    { 4, 4, 200, 4, 4, 2, 28917 }, // U+2024
    { 12, 4, 230, 1, 4, 6, 28919 }, // U+2025
    { 15, 2, 262, 1, 2, 4, 28925 }, // U+2026
    { 4, 4, 112, 1, 9, 2, 28929 }, // U+2027
    { 1, 1, 240, 0, 1, 1, 28931 }, // U+2028
    { 1, 1, 240, 0, 1, 1, 28932 }, // U+2029
    { 6, 19, 0, 0, 15, 15, 28933 }, // U+202A
    { 6, 19, 0, -5, 15, 15, 28948 }, // U+202B
    { 6, 21, 0, -3, 17, 16, 28963 }, // U+202C
    { 5, 21, 0, -3, 17, 14, 28979 }, // U+202D
    { 5, 21, 0, -2, 17, 14, 28993 }, // U+202E
    { 1, 1, 66, 0, 1, 1, 29007 }, // U+202F
    { 28, 18, 479, 1, 18, 63, 29008 }, // U+2030
    { 40, 18, 667, 1, 18, 90, 29071 }, // U+2031
    { 4, 6, 96, 1, 18, 3, 29161 }, // U+2032
    { 8, 6, 160, 1, 18, 6, 29164 }, // U+2033
    { 18, 6, 298, 1, 18, 14, 29170 }, // U+2034
    { 7, 7, 169, 1, 18, 7, 29184 }, // U+2035
    { 12, 6, 257, 1, 18, 9, 29191 }, // U+2036
    { 18, 6, 346, 1, 18, 14, 29200 }, // U+2037
    { 10, 8, 163, 0, 2, 10, 29214 }, // U+2038
    { 7, 10, 146, 1, 12, 9, 29224 }, // U+2039
    { 7, 10, 146, 1, 12, 9, 29233 }, // U+203A
    { 19, 18, 340, 1, 18, 43, 29242 }, // U+203B
    { 11, 18, 228, 1, 18, 25, 29285 }, // U+203C
    { 12, 18, 191, 0, 18, 27, 29310 }, // U+203D
    { 13, 3, 200, 0, 22, 5, 29337 }, // U+203E
    { 15, 5, 244, 0, -1, 10, 29342 }, // U+203F
    { 15, 5, 244, 0, 20, 10, 29352 }, // U+2040
    { 9, 16, 170, 1, 10, 18, 29362 }, // U+2041
    { 28, 23, 448, 0, 19, 81, 29380 }, // U+2042
    { 7, 3, 128, 1, 8, 3, 29461 }, // U+2043
    { 14, 18, 66, -5, 18, 32, 29464 }, // U+2044
    { 6, 23, 132, 2, 18, 18, 29496 }, // U+2045
    { 6, 23, 132, 0, 18, 18, 29514 }, // U+2046
    { 23, 18, 380, 0, 18, 52, 29532 }, // U+2047
    { 17, 18, 305, 0, 18, 39, 29584 }, // U+2048
    { 17, 18, 305, 1, 18, 39, 29623 }, // U+2049
    { 12, 14, 235, 1, 14, 21, 29662 }, // U+204A
    { 13, 23, 259, 2, 19, 38, 29683 }, // U+204B
    { 13, 13, 262, 1, 14, 22, 29721 }, // U+204C
    { 13, 13, 262, 2, 14, 22, 29743 }, // U+204D
    { 12, 12, 217, 1, 7, 18, 29765 }, // U+204E
    { 5, 17, 114, 1, 14, 11, 29783 }, // U+204F
    { 15, 26, 240, 0, 20, 49, 29794 }, // U+2050
    { 12, 24, 217, 1, 19, 36, 29843 }, // U+2051
    { 10, 18, 169, 1, 18, 23, 29879 }, // U+2052
    { 23, 4, 400, 1, 9, 12, 29902 }, // U+2053
    { 15, 5, 240, 0, -1, 10, 29914 }, // U+2054
    { 13, 12, 224, 1, 12, 20, 29924 }, // U+2055
    { 11, 18, 232, 1, 18, 25, 29944 }, // U+2056
    { 23, 6, 374, 1, 18, 18, 29969 }, // U+2057
    { 18, 18, 349, 1, 18, 41, 29987 }, // U+2058
    { 18, 18, 349, 1, 18, 41, 30028 }, // U+2059
    { 4, 18, 114, 1, 18, 9, 30069 }, // U+205A
    { 14, 20, 277, 1, 20, 35, 30078 }, // U+205B
    { 19, 19, 341, 1, 19, 46, 30113 }, // U+205C
    { 4, 19, 112, 1, 19, 10, 30159 }, // U+205D
    { 4, 18, 114, 1, 18, 9, 30169 }, // U+205E
    { 1, 1, 89, 0, 1, 1, 30178 }, // U+205F
    { 1, 1, 240, 0, 1, 1, 30179 }, // U+2060
    { 1, 1, 240, 0, 1, 1, 30180 }, // U+2061
    { 1, 1, 240, 0, 1, 1, 30181 }, // U+2062
    { 1, 1, 240, 0, 1, 1, 30182 }, // U+2063
    { 1, 1, 240, 0, 1, 1, 30183 }, // U+2064
    { 1, 1, 0, 0, 1, 1, 30184 }, // U+2066
    { 1, 1, 0, 0, 1, 1, 30185 }, // U+2067
    { 1, 1, 0, 0, 1, 1, 30186 }, // U+2068
    { 1, 1, 0, 0, 1, 1, 30187 }, // U+2069
    { 5, 21, 0, -2, 17, 14, 30188 }, // U+206A
    { 5, 21, 0, -3, 17, 14, 30202 }, // U+206B
    { 5, 20, 0, -2, 17, 13, 30216 }, // U+206C
    { 5, 21, 0, -2, 18, 14, 30229 }, // U+206D
    { 5, 21, 0, -2, 18, 14, 30243 }, // U+206E
    { 5, 21, 0, -2, 17, 14, 30257 }, // U+206F
    { 8, 10, 166, 1, 18, 10, 30271 }, // U+2070
    { 2, 12, 78, 1, 19, 3, 30281 }, // U+2071
    { 8, 10, 140, 1, 18, 10, 30284 }, // U+2074
    { 7, 10, 148, 1, 18, 9, 30294 }, // U+2075
    { 8, 10, 157, 1, 18, 10, 30303 }, // U+2076
    { 7, 10, 124, 1, 18, 9, 30313 }, // U+2077
    { 8, 10, 150, 1, 18, 10, 30322 }, // U+2078
    { 8, 10, 157, 1, 18, 10, 30332 }, // U+2079
    { 7, 7, 144, 1, 18, 7, 30342 }, // U+207A
    { 7, 2, 144, 1, 16, 2, 30349 }, // U+207B
    { 7, 4, 144, 1, 17, 4, 30351 }, // U+207C
    { 4, 14, 97, 2, 23, 7, 30355 }, // U+207D
    { 4, 14, 97, 0, 23, 7, 30362 }, // U+207E
    { 8, 8, 169, 1, 15, 8, 30369 }, // U+207F
    { 8, 9, 166, 1, 7, 9, 30377 }, // U+2080
    { 5, 9, 107, 0, 7, 6, 30386 }, // U+2081
    { 7, 9, 146, 1, 7, 8, 30392 }, // U+2082
    { 7, 9, 143, 0, 7, 8, 30400 }, // U+2083
    { 8, 9, 140, 1, 7, 9, 30408 }, // U+2084
    { 7, 9, 148, 1, 7, 8, 30417 }, // U+2085
    { 8, 9, 157, 1, 7, 9, 30425 }, // U+2086
    { 7, 9, 124, 1, 7, 8, 30434 }, // U+2087
    { 8, 9, 150, 1, 7, 9, 30442 }, // U+2088
    { 8, 9, 157, 1, 7, 9, 30451 }, // U+2089
    { 7, 7, 144, 1, 6, 7, 30460 }, // U+208A
    { 7, 1, 144, 1, 3, 1, 30467 }, // U+208B
    { 7, 4, 144, 1, 4, 4, 30468 }, // U+208C
    { 4, 14, 97, 2, 9, 7, 30472 }, // U+208D
    { 4, 14, 97, 0, 9, 7, 30479 }, // U+208E
    { 8, 8, 156, 1, 6, 8, 30486 }, // U+2090
    { 8, 8, 155, 1, 6, 8, 30494 }, // U+2091
    { 8, 8, 162, 1, 6, 8, 30502 }, // U+2092
    { 9, 8, 150, 0, 6, 9, 30510 }, // U+2093
    { 8, 8, 155, 1, 6, 8, 30519 }, // U+2094
    { 8, 11, 169, 1, 9, 11, 30527 }, // U+2095
    { 9, 11, 158, 1, 9, 13, 30538 }, // U+2096
    { 3, 11, 78, 1, 9, 5, 30551 }, // U+2097
    { 13, 8, 254, 1, 6, 13, 30556 }, // U+2098
    { 8, 8, 169, 1, 6, 8, 30569 }, // U+2099
    { 9, 12, 164, 1, 6, 14, 30577 }, // U+209A
    { 8, 8, 130, 0, 6, 8, 30591 }, // U+209B
    { 6, 10, 110, 1, 8, 8, 30599 }, // U+209C
    { 13, 18, 229, 1, 18, 30, 30607 }, // U+20A0
    { 14, 21, 244, 1, 19, 37, 30637 }, // U+20A1
    { 13, 18, 229, 1, 18, 30, 30674 }, // U+20A2
    { 13, 18, 229, 1, 18, 30, 30704 }, // U+20A3
    { 13, 18, 229, 1, 18, 30, 30734 }, // U+20A4
    { 20, 20, 390, 2, 17, 50, 30764 }, // U+20A5
    { 14, 18, 229, 1, 18, 32, 30814 }, // U+20A6
    { 19, 18, 356, 2, 18, 43, 30846 }, // U+20A7
    { 21, 18, 367, 2, 18, 48, 30889 }, // U+20A8
    { 18, 18, 295, 1, 18, 41, 30937 }, // U+20A9
    { 17, 18, 334, 2, 18, 39, 30978 }, // U+20AA
    { 15, 22, 258, 1, 19, 42, 31017 }, // U+20AB
    { 16, 18, 301, 1, 18, 36, 31059 }, // U+20AC
    { 14, 18, 229, 1, 18, 32, 31095 }, // U+20AD
    { 13, 18, 229, 1, 18, 30, 31127 }, // U+20AE
    { 24, 24, 404, 0, 18, 72, 31157 }, // U+20AF
    { 14, 24, 244, 0, 18, 42, 31229 }, // U+20B0
    { 14, 18, 229, 1, 18, 32, 31271 }, // U+20B1
    { 15, 21, 294, 1, 19, 40, 31303 }, // U+20B2
    { 16, 18, 260, 1, 18, 36, 31343 }, // U+20B3
    { 15, 18, 283, 1, 18, 34, 31379 }, // U+20B4
    { 14, 21, 255, 1, 19, 37, 31413 }, // U+20B5
    { 17, 16, 278, 1, 16, 34, 31450 }, // U+20B6
    { 17, 20, 292, 0, 18, 43, 31484 }, // U+20B7
    { 13, 18, 229, 1, 18, 30, 31527 }, // U+20B8
    { 14, 18, 280, 2, 18, 32, 31557 }, // U+20B9
    { 14, 18, 229, 1, 18, 32, 31589 }, // U+20BA
    { 20, 18, 325, 1, 18, 45, 31621 }, // U+20BB
    { 20, 18, 350, 1, 18, 45, 31666 }, // U+20BC
    { 16, 18, 292, 0, 18, 36, 31711 }, // U+20BD
    { 17, 19, 316, 1, 19, 41, 31747 }, // U+20BE
    { 11, 23, 229, 2, 20, 32, 31788 }, // U+20BF
    { 11, 19, 210, 1, 14, 27, 31820 }, // U+20C0
    { 18, 15, 318, 1, 16, 34, 31847 }, // U+2190
    { 15, 18, 283, 1, 18, 34, 31881 }, // U+2191
    { 18, 15, 318, 1, 16, 34, 31915 }, // U+2192
    { 15, 18, 283, 1, 18, 34, 31949 }, // U+2193
    { 25, 15, 427, 1, 16, 47, 31983 }, // U+2194
    { 15, 25, 283, 1, 20, 47, 32030 }, // U+2195
    { 13, 13, 253, 1, 18, 22, 32077 }, // U+2196
    { 13, 13, 253, 1, 18, 22, 32099 }, // U+2197
    { 13, 13, 253, 1, 13, 22, 32121 }, // U+2198
    { 13, 13, 253, 1, 13, 22, 32143 }, // U+2199
    { 14, 8, 259, 1, 12, 14, 32165 }, // U+219D
    { 14, 14, 263, 1, 17, 25, 32179 }, // U+21A9
    { 14, 14, 263, 1, 17, 25, 32204 }, // U+21AA
    { 14, 15, 264, 1, 15, 27, 32229 }, // U+21B0
    { 14, 15, 264, 1, 15, 27, 32256 }, // U+21B1
    { 14, 15, 264, 1, 18, 27, 32283 }, // U+21B3
    { 14, 17, 265, 1, 17, 30, 32310 }, // U+21B4
    { 14, 15, 264, 1, 18, 27, 32340 }, // U+21B5
    { 14, 10, 267, 1, 14, 18, 32367 }, // U+21E4
    { 14, 10, 267, 1, 14, 18, 32385 }, // U+21E5
    { 19, 18, 341, 1, 18, 43, 32403 }, // U+21E7
    { 12, 18, 222, 1, 18, 27, 32446 }, // U+2202
    { 15, 17, 260, 1, 17, 32, 32473 }, // U+2206
    { 16, 21, 260, 0, 17, 42, 32505 }, // U+220F
    { 12, 18, 216, 1, 18, 27, 32547 }, // U+2211
    { 11, 2, 214, 1, 8, 3, 32574 }, // U+2212
    { 16, 21, 283, 1, 17, 42, 32577 }, // U+221A
    { 19, 9, 335, 1, 11, 22, 32619 }, // U+221E
    { 10, 20, 171, 0, 17, 25, 32641 }, // U+222B
    { 11, 10, 209, 1, 13, 14, 32666 }, // U+2248
    { 12, 13, 219, 1, 14, 20, 32680 }, // U+2260
    { 12, 14, 221, 1, 14, 21, 32700 }, // U+2264
    { 12, 14, 221, 1, 14, 21, 32721 }, // U+2265
    { 20, 19, 309, 1, 19, 48, 32742 }, // U+FB00
    { 14, 18, 274, 1, 18, 32, 32790 }, // U+FB01
    { 16, 18, 284, 1, 18, 36, 32822 }, // U+FB02
    { 25, 19, 428, 1, 19, 60, 32858 }, // U+FB03
    { 25, 19, 432, 1, 19, 60, 32918 }, // U+FB04
    { 16, 19, 313, 2, 19, 38, 32978 }, // U+FB05
    { 21, 19, 372, 1, 19, 50, 33016 }, // U+FB06
    { 22, 20, 383, 1, 11, 55, 33066 }, // U+FB56
    { 27, 18, 420, 1, 9, 61, 33121 }, // U+FB57
    { 7, 19, 130, 0, 11, 17, 33182 }, // U+FB58
    { 11, 16, 153, 0, 8, 22, 33199 }, // U+FB59
    { 22, 18, 383, 1, 17, 50, 33221 }, // U+FB66
    { 27, 18, 420, 1, 17, 61, 33271 }, // U+FB67
    { 7, 20, 113, 0, 20, 18, 33332 }, // U+FB68
    { 11, 17, 153, 0, 17, 24, 33350 }, // U+FB69
    { 16, 22, 256, 0, 12, 44, 33374 }, // U+FB7A
    { 19, 22, 283, 0, 12, 53, 33418 }, // U+FB7B
    { 14, 18, 232, 0, 10, 32, 33471 }, // U+FB7C
    { 17, 18, 242, 0, 10, 39, 33503 }, // U+FB7D
    { 10, 21, 191, 1, 21, 27, 33542 }, // U+FB88
    { 14, 21, 212, 1, 21, 37, 33569 }, // U+FB89
    { 9, 24, 148, -1, 18, 27, 33606 }, // U+FB8A
    { 13, 24, 160, -1, 18, 39, 33633 }, // U+FB8B
    { 9, 24, 148, -1, 18, 27, 33672 }, // U+FB8C
    { 13, 24, 160, -1, 18, 39, 33699 }, // U+FB8D
    { 21, 19, 346, 1, 18, 50, 33738 }, // U+FB8E
    { 24, 19, 369, 1, 18, 57, 33788 }, // U+FB8F
    { 11, 18, 166, 0, 18, 25, 33845 }, // U+FB90
    { 14, 18, 191, 0, 18, 32, 33870 }, // U+FB91
    { 21, 22, 346, 1, 21, 58, 33902 }, // U+FB92
    { 24, 22, 369, 1, 21, 66, 33960 }, // U+FB93
    { 11, 21, 166, 0, 21, 29, 34026 }, // U+FB94
    { 14, 21, 191, 0, 21, 37, 34055 }, // U+FB95
    { 15, 15, 273, 1, 9, 29, 34092 }, // U+FB9E
    { 19, 14, 292, 1, 8, 34, 34121 }, // U+FB9F
    { 9, 13, 173, 1, 13, 15, 34155 }, // U+FBA6
    { 15, 9, 209, 0, 9, 17, 34170 }, // U+FBA7
    { 6, 16, 113, 0, 11, 12, 34187 }, // U+FBA8
    { 13, 12, 185, 0, 5, 20, 34199 }, // U+FBA9
    { 17, 13, 286, 0, 13, 28, 34219 }, // U+FBAA
    { 18, 16, 258, 0, 11, 36, 34247 }, // U+FBAB
    { 14, 13, 237, 0, 13, 23, 34283 }, // U+FBAC
    { 15, 16, 212, 0, 11, 30, 34306 }, // U+FBAD
    { 21, 13, 363, 1, 12, 35, 34336 }, // U+FBAE
    { 15, 10, 216, 0, 3, 19, 34371 }, // U+FBAF
    { 21, 20, 363, 1, 19, 53, 34390 }, // U+FBB0
    { 15, 17, 216, 0, 10, 32, 34443 }, // U+FBB1
    { 18, 17, 310, 1, 11, 39, 34475 }, // U+FBFC
    { 19, 11, 296, 1, 5, 27, 34514 }, // U+FBFD
    { 7, 16, 130, 0, 11, 14, 34541 }, // U+FBFE
    { 11, 13, 153, 0, 8, 18, 34555 }, // U+FBFF
    { 10, 11, 175, 0, 10, 14, 34573 }, // U+FE80
    { 8, 21, 103, -1, 21, 21, 34587 }, // U+FE81
    { 10, 23, 118, -1, 23, 29, 34608 }, // U+FE82
    { 5, 24, 103, 0, 24, 15, 34637 }, // U+FE83
    { 9, 26, 118, 0, 26, 30, 34652 }, // U+FE84
    { 9, 23, 184, 1, 17, 26, 34682 }, // U+FE85
    { 13, 24, 193, 1, 18, 39, 34708 }, // U+FE86
    { 5, 26, 104, 1, 18, 17, 34747 }, // U+FE87
    { 7, 26, 118, 2, 18, 23, 34764 }, // U+FE88
    { 18, 19, 310, 1, 13, 43, 34787 }, // U+FE89
    { 19, 19, 296, 1, 13, 46, 34830 }, // U+FE8A
    { 6, 19, 113, 0, 19, 15, 34876 }, // U+FE8B
    { 10, 16, 138, 0, 16, 20, 34891 }, // U+FE8C
    { 3, 18, 104, 2, 18, 7, 34911 }, // U+FE8D
    { 7, 18, 118, 2, 18, 16, 34918 }, // U+FE8E
    { 22, 17, 383, 1, 11, 47, 34934 }, // U+FE8F
    { 27, 15, 420, 1, 9, 51, 34981 }, // U+FE90
    { 6, 16, 113, 0, 11, 12, 35032 }, // U+FE91
    { 10, 13, 138, 0, 8, 17, 35044 }, // U+FE92
    { 9, 18, 173, 1, 18, 21, 35061 }, // U+FE93
    { 13, 20, 203, 1, 20, 33, 35082 }, // U+FE94
    { 22, 15, 383, 1, 14, 42, 35115 }, // U+FE95
    { 27, 15, 420, 1, 14, 51, 35157 }, // U+FE96
    { 7, 17, 113, 0, 17, 15, 35208 }, // U+FE97
    { 11, 14, 153, 0, 14, 20, 35223 }, // U+FE98
    { 22, 18, 383, 1, 17, 50, 35243 }, // U+FE99
    { 27, 18, 420, 1, 17, 61, 35293 }, // U+FE9A
    { 7, 20, 113, 0, 20, 18, 35354 }, // U+FE9B
    { 11, 17, 153, 0, 17, 24, 35372 }, // U+FE9C
    { 15, 22, 253, 0, 12, 42, 35396 }, // U+FE9D
    { 18, 22, 265, 0, 12, 50, 35438 }, // U+FE9E
    { 14, 15, 232, 0, 10, 27, 35488 }, // U+FE9F
    { 17, 15, 242, 0, 10, 32, 35515 }, // U+FEA0
    { 15, 22, 253, 0, 12, 42, 35547 }, // U+FEA1
    { 18, 22, 265, 0, 12, 50, 35589 }, // U+FEA2
    { 14, 10, 232, 0, 10, 18, 35639 }, // U+FEA3
    { 17, 10, 242, 0, 10, 22, 35657 }, // U+FEA4
    { 15, 27, 253, 0, 17, 51, 35679 }, // U+FEA5
    { 18, 27, 265, 0, 17, 61, 35730 }, // U+FEA6
    { 14, 16, 232, 0, 16, 28, 35791 }, // U+FEA7
    { 17, 16, 242, 0, 16, 34, 35819 }, // U+FEA8
    { 10, 13, 191, 1, 13, 17, 35853 }, // U+FEA9
    { 14, 13, 212, 1, 13, 23, 35870 }, // U+FEAA
    { 10, 18, 191, 1, 18, 23, 35893 }, // U+FEAB
    { 14, 18, 212, 1, 18, 32, 35916 }, // U+FEAC
    { 9, 15, 148, -1, 9, 17, 35948 }, // U+FEAD
    { 13, 15, 160, -1, 9, 25, 35965 }, // U+FEAE
    { 9, 21, 148, -1, 15, 24, 35990 }, // U+FEAF
    { 13, 21, 160, -1, 15, 35, 36014 }, // U+FEB0
    { 29, 17, 497, 1, 11, 62, 36049 }, // U+FEB1
    { 33, 16, 518, 1, 10, 66, 36111 }, // U+FEB2
    { 20, 11, 340, 0, 11, 28, 36177 }, // U+FEB3
    { 24, 10, 362, 0, 10, 30, 36205 }, // U+FEB4
    { 29, 24, 497, 1, 18, 87, 36235 }, // U+FEB5
    { 33, 24, 518, 1, 18, 99, 36322 }, // U+FEB6
    { 20, 18, 340, 0, 18, 45, 36421 }, // U+FEB7
    { 24, 18, 362, 0, 18, 54, 36466 }, // U+FEB8
    { 31, 16, 524, 1, 10, 62, 36520 }, // U+FEB9
    { 34, 16, 535, 1, 10, 68, 36582 }, // U+FEBA
    { 22, 10, 362, 0, 10, 28, 36650 }, // U+FEBB
    { 25, 10, 375, 0, 10, 32, 36678 }, // U+FEBC
    { 31, 22, 524, 1, 16, 86, 36710 }, // U+FEBD
    { 34, 22, 535, 1, 16, 94, 36796 }, // U+FEBE
    { 22, 16, 362, 0, 16, 44, 36890 }, // U+FEBF
    { 25, 16, 375, 0, 16, 50, 36934 }, // U+FEC0
    { 19, 18, 313, 0, 18, 43, 36984 }, // U+FEC1
    { 22, 18, 322, 0, 18, 50, 37027 }, // U+FEC2
    { 16, 18, 274, 0, 18, 36, 37077 }, // U+FEC3
    { 19, 18, 283, 0, 18, 43, 37113 }, // U+FEC4
    { 19, 18, 313, 0, 18, 43, 37156 }, // U+FEC5
    { 22, 18, 322, 0, 18, 50, 37199 }, // U+FEC6
    { 16, 18, 274, 0, 18, 36, 37249 }, // U+FEC7
    { 19, 18, 283, 0, 18, 43, 37285 }, // U+FEC8
    { 15, 23, 207, 0, 13, 44, 37328 }, // U+FEC9
    { 15, 21, 212, 0, 11, 40, 37372 }, // U+FECA
    { 12, 12, 204, 0, 12, 18, 37412 }, // U+FECB
    { 15, 11, 207, 0, 11, 21, 37430 }, // U+FECC
    { 15, 29, 207, 0, 19, 55, 37451 }, // U+FECD
    { 15, 27, 212, 0, 17, 51, 37506 }, // U+FECE
    { 12, 17, 204, 0, 17, 26, 37557 }, // U+FECF
    { 15, 17, 207, 0, 17, 32, 37583 }, // U+FED0
    { 22, 20, 386, 1, 19, 55, 37615 }, // U+FED1
    { 27, 18, 423, 1, 17, 61, 37670 }, // U+FED2
    { 11, 19, 185, 0, 19, 27, 37731 }, // U+FED3
    { 14, 17, 195, 0, 17, 30, 37758 }, // U+FED4
    { 18, 22, 314, 1, 17, 50, 37788 }, // U+FED5
    { 21, 22, 322, 1, 15, 58, 37838 }, // U+FED6
    { 11, 19, 185, 0, 19, 27, 37896 }, // U+FED7
    { 14, 17, 195, 0, 17, 30, 37923 }, // U+FED8
    { 20, 19, 353, 1, 18, 48, 37953 }, // U+FED9
    { 24, 19, 369, 1, 18, 57, 38001 }, // U+FEDA
    { 11, 18, 166, 0, 18, 25, 38058 }, // U+FEDB
    { 14, 18, 191, 0, 18, 32, 38083 }, // U+FEDC
    { 15, 24, 277, 1, 18, 45, 38115 }, // U+FEDD
    { 19, 24, 294, 1, 18, 57, 38160 }, // U+FEDE
    { 5, 18, 109, 0, 18, 12, 38217 }, // U+FEDF
    { 9, 18, 124, 0, 18, 21, 38229 }, // U+FEE0
    { 12, 21, 202, 0, 11, 32, 38250 }, // U+FEE1
    { 17, 20, 239, 0, 10, 43, 38282 }, // U+FEE2
    { 12, 10, 214, 0, 10, 15, 38325 }, // U+FEE3
    { 16, 10, 234, 0, 10, 20, 38340 }, // U+FEE4
    { 15, 19, 273, 1, 13, 36, 38360 }, // U+FEE5
    { 19, 19, 292, 1, 13, 46, 38396 }, // U+FEE6
    { 6, 17, 113, 0, 17, 13, 38442 }, // U+FEE7
    { 10, 14, 138, 0, 14, 18, 38455 }, // U+FEE8
    { 9, 13, 173, 1, 13, 15, 38473 }, // U+FEE9
    { 13, 14, 203, 1, 14, 23, 38488 }, // U+FEEA
    { 14, 13, 237, 0, 13, 23, 38511 }, // U+FEEB
    { 15, 16, 212, 0, 11, 30, 38534 }, // U+FEEC
    { 9, 15, 184, 1, 9, 17, 38564 }, // U+FEED
    { 13, 15, 193, 1, 9, 25, 38581 }, // U+FEEE
    { 18, 17, 310, 1, 11, 39, 38606 }, // U+FEEF
    { 19, 11, 296, 1, 5, 27, 38645 }, // U+FEF0
    { 18, 22, 310, 1, 11, 50, 38672 }, // U+FEF1
    { 19, 16, 296, 1, 5, 38, 38722 }, // U+FEF2
    { 7, 16, 130, 0, 11, 14, 38760 }, // U+FEF3
    { 11, 13, 153, 0, 8, 18, 38774 }, // U+FEF4
    { 15, 19, 240, -1, 19, 36, 38792 }, // U+FEF5
    { 17, 20, 252, 0, 20, 43, 38828 }, // U+FEF6
    { 14, 22, 240, 0, 22, 39, 38871 }, // U+FEF7
    { 16, 23, 252, 1, 23, 46, 38910 }, // U+FEF8
    { 13, 26, 240, 1, 18, 43, 38956 }, // U+FEF9
    { 16, 26, 252, 1, 18, 52, 38999 }, // U+FEFA
    { 13, 18, 240, 1, 18, 30, 39051 }, // U+FEFB
    { 16, 18, 252, 1, 18, 36, 39081 }, // U+FEFC
    { 23, 23, 400, 1, 19, 67, 39117 }, // U+FFFD
};

static const EpdUnicodeInterval geist_ui_12_semiboldIntervals[] = {
    { 0x0, 0x0, 0x0 },
    { 0xD, 0xD, 0x1 },
    { 0x20, 0x7E, 0x2 },
    { 0xA0, 0x17F, 0x61 },
    { 0x1A0, 0x1A1, 0x141 },
    { 0x1AF, 0x1B0, 0x143 },
    { 0x1C4, 0x21F, 0x145 },
    { 0x300, 0x36F, 0x1A1 },
    { 0x400, 0x4FF, 0x211 },
    { 0x5D0, 0x5EA, 0x311 },
    { 0x60C, 0x60C, 0x32C },
    { 0x61B, 0x61B, 0x32D },
    { 0x61F, 0x61F, 0x32E },
    { 0x621, 0x621, 0x32F },
    { 0x640, 0x640, 0x330 },
    { 0x660, 0x669, 0x331 },
    { 0x6BA, 0x6BA, 0x33B },
    { 0x6D4, 0x6D4, 0x33C },
    { 0x6F0, 0x6F9, 0x33D },
    { 0x1EA0, 0x1EF9, 0x347 },
    { 0x2000, 0x2064, 0x3A1 },
    { 0x2066, 0x2071, 0x406 },
    { 0x2074, 0x208E, 0x412 },
    { 0x2090, 0x209C, 0x42D },
    { 0x20A0, 0x20C0, 0x43A },
    { 0x2190, 0x2199, 0x45B },
    { 0x219D, 0x219D, 0x465 },
    { 0x21A9, 0x21AA, 0x466 },
    { 0x21B0, 0x21B1, 0x468 },
    { 0x21B3, 0x21B5, 0x46A },
    { 0x21E4, 0x21E5, 0x46D },
    { 0x21E7, 0x21E7, 0x46F },
    { 0x2202, 0x2202, 0x470 },
    { 0x2206, 0x2206, 0x471 },
    { 0x220F, 0x220F, 0x472 },
    { 0x2211, 0x2212, 0x473 },
    { 0x221A, 0x221A, 0x475 },
    { 0x221E, 0x221E, 0x476 },
    { 0x222B, 0x222B, 0x477 },
    { 0x2248, 0x2248, 0x478 },
    { 0x2260, 0x2260, 0x479 },
    { 0x2264, 0x2265, 0x47A },
    { 0xFB00, 0xFB06, 0x47C },
    { 0xFB56, 0xFB59, 0x483 },
    { 0xFB66, 0xFB69, 0x487 },
    { 0xFB7A, 0xFB7D, 0x48B },
    { 0xFB88, 0xFB95, 0x48F },
    { 0xFB9E, 0xFB9F, 0x49D },
    { 0xFBA6, 0xFBB1, 0x49F },
    { 0xFBFC, 0xFBFF, 0x4AB },
    { 0xFE80, 0xFEFC, 0x4AF },
    { 0xFFFD, 0xFFFD, 0x52C },
};

static const uint16_t geist_ui_12_semiboldKernLeftCodepoints[] = {
    0x0022, 0x0026, 0x0027, 0x0028, 0x002A, 0x002B, 0x002C, 0x002D, 0x002E, 0x002F, 0x0030, 0x0031,
    0x0032, 0x0033, 0x0034, 0x0035, 0x0036, 0x0037, 0x0038, 0x0039, 0x003A, 0x003B, 0x003C, 0x003D,
    0x003E, 0x0041, 0x0042, 0x0043, 0x0044, 0x0045, 0x0046, 0x0047, 0x0048, 0x0049, 0x004A, 0x004B,
    0x004C, 0x004D, 0x004E, 0x004F, 0x0050, 0x0051, 0x0052, 0x0053, 0x0054, 0x0055, 0x0056, 0x0057,
    0x0058, 0x0059, 0x005A, 0x005B, 0x005C, 0x005E, 0x0061, 0x0062, 0x0063, 0x0064, 0x0065, 0x0066,
    0x0067, 0x0068, 0x0069, 0x006A, 0x006B, 0x006C, 0x006D, 0x006E, 0x006F, 0x0070, 0x0071, 0x0072,
    0x0073, 0x0074, 0x0075, 0x0076, 0x0077, 0x0078, 0x0079, 0x007A, 0x007B, 0x007E, 0x00A1, 0x00A2,
    0x00A5, 0x00A9, 0x00AA, 0x00AB, 0x00AC, 0x00B1, 0x00BA, 0x00BB, 0x00BF, 0x00C0, 0x00C1, 0x00C2,
    0x00C3, 0x00C4, 0x00C5, 0x00C6, 0x00C7, 0x00C8, 0x00C9, 0x00CA, 0x00CB, 0x00CC, 0x00CD, 0x00CE,
    0x00CF, 0x00D0, 0x00D1, 0x00D2, 0x00D3, 0x00D4, 0x00D5, 0x00D6, 0x00D7, 0x00D8, 0x00D9, 0x00DA,
    0x00DB, 0x00DC, 0x00DD, 0x00DE, 0x00E0, 0x00E1, 0x00E2, 0x00E3, 0x00E4, 0x00E5, 0x00E6, 0x00E7,
    0x00E8, 0x00E9, 0x00EA, 0x00EB, 0x00EC, 0x00ED, 0x00EE, 0x00EF, 0x00F0, 0x00F1, 0x00F2, 0x00F3,
    0x00F4, 0x00F5, 0x00F6, 0x00F7, 0x00F8, 0x00F9, 0x00FA, 0x00FB, 0x00FC, 0x00FD, 0x00FE, 0x00FF,
    0x0100, 0x0101, 0x0102, 0x0103, 0x0104, 0x0105, 0x0106, 0x0107, 0x0108, 0x0109, 0x010A, 0x010B,
    0x010C, 0x010D, 0x010E, 0x010F, 0x0110, 0x0112, 0x0113, 0x0115, 0x0116, 0x0117, 0x0118, 0x0119,
    0x011A, 0x011B, 0x011C, 0x011D, 0x011E, 0x011F, 0x0120, 0x0121, 0x0122, 0x0123, 0x0124, 0x0125,
    0x0126, 0x0127, 0x0128, 0x0129, 0x012A, 0x012B, 0x012E, 0x012F, 0x0130, 0x0131, 0x0132, 0x0133,
    0x0134, 0x0135, 0x0136, 0x0137, 0x0138, 0x0139, 0x013A, 0x013B, 0x013C, 0x013D, 0x013E, 0x013F,
    0x0141, 0x0142, 0x0143, 0x0144, 0x0145, 0x0146, 0x0147, 0x0148, 0x014A, 0x014B, 0x014C, 0x014D,
    0x014E, 0x014F, 0x0150, 0x0151, 0x0152, 0x0153, 0x0154, 0x0155, 0x0156, 0x0157, 0x0158, 0x0159,
    0x015A, 0x015B, 0x015C, 0x015D, 0x015E, 0x015F, 0x0160, 0x0161, 0x0162, 0x0163, 0x0164, 0x0165,
    0x0166, 0x0167, 0x0168, 0x0169, 0x016A, 0x016B, 0x016C, 0x016D, 0x016E, 0x016F, 0x0170, 0x0171,
    0x0172, 0x0173, 0x0174, 0x0175, 0x0176, 0x0177, 0x0178, 0x0179, 0x017A, 0x017B, 0x017C, 0x017D,
    0x017E, 0x01A0, 0x01A1, 0x01AF, 0x01B0, 0x01CD, 0x01CE, 0x01E4, 0x01E5, 0x01E6, 0x01E7, 0x01E8,
    0x01E9, 0x01FA, 0x01FD, 0x01FE, 0x0218, 0x0219, 0x021A, 0x021B, 0x0400, 0x0401, 0x0402, 0x0404,
    0x0405, 0x0406, 0x0407, 0x0409, 0x040A, 0x040E, 0x0410, 0x0411, 0x0412, 0x0413, 0x0414, 0x0415,
    0x0416, 0x0417, 0x0418, 0x0419, 0x041A, 0x041B, 0x041C, 0x041D, 0x041E, 0x041F, 0x0420, 0x0421,
    0x0422, 0x0423, 0x0424, 0x0425, 0x0427, 0x0428, 0x042A, 0x042B, 0x042C, 0x042D, 0x042E, 0x042F,
    0x0430, 0x0431, 0x0432, 0x0433, 0x0434, 0x0435, 0x0436, 0x0437, 0x0438, 0x0439, 0x043A, 0x043B,
    0x043C, 0x043D, 0x043E, 0x043F, 0x0440, 0x0441, 0x0442, 0x0443, 0x0444, 0x0445, 0x0446, 0x0447,
    0x0448, 0x0449, 0x044B, 0x044D, 0x044E, 0x044F, 0x0450, 0x0451, 0x0452, 0x0453, 0x0454, 0x0455,
    0x0456, 0x0457, 0x0458, 0x045B, 0x045D, 0x045E, 0x0460, 0x0461, 0x0462, 0x0464, 0x0465, 0x0466,
    0x0467, 0x0468, 0x0469, 0x046A, 0x046B, 0x046E, 0x0471, 0x0472, 0x0473, 0x0474, 0x0475, 0x0476,
    0x0477, 0x0478, 0x0479, 0x047A, 0x047B, 0x047C, 0x047D, 0x047E, 0x047F, 0x0480, 0x048A, 0x048B,
    0x048C, 0x048D, 0x048E, 0x048F, 0x0490, 0x0491, 0x0492, 0x0493, 0x0496, 0x0497, 0x0498, 0x0499,
    0x049A, 0x049B, 0x049C, 0x049D, 0x049E, 0x049F, 0x04A0, 0x04A1, 0x04A3, 0x04A4, 0x04A5, 0x04A9,
    0x04AA, 0x04AB, 0x04AC, 0x04AD, 0x04AE, 0x04AF, 0x04B1, 0x04B2, 0x04B3, 0x04B4, 0x04B5, 0x04B7,
    0x04BB, 0x04BC, 0x04BD, 0x04BE, 0x04BF, 0x04C0, 0x04C1, 0x04C2, 0x04C5, 0x04C6, 0x04C9, 0x04CA,
    0x04CD, 0x04CE, 0x04CF, 0x04D0, 0x04D1, 0x04D2, 0x04D3, 0x04D5, 0x04D7, 0x04D8, 0x04D9, 0x04DA,
    0x04DB, 0x04DC, 0x04DD, 0x04DE, 0x04DF, 0x04E2, 0x04E3, 0x04E5, 0x04E6, 0x04E7, 0x04E8, 0x04EA,
    0x04EB, 0x04EC, 0x04ED, 0x04EF, 0x04F0, 0x04F1, 0x04F2, 0x04F3, 0x04F5, 0x04F6, 0x04F7, 0x04F9,
    0x04FA, 0x04FB, 0x04FC, 0x04FD, 0x04FE, 0x04FF, 0x05D0, 0x05D1, 0x05D2, 0x05D3, 0x05D5, 0x05D6,
    0x05D8, 0x05D9, 0x05DB, 0x05DC, 0x05DE, 0x05E0, 0x05E1, 0x05E2, 0x05E4, 0x05E6, 0x05E8, 0x05E9,
    0x05EA, 0x1EA0, 0x1EA2, 0x1EA4, 0x1EA6, 0x1EA8, 0x1EAA, 0x1EAC, 0x1EAE, 0x1EB0, 0x1EB2, 0x1EB4,
    0x1EB6, 0x1EB9, 0x1EBB, 0x1EBC, 0x1EBD, 0x1EBF, 0x1EC1, 0x1EC3, 0x1EC5, 0x1EC7, 0x1ECC, 0x1ECD,
    0x1ECE, 0x1ECF, 0x1ED0, 0x1ED1, 0x1ED2, 0x1ED3, 0x1ED4, 0x1ED5, 0x1ED6, 0x1ED7, 0x1ED8, 0x1ED9,
    0x1EDA, 0x1EDB, 0x1EDC, 0x1EDD, 0x1EDE, 0x1EDF, 0x1EE0, 0x1EE1, 0x1EE2, 0x1EE3, 0x1EE4, 0x1EE6,
    0x1EE8, 0x1EE9, 0x1EEA, 0x1EEB, 0x1EEC, 0x1EED, 0x1EEE, 0x1EEF, 0x1EF0, 0x1EF1, 0x1EF2, 0x1EF3,
    0x1EF4, 0x1EF6, 0x1EF8, 0x1EF9, 0x2015, 0x2018, 0x201A, 0x201C, 0x201E, 0x2026, 0x2039, 0x203A,
    0x21E7, 0x2212, 0x221E, 0x2248, 0x2260, 0x2264, 0x2265, 0xFB01, 0xFB02, 0xFB8C, 0xFEAD, 0xFEAE,
    0xFEAF,
};

static const uint8_t geist_ui_12_semiboldKernLeftClassIds[] = {
      1,   2,   1,   3,   4,   5,   6,   7,   6,   8,   9,  10,  11,  12,  13,  14,
     15,  16,  17,   9,  18,  18,   5,   5,   5,  19,  20,  21,   9,  22,  23,  24,
     25,  25,  26,  27,  28,  25,  25,   9,  29,   9,  30,   9,  31,  26,   8,   8,
     27,  32,  33,  34,  19,   5,  35,  36,  36,  25,  36,  37,  38,  39,  25,  25,
     40,  35,  39,  39,  36,  36,  38,  41,  36,  42,  38,  43,  43,  44,  43,  45,
     46,   5,  47,  48,  10,   9,   4,  49,   5,   5,   4,  50,  51,  19,  19,  19,
     19,  19,  19,  22,  21,  22,  22,  22,  22,  25,  25,  25,  25,  48,  25,   9,
      9,   9,   9,   9,   5,   9,  26,  26,  26,  26,  32,   9,  35,  35,  35,  35,
     35,  35,  36,  36,  36,  36,  36,  36,  25,  25,  25,  25,  36,  39,  36,  36,
     36,  36,  36,   5,  36,  38,  38,  38,  38,  43,  36,  43,  19,  35,  19,  35,
     19,  35,  21,  36,  21,  36,  21,  36,  21,  36,  48,  52,  48,  22,  36,  53,
     22,  36,  22,  36,  22,  36,  24,  38,  24,  38,  24,  38,  24,  38,  25,  39,
     25,  39,  25,  25,  25,  25,  25,  25,  25,  25,  26,  25,  26,  25,  27,  44,
     54,  28,  35,  28,  35,  55,  52,  56,  28,  35,  25,  39,  25,  39,  25,  39,
     25,  39,   9,  36,  57,  53,   9,  36,  22,  36,  58,  41,  58,  41,  58,  41,
      9,  36,   9,  36,   9,  36,   9,  36,  31,  42,  31,  52,  31,  42,  26,  38,
     26,  38,  26,  38,  26,  38,  26,  38,  26,  38,   8,  43,  32,  43,  32,  33,
     45,  33,  45,  33,  45,  59,  60,  61,  62,  19,  35,  24,  38,  24,  38,  27,
     44,  63,  53,  57,   9,  36,  31,  42,  22,  22,  20,  21,   9,  10,  10,  20,
     20,   8,  19,  20,  20,  31,  19,  22,  27,  20,  25,  25,  27,  25,  25,  25,
      9,  25,  29,  21,  31,   8,   9,  27,  10,  25,  20,  10,  20,   9,   9,  10,
     35,  36,  36,  41,  36,  36,  44,  36,  38,  38,  44,  38,  38,  38,  36,  39,
     36,  36,  41,  43,  36,  44,  38,  38,  38,  38,  38,  36,  36,  38,  36,  36,
     39,  41,  36,  36,  38,  38,  25,  39,  38,  43,  64,  65,  20,  66,  67,  68,
     69,  68,  69,  27,  44,  70,  71,   9,  36,   8,  43,  72,  65,  73,  73,  64,
     71,  64,  71,  64,  65,  66,  74,  75,  76,  77,  78,  71,  31,  41,  31,  41,
     27,  44,  70,  79,  27,  44,  80,  81,  80,  81,  80,  81,  25,  82,  83,  71,
     66,  67,  84,  83,   8,  43,  43,  27,  44,  74,  75,  38,  39,  85,  86,  85,
     86,  10,  80,  81,  74,  75,  74,  75,  74,  75,  25,  68,  87,  68,  87,  86,
     86,   9,  36,  64,  71,  80,  81,  70,  79,  25,  38,  88,  64,  71,   9,  64,
     71,  64,  71,  43,  72,  73,  72,  73,  88,  84,  83,  88,  82,  89,  90,  91,
     80,  91,  92,  93,  94,  95,  96,  97,  98,  99, 100, 101, 102, 103, 104, 105,
    106, 107, 108, 109, 110,  63,  63,  63,  63,  63,  63,  63,  63,  63,  63,  63,
     63,  53,  53,  22,  36,  53,  53,  53,  53,  53,  57,  53,  57,  53,  57,  53,
     57,  53,  57,  53,  57,  53,  57,  53,  59,  60,  59,  60,  59,  60,  59,  60,
     59,  60, 111, 111,  61,  62,  61,  62,  61,  62,  61,  62,  61,  62,  32,  43,
    112, 112,  32,  43, 113, 114,   6, 114,   6,   6, 115, 116,  19,   5,   5,   5,
      5,   5,   5,  25,  35, 117, 117, 117, 117,
};

static const uint16_t geist_ui_12_semiboldKernRightCodepoints[] = {
    0x0021, 0x0022, 0x0025, 0x0026, 0x0027, 0x0029, 0x002A, 0x002B, 0x002C, 0x002D, 0x002E, 0x002F,
    0x0030, 0x0031, 0x0032, 0x0033, 0x0034, 0x0035, 0x0036, 0x0037, 0x0038, 0x003A, 0x003B, 0x003C,
    0x003D, 0x003E, 0x003F, 0x0041, 0x0042, 0x0043, 0x0044, 0x0045, 0x0046, 0x0047, 0x0048, 0x0049,
    0x004A, 0x004B, 0x004C, 0x004D, 0x004E, 0x004F, 0x0050, 0x0051, 0x0052, 0x0053, 0x0054, 0x0055,
    0x0056, 0x0057, 0x0058, 0x0059, 0x005A, 0x005C, 0x005D, 0x005E, 0x0061, 0x0062, 0x0063, 0x0064,
    0x0065, 0x0066, 0x0067, 0x0068, 0x0069, 0x006A, 0x006B, 0x006C, 0x006D, 0x006E, 0x006F, 0x0070,
    0x0071, 0x0072, 0x0073, 0x0074, 0x0075, 0x0076, 0x0077, 0x0078, 0x0079, 0x007A, 0x007D, 0x007E,
    0x00A5, 0x00A9, 0x00AA, 0x00AB, 0x00AC, 0x00B1, 0x00BA, 0x00BB, 0x00BF, 0x00C0, 0x00C1, 0x00C2,
    0x00C3, 0x00C4, 0x00C5, 0x00C6, 0x00C7, 0x00C8, 0x00C9, 0x00CA, 0x00CB, 0x00CC, 0x00CD, 0x00CE,
    0x00CF, 0x00D0, 0x00D1, 0x00D2, 0x00D3, 0x00D4, 0x00D5, 0x00D6, 0x00D7, 0x00D8, 0x00D9, 0x00DA,
    0x00DB, 0x00DC, 0x00DD, 0x00DE, 0x00DF, 0x00E0, 0x00E1, 0x00E2, 0x00E3, 0x00E4, 0x00E5, 0x00E6,
    0x00E7, 0x00E8, 0x00E9, 0x00EA, 0x00EB, 0x00EC, 0x00ED, 0x00EE, 0x00EF, 0x00F0, 0x00F1, 0x00F2,
    0x00F3, 0x00F4, 0x00F5, 0x00F6, 0x00F7, 0x00F8, 0x00F9, 0x00FA, 0x00FB, 0x00FC, 0x00FD, 0x00FE,
    0x00FF, 0x0100, 0x0101, 0x0102, 0x0103, 0x0104, 0x0105, 0x0106, 0x0107, 0x0108, 0x0109, 0x010A,
    0x010B, 0x010C, 0x010D, 0x010E, 0x010F, 0x0110, 0x0111, 0x0112, 0x0113, 0x0115, 0x0116, 0x0117,
    0x0118, 0x0119, 0x011A, 0x011B, 0x011C, 0x011D, 0x011E, 0x011F, 0x0120, 0x0121, 0x0122, 0x0123,
    0x0124, 0x0125, 0x0126, 0x0127, 0x0128, 0x0129, 0x012A, 0x012B, 0x012E, 0x012F, 0x0130, 0x0131,
    0x0132, 0x0133, 0x0134, 0x0135, 0x0136, 0x0137, 0x0138, 0x0139, 0x013A, 0x013B, 0x013C, 0x013D,
    0x013E, 0x0140, 0x0141, 0x0142, 0x0143, 0x0144, 0x0145, 0x0146, 0x0147, 0x0148, 0x014A, 0x014B,
    0x014C, 0x014D, 0x014E, 0x014F, 0x0150, 0x0151, 0x0152, 0x0153, 0x0154, 0x0155, 0x0156, 0x0157,
    0x0158, 0x0159, 0x015A, 0x015B, 0x015C, 0x015D, 0x015E, 0x015F, 0x0160, 0x0161, 0x0162, 0x0163,
    0x0164, 0x0165, 0x0166, 0x0167, 0x0168, 0x0169, 0x016A, 0x016B, 0x016C, 0x016D, 0x016E, 0x016F,
    0x0170, 0x0171, 0x0172, 0x0173, 0x0174, 0x0175, 0x0176, 0x0177, 0x0178, 0x0179, 0x017A, 0x017B,
    0x017C, 0x017D, 0x017E, 0x01A0, 0x01A1, 0x01AF, 0x01B0, 0x01CD, 0x01CE, 0x01E4, 0x01E5, 0x01E6,
    0x01E7, 0x01E8, 0x01E9, 0x01FA, 0x01FB, 0x01FD, 0x01FE, 0x01FF, 0x0218, 0x0219, 0x021A, 0x021B,
    0x0400, 0x0401, 0x0402, 0x0403, 0x0404, 0x0405, 0x0406, 0x0407, 0x0409, 0x040A, 0x040B, 0x040C,
    0x040E, 0x040F, 0x0410, 0x0411, 0x0412, 0x0413, 0x0414, 0x0415, 0x0416, 0x0417, 0x0418, 0x0419,
    0x041A, 0x041B, 0x041C, 0x041D, 0x041E, 0x041F, 0x0420, 0x0421, 0x0422, 0x0423, 0x0424, 0x0425,
    0x0426, 0x0428, 0x0429, 0x042B, 0x042C, 0x042D, 0x042E, 0x0430, 0x0431, 0x0432, 0x0433, 0x0434,
    0x0435, 0x0436, 0x0437, 0x0438, 0x0439, 0x043A, 0x043B, 0x043C, 0x043D, 0x043E, 0x043F, 0x0440,
    0x0441, 0x0442, 0x0443, 0x0444, 0x0445, 0x0446, 0x0447, 0x0448, 0x0449, 0x044A, 0x044B, 0x044C,
    0x044D, 0x044E, 0x0450, 0x0451, 0x0453, 0x0454, 0x0455, 0x0456, 0x0457, 0x0458, 0x0459, 0x045A,
    0x045B, 0x045D, 0x045E, 0x0460, 0x0461, 0x0462, 0x0463, 0x0465, 0x0466, 0x0467, 0x0469, 0x046A,
    0x046B, 0x046D, 0x046E, 0x0470, 0x0472, 0x0473, 0x0474, 0x0475, 0x0476, 0x0477, 0x0478, 0x0479,
    0x047A, 0x047B, 0x047C, 0x047D, 0x047E, 0x047F, 0x0480, 0x0481, 0x048B, 0x048C, 0x048D, 0x048F,
    0x0490, 0x0491, 0x0492, 0x0493, 0x0495, 0x0496, 0x0497, 0x0498, 0x0499, 0x049A, 0x049B, 0x049D,
    0x049F, 0x04A0, 0x04A1, 0x04A2, 0x04A3, 0x04A5, 0x04A7, 0x04A8, 0x04A9, 0x04AA, 0x04AB, 0x04AC,
    0x04AD, 0x04AE, 0x04AF, 0x04B1, 0x04B2, 0x04B3, 0x04B4, 0x04B5, 0x04B7, 0x04B8, 0x04B9, 0x04BA,
    0x04BB, 0x04BC, 0x04BD, 0x04BE, 0x04BF, 0x04C0, 0x04C1, 0x04C2, 0x04C4, 0x04C5, 0x04C6, 0x04C8,
    0x04CA, 0x04CB, 0x04CC, 0x04CE, 0x04CF, 0x04D0, 0x04D1, 0x04D2, 0x04D3, 0x04D4, 0x04D5, 0x04D7,
    0x04D8, 0x04D9, 0x04DA, 0x04DB, 0x04DC, 0x04DD, 0x04DE, 0x04DF, 0x04E3, 0x04E5, 0x04E6, 0x04E7,
    0x04E8, 0x04EA, 0x04EB, 0x04EC, 0x04ED, 0x04EF, 0x04F0, 0x04F1, 0x04F2, 0x04F3, 0x04F4, 0x04F5,
    0x04F7, 0x04F9, 0x04FA, 0x04FC, 0x04FD, 0x04FE, 0x04FF, 0x05D0, 0x05D1, 0x05D2, 0x05D3, 0x05D4,
    0x05D6, 0x05D7, 0x05D8, 0x05D9, 0x05DA, 0x05DB, 0x05DC, 0x05DD, 0x05DE, 0x05DF, 0x05E1, 0x05E2,
    0x05E3, 0x05E4, 0x05E5, 0x05E7, 0x05E8, 0x05E9, 0x05EA, 0x1EA0, 0x1EA1, 0x1EA2, 0x1EA3, 0x1EA4,
    0x1EA5, 0x1EA6, 0x1EA7, 0x1EA8, 0x1EA9, 0x1EAA, 0x1EAB, 0x1EAC, 0x1EAD, 0x1EAE, 0x1EAF, 0x1EB0,
    0x1EB1, 0x1EB2, 0x1EB3, 0x1EB4, 0x1EB5, 0x1EB6, 0x1EB7, 0x1EB9, 0x1EBB, 0x1EBC, 0x1EBD, 0x1EBF,
    0x1EC1, 0x1EC3, 0x1EC5, 0x1EC7, 0x1ECC, 0x1ECD, 0x1ECE, 0x1ECF, 0x1ED0, 0x1ED1, 0x1ED2, 0x1ED3,
    0x1ED4, 0x1ED5, 0x1ED6, 0x1ED7, 0x1ED8, 0x1ED9, 0x1EDA, 0x1EDB, 0x1EDC, 0x1EDD, 0x1EDE, 0x1EDF,
    0x1EE0, 0x1EE1, 0x1EE2, 0x1EE3, 0x1EE4, 0x1EE5, 0x1EE6, 0x1EE7, 0x1EE8, 0x1EE9, 0x1EEA, 0x1EEB,
    0x1EEC, 0x1EED, 0x1EEE, 0x1EEF, 0x1EF0, 0x1EF1, 0x1EF2, 0x1EF3, 0x1EF4, 0x1EF5, 0x1EF6, 0x1EF7,
    0x1EF8, 0x1EF9, 0x2015, 0x2018, 0x2019, 0x201A, 0x201C, 0x201D, 0x201E, 0x2026, 0x2039, 0x203A,
    0x21E7, 0x2212, 0x221E, 0x2248, 0x2260, 0x2264, 0x2265, 0xFB00, 0xFB01, 0xFB02, 0xFB03, 0xFB04,
    0xFB8E, 0xFBA6, 0xFBAA, 0xFE8D, 0xFEA3, 0xFEA9, 0xFEB1, 0xFEB3, 0xFEB9, 0xFEBB, 0xFEC1, 0xFEC3,
    0xFEC9, 0xFECB, 0xFECD, 0xFEDB, 0xFEDF, 0xFEE1, 0xFEE3, 0xFEE9, 0xFEEB,
};

static const uint8_t geist_ui_12_semiboldKernRightClassIds[] = {
      1,   2,   3,   4,   2,   5,   6,   7,   8,   9,   8,  10,  11,  12,  13,  14,
     15,  16,  11,  17,  18,  19,  19,   7,   7,   7,  20,  10,  21,  11,  21,  22,
     21,  11,  21,  21,  23,  24,  24,  21,  25,  11,  21,  11,  21,  11,  17,  26,
     27,  27,  28,  29,  30,  27,  31,   7,  32,  21,  33,  33,  33,  34,  33,  21,
     21,  35,  21,  36,  37,  37,  33,  37,  33,  37,  33,  38,  39,  40,  40,  41,
     40,  42,  43,   7,  24,  11,   6,  44,   7,   7,   6,  45,  46,  10,  10,  10,
     10,  10,  10,  10,  11,  21,  21,  21,  21,  21,  21,  21,  21,  11,  21,  11,
     11,  11,  11,  11,   7,  11,  26,  26,  26,  26,  29,  21,  21,  32,  32,  32,
     32,  32,  32,  32,  33,  33,  33,  33,  33,  21,  21,  21,  21,  33,  37,  33,
     33,  33,  33,  33,   7,  33,  39,  39,  39,  39,  40,  21,  40,  10,  32,  10,
     32,  10,  32,  11,  33,  11,  33,  11,  33,  11,  33,  21,  33,  11,  33,  21,
     33,  47,  21,  33,  21,  33,  21,  33,  11,  33,  11,  33,  11,  33,  11,  33,
     21,  21,  21,  21,  21,  21,  21,  21,  21,  21,  21,  21,  21,  21,  23,  35,
     24,  21,  48,  24,  36,  21,  36,  24,  36,  49,  50,  36,  21,  37,  21,  37,
     21,  37,  21,  37,  11,  33,  51,  47,  11,  33,  11,  33,  21,  37,  21,  37,
     21,  37,  11,  33,  11,  33,  11,  33,  11,  33,  17,  52,  17,  52,  17,  52,
     26,  39,  26,  39,  26,  39,  26,  39,  26,  39,  26,  39,  27,  40,  29,  40,
     29,  30,  42,  30,  42,  30,  42,  51,  47,  53,  48,  10,  32,  11,  33,  11,
     33,  24,  21,  54,  55,  55,  51,  47,  11,  33,  17,  52,  21,  21,  17,  21,
     11,  11,  24,  24,  23,  24,  17,  21,  56,  21,  10,  21,  21,  21,  10,  21,
     28,  14,  21,  21,  21,  57,  21,  21,  11,  21,  21,  11,  17,  56,  11,  28,
     21,  21,  21,  21,  21,  11,  24,  32,  33,  37,  37,  33,  33,  41,  33,  37,
     37,  37,  58,  37,  37,  33,  37,  37,  33,  52,  40,  33,  41,  37,  39,  37,
     37,  52,  37,  37,  33,  37,  33,  33,  37,  33,  33,  37,  37,  35,  59,  37,
     21,  37,  40,  60,  61,  24,  21,  62,  63,  64,  62,  28,  41,  62,  65,  66,
     11,  33,  27,  40,  67,  61,  60,  68,  60,  68,  60,  68,  60,  61,  60,  68,
     62,  69,  70,  62,  24,  37,  24,  37,  62,  28,  41,  65,  71,  21,  21,  62,
     70,  72,  73,  21,  21,  62,  62,  60,  68,  60,  68,  74,  73,  27,  40,  40,
     28,  41,  72,  73,  39,  66,  75,  21,  21,  76,  77,  76,  77,  21,  78,  79,
     62,  80,  64,  62,  62,  66,  75,  62,  21,  63,  81,  63,  81,  63,  81,  68,
     11,  33,  82,  81,  78,  79,  65,  71,  37,  83,  60,  68,  11,  60,  68,  65,
     71,  40,  84,  85,  84,  85,  66,  75,  62,  83,  69,  78,  79,  78,  79,  86,
     87,  88,  89,  90,  91,  92,  93,  94,  95,  96,  97,  98,  99, 100, 101, 102,
    103, 104, 105, 106, 107, 108, 109,  54,  55,  54,  55,  54,  55,  54,  55,  54,
     55,  54,  55,  54,  55,  54,  55,  54,  55,  54,  55,  54,  55,  54,  55,  47,
     47,  21,  33,  47,  47,  47,  47,  47,  51,  47,  51,  47,  51,  47,  51,  47,
     51,  47,  51,  47,  51,  47,  51,  47,  51,  47,  51,  47,  51,  47,  51,  47,
     53,  48,  53,  48,  53,  48,  53,  48,  53,  48,  53,  48,  53,  48,  29,  40,
    110, 111, 110, 111,  29,  40, 112, 113, 114,   8, 113, 115,   8,   8, 116,  45,
     10,   7,   7,   7,   7,   7,   7, 117,  34,  34, 117, 117, 118, 118, 118, 119,
    118, 120, 120, 120, 120, 120, 120, 120, 121, 119, 121, 118, 119, 118, 118, 118,
    118,
};

static const uint16_t geist_ui_12_semiboldKernRowOffsets[] = {
        0,     5,     7,    13,    16,    18,    28,    34,    65,    91,   103,   108,   111,   116,   118,   120,
      131,   133,   145,   173,   194,   214,   230,   254,   264,   288,   300,   323,   351,   373,   390,   430,
      454,   477,   479,   496,   521,   541,   558,   579,   602,   625,   644,   668,   691,   710,   711,   715,
      716,   718,   721,   738,   749,   750,   751,   754,   757,   759,   776,   778,   781,   786,   789,   791,
      801,   802,   805,   806,   817,   823,   824,   833,   846,   850,   855,   860,   865,   876,   883,   889,
      897,   904,   919,   923,   940,   942,   944,   949,   951,   953,   958,   960,   966,   971,   978,   989,
      995,   996,  1005,  1016,  1022,  1032,  1038,  1041,  1048,  1050,  1058,  1069,  1079,  1087,  1097,  1098,
     1103,  1109,  1110,  1111,  1112,  1116,
};

static const uint8_t geist_ui_12_semiboldKernSparseCols[] = {
      9,  14,  16,  32,  45,  16,  26,  10,  12,  13,  14,  15,  17,   7,   9,  16,
     16,  28,   5,  10,  11,  16,  22,  26,  33,  34,  35,  39,  11,  14,  16,  33,
     39,  40,   0,   3,   7,   9,  10,  16,  18,  19,  20,  21,  22,  23,  24,  26,
     27,  29,  31,  32,  33,  34,  35,  36,  37,  38,  39,  40,  41,  43,  44,  51,
    115,   4,   5,   7,   9,  12,  16,  18,  19,  20,  21,  22,  23,  24,  26,  27,
     28,  29,  31,  32,  33,  34,  37,  39,  40,  49,  51,   8,   9,  10,  11,  12,
     14,  16,  17,  23,  31,  32,  38,   8,  10,  13,  14,  16,   4,   9,  16,   1,
      2,   8,  16,  18,   4,  16,  11,  12,   2,   7,   8,  10,  11,  14,  16,  17,
     18,  30,  42,   4,  16,   9,  10,  14,  16,  26,  27,  33,  37,  39,  40,  41,
     51,   0,   1,   5,  10,  13,  16,  18,  19,  20,  21,  22,  23,  24,  25,  26,
     28,  29,  32,  33,  35,  36,  37,  38,  39,  40,  41,  51,  55,   9,  10,  16,
     18,  19,  20,  21,  24,  26,  28,  31,  32,  33,  34,  35,  36,  37,  38,  39,
     40,  41,   9,  16,  20,  21,  23,  24,  26,  27,  28,  31,  32,  33,  35,  36,
     37,  38,  39,  40,  41,  51,  18,  19,  20,  21,  24,  26,  28,  31,  32,  33,
     34,  37,  39,  40,  41,  51,   7,   9,  18,  19,  20,  21,  22,  23,  24,  27,
     28,  29,  31,  32,  33,  34,  35,  36,  37,  38,  39,  40,  41,  51,  16,  26,
     27,  28,  32,  33,  37,  39,  40,  51,   9,  10,  16,  19,  20,  21,  22,  24,
     25,  26,  27,  28,  29,  31,  32,  33,  34,  35,  36,  37,  38,  39,  40,  51,
      9,  20,  21,  22,  24,  28,  33,  37,  39,  40,  41,  51,   5,  10,  16,  18,
     19,  20,  21,  22,  23,  24,  25,  26,  29,  31,  32,  33,  34,  36,  37,  38,
     39,  40,  51,   0,   1,   5,   7,   9,  10,  16,  18,  19,  20,  21,  22,  23,
     24,  25,  26,  28,  29,  32,  33,  34,  35,  37,  38,  39,  40,  41,  51,   0,
      7,   8,   9,  10,  18,  19,  20,  21,  22,  24,  26,  27,  28,  29,  31,  32,
     36,  38,  39,  40,  41,   9,  10,  16,  18,  19,  23,  26,  28,  31,  32,  33,
     34,  37,  38,  39,  40,  51,   1,   3,   5,   7,   8,   9,  10,  14,  16,  18,
     19,  20,  21,  22,  23,  24,  26,  27,  28,  30,  31,  32,  33,  34,  35,  36,
     37,  38,  39,  40,  41,  43,  44,  51,  56,  57,  58, 113, 114, 115,   6,   9,
     10,  16,  20,  21,  22,  24,  25,  28,  29,  31,  32,  33,  34,  35,  36,  37,
     38,  39,  40,  41,  49,  51,   8,   9,  10,  19,  20,  21,  22,  24,  26,  27,
     28,  31,  32,  33,  34,  35,  36,  37,  38,  39,  40,  41,  51,  16,  34,   5,
      7,  19,  20,  21,  24,  31,  32,  33,  35,  36,  37,  38,  39,  40,  41,  51,
      1,   5,   9,  16,  19,  20,  21,  24,  26,  27,  28,  31,  32,  33,  34,  35,
     36,  37,  38,  39,  40,  41,  51,  57,  58,   5,   7,   8,   9,  18,  20,  21,
     24,  30,  31,  32,  33,  34,  35,  36,  37,  40,  41,  51, 112,  16,  19,  20,
     21,  24,  26,  28,  32,  33,  34,  37,  39,  40,  41,  51,  57,  58,   5,  16,
     19,  20,  21,  24,  26,  27,  28,  31,  32,  33,  34,  35,  36,  37,  38,  39,
     40,  41,  51,   0,   5,   7,   8,  10,  16,  18,  19,  20,  21,  24,  31,  32,
     33,  34,  35,  36,  37,  38,  39,  40,  41,  51,   7,   8,   9,  16,  18,  20,
     21,  24,  31,  32,  33,  34,  35,  36,  37,  38,  39,  40,  41,  43,  51,  57,
     58,   7,   8,   9,  20,  21,  24,  26,  29,  31,  32,  33,  34,  36,  37,  38,
     39,  40,  41,  51,   7,   8,   9,  10,  16,  18,  20,  21,  22,  24,  27,  31,
     32,  33,  34,  35,  36,  37,  38,  40,  41,  51,  57,  58,   0,   5,   7,   8,
     10,  16,  18,  19,  20,  21,  24,  31,  32,  33,  34,  35,  36,  37,  38,  39,
     40,  41,  51,  18,  19,  20,  21,  24,  26,  27,  31,  32,  33,  34,  35,  36,
     37,  38,  39,  40,  41,  51,  16,  26,  33,  37,  51,  16,  16,  26,  16,  22,
     26,   1,  10,  11,  16,  20,  21,  24,  26,  31,  32,  33,  34,  36,  37,  39,
     41,  51,   5,  20,  21,  24,  31,  32,  33,  34,  35,  40, 114, 110,  46,  16,
     26,  28,  50,  52, 109,  53, 109,   9,  10,  16,  18,  19,  23,  26,  28,  31,
     32,  33,  34,  37,  38,  39,  40,  51,  53, 109,  48, 110, 116,  46,  50,  53,
     54, 109,  48, 110, 116,  50, 109,  62,  63,  64,  66,  71,  73,  77,  78,  79,
     83,  63,  59,  74,  75,  73,  65,  66,  68,  71,  72,  73,  74,  75,  81,  83,
     84,  60,  67,  72,  74,  76,  84,  66,  62,  63,  72,  73,  74,  77,  78,  83,
     84,  59,  62,  63,  67,  69,  70,  74,  75,  76,  78,  79,  82, 111,  62,  63,
     67,  77,  63,  65,  72,  74,  84,  63,  65,  72,  73,  74,  65,  66,  71,  72,
     73,  60,  62,  65,  72,  73,  74,  76,  77,  78,  83,  84,  62,  63,  67,  77,
     79,  83, 111,  72,  73,  77,  78,  83,  84,  59,  65,  67,  72,  74,  75,  84,
    111,  65,  67,  73,  74,  76,  83, 111,  59,  61,  62,  63,  67,  69,  70,  71,
     73,  74,  75,  76,  78,  79, 111,  62,  63,  67, 111,  59,  60,  61,  62,  63,
     67,  70,  72,  73,  74,  75,  76,  78,  79,  80,  84, 111,  66,  73,  78,  84,
     72,  73,  78,  83,  84,  69,  73,  63,  67,  59,  72,  74,  75,  76,  67,  74,
     93,  95,  96, 103, 105, 107,  88,  94, 100, 103, 106,  86,  92,  93,  95,  96,
     98, 103,  86,  89,  92,  94,  95,  97,  98, 100, 102, 103, 106,  86,  92,  97,
    100, 103, 106,  86,  88,  92,  94,  95, 102, 103, 104, 105, 106,  86,  89,  91,
     92,  95,  97,  98, 100, 103, 106, 108,  92,  95,  98, 100, 102, 103,  86,  87,
     92,  94,  95, 100, 102, 103, 107, 108,  92,  95,  97,  98, 100, 103,  92,  93,
     95,  92,  94,  96, 100, 102, 103, 106,  92, 100,  94,  95,  96,  99, 100, 102,
    103, 107,  85,  86,  88,  89,  92,  93,  97,  98, 100, 102, 103,  86,  92,  94,
     95,  98, 100, 102, 103, 106, 108,  86,  92,  95,  97, 100, 102, 103, 106,  88,
     90,  93,  95,  96,  98, 100, 101, 103, 107,  53,  46,  47,  50,  53,  54,  71,
     72,  73,  77,  78,  83,  22,  26,  22, 117, 118, 119, 120,
};

static const int8_t geist_ui_12_semiboldKernSparseValues[] = {
     -20,  -12,    4,   -4,  -16,  -19,  -14,   -6,   -2,   -3,  -12,   -1,   -4,  -16,  -30,    6,
      -8,   -8,  -16,   -8,  -29,  -24,   -1,  -30,  -13,    4,   -4,  -18,   -8,    4,  -16,   -4,
      -4,  -20,  -14,   -7,  -30,  -45,  -17,   -4,  -14,  -14,  -10,  -10,  -32,   -6,  -10,   -4,
      -4,   -6,  -22,  -19,  -20,  -22,  -10,  -15,  -16,  -22,  -18,  -27,  -17,  -22,  -11,  -16,
     -22,   -7,   -4,   -8,  -15,   -5,  -16,   -4,   -8,   -6,   -6,   -4,   -5,   -6,  -17,  -14,
     -18,   -4,    2,    4,   -4,   -8,   -9,   -8,  -11,   -2,   -9,   -4,   -3,   -6,  -16,   -4,
      -8,   -2,   -8,   -5,   -2,   -7,   -2,  -12,   -5,   -9,   -9,   -5,   -3,  -14,   -8,   -4,
      -8,   -4,   -8,   -8,   -5,  -16,   -8,   -5,    6,  -37,  -13,   -4,    4,  -10,    8,   -3,
      -8,   12,   12,   -4,   -8,   -8,   -4,   -8,  -22,  -14,   -8,  -10,  -10,   -8,  -18,   -8,
     -10,   -4,  -20,  -30,  -15,  -16,  -38,   -8,  -22,  -10,  -10,  -11,   -7,  -10,   -7,  -45,
     -31,   -4,   -9,  -18,  -10,   -8,  -27,   -9,  -26,  -12,   -6,  -27,   -5,  -11,   -4,  -14,
      -8,  -10,   -3,   -8,   -3,  -15,  -19,   -4,   -2,   -8,   -7,   -6,   -4,   -8,   -4,  -15,
     -19,  -10,  -11,   -6,   -3,   -3,   -3,   -3,  -10,   -8,  -10,   -3,   -4,   -8,   -5,   -4,
      -4,   -6,   -6,  -14,   -4,   -4,   -4,   -8,   -2,   -2,   -5,    4,   -8,   -4,   -7,  -14,
      -6,  -14,  -10,  -12,   -3,  -14,  -32,  -33,  -12,   -6,   -6,   -6,  -24,  -10,   -6,   -8,
      -6,   -6,  -10,  -10,  -14,  -14,   -8,  -10,  -13,  -12,  -16,  -18,  -12,  -13,   -8,  -14,
      -6,   -8,    4,   -7,   -6,   -4,   -9,   -6,   -4,   -6,  -13,   -4,   -6,   -6,   -6,   -6,
       6,  -10,   -4,   -8,   -2,   -4,   -4,  -12,   -9,   -3,    3,  -13,   -7,   -4,  -20,  -13,
      -7,    6,    6,   -9,    6,   -6,   -7,   -6,   -8,  -12,   -8,   -6,   -6,  -16,   -1,   -8,
     -10,   -4,   -4,  -12,   -7,   -4,   -8,   -4,   -4,   -9,  -21,  -22,   -4,   -7,  -20,  -12,
     -14,  -14,  -20,   -6,  -37,  -48,   -2,   -8,  -18,  -53,   -6,  -32,  -15,  -15,  -17,  -10,
     -15,  -17,  -58,  -64,   -6,  -13,  -21,   -6,  -13,  -29,  -13,  -32,  -18,   -8,  -29,   -4,
     -42,  -10,  -32,   -6,   -8,   -6,   -8,   -8,  -32,   -8,  -18,  -16,  -16,  -10,   -9,  -11,
      -3,  -10,   -8,  -16,  -12,   -4,   -6,   -7,   -3,   -8,   -5,  -20,  -10,   -2,  -13,  -10,
      -6,  -12,   -4,  -10,  -11,  -12,    4,   -8,    6,  -37,  -14,  -38,  -16,  -11,    4,  -22,
      -8,   -9,   -9,  -48,  -13,   -9,   -4,   -1,    4,    8,  -28,  -32,  -14,  -19,   -6,  -18,
     -13,  -23,  -15,  -21,  -18,  -21,  -24,  -13,  -33,  -40,  -40,    3,    3,  -21,   -8,  -31,
     -18,    4,   -8,   -8,  -51,   -8,   -6,    8,   -4,  -27,  -28,  -23,  -19,   -6,  -24,  -24,
     -24,  -16,  -24,  -30,   -8,  -24,   -6,   -8,   -8,   -8,   -2,   -2,  -10,   -2,   -6,   -4,
      -4,   -4,  -14,  -18,   -7,   -3,   -4,  -12,   -6,  -14,  -16,   -8,  -12,    8,   12,  -10,
       8,   -9,   -3,   -3,   -3,   -1,   -3,  -12,   -4,   -1,  -12,   -3,  -12,  -11,   -4,  -12,
      -4,  -10,   -4,  -28,  -16,   -4,   -4,   -4,  -20,   -8,  -20,   -1,   -4,  -12,  -10,   -2,
      -4,  -11,   -4,  -11,  -24,   -9,  -11,  -12,  -12,    6,  -24,  -10,  -17,   -9,   -6,   -6,
      -6,    7,  -12,  -16,  -14,  -21,   -7,  -10,  -13,  -16,   -6,  -13,    4,  -18,   -8,   -4,
      -4,   -4,  -10,   -8,   -4,   -6,   -3,   -9,   -8,   -8,   -4,   -9,   -6,   -6,   -6,  -16,
      -8,   -4,   -4,   -4,   -8,   -4,  -16,   -5,   -5,  -11,  -14,   -4,   -7,  -15,   -5,  -13,
     -20,   -6,  -15,   -8,   -6,   -8,  -25,   -4,   -8,  -18,  -12,  -20,  -20,  -20,  -21,  -49,
     -22,  -13,  -18,  -17,  -20,   -8,  -20,  -18,  -14,  -20,  -22,  -13,  -12,  -13,  -17,  -10,
     -10,  -10,  -14,  -16,  -15,  -22,  -10,  -13,  -15,   -6,   -9,  -16,  -12,  -13,  -15,  -64,
     -32,   12,  -10,    4,   -2,   -2,   -2,   -6,   10,   -3,   -6,  -10,   -4,    2,   -4,   -1,
      -5,  -14,    1,   -4,  -22,   -4,  -20,   -6,  -13,   -8,   -4,   -4,  -14,   -4,   -3,  -11,
     -11,   -4,  -15,   -4,   -9,   -9,   -8,  -18,  -12,   -9,  -51,  -22,   -8,   -6,   -8,  -25,
      -4,   -8,  -18,  -12,  -20,  -20,  -20,  -21,  -24,  -22,  -13,  -18,  -17,  -20,   -8,  -20,
     -18,  -14,  -20,   -8,   -4,   -4,   -4,   -4,  -12,   -4,   -7,  -12,   -8,  -10,   -7,   -6,
     -10,   -7,  -13,  -20,   -8,  -10,    6,  -16,   -4,   -5,   -5,   -8,  -21,  -18,  -24,    1,
     -22,  -16,  -22,  -24,  -35,   -8,   -8,   -8,  -43,  -10,  -10,  -22,   -3,  -10,  -22,  -16,
      -4,  -22,   11,    3,    3,    3,   -4,   -8,   -4,   -6,    2,   -4,   17,   -8,   -8,   -9,
     -13,   -9,   -8,   -4,  -12,   -8,   -4,   -4,   -6,   -7,   -3,   -8,   -5,  -20,  -10,   -2,
      -6,  -10,   -6,  -12,   -4,  -10,  -11,  -12,   -8,   24,    8,   20,   16,   -8,   -4,  -12,
     -12,   24,    8,   20,   20,   -8,  -24,   -8,   -4,   -4,   -4,   -4,   -8,   -8,   -6,   -8,
     -16,   -8,   -8,   -8,   -8,   -8,  -24,  -16,   -8,  -20,  -12,  -28,  -12,  -20,   -4,   -7,
      -8,   -8,   -8,  -20,  -12,   -8,  -12,   -4,   -4,   -4,   -4,  -16,   -4,   -8,   -8,  -15,
     -12,   -4,  -48,  -38,  -20,   20,   -8,   -8,   -8,  -12,  -12,  -20,   -4,   -8,   -8,  -20,
      -4,   -4,   12,  -10,   -4,   -8,   12,    8,   -6,   -6,  -12,  -12,  -16,  -12,   -8,   -8,
     -16,   -8,   -4,  -28,  -24,  -24,  -16,   -8,   -4,   -8,   -8,  -18,  -20,  -20,  -10,   -8,
     -24,   -8,   -4,   -4,  -12,   -4,   -8,   -4,   -4,   -8,   -4,   -4,   -4,   -8,  -20,   -4,
      -4,   -4,   -8,   -4,   -8,   -8,   -4,   -4,   -8,  -12,  -24,  -20,  -16,    8,   -8,    8,
       8,  -20,   -8,  -12,   -8,  -16,   -8,  -12,  -16,   -4,   -8,   -8,   -8,  -20,  -28,  -24,
     -28,   -8,  -16,    8,  -20,  -20,  -28,   -8,  -20,  -32,  -16,  -16,   -4,   -8,   -8,   -4,
      -4,  -16,   -8,  -14,   -4,   -1,  -12,  -12,   -8,   -8,   -8,  -20,  -20,   -8,   -4,   -4,
      -8,   -3,   -2,   -7,   -4,   -7,   -3,   -4,  -10,  -10,   -6,    2,   -4,  -12,   -3,   -6,
      -7,   -6,  -16,   -8,   -6,  -19,  -14,   -6,   -3,  -12,  -19,  -14,  -12,   -5,   -6,   -4,
      -4,   -8,   -6,   -4,   -4,   -8,  -11,   -2,   -8,   -7,   -5,   -4,   -4,  -23,   -7,   -4,
      -4,   -4,  -11,   -4,   -5,   -9,   -8,   -8,   -5,   -4,   -5,   -6,   -9,  -10,  -16,   -2,
      -6,  -12,  -10,   -4,  -16,   -6,    4,   -2,   -1,   -8,   -3,   -7,   -9,  -10,   -5,   -5,
      -6,   -2,  -12,   -2,   -2,   -8,   -3,   -6,   -4,   -6,   -5,   -8,   -4,   -1,   -4,  -11,
      -2,   -4,   -3,   -6,   -4,   -1,   -1,   -8,   -6,   -1,  -10,   -1,   -9,  -16,   -8,   -8,
      -5,   -4,   -7,  -11,   -7,   -8,   -8,  -10,   -2,  -10,   -4,   -6,   -1,   -5,   -4,  -15,
     -17,   -6,   -4,   -2,  -13,  -14,  -14,   -6,   -7,   -4,  -20,  -12,   -8,  -24,  -20,  -16,
      -8,  -16,   -4,   -4,   -8,  -45,  -18,    1,  -16,  -10,  -12,   11,
};

static const EpdLigaturePair geist_ui_12_semiboldLigaturePairs[] = {
    { 0x00660066, 0xFB00 }, // f f -> U+FB00
    { 0x00660069, 0xFB01 }, // f i -> U+FB01
    { 0x0066006C, 0xFB02 }, // f l -> U+FB02
};

static const EpdFontData geist_ui_12_semibold = {
    geist_ui_12_semiboldBitmaps,
    geist_ui_12_semiboldGlyphs,
    geist_ui_12_semiboldIntervals,
    52,
    33,
    26,
    -8,
    false,
    nullptr,
    0,
    nullptr,
    nullptr,  // kernLeftClasses: built-in fonts use the split arrays below
    nullptr,  // kernRightClasses
    geist_ui_12_semiboldKernLeftCodepoints,
    geist_ui_12_semiboldKernLeftClassIds,
    geist_ui_12_semiboldKernRightCodepoints,
    geist_ui_12_semiboldKernRightClassIds,
    nullptr,  // kernMatrix: built-in fonts use the sparse form below
    geist_ui_12_semiboldKernRowOffsets,
    geist_ui_12_semiboldKernSparseCols,
    geist_ui_12_semiboldKernSparseValues,
    601,
    657,
    117,
    121,
    geist_ui_12_semiboldLigaturePairs,
    3,
};
