/**
 * generated by fontconvert.py
 * name: geist_ui_10_semibold
 * size: 10
 * mode: 1-bit mono
 * Command used: fontconvert.py geist_ui_10_semibold 10 ../fontsrc/Geist-SemiBold.ttf ../builtinFonts/source/NotoSans/NotoSans-Bold.ttf ../builtinFonts/source/NotoSansHebrew/NotoSansHebrew-UIMedium.ttf ../builtinFonts/source/NotoSansArabic/NotoSansArabic-UIMedium.ttf --mono --autohint-font ../fontsrc/Geist-SemiBold.ttf --autohint-font ../builtinFonts/source/NotoSans/NotoSans-Bold.ttf --autohint-font ../builtinFonts/source/NotoSansHebrew/NotoSansHebrew-UIMedium.ttf --additional-intervals 0x05D0,0x05EA --additional-intervals 0x060C,0x060C --additional-intervals 0x061B,0x061B --additional-intervals 0x061F,0x061F --additional-intervals 0x0621,0x0621 --additional-intervals 0x0640,0x0640 --additional-intervals 0x0660,0x0669 --additional-intervals 0x06BA,0x06BA --additional-intervals 0x06D4,0x06D4 --additional-intervals 0x06F0,0x06F9 --additional-intervals 0xFB56,0xFB59 --additional-intervals 0xFB66,0xFB69 --additional-intervals 0xFB7A,0xFB7D --additional-intervals 0xFB88,0xFB95 --additional-intervals 0xFB9E,0xFB9F --additional-intervals 0xFBA6,0xFBB1 --additional-intervals 0xFBFC,0xFBFF --additional-intervals 0xFE80,0xFEFC
 */
#pragma once
#include "EpdFontData.h"

static const uint8_t geist_ui_10_semiboldBitmaps[28042] = {
    0x00, 0x00, 0x00, 0xFF, 0xFF, 0xFF, 0xFF, 0x81, 0xFF, 0xCF, 0x3C, 0xF3, 0xCF, 0x30, 0x1C, 0xC3,
    0x98, 0x63, 0x0C, 0x67, 0xFE, 0xFF, 0xCE, 0x71, 0xCC, 0x39, 0x86, 0x33, 0xFF, 0xFF, 0xE7, 0x38,
    0xE6, 0x1C, 0xC3, 0x18, 0x06, 0x00, 0xC0, 0x7C, 0x3F, 0xCF, 0x7D, 0xCD, 0xB9, 0xBF, 0xB0, 0xFE,
    0x0F, 0xF0, 0xFF, 0x03, 0xF0, 0x7F, 0xCD, 0xF9, 0xBB, 0xBF, 0x7F, 0xC3, 0xE0, 0x18, 0x03, 0x00,
    0x38, 0x18, 0xF8, 0x23, 0x18, 0xC6, 0x31, 0x0C, 0x64, 0x18, 0xD8, 0x1F, 0x20, 0x1C, 0xC0, 0x01,
    0x3C, 0x06, 0xF8, 0x19, 0x98, 0x23, 0x30, 0xC6, 0x63, 0x0C, 0xC6, 0x1F, 0x98, 0x1E, 0x1F, 0x01,
    0xFC, 0x1C, 0x70, 0xE3, 0x87, 0x1C, 0x1F, 0xC0, 0xFC, 0x03, 0xC0, 0x7E, 0x03, 0xB9, 0xF9, 0xEF,
    0xC7, 0xFE, 0x1F, 0x78, 0xF1, 0xFF, 0xC7, 0xF7, 0xFF, 0xFF, 0xC0, 0x18, 0xE3, 0x1C, 0x71, 0x8E,
    0x38, 0xE3, 0x8E, 0x38, 0xE1, 0x87, 0x1C, 0x30, 0xE1, 0x80, 0x61, 0xC3, 0x0E, 0x38, 0x61, 0xC7,
    0x1C, 0x71, 0xC7, 0x1C, 0x63, 0x8E, 0x31, 0xC6, 0x00, 0x28, 0xD8, 0xE7, 0xFF, 0xE7, 0x1B, 0x14,
    0x0C, 0x03, 0x00, 0xC0, 0x30, 0xFF, 0xFF, 0xF0, 0xC0, 0x30, 0x0C, 0x03, 0x00, 0xC0, 0xFF, 0xB5,
    0x80, 0xFF, 0xFC, 0xFF, 0x80, 0x03, 0x03, 0x81, 0xC0, 0xC0, 0xE0, 0x70, 0x30, 0x38, 0x1C, 0x0C,
    0x0E, 0x07, 0x03, 0x03, 0x81, 0xC0, 0xC0, 0xE0, 0x70, 0x38, 0x00, 0x0F, 0x03, 0xFC, 0x79, 0xE7,
    0x0E, 0xE0, 0x7E, 0x07, 0xE0, 0x7E, 0x07, 0xE0, 0x7E, 0x07, 0xE0, 0x7E, 0x07, 0x70, 0xE7, 0x9E,
    0x3F, 0xC0, 0xF0, 0x0C, 0x71, 0xFF, 0xFC, 0x71, 0xC7, 0x1C, 0x71, 0xC7, 0x1C, 0x71, 0xC7, 0x1F,
    0x07, 0xF9, 0xC7, 0x70, 0x7E, 0x0E, 0x01, 0xC0, 0x78, 0x3E, 0x0F, 0x83, 0xE0, 0xF0, 0x3C, 0x07,
    0x01, 0xC0, 0x3F, 0xFF, 0xFF, 0x1F, 0x8F, 0xF9, 0xC7, 0xF0, 0x70, 0x0E, 0x03, 0xC3, 0xE0, 0x7C,
    0x01, 0xC0, 0x1C, 0x03, 0xF0, 0x7E, 0x0F, 0xE3, 0x9F, 0xF0, 0xF8, 0x03, 0xC0, 0x3C, 0x07, 0xC0,
    0x7C, 0x0F, 0xC1, 0xDC, 0x1D, 0xC3, 0x9C, 0x31, 0xC7, 0x1C, 0xE1, 0xCF, 0xFF, 0xFF, 0xF0, 0x1C,
    0x01, 0xC0, 0x1C, 0x7F, 0xCF, 0xFB, 0x80, 0x70, 0x0E, 0x01, 0xDE, 0x3F, 0xF7, 0x0E, 0xE0, 0xE0,
    0x1C, 0x03, 0x80, 0x7E, 0x0F, 0xC3, 0x9F, 0xE1, 0xF8, 0x0F, 0x87, 0xF9, 0xE7, 0xB8, 0x66, 0x01,
    0xDE, 0x3F, 0xF7, 0x8E, 0xE0, 0xFC, 0x1F, 0x83, 0xF0, 0x76, 0x0E, 0xE3, 0x8F, 0xE0, 0xF8, 0xFF,
    0xFF, 0xFC, 0x03, 0x80, 0xE0, 0x38, 0x07, 0x01, 0xC0, 0x38, 0x0E, 0x01, 0xC0, 0x38, 0x0E, 0x01,
    0xC0, 0x38, 0x07, 0x00, 0xE0, 0x1F, 0x83, 0xFC, 0x79, 0xE7, 0x0E, 0x70, 0xE7, 0x9E, 0x3F, 0x83,
    0xFC, 0x70, 0xEE, 0x07, 0xE0, 0x7E, 0x07, 0xE0, 0x77, 0x0E, 0x7F, 0xE1, 0xF8, 0x1F, 0x07, 0xF1,
    0xC7, 0x70, 0x6E, 0x0F, 0xC1, 0xF8, 0x3F, 0x07, 0x71, 0xEF, 0xFC, 0x7B, 0x80, 0x70, 0x1C, 0xE3,
    0x9F, 0xE0, 0xF8, 0xFF, 0x80, 0x00, 0xFF, 0x80, 0xFF, 0x80, 0x00, 0x1F, 0xF6, 0xB0, 0x00, 0xC0,
    0xF0, 0xF9, 0xF8, 0xF8, 0x30, 0x0F, 0x01, 0xF0, 0x1F, 0x81, 0xF0, 0x1C, 0xFF, 0xFF, 0xF0, 0x00,
    0x00, 0x00, 0x3F, 0xFF, 0xFC, 0xC0, 0x3C, 0x0F, 0xC0, 0x7C, 0x07, 0xC0, 0x70, 0x7C, 0x7E, 0x7C,
    0x3C, 0x0C, 0x00, 0x1F, 0x07, 0xF9, 0xC7, 0xF0, 0x7E, 0x0E, 0x01, 0xC0, 0x78, 0x3E, 0x0F, 0x01,
    0xC0, 0x38, 0x00, 0x00, 0x00, 0x1C, 0x03, 0x80, 0x70, 0x03, 0xF8, 0x03, 0xFF, 0x81, 0xE0, 0x70,
    0xE0, 0x0E, 0x70, 0x01, 0x98, 0xF6, 0x3E, 0x7F, 0x8F, 0x1C, 0xE3, 0xCE, 0x18, 0xF3, 0x86, 0x3C,
    0xE1, 0x8F, 0x3C, 0xE6, 0xC7, 0xFF, 0x98, 0xF3, 0xC7, 0x00, 0x00, 0xE0, 0x20, 0x1F, 0xF8, 0x01,
    0xFC, 0x00, 0x03, 0x80, 0x1F, 0x00, 0x7C, 0x01, 0xB0, 0x0E, 0xE0, 0x3B, 0x80, 0xCE, 0x07, 0x1C,
    0x1C, 0x70, 0x61, 0xC3, 0xFF, 0x8F, 0xFE, 0x30, 0x39, 0xC0, 0x77, 0x01, 0xD8, 0x07, 0xFF, 0x8F,
    0xFC, 0xE1, 0xEE, 0x0E, 0xE0, 0xEE, 0x0E, 0xE1, 0xCF, 0xF8, 0xFF, 0xCE, 0x0E, 0xE0, 0x7E, 0x07,
    0xE0, 0x7E, 0x0F, 0xFF, 0xEF, 0xF8, 0x0F, 0xC0, 0x7F, 0xC3, 0x87, 0x1C, 0x0E, 0x70, 0x3B, 0x80,
    0x0E, 0x00, 0x38, 0x00, 0xE0, 0x03, 0x80, 0x0E, 0x01, 0xDC, 0x0E, 0x70, 0x38, 0xE1, 0xC1, 0xFE,
    0x03, 0xF0, 0xFF, 0x0F, 0xFC, 0xE1, 0xCE, 0x0E, 0xE0, 0xEE, 0x07, 0xE0, 0x7E, 0x07, 0xE0, 0x7E,
    0x07, 0xE0, 0x7E, 0x0F, 0xE0, 0xEE, 0x1E, 0xFF, 0xCF, 0xF0, 0xFF, 0xFF, 0xFE, 0x03, 0x80, 0xE0,
    0x38, 0x0E, 0x03, 0xFF, 0xFF, 0xF8, 0x0E, 0x03, 0x80, 0xE0, 0x38, 0x0F, 0xFF, 0xFF, 0xFF, 0xFF,
    0xFE, 0x03, 0x80, 0xE0, 0x38, 0x0E, 0x03, 0xFF, 0xFF, 0xF8, 0x0E, 0x03, 0x80, 0xE0, 0x38, 0x0E,
    0x03, 0x80, 0x0F, 0xC0, 0xFF, 0x0E, 0x1C, 0xE0, 0xE7, 0x03, 0xF0, 0x03, 0x80, 0x1C, 0x00, 0xE1,
    0xFF, 0x0F, 0xF8, 0x0E, 0xE0, 0x77, 0x07, 0x9C, 0x3C, 0xFF, 0x61, 0xF3, 0xE0, 0x7E, 0x07, 0xE0,
    0x7E, 0x07, 0xE0, 0x7E, 0x07, 0xE0, 0x7F, 0xFF, 0xFF, 0xFE, 0x07, 0xE0, 0x7E, 0x07, 0xE0, 0x7E,
    0x07, 0xE0, 0x7E, 0x07, 0xFF, 0xFF, 0xFF, 0xFF, 0xFF, 0xFF, 0x01, 0xC0, 0x70, 0x1C, 0x07, 0x01,
    0xC0, 0x70, 0x1C, 0x07, 0x01, 0xC0, 0x70, 0x1F, 0x87, 0xE1, 0xDC, 0xE7, 0xF8, 0x78, 0xE0, 0xFE,
    0x0E, 0xE1, 0xCE, 0x38, 0xE7, 0x0E, 0xF0, 0xEE, 0x0F, 0xE0, 0xFE, 0x0F, 0x70, 0xF3, 0x8E, 0x38,
    0xE1, 0xCE, 0x0E, 0xE0, 0xEE, 0x07, 0xE0, 0x38, 0x0E, 0x03, 0x80, 0xE0, 0x38, 0x0E, 0x03, 0x80,
    0xE0, 0x38, 0x0E, 0x03, 0x80, 0xE0, 0x38, 0x0F, 0xFF, 0xFF, 0xF0, 0x0F, 0xF0, 0x0F, 0xF8, 0x1F,
    0xF8, 0x1F, 0xF8, 0x1F, 0xFC, 0x3F, 0xEC, 0x37, 0xEC, 0x37, 0xEE, 0x77, 0xE6, 0x67, 0xE6, 0x67,
    0xE7, 0xE7, 0xE3, 0xC7, 0xE3, 0xC7, 0xE3, 0xC7, 0xE1, 0x87, 0xF0, 0x7F, 0x07, 0xF8, 0x7F, 0x87,
    0xFC, 0x7E, 0xC7, 0xEC, 0x7E, 0x67, 0xE6, 0x7E, 0x77, 0xE3, 0x7E, 0x3F, 0xE1, 0xFE, 0x1F, 0xE0,
    0xFE, 0x0F, 0x0F, 0xC0, 0x7F, 0x83, 0x87, 0x1C, 0x0E, 0x70, 0x3B, 0x80, 0x7E, 0x01, 0xF8, 0x07,
    0xE0, 0x1F, 0x80, 0x7E, 0x01, 0xFC, 0x0E, 0x70, 0x38, 0xE1, 0xC3, 0xFF, 0x03, 0xF0, 0xFF, 0x1F,
    0xFB, 0x87, 0x70, 0x7E, 0x0F, 0xC1, 0xF8, 0x3F, 0x0E, 0xFF, 0xDF, 0xE3, 0x80, 0x70, 0x0E, 0x01,
    0xC0, 0x38, 0x07, 0x00, 0x0F, 0xC0, 0x7F, 0x83, 0x87, 0x1C, 0x0E, 0x70, 0x3B, 0x80, 0x7E, 0x01,
    0xF8, 0x07, 0xE0, 0x1F, 0x80, 0x7E, 0x01, 0xDC, 0xEE, 0x71, 0xB8, 0xE3, 0xC1, 0xFE, 0x03, 0xFC,
    0x00, 0x38, 0xFF, 0x1F, 0xFB, 0x87, 0x70, 0x7E, 0x0F, 0xC1, 0xF8, 0x3F, 0x0E, 0xFF, 0x9F, 0xFB,
    0x87, 0x70, 0x7E, 0x0F, 0xC1, 0xF8, 0x3F, 0x07, 0x1F, 0x07, 0xFC, 0xF1, 0xEE, 0x0E, 0xE0, 0x7F,
    0x00, 0xFE, 0x07, 0xFC, 0x1F, 0xE0, 0x3F, 0x00, 0xFE, 0x07, 0xE0, 0x77, 0x0E, 0x3F, 0xE1, 0xF8,
    0xFF, 0xFF, 0xFF, 0x0E, 0x00, 0xE0, 0x0E, 0x00, 0xE0, 0x0E, 0x00, 0xE0, 0x0E, 0x00, 0xE0, 0x0E,
    0x00, 0xE0, 0x0E, 0x00, 0xE0, 0x0E, 0x00, 0xE0, 0xE0, 0x7E, 0x07, 0xE0, 0x7E, 0x07, 0xE0, 0x7E,
    0x07, 0xE0, 0x7E, 0x07, 0xE0, 0x7E, 0x07, 0xE0, 0x7E, 0x07, 0xE0, 0x77, 0x0E, 0x3F, 0xC1, 0xF8,
    0x60, 0x1D, 0xC0, 0x77, 0x01, 0xCC, 0x0E, 0x38, 0x38, 0xE0, 0xE1, 0x87, 0x07, 0x1C, 0x1C, 0x70,
    0x33, 0x80, 0xEE, 0x03, 0xB8, 0x07, 0xC0, 0x1F, 0x00, 0x7C, 0x00, 0xE0, 0xE0, 0xE0, 0xFC, 0x1C,
    0x1F, 0x87, 0x87, 0x30, 0xF0, 0xE7, 0x1F, 0x1C, 0xE3, 0xE3, 0x9C, 0x6C, 0x61, 0x9D, 0x9C, 0x3B,
    0xBB, 0x87, 0x67, 0x70, 0xEC, 0x6C, 0x0F, 0x8F, 0x81, 0xF1, 0xF0, 0x3C, 0x3E, 0x07, 0x83, 0x80,
    0x70, 0x70, 0x70, 0x3B, 0x83, 0x8E, 0x1C, 0x79, 0xC1, 0xCE, 0x07, 0xE0, 0x3E, 0x00, 0xF0, 0x07,
    0x80, 0x7C, 0x03, 0xF0, 0x39, 0xC3, 0xCE, 0x1C, 0x39, 0xC1, 0xEE, 0x07, 0xE0, 0x3B, 0x83, 0x9C,
    0x1C, 0x71, 0xC3, 0x8E, 0x0E, 0xE0, 0x77, 0x01, 0xF0, 0x0F, 0x80, 0x38, 0x01, 0xC0, 0x0E, 0x00,
    0x70, 0x03, 0x80, 0x1C, 0x00, 0xE0, 0xFF, 0xDF, 0xF8, 0x07, 0x01, 0xC0, 0x78, 0x0E, 0x03, 0x80,
    0x70, 0x1C, 0x03, 0x80, 0xE0, 0x38, 0x07, 0x01, 0xC0, 0x3F, 0xFF, 0xFF, 0xFF, 0xFE, 0x38, 0xE3,
    0x8E, 0x38, 0xE3, 0x8E, 0x38, 0xE3, 0x8E, 0x38, 0xE3, 0xFF, 0xC0, 0xC0, 0xE0, 0xE0, 0x60, 0x70,
    0x70, 0x30, 0x38, 0x38, 0x18, 0x1C, 0x1C, 0x0C, 0x0E, 0x0E, 0x06, 0x07, 0x07, 0x03, 0xFF, 0xFC,
    0x38, 0x70, 0xE1, 0xC3, 0x87, 0x0E, 0x1C, 0x38, 0x70, 0xE1, 0xC3, 0x87, 0x0F, 0xFF, 0xF8, 0x38,
    0x38, 0x3C, 0x6C, 0x6E, 0xE6, 0xC6, 0xFF, 0xFF, 0xF0, 0xE6, 0x70, 0x1F, 0x0F, 0xF1, 0xCF, 0x70,
    0xE0, 0x1C, 0x3F, 0x9F, 0xF7, 0x0E, 0xE1, 0xDC, 0x7B, 0xFF, 0x9E, 0x30, 0xE0, 0x1C, 0x03, 0x80,
    0x70, 0x0E, 0xF1, 0xFF, 0xBC, 0x77, 0x07, 0xE0, 0xFC, 0x1F, 0x83, 0xF0, 0x7E, 0x0F, 0xE3, 0xBF,
    0xF7, 0x78, 0x1F, 0x07, 0xF9, 0xC7, 0x70, 0x7E, 0x01, 0xC0, 0x38, 0x07, 0x00, 0xE0, 0xEE, 0x38,
    0xFF, 0x0F, 0x80, 0x00, 0xE0, 0x1C, 0x03, 0x80, 0x71, 0xEE, 0xFF, 0xDC, 0x7F, 0x07, 0xE0, 0xFC,
    0x1F, 0x83, 0xF0, 0x7E, 0x0E, 0xE3, 0xDF, 0xF8, 0xF7, 0x1F, 0x07, 0xF1, 0xC7, 0x70, 0x7E, 0x0F,
    0xFF, 0xFF, 0xFF, 0x00, 0xE0, 0x0E, 0x38, 0xFF, 0x0F, 0x80, 0x1F, 0x3F, 0x38, 0x38, 0xFF, 0xFF,
    0x38, 0x38, 0x38, 0x38, 0x38, 0x38, 0x38, 0x38, 0x38, 0x38, 0x1E, 0xEF, 0xFD, 0xC7, 0xF0, 0x7E,
    0x0F, 0xC1, 0xF8, 0x3F, 0x07, 0x71, 0xEF, 0xFC, 0x7B, 0x80, 0x77, 0x1E, 0xFF, 0x87, 0xC0, 0xE0,
    0x38, 0x0E, 0x03, 0x80, 0xEF, 0x3F, 0xEF, 0x3F, 0x87, 0xE1, 0xF8, 0x7E, 0x1F, 0x87, 0xE1, 0xF8,
    0x7E, 0x1F, 0x87, 0xFC, 0x0F, 0xFF, 0xFF, 0xFF, 0xFF, 0x1C, 0x70, 0x00, 0x1C, 0x71, 0xC7, 0x1C,
    0x71, 0xC7, 0x1C, 0x71, 0xC7, 0x1F, 0xFF, 0x80, 0xE0, 0x1C, 0x03, 0x80, 0x70, 0x0E, 0x1D, 0xC7,
    0xB9, 0xE7, 0x38, 0xEE, 0x1F, 0xC3, 0xF8, 0x7B, 0x8E, 0x39, 0xC7, 0x38, 0x77, 0x07, 0xE7, 0x39,
    0xCE, 0x73, 0x9C, 0xE7, 0x39, 0xCE, 0x73, 0xEF, 0xEE, 0x3C, 0xFF, 0x7E, 0xF3, 0xCF, 0xE3, 0x87,
    0xE3, 0x87, 0xE3, 0x87, 0xE3, 0x87, 0xE3, 0x87, 0xE3, 0x87, 0xE3, 0x87, 0xE3, 0x87, 0xE3, 0x87,
    0xEF, 0x3F, 0xEF, 0x3F, 0x87, 0xE1, 0xF8, 0x7E, 0x1F, 0x87, 0xE1, 0xF8, 0x7E, 0x1F, 0x87, 0x1F,
    0x07, 0xF1, 0xC7, 0x70, 0x7E, 0x0F, 0xC1, 0xF8, 0x3F, 0x07, 0xE0, 0xEE, 0x38, 0xFE, 0x0F, 0x80,
    0xEF, 0x1F, 0xFB, 0xC7, 0x70, 0x7E, 0x0F, 0xC1, 0xF8, 0x3F, 0x07, 0xE0, 0xFE, 0x3B, 0xFF, 0x77,
    0x8E, 0x01, 0xC0, 0x38, 0x00, 0x1E, 0xEF, 0xFD, 0xC7, 0xF0, 0x7E, 0x0F, 0xC1, 0xF8, 0x3F, 0x07,
    0xE0, 0xEE, 0x3D, 0xFF, 0x8F, 0x70, 0x0E, 0x01, 0xC0, 0x38, 0xEF, 0xFF, 0xC7, 0x0E, 0x1C, 0x38,
    0x70, 0xE1, 0xC3, 0x87, 0x00, 0x3E, 0x1F, 0xEE, 0x3B, 0x87, 0xF0, 0x1F, 0x83, 0xF8, 0x0F, 0xE1,
    0xF8, 0x77, 0xF8, 0xFC, 0x38, 0x38, 0x38, 0xFF, 0xFF, 0x38, 0x38, 0x38, 0x38, 0x38, 0x38, 0x38,
    0x38, 0x3F, 0x1F, 0xE1, 0xF8, 0x7E, 0x1F, 0x87, 0xE1, 0xF8, 0x7E, 0x1F, 0x87, 0xE1, 0xFC, 0xF7,
    0xFC, 0xF7, 0x60, 0x77, 0x0E, 0x70, 0xE3, 0x0E, 0x38, 0xC3, 0x9C, 0x19, 0xC1, 0xD8, 0x1F, 0x80,
    0xF8, 0x0F, 0x00, 0xF0, 0x61, 0xC3, 0xB8, 0xE1, 0xDC, 0x78, 0xCE, 0x3C, 0xE3, 0x3E, 0x71, 0xDB,
    0x38, 0xED, 0xD8, 0x36, 0x7C, 0x1F, 0x3E, 0x0F, 0x1E, 0x07, 0x87, 0x01, 0xC3, 0x80, 0xE0, 0xEE,
    0x38, 0xE6, 0x1D, 0xC1, 0xF0, 0x1C, 0x03, 0xC0, 0xF8, 0x3B, 0x86, 0x39, 0xC7, 0x70, 0x70, 0xE0,
    0xEC, 0x1D, 0xC3, 0x38, 0xE3, 0x1C, 0x73, 0x0E, 0x60, 0xDC, 0x1F, 0x03, 0xE0, 0x3C, 0x07, 0x00,
    0x60, 0x7C, 0x0F, 0x00, 0xFF, 0xFF, 0xC0, 0xE0, 0xE0, 0xE0, 0xE0, 0x70, 0x70, 0x70, 0x70, 0x3F,
    0xFF, 0xF0, 0x0E, 0x3C, 0xE1, 0xC3, 0x87, 0x0E, 0x38, 0xE1, 0xC1, 0xC1, 0xC3, 0x87, 0x0E, 0x1C,
    0x38, 0x3C, 0x38, 0xFF, 0xFF, 0xFF, 0xFF, 0xFF, 0xFF, 0xFF, 0x80, 0xF0, 0xF8, 0x3C, 0x1C, 0x1C,
    0x1C, 0x1C, 0x0C, 0x07, 0x07, 0x0E, 0x1C, 0x1C, 0x1C, 0x1C, 0x1C, 0x3C, 0xF8, 0xF0, 0x71, 0xBC,
    0xF3, 0xF8, 0xE0, 0x00, 0xFF, 0x8F, 0xFF, 0xFF, 0xFF, 0xF8, 0x06, 0x00, 0xC0, 0x7C, 0x1F, 0xE7,
    0x7D, 0xCD, 0xF9, 0x87, 0x20, 0xE4, 0x1C, 0x83, 0x93, 0xBA, 0xE3, 0xFC, 0x3E, 0x03, 0x00, 0x60,
    0x1F, 0x87, 0xF9, 0xE7, 0xB8, 0x77, 0x00, 0xE0, 0x1E, 0x07, 0xF8, 0xFF, 0x07, 0x00, 0xE0, 0x1C,
    0x07, 0x00, 0xC0, 0x3F, 0xFF, 0xFF, 0xC0, 0x7D, 0xDD, 0xFF, 0x18, 0xC6, 0x0C, 0xC1, 0x98, 0x33,
    0x06, 0x31, 0x8F, 0xFB, 0xFF, 0xE0, 0x30, 0xE0, 0x3B, 0x83, 0x9C, 0x1C, 0x71, 0xC3, 0x8E, 0x0E,
    0xE0, 0x77, 0x01, 0xF0, 0x3F, 0xF1, 0xFF, 0x81, 0xC0, 0x7F, 0xE3, 0xFF, 0x03, 0x80, 0x1C, 0x00,
    0xE0, 0xFF, 0xFF, 0xFF, 0x00, 0x7F, 0xFF, 0xFF, 0x80, 0x3F, 0x1F, 0xEE, 0x3F, 0x87, 0xF0, 0x1F,
    0x87, 0xFB, 0x8F, 0xE1, 0xF8, 0x77, 0xF8, 0x7E, 0x03, 0xF8, 0x7F, 0x1D, 0xFE, 0x3F, 0x00, 0xEF,
    0xDC, 0x07, 0xC0, 0x3F, 0xE0, 0xE0, 0xE3, 0x9E, 0xE6, 0x7E, 0xDD, 0xCD, 0xF3, 0x19, 0xE6, 0x03,
    0xCC, 0x07, 0x98, 0xCF, 0xB9, 0xBB, 0x3F, 0x67, 0x3D, 0xC7, 0x07, 0x07, 0xFC, 0x03, 0xE0, 0x7D,
    0x8C, 0x3B, 0xFE, 0x79, 0xDF, 0x80, 0x3C, 0xE7, 0x39, 0xCE, 0x73, 0x8C, 0x61, 0xCE, 0x1C, 0xE1,
    0xCE, 0x38, 0xE0, 0xFF, 0xFF, 0xC0, 0x60, 0x30, 0x18, 0x0C, 0xFF, 0xC0, 0x1F, 0x07, 0xF1, 0x83,
    0x27, 0xA8, 0xFB, 0x13, 0x62, 0x6C, 0x79, 0x8B, 0x29, 0x39, 0x83, 0x1F, 0xC1, 0xF0, 0xFF, 0xF0,
    0x38, 0xFB, 0x1E, 0x3C, 0x6F, 0x8E, 0x00, 0x0C, 0x03, 0x00, 0xC0, 0x30, 0xFF, 0xFF, 0xF0, 0xC0,
    0x30, 0x0C, 0x03, 0x00, 0x03, 0xFF, 0xFF, 0xC0, 0x7B, 0x30, 0xC7, 0x7B, 0xCC, 0x3F, 0x7B, 0x30,
    0xCC, 0x0C, 0x3C, 0xDE, 0x6E, 0xC0, 0xE1, 0xF8, 0x7E, 0x1F, 0x87, 0xE1, 0xF8, 0x7E, 0x1F, 0x87,
    0xE1, 0xFC, 0xFF, 0xFF, 0xF7, 0xE0, 0x38, 0x0E, 0x00, 0x1F, 0xF3, 0xFF, 0x7F, 0x77, 0xF7, 0xFF,
    0x77, 0xF7, 0x7F, 0x73, 0xF7, 0x1F, 0x70, 0x77, 0x07, 0x70, 0x77, 0x07, 0x70, 0x77, 0x07, 0x70,
    0x77, 0xFF, 0x80, 0x30, 0xE0, 0xDF, 0x38, 0x33, 0xF3, 0x33, 0x33, 0x7D, 0x8F, 0x1E, 0x3C, 0x6F,
    0x80, 0xE3, 0x8E, 0x70, 0xE7, 0x0E, 0x70, 0xC6, 0x39, 0xCE, 0x73, 0x9C, 0xE7, 0x80, 0x30, 0x18,
    0x60, 0x63, 0xC0, 0xC7, 0x83, 0x03, 0x06, 0x06, 0x18, 0x0C, 0x60, 0x18, 0xCE, 0x03, 0x1C, 0x0E,
    0x78, 0x19, 0xB0, 0x62, 0x60, 0xCF, 0xE3, 0x1F, 0xCC, 0x03, 0x18, 0x06, 0x30, 0x18, 0xF0, 0x30,
    0xF0, 0x30, 0x30, 0x60, 0x30, 0xC0, 0x30, 0xC0, 0x31, 0x9E, 0x33, 0x3F, 0x03, 0x33, 0x06, 0x03,
    0x04, 0x06, 0x0C, 0x18, 0x18, 0x30, 0x18, 0x3F, 0x30, 0x3F, 0x78, 0x0C, 0xFC, 0x18, 0xCC, 0x18,
    0x38, 0x30, 0x38, 0x20, 0x0C, 0x60, 0xCC, 0xC0, 0xFC, 0xC6, 0x79, 0x8E, 0x01, 0x1E, 0x03, 0x36,
    0x06, 0x26, 0x04, 0x7F, 0x0C, 0x7F, 0x08, 0x06, 0x18, 0x06, 0x0E, 0x01, 0xC0, 0x38, 0x00, 0x00,
    0x00, 0x1C, 0x03, 0x80, 0xF0, 0x7C, 0x1E, 0x03, 0x80, 0x70, 0x7E, 0x0F, 0xE3, 0x9F, 0xE0, 0xF8,
    0x07, 0x00, 0x0C, 0x00, 0x30, 0x00, 0x00, 0x03, 0x80, 0x1F, 0x00, 0x7C, 0x01, 0xB0, 0x0E, 0xE0,
    0x3B, 0x80, 0xCE, 0x07, 0x1C, 0x1C, 0x70, 0x61, 0xC3, 0xFF, 0x8F, 0xFE, 0x30, 0x39, 0xC0, 0x77,
    0x01, 0xD8, 0x07, 0x01, 0xC0, 0x06, 0x00, 0x38, 0x00, 0x00, 0x03, 0x80, 0x1F, 0x00, 0x7C, 0x01,
    0xB0, 0x0E, 0xE0, 0x3B, 0x80, 0xCE, 0x07, 0x1C, 0x1C, 0x70, 0x61, 0xC3, 0xFF, 0x8F, 0xFE, 0x30,
    0x39, 0xC0, 0x77, 0x01, 0xD8, 0x07, 0x03, 0x80, 0x1B, 0x00, 0xCC, 0x00, 0x00, 0x03, 0x80, 0x1F,
    0x00, 0x7C, 0x01, 0xB0, 0x0E, 0xE0, 0x3B, 0x80, 0xCE, 0x07, 0x1C, 0x1C, 0x70, 0x61, 0xC3, 0xFF,
    0x8F, 0xFE, 0x30, 0x39, 0xC0, 0x77, 0x01, 0xD8, 0x07, 0x0E, 0x40, 0x3F, 0x01, 0x98, 0x00, 0x00,
    0x07, 0x80, 0x1E, 0x00, 0x78, 0x03, 0xF0, 0x0E, 0xC0, 0x33, 0x01, 0xCE, 0x07, 0x38, 0x18, 0x60,
    0xE1, 0xC3, 0xFF, 0x0F, 0xFC, 0x70, 0x39, 0xC0, 0xE6, 0x03, 0xB8, 0x06, 0x0E, 0xE0, 0x1D, 0xC0,
    0x00, 0x00, 0x1C, 0x00, 0x7C, 0x00, 0xF8, 0x01, 0xB0, 0x07, 0x70, 0x0E, 0xE0, 0x18, 0xC0, 0x71,
    0xC0, 0xE3, 0x81, 0xC7, 0x07, 0xFF, 0x0F, 0xFE, 0x18, 0x0C, 0x70, 0x1C, 0xE0, 0x39, 0x80, 0x30,
    0x03, 0x00, 0x1E, 0x00, 0x48, 0x01, 0xE0, 0x03, 0x00, 0x1E, 0x00, 0x78, 0x03, 0xE0, 0x0F, 0xC0,
    0x3F, 0x01, 0xCC, 0x07, 0x38, 0x1C, 0xE0, 0x61, 0x83, 0x87, 0x0F, 0xFC, 0x3F, 0xF1, 0xC0, 0xE7,
    0x03, 0x98, 0x06, 0xE0, 0x1C, 0x01, 0xFF, 0xF0, 0x1F, 0xFF, 0x03, 0xB8, 0x00, 0x33, 0x80, 0x07,
    0x38, 0x00, 0x63, 0x80, 0x0E, 0x38, 0x00, 0xE3, 0xFE, 0x1C, 0x3F, 0xE1, 0xC3, 0x80, 0x3F, 0xF8,
    0x03, 0xFF, 0x80, 0x70, 0x38, 0x07, 0x03, 0x80, 0xE0, 0x3F, 0xFE, 0x03, 0xFF, 0x0F, 0xC1, 0xFF,
    0x0E, 0x1C, 0xE0, 0x67, 0x03, 0xF0, 0x03, 0x80, 0x1C, 0x00, 0xE0, 0x07, 0x00, 0x38, 0x0E, 0xE0,
    0x77, 0x03, 0x1C, 0x38, 0xFF, 0x81, 0xF0, 0x06, 0x00, 0x1C, 0x02, 0x60, 0x1F, 0x00, 0x70, 0x00,
    0x18, 0x07, 0x00, 0xC0, 0x00, 0xFF, 0xFF, 0xFE, 0x03, 0x80, 0xE0, 0x38, 0x0E, 0x03, 0xFF, 0xFF,
    0xF8, 0x0E, 0x03, 0x80, 0xE0, 0x38, 0x0F, 0xFF, 0xFF, 0x06, 0x01, 0x80, 0xC0, 0x00, 0xFF, 0xFF,
    0xFE, 0x03, 0x80, 0xE0, 0x38, 0x0E, 0x03, 0xFF, 0xFF, 0xF8, 0x0E, 0x03, 0x80, 0xE0, 0x38, 0x0F,
    0xFF, 0xFF, 0x0E, 0x07, 0x83, 0x30, 0x00, 0xFF, 0xFF, 0xFE, 0x03, 0x80, 0xE0, 0x38, 0x0E, 0x03,
    0xFF, 0xFF, 0xF8, 0x0E, 0x03, 0x80, 0xE0, 0x38, 0x0F, 0xFF, 0xFF, 0x73, 0x9C, 0xE0, 0x03, 0xFF,
    0xFF, 0xF8, 0x0E, 0x03, 0x80, 0xE0, 0x38, 0x0F, 0xFF, 0xFF, 0xE0, 0x38, 0x0E, 0x03, 0x80, 0xE0,
    0x3F, 0xFF, 0xFC, 0xE6, 0x70, 0x77, 0x77, 0x77, 0x77, 0x77, 0x77, 0x77, 0x77, 0x76, 0xE0, 0xEE,
    0xEE, 0xEE, 0xEE, 0xEE, 0xEE, 0xEE, 0xEE, 0x38, 0xDB, 0x18, 0x03, 0x87, 0x0E, 0x1C, 0x38, 0x70,
    0xE1, 0xC3, 0x87, 0x0E, 0x1C, 0x38, 0x70, 0xE1, 0xC0, 0xEF, 0xDC, 0x01, 0xC3, 0x87, 0x0E, 0x1C,
    0x38, 0x70, 0xE1, 0xC3, 0x87, 0x0E, 0x1C, 0x38, 0x70, 0xE0, 0x3F, 0xC0, 0xFF, 0xC3, 0x87, 0x0E,
    0x0E, 0x38, 0x38, 0xE0, 0x73, 0x81, 0xFF, 0xE7, 0xFF, 0x9C, 0xE0, 0x73, 0x81, 0xCE, 0x0F, 0x38,
    0x38, 0xE1, 0xE3, 0xFF, 0x0F, 0xF0, 0x0E, 0x41, 0xFC, 0x1B, 0x80, 0x00, 0xF0, 0x7F, 0x07, 0xF8,
    0x7F, 0x87, 0xFC, 0x7E, 0xC7, 0xEC, 0x7E, 0x67, 0xE6, 0x7E, 0x37, 0xE3, 0x7E, 0x1F, 0xE1, 0xFE,
    0x0F, 0xE0, 0xFE, 0x07, 0x06, 0x00, 0x1C, 0x00, 0x30, 0x00, 0x00, 0x0F, 0xC0, 0x7F, 0x83, 0x87,
    0x1C, 0x0E, 0x70, 0x3B, 0x80, 0x7E, 0x01, 0xF8, 0x07, 0xE0, 0x1F, 0x80, 0x7E, 0x01, 0xFC, 0x0E,
    0x70, 0x38, 0xE1, 0xC3, 0xFF, 0x03, 0xF0, 0x01, 0x80, 0x0E, 0x00, 0x30, 0x00, 0x00, 0x0F, 0xC0,
    0x7F, 0x83, 0x87, 0x1C, 0x0E, 0x70, 0x3B, 0x80, 0x7E, 0x01, 0xF8, 0x07, 0xE0, 0x1F, 0x80, 0x7E,
    0x01, 0xFC, 0x0E, 0x70, 0x38, 0xE1, 0xC3, 0xFF, 0x03, 0xF0, 0x03, 0x00, 0x1E, 0x00, 0x48, 0x03,
    0x30, 0x00, 0x00, 0x3F, 0x01, 0xFE, 0x0E, 0x1C, 0x70, 0x39, 0xC0, 0xEE, 0x01, 0xF8, 0x07, 0xE0,
    0x1F, 0x80, 0x7E, 0x01, 0xF8, 0x07, 0xF0, 0x39, 0xC0, 0xE3, 0x87, 0x0F, 0xFC, 0x0F, 0xC0, 0x06,
    0x40, 0x3F, 0x00, 0x98, 0x00, 0x00, 0x0F, 0xC0, 0x7F, 0x83, 0x87, 0x1C, 0x0E, 0x70, 0x3B, 0x80,
    0x7E, 0x01, 0xF8, 0x07, 0xE0, 0x1F, 0x80, 0x7E, 0x01, 0xFC, 0x0E, 0x70, 0x38, 0xE1, 0xC3, 0xFF,
    0x03, 0xF0, 0x1C, 0xE0, 0x73, 0x80, 0x00, 0x00, 0x00, 0x0F, 0xC0, 0x7F, 0x83, 0x87, 0x1C, 0x0E,
    0x70, 0x3B, 0x80, 0x7E, 0x01, 0xF8, 0x07, 0xE0, 0x1F, 0x80, 0x7E, 0x01, 0xFC, 0x0E, 0x70, 0x38,
    0xE1, 0xC3, 0xFF, 0x03, 0xF0, 0x41, 0x71, 0xDD, 0xC7, 0xC1, 0xC1, 0xF1, 0xDD, 0xC7, 0xC1, 0x80,
    0x00, 0x0F, 0xD8, 0x7F, 0xC3, 0x87, 0x1C, 0x1E, 0x70, 0xFB, 0x87, 0x7E, 0x19, 0xF8, 0xC7, 0xE3,
    0x1F, 0x98, 0x7E, 0xE1, 0xFF, 0x0E, 0x78, 0x38, 0xE1, 0xC3, 0xFF, 0x1B, 0xF0, 0x0C, 0x00, 0xE0,
    0x06, 0x00, 0x00, 0xE0, 0x7E, 0x07, 0xE0, 0x7E, 0x07, 0xE0, 0x7E, 0x07, 0xE0, 0x7E, 0x07, 0xE0,
    0x7E, 0x07, 0xE0, 0x7E, 0x07, 0xE0, 0x77, 0x0E, 0x3F, 0xC1, 0xF8, 0x03, 0x00, 0x70, 0x06, 0x00,
    0x00, 0xE0, 0x7E, 0x07, 0xE0, 0x7E, 0x07, 0xE0, 0x7E, 0x07, 0xE0, 0x7E, 0x07, 0xE0, 0x7E, 0x07,
    0xE0, 0x7E, 0x07, 0xE0, 0x77, 0x0E, 0x3F, 0xC1, 0xF8, 0x06, 0x00, 0xF0, 0x0B, 0x01, 0x98, 0x00,
    0x0E, 0x07, 0xE0, 0x7E, 0x07, 0xE0, 0x7E, 0x07, 0xE0, 0x7E, 0x07, 0xE0, 0x7E, 0x07, 0xE0, 0x7E,
    0x07, 0xE0, 0x7E, 0x07, 0x70, 0xE3, 0xFC, 0x1F, 0x80, 0x3B, 0x83, 0xB8, 0x00, 0x00, 0x00, 0xE0,
    0x7E, 0x07, 0xE0, 0x7E, 0x07, 0xE0, 0x7E, 0x07, 0xE0, 0x7E, 0x07, 0xE0, 0x7E, 0x07, 0xE0, 0x7E,
    0x07, 0xE0, 0x77, 0x0E, 0x3F, 0xC1, 0xF8, 0x03, 0x80, 0x18, 0x01, 0xC0, 0x00, 0x0E, 0x03, 0xB8,
    0x39, 0xC1, 0xC7, 0x1C, 0x38, 0xE0, 0xEE, 0x07, 0x70, 0x1F, 0x00, 0xF8, 0x03, 0x80, 0x1C, 0x00,
    0xE0, 0x07, 0x00, 0x38, 0x01, 0xC0, 0x0E, 0x00, 0xE0, 0x1C, 0x03, 0x80, 0x7F, 0x8F, 0xFD, 0xC3,
    0xF8, 0x3F, 0x07, 0xE0, 0xFC, 0x3F, 0xFF, 0x7F, 0x8E, 0x01, 0xC0, 0x38, 0x07, 0x00, 0x1F, 0x0F,
    0xF1, 0xCF, 0x70, 0xEE, 0x1D, 0xC3, 0xB8, 0xE7, 0x78, 0xEF, 0x9C, 0x3B, 0x83, 0xF0, 0x7E, 0x0F,
    0xC3, 0xFB, 0xF7, 0x78, 0x18, 0x01, 0x80, 0x30, 0x00, 0x01, 0xF0, 0xFF, 0x1C, 0xF7, 0x0E, 0x01,
    0xC3, 0xF9, 0xFF, 0x70, 0xEE, 0x1D, 0xC7, 0xBF, 0xF9, 0xE3, 0x07, 0x00, 0xC0, 0x30, 0x00, 0x01,
    0xF0, 0xFF, 0x1C, 0xF7, 0x0E, 0x01, 0xC3, 0xF9, 0xFF, 0x70, 0xEE, 0x1D, 0xC7, 0xBF, 0xF9, 0xE3,
    0x0C, 0x03, 0xC0, 0x6C, 0x19, 0xC0, 0x00, 0x3E, 0x1F, 0xE3, 0x9E, 0xE1, 0xC0, 0x38, 0x7F, 0x3F,
    0xEE, 0x1D, 0xC3, 0xB8, 0xF7, 0xFF, 0x3C, 0x60, 0x1C, 0x87, 0xF0, 0xDC, 0x00, 0x01, 0xF8, 0xFF,
    0x9C, 0x7F, 0x07, 0x00, 0xE3, 0xFD, 0xFB, 0xF8, 0x7E, 0x0F, 0xC3, 0xFF, 0xF9, 0xE3, 0x3B, 0x87,
    0x70, 0x00, 0x00, 0x01, 0xF0, 0xFF, 0x1C, 0xF7, 0x0E, 0x01, 0xC3, 0xF9, 0xFF, 0x70, 0xEE, 0x1D,
    0xC7, 0xBF, 0xF9, 0xE3, 0x0C, 0x03, 0xC0, 0x48, 0x0F, 0x00, 0xC0, 0x00, 0x07, 0xC3, 0xFC, 0x73,
    0xDC, 0x38, 0x07, 0x0F, 0xE7, 0xFD, 0xC3, 0xB8, 0x77, 0x1E, 0xFF, 0xE7, 0x8C, 0x1F, 0x3E, 0x1F,
    0xFF, 0xC7, 0x3E, 0x3B, 0x87, 0x87, 0x01, 0xC1, 0xC7, 0xFF, 0xF7, 0xFF, 0xFF, 0xC7, 0x00, 0xE1,
    0xC1, 0xF8, 0xF8, 0xEF, 0xF7, 0xF8, 0xF0, 0xF8, 0x1F, 0x07, 0xF9, 0xC7, 0x70, 0x7E, 0x01, 0xC0,
    0x38, 0x07, 0x00, 0xE0, 0xEE, 0x38, 0xFE, 0x0F, 0x80, 0xC0, 0x0E, 0x04, 0xC0, 0xF8, 0x0E, 0x00,
    0x1C, 0x01, 0x80, 0x38, 0x00, 0x01, 0xF0, 0x7F, 0x1C, 0x77, 0x07, 0xE0, 0xFF, 0xFF, 0xFF, 0xF0,
    0x0E, 0x00, 0xE3, 0x8F, 0xF0, 0xF8, 0x07, 0x00, 0xC0, 0x18, 0x00, 0x01, 0xF0, 0x7F, 0x1C, 0x77,
    0x07, 0xE0, 0xFF, 0xFF, 0xFF, 0xF0, 0x0E, 0x00, 0xE3, 0x8F, 0xF0, 0xF8, 0x0E, 0x01, 0xE0, 0x6C,
    0x18, 0xC0, 0x00, 0x3E, 0x0F, 0xE3, 0x8E, 0xE0, 0xFC, 0x1F, 0xFF, 0xFF, 0xFE, 0x01, 0xC0, 0x1C,
    0x71, 0xFE, 0x1F, 0x00, 0x3B, 0x87, 0x70, 0x00, 0x00, 0x01, 0xF0, 0x7F, 0x1C, 0x77, 0x07, 0xE0,
    0xFF, 0xFF, 0xFF, 0xF0, 0x0E, 0x00, 0xE3, 0x8F, 0xF0, 0xF8, 0xE6, 0x70, 0x77, 0x77, 0x77, 0x77,
    0x77, 0x77, 0x76, 0xE0, 0xEE, 0xEE, 0xEE, 0xEE, 0xEE, 0xEE, 0x38, 0xD9, 0xB6, 0x30, 0x07, 0x0E,
    0x1C, 0x38, 0x70, 0xE1, 0xC3, 0x87, 0x0E, 0x1C, 0x38, 0xEF, 0xDC, 0x00, 0x03, 0x87, 0x0E, 0x1C,
    0x38, 0x70, 0xE1, 0xC3, 0x87, 0x0E, 0x1C, 0x1C, 0x43, 0xFC, 0x1E, 0x07, 0xE0, 0x1C, 0x3F, 0x9F,
    0xFB, 0x8F, 0xE0, 0xFC, 0x1F, 0x83, 0xF0, 0x7E, 0x0E, 0xE3, 0x9F, 0xF0, 0xF8, 0x39, 0x0F, 0xC2,
    0x60, 0x00, 0xEF, 0x3F, 0xEF, 0x3F, 0x87, 0xE1, 0xF8, 0x7E, 0x1F, 0x87, 0xE1, 0xF8, 0x7E, 0x1F,
    0x87, 0x1C, 0x01, 0x80, 0x30, 0x00, 0x01, 0xF0, 0x7F, 0x1C, 0x77, 0x07, 0xE0, 0xFC, 0x1F, 0x83,
    0xF0, 0x7E, 0x0E, 0xE3, 0x8F, 0xE0, 0xF8, 0x07, 0x00, 0xC0, 0x18, 0x00, 0x01, 0xF0, 0x7F, 0x1C,
    0x77, 0x07, 0xE0, 0xFC, 0x1F, 0x83, 0xF0, 0x7E, 0x0E, 0xE3, 0x8F, 0xE0, 0xF8, 0x0E, 0x01, 0x40,
    0x6C, 0x08, 0xC0, 0x00, 0x3E, 0x0F, 0xE3, 0x8E, 0xE0, 0xFC, 0x1F, 0x83, 0xF0, 0x7E, 0x0F, 0xC1,
    0xDC, 0x71, 0xFC, 0x1F, 0x00, 0x1C, 0x87, 0xF0, 0xDC, 0x00, 0x01, 0xF0, 0x7F, 0x1C, 0x77, 0x07,
    0xE0, 0xFC, 0x1F, 0x83, 0xF0, 0x7E, 0x0E, 0xE3, 0x8F, 0xE0, 0xF8, 0x3B, 0x87, 0x70, 0x00, 0x00,
    0x01, 0xF0, 0x7F, 0x1C, 0x77, 0x07, 0xE0, 0xFC, 0x1F, 0x83, 0xF0, 0x7E, 0x0E, 0xE3, 0x8F, 0xE0,
    0xF8, 0x1C, 0x07, 0x01, 0xC0, 0x00, 0x00, 0x3F, 0xFF, 0xFC, 0x00, 0x1C, 0x07, 0x01, 0xC0, 0x1F,
    0xC7, 0xF9, 0xC7, 0x71, 0xFE, 0x7F, 0xCD, 0xFB, 0x3F, 0xE7, 0xF8, 0xEE, 0x39, 0xFE, 0x3F, 0x80,
    0x38, 0x06, 0x00, 0xC0, 0x00, 0xE1, 0xF8, 0x7E, 0x1F, 0x87, 0xE1, 0xF8, 0x7E, 0x1F, 0x87, 0xE1,
    0xFC, 0xF7, 0xFC, 0xF7, 0x06, 0x03, 0x80, 0xC0, 0x00, 0xE1, 0xF8, 0x7E, 0x1F, 0x87, 0xE1, 0xF8,
    0x7E, 0x1F, 0x87, 0xE1, 0xFC, 0xF7, 0xFC, 0xF7, 0x0C, 0x07, 0x83, 0x30, 0xCC, 0x00, 0x38, 0x7E,
    0x1F, 0x87, 0xE1, 0xF8, 0x7E, 0x1F, 0x87, 0xE1, 0xF8, 0x7F, 0x3D, 0xFF, 0x3D, 0xC0, 0x77, 0x1D,
    0xC0, 0x00, 0x00, 0xE1, 0xF8, 0x7E, 0x1F, 0x87, 0xE1, 0xF8, 0x7E, 0x1F, 0x87, 0xE1, 0xFC, 0xF7,
    0xFC, 0xF7, 0x03, 0x00, 0xE0, 0x18, 0x00, 0x0E, 0x0E, 0xC1, 0xDC, 0x33, 0x8E, 0x31, 0xC7, 0x30,
    0xE6, 0x0D, 0xC1, 0xF0, 0x3E, 0x03, 0xC0, 0x70, 0x06, 0x07, 0xC0, 0xF0, 0x00, 0xE0, 0x1C, 0x03,
    0x80, 0x70, 0x0E, 0xF1, 0xFF, 0xBC, 0x77, 0x07, 0xE0, 0xFC, 0x1F, 0x83, 0xF0, 0x7E, 0x0F, 0xE3,
    0xBF, 0xF7, 0x78, 0xE0, 0x1C, 0x03, 0x80, 0x00, 0x3B, 0x87, 0x70, 0x00, 0x00, 0x0E, 0x0F, 0xC1,
    0xDC, 0x73, 0x8E, 0x71, 0xC6, 0x30, 0xEE, 0x1D, 0x81, 0xB0, 0x3E, 0x03, 0x80, 0x70, 0x06, 0x0F,
    0x81, 0xE0, 0x00, 0x0F, 0xC0, 0x3F, 0x00, 0x00, 0x01, 0xE0, 0x07, 0x80, 0x1E, 0x00, 0xFC, 0x03,
    0xF0, 0x0C, 0xC0, 0x73, 0x81, 0xCE, 0x06, 0x18, 0x38, 0x70, 0xFF, 0xC3, 0xFF, 0x1C, 0x0E, 0x70,
    0x39, 0x80, 0x6E, 0x01, 0xC0, 0x3F, 0x07, 0xE0, 0x00, 0x00, 0x01, 0xF0, 0xFF, 0x1C, 0xF7, 0x0E,
    0x01, 0xC3, 0xF9, 0xFF, 0x70, 0xEE, 0x1D, 0xC7, 0xBF, 0xB9, 0xE3, 0x0C, 0xC0, 0x3F, 0x00, 0x78,
    0x00, 0x00, 0x07, 0x80, 0x1E, 0x00, 0x78, 0x03, 0xF0, 0x0F, 0xC0, 0x33, 0x01, 0xCE, 0x07, 0x38,
    0x18, 0x60, 0xE1, 0xC3, 0xFF, 0x0F, 0xFC, 0x70, 0x39, 0xC0, 0xE6, 0x01, 0xB8, 0x07, 0x33, 0x07,
    0xE0, 0x78, 0x00, 0x01, 0xF0, 0xFF, 0x1C, 0xF7, 0x0E, 0x01, 0xC3, 0xF9, 0xFF, 0x78, 0xEE, 0x1D,
    0xC7, 0xBF, 0xF9, 0xE3, 0x07, 0x00, 0x3E, 0x00, 0xF8, 0x03, 0x60, 0x1D, 0xC0, 0x77, 0x01, 0xCC,
    0x0E, 0x38, 0x38, 0xE0, 0xE1, 0x87, 0xFF, 0x1F, 0xFC, 0x60, 0x33, 0x80, 0xEE, 0x03, 0xB8, 0x0E,
    0x00, 0x18, 0x00, 0xC0, 0x03, 0x00, 0x0F, 0x00, 0x1C, 0x1F, 0x07, 0xF8, 0x73, 0xCE, 0x1C, 0x01,
    0xC1, 0xFC, 0x7F, 0xCE, 0x1C, 0xE1, 0xCE, 0x3C, 0xFF, 0xE3, 0xC6, 0x00, 0xE0, 0x0C, 0x01, 0xC0,
    0x1E, 0x00, 0xE0, 0x01, 0xC0, 0x0E, 0x00, 0x30, 0x00, 0x00, 0x0F, 0xC0, 0x7F, 0xC3, 0x87, 0x1C,
    0x0E, 0x70, 0x3B, 0x80, 0x0E, 0x00, 0x38, 0x00, 0xE0, 0x03, 0x80, 0x0E, 0x01, 0xDC, 0x0E, 0x70,
    0x38, 0xE1, 0xC1, 0xFE, 0x03, 0xF0, 0x03, 0x00, 0xE0, 0x18, 0x00, 0x01, 0xF0, 0x7F, 0x9C, 0x77,
    0x07, 0xE0, 0x1C, 0x03, 0x80, 0x70, 0x0E, 0x0E, 0xE3, 0x8F, 0xF0, 0xF8, 0x03, 0x00, 0x1E, 0x00,
    0xEC, 0x03, 0x30, 0x00, 0x00, 0x3F, 0x01, 0xFF, 0x0E, 0x1C, 0x70, 0x39, 0xC0, 0xEE, 0x00, 0x38,
    0x00, 0xE0, 0x03, 0x80, 0x0E, 0x00, 0x38, 0x07, 0x70, 0x39, 0xC0, 0xE3, 0x87, 0x07, 0xF8, 0x0F,
    0xC0, 0x0E, 0x01, 0xE0, 0x6C, 0x0C, 0xC0, 0x00, 0x3E, 0x0F, 0xF3, 0x8E, 0xE0, 0xFC, 0x03, 0x80,
    0x70, 0x0E, 0x01, 0xC1, 0xDC, 0x71, 0xFE, 0x1F, 0x00, 0x07, 0x00, 0x38, 0x00, 0x00, 0x00, 0x00,
    0xFC, 0x1F, 0xF0, 0xE1, 0xCE, 0x06, 0x70, 0x3F, 0x00, 0x38, 0x01, 0xC0, 0x0E, 0x00, 0x70, 0x03,
    0x80, 0xEE, 0x07, 0x70, 0x39, 0xC3, 0x8F, 0xF8, 0x1F, 0x80, 0x0E, 0x01, 0xC0, 0x00, 0x00, 0x01,
    0xF0, 0x7F, 0x9C, 0x77, 0x07, 0xE0, 0x1C, 0x03, 0x80, 0x70, 0x0E, 0x0E, 0xE3, 0x8F, 0xE0, 0xF8,
    0x0C, 0xC0, 0x33, 0x00, 0x78, 0x00, 0xC0, 0x00, 0x00, 0x3F, 0x01, 0xFF, 0x0E, 0x1C, 0x70, 0x39,
    0xC0, 0xEE, 0x00, 0x38, 0x00, 0xE0, 0x03, 0x80, 0x0E, 0x00, 0x38, 0x07, 0x70, 0x39, 0xC0, 0xE3,
    0x87, 0x07, 0xF8, 0x0F, 0xC0, 0x19, 0x83, 0x60, 0x3C, 0x07, 0x00, 0x00, 0x3E, 0x0F, 0xF3, 0x8E,
    0xE0, 0xFC, 0x03, 0x80, 0x70, 0x0E, 0x0F, 0xC1, 0xDC, 0x71, 0xFE, 0x1F, 0x00, 0x33, 0x01, 0xE0,
    0x0E, 0x00, 0x00, 0xFF, 0x0F, 0xFC, 0xE1, 0xCE, 0x0E, 0xE0, 0xEE, 0x07, 0xE0, 0x7E, 0x07, 0xE0,
    0x7E, 0x07, 0xE0, 0x7E, 0x0F, 0xE0, 0xEE, 0x1E, 0xFF, 0xCF, 0xF0, 0x00, 0xE6, 0x01, 0xDC, 0x03,
    0xB8, 0x07, 0x61, 0xEE, 0xCF, 0xFD, 0x9C, 0x78, 0x70, 0x70, 0xE0, 0xE1, 0xC1, 0xC3, 0x83, 0x87,
    0x07, 0x0E, 0x0E, 0x0E, 0x3C, 0x1F, 0xF8, 0x0F, 0x70, 0x3F, 0xC0, 0xFF, 0xC3, 0x87, 0x0E, 0x0E,
    0x38, 0x38, 0xE0, 0x73, 0x81, 0xFF, 0xE7, 0xFF, 0x9C, 0xE0, 0x73, 0x81, 0xCE, 0x0F, 0x38, 0x38,
    0xE1, 0xE3, 0xFF, 0x0F, 0xF0, 0x00, 0xE0, 0x7F, 0x07, 0xF0, 0x0E, 0x1E, 0xE7, 0xFE, 0x71, 0xEE,
    0x0E, 0xE0, 0xEE, 0x0E, 0xE0, 0xEE, 0x0E, 0xE0, 0xE7, 0x1E, 0x7F, 0xE1, 0xEE, 0x3F, 0x0F, 0xC0,
    0x03, 0xFF, 0xFF, 0xF8, 0x0E, 0x03, 0x80, 0xE0, 0x38, 0x0F, 0xFF, 0xFF, 0xE0, 0x38, 0x0E, 0x03,
    0x80, 0xE0, 0x3F, 0xFF, 0xFC, 0x3F, 0x07, 0xE0, 0x00, 0x00, 0x01, 0xF0, 0x7F, 0x1C, 0x77, 0x07,
    0xE0, 0xFF, 0xFF, 0xFF, 0xF0, 0x0E, 0x00, 0xE3, 0x8F, 0xF0, 0xF8, 0x41, 0xB0, 0xCF, 0xC3, 0xC0,
    0x00, 0x03, 0xFF, 0xFF, 0xE0, 0x70, 0x38, 0x1C, 0x0F, 0xFF, 0xFF, 0x81, 0xC0, 0xE0, 0x70, 0x38,
    0x1F, 0xFF, 0xF8, 0x60, 0x8F, 0xF0, 0x78, 0x00, 0x01, 0xF0, 0x7F, 0x9C, 0x77, 0x07, 0xE0, 0xFF,
    0xFF, 0xFF, 0xF0, 0x0E, 0x00, 0xE0, 0x8F, 0xF0, 0xFC, 0x1C, 0x07, 0x00, 0x03, 0xFF, 0xFF, 0xF8,
    0x0E, 0x03, 0x80, 0xE0, 0x38, 0x0F, 0xFF, 0xFF, 0xE0, 0x38, 0x0E, 0x03, 0x80, 0xE0, 0x3F, 0xFF,
    0xFC, 0x0E, 0x01, 0xC0, 0x00, 0x00, 0x01, 0xF0, 0x7F, 0x1C, 0x77, 0x07, 0xE0, 0xFF, 0xFF, 0xFF,
    0xF0, 0x0E, 0x00, 0xE3, 0x8F, 0xF0, 0xF8, 0xFF, 0xDF, 0xFB, 0x80, 0x70, 0x0E, 0x01, 0xC0, 0x38,
    0x07, 0xFE, 0xFF, 0xDC, 0x03, 0x80, 0x70, 0x0E, 0x01, 0xC0, 0x3F, 0xF7, 0xFE, 0x00, 0xC0, 0x30,
    0x06, 0x00, 0xF0, 0x0E, 0x1F, 0x07, 0xF1, 0xC7, 0x70, 0x7E, 0x0F, 0xFF, 0xFF, 0xFF, 0x00, 0xE0,
    0x0E, 0x38, 0xFF, 0x0F, 0xC0, 0x30, 0x0C, 0x01, 0x80, 0x3C, 0x03, 0x80, 0x33, 0x07, 0x80, 0xE0,
    0x00, 0xFF, 0xFF, 0xFE, 0x03, 0x80, 0xE0, 0x38, 0x0E, 0x03, 0xFF, 0xFF, 0xF8, 0x0E, 0x03, 0x80,
    0xE0, 0x38, 0x0F, 0xFF, 0xFF, 0x31, 0x83, 0x60, 0x3C, 0x07, 0x00, 0x00, 0x3E, 0x0F, 0xE3, 0x8E,
    0xE0, 0xFC, 0x1F, 0xFF, 0xFF, 0xFE, 0x01, 0xC0, 0x1C, 0x71, 0xFE, 0x1F, 0x00, 0x03, 0x00, 0x3C,
    0x03, 0x60, 0x19, 0x80, 0x00, 0x07, 0xE0, 0x7F, 0x87, 0x0E, 0x70, 0x73, 0x81, 0xF8, 0x01, 0xC0,
    0x0E, 0x00, 0x70, 0xFF, 0x87, 0xFC, 0x07, 0x70, 0x3B, 0x83, 0xCE, 0x1E, 0x7F, 0xB0, 0xF9, 0x80,
    0x0E, 0x01, 0xE0, 0x6C, 0x18, 0xC0, 0x00, 0x3D, 0xDF, 0xFB, 0x8F, 0xE0, 0xFC, 0x1F, 0x83, 0xF0,
    0x7E, 0x0E, 0xE3, 0xDF, 0xF8, 0xF7, 0x00, 0xEE, 0x3D, 0xFF, 0x0F, 0x80, 0x0C, 0xC0, 0x66, 0x03,
    0xF0, 0x0F, 0x00, 0x00, 0x07, 0xE0, 0x7F, 0x87, 0x0E, 0x70, 0x33, 0x81, 0xF8, 0x01, 0xC0, 0x0E,
    0x00, 0x70, 0xFF, 0x87, 0xFC, 0x07, 0x70, 0x3B, 0x83, 0xCE, 0x1E, 0x7F, 0xB0, 0xF9, 0x80, 0x31,
    0x07, 0x20, 0xFC, 0x0F, 0x00, 0x00, 0x3D, 0xDF, 0xFB, 0x8F, 0xE0, 0xFC, 0x1F, 0x83, 0xF0, 0x7E,
    0x0E, 0xE3, 0xDF, 0xF8, 0xF7, 0x00, 0xEE, 0x3D, 0xFF, 0x0F, 0x80, 0x07, 0x00, 0x38, 0x00, 0x00,
    0x00, 0x00, 0xFC, 0x0F, 0xF0, 0xE1, 0xCE, 0x0E, 0x70, 0x3F, 0x00, 0x38, 0x01, 0xC0, 0x0E, 0x1F,
    0xF0, 0xFF, 0x80, 0xEE, 0x07, 0x70, 0x79, 0xC3, 0xCF, 0xF6, 0x1F, 0x30, 0x0E, 0x01, 0xC0, 0x00,
    0x00, 0x01, 0xEE, 0xFF, 0xDC, 0x7F, 0x07, 0xE0, 0xFC, 0x1F, 0x83, 0xF0, 0x77, 0x1E, 0xFF, 0xC7,
    0xB8, 0x07, 0x71, 0xEF, 0xF8, 0x7C, 0x00, 0x0F, 0xC0, 0xFF, 0x0E, 0x1C, 0xE0, 0xE7, 0x03, 0xF0,
    0x03, 0x80, 0x1C, 0x00, 0xE3, 0xFF, 0x1F, 0xF8, 0x0E, 0xE0, 0x77, 0x07, 0x9C, 0x3C, 0xFF, 0x61,
    0xF3, 0x00, 0x00, 0x38, 0x01, 0xC0, 0x06, 0x00, 0x60, 0x00, 0x06, 0x01, 0x80, 0x38, 0x07, 0x00,
    0x00, 0x00, 0x07, 0xBB, 0xFF, 0x71, 0xFC, 0x1F, 0x83, 0xF0, 0x7E, 0x0F, 0xC1, 0xDC, 0x7B, 0xFF,
    0x1E, 0xE0, 0x1D, 0xC7, 0xBF, 0xE1, 0xF0, 0x0F, 0x00, 0xF0, 0x19, 0x80, 0x00, 0xE0, 0x7E, 0x07,
    0xE0, 0x7E, 0x07, 0xE0, 0x7E, 0x07, 0xE0, 0x7F, 0xFF, 0xFF, 0xFE, 0x07, 0xE0, 0x7E, 0x07, 0xE0,
    0x7E, 0x07, 0xE0, 0x7E, 0x07, 0x38, 0x06, 0xC0, 0x6C, 0x0C, 0x60, 0x38, 0x03, 0x80, 0x38, 0x03,
    0x80, 0x3B, 0xC3, 0xFE, 0x3C, 0xF3, 0x87, 0x38, 0x73, 0x87, 0x38, 0x73, 0x87, 0x38, 0x73, 0x87,
    0x38, 0x73, 0x87, 0x38, 0x1C, 0x70, 0x3B, 0xFF, 0xFF, 0xFF, 0xF3, 0x81, 0xC7, 0x03, 0x8E, 0x07,
    0x1F, 0xFE, 0x3F, 0xFC, 0x70, 0x38, 0xE0, 0x71, 0xC0, 0xE3, 0x81, 0xC7, 0x03, 0x8E, 0x07, 0x1C,
    0x0E, 0x38, 0x0F, 0xF0, 0xFF, 0x03, 0x80, 0x3B, 0xC3, 0xFE, 0x3C, 0xF3, 0x87, 0x38, 0x73, 0x87,
    0x38, 0x73, 0x87, 0x38, 0x73, 0x87, 0x38, 0x73, 0x87, 0x73, 0xFF, 0x70, 0x03, 0x87, 0x0E, 0x1C,
    0x38, 0x70, 0xE1, 0xC3, 0x87, 0x0E, 0x1C, 0x38, 0x70, 0xE1, 0xC0, 0x73, 0xFE, 0x70, 0x03, 0x87,
    0x0E, 0x1C, 0x38, 0x70, 0xE1, 0xC3, 0x87, 0x0E, 0x1C, 0xFF, 0xF0, 0x0E, 0x38, 0xE3, 0x8E, 0x38,
    0xE3, 0x8E, 0x38, 0xE3, 0x8E, 0x38, 0xE3, 0x80, 0xFF, 0xF0, 0x00, 0x71, 0xC7, 0x1C, 0x71, 0xC7,
    0x1C, 0x71, 0xC7, 0x1C, 0x83, 0xC7, 0x7E, 0x3C, 0x00, 0x00, 0xFE, 0xFE, 0x38, 0x38, 0x38, 0x38,
    0x38, 0x38, 0x38, 0x38, 0x38, 0x38, 0x38, 0xFE, 0xFE, 0xC3, 0xFF, 0x3C, 0x00, 0x38, 0x38, 0x38,
    0x38, 0x38, 0x38, 0x38, 0x38, 0x38, 0x38, 0x38, 0x38, 0x73, 0x9C, 0xE7, 0x39, 0xCE, 0x73, 0x9C,
    0xE7, 0x39, 0xCE, 0x66, 0x31, 0xE7, 0x00, 0x73, 0x80, 0x07, 0x39, 0xCE, 0x73, 0x9C, 0xE7, 0x39,
    0xCE, 0x66, 0x31, 0xE7, 0x00, 0xFC, 0x7F, 0xFF, 0xFF, 0xFF, 0xFF, 0xFF, 0x80, 0xFF, 0xFF, 0xFF,
    0xFF, 0xF0, 0xE0, 0x07, 0xE0, 0x07, 0xE0, 0x07, 0xE0, 0x07, 0xE0, 0x07, 0xE0, 0x07, 0xE0, 0x07,
    0xE0, 0x07, 0xE0, 0x07, 0xE0, 0x07, 0xE0, 0x07, 0xE7, 0x07, 0xE7, 0x07, 0xE3, 0x8E, 0xE3, 0xFC,
    0xE0, 0xF8, 0xE3, 0xF1, 0xC0, 0x00, 0x0E, 0x3F, 0x1F, 0x8F, 0xC7, 0xE3, 0xF1, 0xF8, 0xFC, 0x7E,
    0x3F, 0x1F, 0x8F, 0xC7, 0x03, 0x87, 0xC3, 0xC0, 0x01, 0xC0, 0x3E, 0x03, 0x60, 0x63, 0x00, 0x00,
    0x1C, 0x01, 0xC0, 0x1C, 0x01, 0xC0, 0x1C, 0x01, 0xC0, 0x1C, 0x01, 0xC0, 0x1C, 0x01, 0xC0, 0x1C,
    0xE1, 0xCE, 0x1C, 0x73, 0x87, 0xF8, 0x1E, 0x00, 0x1C, 0x36, 0x36, 0x63, 0x00, 0x1C, 0x1C, 0x1C,
    0x1C, 0x1C, 0x1C, 0x1C, 0x1C, 0x1C, 0x1C, 0x1C, 0x1C, 0x1C, 0xFC, 0xF8, 0xE0, 0xEE, 0x1E, 0xE1,
    0xCE, 0x38, 0xE7, 0x0E, 0xE0, 0xEC, 0x0F, 0xC0, 0xFE, 0x0F, 0xF0, 0xE7, 0x0E, 0x38, 0xE3, 0xCE,
    0x1C, 0xE0, 0xEE, 0x07, 0x00, 0x00, 0xE0, 0x0E, 0x00, 0x60, 0x0C, 0x00, 0xE0, 0x38, 0x0E, 0x03,
    0x80, 0xE1, 0xF8, 0xEE, 0x73, 0xB8, 0xEC, 0x3F, 0x0F, 0xE3, 0xFC, 0xE7, 0x38, 0xEE, 0x3B, 0x87,
    0x00, 0x07, 0x01, 0xC0, 0x30, 0x18, 0x00, 0xE1, 0xFC, 0x7B, 0x8E, 0x73, 0x8E, 0xE1, 0xF8, 0x3F,
    0x87, 0xF8, 0xE7, 0x9C, 0x73, 0x87, 0x70, 0xF0, 0x70, 0x18, 0x0E, 0x00, 0x00, 0xE0, 0x38, 0x0E,
    0x03, 0x80, 0xE0, 0x38, 0x0E, 0x03, 0x80, 0xE0, 0x38, 0x0E, 0x03, 0x80, 0xE0, 0x38, 0x0F, 0xFF,
    0xFF, 0x73, 0x39, 0xCE, 0x73, 0x9C, 0xE7, 0x39, 0xCE, 0x73, 0x9C, 0xE7, 0xDE, 0xE0, 0x38, 0x0E,
    0x03, 0x80, 0xE0, 0x38, 0x0E, 0x03, 0x80, 0xE0, 0x38, 0x0E, 0x03, 0x80, 0xE0, 0x38, 0x0F, 0xFF,
    0xFF, 0x00, 0x07, 0x01, 0xC0, 0x30, 0x18, 0x00, 0xE7, 0x39, 0xCE, 0x73, 0x9C, 0xE7, 0x39, 0xCE,
    0x73, 0xEF, 0x03, 0x9C, 0x66, 0x00, 0xE1, 0xB8, 0x6E, 0x1B, 0x86, 0xE1, 0x38, 0xCE, 0x03, 0x80,
    0xE0, 0x38, 0x0E, 0x03, 0x80, 0xE0, 0x38, 0x0F, 0xFF, 0xFF, 0xEF, 0xDF, 0xB7, 0x6E, 0xDD, 0xB8,
    0x70, 0xE1, 0xC3, 0x87, 0x0E, 0x1C, 0x3E, 0x3C, 0xE0, 0x70, 0x38, 0x1C, 0x0E, 0x07, 0x1F, 0x8F,
    0xC7, 0xE0, 0x70, 0x38, 0x1C, 0x0E, 0x07, 0xFF, 0xFE, 0xE1, 0xC3, 0x87, 0x0E, 0x1C, 0x3B, 0xF7,
    0xEF, 0xC3, 0x87, 0x0E, 0x1C, 0x38, 0x70, 0x38, 0x03, 0x80, 0x38, 0x03, 0x80, 0x38, 0x03, 0xB0,
    0x3F, 0x03, 0xC0, 0x78, 0x0F, 0x80, 0xB8, 0x03, 0x80, 0x38, 0x03, 0x80, 0x3F, 0xF3, 0xFF, 0x38,
    0x70, 0xE1, 0xC3, 0x87, 0xCF, 0xBC, 0xF9, 0x70, 0xE1, 0xC3, 0x87, 0x0F, 0x8F, 0x03, 0x00, 0x30,
    0x06, 0x00, 0x00, 0xF0, 0x7F, 0x07, 0xF8, 0x7F, 0x87, 0xFC, 0x7E, 0xC7, 0xEC, 0x7E, 0x67, 0xE6,
    0x7E, 0x77, 0xE3, 0x7E, 0x3F, 0xE1, 0xFE, 0x1F, 0xE0, 0xFE, 0x0F, 0x06, 0x01, 0x80, 0xC0, 0x00,
    0xEF, 0x3F, 0xEF, 0x3F, 0x87, 0xE1, 0xF8, 0x7E, 0x1F, 0x87, 0xE1, 0xF8, 0x7E, 0x1F, 0x87, 0xF0,
    0x7F, 0x07, 0xF8, 0x7F, 0x87, 0xFC, 0x7E, 0xC7, 0xEC, 0x7E, 0x67, 0xE6, 0x7E, 0x37, 0xE3, 0x7E,
    0x1F, 0xE1, 0xFE, 0x0F, 0xE0, 0xFE, 0x0F, 0x00, 0x00, 0x70, 0x07, 0x00, 0x30, 0x06, 0x00, 0xEF,
    0x3F, 0xEF, 0x3F, 0x87, 0xE1, 0xF8, 0x7E, 0x1F, 0x87, 0xE1, 0xF8, 0x7E, 0x1F, 0x87, 0x00, 0x07,
    0x01, 0xC0, 0x30, 0x18, 0x00, 0x09, 0x80, 0xF0, 0x07, 0x00, 0x00, 0xF0, 0x7F, 0x07, 0xF8, 0x7F,
    0x87, 0xFC, 0x7E, 0xC7, 0xEC, 0x7E, 0x67, 0xE6, 0x7E, 0x77, 0xE3, 0x7E, 0x3F, 0xE1, 0xFE, 0x1F,
    0xE0, 0xFE, 0x0F, 0x33, 0x0C, 0xC1, 0xE0, 0x38, 0x00, 0x3B, 0xCF, 0xFB, 0xCF, 0xE1, 0xF8, 0x7E,
    0x1F, 0x87, 0xE1, 0xF8, 0x7E, 0x1F, 0x87, 0xE1, 0xC0, 0x70, 0x01, 0x80, 0x0E, 0x00, 0x3B, 0x3C,
    0xCF, 0xF8, 0x3C, 0xF0, 0xE1, 0xC3, 0x87, 0x0E, 0x1C, 0x38, 0x70, 0xE1, 0xC3, 0x87, 0x0E, 0x1C,
    0x38, 0x70, 0xE1, 0xC0, 0xF0, 0x7F, 0x07, 0xF8, 0x7F, 0x87, 0xF8, 0x7E, 0xC7, 0xEC, 0x7E, 0xE7,
    0xE6, 0x7E, 0x77, 0xE3, 0x7E, 0x3F, 0xE1, 0xFE, 0x1F, 0xE0, 0xFE, 0x0F, 0x00, 0x70, 0x3F, 0x03,
    0xE0, 0xEF, 0x3F, 0xEF, 0x3F, 0x87, 0xE1, 0xF8, 0x7E, 0x1F, 0x87, 0xE1, 0xF8, 0x7E, 0x1F, 0x87,
    0x01, 0xC1, 0xF0, 0x78, 0x0F, 0xC0, 0x3F, 0x00, 0x00, 0x00, 0x00, 0x0F, 0xC0, 0x7F, 0x83, 0x87,
    0x1C, 0x0E, 0x70, 0x3B, 0x80, 0x7E, 0x01, 0xF8, 0x07, 0xE0, 0x1F, 0x80, 0x7E, 0x01, 0xFC, 0x0E,
    0x70, 0x38, 0xE1, 0xC3, 0xFF, 0x03, 0xF0, 0x3F, 0x07, 0xE0, 0x00, 0x00, 0x01, 0xF0, 0x7F, 0x1C,
    0x77, 0x07, 0xE0, 0xFC, 0x1F, 0x83, 0xF0, 0x7E, 0x0E, 0xE3, 0x8F, 0xE0, 0xF8, 0x18, 0x20, 0x61,
    0x80, 0xFC, 0x01, 0xE0, 0x00, 0x00, 0x00, 0x00, 0xFC, 0x0F, 0xFC, 0x7F, 0xF9, 0xE1, 0xEF, 0x03,
    0xF8, 0x07, 0xE0, 0x1F, 0x80, 0x7E, 0x01, 0xF8, 0x07, 0xF0, 0x3D, 0xE1, 0xE7, 0xFF, 0x8F, 0xFC,
    0x0F, 0xC0, 0x30, 0xC7, 0xF8, 0x3C, 0x00, 0x01, 0xF0, 0x7F, 0x1C, 0x77, 0x07, 0xE0, 0xFC, 0x1F,
    0x83, 0xF0, 0x7E, 0x0E, 0xE3, 0x8F, 0xE0, 0xF8, 0x07, 0x60, 0x1B, 0x00, 0x6C, 0x00, 0x00, 0x0F,
    0xC0, 0x7F, 0x83, 0x87, 0x1C, 0x0E, 0x70, 0x3B, 0x80, 0x7E, 0x01, 0xF8, 0x07, 0xE0, 0x1F, 0x80,
    0x7E, 0x01, 0xFC, 0x0E, 0x70, 0x38, 0xE1, 0xC3, 0xFF, 0x03, 0xF0, 0x0D, 0xC1, 0xB0, 0x6C, 0x00,
    0x01, 0xF0, 0x7F, 0x1C, 0x77, 0x07, 0xE0, 0xFC, 0x1F, 0x83, 0xF0, 0x7E, 0x0E, 0xE3, 0x8F, 0xE0,
    0xF8, 0x0F, 0xCF, 0xF8, 0xFF, 0xFF, 0xCE, 0x1F, 0x00, 0xE0, 0x78, 0x07, 0x03, 0xC0, 0x70, 0x0E,
    0x03, 0x80, 0x70, 0x1C, 0x03, 0xFF, 0xE0, 0x1F, 0xFF, 0x00, 0xE0, 0x38, 0x07, 0x00, 0xE0, 0x78,
    0x07, 0x03, 0xC0, 0x1C, 0x3E, 0x00, 0x7F, 0xFF, 0xE1, 0xF9, 0xFF, 0x1F, 0x1F, 0x07, 0xF7, 0xF1,
    0xC7, 0xC7, 0x70, 0x70, 0x7E, 0x0E, 0x0F, 0xC1, 0xFF, 0xF8, 0x3F, 0xFF, 0x07, 0x00, 0xE0, 0xE0,
    0x0E, 0x3E, 0x38, 0xFE, 0xFF, 0x0F, 0x8F, 0x80, 0x06, 0x00, 0xC0, 0x30, 0x00, 0x0F, 0xF1, 0xFF,
    0xB8, 0x77, 0x07, 0xE0, 0xFC, 0x1F, 0x83, 0xF0, 0xEF, 0xF9, 0xFF, 0xB8, 0x77, 0x07, 0xE0, 0xFC,
    0x1F, 0x83, 0xF0, 0x70, 0x1C, 0x30, 0xE0, 0x0E, 0xFF, 0xFC, 0x70, 0xE1, 0xC3, 0x87, 0x0E, 0x1C,
    0x38, 0x70, 0xFF, 0x1F, 0xFB, 0x87, 0x70, 0x7E, 0x0F, 0xC1, 0xF8, 0x7F, 0xFE, 0xFF, 0x9C, 0x3B,
    0x83, 0x70, 0x7E, 0x0F, 0xC1, 0xF8, 0x3F, 0x07, 0x00, 0x01, 0xC0, 0x38, 0x03, 0x00, 0xC0, 0xEF,
    0xFF, 0xC7, 0x0E, 0x1C, 0x38, 0x70, 0xE1, 0xC3, 0x87, 0x00, 0x1C, 0x38, 0x30, 0xC0, 0x1B, 0x03,
    0xC0, 0x38, 0x00, 0x0F, 0xF1, 0xFF, 0xB8, 0x77, 0x07, 0xE0, 0xFC, 0x1F, 0x83, 0xF0, 0xEF, 0xF9,
    0xFF, 0xB8, 0x77, 0x07, 0xE0, 0xFC, 0x1F, 0x83, 0xF0, 0x70, 0xC7, 0xD9, 0xB1, 0xC0, 0x1D, 0xFF,
    0xF8, 0xE1, 0xC3, 0x87, 0x0E, 0x1C, 0x38, 0x70, 0xE0, 0x07, 0x00, 0x60, 0x06, 0x00, 0x00, 0x1F,
    0x07, 0xFC, 0xF1, 0xEE, 0x0E, 0xE0, 0x7F, 0x00, 0xFE, 0x07, 0xFC, 0x1F, 0xE0, 0x3F, 0x00, 0xFE,
    0x07, 0xE0, 0x77, 0x0E, 0x3F, 0xE1, 0xF8, 0x06, 0x03, 0x80, 0xC0, 0x00, 0x3E, 0x1F, 0xEE, 0x3B,
    0x87, 0xF0, 0x1F, 0x83, 0xF8, 0x0F, 0xE1, 0xF8, 0x77, 0xF8, 0xFC, 0x0E, 0x00, 0xF0, 0x1B, 0x03,
    0x18, 0x00, 0x01, 0xF0, 0x7F, 0xCF, 0x1E, 0xE0, 0xEE, 0x07, 0xF0, 0x0F, 0xE0, 0x7F, 0xC1, 0xFE,
    0x03, 0xF0, 0x0F, 0xE0, 0x7E, 0x07, 0x70, 0xE3, 0xFE, 0x1F, 0x80, 0x0C, 0x07, 0x83, 0x60, 0xCC,
    0x00, 0x0F, 0x87, 0xFB, 0x8E, 0xE1, 0xFC, 0x07, 0xE0, 0xFE, 0x03, 0xF8, 0x7E, 0x1D, 0xFE, 0x3F,
    0x00, 0x1F, 0x07, 0xFC, 0xF1, 0xEE, 0x0E, 0xE0, 0xFF, 0x00, 0xFE, 0x07, 0xFC, 0x1F, 0xE0, 0x3F,
    0x00, 0xFE, 0x07, 0xE0, 0x77, 0x0E, 0x3F, 0xE1, 0xF8, 0x0E, 0x00, 0x70, 0x03, 0x01, 0xF0, 0x0E,
    0x00, 0x3E, 0x1F, 0xEE, 0x3B, 0x87, 0xF0, 0x1F, 0x83, 0xF8, 0x0F, 0xE1, 0xF8, 0x77, 0xF8, 0xFC,
    0x08, 0x03, 0x81, 0x60, 0x78, 0x1C, 0x00, 0x19, 0x81, 0xB0, 0x0E, 0x00, 0x00, 0x1F, 0x07, 0xFC,
    0xF1, 0xEE, 0x0E, 0xE0, 0x7F, 0x00, 0xFE, 0x07, 0xFC, 0x1F, 0xE0, 0x3F, 0x00, 0xFE, 0x07, 0xE0,
    0x77, 0x0E, 0x7F, 0xE1, 0xF8, 0x33, 0x07, 0x81, 0xE0, 0x00, 0x3E, 0x1F, 0xEE, 0x3B, 0x87, 0xF0,
    0x1F, 0x83, 0xF8, 0x0F, 0xE1, 0xF8, 0x77, 0xF8, 0xFC, 0xFF, 0xFF, 0xFF, 0x0E, 0x00, 0xE0, 0x0E,
    0x00, 0xE0, 0x0E, 0x00, 0xE0, 0x0E, 0x00, 0xE0, 0x0E, 0x00, 0xE0, 0x0E, 0x00, 0xE0, 0x0E, 0x00,
    0xE0, 0x0C, 0x00, 0x70, 0x13, 0x01, 0xF0, 0x0E, 0x00, 0x38, 0x38, 0x38, 0xFF, 0xFF, 0x38, 0x38,
    0x38, 0x38, 0x38, 0x38, 0x38, 0x38, 0x3F, 0x1F, 0x08, 0x0E, 0x26, 0x3E, 0x1C, 0x11, 0x81, 0xB0,
    0x0E, 0x00, 0x00, 0xFF, 0xFF, 0xFF, 0x0E, 0x00, 0xE0, 0x0E, 0x00, 0xE0, 0x0E, 0x00, 0xE0, 0x0E,
    0x00, 0xE0, 0x0E, 0x00, 0xE0, 0x0E, 0x00, 0xE0, 0x0E, 0x00, 0xE0, 0x03, 0x01, 0x80, 0xC7, 0x63,
    0xB7, 0xFB, 0xFC, 0x70, 0x38, 0x1C, 0x0E, 0x07, 0x03, 0x81, 0xC0, 0xE0, 0x7E, 0x1F, 0x00, 0xFF,
    0xFF, 0xFF, 0x0E, 0x00, 0xE0, 0x0E, 0x00, 0xE0, 0x0E, 0x00, 0xE0, 0x3F, 0xC3, 0xFC, 0x0E, 0x00,
    0xE0, 0x0E, 0x00, 0xE0, 0x0E, 0x00, 0xE0, 0x38, 0x38, 0x38, 0xFF, 0xFF, 0x38, 0x38, 0x38, 0xFF,
    0xFF, 0x38, 0x38, 0x38, 0x3F, 0x1F, 0x0C, 0x81, 0xF8, 0x13, 0x00, 0x00, 0xE0, 0x7E, 0x07, 0xE0,
    0x7E, 0x07, 0xE0, 0x7E, 0x07, 0xE0, 0x7E, 0x07, 0xE0, 0x7E, 0x07, 0xE0, 0x7E, 0x07, 0xE0, 0x77,
    0x0E, 0x3F, 0xC1, 0xF8, 0x39, 0x1F, 0xC6, 0xE0, 0x00, 0xE1, 0xF8, 0x7E, 0x1F, 0x87, 0xE1, 0xF8,
    0x7E, 0x1F, 0x87, 0xE1, 0xFC, 0xF7, 0xFC, 0xF7, 0x1F, 0x81, 0xF8, 0x00, 0x00, 0x00, 0xE0, 0x7E,
    0x07, 0xE0, 0x7E, 0x07, 0xE0, 0x7E, 0x07, 0xE0, 0x7E, 0x07, 0xE0, 0x7E, 0x07, 0xE0, 0x7E, 0x07,
    0xE0, 0x77, 0x0E, 0x3F, 0xC1, 0xF8, 0x3F, 0x0F, 0xC0, 0x00, 0x00, 0xE1, 0xF8, 0x7E, 0x1F, 0x87,
    0xE1, 0xF8, 0x7E, 0x1F, 0x87, 0xE1, 0xFC, 0xF7, 0xFC, 0xF7, 0x19, 0x81, 0x98, 0x1F, 0x80, 0xF0,
    0x00, 0x0E, 0x07, 0xE0, 0x7E, 0x07, 0xE0, 0x7E, 0x07, 0xE0, 0x7E, 0x07, 0xE0, 0x7E, 0x07, 0xE0,
    0x7E, 0x07, 0xE0, 0x7E, 0x07, 0x70, 0xE3, 0xFC, 0x1F, 0x80, 0x23, 0x0C, 0xC3, 0xF0, 0x78, 0x00,
    0x38, 0x7E, 0x1F, 0x87, 0xE1, 0xF8, 0x7E, 0x1F, 0x87, 0xE1, 0xF8, 0x7F, 0x3D, 0xFF, 0x3D, 0xC0,
    0x06, 0x00, 0xF0, 0x09, 0x00, 0x90, 0x0F, 0x00, 0x60, 0xE0, 0x7E, 0x07, 0xE0, 0x7E, 0x07, 0xE0,
    0x7E, 0x07, 0xE0, 0x7E, 0x07, 0xE0, 0x7E, 0x07, 0xE0, 0x7E, 0x07, 0xE0, 0x77, 0x0E, 0x3F, 0xC1,
    0xF8, 0x0C, 0x07, 0x81, 0x20, 0x78, 0x0C, 0x00, 0x0E, 0x1F, 0x87, 0xE1, 0xF8, 0x7E, 0x1F, 0x87,
    0xE1, 0xF8, 0x7E, 0x1F, 0xCF, 0x7F, 0xCF, 0x70, 0x0E, 0xC0, 0xDC, 0x0D, 0x80, 0x00, 0xE0, 0x7E,
    0x07, 0xE0, 0x7E, 0x07, 0xE0, 0x7E, 0x07, 0xE0, 0x7E, 0x07, 0xE0, 0x7E, 0x07, 0xE0, 0x7E, 0x07,
    0xE0, 0x77, 0x0E, 0x3F, 0xC1, 0xF8, 0x1D, 0x86, 0xE3, 0xB0, 0x00, 0xE1, 0xF8, 0x7E, 0x1F, 0x87,
    0xE1, 0xF8, 0x7E, 0x1F, 0x87, 0xE1, 0xFC, 0xF7, 0xFC, 0xF7, 0xE0, 0x7E, 0x07, 0xE0, 0x7E, 0x07,
    0xE0, 0x7E, 0x07, 0xE0, 0x7E, 0x07, 0xE0, 0x7E, 0x07, 0xE0, 0x7E, 0x07, 0xE0, 0x77, 0x0E, 0x3F,
    0xC1, 0xF8, 0x03, 0x00, 0x60, 0x07, 0x80, 0x78, 0xE1, 0xDC, 0x3B, 0x87, 0x70, 0xEE, 0x1D, 0xC3,
    0xB8, 0x77, 0x0E, 0xE1, 0xDE, 0x79, 0xFF, 0x1E, 0xE0, 0x18, 0x06, 0x00, 0xC0, 0x1E, 0x01, 0xC0,
    0x00, 0xE0, 0x00, 0x36, 0x00, 0x0C, 0xC0, 0x00, 0x00, 0x0E, 0x0E, 0x0F, 0xC1, 0xC1, 0xF8, 0x78,
    0x73, 0x0F, 0x0E, 0x71, 0xF1, 0xCE, 0x3E, 0x39, 0xC6, 0xC6, 0x19, 0xD9, 0xC3, 0xBB, 0xB8, 0x76,
    0x77, 0x0E, 0xC6, 0xC0, 0xF8, 0xF8, 0x1F, 0x1F, 0x03, 0xC3, 0xE0, 0x78, 0x38, 0x07, 0x07, 0x00,
    0x01, 0xC0, 0x00, 0xF0, 0x00, 0xD8, 0x00, 0xC6, 0x00, 0x00, 0x03, 0x0E, 0x1D, 0xC7, 0x0E, 0xE3,
    0xC6, 0x71, 0xE7, 0x19, 0xF3, 0x8E, 0xD9, 0xC7, 0x6E, 0xC1, 0xB3, 0xE0, 0xF9, 0xF0, 0x78, 0xF0,
    0x3C, 0x38, 0x0E, 0x1C, 0x00, 0x07, 0x00, 0x6C, 0x06, 0x30, 0x00, 0x0E, 0x03, 0xB8, 0x39, 0xC1,
    0xC7, 0x1C, 0x38, 0xE0, 0xEE, 0x07, 0x70, 0x1F, 0x00, 0xF8, 0x03, 0x80, 0x1C, 0x00, 0xE0, 0x07,
    0x00, 0x38, 0x01, 0xC0, 0x0E, 0x00, 0x0E, 0x03, 0x60, 0xC6, 0x00, 0x0E, 0x0E, 0xC1, 0xDC, 0x33,
    0x8E, 0x31, 0xC7, 0x30, 0xE6, 0x0D, 0xC1, 0xF0, 0x3E, 0x03, 0xC0, 0x70, 0x06, 0x07, 0xC0, 0xF0,
    0x00, 0x1D, 0xC0, 0xEE, 0x00, 0x01, 0xC0, 0x77, 0x07, 0x38, 0x38, 0xE3, 0x87, 0x1C, 0x1D, 0xC0,
    0xEE, 0x03, 0xE0, 0x1F, 0x00, 0x70, 0x03, 0x80, 0x1C, 0x00, 0xE0, 0x07, 0x00, 0x38, 0x01, 0xC0,
    0x07, 0x00, 0xC0, 0x30, 0x00, 0x0F, 0xFD, 0xFF, 0x80, 0x70, 0x1C, 0x07, 0x80, 0xE0, 0x38, 0x07,
    0x01, 0xC0, 0x38, 0x0E, 0x03, 0x80, 0x70, 0x1C, 0x03, 0xFF, 0xFF, 0xF0, 0x0E, 0x06, 0x03, 0x00,
    0x0F, 0xFF, 0xFC, 0x0E, 0x0E, 0x0E, 0x0E, 0x07, 0x07, 0x07, 0x07, 0x03, 0xFF, 0xFF, 0x0E, 0x01,
    0xC0, 0x00, 0x7F, 0xEF, 0xFC, 0x03, 0x80, 0xE0, 0x1C, 0x07, 0x00, 0xC0, 0x38, 0x0E, 0x01, 0xC0,
    0x70, 0x0C, 0x03, 0x80, 0xE0, 0x1F, 0xFF, 0xFF, 0x80, 0x1C, 0x0E, 0x00, 0x00, 0x0F, 0xFF, 0xFC,
    0x0E, 0x0E, 0x0E, 0x0E, 0x06, 0x07, 0x07, 0x07, 0x03, 0xFF, 0xFF, 0x33, 0x03, 0xC0, 0x38, 0x00,
    0x0F, 0xFD, 0xFF, 0x80, 0x70, 0x1C, 0x07, 0x80, 0xE0, 0x38, 0x07, 0x01, 0xC0, 0x38, 0x0E, 0x03,
    0x80, 0x70, 0x1C, 0x03, 0xFF, 0xFF, 0xF0, 0x63, 0x1B, 0x0D, 0x83, 0x80, 0x07, 0xFF, 0xFE, 0x07,
    0x07, 0x07, 0x07, 0x03, 0x83, 0x83, 0x83, 0x81, 0xFF, 0xFF, 0x80, 0x3F, 0xFB, 0x87, 0x0E, 0x1C,
    0x38, 0x70, 0xE1, 0xC3, 0x87, 0x0E, 0x1C, 0x38, 0x70, 0x00, 0x07, 0x0F, 0xC7, 0x3F, 0xF7, 0x7F,
    0xFE, 0x78, 0x7C, 0xF0, 0x3C, 0xE0, 0x1C, 0xE0, 0x1C, 0xE0, 0x1C, 0xE0, 0x1C, 0xE0, 0x1C, 0xF0,
    0x3C, 0x78, 0x78, 0x7F, 0xF8, 0x3F, 0xF0, 0x0F, 0xC0, 0x00, 0x1C, 0x00, 0x71, 0xF3, 0x8F, 0xFE,
    0x71, 0xE3, 0x83, 0x8E, 0x0E, 0x38, 0x38, 0xE0, 0xE3, 0x83, 0x8E, 0x0E, 0x1C, 0x70, 0x3F, 0x80,
    0x7C, 0x00, 0x00, 0x07, 0xF0, 0x3B, 0xB8, 0x1D, 0xDC, 0x0F, 0xCE, 0x07, 0x87, 0x03, 0x83, 0x81,
    0xC1, 0xC0, 0xE0, 0xE0, 0x70, 0x70, 0x38, 0x38, 0x1C, 0x1C, 0x0E, 0x0F, 0x0F, 0x03, 0xFF, 0x00,
    0xFF, 0x00, 0x3F, 0x00, 0x00, 0x0E, 0x00, 0x1F, 0x87, 0x7F, 0x0F, 0xEE, 0x1F, 0x9C, 0x38, 0x38,
    0x70, 0x70, 0xE0, 0xE1, 0xC1, 0xC3, 0x83, 0x87, 0x07, 0x9E, 0x07, 0xFC, 0x07, 0x98, 0x00, 0x00,
    0x01, 0xC7, 0x00, 0x00, 0x77, 0x00, 0x00, 0x1F, 0x00, 0x00, 0x07, 0x80, 0x00, 0x00, 0x07, 0xF8,
    0x1F, 0xFF, 0xFF, 0x0F, 0xFF, 0xC3, 0xC0, 0x0E, 0xE0, 0xE0, 0x0F, 0x70, 0x38, 0x07, 0x38, 0x1C,
    0x07, 0x9C, 0x0E, 0x07, 0x8E, 0x07, 0x03, 0x87, 0x03, 0x83, 0xC3, 0x81, 0xC3, 0xC1, 0xC1, 0xE1,
    0xC0, 0xE0, 0xE1, 0xE0, 0x70, 0xE0, 0xE0, 0x3F, 0xE0, 0xFF, 0xFF, 0xE0, 0x7F, 0xF0, 0x00, 0x03,
    0x8F, 0xFE, 0x01, 0xFB, 0xFF, 0x01, 0xE7, 0x0F, 0x00, 0x0E, 0x0E, 0x3F, 0xFC, 0x0E, 0x7F, 0xF8,
    0x1C, 0x07, 0x70, 0x38, 0x1E, 0xE0, 0x70, 0x39, 0xC0, 0xE0, 0xF3, 0x81, 0xC3, 0xC7, 0x07, 0x87,
    0x0E, 0x0E, 0x1E, 0x1C, 0x38, 0x38, 0x3F, 0xE0, 0xFF, 0xFF, 0x81, 0xFF, 0x00, 0xE7, 0x1C, 0x03,
    0x8F, 0xE0, 0x0E, 0x1F, 0x00, 0x38, 0x00, 0x1E, 0xE7, 0xFD, 0xFF, 0x9F, 0xF7, 0x1E, 0x03, 0xF8,
    0x38, 0x1E, 0xE0, 0xE0, 0x73, 0x83, 0x83, 0xCE, 0x0E, 0x1E, 0x38, 0x38, 0x70, 0xE0, 0xE3, 0xC1,
    0xC7, 0x8E, 0x07, 0xFE, 0x7F, 0xC7, 0xB9, 0xFF, 0xE0, 0x0F, 0xC0, 0x1F, 0x80, 0x3F, 0x00, 0x7E,
    0x00, 0xFC, 0x01, 0xF8, 0x03, 0xF0, 0x07, 0xE0, 0x0F, 0xC0, 0x1F, 0x80, 0x3F, 0x00, 0x7E, 0x00,
    0xFF, 0xF1, 0xFF, 0xE3, 0x80, 0x07, 0x00, 0x1E, 0x01, 0xF8, 0x03, 0xE0, 0x00, 0x0F, 0xC0, 0x1F,
    0x80, 0x3F, 0x00, 0x0E, 0x00, 0xFC, 0x01, 0xF8, 0x03, 0xF0, 0x07, 0xE0, 0x0F, 0xC0, 0x1F, 0x80,
    0x3F, 0x00, 0x7E, 0x00, 0xFC, 0x01, 0xFF, 0xF3, 0xFF, 0xE7, 0x00, 0x0E, 0x00, 0x1C, 0x00, 0x38,
    0x03, 0xE0, 0x07, 0x80, 0xE3, 0xF1, 0xF8, 0xFC, 0x0E, 0x3F, 0x1F, 0x8F, 0xC7, 0xE3, 0xF1, 0xF8,
    0xFC, 0x7E, 0x3F, 0x1F, 0x8F, 0xC7, 0x03, 0x81, 0xC0, 0xE1, 0xE0, 0xE0, 0xF0, 0x38, 0x7F, 0x83,
    0x87, 0xF8, 0x38, 0x7F, 0xC3, 0x87, 0xFE, 0x38, 0x7E, 0xE3, 0x87, 0xEF, 0x38, 0x7E, 0x73, 0x87,
    0xE3, 0xB8, 0x7E, 0x3B, 0x87, 0xE1, 0xF8, 0x7E, 0x1F, 0x87, 0xE0, 0xF8, 0x7E, 0x0F, 0x87, 0xE0,
    0x78, 0x70, 0x00, 0x07, 0x00, 0x00, 0xF0, 0x00, 0x7E, 0x00, 0x07, 0xC0, 0x00, 0x00, 0x7F, 0x03,
    0x87, 0xF8, 0x38, 0x7F, 0x83, 0x80, 0xFC, 0x38, 0x7E, 0xE3, 0x87, 0xEE, 0x38, 0x7E, 0x73, 0x87,
    0xE7, 0x38, 0x7E, 0x3B, 0x87, 0xE3, 0xB8, 0x7E, 0x1F, 0x87, 0xE1, 0xF8, 0x7E, 0x0F, 0x87, 0xE0,
    0xF8, 0x7E, 0x07, 0x87, 0x00, 0x00, 0x70, 0x00, 0x07, 0x00, 0x00, 0x70, 0x00, 0x3E, 0x00, 0x03,
    0xC0, 0x00, 0x03, 0x80, 0x01, 0xC0, 0x00, 0xE0, 0x00, 0x0C, 0xF0, 0x3F, 0xFC, 0x1F, 0xCF, 0x0F,
    0xC3, 0x87, 0xE1, 0xC3, 0xF0, 0xE1, 0xF8, 0x70, 0xFC, 0x38, 0x7E, 0x1C, 0x3F, 0x0E, 0x1F, 0x87,
    0x0F, 0xC3, 0x87, 0x00, 0x03, 0x80, 0x01, 0xC0, 0x00, 0xE0, 0x03, 0xE0, 0x01, 0xE0, 0x0C, 0xC0,
    0x1B, 0x00, 0x38, 0x00, 0x00, 0x03, 0x80, 0x1F, 0x00, 0x7C, 0x01, 0xB0, 0x0E, 0xE0, 0x3B, 0x80,
    0xCE, 0x07, 0x1C, 0x1C, 0x70, 0x61, 0xC3, 0xFF, 0x8F, 0xFE, 0x30, 0x39, 0xC0, 0x77, 0x01, 0xD8,
    0x07, 0x33, 0x03, 0xE0, 0x38, 0x00, 0x01, 0xF0, 0xFF, 0x1C, 0xF7, 0x0E, 0x01, 0xC3, 0xF9, 0xFF,
    0x78, 0xEE, 0x1D, 0xC7, 0xBF, 0xF9, 0xE3, 0xE3, 0xBB, 0x8F, 0x83, 0x80, 0x03, 0xF9, 0xFC, 0x38,
    0x1C, 0x0E, 0x07, 0x03, 0x81, 0xC0, 0xE0, 0x70, 0x38, 0x1C, 0x0E, 0x1F, 0xCF, 0xE0, 0x63, 0x9F,
    0x87, 0x80, 0x01, 0xC0, 0xE0, 0x70, 0x38, 0x1C, 0x0E, 0x07, 0x03, 0x81, 0xC0, 0xE0, 0x70, 0x38,
    0x18, 0x30, 0x73, 0x80, 0xFC, 0x01, 0xF0, 0x00, 0x00, 0x00, 0x00, 0xFC, 0x0F, 0xFC, 0x7F, 0xF9,
    0xE1, 0xEF, 0x03, 0xF8, 0x07, 0xE0, 0x1F, 0x80, 0x7E, 0x01, 0xF8, 0x07, 0xF0, 0x3D, 0xE1, 0xE7,
    0xFF, 0x8F, 0xFC, 0x0F, 0xC0, 0x31, 0xC3, 0xF0, 0x7C, 0x00, 0x01, 0xF0, 0x7F, 0x1C, 0x77, 0x07,
    0xE0, 0xFC, 0x1F, 0x83, 0xF0, 0x7E, 0x0E, 0xE3, 0x8F, 0xE0, 0xF8, 0x30, 0xC3, 0x9C, 0x1F, 0x80,
    0xF0, 0x00, 0x00, 0x00, 0xE0, 0x7E, 0x07, 0xE0, 0x7E, 0x07, 0xE0, 0x7E, 0x07, 0xE0, 0x7E, 0x07,
    0xE0, 0x7E, 0x07, 0xE0, 0x7F, 0x0F, 0x7F, 0xE3, 0xFC, 0x1F, 0x80, 0x71, 0x8F, 0xC1, 0xE0, 0x00,
    0xE1, 0xF8, 0x7E, 0x1F, 0x87, 0xE1, 0xF8, 0x7E, 0x1F, 0x87, 0xE1, 0xFC, 0xF7, 0xFC, 0xF3, 0x1F,
    0xC1, 0xFC, 0x00, 0x01, 0xDC, 0x1D, 0xC0, 0x00, 0x00, 0x0E, 0x07, 0xE0, 0x7E, 0x07, 0xE0, 0x7E,
    0x07, 0xE0, 0x7E, 0x07, 0xE0, 0x7E, 0x07, 0xE0, 0x7E, 0x07, 0xF0, 0xF7, 0xFE, 0x3F, 0xC1, 0xF8,
    0x3F, 0x8F, 0xE0, 0x00, 0xEE, 0x3B, 0x80, 0x0E, 0x1F, 0x87, 0xE1, 0xF8, 0x7E, 0x1F, 0x87, 0xE1,
    0xF8, 0x7E, 0x1F, 0xCF, 0x7E, 0xCF, 0x30, 0x01, 0xC0, 0x38, 0x07, 0x00, 0x00, 0x1D, 0xC1, 0xDC,
    0x00, 0x00, 0x00, 0xE0, 0x7E, 0x07, 0xE0, 0x7E, 0x07, 0xE0, 0x7E, 0x07, 0xE0, 0x7E, 0x07, 0xE0,
    0x7E, 0x07, 0xE0, 0x7F, 0x0F, 0x7F, 0xE3, 0xFC, 0x1F, 0x80, 0x03, 0x81, 0xC0, 0xE0, 0x00, 0x3B,
    0x8E, 0xE0, 0x03, 0x87, 0xE1, 0xF8, 0x7E, 0x1F, 0x87, 0xE1, 0xF8, 0x7E, 0x1F, 0x87, 0xF3, 0xDF,
    0xB3, 0xCC, 0x18, 0xC0, 0xD8, 0x07, 0x00, 0x00, 0x1D, 0xC1, 0xDC, 0x00, 0x00, 0x00, 0xE0, 0x7E,
    0x07, 0xE0, 0x7E, 0x07, 0xE0, 0x7E, 0x07, 0xE0, 0x7E, 0x07, 0xE0, 0x7E, 0x07, 0xE0, 0x7F, 0x0F,
    0x7F, 0xE3, 0xFC, 0x1F, 0x80, 0x31, 0x86, 0xC0, 0xE0, 0x00, 0x3B, 0x8E, 0xE0, 0x03, 0x87, 0xE1,
    0xF8, 0x7E, 0x1F, 0x87, 0xE1, 0xF8, 0x7E, 0x1F, 0x87, 0xF3, 0xDF, 0xB3, 0xCC, 0x1C, 0x00, 0xE0,
    0x06, 0x00, 0x00, 0x1D, 0xC1, 0xDC, 0x00, 0x00, 0x00, 0xE0, 0x7E, 0x07, 0xE0, 0x7E, 0x07, 0xE0,
    0x7E, 0x07, 0xE0, 0x7E, 0x07, 0xE0, 0x7E, 0x07, 0xE0, 0x7F, 0x0F, 0x7F, 0xE3, 0xFC, 0x1F, 0x80,
    0x38, 0x07, 0x00, 0xC0, 0x00, 0x3B, 0x8E, 0xE0, 0x03, 0x87, 0xE1, 0xF8, 0x7E, 0x1F, 0x87, 0xE1,
    0xF8, 0x7E, 0x1F, 0x87, 0xF3, 0xDF, 0xB3, 0xCC, 0x7E, 0x1F, 0xC4, 0x38, 0x07, 0x01, 0xFF, 0xFF,
    0xFF, 0x87, 0xE1, 0xDC, 0xE7, 0xF8, 0xF8, 0x0F, 0xE0, 0x1F, 0xC0, 0x00, 0x00, 0x77, 0x00, 0xEE,
    0x00, 0x00, 0x00, 0x00, 0x03, 0xE0, 0x07, 0xC0, 0x0D, 0x80, 0x3B, 0x80, 0x77, 0x00, 0xEE, 0x03,
    0xCE, 0x07, 0x1C, 0x0E, 0x38, 0x3F, 0xF8, 0x7F, 0xF1, 0xFF, 0xE3, 0xC1, 0xE7, 0x01, 0xDE, 0x03,
    0xC0, 0x3F, 0x8F, 0xE0, 0x00, 0xEE, 0x3B, 0x80, 0x03, 0xF1, 0xFE, 0x23, 0xC0, 0x70, 0x1C, 0xFF,
    0x7F, 0xFC, 0x7E, 0x1F, 0x8F, 0xFF, 0xCF, 0x30, 0x0F, 0xE0, 0x1F, 0xC0, 0x00, 0x00, 0x1C, 0x00,
    0x38, 0x00, 0x00, 0x00, 0x00, 0x03, 0xE0, 0x07, 0xC0, 0x0D, 0x80, 0x3B, 0x80, 0x77, 0x00, 0xEE,
    0x03, 0x8E, 0x07, 0x1C, 0x1E, 0x3C, 0x3F, 0xF8, 0x7F, 0xF1, 0xFF, 0xF3, 0xC1, 0xE7, 0x01, 0xDE,
    0x03, 0xC0, 0x3F, 0x8F, 0xE0, 0x00, 0x00, 0x0E, 0x03, 0x80, 0xE0, 0xFC, 0x7F, 0x88, 0xF0, 0x1C,
    0x07, 0x3F, 0xDF, 0xFF, 0x1F, 0x87, 0xE3, 0xFF, 0xF3, 0xCC, 0x01, 0xFC, 0x00, 0x3F, 0x80, 0x00,
    0x00, 0x00, 0x00, 0x00, 0x3F, 0xFE, 0x07, 0xFF, 0xC1, 0xCE, 0x00, 0x39, 0xC0, 0x07, 0x38, 0x01,
    0xC7, 0x00, 0x38, 0xFF, 0x0E, 0x1F, 0xE1, 0xC3, 0x80, 0x7F, 0xF0, 0x0F, 0xFE, 0x03, 0x81, 0xC0,
    0x70, 0x38, 0x0E, 0x07, 0xFF, 0x80, 0xFF, 0x80, 0x07, 0xF0, 0x03, 0xF8, 0x00, 0x00, 0x07, 0xE7,
    0xC7, 0xFF, 0xF1, 0x0F, 0x38, 0x07, 0x0E, 0x03, 0x87, 0x3F, 0xFF, 0xBF, 0xFF, 0xFC, 0x70, 0x1C,
    0x38, 0x0E, 0x3E, 0x13, 0xFB, 0xF8, 0xF8, 0xFC, 0x0F, 0xC0, 0x7F, 0x83, 0x8F, 0x1C, 0x1C, 0x70,
    0x3B, 0x80, 0x0E, 0x00, 0x38, 0x00, 0xE1, 0xFB, 0x87, 0xEE, 0x1F, 0xDC, 0x7F, 0x70, 0x70, 0xE1,
    0xC3, 0xFE, 0x03, 0xE0, 0x1E, 0xE7, 0xFE, 0x71, 0xEE, 0x0E, 0xE7, 0xFE, 0x7F, 0xE0, 0xEE, 0x0E,
    0x71, 0xE7, 0xFE, 0x1E, 0xE0, 0x0E, 0x71, 0xE7, 0xFC, 0x1F, 0x00, 0x0C, 0xC0, 0x6C, 0x01, 0xE0,
    0x06, 0x00, 0x00, 0x07, 0xE0, 0x7F, 0x87, 0x0E, 0x70, 0x73, 0x81, 0xF8, 0x01, 0xC0, 0x0E, 0x00,
    0x70, 0xFF, 0x87, 0xFC, 0x07, 0x70, 0x3B, 0x83, 0xCE, 0x1E, 0x7F, 0xB0, 0xF9, 0x80, 0x19, 0x83,
    0x60, 0x38, 0x07, 0x00, 0x00, 0x3D, 0xDF, 0xFB, 0x8F, 0xE0, 0xFC, 0x1F, 0x83, 0xF0, 0x7E, 0x0E,
    0xE3, 0xDF, 0xF8, 0xF7, 0x00, 0xEE, 0x3D, 0xFF, 0x0F, 0x80, 0x19, 0x81, 0xF0, 0x0E, 0x00, 0x00,
    0xE0, 0xFE, 0x0E, 0xE1, 0xCE, 0x38, 0xE7, 0x0E, 0xF0, 0xEE, 0x0F, 0xE0, 0xFE, 0x0F, 0x70, 0xF3,
    0x8E, 0x38, 0xE1, 0xCE, 0x0E, 0xE0, 0xEE, 0x07, 0xC6, 0x03, 0x60, 0x1B, 0x00, 0x70, 0x03, 0x80,
    0x1C, 0x00, 0xE0, 0x07, 0x00, 0x38, 0x71, 0xC7, 0x8E, 0x78, 0x73, 0x83, 0xB8, 0x1F, 0xC0, 0xFE,
    0x07, 0xB8, 0x38, 0xE1, 0xC7, 0x0E, 0x1C, 0x70, 0x70, 0x0F, 0xC0, 0xFF, 0xC7, 0xFF, 0x9E, 0x1E,
    0xF0, 0x3F, 0x80, 0x7E, 0x01, 0xF8, 0x07, 0xE0, 0x1F, 0x80, 0x7F, 0x03, 0xDE, 0x1E, 0x7F, 0xF8,
    0xFF, 0xC0, 0xFC, 0x00, 0xC0, 0x06, 0x00, 0x18, 0x00, 0x78, 0x00, 0xE0, 0x1F, 0x07, 0xF1, 0xC7,
    0x70, 0x7E, 0x0F, 0xC1, 0xF8, 0x3F, 0x07, 0xE0, 0xEE, 0x38, 0xFE, 0x0F, 0x80, 0xC0, 0x30, 0x06,
    0x00, 0xF0, 0x0E, 0x00, 0x0F, 0xE0, 0x3F, 0x80, 0x00, 0x00, 0x00, 0x0F, 0xC0, 0xFF, 0xC7, 0xFF,
    0x9E, 0x1E, 0xF0, 0x3F, 0x80, 0x7E, 0x01, 0xF8, 0x07, 0xE0, 0x1F, 0x80, 0x7F, 0x03, 0xDE, 0x1E,
    0x7F, 0xF8, 0xFF, 0xC0, 0xFC, 0x00, 0xC0, 0x06, 0x00, 0x18, 0x00, 0x78, 0x00, 0xE0, 0x3F, 0x87,
    0xF0, 0x00, 0x0F, 0x83, 0xF8, 0xE3, 0xB8, 0x3F, 0x07, 0xE0, 0xFC, 0x1F, 0x83, 0xF0, 0x77, 0x1C,
    0x7F, 0x07, 0xC0, 0x30, 0x0C, 0x01, 0x80, 0x3C, 0x03, 0x80, 0x30, 0xE7, 0x38, 0x7E, 0x07, 0x80,
    0x00, 0x00, 0x1F, 0xFB, 0xFF, 0x03, 0xC0, 0xF0, 0x3C, 0x0F, 0x01, 0xF8, 0x3F, 0x81, 0xF8, 0x07,
    0x00, 0xE0, 0x1F, 0x07, 0x7F, 0xE7, 0xF0, 0x31, 0xC3, 0xF0, 0x3C, 0x00, 0x07, 0xFE, 0xFF, 0xC0,
    0xF0, 0x3C, 0x07, 0x01, 0xC0, 0x78, 0x0F, 0xC1, 0xFC, 0x03, 0xC0, 0x38, 0x07, 0x00, 0xE0, 0x1F,
    0x07, 0x7F, 0xE7, 0xF0, 0x63, 0x9F, 0x87, 0x80, 0x01, 0xC0, 0xE0, 0x70, 0x38, 0x1C, 0x0E, 0x07,
    0x03, 0x81, 0xC0, 0xE0, 0x70, 0x38, 0x1C, 0x0E, 0x07, 0x1F, 0x0F, 0x00, 0xFF, 0x03, 0xFF, 0xFF,
    0xE1, 0xFF, 0xF8, 0x78, 0x01, 0xDC, 0x1C, 0x01, 0xEE, 0x07, 0x00, 0xE7, 0x03, 0x80, 0xF3, 0x81,
    0xC0, 0xF1, 0xC0, 0xE0, 0x70, 0xE0, 0x70, 0x78, 0x70, 0x38, 0x78, 0x38, 0x3C, 0x38, 0x1C, 0x1C,
    0x3C, 0x0E, 0x1C, 0x1C, 0x07, 0xFC, 0x1F, 0xFF, 0xFC, 0x0F, 0xFE, 0xFF, 0x00, 0x01, 0xFF, 0x80,
    0x03, 0x87, 0x80, 0x07, 0x07, 0x1F, 0xFE, 0x07, 0x3F, 0xFC, 0x0E, 0x03, 0xB8, 0x1C, 0x0F, 0x70,
    0x38, 0x1C, 0xE0, 0x70, 0x79, 0xC0, 0xE1, 0xE3, 0x83, 0xC3, 0x87, 0x07, 0x0F, 0x0E, 0x1C, 0x1C,
    0x1F, 0xF0, 0x7F, 0xFF, 0xC0, 0xFF, 0x80, 0x00, 0xE0, 0x00, 0x03, 0x80, 0x00, 0x0E, 0x00, 0x00,
    0x38, 0x00, 0x1E, 0xE7, 0xFD, 0xFF, 0x9F, 0xF7, 0x1E, 0x03, 0xF8, 0x38, 0x1E, 0xE0, 0xE0, 0x73,
    0x83, 0x83, 0xCE, 0x0E, 0x1E, 0x38, 0x38, 0x70, 0xE0, 0xE3, 0xC1, 0xC7, 0x8E, 0x07, 0xFE, 0x7F,
    0xC7, 0xB9, 0xFF, 0x01, 0xE0, 0x3C, 0x03, 0x80, 0x70, 0x00, 0x00, 0x00, 0x0F, 0xE1, 0xFF, 0x38,
    0x27, 0x00, 0xF0, 0x0E, 0x00, 0xE3, 0xFE, 0x3F, 0xE0, 0x7E, 0x07, 0xE0, 0x77, 0x07, 0x78, 0x73,
    0xFF, 0x0F, 0xE0, 0x03, 0xC0, 0xE0, 0x38, 0x00, 0x01, 0xEE, 0xFF, 0xDC, 0x7F, 0x07, 0xE0, 0xFC,
    0x1F, 0x83, 0xF0, 0x7E, 0x0E, 0xE3, 0xDF, 0xF9, 0xF7, 0x00, 0xE0, 0x1D, 0x07, 0x3F, 0xE7, 0xF0,
    0xE0, 0xE0, 0x38, 0x38, 0x0E, 0x0E, 0x03, 0x83, 0x87, 0xE0, 0xE1, 0xF8, 0x38, 0x7F, 0xFE, 0x1F,
    0xFF, 0x87, 0xE0, 0xE1, 0xF8, 0x38, 0x7E, 0x0E, 0x1F, 0x83, 0x87, 0xE0, 0xF3, 0xB8, 0x1F, 0xEE,
    0x03, 0xF0, 0xCF, 0x9F, 0xFB, 0xC7, 0x78, 0x7E, 0x0F, 0xC1, 0xF8, 0x3F, 0x0F, 0xE1, 0xDC, 0x7B,
    0x9E, 0x77, 0xCF, 0xE1, 0xF8, 0x3C, 0x07, 0x00, 0xE0, 0x1C, 0x03, 0x80, 0x70, 0x00, 0x0E, 0x00,
    0x38, 0x00, 0xC0, 0x03, 0x00, 0x00, 0x78, 0x1F, 0xE0, 0xFF, 0x07, 0xFC, 0x3F, 0xF1, 0xFB, 0x8F,
    0xDE, 0x7E, 0x73, 0xF1, 0xDF, 0x8E, 0xFC, 0x3F, 0xE1, 0xFF, 0x07, 0xF8, 0x3F, 0xC0, 0xF0, 0x3C,
    0x07, 0x00, 0x60, 0x00, 0xCF, 0x3F, 0xEF, 0x3F, 0x87, 0xE1, 0xF8, 0x7E, 0x1F, 0x87, 0xE1, 0xF8,
    0x7E, 0x1F, 0x87, 0x01, 0xE0, 0x03, 0x00, 0x00, 0x00, 0x1C, 0x00, 0x7C, 0x00, 0xD8, 0x01, 0xB0,
    0x03, 0xE0, 0x07, 0xC0, 0x1D, 0xC0, 0x3B, 0x80, 0x77, 0x01, 0xEF, 0x03, 0x8E, 0x07, 0x1C, 0x1F,
    0xFC, 0x3F, 0xF8, 0x7F, 0xF1, 0xE0, 0xF3, 0x80, 0xE7, 0x01, 0xC0, 0x07, 0x83, 0x80, 0x00, 0x38,
    0x1F, 0x06, 0xC1, 0xF0, 0x38, 0x00, 0x0F, 0xC7, 0xF8, 0x8F, 0x01, 0xC0, 0x73, 0xFD, 0xFF, 0xF1,
    0xF8, 0x7E, 0x3F, 0xFF, 0x3C, 0xC0, 0x00, 0x1C, 0x00, 0x07, 0x00, 0x01, 0xC0, 0x00, 0x30, 0x00,
    0x00, 0x00, 0x03, 0xFF, 0xC0, 0xFF, 0xF8, 0x1D, 0xC0, 0x07, 0x38, 0x00, 0xE7, 0x00, 0x38, 0xE0,
    0x07, 0x1F, 0xF0, 0xE3, 0xFE, 0x38, 0x70, 0x07, 0xFE, 0x01, 0xFF, 0xC0, 0x38, 0x38, 0x0E, 0x07,
    0x01, 0xC0, 0xFF, 0xF8, 0x1F, 0xF0, 0x00, 0x70, 0x00, 0x70, 0x00, 0x70, 0x00, 0x00, 0x03, 0xF3,
    0xE3, 0xFF, 0xF8, 0x87, 0x9C, 0x03, 0x87, 0x01, 0xC3, 0x9F, 0xFF, 0xDF, 0xFF, 0xFE, 0x38, 0x0E,
    0x1C, 0x07, 0x1F, 0x09, 0xFD, 0xFC, 0x7C, 0x7E, 0x00, 0xF0, 0x07, 0x80, 0x38, 0x01, 0xC0, 0x00,
    0x00, 0x00, 0x40, 0xFD, 0x8F, 0xFE, 0x7F, 0xF9, 0xE1, 0xEF, 0x0F, 0xF8, 0x77, 0xE1, 0x9F, 0x8C,
    0x7E, 0x71, 0xFB, 0x87, 0xFC, 0x3D, 0xE1, 0xE7, 0xFF, 0x8F, 0xFC, 0x6F, 0xC0, 0x80, 0x00, 0x07,
    0x81, 0xE0, 0x70, 0x00, 0x01, 0xFC, 0x7F, 0x9C, 0xF7, 0x1F, 0xE7, 0xFC, 0xDF, 0xBB, 0xFE, 0x7F,
    0x8E, 0xF3, 0x9F, 0xE3, 0xF8, 0x00, 0x00, 0x3B, 0x80, 0x67, 0x00, 0xCC, 0x00, 0x00, 0x00, 0x00,
    0x1E, 0x00, 0x7C, 0x03, 0xF0, 0x0F, 0xC0, 0x3B, 0x81, 0xCE, 0x07, 0x38, 0x1C, 0x70, 0xE1, 0xC3,
    0xFF, 0x0F, 0xFE, 0x7F, 0xF9, 0xC0, 0xF7, 0x03, 0xFC, 0x07, 0xEE, 0x1D, 0xC3, 0x30, 0x00, 0x3F,
    0x1F, 0xE2, 0x3C, 0x07, 0x01, 0xCF, 0xF7, 0xFF, 0xC7, 0xE1, 0xF8, 0xFF, 0xFC, 0xF3, 0x07, 0x80,
    0x3F, 0x01, 0x86, 0x06, 0x18, 0x00, 0x00, 0x1E, 0x00, 0x7C, 0x03, 0xF0, 0x0F, 0xC0, 0x3B, 0x81,
    0xCE, 0x07, 0x38, 0x3C, 0xF0, 0xE1, 0xC3, 0xFF, 0x1F, 0xFE, 0x7F, 0xF9, 0xC0, 0xEF, 0x03, 0xFC,
    0x07, 0x1F, 0x0F, 0xE6, 0x18, 0x00, 0x3F, 0x1F, 0xE2, 0x3C, 0x07, 0x01, 0xCF, 0xF7, 0xFF, 0xC7,
    0xE1, 0xF8, 0xFF, 0xFC, 0xF3, 0xEE, 0x1D, 0xC3, 0x30, 0x00, 0x00, 0x1F, 0xF7, 0xFD, 0xC0, 0x70,
    0x1C, 0x07, 0x01, 0xFE, 0x7F, 0x9C, 0x07, 0x01, 0xC0, 0x70, 0x1C, 0x07, 0xFD, 0xFF, 0xEE, 0x0C,
    0xE0, 0xCE, 0x00, 0x01, 0xF0, 0x7F, 0x9C, 0x77, 0x07, 0xE0, 0xFF, 0xFF, 0xFF, 0xF0, 0x0E, 0x00,
    0xE0, 0x8F, 0xF0, 0xFE, 0x3C, 0x3F, 0x18, 0xD8, 0x60, 0x07, 0xFF, 0xFF, 0xC0, 0xE0, 0x70, 0x38,
    0x1F, 0xEF, 0xF7, 0x03, 0x81, 0xC0, 0xE0, 0x70, 0x3F, 0xFF, 0xF0, 0x1F, 0x07, 0xF1, 0x83, 0x00,
    0x01, 0xF0, 0x7F, 0x9C, 0x77, 0x07, 0xE0, 0xFF, 0xFF, 0xFF, 0xF0, 0x0E, 0x00, 0xE0, 0x8F, 0xF0,
    0xFE, 0xEE, 0x3B, 0x8E, 0xE0, 0x00, 0x01, 0xFC, 0xFE, 0x1C, 0x0E, 0x07, 0x03, 0x81, 0xC0, 0xE0,
    0x70, 0x38, 0x1C, 0x0E, 0x07, 0x0F, 0xE7, 0xF0, 0xEE, 0x3B, 0x8E, 0xC0, 0x00, 0xE0, 0x70, 0x38,
    0x1C, 0x0E, 0x07, 0x03, 0x81, 0xC0, 0xE0, 0x70, 0x38, 0x1C, 0x3E, 0x3F, 0x98, 0xD8, 0x20, 0x03,
    0xF9, 0xFC, 0x38, 0x1C, 0x0E, 0x07, 0x03, 0x81, 0xC0, 0xE0, 0x70, 0x38, 0x1C, 0x0E, 0x1F, 0xCF,
    0xE0, 0x7C, 0xFE, 0xC2, 0x00, 0x38, 0x38, 0x38, 0x38, 0x38, 0x38, 0x38, 0x38, 0x38, 0x38, 0x38,
    0x38, 0x3B, 0x80, 0x67, 0x00, 0xCC, 0x00, 0x00, 0x00, 0x00, 0x3F, 0x03, 0xFF, 0x1F, 0xFE, 0x78,
    0x7B, 0xC0, 0xFE, 0x01, 0xF8, 0x07, 0xE0, 0x1F, 0x80, 0x7E, 0x01, 0xFC, 0x0F, 0x78, 0x79, 0xFF,
    0xE3, 0xFF, 0x03, 0xF0, 0xEE, 0x0E, 0xE0, 0xCE, 0x00, 0x01, 0xF0, 0x7F, 0x1C, 0x77, 0x07, 0xE0,
    0xFC, 0x1F, 0x83, 0xF0, 0x7E, 0x0E, 0xE3, 0x8F, 0xE0, 0xF8, 0x07, 0x80, 0x3F, 0x81, 0x86, 0x06,
    0x18, 0x00, 0x00, 0x3F, 0x03, 0xFF, 0x1F, 0xFE, 0x78, 0x7B, 0xC0, 0xFE, 0x01, 0xF8, 0x07, 0xE0,
    0x1F, 0x80, 0x7E, 0x01, 0xFC, 0x0F, 0x78, 0x79, 0xFF, 0xE3, 0xFF, 0x03, 0xF0, 0x1F, 0x07, 0xF0,
    0x82, 0x00, 0x01, 0xF0, 0x7F, 0x1C, 0x77, 0x07, 0xE0, 0xFC, 0x1F, 0x83, 0xF0, 0x7E, 0x0E, 0xE3,
    0x8F, 0xE0, 0xF8, 0xEE, 0x06, 0x60, 0x33, 0x00, 0x00, 0x00, 0x0F, 0xF0, 0xFF, 0x8E, 0x3C, 0xE1,
    0xCE, 0x1C, 0xE1, 0xCE, 0x38, 0xFF, 0x8F, 0xF0, 0xE7, 0x0E, 0x38, 0xE3, 0x8E, 0x1C, 0xE1, 0xEE,
    0x0E, 0xEE, 0x3B, 0x8C, 0xC0, 0x03, 0x39, 0xFC, 0xFE, 0x78, 0x38, 0x1C, 0x0E, 0x07, 0x03, 0x81,
    0xC0, 0xE0, 0x70, 0x1E, 0x03, 0xF0, 0x61, 0x86, 0x18, 0x00, 0x0F, 0xF0, 0xFF, 0x8E, 0x3C, 0xE1,
    0xCE, 0x1C, 0xE1, 0xCE, 0x38, 0xFF, 0x8F, 0xF0, 0xE7, 0x0E, 0x38, 0xE3, 0x8E, 0x1C, 0xE1, 0xEE,
    0x0E, 0x7C, 0xFE, 0xC2, 0x00, 0xCE, 0xFE, 0xFE, 0xF0, 0xE0, 0xE0, 0xE0, 0xE0, 0xE0, 0xE0, 0xE0,
    0xE0, 0x77, 0x03, 0x30, 0x19, 0x80, 0x00, 0x00, 0x0E, 0x07, 0xE0, 0x7E, 0x07, 0xE0, 0x7E, 0x07,
    0xE0, 0x7E, 0x07, 0xE0, 0x7E, 0x07, 0xE0, 0x7E, 0x07, 0xF0, 0xF7, 0xFE, 0x3F, 0xC1, 0xF8, 0xEE,
    0x19, 0x83, 0x30, 0x00, 0xE1, 0xF8, 0x7E, 0x1F, 0x87, 0xE1, 0xF8, 0x7E, 0x1F, 0x87, 0xE1, 0xFC,
    0xF7, 0xFC, 0xF3, 0x0F, 0x01, 0xF8, 0x30, 0xC3, 0x0C, 0x00, 0x0E, 0x07, 0xE0, 0x7E, 0x07, 0xE0,
    0x7E, 0x07, 0xE0, 0x7E, 0x07, 0xE0, 0x7E, 0x07, 0xE0, 0x7E, 0x07, 0xF0, 0xF7, 0xFE, 0x3F, 0xC1,
    0xF8, 0x1E, 0x0F, 0xC6, 0x18, 0x00, 0xE1, 0xF8, 0x7E, 0x1F, 0x87, 0xE1, 0xF8, 0x7E, 0x1F, 0x87,
    0xE1, 0xFC, 0xF7, 0xFC, 0xF3, 0x1F, 0x07, 0xFC, 0xF1, 0xEE, 0x0E, 0xE0, 0x7F, 0x00, 0xFE, 0x07,
    0xFC, 0x1F, 0xE0, 0x3F, 0x00, 0xFE, 0x07, 0xE0, 0x77, 0x0E, 0x3F, 0xE1, 0xF8, 0x00, 0x00, 0xE0,
    0x0E, 0x00, 0x60, 0x0C, 0x00, 0x3E, 0x1F, 0xEE, 0x3B, 0x87, 0xF0, 0x1F, 0x83, 0xF8, 0x0F, 0xE1,
    0xF8, 0x77, 0xF8, 0xFC, 0x00, 0x07, 0x01, 0xC0, 0x30, 0x18, 0x00, 0xFF, 0xFF, 0xFF, 0x0E, 0x00,
    0xE0, 0x0E, 0x00, 0xE0, 0x0E, 0x00, 0xE0, 0x0E, 0x00, 0xE0, 0x0E, 0x00, 0xE0, 0x0E, 0x00, 0xE0,
    0x0E, 0x00, 0xE0, 0x00, 0x00, 0xE0, 0x0E, 0x00, 0x60, 0x0C, 0x00, 0x38, 0x38, 0x38, 0xFF, 0xFF,
    0x38, 0x38, 0x38, 0x38, 0x38, 0x38, 0x38, 0x38, 0x3F, 0x1F, 0x00, 0x1C, 0x1C, 0x0C, 0x18, 0x3F,
    0x9F, 0xF9, 0x87, 0x80, 0x70, 0x0E, 0x03, 0x87, 0xE0, 0xFE, 0x19, 0xC0, 0x1C, 0x03, 0x80, 0x70,
    0x0E, 0x03, 0x81, 0xF0, 0xFC, 0xFE, 0x1F, 0x03, 0x00, 0x00, 0x7E, 0x3F, 0x90, 0xE0, 0x70, 0x38,
    0x78, 0xF8, 0x7E, 0x03, 0x81, 0xC0, 0xE0, 0xF0, 0xF1, 0xFB, 0xF1, 0xE0, 0x00, 0x00, 0x38, 0xC1,
    0xF8, 0x0F, 0x80, 0xF0, 0x00, 0x0E, 0x07, 0xE0, 0x7E, 0x07, 0xE0, 0x7E, 0x07, 0xE0, 0x7F, 0xFF,
    0xFF, 0xFE, 0x07, 0xE0, 0x7E, 0x07, 0xE0, 0x7E, 0x07, 0xE0, 0x7E, 0x07, 0x63, 0x81, 0xB8, 0x0F,
    0x80, 0x38, 0x00, 0x00, 0x0E, 0x00, 0x70, 0x03, 0x80, 0x1C, 0x00, 0xEF, 0x07, 0xFC, 0x3C, 0xF1,
    0xC3, 0x8E, 0x1C, 0x70, 0xE3, 0x87, 0x1C, 0x38, 0xE1, 0xC7, 0x0E, 0x38, 0x71, 0xC3, 0x80, 0xE6,
    0x70, 0x6E, 0xC0, 0x79, 0xEC, 0xC0, 0x72, 0xFF, 0x30, 0xFF, 0xF0, 0xFF, 0xFF, 0xC0, 0xCF, 0xF7,
    0x80, 0xFC, 0xEF, 0xDC, 0xF7, 0xCE, 0x76, 0x30, 0x6F, 0x9F, 0x60, 0x6F, 0xDB, 0x70, 0xCD, 0xE7,
    0x80, 0xFF, 0xCF, 0x3C, 0xF3, 0xEE, 0x3B, 0x8E, 0xE0, 0x1C, 0xDD, 0x63, 0x7E, 0x3C, 0x3C, 0x7E,
    0xC3, 0xC3, 0x6F, 0x7E, 0x77, 0x6E, 0xC0, 0xEE, 0x67, 0x30, 0x77, 0x6E, 0xC0, 0xE3, 0xC3, 0x86,
    0x3C, 0xE7, 0x38, 0x3F, 0x90, 0x9F, 0xC0, 0xFF, 0xC2, 0x10, 0x84, 0x39, 0xDD, 0xEC, 0x00, 0x7F,
    0x76, 0x22, 0xFF, 0xFF, 0x22, 0x2F, 0xF2, 0xFF, 0x39, 0xCE, 0x73, 0xFF, 0xC0, 0xE7, 0x39, 0xCE,
    0x7D, 0xE0, 0xFF, 0x80, 0xEF, 0xDF, 0xB8, 0x77, 0xF7, 0xF7, 0x00, 0xFD, 0xE0, 0x30, 0xE0, 0xDF,
    0x38, 0x6C, 0xCF, 0x70, 0xFF, 0xFF, 0xFE, 0x0C, 0x18, 0x20, 0x93, 0x25, 0xB0, 0xC1, 0xF3, 0x9F,
    0x87, 0x80, 0x3C, 0x3C, 0x7E, 0xE7, 0xC3, 0xC3, 0x7E, 0x3C, 0x3C, 0x7E, 0xC3, 0xC3, 0x73, 0xFF,
    0xCE, 0xFF, 0xFC, 0xFF, 0xFF, 0xF0, 0xFF, 0xFF, 0xC0, 0x1F, 0xFF, 0xF8, 0x71, 0xFF, 0xCE, 0xFF,
    0xFC, 0xFF, 0xFF, 0xFF, 0xFC, 0x04, 0x77, 0xB8, 0x00, 0x00, 0xC0, 0x60, 0x18, 0x0C, 0x06, 0x01,
    0x80, 0xC0, 0x60, 0x18, 0x0C, 0x06, 0x01, 0x80, 0xC0, 0x00, 0xDD, 0xFC, 0x83, 0x07, 0xFF, 0xF0,
    0xFF, 0x81, 0x81, 0xFF, 0x6E, 0x91, 0x91, 0x0F, 0x6F, 0x00, 0x69, 0x60, 0xFF, 0xFF, 0xC0, 0x1F,
    0xFF, 0xF8, 0xF1, 0xE3, 0x83, 0x3C, 0xE7, 0x38, 0x71, 0xFF, 0xCE, 0x1D, 0xA0, 0xEF, 0xFD, 0xDF,
    0xB3, 0x80, 0xEE, 0xF7, 0xFF, 0xFF, 0xE0, 0x30, 0x18, 0x08, 0xFF, 0xFF, 0xC0, 0x1F, 0xFF, 0xF8,
    0xCF, 0x3C, 0xF3, 0xFF, 0x11, 0x10, 0x08, 0x7B, 0xFF, 0xDE, 0x10, 0x1C, 0x0E, 0x1E, 0x4F, 0xEC,
    0xF0, 0x00, 0x70, 0x38, 0x73, 0x7E, 0xCE, 0x73, 0x7E, 0xCE, 0x24, 0x7E, 0x7E, 0x24, 0x4B, 0xA4,
    0xE3, 0x8F, 0x00, 0x06, 0x15, 0x08, 0x41, 0x00, 0x00, 0x02, 0x02, 0x20, 0x00, 0xD0, 0x05, 0x80,
    0x02, 0x20, 0x20, 0x20, 0x80, 0x22, 0x08, 0x10, 0x30, 0x00, 0x78, 0xE3, 0x80, 0x87, 0x78, 0x7F,
    0x76, 0x3C, 0x7E, 0x63, 0xDF, 0x1C, 0xF6, 0xF0, 0x3E, 0xE3, 0x87, 0x78, 0x86, 0x76, 0x7E, 0x89,
    0xDD, 0xFC, 0xFF, 0x80, 0x6F, 0x6F, 0x6D, 0x26, 0x4C, 0x96, 0xC0, 0x4C, 0xF3, 0x20, 0xC0, 0x03,
    0xE0, 0x07, 0x78, 0x1E, 0x3F, 0xFC, 0x0F, 0xF0, 0xC0, 0x03, 0xE0, 0x07, 0x78, 0x1E, 0x3F, 0xFC,
    0x0F, 0xF0, 0xFF, 0xFF, 0xFF, 0xC0, 0xFF, 0xFF, 0xFF, 0xC0, 0x7F, 0x03, 0xFF, 0xFF, 0xC0, 0xFE,
    0x0F, 0xF0, 0x3F, 0xFC, 0x70, 0x0E, 0xC0, 0x03, 0x00, 0x04, 0x00, 0x03, 0x3F, 0xFF, 0xDF, 0xFF,
    0xE0, 0x00, 0x60, 0x00, 0x20, 0x07, 0xF9, 0xF0, 0x76, 0xBF, 0x07, 0x00, 0x51, 0x54, 0x74, 0x63,
    0x17, 0x00, 0x8C, 0x63, 0xF0, 0x78, 0x88, 0x70, 0x0B, 0xE3, 0x18, 0xBC, 0x87, 0xA3, 0x18, 0xC4,
    0xFF, 0x26, 0x4C, 0x99, 0x20, 0xF2, 0x48, 0x4E, 0x44, 0x47, 0x9C, 0xB4, 0xE6, 0x00, 0x68, 0xC3,
    0x92, 0x18, 0x03, 0x00, 0xC0, 0x00, 0xFF, 0xFF, 0xFE, 0x03, 0x80, 0xE0, 0x38, 0x0E, 0x03, 0xFF,
    0xFF, 0xF8, 0x0E, 0x03, 0x80, 0xE0, 0x38, 0x0F, 0xFF, 0xFF, 0x73, 0x9C, 0xE0, 0x03, 0xFF, 0xFF,
    0xF8, 0x0E, 0x03, 0x80, 0xE0, 0x38, 0x0F, 0xFF, 0xFF, 0xE0, 0x38, 0x0E, 0x03, 0x80, 0xE0, 0x3F,
    0xFF, 0xFC, 0xFF, 0xE0, 0xFF, 0xE0, 0x0E, 0x00, 0x0E, 0x00, 0x0E, 0x00, 0x0E, 0x00, 0x0E, 0x78,
    0x0F, 0xFE, 0x0F, 0x0E, 0x0E, 0x07, 0x0E, 0x07, 0x0E, 0x07, 0x0E, 0x07, 0x0E, 0x0E, 0x0E, 0x3C,
    0x0E, 0x38, 0x07, 0x00, 0xC0, 0x38, 0x00, 0x0F, 0xFF, 0xFF, 0xF8, 0x07, 0x00, 0xE0, 0x1C, 0x03,
    0x80, 0x70, 0x0E, 0x01, 0xC0, 0x38, 0x07, 0x00, 0xE0, 0x1C, 0x03, 0x80, 0x70, 0x00, 0x0F, 0xC0,
    0x7F, 0xC3, 0x87, 0x1C, 0x0E, 0x70, 0x1B, 0x80, 0x7E, 0x00, 0x3F, 0xC0, 0xFF, 0x03, 0x80, 0x0E,
    0x01, 0xDC, 0x06, 0x70, 0x38, 0xE1, 0xC1, 0xFF, 0x03, 0xF0, 0x1F, 0x07, 0xFC, 0xF1, 0xEE, 0x0E,
    0xE0, 0x7F, 0x00, 0xFE, 0x07, 0xFC, 0x1F, 0xE0, 0x3F, 0x00, 0xFE, 0x07, 0xE0, 0x77, 0x0E, 0x3F,
    0xE1, 0xF8, 0xFF, 0xFF, 0xFF, 0xFF, 0xFF, 0xFF, 0xEF, 0xDC, 0x01, 0xC3, 0x87, 0x0E, 0x1C, 0x38,
    0x70, 0xE1, 0xC3, 0x87, 0x0E, 0x1C, 0x38, 0x70, 0xE0, 0x01, 0xC0, 0x70, 0x1C, 0x07, 0x01, 0xC0,
    0x70, 0x1C, 0x07, 0x01, 0xC0, 0x70, 0x1F, 0x87, 0xE1, 0xDC, 0xE7, 0xF8, 0x78, 0x1F, 0xF8, 0x00,
    0xFF, 0xC0, 0x07, 0x0E, 0x00, 0x38, 0x70, 0x01, 0xC3, 0x80, 0x0E, 0x1C, 0x00, 0x70, 0xFF, 0x03,
    0x07, 0xFE, 0x18, 0x38, 0x70, 0xC1, 0xC1, 0xC6, 0x0E, 0x0E, 0x30, 0x70, 0x73, 0x83, 0x83, 0x9C,
    0x1C, 0x3B, 0xE0, 0xFF, 0xDE, 0x07, 0xF8, 0xE0, 0x70, 0x0E, 0x07, 0x00, 0xE0, 0x70, 0x0E, 0x07,
    0x00, 0xE0, 0x70, 0x0E, 0x07, 0x00, 0xFF, 0xFF, 0x8F, 0xFF, 0xFE, 0xE0, 0x70, 0xEE, 0x07, 0x07,
    0xE0, 0x70, 0x7E, 0x07, 0x07, 0xE0, 0x70, 0x7E, 0x07, 0x0E, 0xE0, 0x7F, 0xEE, 0x07, 0xF8, 0xFF,
    0xE0, 0xFF, 0xE0, 0x0E, 0x00, 0x0E, 0x00, 0x0E, 0x00, 0x0E, 0x00, 0x0E, 0x7C, 0x0F, 0xFE, 0x0F,
    0x0F, 0x0E, 0x07, 0x0E, 0x07, 0x0E, 0x07, 0x0E, 0x07, 0x0E, 0x07, 0x0E, 0x07, 0x0E, 0x07, 0x03,
    0x00, 0x70, 0x06, 0x00, 0x00, 0xE0, 0xFE, 0x0E, 0xE1, 0xCE, 0x38, 0xE7, 0x8E, 0x70, 0xEE, 0x0F,
    0xC0, 0xFC, 0x0E, 0xE0, 0xE7, 0x0E, 0x38, 0xE3, 0xCE, 0x1C, 0xE0, 0xEE, 0x07, 0x0C, 0x00, 0xC0,
    0x06, 0x00, 0x00, 0xE0, 0xFE, 0x0F, 0xE1, 0xFE, 0x1F, 0xE3, 0xFE, 0x37, 0xE3, 0x7E, 0x77, 0xE6,
    0x7E, 0xE7, 0xEC, 0x7F, 0xC7, 0xF8, 0x7F, 0x87, 0xF0, 0x7F, 0x07, 0x19, 0x81, 0xF8, 0x0F, 0x00,
    0x00, 0x60, 0x77, 0x0E, 0x70, 0xE3, 0x0E, 0x39, 0xC3, 0x9C, 0x19, 0xC1, 0xF8, 0x1F, 0x80, 0xF8,
    0x0F, 0x00, 0x70, 0x07, 0x00, 0x60, 0x3E, 0x03, 0xC0, 0xE0, 0xFC, 0x1F, 0x83, 0xF0, 0x7E, 0x0F,
    0xC1, 0xF8, 0x3F, 0x07, 0xE0, 0xFC, 0x1F, 0x83, 0xF0, 0x7E, 0x0F, 0xC1, 0xFF, 0xFF, 0xFF, 0x0E,
    0x01, 0xC0, 0x38, 0x00, 0x03, 0x80, 0x1F, 0x00, 0x7C, 0x01, 0xB0, 0x0E, 0xE0, 0x3B, 0x80, 0xCE,
    0x07, 0x1C, 0x1C, 0x70, 0x61, 0xC3, 0xFF, 0x8F, 0xFE, 0x30, 0x39, 0xC0, 0x77, 0x01, 0xD8, 0x07,
    0xFF, 0xDF, 0xFB, 0x80, 0x70, 0x0E, 0x01, 0xC0, 0x3F, 0xC7, 0xFE, 0xE1, 0xDC, 0x1F, 0x83, 0xF0,
    0x7E, 0x0F, 0xC3, 0xBF, 0xF7, 0xF8, 0xFF, 0x8F, 0xFC, 0xE1, 0xEE, 0x0E, 0xE0, 0xEE, 0x0E, 0xE1,
    0xCF, 0xF8, 0xFF, 0xCE, 0x0E, 0xE0, 0x7E, 0x07, 0xE0, 0x7E, 0x0F, 0xFF, 0xEF, 0xF8, 0xFF, 0xFF,
    0xFF, 0x80, 0x70, 0x0E, 0x01, 0xC0, 0x38, 0x07, 0x00, 0xE0, 0x1C, 0x03, 0x80, 0x70, 0x0E, 0x01,
    0xC0, 0x38, 0x07, 0x00, 0x0F, 0xFC, 0x0F, 0xFC, 0x0C, 0x1C, 0x0C, 0x1C, 0x1C, 0x1C, 0x1C, 0x1C,
    0x1C, 0x1C, 0x1C, 0x1C, 0x1C, 0x1C, 0x1C, 0x1C, 0x1C, 0x1C, 0x1C, 0x1C, 0x38, 0x1C, 0x38, 0x1C,
    0xFF, 0xFF, 0xFF, 0xFF, 0xE0, 0x07, 0xE0, 0x07, 0xE0, 0x07, 0xFF, 0xFF, 0xFE, 0x03, 0x80, 0xE0,
    0x38, 0x0E, 0x03, 0xFF, 0xFF, 0xF8, 0x0E, 0x03, 0x80, 0xE0, 0x38, 0x0F, 0xFF, 0xFF, 0x70, 0x70,
    0x71, 0xC3, 0x87, 0x0F, 0x1C, 0x78, 0x38, 0xE3, 0x80, 0xE7, 0x38, 0x07, 0xBB, 0xC0, 0x1D, 0xDC,
    0x00, 0x7F, 0xC0, 0x03, 0xFE, 0x00, 0x3B, 0xB8, 0x03, 0xDD, 0xE0, 0x3C, 0xE7, 0x81, 0xC7, 0x1C,
    0x1E, 0x38, 0xF1, 0xE1, 0xC3, 0xCE, 0x0E, 0x0E, 0x1F, 0x83, 0xFE, 0x70, 0xFE, 0x07, 0x00, 0x70,
    0x0E, 0x07, 0xC0, 0x7C, 0x00, 0xE0, 0x07, 0x00, 0x7E, 0x07, 0xE0, 0x77, 0x0E, 0x7F, 0xE1, 0xF8,
    0xE0, 0xFE, 0x0F, 0xE1, 0xFE, 0x1F, 0xE3, 0xFE, 0x37, 0xE3, 0x7E, 0x77, 0xE6, 0x7E, 0xE7, 0xEC,
    0x7F, 0xC7, 0xF8, 0x7F, 0x87, 0xF0, 0x7F, 0x07, 0x19, 0x81, 0xF8, 0x0F, 0x00, 0x00, 0xE0, 0x7E,
    0x0F, 0xE0, 0xFE, 0x1F, 0xE1, 0xFE, 0x37, 0xE3, 0x7E, 0x67, 0xE6, 0x7E, 0xC7, 0xEC, 0x7F, 0xC7,
    0xF8, 0x7F, 0x87, 0xF0, 0x7F, 0x07, 0xE0, 0xFE, 0x0E, 0xE1, 0xCE, 0x38, 0xE7, 0x8E, 0x70, 0xEE,
    0x0F, 0xC0, 0xFC, 0x0E, 0xE0, 0xE7, 0x0E, 0x38, 0xE3, 0xCE, 0x1C, 0xE0, 0xEE, 0x07, 0x0F, 0xFC,
    0x3F, 0xF0, 0xC1, 0xC3, 0x07, 0x0C, 0x1C, 0x70, 0x71, 0xC1, 0xC7, 0x07, 0x1C, 0x1C, 0x70, 0x71,
    0xC1, 0xC7, 0x07, 0x1C, 0x1C, 0x60, 0x7F, 0x81, 0xFC, 0x07, 0xF0, 0x0F, 0xF0, 0x0F, 0xF8, 0x1F,
    0xF8, 0x1F, 0xF8, 0x1F, 0xFC, 0x3F, 0xEC, 0x37, 0xEC, 0x37, 0xEE, 0x77, 0xE6, 0x67, 0xE6, 0x67,
    0xE7, 0xE7, 0xE3, 0xC7, 0xE3, 0xC7, 0xE3, 0xC7, 0xE1, 0x87, 0xE0, 0x7E, 0x07, 0xE0, 0x7E, 0x07,
    0xE0, 0x7E, 0x07, 0xE0, 0x7F, 0xFF, 0xFF, 0xFE, 0x07, 0xE0, 0x7E, 0x07, 0xE0, 0x7E, 0x07, 0xE0,
    0x7E, 0x07, 0x0F, 0xC0, 0x7F, 0x83, 0x87, 0x1C, 0x0E, 0x70, 0x3B, 0x80, 0x7E, 0x01, 0xF8, 0x07,
    0xE0, 0x1F, 0x80, 0x7E, 0x01, 0xFC, 0x0E, 0x70, 0x38, 0xE1, 0xC3, 0xFF, 0x03, 0xF0, 0xFF, 0xFF,
    0xFF, 0xE0, 0x7E, 0x07, 0xE0, 0x7E, 0x07, 0xE0, 0x7E, 0x07, 0xE0, 0x7E, 0x07, 0xE0, 0x7E, 0x07,
    0xE0, 0x7E, 0x07, 0xE0, 0x7E, 0x07, 0xFF, 0x1F, 0xFB, 0x87, 0x70, 0x7E, 0x0F, 0xC1, 0xF8, 0x3F,
    0x0E, 0xFF, 0xDF, 0xE3, 0x80, 0x70, 0x0E, 0x01, 0xC0, 0x38, 0x07, 0x00, 0x0F, 0xC0, 0x7F, 0xC3,
    0x87, 0x1C, 0x0E, 0x70, 0x3B, 0x80, 0x0E, 0x00, 0x38, 0x00, 0xE0, 0x03, 0x80, 0x0E, 0x01, 0xDC,
    0x0E, 0x70, 0x38, 0xE1, 0xC1, 0xFE, 0x03, 0xF0, 0xFF, 0xFF, 0xFF, 0x0E, 0x00, 0xE0, 0x0E, 0x00,
    0xE0, 0x0E, 0x00, 0xE0, 0x0E, 0x00, 0xE0, 0x0E, 0x00, 0xE0, 0x0E, 0x00, 0xE0, 0x0E, 0x00, 0xE0,
    0x60, 0x77, 0x0E, 0x70, 0xE3, 0x0E, 0x38, 0xC3, 0x9C, 0x19, 0xC1, 0xD8, 0x1F, 0x80, 0xF8, 0x0F,
    0x00, 0xF0, 0x07, 0x00, 0x60, 0x3E, 0x03, 0xC0, 0x01, 0xC0, 0x01, 0xC0, 0x07, 0xE0, 0x3F, 0xFC,
    0x79, 0xDE, 0x71, 0xCE, 0xE1, 0xC7, 0xE1, 0xC7, 0xE1, 0xC7, 0xE1, 0xC7, 0x71, 0xCE, 0x79, 0xDE,
    0x3F, 0xFC, 0x07, 0xF0, 0x01, 0xC0, 0x01, 0xC0, 0x70, 0x3B, 0x83, 0x8E, 0x1C, 0x79, 0xC1, 0xCE,
    0x07, 0xE0, 0x3E, 0x00, 0xF0, 0x07, 0x80, 0x7C, 0x03, 0xF0, 0x39, 0xC3, 0xCE, 0x1C, 0x39, 0xC1,
    0xEE, 0x07, 0xE0, 0x73, 0x81, 0xCE, 0x07, 0x38, 0x1C, 0xE0, 0x73, 0x81, 0xCE, 0x07, 0x38, 0x1C,
    0xE0, 0x73, 0x81, 0xCE, 0x07, 0x38, 0x1C, 0xE0, 0x73, 0x81, 0xCF, 0xFF, 0xFF, 0xFF, 0x00, 0x1C,
    0x00, 0x70, 0x01, 0xC0, 0xE0, 0x7E, 0x07, 0xE0, 0x7E, 0x07, 0xE0, 0x7E, 0x07, 0xE0, 0x7E, 0x0F,
    0x70, 0xF7, 0xFF, 0x3E, 0x70, 0x07, 0x00, 0x70, 0x07, 0x00, 0x70, 0x07, 0xE1, 0xC3, 0xF0, 0xE1,
    0xF8, 0x70, 0xFC, 0x38, 0x7E, 0x1C, 0x3F, 0x0E, 0x1F, 0x87, 0x0F, 0xC3, 0x87, 0xE1, 0xC3, 0xF0,
    0xE1, 0xF8, 0x70, 0xFC, 0x38, 0x7E, 0x1C, 0x3F, 0x0E, 0x1F, 0xFF, 0xFF, 0xFF, 0xFF, 0xE1, 0xC3,
    0x9C, 0x38, 0x73, 0x87, 0x0E, 0x70, 0xE1, 0xCE, 0x1C, 0x39, 0xC3, 0x87, 0x38, 0x70, 0xE7, 0x0E,
    0x1C, 0xE1, 0xC3, 0x9C, 0x38, 0x73, 0x87, 0x0E, 0x70, 0xE1, 0xCE, 0x1C, 0x39, 0xC3, 0x87, 0x3F,
    0xFF, 0xFF, 0xFF, 0xFF, 0x00, 0x00, 0xE0, 0x00, 0x1C, 0x00, 0x03, 0x80, 0xF8, 0x07, 0xC0, 0x0E,
    0x00, 0x70, 0x03, 0x80, 0x1C, 0x00, 0xFF, 0x07, 0xFE, 0x38, 0x71, 0xC1, 0xCE, 0x0E, 0x70, 0x73,
    0x83, 0x9C, 0x38, 0xFF, 0xC7, 0xF8, 0xE0, 0x07, 0xE0, 0x07, 0xE0, 0x07, 0xE0, 0x07, 0xE0, 0x07,
    0xE0, 0x07, 0xFF, 0x07, 0xFF, 0xC7, 0xE1, 0xC7, 0xE0, 0xE7, 0xE0, 0xE7, 0xE0, 0xE7, 0xE0, 0xE7,
    0xE1, 0xC7, 0xFF, 0xC7, 0xFF, 0x07, 0xE0, 0x1C, 0x03, 0x80, 0x70, 0x0E, 0x01, 0xC0, 0x3F, 0xC7,
    0xFE, 0xE1, 0xDC, 0x1F, 0x83, 0xF0, 0x7E, 0x0F, 0xC3, 0xBF, 0xF7, 0xF8, 0x0F, 0xC0, 0xFF, 0x87,
    0x87, 0x3C, 0x0E, 0xE0, 0x3B, 0x80, 0x70, 0x01, 0xC1, 0xFF, 0x07, 0xFC, 0x00, 0x7E, 0x01, 0xF8,
    0x0E, 0xF0, 0x39, 0xE1, 0xC3, 0xFE, 0x03, 0xF0, 0xE0, 0x7E, 0x1C, 0x1F, 0xE3, 0x87, 0x0E, 0x71,
    0xC0, 0xEE, 0x38, 0x1D, 0xCE, 0x01, 0xF9, 0xC0, 0x3F, 0xF8, 0x07, 0xFF, 0x00, 0xFC, 0xE0, 0x1F,
    0x9C, 0x03, 0xF3, 0xC0, 0xEE, 0x38, 0x1D, 0xC3, 0x87, 0x38, 0x7F, 0xE7, 0x03, 0xF0, 0x0F, 0xF3,
    0xFF, 0x38, 0x77, 0x07, 0x70, 0x77, 0x07, 0x70, 0x73, 0x87, 0x3F, 0xF0, 0xFF, 0x0C, 0x71, 0xC7,
    0x38, 0x73, 0x87, 0x70, 0x77, 0x07, 0x1F, 0x0F, 0xF1, 0xCF, 0x70, 0xE0, 0x1C, 0x3F, 0x9F, 0xF7,
    0x0E, 0xE1, 0xDC, 0x7B, 0xFF, 0x9E, 0x30, 0x07, 0x00, 0xE0, 0x78, 0x1F, 0x07, 0x80, 0xE0, 0x3B,
    0xC7, 0xFE, 0xF9, 0xDE, 0x1F, 0xC3, 0xF0, 0x7F, 0x0E, 0xE1, 0xDC, 0x71, 0xFE, 0x1F, 0x00, 0xFF,
    0x3F, 0xEE, 0x1F, 0x87, 0xE1, 0xFF, 0xEF, 0xFB, 0x87, 0xE1, 0xF8, 0x7F, 0xFB, 0xFC, 0xFF, 0xFF,
    0xE0, 0xE0, 0xE0, 0xE0, 0xE0, 0xE0, 0xE0, 0xE0, 0xE0, 0xE0, 0x0F, 0xF0, 0x7F, 0xC1, 0xC7, 0x07,
    0x1C, 0x18, 0x70, 0x61, 0xC1, 0x87, 0x06, 0x1C, 0x38, 0x70, 0xE1, 0xCF, 0xFF, 0xFF, 0xFF, 0xE0,
    0x1F, 0x80, 0x7E, 0x01, 0xC0, 0x1F, 0x07, 0xF1, 0xC7, 0x70, 0x7E, 0x0F, 0xFF, 0xFF, 0xFF, 0x00,
    0xE0, 0x0E, 0x38, 0xFF, 0x0F, 0x80, 0x70, 0xE1, 0xC7, 0x1C, 0x70, 0xF3, 0x9E, 0x0F, 0x77, 0x80,
    0xEE, 0xE0, 0x0F, 0xF8, 0x01, 0xFF, 0x00, 0x77, 0x70, 0x1C, 0xE7, 0x07, 0x9C, 0xF0, 0xE3, 0x8E,
    0x38, 0x70, 0xE0, 0x1F, 0x1F, 0xE7, 0x1C, 0x07, 0x01, 0xC3, 0xE0, 0xF8, 0x07, 0x01, 0xF8, 0x77,
    0xF8, 0xFC, 0xE3, 0xF3, 0xF9, 0xFC, 0xFE, 0xFF, 0x7F, 0xEF, 0xF7, 0xF3, 0xF9, 0xFC, 0xFC, 0x70,
    0x27, 0x1F, 0x87, 0x80, 0x0E, 0x3F, 0x3F, 0x9F, 0xCF, 0xEF, 0xF7, 0xFE, 0xFF, 0x7F, 0x3F, 0x9F,
    0xCF, 0xC7, 0xE1, 0xDC, 0x7B, 0x8E, 0x73, 0x8E, 0xE1, 0xF8, 0x3F, 0x07, 0x70, 0xE7, 0x1C, 0x73,
    0x8F, 0x70, 0xF0, 0x1F, 0xF1, 0xFF, 0x18, 0x73, 0x87, 0x38, 0x73, 0x87, 0x38, 0x73, 0x87, 0x38,
    0x73, 0x07, 0xF0, 0x7E, 0x07, 0xF0, 0x7F, 0x83, 0xFC, 0x1F, 0xF1, 0xFF, 0x8F, 0xFC, 0x7F, 0xB6,
    0xFD, 0xB7, 0xED, 0xBF, 0x39, 0xF9, 0xCF, 0xCE, 0x70, 0xE1, 0xF8, 0x7E, 0x1F, 0x87, 0xE1, 0xFF,
    0xFF, 0xFF, 0x87, 0xE1, 0xF8, 0x7E, 0x1F, 0x87, 0x1F, 0x07, 0xF1, 0xC7, 0x70, 0x7E, 0x0F, 0xC1,
    0xF8, 0x3F, 0x07, 0xE0, 0xEE, 0x38, 0xFE, 0x0F, 0x80, 0xFF, 0xFF, 0xFE, 0x1F, 0x87, 0xE1, 0xF8,
    0x7E, 0x1F, 0x87, 0xE1, 0xF8, 0x7E, 0x1F, 0x87, 0xEF, 0x1F, 0xFB, 0xC7, 0x70, 0x7E, 0x0F, 0xC1,
    0xF8, 0x3F, 0x07, 0xE0, 0xFE, 0x3B, 0xFF, 0x77, 0x8E, 0x01, 0xC0, 0x38, 0x00, 0x1F, 0x07, 0xF9,
    0xC7, 0x70, 0x7E, 0x01, 0xC0, 0x38, 0x07, 0x00, 0xE0, 0xEE, 0x38, 0xFF, 0x0F, 0x80, 0xFF, 0xFF,
    0xF0, 0xE0, 0x38, 0x0E, 0x03, 0x80, 0xE0, 0x38, 0x0E, 0x03, 0x80, 0xE0, 0x38, 0xE0, 0xEC, 0x1D,
    0xC3, 0x38, 0xE3, 0x1C, 0x73, 0x0E, 0x60, 0xDC, 0x1F, 0x03, 0xE0, 0x3C, 0x07, 0x00, 0x60, 0x7C,
    0x0F, 0x00, 0x07, 0x00, 0x38, 0x01, 0xC0, 0x0E, 0x00, 0xF8, 0x1F, 0xF1, 0xFF, 0xDC, 0xEF, 0xE7,
    0x3F, 0x39, 0xF9, 0xCF, 0xCE, 0xF7, 0x7F, 0x1F, 0xF0, 0x7E, 0x00, 0xE0, 0x07, 0x00, 0x38, 0x01,
    0xC0, 0xE0, 0xEE, 0x38, 0xE6, 0x1D, 0xC1, 0xF0, 0x1C, 0x03, 0xC0, 0xF8, 0x3B, 0x86, 0x39, 0xC7,
    0x70, 0x70, 0xE1, 0xCE, 0x1C, 0xE1, 0xCE, 0x1C, 0xE1, 0xCE, 0x1C, 0xE1, 0xCE, 0x1C, 0xE1, 0xCE,
    0x1C, 0xFF, 0xFF, 0xFF, 0x00, 0x70, 0x07, 0x00, 0x70, 0xE1, 0xF8, 0x7E, 0x1F, 0x87, 0xE1, 0xFC,
    0xF7, 0xFC, 0xF7, 0x01, 0xC0, 0x70, 0x1C, 0x07, 0xE3, 0x8F, 0xC7, 0x1F, 0x8E, 0x3F, 0x1C, 0x7E,
    0x38, 0xFC, 0x71, 0xF8, 0xE3, 0xF1, 0xC7, 0xE3, 0x8F, 0xC7, 0x1F, 0xFF, 0xFF, 0xFF, 0xF0, 0xE3,
    0x8E, 0x71, 0xC7, 0x38, 0xE3, 0x9C, 0x71, 0xCE, 0x38, 0xE7, 0x1C, 0x73, 0x8E, 0x39, 0xC7, 0x1C,
    0xE3, 0x8E, 0x71, 0xC7, 0x3F, 0xFF, 0xFF, 0xFF, 0xF0, 0x00, 0x38, 0x00, 0x1C, 0x00, 0x0E, 0xF8,
    0x0F, 0x80, 0x38, 0x03, 0x80, 0x38, 0x03, 0xFC, 0x3F, 0xE3, 0x87, 0x38, 0x73, 0x87, 0x3F, 0xE3,
    0xFC, 0xE0, 0x0F, 0xC0, 0x1F, 0x80, 0x3F, 0x00, 0x7E, 0x00, 0xFF, 0xE1, 0xFF, 0xE3, 0xF0, 0xE7,
    0xE1, 0xCF, 0xC3, 0x9F, 0xFE, 0x3F, 0xF8, 0x70, 0xE0, 0x38, 0x0E, 0x03, 0x80, 0xE0, 0x3F, 0xCF,
    0xFB, 0x87, 0xE1, 0xF8, 0x7F, 0xFB, 0xFC, 0x1F, 0x07, 0xF1, 0xC7, 0x70, 0x70, 0x0E, 0x0F, 0xC1,
    0xF8, 0x07, 0xE0, 0xEE, 0x38, 0xFE, 0x0F, 0x80, 0xE1, 0xF1, 0xC7, 0xF3, 0x9C, 0x77, 0x70, 0x7E,
    0xE0, 0xFF, 0xC1, 0xFF, 0x83, 0xF7, 0x07, 0xEE, 0x0F, 0xCE, 0x3B, 0x8F, 0xE7, 0x0F, 0x80, 0x3F,
    0xDF, 0xFF, 0x1F, 0x87, 0xE1, 0xFC, 0x77, 0xFC, 0xFF, 0x39, 0xDC, 0x77, 0x1F, 0x87, 0x1C, 0x01,
    0x80, 0x38, 0x00, 0x01, 0xF0, 0x7F, 0x1C, 0x77, 0x07, 0xE0, 0xFF, 0xFF, 0xFF, 0xF0, 0x0E, 0x00,
    0xE3, 0x8F, 0xF0, 0xF8, 0x3B, 0x87, 0x70, 0x00, 0x00, 0x01, 0xF0, 0x7F, 0x1C, 0x77, 0x07, 0xE0,
    0xFF, 0xFF, 0xFF, 0xF0, 0x0E, 0x00, 0xE3, 0x8F, 0xF0, 0xF8, 0x70, 0x1F, 0x83, 0xF0, 0x38, 0x07,
    0x78, 0xFF, 0x9E, 0x7B, 0x87, 0x70, 0xEE, 0x1D, 0xC3, 0xB8, 0x77, 0x0E, 0xE1, 0xDC, 0x3B, 0x87,
    0x00, 0xE0, 0x7C, 0x0F, 0x00, 0x0C, 0x0C, 0x18, 0x00, 0xFF, 0xFF, 0xE0, 0xE0, 0xE0, 0xE0, 0xE0,
    0xE0, 0xE0, 0xE0, 0xE0, 0xE0, 0x1F, 0x07, 0xF1, 0xC7, 0x70, 0x7E, 0x01, 0xF8, 0x3F, 0x07, 0x00,
    0xE0, 0xEE, 0x38, 0xFE, 0x0F, 0x80, 0x3E, 0x1F, 0xEE, 0x3B, 0x87, 0xF0, 0x1F, 0x83, 0xF8, 0x0F,
    0xE1, 0xF8, 0x77, 0xF8, 0xFC, 0xFC, 0x0F, 0xFF, 0xFF, 0xFF, 0xFF, 0xEF, 0xDC, 0x00, 0x03, 0x87,
    0x0E, 0x1C, 0x38, 0x70, 0xE1, 0xC3, 0x87, 0x0E, 0x1C, 0x1C, 0x70, 0x00, 0x1C, 0x71, 0xC7, 0x1C,
    0x71, 0xC7, 0x1C, 0x71, 0xC7, 0x1F, 0xFF, 0x80, 0x1F, 0xF0, 0x03, 0xFE, 0x00, 0x61, 0xC0, 0x1C,
    0x38, 0x03, 0x87, 0x00, 0x70, 0xFF, 0x0E, 0x1F, 0xF1, 0xC3, 0x87, 0x38, 0x70, 0xE6, 0x0E, 0x1F,
    0xC1, 0xFF, 0x70, 0x3F, 0xC0, 0xE1, 0xC0, 0x70, 0xE0, 0x38, 0x70, 0x1C, 0x38, 0x0E, 0x1C, 0x07,
    0xFF, 0xF3, 0xFF, 0xFD, 0xC3, 0x87, 0xE1, 0xC3, 0xF0, 0xE1, 0xF8, 0x7F, 0xDC, 0x3F, 0xC0, 0x38,
    0x0F, 0xF0, 0xFF, 0x03, 0x80, 0x3B, 0xC3, 0xFE, 0x3C, 0xF3, 0x87, 0x38, 0x73, 0x87, 0x38, 0x73,
    0x87, 0x38, 0x73, 0x87, 0x38, 0x73, 0x87, 0x07, 0x00, 0xC0, 0x30, 0x00, 0x0E, 0x1D, 0xC7, 0xB8,
    0xE7, 0x38, 0xEE, 0x1F, 0x83, 0xF0, 0x77, 0x0E, 0x71, 0xC7, 0x38, 0xF7, 0x0F, 0x38, 0x0C, 0x02,
    0x00, 0x0E, 0x3F, 0x3F, 0x9F, 0xCF, 0xEF, 0xF7, 0xFE, 0xFF, 0x7F, 0x3F, 0x9F, 0xCF, 0xC7, 0x33,
    0x0C, 0xC3, 0xF0, 0x78, 0x00, 0x38, 0x3E, 0x1F, 0x87, 0x61, 0x9C, 0xE7, 0x38, 0xCC, 0x3B, 0x0F,
    0xC1, 0xE0, 0x78, 0x1E, 0x03, 0x07, 0xC1, 0xE0, 0xE3, 0xF1, 0xF8, 0xFC, 0x7E, 0x3F, 0x1F, 0x8F,
    0xC7, 0xE3, 0xF1, 0xFF, 0xFF, 0xF1, 0xC0, 0xE0, 0x70, 0xE0, 0xE0, 0xFC, 0x1C, 0x1F, 0x83, 0x83,
    0xF0, 0x70, 0x7E, 0x0E, 0x0E, 0xE1, 0xE1, 0xDC, 0x3C, 0x73, 0x8F, 0x8E, 0x79, 0xF1, 0xC7, 0x37,
    0x38, 0xEE, 0xEE, 0x1F, 0xDF, 0xC1, 0xF9, 0xF8, 0x3E, 0x3E, 0x03, 0xC3, 0xC0, 0xE1, 0xC3, 0xF0,
    0xE1, 0xF8, 0x70, 0xFC, 0x38, 0x77, 0x1E, 0x3B, 0x8F, 0x39, 0xC7, 0x9C, 0xE7, 0xCE, 0x3F, 0x7E,
    0x1F, 0xBF, 0x07, 0x8F, 0x03, 0xC7, 0x80, 0x38, 0x01, 0xC0, 0x3F, 0x81, 0xFC, 0x03, 0x80, 0x1C,
    0x00, 0xFF, 0x07, 0xFE, 0x38, 0x71, 0xC1, 0xCE, 0x0E, 0x70, 0x73, 0x83, 0x9C, 0x38, 0xFF, 0xC7,
    0xF8, 0x38, 0x03, 0x80, 0xFE, 0x0F, 0xE0, 0x38, 0x03, 0x80, 0x38, 0x03, 0x80, 0x3F, 0xC3, 0xFE,
    0x38, 0xF3, 0x87, 0x38, 0x73, 0x8F, 0x3F, 0xE3, 0xFC, 0xE0, 0x3F, 0x70, 0x7F, 0xF8, 0x78, 0x5C,
    0x70, 0x0E, 0x38, 0x07, 0x3C, 0x03, 0xFF, 0xF9, 0xFF, 0xFC, 0xE7, 0x80, 0x73, 0xC0, 0x38, 0xE0,
    0x1C, 0x78, 0x0E, 0x1E, 0x1F, 0x07, 0xFF, 0x81, 0xFC, 0xE0, 0xFF, 0xC3, 0xFB, 0x8F, 0x17, 0x1C,
    0x0E, 0x78, 0x1F, 0xFF, 0x3F, 0xFE, 0x73, 0xC0, 0xE3, 0x81, 0xC7, 0x0F, 0x87, 0xFF, 0x07, 0xE0,
    0x07, 0xC0, 0x0F, 0x80, 0x3B, 0x00, 0x77, 0x00, 0xC6, 0x03, 0x8E, 0x07, 0xFC, 0x0F, 0xF8, 0x3B,
    0xB8, 0x77, 0x71, 0xCE, 0x73, 0x9C, 0xE7, 0x39, 0xDC, 0x71, 0xF8, 0xE3, 0x80, 0x0F, 0x80, 0x7C,
    0x07, 0x70, 0x3B, 0x81, 0xDC, 0x1C, 0x70, 0xFF, 0x8E, 0xEE, 0x77, 0x73, 0x39, 0xB9, 0xCF, 0xCE,
    0x70, 0xE0, 0x7C, 0x1C, 0x0F, 0x83, 0x83, 0xB0, 0x70, 0x77, 0x0E, 0x0C, 0x61, 0xC3, 0x8E, 0x3F,
    0xFF, 0xC7, 0xFF, 0xF8, 0xE3, 0xBB, 0x9C, 0x77, 0x73, 0x9C, 0xE7, 0x73, 0x9C, 0xEE, 0x73, 0x9D,
    0xDC, 0x71, 0xFB, 0x8E, 0x38, 0xE0, 0xF8, 0x70, 0x7C, 0x38, 0x37, 0x1C, 0x3B, 0x8E, 0x18, 0xC7,
    0xFF, 0xF3, 0xFF, 0xF9, 0xC6, 0xEE, 0xE7, 0x77, 0x73, 0xB9, 0xB9, 0x9C, 0xFD, 0xCE, 0x70, 0x7F,
    0xF9, 0xFF, 0xE0, 0x00, 0x1C, 0x1E, 0x38, 0x70, 0xE3, 0x81, 0xDC, 0x03, 0xF0, 0x1F, 0xE0, 0xFF,
    0xC3, 0x73, 0x1D, 0xCE, 0x67, 0x3B, 0x9C, 0x7E, 0x71, 0xF1, 0xC7, 0x7F, 0xF3, 0xFF, 0x80, 0x00,
    0xE0, 0xE3, 0x8E, 0x0E, 0xE0, 0x7F, 0x07, 0xFC, 0x77, 0x73, 0xBB, 0x99, 0xCD, 0xCE, 0x70, 0xE3,
    0xFF, 0xEE, 0x3F, 0xFE, 0xE1, 0xC1, 0xCE, 0x0E, 0x38, 0xE0, 0xF7, 0x0E, 0x07, 0x70, 0xFF, 0xFF,
    0x0F, 0xFF, 0xF8, 0xE1, 0xDD, 0xCE, 0x39, 0xDC, 0xE3, 0x9C, 0xEE, 0x79, 0xCE, 0xE7, 0x9C, 0xEE,
    0x71, 0xC7, 0xEF, 0x1C, 0x70, 0xE7, 0xFF, 0x73, 0xFF, 0xB8, 0xE3, 0x9C, 0x33, 0x8E, 0x1D, 0xC7,
    0xFF, 0xC3, 0xFF, 0xF9, 0xC6, 0xEC, 0xE7, 0x77, 0x73, 0x3B, 0xB9, 0x9C, 0xDD, 0xCE, 0x70, 0x30,
    0xC3, 0x9C, 0x1F, 0x00, 0xF0, 0x7F, 0xCF, 0xFC, 0x71, 0xE0, 0x0E, 0x00, 0xE0, 0x1C, 0x1F, 0x81,
    0xFC, 0x01, 0xE0, 0x07, 0x00, 0x70, 0x07, 0x00, 0xE3, 0xFE, 0xFF, 0x8E, 0x00, 0xE0, 0x0F, 0xFC,
    0x7F, 0xC0, 0x71, 0xCC, 0xF1, 0xF0, 0xFC, 0x7F, 0x9F, 0xF0, 0x1C, 0x07, 0x1F, 0x87, 0xE0, 0x3C,
    0x07, 0x03, 0xCF, 0xEF, 0xF3, 0x80, 0xE0, 0x3F, 0xE7, 0xF8, 0xE3, 0x8F, 0xC7, 0x1F, 0x8E, 0x3F,
    0x1C, 0x7E, 0x38, 0xFC, 0x71, 0xF8, 0xE3, 0xF1, 0xC7, 0x73, 0x9C, 0x7F, 0xF0, 0x7F, 0xC0, 0x1C,
    0x00, 0x38, 0x00, 0x70, 0x00, 0xE0, 0x00, 0x03, 0x80, 0x07, 0x00, 0x0E, 0x00, 0x1C, 0x0E, 0x39,
    0xDC, 0x71, 0xF8, 0xE3, 0xF1, 0xC7, 0xE3, 0x8F, 0xC7, 0x1F, 0x8E, 0x3F, 0x1C, 0x7F, 0x39, 0xEF,
    0xFF, 0x9F, 0xFE, 0x0F, 0xF8, 0x03, 0x80, 0x07, 0x00, 0x0E, 0x00, 0x1C, 0x00, 0x38, 0x00, 0x0F,
    0xC0, 0x7F, 0x83, 0x87, 0x1C, 0x0E, 0x70, 0x3B, 0x80, 0x7E, 0x01, 0xFF, 0xC7, 0xFF, 0xFF, 0x87,
    0xFE, 0x01, 0xFC, 0x0E, 0x70, 0x38, 0xE1, 0xC3, 0xFF, 0x03, 0xF0, 0x1F, 0x07, 0xF1, 0xC7, 0x70,
    0x7E, 0x0F, 0xF9, 0xFF, 0xFF, 0x1F, 0xE0, 0xEE, 0x38, 0xFE, 0x0F, 0x80, 0xE0, 0x0E, 0xC0, 0x3D,
    0xC0, 0xE3, 0x81, 0xC3, 0x03, 0x07, 0x0E, 0x0E, 0x1C, 0x0C, 0x30, 0x1C, 0xE0, 0x39, 0xC0, 0x33,
    0x00, 0x7E, 0x00, 0xFC, 0x00, 0xF0, 0x01, 0xE0, 0x03, 0xC0, 0xE0, 0x7E, 0x0F, 0x60, 0xE7, 0x1C,
    0x71, 0xC3, 0x18, 0x3B, 0x83, 0xB8, 0x1B, 0x01, 0xF0, 0x1F, 0x00, 0xE0, 0x3B, 0x80, 0x33, 0x80,
    0x33, 0x00, 0x00, 0x00, 0x00, 0x1E, 0x03, 0xDC, 0x07, 0xB8, 0x1C, 0x78, 0x38, 0x70, 0xE0, 0xE1,
    0xC1, 0xE3, 0x81, 0xCE, 0x03, 0x9C, 0x07, 0x38, 0x07, 0xE0, 0x0F, 0xC0, 0x1F, 0x80, 0x1E, 0x00,
    0x3C, 0x00, 0x77, 0x01, 0xDC, 0x07, 0x70, 0x00, 0x07, 0x03, 0xB8, 0x3D, 0xC3, 0xE7, 0x1C, 0x38,
    0xE1, 0xCE, 0x07, 0x70, 0x3B, 0x80, 0xD8, 0x07, 0xC0, 0x3E, 0x00, 0xE0, 0x0F, 0x80, 0x00, 0x0F,
    0xF8, 0x00, 0x07, 0x8F, 0x00, 0x01, 0xC1, 0xCF, 0x07, 0xE0, 0x39, 0xC3, 0xF8, 0x0E, 0x78, 0xEE,
    0x03, 0x8E, 0x3B, 0x80, 0xE3, 0x9E, 0xE0, 0x38, 0xF7, 0x38, 0x0E, 0x1D, 0xCF, 0x07, 0x87, 0xE1,
    0xE3, 0xC0, 0xF8, 0x7F, 0xF0, 0x3E, 0x0F, 0xF8, 0x0F, 0x00, 0xF8, 0x01, 0xC0, 0x00, 0x00, 0x70,
    0x00, 0x00, 0x38, 0x00, 0x00, 0x1E, 0x00, 0x00, 0x1F, 0x00, 0x00, 0x07, 0x80, 0x1F, 0x0E, 0x0E,
    0x3F, 0x8F, 0x0E, 0x71, 0xC7, 0x0E, 0xE0, 0xE7, 0x1C, 0xE0, 0xE7, 0x1C, 0xE0, 0xE3, 0x9C, 0xE0,
    0xE3, 0xB8, 0xE0, 0xE1, 0xB8, 0xE0, 0xE1, 0xF8, 0x71, 0xC1, 0xF0, 0x3F, 0x80, 0xF0, 0x1F, 0x00,
    0xF0, 0x00, 0x00, 0xE0, 0x00, 0x00, 0xE0, 0x00, 0x01, 0xC0, 0x00, 0x0F, 0xC0, 0x00, 0x0F, 0x00,
    0x03, 0x80, 0x0F, 0xC0, 0x7F, 0xC1, 0xFF, 0xC7, 0xBB, 0xCE, 0x03, 0xB8, 0x03, 0xF0, 0x07, 0xE0,
    0x0F, 0xC0, 0x1F, 0x80, 0x3F, 0x00, 0x77, 0x01, 0xCF, 0x77, 0x8F, 0xFE, 0x0F, 0xF8, 0x07, 0xC0,
    0x07, 0x00, 0x06, 0x01, 0xF8, 0x3F, 0xC7, 0x6E, 0xE0, 0x7E, 0x07, 0xE0, 0x7E, 0x07, 0xE0, 0x7E,
    0x07, 0x76, 0xE3, 0xFC, 0x1F, 0x80, 0x60, 0x01, 0xF0, 0x00, 0x1F, 0xC0, 0x01, 0x9C, 0x00, 0x07,
    0x00, 0x00, 0x70, 0x00, 0x03, 0x00, 0x00, 0x20, 0x00, 0x04, 0x00, 0x1F, 0x8F, 0x83, 0xF8, 0xFC,
    0x78, 0x80, 0xE7, 0x00, 0x0E, 0xE0, 0x00, 0x7E, 0x00, 0x07, 0xE0, 0x00, 0x7E, 0x07, 0x07, 0xE0,
    0x70, 0x7E, 0x07, 0x07, 0xF0, 0x70, 0xF7, 0x87, 0x1E, 0x7F, 0xFF, 0xE3, 0xFD, 0xFC, 0x0F, 0x8F,
    0x00, 0x07, 0x80, 0x03, 0xF8, 0x01, 0x9C, 0x00, 0x38, 0x00, 0x1C, 0x00, 0x06, 0x00, 0x06, 0x00,
    0x00, 0x00, 0x1E, 0x3E, 0x3F, 0x1F, 0x9C, 0x01, 0xDC, 0x00, 0x7E, 0x00, 0x3F, 0x00, 0x1F, 0x87,
    0x0F, 0xC3, 0x87, 0xE1, 0xC3, 0xB9, 0xF3, 0x9F, 0xFF, 0xC3, 0xE7, 0xC0, 0x07, 0xF8, 0x00, 0xFF,
    0x00, 0x09, 0x20, 0x00, 0x00, 0x00, 0x00, 0x01, 0xC1, 0xC1, 0xF8, 0x38, 0x3F, 0x07, 0x07, 0xE0,
    0xE0, 0xFC, 0x1C, 0x1D, 0xC3, 0x83, 0xB8, 0x78, 0xE7, 0x1F, 0x1C, 0xE3, 0xE3, 0x8E, 0xEC, 0xF1,
    0xDD, 0x9C, 0x3F, 0xBF, 0x83, 0xF3, 0xE0, 0x7C, 0x7C, 0x07, 0x87, 0x00, 0x07, 0xF8, 0x03, 0xFC,
    0x01, 0x24, 0x1C, 0x38, 0x7E, 0x1C, 0x3F, 0x0E, 0x1F, 0x87, 0x0E, 0xE3, 0xC7, 0x71, 0xE7, 0x38,
    0xF3, 0x8E, 0xFD, 0xC7, 0x6E, 0xC1, 0xF7, 0xE0, 0xF1, 0xE0, 0x38, 0xF0, 0x07, 0xF0, 0xFF, 0x8E,
    0x0C, 0xE0, 0x0F, 0x00, 0x70, 0x03, 0x80, 0x1C, 0x00, 0xE0, 0x07, 0x00, 0x38, 0x00, 0xE0, 0x03,
    0x80, 0x0F, 0xF0, 0x3F, 0x80, 0x1C, 0x00, 0xE0, 0x07, 0x00, 0x38, 0x01, 0xC0, 0x1F, 0x3F, 0xDC,
    0x5C, 0x0E, 0x07, 0x03, 0x81, 0xC0, 0xE0, 0x38, 0x1F, 0xC7, 0xE0, 0x70, 0x38, 0x1C, 0x0E, 0x07,
    0x00, 0x00, 0x00, 0x10, 0x46, 0x0E, 0x80, 0x70, 0x0F, 0x01, 0xB6, 0x60, 0xEC, 0x07, 0x00, 0x78,
    0x1B, 0x82, 0x00, 0xC0, 0x00, 0x03, 0xFF, 0xFF, 0xC0, 0x1E, 0xFF, 0xE3, 0xFF, 0x30, 0xFD, 0xE0,
    0x78, 0xFF, 0xC7, 0x00, 0x3C, 0x00, 0x00, 0x3E, 0x00, 0x00, 0x00, 0x00, 0x0E, 0x00, 0x38, 0x1E,
    0x00, 0x78, 0x11, 0x00, 0x44, 0x00, 0x00, 0x00, 0x00, 0x00, 0x00, 0x00, 0x00, 0x00, 0x70, 0x00,
    0x0E, 0x78, 0x00, 0x1F, 0x4C, 0x00, 0x11, 0x00, 0x00, 0x00, 0x00, 0x00, 0x00, 0x00, 0x00, 0x00,
    0x00, 0x00, 0x00, 0x1E, 0x00, 0x38, 0x1F, 0x00, 0x7C, 0x11, 0x00, 0x44, 0x00, 0x1C, 0x00, 0x00,
    0x3C, 0x00, 0x00, 0x22, 0x00, 0x00, 0x18, 0x00, 0x00, 0x30, 0x00, 0x00, 0x40, 0x00, 0xC1, 0x80,
    0x00, 0x80, 0x03, 0x81, 0x80, 0x1C, 0x01, 0x00, 0x10, 0x00, 0x00, 0x00, 0x00, 0x00, 0x00, 0x00,
    0x00, 0x00, 0x00, 0x00, 0x07, 0x80, 0x00, 0xE7, 0x00, 0x01, 0xE0, 0x00, 0x00, 0x00, 0x00, 0x00,
    0x00, 0x00, 0x00, 0x00, 0x00, 0x00, 0x00, 0x00, 0x80, 0x18, 0x01, 0x80, 0xE0, 0x03, 0x01, 0x01,
    0x82, 0x00, 0x02, 0x04, 0x00, 0x0C, 0x00, 0x00, 0x18, 0x00, 0x38, 0x70, 0x1C, 0x38, 0x0F, 0xF8,
    0x01, 0xF8, 0x00, 0x00, 0x00, 0x00, 0x03, 0x80, 0xF1, 0xC0, 0xF8, 0xE0, 0xFC, 0x70, 0x7E, 0x38,
    0x77, 0x1C, 0x7B, 0x8E, 0x39, 0xC7, 0x3C, 0xE3, 0x9C, 0x71, 0xDC, 0x38, 0xFE, 0x1C, 0x7E, 0x0E,
    0x3F, 0x07, 0xFF, 0x03, 0xFF, 0x01, 0xF8, 0x00, 0x1C, 0x00, 0x1C, 0x00, 0x0E, 0x00, 0x0F, 0x00,
    0x70, 0xE0, 0xE1, 0xC0, 0xFF, 0x00, 0xFC, 0x00, 0x00, 0x1C, 0x1E, 0x38, 0x7C, 0x70, 0xF8, 0xE3,
    0xF1, 0xCF, 0xE3, 0x9D, 0xC7, 0x73, 0x8E, 0xE7, 0x1F, 0x8E, 0x3E, 0x1C, 0x7C, 0x3F, 0xF0, 0x7E,
    0x00, 0x18, 0x00, 0x70, 0x00, 0xE0, 0x01, 0xC0, 0x70, 0x07, 0x00, 0xFF, 0x0F, 0xF0, 0x70, 0x07,
    0x00, 0x7F, 0x87, 0xFE, 0x70, 0xF7, 0x07, 0x70, 0x77, 0x07, 0x70, 0xF7, 0xFE, 0x7F, 0x80, 0x38,
    0x03, 0x80, 0x38, 0x0F, 0xF8, 0xFF, 0x83, 0x80, 0x38, 0x03, 0x80, 0x38, 0x03, 0x80, 0x3F, 0xC3,
    0xFE, 0x38, 0x73, 0x87, 0x38, 0x73, 0xFE, 0x3F, 0xC0, 0xFF, 0x3F, 0xEE, 0x3F, 0x87, 0xE5, 0xFB,
    0x7E, 0xFF, 0xFE, 0xFF, 0x38, 0x6E, 0x13, 0x80, 0xE0, 0x38, 0x0E, 0x00, 0xEF, 0x1F, 0xFB, 0xC7,
    0x70, 0x7E, 0x0F, 0xC1, 0xF8, 0x3F, 0x37, 0xE7, 0xFE, 0xFB, 0xFF, 0x77, 0xEE, 0x0D, 0xC0, 0x38,
    0x07, 0x00, 0xE0, 0x00, 0x01, 0xC0, 0x70, 0x1F, 0xFF, 0xFF, 0xF8, 0x0E, 0x03, 0x80, 0xE0, 0x38,
    0x0E, 0x03, 0x80, 0xE0, 0x38, 0x0E, 0x03, 0x80, 0xE0, 0x38, 0x0E, 0x00, 0x07, 0x07, 0x07, 0x07,
    0xFF, 0xFF, 0xE0, 0xE0, 0xE0, 0xE0, 0xE0, 0xE0, 0xE0, 0xE0, 0xE0, 0xE0, 0x3F, 0xF9, 0xFF, 0xCE,
    0x00, 0x70, 0x03, 0x80, 0x1C, 0x00, 0xE0, 0x07, 0x00, 0xFF, 0xC7, 0xFE, 0x0E, 0x00, 0x70, 0x03,
    0x80, 0x1C, 0x00, 0xE0, 0x07, 0x00, 0x7F, 0xBF, 0xDC, 0x0E, 0x07, 0x07, 0xF3, 0xF8, 0xE0, 0x70,
    0x38, 0x1C, 0x0E, 0x00, 0xFF, 0x8F, 0xF8, 0xE0, 0x0E, 0x00, 0xE0, 0x0E, 0x00, 0xFF, 0x0F, 0xFC,
    0xFF, 0xEE, 0x1E, 0xE0, 0xFE, 0x07, 0xE0, 0x7E, 0x07, 0xE0, 0x70, 0x0F, 0x00, 0xE1, 0xFE, 0x1F,
    0xC1, 0xF8, 0xFF, 0x3F, 0xCE, 0x03, 0x80, 0xE0, 0x3F, 0x8F, 0xF3, 0xFE, 0xE3, 0xF8, 0x7E, 0x1F,
    0x87, 0x01, 0xC0, 0x72, 0x38, 0xFE, 0x3E, 0x00, 0x70, 0x70, 0x70, 0xE1, 0xC3, 0xC3, 0xC7, 0x1E,
    0x07, 0x1C, 0x70, 0x0E, 0x73, 0x80, 0x3D, 0xDE, 0x00, 0x77, 0x70, 0x00, 0xFF, 0x80, 0x03, 0xFE,
    0x00, 0x1D, 0xDC, 0x00, 0xF7, 0x78, 0x07, 0x9C, 0xF0, 0x1C, 0x71, 0xC0, 0xF1, 0xC7, 0x87, 0x87,
    0x0F, 0xDC, 0x1C, 0x1F, 0x00, 0x00, 0x1C, 0x00, 0x00, 0x70, 0x00, 0x01, 0xC0, 0x70, 0xE1, 0xC7,
    0x1C, 0x70, 0xF3, 0x9E, 0x0F, 0x77, 0x80, 0xEE, 0xE0, 0x0F, 0xF8, 0x01, 0xFF, 0x00, 0x77, 0x70,
    0x1C, 0xEF, 0x07, 0x9C, 0xF0, 0xE3, 0x8F, 0xB8, 0x70, 0xF0, 0x00, 0x0E, 0x00, 0x01, 0xC0, 0x00,
    0x38, 0x7F, 0x8F, 0xF9, 0x87, 0x80, 0x70, 0x0E, 0x03, 0x8F, 0xE1, 0xFE, 0x01, 0xC0, 0x1C, 0x03,
    0x80, 0x7C, 0x1D, 0xFF, 0x9F, 0xC0, 0x30, 0x03, 0x00, 0x60, 0x3C, 0x07, 0x00, 0x7E, 0x3F, 0xD0,
    0xE0, 0x70, 0x39, 0xF8, 0xFC, 0x07, 0x03, 0xC1, 0xFF, 0xCF, 0xC0, 0xC0, 0x30, 0x18, 0x3C, 0x1C,
    0x00, 0xE0, 0xE7, 0x0F, 0x38, 0x71, 0xC7, 0x0E, 0x70, 0x73, 0x83, 0xB8, 0x1F, 0x80, 0xFC, 0x07,
    0x70, 0x39, 0xC1, 0xCF, 0x0E, 0x38, 0x70, 0xE3, 0x83, 0xFC, 0x1F, 0x00, 0x38, 0x01, 0xC0, 0x0E,
    0xE1, 0xDC, 0x73, 0x9C, 0x77, 0x8E, 0xE1, 0xF8, 0x3F, 0x07, 0x70, 0xE7, 0x1C, 0xE3, 0x8F, 0xF0,
    0xF0, 0x0E, 0x01, 0xC0, 0x38, 0xE0, 0xFE, 0x5E, 0xE5, 0xCE, 0x78, 0xE7, 0x8E, 0xF0, 0xFE, 0x0F,
    0xE0, 0xEF, 0x0E, 0x70, 0xE7, 0x8E, 0x7C, 0xE5, 0xEE, 0x0E, 0xE0, 0xF0, 0xE3, 0xDD, 0x73, 0xBC,
    0x77, 0x8E, 0xE1, 0xF8, 0x3F, 0x07, 0x70, 0xEF, 0x1D, 0xF3, 0xAF, 0x70, 0xE0, 0x70, 0x7B, 0xF1,
    0xCF, 0xCE, 0x1C, 0x78, 0x73, 0xC1, 0xCE, 0x07, 0xF0, 0x1F, 0xE0, 0x73, 0x81, 0xCF, 0x07, 0x1E,
    0x1C, 0x38, 0x70, 0xF1, 0xC1, 0xE7, 0x03, 0x80, 0x38, 0x07, 0xF8, 0x3F, 0xC0, 0x70, 0x03, 0x87,
    0x1C, 0x78, 0xE3, 0x87, 0x38, 0x3B, 0x81, 0xFC, 0x0F, 0xE0, 0x77, 0x83, 0x9E, 0x1C, 0x70, 0xE3,
    0xC7, 0x0F, 0xFE, 0x0E, 0xFE, 0x1E, 0x0E, 0x3C, 0x0E, 0x38, 0x0E, 0x70, 0x0E, 0xE0, 0x0F, 0xE0,
    0x0F, 0xE0, 0x0E, 0xE0, 0x0E, 0x70, 0x0E, 0x78, 0x0E, 0x3C, 0x0E, 0x1C, 0x0E, 0x1E, 0x0E, 0x0F,
    0xFE, 0x1D, 0xFC, 0x70, 0x39, 0xE0, 0x73, 0x80, 0xEE, 0x01, 0xF8, 0x03, 0xB8, 0x07, 0x78, 0x0E,
    0x70, 0x1C, 0x70, 0x38, 0x70, 0x70, 0xF0, 0xE0, 0x77, 0x03, 0xB8, 0x1D, 0xC0, 0xEE, 0x07, 0x70,
    0x3B, 0x81, 0xDF, 0xFE, 0xFF, 0xF7, 0x03, 0xB8, 0x1D, 0xC0, 0xEE, 0x07, 0x70, 0x3B, 0x81, 0xFC,
    0x0F, 0x00, 0x38, 0x01, 0xC0, 0x0E, 0xE1, 0xDC, 0x3B, 0x87, 0x70, 0xEE, 0x1D, 0xFF, 0xBF, 0xF7,
    0x0E, 0xE1, 0xDC, 0x3B, 0x87, 0xF0, 0xF0, 0x06, 0x00, 0xC0, 0x18, 0xE0, 0x7F, 0xE0, 0x7F, 0xE0,
    0x70, 0xE0, 0x70, 0xE0, 0x70, 0xE0, 0x70, 0xFF, 0xF0, 0xFF, 0xF0, 0xE0, 0x70, 0xE0, 0x70, 0xE0,
    0x70, 0xE0, 0x70, 0xE0, 0x70, 0xE0, 0x70, 0xE0, 0x70, 0xE1, 0xFF, 0x87, 0xFE, 0x1C, 0x38, 0x70,
    0xE1, 0xC3, 0xFF, 0x0F, 0xFC, 0x38, 0x70, 0xE1, 0xC3, 0x87, 0x0E, 0x1C, 0x38, 0x70, 0xFF, 0xE0,
    0x0F, 0xFE, 0x00, 0xE0, 0xE0, 0x0E, 0x0E, 0x00, 0xE0, 0xE0, 0x0E, 0x0E, 0x00, 0xE0, 0xFF, 0x0E,
    0x0F, 0xFC, 0xE0, 0xFF, 0xEE, 0x0E, 0x1E, 0xE0, 0xE0, 0xFE, 0x0E, 0x07, 0xE0, 0xE0, 0x7E, 0x0E,
    0x07, 0xE0, 0xE0, 0x70, 0x00, 0x0F, 0x00, 0x01, 0xE0, 0x01, 0xFE, 0x00, 0x1F, 0xC0, 0x01, 0xF8,
    0xFF, 0xC0, 0xFF, 0xC0, 0xE1, 0xC0, 0xE1, 0xC0, 0xE1, 0xC0, 0xE1, 0xF8, 0xE1, 0xFC, 0xE1, 0xFE,
    0xE1, 0xCF, 0xE1, 0xC7, 0xE1, 0xC7, 0xE1, 0xC7, 0x00, 0x07, 0x00, 0x07, 0x00, 0x0E, 0x00, 0x7E,
    0x00, 0x78, 0x0F, 0x80, 0x7F, 0x01, 0xE0, 0x03, 0x87, 0x8E, 0x1F, 0x9C, 0x73, 0xB8, 0xE7, 0x71,
    0xCE, 0xE3, 0x9D, 0xC7, 0x3B, 0xC7, 0xE3, 0xCF, 0xC7, 0xFF, 0x07, 0xFF, 0xC3, 0xFF, 0x80, 0x1F,
    0x03, 0xF0, 0x70, 0x0E, 0x3E, 0xE3, 0xFE, 0x77, 0xE7, 0x7E, 0x77, 0xE7, 0x77, 0x3E, 0x3F, 0xF1,
    0xFF, 0x0F, 0xE3, 0xFE, 0x38, 0x27, 0x00, 0xE0, 0x0E, 0x00, 0xE0, 0x0E, 0x00, 0xE0, 0x0E, 0x00,
    0xF0, 0x07, 0x82, 0x7F, 0xE3, 0xFE, 0x0F, 0xC0, 0x30, 0x01, 0x80, 0x18, 0x07, 0x80, 0x70, 0x1F,
    0x9F, 0xDC, 0x1C, 0x0E, 0x07, 0x03, 0x81, 0xC0, 0xF9, 0xBF, 0xDF, 0xE3, 0xE0, 0x60, 0x30, 0x18,
    0x3C, 0x1C, 0x00, 0xFF, 0xFF, 0xFC, 0x38, 0x07, 0x00, 0xE0, 0x1C, 0x03, 0x80, 0x70, 0x0E, 0x01,
    0xC0, 0x38, 0x07, 0x00, 0xFC, 0x1F, 0x83, 0xF0, 0x0E, 0x01, 0xC0, 0x38, 0x07, 0x00, 0xFF, 0xFF,
    0xFC, 0x38, 0x07, 0x00, 0xE0, 0x1C, 0x03, 0x80, 0x70, 0x0E, 0x01, 0xC0, 0x3F, 0x07, 0xE0, 0x1C,
    0x03, 0x80, 0x70, 0x0E, 0xE0, 0x3B, 0x83, 0x9C, 0x1C, 0x71, 0xC3, 0x8E, 0x0E, 0xE0, 0x77, 0x01,
    0xF0, 0x0F, 0x80, 0x38, 0x01, 0xC0, 0x0E, 0x00, 0x70, 0x03, 0x80, 0x1C, 0x00, 0xE0, 0xE0, 0xFC,
    0x1D, 0x83, 0x38, 0xE7, 0x1C, 0x63, 0x0E, 0xE1, 0xDC, 0x1F, 0x03, 0xE0, 0x7C, 0x07, 0x00, 0xE0,
    0x1C, 0x03, 0x80, 0xE0, 0x33, 0x83, 0x9C, 0x1C, 0x71, 0xC3, 0x8E, 0x0E, 0xE0, 0x77, 0x01, 0xF0,
    0x0F, 0x81, 0xFF, 0x8F, 0xFC, 0x0E, 0x00, 0x70, 0x03, 0x80, 0x1C, 0x00, 0xE0, 0xE0, 0xFC, 0x19,
    0x87, 0x38, 0xE7, 0x18, 0x63, 0x0E, 0xE1, 0xD8, 0x1B, 0x03, 0xE0, 0x7C, 0x3F, 0xC7, 0xF8, 0x1C,
    0x03, 0x80, 0x70, 0x38, 0xE0, 0xF0, 0xE1, 0xC1, 0xE7, 0x01, 0xCE, 0x01, 0xF8, 0x03, 0xE0, 0x03,
    0xC0, 0x07, 0x80, 0x1F, 0x00, 0x3F, 0x00, 0xE7, 0x03, 0x8E, 0x07, 0x0E, 0x1C, 0x1F, 0xB8, 0x1F,
    0x00, 0x0E, 0x00, 0x1C, 0x00, 0x38, 0xE1, 0xE7, 0x1C, 0x33, 0x83, 0xB0, 0x1F, 0x00, 0xE0, 0x1E,
    0x01, 0xF0, 0x3B, 0x87, 0x18, 0x71, 0xFE, 0x0F, 0x00, 0x70, 0x07, 0x00, 0x70, 0xFF, 0xEE, 0x1F,
    0xFD, 0xC0, 0x38, 0x38, 0x07, 0x07, 0x00, 0xE0, 0xE0, 0x1C, 0x1C, 0x03, 0x83, 0x80, 0x70, 0x70,
    0x0E, 0x0E, 0x01, 0xC1, 0xC0, 0x38, 0x38, 0x07, 0x07, 0x00, 0xE0, 0xE0, 0x1F, 0xFF, 0xC3, 0xFF,
    0xF8, 0x00, 0x07, 0x00, 0x00, 0xE0, 0x00, 0x1C, 0x00, 0x03, 0x80, 0x00, 0x70, 0xFF, 0xB8, 0xFF,
    0xB8, 0x1C, 0x38, 0x1C, 0x38, 0x1C, 0x38, 0x1C, 0x38, 0x1C, 0x38, 0x1C, 0x38, 0x1C, 0x38, 0x1C,
    0x38, 0x1F, 0xFF, 0x1F, 0xFF, 0x00, 0x07, 0x00, 0x07, 0x00, 0x07, 0x00, 0x07, 0xE0, 0x77, 0x03,
    0xB8, 0x1D, 0xC0, 0xEE, 0x07, 0x70, 0x3B, 0x81, 0xDE, 0x1E, 0x7F, 0xF1, 0xF3, 0x80, 0x1C, 0x00,
    0xE0, 0x07, 0x00, 0x38, 0x01, 0xE0, 0x0F, 0x00, 0x38, 0x01, 0xC0, 0x0E, 0xE1, 0xCE, 0x1C, 0xE1,
    0xCE, 0x1C, 0xE1, 0xCF, 0x3C, 0x7F, 0xC3, 0xDC, 0x01, 0xC0, 0x1C, 0x01, 0xF0, 0x1F, 0x00, 0x70,
    0x07, 0x00, 0x70, 0xE0, 0x7E, 0x07, 0xE0, 0x7E, 0x07, 0xE2, 0x7E, 0x27, 0xE2, 0x7F, 0x2F, 0x7F,
    0xF3, 0xF7, 0x02, 0x70, 0x27, 0x02, 0x70, 0x07, 0x00, 0x70, 0xE0, 0xFC, 0x1F, 0x83, 0xF0, 0x7E,
    0x4F, 0xC9, 0xDF, 0xF9, 0xF7, 0x04, 0xE0, 0x9C, 0x13, 0x80, 0x70, 0xE0, 0x0E, 0x00, 0xE0, 0x0E,
    0x00, 0xE0, 0x0E, 0x00, 0xE7, 0x8F, 0xFE, 0xF0, 0xFE, 0x07, 0xE0, 0x7E, 0x07, 0xE0, 0x7E, 0x07,
    0xE0, 0x7E, 0x07, 0xE0, 0x38, 0x0E, 0x03, 0x80, 0xEF, 0x3F, 0xEF, 0x3F, 0x87, 0xE1, 0xF8, 0x7E,
    0x1F, 0x87, 0xE1, 0xF8, 0x7E, 0x1F, 0x87, 0x00, 0xFC, 0x00, 0x7F, 0xC0, 0x38, 0x7B, 0x9C, 0x0E,
    0xE7, 0x01, 0xFB, 0xC0, 0x7F, 0xFF, 0xFD, 0xFF, 0xFF, 0x0F, 0x00, 0x01, 0xC0, 0x00, 0x70, 0x00,
    0x1C, 0x02, 0x03, 0xC3, 0x80, 0x7F, 0xE0, 0x07, 0xF0, 0x01, 0xE0, 0x1F, 0xE0, 0x73, 0xBB, 0x87,
    0xEE, 0x1F, 0xFF, 0xF7, 0xFF, 0xC3, 0x80, 0x0E, 0x00, 0x1C, 0x20, 0x7F, 0x80, 0x7E, 0x00, 0xFC,
    0x00, 0x7F, 0xC0, 0x38, 0x7B, 0x9C, 0x0E, 0xE7, 0x01, 0xFB, 0xC0, 0x7F, 0xFF, 0xFD, 0xFF, 0xFF,
    0x0F, 0x00, 0x01, 0xC0, 0x00, 0x70, 0x00, 0x1E, 0x06, 0x03, 0xFF, 0x80, 0x7F, 0xE0, 0x07, 0xC0,
    0x00, 0xE0, 0x00, 0x38, 0x00, 0x0E, 0x00, 0x03, 0x80, 0x01, 0xE0, 0x1F, 0xE0, 0x63, 0xBB, 0x87,
    0xEC, 0x1F, 0xFF, 0xF7, 0xFF, 0xC3, 0x00, 0x0E, 0x00, 0x38, 0x20, 0x7F, 0x80, 0xFE, 0x01, 0xC0,
    0x07, 0x00, 0x1C, 0x00, 0x70, 0xFF, 0xFF, 0xFF, 0xFF, 0xFF, 0xFF, 0x03, 0x8E, 0x00, 0x0E, 0x70,
    0x00, 0x7F, 0x00, 0x01, 0xF0, 0x00, 0x00, 0x00, 0x00, 0x00, 0x01, 0xC1, 0xC1, 0xC7, 0x0E, 0x1C,
    0x3C, 0x71, 0xE0, 0xE3, 0x8E, 0x03, 0x9C, 0xE0, 0x1E, 0xEF, 0x00, 0x7F, 0xF0, 0x03, 0xFF, 0x80,
    0x3D, 0xDE, 0x01, 0xCE, 0x70, 0x1E, 0x73, 0xC1, 0xE3, 0x8F, 0x0E, 0x1C, 0x38, 0xF0, 0xE1, 0xEF,
    0x07, 0x07, 0x00, 0x07, 0x1C, 0x00, 0xE3, 0x80, 0x0F, 0xE0, 0x00, 0xF8, 0x00, 0x00, 0x00, 0xE1,
    0xC3, 0x8E, 0x38, 0xE1, 0xE7, 0x3C, 0x1C, 0xE7, 0x01, 0xDD, 0xC0, 0x3F, 0xF8, 0x07, 0xFF, 0x01,
    0xEE, 0xF0, 0x39, 0xCE, 0x0F, 0x39, 0xE3, 0xC7, 0x1E, 0x70, 0xE1, 0xC0, 0xE0, 0xF7, 0x0F, 0x38,
    0x71, 0xC7, 0x0E, 0x70, 0x77, 0x83, 0xF8, 0x1F, 0xF0, 0xFF, 0xE7, 0xFF, 0xB8, 0x1D, 0xC0, 0x7E,
    0x03, 0xF0, 0x1F, 0x80, 0xE0, 0x0F, 0x00, 0x70, 0x7F, 0x83, 0xF8, 0x1F, 0x80, 0xE1, 0xFC, 0x7B,
    0x9E, 0x77, 0x8E, 0xE1, 0xFC, 0x3F, 0xE7, 0xFE, 0xE1, 0xFC, 0x1F, 0x83, 0xF0, 0x70, 0x0E, 0x01,
    0xC0, 0x70, 0x7E, 0x0F, 0x00, 0x07, 0xFC, 0x07, 0xFE, 0x03, 0x87, 0x01, 0xC3, 0x80, 0xE1, 0xC0,
    0x70, 0xE0, 0x38, 0x70, 0x1C, 0x38, 0x1C, 0x1C, 0x0E, 0x0E, 0x07, 0x07, 0x03, 0x83, 0x8B, 0xC1,
    0xFF, 0xC0, 0xFF, 0xC0, 0x7E, 0x00, 0x07, 0x00, 0x07, 0x00, 0x03, 0x80, 0x03, 0xC0, 0x0F, 0xF0,
    0x1F, 0xE0, 0x71, 0xC0, 0xE3, 0x81, 0xC7, 0x03, 0x8E, 0x07, 0x1C, 0x0E, 0x38, 0x18, 0x70, 0x70,
    0xE3, 0xE1, 0xFF, 0x83, 0xF0, 0x00, 0xC0, 0x03, 0x80, 0x07, 0x00, 0x0E, 0xE0, 0x7E, 0x07, 0xE0,
    0x7E, 0x07, 0xE0, 0x7E, 0x07, 0xFF, 0xFF, 0xFF, 0xE0, 0x7E, 0x07, 0xE0, 0x7E, 0x07, 0xE0, 0x7E,
    0x07, 0xE0, 0x70, 0x07, 0x00, 0xF1, 0xFE, 0x1F, 0xC1, 0xF8, 0xE1, 0xF8, 0x7E, 0x1F, 0x87, 0xE1,
    0xFF, 0xFF, 0xFF, 0x87, 0xE1, 0xF8, 0x7E, 0x1F, 0x87, 0x01, 0xC0, 0x70, 0x38, 0x7E, 0x1E, 0x00,
    0xE0, 0x71, 0xC0, 0xE3, 0x81, 0xC7, 0x03, 0x8E, 0x07, 0x1C, 0x0E, 0x3F, 0xFC, 0x7F, 0xF8, 0xE0,
    0x71, 0xC0, 0xE3, 0x81, 0xC7, 0x03, 0x8E, 0x07, 0xFC, 0x0F, 0xF8, 0x1F, 0x80, 0x07, 0x00, 0x1C,
    0x00, 0x38, 0x00, 0xF0, 0xE1, 0xC7, 0x0E, 0x38, 0x71, 0xC3, 0x8E, 0x1C, 0x7F, 0xE3, 0xFF, 0x1C,
    0x38, 0xE1, 0xC7, 0x0E, 0x38, 0x7F, 0xC3, 0xF0, 0x03, 0x00, 0x38, 0x01, 0xC0, 0x0E, 0xE0, 0x7E,
    0x07, 0xE0, 0x7E, 0x07, 0xE0, 0x7E, 0x07, 0xE0, 0x7F, 0x0F, 0x7F, 0xF3, 0xF7, 0x00, 0x70, 0x07,
    0x03, 0xF0, 0x3F, 0x03, 0xF0, 0x38, 0x03, 0x80, 0x38, 0x03, 0x80, 0xE0, 0xFC, 0x1F, 0x83, 0xF0,
    0x7E, 0x0F, 0xC3, 0xDF, 0xF9, 0xF7, 0x00, 0xE0, 0x1C, 0x1F, 0x83, 0xF0, 0x70, 0x0E, 0x01, 0xC0,
    0x38, 0xF8, 0x1F, 0x1F, 0x03, 0xE3, 0xE0, 0x7C, 0x7E, 0x1F, 0x8F, 0xC3, 0x71, 0xD8, 0x6E, 0x3B,
    0x8D, 0xC7, 0x73, 0xB8, 0xE6, 0x67, 0x1C, 0xCC, 0xE3, 0x9F, 0x9C, 0x73, 0xE3, 0x8E, 0x3C, 0x7F,
    0xC7, 0x8F, 0xF8, 0xE1, 0xF8, 0x00, 0x07, 0x00, 0x01, 0xC0, 0x00, 0x38, 0x00, 0x0F, 0x00, 0xF8,
    0x3C, 0x7C, 0x3E, 0x3E, 0x1F, 0x1F, 0x8F, 0x8F, 0xCF, 0xC7, 0x66, 0xE3, 0xB3, 0x71, 0xDF, 0xB8,
    0xE7, 0x9C, 0x73, 0xCE, 0x39, 0xE7, 0xFC, 0x63, 0xF0, 0x00, 0x30, 0x00, 0x38, 0x00, 0x1C, 0x00,
    0x0E, 0xFF, 0xFF, 0xFF, 0xFF, 0xFF, 0xFF, 0x1C, 0x60, 0x3F, 0x80, 0x7C, 0x00, 0x00, 0x00, 0x00,
    0x1E, 0x00, 0x7C, 0x03, 0xF0, 0x0F, 0xC0, 0x3B, 0x81, 0xCE, 0x07, 0x38, 0x1C, 0x70, 0xE1, 0xC3,
    0xFF, 0x0F, 0xFE, 0x7F, 0xF9, 0xC0, 0xF7, 0x03, 0xFC, 0x07, 0x31, 0xCE, 0x73, 0xF8, 0x7C, 0x00,
    0x0F, 0xC7, 0xF8, 0x8F, 0x01, 0xC0, 0x73, 0xFD, 0xFF, 0xF1, 0xF8, 0x7E, 0x3F, 0xFF, 0x3C, 0xC0,
    0x0E, 0xE0, 0x1D, 0xC0, 0x3B, 0x80, 0x00, 0x00, 0x00, 0x00, 0x70, 0x01, 0xF0, 0x03, 0x60, 0x06,
    0xC0, 0x1D, 0xC0, 0x3B, 0x80, 0xF7, 0x81, 0xC7, 0x03, 0x8E, 0x0F, 0xFE, 0x1F, 0xFC, 0x3F, 0xF8,
    0xF0, 0x79, 0xE0, 0xF3, 0x80, 0xE0, 0x3B, 0x8E, 0xE3, 0xB8, 0x00, 0x3F, 0x0F, 0xE2, 0x3C, 0x07,
    0x01, 0xCF, 0xF7, 0xFF, 0xC7, 0xE1, 0xF8, 0xFF, 0xFC, 0xF3, 0x01, 0xFF, 0xE0, 0x7F, 0xFC, 0x0E,
    0xE0, 0x03, 0x9C, 0x00, 0x73, 0x80, 0x1C, 0x70, 0x03, 0x8F, 0xF8, 0x71, 0xFF, 0x1C, 0x38, 0x03,
    0xFF, 0x00, 0xFF, 0xE0, 0x1C, 0x1C, 0x07, 0x03, 0x80, 0xE0, 0x7F, 0xFC, 0x0F, 0xF8, 0x3F, 0x3E,
    0x3F, 0xFF, 0x88, 0x79, 0xC0, 0x38, 0x70, 0x1C, 0x39, 0xFF, 0xFD, 0xFF, 0xFF, 0xE3, 0x80, 0xE1,
    0xC0, 0x71, 0xF0, 0x9F, 0xDF, 0xC7, 0xC7, 0xE0, 0xE7, 0x3F, 0x8F, 0x80, 0x00, 0x07, 0xFF, 0xFF,
    0xC0, 0xE0, 0x70, 0x38, 0x1F, 0xEF, 0xF7, 0x03, 0x81, 0xC0, 0xE0, 0x70, 0x3F, 0xFF, 0xF0, 0x31,
    0xC7, 0x38, 0xFE, 0x0F, 0x80, 0x00, 0x3E, 0x0F, 0xF3, 0x8E, 0xE0, 0xFC, 0x1F, 0xFF, 0xFF, 0xFE,
    0x01, 0xC0, 0x1C, 0x11, 0xFE, 0x1F, 0xC0, 0x0F, 0xC0, 0x7F, 0x83, 0x87, 0x1C, 0x0E, 0xE0, 0x38,
    0x00, 0x70, 0x01, 0xFF, 0xFF, 0xFF, 0xFF, 0x80, 0x7E, 0x01, 0xDC, 0x0E, 0x70, 0x38, 0xE1, 0xC1,
    0xFE, 0x03, 0xF0, 0x1F, 0x0F, 0xF1, 0xC7, 0x00, 0x70, 0x0F, 0xFF, 0xFF, 0xFF, 0x07, 0xE0, 0xEE,
    0x38, 0xFE, 0x0F, 0x80, 0x1C, 0xE0, 0x73, 0x81, 0xCE, 0x00, 0x00, 0x00, 0x00, 0x7F, 0x07, 0xFE,
    0x18, 0x1C, 0x00, 0x38, 0x00, 0x70, 0x01, 0xFF, 0xFF, 0xFF, 0xFF, 0x80, 0x7E, 0x01, 0xF8, 0x0F,
    0x70, 0x39, 0xE1, 0xE3, 0xFF, 0x03, 0xF0, 0x73, 0x9C, 0xE7, 0x38, 0x00, 0x00, 0x1F, 0x8F, 0xF2,
    0x0E, 0x01, 0xC0, 0x7F, 0xFF, 0xFF, 0xE1, 0xF8, 0x77, 0x39, 0xFE, 0x3E, 0x00, 0x01, 0xDC, 0x00,
    0x0E, 0xE0, 0x00, 0x77, 0x00, 0x00, 0x00, 0x00, 0x00, 0x00, 0x3C, 0x38, 0x78, 0xE1, 0xC3, 0x83,
    0x8E, 0x38, 0x1C, 0x73, 0xC0, 0x73, 0x9C, 0x01, 0xDD, 0xC0, 0x0F, 0xFE, 0x00, 0x7F, 0xF0, 0x03,
    0xBB, 0x80, 0x39, 0xCE, 0x03, 0xCE, 0x78, 0x1C, 0x71, 0xC1, 0xE3, 0x8F, 0x1E, 0x1C, 0x3C, 0xE0,
    0xE0, 0xE0, 0x07, 0x70, 0x03, 0xB8, 0x01, 0xDC, 0x00, 0x00, 0x07, 0x1C, 0x7B, 0x8E, 0x38, 0xE7,
    0x38, 0x73, 0x9C, 0x1D, 0xDC, 0x07, 0xFC, 0x07, 0xFF, 0x03, 0xBB, 0x83, 0x9C, 0xE3, 0xCE, 0x79,
    0xC7, 0x1D, 0xE3, 0x8F, 0x3B, 0x87, 0x70, 0xEE, 0x00, 0x00, 0x00, 0xFF, 0x1F, 0xF3, 0x0F, 0x00,
    0xE0, 0x1C, 0x07, 0x1F, 0xC3, 0xFC, 0x03, 0x80, 0x38, 0x07, 0x00, 0xF8, 0x3B, 0xFF, 0x3F, 0x80,
    0x77, 0x3B, 0x9D, 0xC0, 0x00, 0x03, 0xF1, 0xFE, 0x87, 0x03, 0x81, 0xCF, 0xC7, 0xE0, 0x38, 0x1E,
    0x0F, 0xFE, 0x7E, 0x00, 0x7F, 0xEF, 0xFC, 0x0F, 0x03, 0xC0, 0xF0, 0x3C, 0x07, 0xE0, 0xFE, 0x07,
    0xE0, 0x1C, 0x03, 0x80, 0x7C, 0x1D, 0xFF, 0x9F, 0xC0, 0x7F, 0xEF, 0xFC, 0x0F, 0x03, 0xC0, 0x70,
    0x1C, 0x07, 0x80, 0xFC, 0x1F, 0xC0, 0x3C, 0x03, 0x80, 0x70, 0x0E, 0x01, 0xF0, 0x77, 0xFE, 0x7F,
    0x00, 0x1F, 0x81, 0xF8, 0x00, 0x0E, 0x07, 0xE0, 0xFE, 0x0F, 0xE1, 0xFE, 0x1F, 0xE3, 0x7E, 0x37,
    0xE6, 0x7E, 0x67, 0xEC, 0x7E, 0xC7, 0xFC, 0x7F, 0x87, 0xF8, 0x7F, 0x07, 0xF0, 0x70, 0x3F, 0x1F,
    0x80, 0x00, 0x0E, 0x3F, 0x3F, 0x9F, 0xCF, 0xEF, 0xF7, 0xFE, 0xFF, 0x7F, 0x3F, 0x9F, 0xCF, 0xC7,
    0x1D, 0xC0, 0xEE, 0x07, 0x70, 0x00, 0x00, 0x00, 0x70, 0x3F, 0x83, 0xFC, 0x1F, 0xE1, 0xFF, 0x0D,
    0xF8, 0xEF, 0xC6, 0x7E, 0x73, 0xF3, 0x1F, 0xB8, 0xFD, 0x87, 0xFC, 0x3F, 0xC1, 0xFE, 0x0F, 0xE0,
    0x70, 0x3B, 0x87, 0x70, 0xEE, 0x00, 0x0E, 0x1F, 0xC3, 0xF8, 0xFF, 0x3F, 0xE7, 0xFD, 0xDF, 0xBB,
    0xFE, 0x7F, 0xCF, 0xF1, 0xFE, 0x3F, 0x87, 0x1C, 0xE0, 0x73, 0x81, 0xCE, 0x00, 0x00, 0x00, 0x00,
    0x3F, 0x03, 0xFF, 0x1F, 0xFE, 0x78, 0x7B, 0xC0, 0xFE, 0x01, 0xF8, 0x07, 0xE0, 0x1F, 0x80, 0x7E,
    0x01, 0xFC, 0x0F, 0x78, 0x79, 0xFF, 0xE3, 0xFF, 0x03, 0xF0, 0x3B, 0x87, 0x70, 0xEE, 0x00, 0x00,
    0x00, 0x3E, 0x0F, 0xE3, 0x8E, 0xE0, 0xFC, 0x1F, 0x83, 0xF0, 0x7E, 0x0F, 0xC1, 0xDC, 0x71, 0xFC,
    0x1F, 0x00, 0x0F, 0xC0, 0x7F, 0x83, 0x87, 0x1C, 0x0E, 0x70, 0x3B, 0x80, 0x7E, 0x01, 0xFF, 0xFF,
    0xFF, 0xFF, 0x80, 0x7E, 0x01, 0xFC, 0x0E, 0x70, 0x38, 0xE1, 0xC3, 0xFF, 0x03, 0xF0, 0x1F, 0x07,
    0xF1, 0xC7, 0x70, 0x7E, 0x0F, 0xFF, 0xFF, 0xFF, 0x07, 0xE0, 0xEE, 0x38, 0xFE, 0x0F, 0x80, 0x1C,
    0xE0, 0x73, 0x81, 0xCE, 0x00, 0x00, 0x00, 0x00, 0x3F, 0x03, 0xFF, 0x1E, 0x1E, 0x70, 0x3B, 0x80,
    0x7E, 0x01, 0xFF, 0xFF, 0xFF, 0xFF, 0x80, 0x7E, 0x01, 0xF8, 0x07, 0x70, 0x39, 0xE1, 0xE3, 0xFF,
    0x03, 0xF0, 0x3B, 0x87, 0x70, 0xEE, 0x00, 0x00, 0x00, 0x3E, 0x0F, 0xE3, 0x8E, 0xF1, 0xFC, 0x3F,
    0xFF, 0xFF, 0xFE, 0x1F, 0xE3, 0xDC, 0x71, 0xFC, 0x1F, 0x00, 0x77, 0x0E, 0xE1, 0xDC, 0x00, 0x00,
    0x00, 0xFC, 0x3F, 0xE2, 0x1E, 0x01, 0xC0, 0x1C, 0x03, 0x9F, 0xF3, 0xFE, 0x01, 0xC0, 0x38, 0x07,
    0x01, 0xD0, 0x7B, 0xFE, 0x3F, 0x00, 0x77, 0x1D, 0xC7, 0x70, 0x00, 0x00, 0x1F, 0x87, 0xF1, 0x0E,
    0x01, 0xC0, 0x73, 0xFC, 0xFF, 0x01, 0xC0, 0xF8, 0x3B, 0xFC, 0x7E, 0x00, 0x1F, 0x81, 0xF8, 0x00,
    0x06, 0x07, 0x70, 0xE7, 0x0E, 0x30, 0xE3, 0x9C, 0x39, 0xC3, 0x9C, 0x19, 0x81, 0xF8, 0x1F, 0x80,
    0xF0, 0x0F, 0x00, 0x70, 0x06, 0x03, 0xE0, 0x3C, 0x00, 0x3F, 0x07, 0xE0, 0x00, 0x00, 0x0C, 0x0D,
    0xC3, 0xB8, 0x73, 0x0C, 0x73, 0x8E, 0x70, 0xCC, 0x1D, 0x83, 0xF0, 0x3C, 0x07, 0x80, 0xF0, 0x0C,
    0x0F, 0x81, 0xE0, 0x00, 0x1D, 0xC0, 0xEE, 0x07, 0x70, 0x00, 0x00, 0x00, 0x38, 0x1D, 0xC1, 0xC6,
    0x0E, 0x38, 0xF1, 0xC7, 0x07, 0x38, 0x3B, 0x80, 0xDC, 0x07, 0xE0, 0x1E, 0x00, 0xF0, 0x07, 0x03,
    0xF8, 0x1F, 0x80, 0xF8, 0x00, 0x3B, 0x87, 0x70, 0xEE, 0x00, 0x00, 0x01, 0xC1, 0xFC, 0x3B, 0x8E,
    0x71, 0xC6, 0x38, 0xEE, 0x1D, 0xC1, 0xB8, 0x36, 0x07, 0xC0, 0x78, 0x0E, 0x01, 0xC0, 0x38, 0x0E,
    0x0F, 0x81, 0xE0, 0x00, 0x07, 0x78, 0x33, 0x03, 0x30, 0x00, 0x00, 0x00, 0x70, 0x1D, 0xC1, 0xCE,
    0x0E, 0x78, 0xF1, 0xC7, 0x0F, 0x38, 0x3B, 0x81, 0xDC, 0x07, 0xC0, 0x3E, 0x00, 0xF0, 0x0F, 0x03,
    0xF8, 0x1F, 0x80, 0xF0, 0x00, 0x0E, 0xF0, 0xCC, 0x19, 0x80, 0x00, 0xF0, 0x77, 0x0F, 0x70, 0xE3,
    0x8E, 0x38, 0xE3, 0x9C, 0x1D, 0xC1, 0xD8, 0x1F, 0x80, 0xF8, 0x0F, 0x00, 0x70, 0x07, 0x00, 0xE0,
    0x0E, 0x07, 0xC0, 0x78, 0x00, 0x39, 0xC3, 0x9C, 0x39, 0xC0, 0x00, 0x00, 0x0E, 0x07, 0xE0, 0x7E,
    0x07, 0xE0, 0x7E, 0x07, 0xE0, 0x7F, 0x07, 0x7F, 0xF3, 0xFF, 0x00, 0x70, 0x07, 0x00, 0x70, 0x07,
    0x00, 0x70, 0x07, 0x73, 0x9C, 0xE7, 0x38, 0x00, 0xE1, 0xF8, 0x7E, 0x1F, 0x87, 0xE1, 0xFC, 0x77,
    0xFC, 0xFF, 0x01, 0xC0, 0x70, 0x1C, 0x07, 0xFF, 0xFF, 0xFE, 0x03, 0x80, 0xE0, 0x38, 0x0E, 0x03,
    0x80, 0xE0, 0x38, 0x0E, 0x03, 0x80, 0xFC, 0x3F, 0x0F, 0xC0, 0x70, 0x1C, 0x07, 0x01, 0xC0, 0xFF,
    0xFF, 0xE0, 0xE0, 0xE0, 0xE0, 0xE0, 0xE0, 0xE0, 0xE0, 0xFC, 0xFC, 0x1C, 0x1C, 0x1C, 0x1C, 0x0E,
    0xE0, 0x1D, 0xC0, 0x3B, 0x80, 0x00, 0x00, 0x00, 0x1C, 0x01, 0xF8, 0x03, 0xF0, 0x07, 0xE0, 0x0F,
    0xC0, 0x1F, 0xF8, 0x3F, 0xFC, 0x7E, 0x3C, 0xFC, 0x39, 0xF8, 0x73, 0xF0, 0xE7, 0xE1, 0xCF, 0xC7,
    0x9F, 0xFE, 0x3F, 0xF0, 0x70, 0x1C, 0xE0, 0x73, 0x81, 0xCE, 0x00, 0x00, 0xE0, 0x1F, 0x80, 0x7E,
    0x01, 0xF8, 0x07, 0xFF, 0x1F, 0xFE, 0x7E, 0x3D, 0xF8, 0x77, 0xE1, 0xDF, 0x8F, 0x7F, 0xF9, 0xFF,
    0xC7, 0x7F, 0xEF, 0xFD, 0xC0, 0x38, 0x07, 0x00, 0xE0, 0x3F, 0xE7, 0xFC, 0x70, 0x0E, 0x01, 0xC0,
    0x38, 0x07, 0x00, 0xEE, 0x1D, 0xC0, 0x38, 0x07, 0x00, 0xE0, 0xF8, 0x1E, 0x00, 0x7F, 0xDF, 0xF7,
    0x01, 0xC0, 0x70, 0x3F, 0xCF, 0xF1, 0xC0, 0x70, 0x1F, 0x87, 0xE1, 0xF8, 0x0E, 0x03, 0x80, 0xE0,
    0xF8, 0x3C, 0x00, 0x70, 0x38, 0x70, 0xF0, 0xF1, 0xC0, 0xE7, 0x81, 0xEE, 0x01, 0xF8, 0x01, 0xF0,
    0x03, 0xC0, 0x0F, 0xC0, 0x1F, 0x80, 0x7B, 0x80, 0xE7, 0x83, 0x87, 0xEF, 0x07, 0xDC, 0x0F, 0x80,
    0x07, 0x00, 0x0E, 0x00, 0x1C, 0x01, 0xF0, 0x03, 0xC0, 0x70, 0xF3, 0xCF, 0x0E, 0x70, 0x7F, 0x81,
    0xF8, 0x07, 0x80, 0x7C, 0x03, 0xF0, 0x3F, 0xC1, 0xCE, 0x1C, 0x7F, 0xE1, 0xF0, 0x03, 0x80, 0x1C,
    0x00, 0xE0, 0x1F, 0x00, 0xF0, 0x70, 0x39, 0xE1, 0xE3, 0x87, 0x07, 0x3C, 0x1F, 0xE0, 0x3F, 0x07,
    0xFF, 0x9F, 0xFE, 0x0F, 0xC0, 0x7F, 0x81, 0xCE, 0x0F, 0x3C, 0x78, 0x79, 0xC0, 0xEF, 0x03, 0xC0,
    0x70, 0xE7, 0x9E, 0x39, 0xC3, 0xFC, 0x1F, 0x87, 0xFE, 0x7F, 0xE1, 0xF8, 0x3F, 0xC3, 0x9C, 0x70,
    0xEF, 0x0F, 0xE0, 0x6E, 0x0C, 0xE1, 0x8E, 0x73, 0xCC, 0xFF, 0x99, 0xE7, 0x18, 0xE3, 0x9C, 0x3B,
    0x03, 0x60, 0x70, 0x7E, 0x1F, 0xC0, 0x38, 0x0E, 0x03, 0x80, 0xE0, 0x38, 0x0E, 0x03, 0x80, 0xEF,
    0xFF, 0xFF, 0x7C, 0x7E, 0x0E, 0x0E, 0x0E, 0x0E, 0x0E, 0x0E, 0x0E, 0x3E, 0xF6, 0xE7, 0xFF, 0xFF,
    0xFC, 0x0E, 0x01, 0xC0, 0x38, 0x07, 0x00, 0xE0, 0x1C, 0x03, 0x80, 0x70, 0x0E, 0x01, 0xC0, 0xFF,
    0x3F, 0xE0, 0x1C, 0x07, 0x01, 0xF8, 0x7E, 0x1F, 0x87, 0xE1, 0xF8, 0x7E, 0x1F, 0x87, 0xFF, 0xCE,
    0x73, 0x9C, 0xE7, 0x39, 0xCE, 0x70, 0xFD, 0xF8, 0x61, 0x87, 0x0E, 0x1C, 0x38, 0x70, 0xF1, 0xE1,
    0xC0, 0xFF, 0xCF, 0xFE, 0x70, 0xF7, 0x07, 0x70, 0x77, 0x07, 0x70, 0x77, 0x07, 0x70, 0x77, 0x07,
    0x70, 0x77, 0x07, 0xE7, 0x9C, 0xFB, 0x87, 0xF0, 0x7E, 0x0F, 0xC1, 0xF8, 0x3F, 0x07, 0xE1, 0xEE,
    0x38, 0xFE, 0x0F, 0x80, 0xFF, 0xCE, 0x73, 0x9C, 0xE0, 0x7F, 0x3F, 0xE0, 0x3C, 0x07, 0x01, 0xC0,
    0x70, 0x1C, 0x07, 0x01, 0xC0, 0x70, 0x1C, 0x07, 0x01, 0xC0, 0x70, 0x1C, 0x07, 0x7E, 0x1F, 0xC0,
    0x38, 0x07, 0x01, 0xC0, 0x70, 0x1C, 0x07, 0x01, 0xC0, 0xEF, 0xF3, 0xF8, 0xE0, 0x38, 0x0E, 0x03,
    0xFF, 0xFF, 0xC0, 0x60, 0x18, 0x0E, 0x03, 0x00, 0xC0, 0x70, 0x18, 0x0E, 0x03, 0x80, 0xC0, 0xFF,
    0xCF, 0xFE, 0x70, 0x77, 0x07, 0x70, 0x77, 0x07, 0x70, 0x77, 0x07, 0x70, 0x77, 0x07, 0x7F, 0xF7,
    0xFF, 0x63, 0xC3, 0x3F, 0x9F, 0x1C, 0x70, 0x73, 0x83, 0x98, 0x1C, 0xC0, 0xEE, 0x07, 0x70, 0x7B,
    0x83, 0x9D, 0xF8, 0xCF, 0x80, 0xFF, 0xCE, 0x73, 0x9C, 0xE7, 0x39, 0xCE, 0x73, 0x9C, 0xE7, 0x79,
    0xF1, 0xC7, 0x1C, 0x71, 0xC7, 0x1C, 0x7F, 0xFF, 0x7F, 0xC7, 0xFE, 0x38, 0xE3, 0x07, 0x70, 0x77,
    0x07, 0x70, 0x77, 0x07, 0x70, 0x73, 0x8E, 0x3F, 0xC0, 0xF8, 0x60, 0xEC, 0x1D, 0xC3, 0xB8, 0x77,
    0x0E, 0x61, 0xCC, 0x39, 0xC7, 0x39, 0xC3, 0x78, 0x7E, 0x7F, 0x0F, 0x00, 0x3F, 0x0F, 0xF3, 0xC7,
    0x70, 0x7E, 0x0F, 0xC1, 0xDE, 0x39, 0xC7, 0x00, 0xE0, 0x1C, 0x03, 0x80, 0x70, 0x0E, 0x01, 0xC0,
    0x38, 0x07, 0x3F, 0x0F, 0xF3, 0xC7, 0x70, 0x7E, 0x0F, 0xC1, 0xDE, 0x39, 0xC7, 0x01, 0xE0, 0x7B,
    0xFE, 0x7F, 0x00, 0x60, 0xDC, 0x33, 0x0C, 0xE7, 0x39, 0xC6, 0x61, 0xF8, 0x7C, 0x0C, 0x03, 0x80,
    0xE0, 0x18, 0x06, 0x01, 0xC0, 0x70, 0x0C, 0xE1, 0xDC, 0x77, 0x1C, 0xE6, 0x19, 0x87, 0xE0, 0xF0,
    0x18, 0x07, 0x00, 0xEF, 0xFB, 0xFE, 0x7F, 0xF7, 0xFF, 0x00, 0x70, 0x06, 0x00, 0x67, 0x0E, 0x70,
    0xC7, 0x0C, 0x71, 0xC7, 0x1C, 0x71, 0x87, 0x38, 0x70, 0x07, 0x00, 0x70, 0x07, 0x00, 0xFE, 0x7F,
    0x81, 0xE0, 0x70, 0x38, 0x1C, 0x0E, 0x07, 0x03, 0x81, 0xC0, 0xE0, 0x70, 0xE7, 0x3F, 0x39, 0xF9,
    0xCF, 0xCE, 0x7E, 0xE3, 0xFF, 0x1F, 0xE0, 0xFC, 0x07, 0x70, 0x73, 0xC7, 0x8F, 0xF8, 0x1F, 0x80,
    0xFF, 0xCF, 0xFE, 0x38, 0x73, 0x87, 0x38, 0x73, 0x87, 0x38, 0x73, 0x87, 0x38, 0x73, 0x87, 0xF8,
    0x7F, 0x07, 0x36, 0x6F, 0x70, 0x37, 0x76, 0xEE, 0x00, 0x00, 0xEE, 0xE0, 0x3F, 0x3F, 0xFC, 0xFC,
    0x0E, 0x03, 0x80, 0xE0, 0x38, 0x0C, 0x07, 0x00, 0x00, 0x00, 0xE0, 0x70, 0x38, 0x3E, 0x3C, 0x70,
    0x70, 0x71, 0x3F, 0x3F, 0xFC, 0x60, 0xFF, 0xFC, 0x4F, 0xE4, 0xE3, 0x1C, 0xE7, 0x38, 0xC6, 0x31,
    0x8E, 0x73, 0x9C, 0xE1, 0xF0, 0xDF, 0xEF, 0xE7, 0xE3, 0x81, 0xC0, 0xE0, 0x70, 0x18, 0x0C, 0x06,
    0x03, 0x01, 0x80, 0xE0, 0xCC, 0xCD, 0x99, 0xBF, 0xF7, 0xFC, 0xE0, 0x0C, 0x01, 0x80, 0x30, 0x06,
    0x00, 0xC0, 0x18, 0x03, 0x80, 0x70, 0x00, 0x1C, 0x1E, 0x1E, 0x0C, 0x0E, 0x03, 0xA1, 0xF0, 0x78,
    0x70, 0x30, 0x38, 0x1C, 0x27, 0xF9, 0xF8, 0x1C, 0x1F, 0x9D, 0xCC, 0x7E, 0x3F, 0x1F, 0x87, 0xC7,
    0x77, 0xBF, 0x8F, 0x80, 0xFF, 0x7F, 0x8F, 0xC0, 0x60, 0x30, 0x18, 0x0C, 0x06, 0x03, 0x01, 0xC0,
    0xE0, 0x70, 0x18, 0x0C, 0xE0, 0xEC, 0x1D, 0xC3, 0x38, 0xE3, 0x18, 0x63, 0x0E, 0xE0, 0xD8, 0x1B,
    0x03, 0xE0, 0x7C, 0x07, 0x00, 0xE0, 0x1C, 0x00, 0x0E, 0x01, 0xC0, 0x3C, 0x07, 0x81, 0xF0, 0x36,
    0x06, 0xE1, 0xDC, 0x39, 0x86, 0x39, 0xC7, 0x38, 0x66, 0x0F, 0xC1, 0xC0, 0x3C, 0x3F, 0x19, 0xDC,
    0xEE, 0x37, 0x99, 0xFC, 0x7E, 0x03, 0x01, 0x80, 0xC0, 0x70, 0x38, 0x0C, 0x00, 0xE0, 0x06, 0x80,
    0x7E, 0x07, 0xC0, 0x3C, 0x03, 0xC0, 0x3C, 0x07, 0xE0, 0x6F, 0xFE, 0x7F, 0xC1, 0xF0, 0xFF, 0xC0,
    0x4F, 0xE4, 0xE3, 0x1C, 0xE7, 0x38, 0xC6, 0x31, 0x8E, 0x73, 0x9C, 0xE1, 0xF0, 0xDF, 0xEF, 0xE7,
    0xE3, 0x81, 0xC0, 0xE0, 0x70, 0x18, 0x0C, 0x06, 0x03, 0x01, 0x80, 0xE0, 0xCC, 0xCD, 0x99, 0xBF,
    0xF7, 0xFC, 0xE0, 0x0C, 0x01, 0x80, 0x30, 0x06, 0x00, 0xC0, 0x18, 0x03, 0x80, 0x70, 0x00, 0xE7,
    0x77, 0xBB, 0x0D, 0xD7, 0xFB, 0xFD, 0xC0, 0xE0, 0x70, 0x38, 0x0C, 0x06, 0x03, 0x01, 0x80, 0x08,
    0x1E, 0x07, 0x07, 0xC3, 0x73, 0x99, 0x8F, 0xC7, 0xC1, 0xE0, 0xF2, 0x7D, 0xBF, 0xFB, 0xB8, 0x1E,
    0x1F, 0x1C, 0x0E, 0x07, 0x01, 0xC8, 0xFE, 0x1E, 0x1E, 0x0E, 0x0E, 0x0E, 0x07, 0x07, 0x00, 0xE0,
    0xEC, 0x1D, 0xC3, 0x38, 0xE3, 0x18, 0x63, 0x0E, 0xE0, 0xD8, 0x1B, 0x03, 0xE0, 0x7C, 0x07, 0x00,
    0xE0, 0x1C, 0x00, 0x0E, 0x01, 0xC0, 0x3C, 0x07, 0x81, 0xF0, 0x36, 0x06, 0xE1, 0xDC, 0x39, 0x86,
    0x39, 0xC7, 0x38, 0x66, 0x0F, 0xC1, 0xC0, 0x3C, 0x3F, 0x19, 0xDC, 0xEE, 0x37, 0x99, 0xFC, 0x7E,
    0x03, 0x01, 0x80, 0xC0, 0x70, 0x38, 0x0C, 0x03, 0x80, 0x1F, 0x00, 0x6C, 0x03, 0xB0, 0x0E, 0xE0,
    0x3B, 0x81, 0xEE, 0x07, 0x1C, 0x1C, 0x70, 0xFF, 0xE3, 0xFF, 0x8F, 0xFE, 0x78, 0x3D, 0xE0, 0xF7,
    0x01, 0xC0, 0x00, 0x03, 0x80, 0x0E, 0x00, 0x38, 0x00, 0x3F, 0x1F, 0xE2, 0x3C, 0x07, 0x01, 0xCF,
    0xF7, 0xFF, 0xC7, 0xE1, 0xF8, 0xFF, 0xFD, 0xF3, 0x00, 0x03, 0x80, 0xE0, 0x38, 0x07, 0x80, 0x0F,
    0x80, 0x07, 0x00, 0x0E, 0x00, 0x38, 0x00, 0x60, 0x00, 0x00, 0x03, 0xE0, 0x07, 0xC0, 0x1F, 0x80,
    0x3F, 0x80, 0x77, 0x01, 0xCE, 0x03, 0x9E, 0x07, 0x1C, 0x1E, 0x38, 0x3F, 0xF8, 0x7F, 0xF1, 0xFF,
    0xF3, 0x81, 0xE7, 0x01, 0xDE, 0x03, 0xC0, 0x1E, 0x07, 0xC0, 0x70, 0x3C, 0x0C, 0x00, 0x03, 0xF1,
    0xFE, 0x23, 0xC0, 0x70, 0x1C, 0xFF, 0x7F, 0xFC, 0x7E, 0x1F, 0x8F, 0xFF, 0xCF, 0x30, 0x00, 0x1C,
    0x1E, 0xC0, 0x7C, 0x03, 0x30, 0x18, 0x60, 0x00, 0x00, 0x78, 0x01, 0xF0, 0x0F, 0xC0, 0x3F, 0x00,
    0xEE, 0x07, 0x38, 0x1C, 0xE0, 0x71, 0xC3, 0x87, 0x0F, 0xFC, 0x3F, 0xF9, 0xFF, 0xE7, 0x03, 0xDC,
    0x0F, 0xF0, 0x1C, 0x00, 0x71, 0xEC, 0x3B, 0x03, 0x18, 0x00, 0x03, 0xF0, 0x7F, 0x82, 0x3C, 0x01,
    0xC0, 0x1C, 0x3F, 0xC7, 0xFC, 0xF1, 0xCE, 0x1C, 0xE3, 0xCF, 0xFC, 0x3C, 0xC0, 0x60, 0x00, 0xDE,
    0x00, 0x7C, 0x03, 0x30, 0x18, 0x60, 0x00, 0x00, 0x78, 0x01, 0xF0, 0x0F, 0xC0, 0x3F, 0x00, 0xEE,
    0x07, 0x38, 0x1C, 0xE0, 0x71, 0xC3, 0x87, 0x0F, 0xFC, 0x3F, 0xF9, 0xFF, 0xE7, 0x03, 0xDC, 0x0F,
    0xF0, 0x1C, 0xC0, 0x0D, 0xE0, 0x76, 0x0C, 0x60, 0x00, 0x3F, 0x0F, 0xF0, 0x8F, 0x00, 0xE0, 0x1C,
    0x7F, 0x9F, 0xF7, 0x8E, 0xE1, 0xDC, 0x7B, 0xFF, 0x1E, 0x60, 0x00, 0x38, 0x00, 0xE0, 0x01, 0x81,
    0xEC, 0x07, 0xC0, 0x33, 0x01, 0x86, 0x00, 0x00, 0x07, 0x80, 0x1F, 0x00, 0xFC, 0x03, 0xF0, 0x0E,
    0xE0, 0x73, 0x81, 0xCE, 0x07, 0x1C, 0x38, 0x70, 0xFF, 0xC7, 0xFF, 0x9F, 0xFE, 0x70, 0x3B, 0xC0,
    0xFF, 0x01, 0xC0, 0x00, 0xE0, 0x0E, 0x00, 0x21, 0xEC, 0x3B, 0x03, 0x18, 0x00, 0x03, 0xF0, 0x7F,
    0x82, 0x3C, 0x01, 0xC0, 0x1C, 0x3F, 0xC7, 0xFC, 0xF1, 0xCE, 0x1C, 0xE3, 0xCF, 0xFC, 0x3C, 0xC0,
    0x07, 0x30, 0x3F, 0x80, 0xCE, 0x00, 0xE0, 0x07, 0xC0, 0x39, 0x80, 0x00, 0x00, 0x00, 0x07, 0x80,
    0x1F, 0x00, 0xFC, 0x03, 0xF0, 0x0E, 0xE0, 0x73, 0x81, 0xCE, 0x07, 0x1C, 0x38, 0x70, 0xFF, 0xC3,
    0xFF, 0x9F, 0xFE, 0x70, 0x3D, 0xC0, 0xFF, 0x01, 0xC0, 0x1C, 0xC7, 0xE3, 0x38, 0x3C, 0x1F, 0x8C,
    0x60, 0x00, 0xFC, 0x7F, 0x88, 0xF0, 0x1C, 0x07, 0x3F, 0xDF, 0xFF, 0x1F, 0x87, 0xE3, 0xFF, 0xF3,
    0xCC, 0x03, 0x80, 0x1F, 0x00, 0xEE, 0x03, 0x18, 0x00, 0x00, 0x0E, 0x00, 0x7C, 0x01, 0xB0, 0x0E,
    0xC0, 0x3B, 0x80, 0xEE, 0x07, 0xB8, 0x1C, 0x70, 0x71, 0xC3, 0xFF, 0x8F, 0xFE, 0x3F, 0xF9, 0xE0,
    0xF7, 0x83, 0xDC, 0x07, 0x00, 0x00, 0x0E, 0x00, 0x38, 0x00, 0xE0, 0x0E, 0x07, 0xC3, 0x18, 0x00,
    0x3F, 0x1F, 0xE2, 0x3C, 0x07, 0x01, 0xCF, 0xF7, 0xFF, 0xC7, 0xE1, 0xF8, 0xFF, 0xFC, 0xF3, 0x00,
    0x03, 0x80, 0xE0, 0x38, 0x01, 0x80, 0x0C, 0x00, 0xC6, 0x03, 0xF8, 0x07, 0xC0, 0x00, 0x00, 0x00,
    0x01, 0xE0, 0x07, 0xC0, 0x3F, 0x00, 0xFC, 0x03, 0xB8, 0x1C, 0xE0, 0x73, 0x81, 0xC7, 0x0E, 0x1C,
    0x3F, 0xF0, 0xFF, 0xE7, 0xFF, 0x9C, 0x0F, 0xF0, 0x3F, 0xC0, 0x70, 0x07, 0x01, 0x02, 0x18, 0xFE,
    0x1F, 0x00, 0x03, 0xF1, 0xFE, 0x23, 0xC0, 0x70, 0x1C, 0xFF, 0x7F, 0xFC, 0x7E, 0x1F, 0x8F, 0xFF,
    0xCF, 0x30, 0x06, 0x00, 0x0C, 0x00, 0xC6, 0x03, 0xF8, 0x07, 0xC0, 0x00, 0x00, 0x00, 0x01, 0xE0,
    0x07, 0xC0, 0x3F, 0x00, 0xFC, 0x03, 0xB8, 0x1C, 0xE0, 0x73, 0x81, 0xC7, 0x0E, 0x1C, 0x3F, 0xF0,
    0xFF, 0xE7, 0xFF, 0x9C, 0x0F, 0x70, 0x3F, 0xC0, 0x70, 0x1C, 0x03, 0x02, 0x18, 0xFE, 0x1F, 0x00,
    0x03, 0xF1, 0xFE, 0x23, 0xC0, 0x70, 0x1C, 0xFF, 0x7F, 0xFC, 0x7E, 0x1F, 0x8F, 0xFF, 0xCF, 0x30,
    0x03, 0x80, 0x01, 0x00, 0x25, 0x80, 0x7F, 0x00, 0x7C, 0x00, 0x00, 0x00, 0x00, 0x03, 0xE0, 0x07,
    0xC0, 0x0F, 0x80, 0x3B, 0x80, 0x77, 0x00, 0xEE, 0x03, 0x8E, 0x07, 0x1C, 0x1E, 0x38, 0x3F, 0xF8,
    0x7F, 0xF1, 0xFF, 0xE3, 0xC1, 0xE7, 0x01, 0xDE, 0x03, 0x80, 0x0E, 0x01, 0x80, 0x40, 0x86, 0x3F,
    0x87, 0xC0, 0x00, 0xFC, 0x7F, 0x88, 0xF0, 0x1C, 0x07, 0x3F, 0xDF, 0xFF, 0x1F, 0x87, 0xE3, 0xFF,
    0xF3, 0xCC, 0x07, 0x20, 0x3F, 0x80, 0x9C, 0x03, 0x18, 0x0F, 0xE0, 0x1F, 0x00, 0x00, 0x00, 0x00,
    0x07, 0x80, 0x3E, 0x00, 0xFC, 0x03, 0x70, 0x1D, 0xC0, 0x73, 0x83, 0xCE, 0x0E, 0x38, 0x38, 0xF1,
    0xFF, 0xC7, 0xFF, 0x1F, 0xFE, 0xF0, 0x3B, 0xC0, 0xEE, 0x03, 0xC0, 0x1C, 0xC7, 0xE3, 0x38, 0xC2,
    0x1F, 0x83, 0xC0, 0x00, 0xFC, 0x7F, 0x88, 0xF0, 0x1C, 0x07, 0x3F, 0xDF, 0xFF, 0x1F, 0x87, 0xE3,
    0xFF, 0xF3, 0xCC, 0x0C, 0x30, 0x18, 0xE0, 0x1F, 0x80, 0x1E, 0x00, 0x00, 0x00, 0x00, 0x00, 0xE0,
    0x03, 0xE0, 0x06, 0xC0, 0x1D, 0xC0, 0x3B, 0x80, 0x77, 0x01, 0xE7, 0x03, 0x8E, 0x07, 0x1C, 0x1F,
    0xFC, 0x3F, 0xF8, 0x7F, 0xF9, 0xE0, 0xF3, 0x80, 0xE7, 0x01, 0xE0, 0x00, 0x00, 0xE0, 0x01, 0xC0,
    0x03, 0x80, 0x30, 0xCF, 0xF0, 0xF0, 0x00, 0x3F, 0x0F, 0xE2, 0x3C, 0x07, 0x01, 0xCF, 0xF7, 0xFF,
    0xC7, 0xE1, 0xF8, 0xFF, 0xFC, 0xF3, 0x00, 0x03, 0x80, 0xE0, 0x38, 0xFF, 0xFF, 0xF8, 0x1C, 0x0E,
    0x07, 0x03, 0xFD, 0xFE, 0xE0, 0x70, 0x38, 0x1C, 0x0E, 0x07, 0xFF, 0xFE, 0x00, 0x38, 0x1C, 0x0E,
    0x00, 0x1F, 0x07, 0xF9, 0xC7, 0x70, 0x7E, 0x0F, 0xFF, 0xFF, 0xFF, 0x00, 0xE0, 0x0E, 0x08, 0xFF,
    0x0F, 0xE0, 0x00, 0x1C, 0x03, 0x80, 0x70, 0x3C, 0x1F, 0x03, 0x81, 0xC1, 0xC0, 0xC0, 0x01, 0xFF,
    0xFF, 0xF0, 0x38, 0x1C, 0x0E, 0x07, 0xFB, 0xFD, 0xC0, 0xE0, 0x70, 0x38, 0x1C, 0x0F, 0xFF, 0xFC,
    0x1E, 0x03, 0xE0, 0x1C, 0x07, 0x80, 0xC0, 0x00, 0x07, 0xC1, 0xFE, 0x71, 0xDC, 0x1F, 0x83, 0xFF,
    0xFF, 0xFF, 0xC0, 0x38, 0x03, 0x82, 0x3F, 0xC3, 0xF8, 0x19, 0x0F, 0xC2, 0x60, 0x00, 0xFF, 0xFF,
    0xFE, 0x03, 0x80, 0xE0, 0x38, 0x0E, 0x03, 0xFF, 0xFF, 0xF8, 0x0E, 0x03, 0x80, 0xE0, 0x38, 0x0F,
    0xFF, 0xFF, 0x1C, 0x87, 0xF0, 0xDC, 0x00, 0x01, 0xF0, 0x7F, 0x1C, 0x77, 0x07, 0xE0, 0xFF, 0xFF,
    0xFF, 0xF0, 0x0E, 0x00, 0xE3, 0x8F, 0xF0, 0xF8, 0x01, 0xCE, 0x66, 0xC3, 0x98, 0x82, 0x00, 0x0F,
    0xFB, 0xFE, 0xE0, 0x38, 0x0E, 0x03, 0x80, 0xFF, 0x3F, 0xCE, 0x03, 0x80, 0xE0, 0x38, 0x0E, 0x03,
    0xFE, 0xFF, 0x80, 0x00, 0x38, 0x03, 0x07, 0xC0, 0x63, 0x06, 0x0C, 0x00, 0x00, 0x7C, 0x07, 0xF8,
    0x71, 0xC7, 0x07, 0x38, 0x39, 0xFF, 0xCF, 0xFE, 0x70, 0x03, 0x80, 0x0E, 0x08, 0x3F, 0xC0, 0xFE,
    0x00, 0xE0, 0x06, 0xF0, 0x0F, 0x81, 0x9C, 0x10, 0xC0, 0x00, 0x1F, 0xF1, 0xFF, 0x1C, 0x01, 0xC0,
    0x1C, 0x01, 0xC0, 0x1F, 0xE1, 0xFE, 0x1C, 0x01, 0xC0, 0x1C, 0x01, 0xC0, 0x1C, 0x01, 0xFF, 0x1F,
    0xF0, 0xC0, 0x06, 0x00, 0x0F, 0x81, 0x8C, 0x30, 0x60, 0x00, 0x0F, 0x81, 0xFE, 0x38, 0xE7, 0x07,
    0x70, 0x77, 0xFF, 0x7F, 0xF7, 0x00, 0x70, 0x03, 0x82, 0x1F, 0xE0, 0xFE, 0x03, 0x80, 0xE0, 0x08,
    0xE4, 0x6C, 0x31, 0x80, 0x00, 0x00, 0xFF, 0xBF, 0xEE, 0x03, 0x80, 0xE0, 0x38, 0x0F, 0xF3, 0xFC,
    0xE0, 0x38, 0x0E, 0x03, 0x80, 0xE0, 0x3F, 0xEF, 0xF8, 0x00, 0x60, 0x06, 0x00, 0x21, 0xF4, 0x3B,
    0x83, 0x1C, 0x00, 0x01, 0xF0, 0x3F, 0xC7, 0x1C, 0xE0, 0xEE, 0x0E, 0xFF, 0xEF, 0xFE, 0xE0, 0x0E,
    0x00, 0x70, 0x43, 0xFC, 0x1F, 0xC0, 0x33, 0x3F, 0x93, 0x83, 0x83, 0xE3, 0x38, 0x00, 0x00, 0xFF,
    0xFF, 0xF8, 0x1C, 0x0E, 0x07, 0x03, 0xFD, 0xFE, 0xE0, 0x70, 0x38, 0x1C, 0x0E, 0x07, 0xFF, 0xFE,
    0x1F, 0xC7, 0xF0, 0x00, 0x07, 0x81, 0xF8, 0x71, 0x80, 0x00, 0xF8, 0x3F, 0xCE, 0x3B, 0x83, 0xF0,
    0x7F, 0xFF, 0xFF, 0xF8, 0x07, 0x00, 0x70, 0x47, 0xF8, 0x7F, 0x00, 0x3C, 0x3E, 0x19, 0x98, 0x60,
    0x07, 0xFF, 0xFF, 0xC0, 0xE0, 0x70, 0x38, 0x1F, 0xEF, 0xF7, 0x03, 0x81, 0xC0, 0xE0, 0x70, 0x3F,
    0xFF, 0xF0, 0x01, 0xC0, 0xE0, 0x70, 0x1E, 0x07, 0xE1, 0xCF, 0x00, 0x01, 0xF0, 0x7F, 0x9C, 0x77,
    0x07, 0xE0, 0xFF, 0xFF, 0xFF, 0xF0, 0x0E, 0x00, 0xE0, 0x8F, 0xF0, 0xFE, 0x00, 0x01, 0xC0, 0x38,
    0x07, 0x00, 0x78, 0xF8, 0x70, 0xE3, 0x86, 0x00, 0x7F, 0xFE, 0x70, 0xE1, 0xC3, 0x87, 0x0E, 0x1C,
    0x38, 0x70, 0xE1, 0xCF, 0xFF, 0xC0, 0xFB, 0xF1, 0xCE, 0x30, 0x07, 0x1C, 0x71, 0xC7, 0x1C, 0x71,
    0xC7, 0x1C, 0x71, 0xC0, 0xFF, 0xFC, 0xE1, 0xC3, 0x87, 0x0E, 0x1C, 0x38, 0x70, 0xE1, 0xC3, 0x9F,
    0xFF, 0x80, 0x70, 0xE1, 0xC0, 0xFF, 0x8F, 0xFF, 0xFF, 0xFF, 0xFF, 0x1F, 0xF0, 0x0F, 0xE0, 0x7F,
    0xF1, 0xFF, 0xF3, 0xC1, 0xEF, 0x01, 0xFC, 0x01, 0xF8, 0x03, 0xF0, 0x07, 0xE0, 0x0F, 0xC0, 0x1F,
    0xC0, 0x7B, 0xC1, 0xE7, 0xFF, 0xC7, 0xFF, 0x03, 0xF8, 0x00, 0x00, 0x03, 0x80, 0x07, 0x00, 0x0E,
    0x00, 0x1F, 0x07, 0xF1, 0xC7, 0x70, 0x7E, 0x0F, 0xC1, 0xF8, 0x3F, 0x07, 0xE0, 0xEE, 0x38, 0xFE,
    0x0F, 0x80, 0x00, 0x1C, 0x03, 0x80, 0x70, 0x07, 0x80, 0x1F, 0x00, 0x1C, 0x00, 0x70, 0x03, 0x80,
    0x0C, 0x00, 0x00, 0x03, 0xF0, 0x3F, 0xF1, 0xFF, 0xE7, 0x87, 0xBC, 0x0F, 0xE0, 0x1F, 0x80, 0x7E,
    0x01, 0xF8, 0x07, 0xE0, 0x1F, 0xC0, 0xF7, 0x87, 0x9F, 0xFE, 0x3F, 0xF0, 0x3F, 0x00, 0x1E, 0x03,
    0xE0, 0x1C, 0x07, 0x80, 0xC0, 0x00, 0x07, 0xC1, 0xFC, 0x71, 0xDC, 0x1F, 0x83, 0xF0, 0x7E, 0x0F,
    0xC1, 0xF8, 0x3B, 0x8E, 0x3F, 0x83, 0xE0, 0x00, 0x18, 0x1E, 0xC0, 0xFC, 0x07, 0x30, 0x18, 0x60,
    0x00, 0x00, 0xFC, 0x0F, 0xFC, 0x7F, 0xF9, 0xE1, 0xEF, 0x03, 0xF8, 0x07, 0xE0, 0x1F, 0x80, 0x7E,
    0x01, 0xF8, 0x07, 0xF0, 0x3D, 0xE1, 0xE7, 0xFF, 0x8F, 0xFC, 0x0F, 0xC0, 0x00, 0x30, 0x06, 0x1F,
    0x03, 0x38, 0x20, 0x80, 0x00, 0x1F, 0x03, 0xF8, 0x71, 0xCE, 0x0E, 0xE0, 0xEE, 0x0E, 0xE0, 0xEE,
    0x0E, 0xE0, 0xE7, 0x1C, 0x3F, 0x81, 0xF0, 0xE0, 0x00, 0xDE, 0x00, 0xFC, 0x03, 0x30, 0x18, 0x60,
    0x00, 0x00, 0xFC, 0x0F, 0xFC, 0x7F, 0xF9, 0xE1, 0xEF, 0x03, 0xF8, 0x07, 0xE0, 0x1F, 0x80, 0x7E,
    0x01, 0xF8, 0x07, 0xF0, 0x3D, 0xE1, 0xE7, 0xFF, 0x8F, 0xFC, 0x0F, 0xC0, 0xC0, 0x06, 0x00, 0x0F,
    0x81, 0x8C, 0x10, 0x40, 0x00, 0x0F, 0x81, 0xFC, 0x38, 0xE7, 0x07, 0x70, 0x77, 0x07, 0x70, 0x77,
    0x07, 0x70, 0x73, 0x8E, 0x1F, 0xC0, 0xF8, 0x00, 0x30, 0x00, 0xE0, 0x01, 0x81, 0xEC, 0x0F, 0xC0,
    0x73, 0x01, 0x86, 0x00, 0x00, 0x0F, 0xC0, 0xFF, 0xC7, 0xFF, 0x9E, 0x1E, 0xF0, 0x3F, 0x80, 0x7E,
    0x01, 0xF8, 0x07, 0xE0, 0x1F, 0x80, 0x7F, 0x03, 0xDE, 0x1E, 0x7F, 0xF8, 0xFF, 0xC0, 0xFC, 0x00,
    0x00, 0xE0, 0x0E, 0x00, 0x21, 0xF4, 0x1B, 0x03, 0x18, 0x00, 0x01, 0xF0, 0x3F, 0x87, 0x1C, 0xE0,
    0xEE, 0x0E, 0xE0, 0xEE, 0x0E, 0xE0, 0xEE, 0x0E, 0x71, 0xC3, 0xF8, 0x1F, 0x00, 0x07, 0x20, 0x3F,
    0x80, 0x9E, 0x00, 0xE0, 0x07, 0xC0, 0x31, 0x80, 0x00, 0x00, 0x00, 0x0F, 0xC0, 0xFF, 0xC7, 0xFF,
    0x9E, 0x1E, 0xF0, 0x3F, 0x80, 0x7E, 0x01, 0xF8, 0x07, 0xE0, 0x1F, 0x80, 0x7F, 0x03, 0xDE, 0x1E,
    0x7F, 0xF8, 0xFF, 0xC0, 0xFC, 0x00, 0x1F, 0xC7, 0xF0, 0x00, 0x07, 0x81, 0xF8, 0x71, 0x80, 0x00,
    0xF8, 0x3F, 0x8E, 0x3B, 0x83, 0xF0, 0x7E, 0x0F, 0xC1, 0xF8, 0x3F, 0x07, 0x71, 0xC7, 0xF0, 0x7C,
    0x00, 0x03, 0x80, 0x0F, 0x80, 0x3B, 0x80, 0xE3, 0x80, 0x00, 0x00, 0x00, 0x03, 0xF8, 0x1F, 0xFC,
    0x7F, 0xFC, 0xF0, 0x7B, 0xC0, 0x7F, 0x00, 0x7E, 0x00, 0xFC, 0x01, 0xF8, 0x03, 0xF0, 0x07, 0xF0,
    0x1E, 0xF0, 0x79, 0xFF, 0xF1, 0xFF, 0xC0, 0xFE, 0x00, 0x00, 0x00, 0xE0, 0x01, 0xC0, 0x03, 0x80,
    0x0E, 0x03, 0xE0, 0xC6, 0x00, 0x01, 0xF0, 0x7F, 0x1C, 0x77, 0x07, 0xE0, 0xFC, 0x1F, 0x83, 0xF0,
    0x7E, 0x0E, 0xE3, 0x8F, 0xE0, 0xF8, 0x00, 0x01, 0xC0, 0x38, 0x07, 0x00, 0x00, 0xE0, 0x01, 0xE0,
    0x03, 0x80, 0x07, 0x00, 0x00, 0x00, 0x00, 0x07, 0x0F, 0xC7, 0x3F, 0xF7, 0x7F, 0xFE, 0x78, 0x7C,
    0xF0, 0x3C, 0xE0, 0x1C, 0xE0, 0x1C, 0xE0, 0x1C, 0xE0, 0x1C, 0xE0, 0x1C, 0xF0, 0x3C, 0x78, 0x78,
    0x7F, 0xF8, 0x3F, 0xF0, 0x0F, 0xC0, 0x03, 0x80, 0x1C, 0x00, 0xE0, 0x00, 0x07, 0x1F, 0x38, 0xFF,
    0xE7, 0x1F, 0x38, 0x38, 0xE0, 0xE3, 0x83, 0x8E, 0x0E, 0x38, 0x38, 0xE0, 0xE1, 0xC7, 0x03, 0xFC,
    0x07, 0xC0, 0x1E, 0x00, 0x0F, 0x00, 0x07, 0x00, 0x03, 0x80, 0x00, 0x00, 0x00, 0x07, 0x0F, 0xC7,
    0x3F, 0xF7, 0x7F, 0xFE, 0x78, 0x7C, 0xF0, 0x3C, 0xE0, 0x1C, 0xE0, 0x1C, 0xE0, 0x1C, 0xE0, 0x1C,
    0xE0, 0x1C, 0xF0, 0x3C, 0x78, 0x78, 0x7F, 0xF8, 0x3F, 0xF0, 0x0F, 0xC0, 0x3C, 0x00, 0x78, 0x00,
    0x70, 0x00, 0x07, 0x1F, 0x38, 0xFF, 0xE7, 0x1F, 0x38, 0x38, 0xE0, 0xE3, 0x83, 0x8E, 0x0E, 0x38,
    0x38, 0xE0, 0xE1, 0xC7, 0x03, 0xFC, 0x07, 0xC0, 0x07, 0x80, 0x07, 0xC0, 0x01, 0xC0, 0x01, 0xC0,
    0x03, 0x80, 0x03, 0x00, 0x00, 0x07, 0x0F, 0xC7, 0x3F, 0xF7, 0x7F, 0xFE, 0x78, 0x7C, 0xF0, 0x3C,
    0xE0, 0x1C, 0xE0, 0x1C, 0xE0, 0x1C, 0xE0, 0x1C, 0xE0, 0x1C, 0xF0, 0x3C, 0x78, 0x78, 0x7F, 0xF8,
    0x3F, 0xF0, 0x0F, 0xC0, 0x1E, 0x00, 0x7C, 0x00, 0x70, 0x03, 0xC0, 0x0C, 0x1C, 0x00, 0x71, 0xF3,
    0x8F, 0xFE, 0x71, 0xF3, 0x83, 0x8E, 0x0E, 0x38, 0x38, 0xE0, 0xE3, 0x83, 0x8E, 0x0E, 0x1C, 0x70,
    0x3F, 0x80, 0x7C, 0x00, 0x0E, 0x30, 0x1F, 0xE0, 0x19, 0xC0, 0x00, 0x00, 0x00, 0x07, 0x0F, 0xC7,
    0x3F, 0xF7, 0x7F, 0xFE, 0x78, 0x7C, 0xF0, 0x3C, 0xE0, 0x1C, 0xE0, 0x1C, 0xE0, 0x1C, 0xE0, 0x1C,
    0xE0, 0x1C, 0xF0, 0x3C, 0x78, 0x78, 0x7F, 0xF8, 0x3F, 0xF0, 0x0F, 0xC0, 0x1C, 0xC0, 0xFF, 0x06,
    0x78, 0x00, 0x07, 0x1F, 0x38, 0xFF, 0xE7, 0x1F, 0x38, 0x38, 0xE0, 0xE3, 0x83, 0x8E, 0x0E, 0x38,
    0x38, 0xE0, 0xE1, 0xC7, 0x03, 0xF8, 0x07, 0xC0, 0x00, 0x07, 0x0F, 0xC7, 0x3F, 0xF7, 0x7F, 0xFE,
    0x78, 0x7C, 0xF0, 0x3C, 0xE0, 0x1C, 0xE0, 0x1C, 0xE0, 0x1C, 0xE0, 0x1C, 0xE0, 0x1C, 0xF0, 0x3C,
    0x78, 0x78, 0x7F, 0xF8, 0x3F, 0xF0, 0x0F, 0xC0, 0x00, 0x00, 0x03, 0x80, 0x03, 0x80, 0x03, 0x80,
    0x00, 0x1C, 0x00, 0x71, 0xF3, 0x8F, 0xFE, 0x71, 0xE3, 0x83, 0x8E, 0x0E, 0x38, 0x38, 0xE0, 0xE3,
    0x83, 0x8E, 0x0E, 0x1C, 0x70, 0x3F, 0x80, 0x7C, 0x00, 0x00, 0x03, 0x80, 0x0E, 0x00, 0x38, 0x00,
    0xE0, 0x7E, 0x07, 0xE0, 0x7E, 0x07, 0xE0, 0x7E, 0x07, 0xE0, 0x7E, 0x07, 0xE0, 0x7E, 0x07, 0xE0,
    0x7F, 0x0F, 0x7F, 0xE3, 0xFC, 0x1F, 0x80, 0x00, 0x0E, 0x00, 0xE0, 0x0E, 0x00, 0xE1, 0xF8, 0x7E,
    0x1F, 0x87, 0xE1, 0xF8, 0x7E, 0x1F, 0x87, 0xE1, 0xFC, 0xF7, 0xFC, 0xF3, 0x00, 0x03, 0x80, 0xE0,
    0x38, 0x1E, 0x01, 0xF0, 0x07, 0x00, 0x70, 0x0E, 0x00, 0xC0, 0x00, 0x0E, 0x07, 0xE0, 0x7E, 0x07,
    0xE0, 0x7E, 0x07, 0xE0, 0x7E, 0x07, 0xE0, 0x7E, 0x07, 0xE0, 0x7E, 0x07, 0xF0, 0xF7, 0xFE, 0x3F,
    0xC1, 0xF8, 0x1E, 0x07, 0xC0, 0x70, 0x38, 0x0C, 0x00, 0x0E, 0x1F, 0x87, 0xE1, 0xF8, 0x7E, 0x1F,
    0x87, 0xE1, 0xF8, 0x7E, 0x1F, 0xCF, 0x7E, 0xCF, 0x30, 0x01, 0xC0, 0x01, 0xC0, 0x01, 0xC0, 0x01,
    0xC0, 0x00, 0x00, 0x00, 0x00, 0x3F, 0x81, 0xDD, 0xC0, 0xEE, 0xE0, 0x7E, 0x70, 0x3C, 0x38, 0x1C,
    0x1C, 0x0E, 0x0E, 0x07, 0x07, 0x03, 0x83, 0x81, 0xC1, 0xC0, 0xE0, 0xE0, 0x70, 0x78, 0x78, 0x1F,
    0xF8, 0x07, 0xF8, 0x01, 0xF8, 0x00, 0x07, 0x80, 0x1C, 0x00, 0x70, 0x38, 0x00, 0x7E, 0x1D, 0xFC,
    0x3F, 0xB8, 0x7E, 0x70, 0xE0, 0xE1, 0xC1, 0xC3, 0x83, 0x87, 0x07, 0x0E, 0x0E, 0x1C, 0x1E, 0x78,
    0x1F, 0xF0, 0x1E, 0x60, 0x3C, 0x00, 0x0E, 0x00, 0x03, 0x80, 0x00, 0xE0, 0x00, 0x00, 0x00, 0x00,
    0x3F, 0x81, 0xDD, 0xC0, 0xEE, 0xE0, 0x7E, 0x70, 0x3C, 0x38, 0x1C, 0x1C, 0x0E, 0x0E, 0x07, 0x07,
    0x03, 0x83, 0x81, 0xC1, 0xC0, 0xE0, 0xE0, 0x70, 0x78, 0x78, 0x1F, 0xF8, 0x07, 0xF8, 0x01, 0xF8,
    0x00, 0x38, 0x00, 0x38, 0x00, 0x38, 0x38, 0x00, 0x7E, 0x1D, 0xFC, 0x3F, 0xB8, 0x7E, 0x70, 0xE0,
    0xE1, 0xC1, 0xC3, 0x83, 0x87, 0x07, 0x0E, 0x0E, 0x1C, 0x1E, 0x78, 0x1F, 0xF0, 0x1E, 0x60, 0x1E,
    0x00, 0x0F, 0x80, 0x01, 0xC0, 0x00, 0xE0, 0x00, 0xE0, 0x00, 0x60, 0x00, 0x00, 0x1F, 0xC0, 0xEE,
    0xE0, 0x77, 0x70, 0x3F, 0x38, 0x1E, 0x1C, 0x0E, 0x0E, 0x07, 0x07, 0x03, 0x83, 0x81, 0xC1, 0xC0,
    0xE0, 0xE0, 0x70, 0x70, 0x38, 0x3C, 0x3C, 0x0F, 0xFC, 0x03, 0xFC, 0x00, 0xFC, 0x00, 0x1E, 0x00,
    0x3E, 0x00, 0x1C, 0x00, 0x70, 0x00, 0xC0, 0xE0, 0x01, 0xF8, 0x77, 0xF0, 0xFE, 0xE1, 0xF9, 0xC3,
    0x83, 0x87, 0x07, 0x0E, 0x0E, 0x1C, 0x1C, 0x38, 0x38, 0x70, 0x79, 0xE0, 0x7E, 0xC0, 0x79, 0x80,
    0x1C, 0xC0, 0x1F, 0xE0, 0x08, 0xE0, 0x00, 0x00, 0x00, 0x00, 0x7F, 0x03, 0xBB, 0x81, 0xDD, 0xC0,
    0xFC, 0xE0, 0x78, 0x70, 0x38, 0x38, 0x1C, 0x1C, 0x0E, 0x0E, 0x07, 0x07, 0x03, 0x83, 0x81, 0xC1,
    0xC0, 0xE0, 0xF0, 0xF0, 0x3F, 0xF0, 0x0F, 0xF0, 0x03, 0xF0, 0x00, 0x39, 0x80, 0xFF, 0x01, 0x9C,
    0x00, 0x00, 0x7E, 0x1D, 0xFC, 0x3F, 0xB8, 0x7E, 0x70, 0xE0, 0xE1, 0xC1, 0xC3, 0x83, 0x87, 0x07,
    0x0E, 0x0E, 0x1C, 0x1E, 0x78, 0x1F, 0xF0, 0x1E, 0x60, 0x00, 0x07, 0xF0, 0x3B, 0xB8, 0x1D, 0xDC,
    0x0F, 0xCE, 0x07, 0x87, 0x03, 0x83, 0x81, 0xC1, 0xC0, 0xE0, 0xE0, 0x70, 0x70, 0x38, 0x38, 0x1C,
    0x1C, 0x0E, 0x0F, 0x0F, 0x03, 0xFF, 0x00, 0xFF, 0x00, 0x3F, 0x00, 0x00, 0x00, 0x07, 0x00, 0x03,
    0x80, 0x01, 0xC0, 0x00, 0x00, 0x0E, 0x00, 0x1F, 0x87, 0x7F, 0x0F, 0xEE, 0x1F, 0x9C, 0x38, 0x38,
    0x70, 0x70, 0xE0, 0xE1, 0xC1, 0xC3, 0x83, 0x87, 0x07, 0x9E, 0x07, 0xFC, 0x07, 0x98, 0x00, 0x00,
    0x07, 0x00, 0x0E, 0x00, 0x1C, 0x00, 0x0E, 0x00, 0x30, 0x01, 0xC0, 0x00, 0x0E, 0x03, 0xB8, 0x39,
    0xC1, 0xC7, 0x1C, 0x38, 0xE0, 0xEE, 0x07, 0x70, 0x1F, 0x00, 0xF8, 0x03, 0x80, 0x1C, 0x00, 0xE0,
    0x07, 0x00, 0x38, 0x01, 0xC0, 0x0E, 0x00, 0x1C, 0x01, 0x80, 0x38, 0x00, 0x00, 0x01, 0xC1, 0xD8,
    0x3B, 0x86, 0x71, 0xC6, 0x38, 0xE6, 0x1C, 0xC1, 0xB8, 0x3E, 0x07, 0xC0, 0x78, 0x0E, 0x00, 0xC0,
    0xF8, 0x1E, 0x00, 0xF0, 0x7B, 0x83, 0x9E, 0x3C, 0x71, 0xC3, 0xDE, 0x0E, 0xE0, 0x3E, 0x01, 0xF0,
    0x07, 0x00, 0x38, 0x01, 0xC0, 0x0E, 0x00, 0x70, 0x03, 0x80, 0x1C, 0x00, 0x00, 0x07, 0x00, 0x38,
    0x01, 0xC0, 0xF0, 0xE7, 0x0E, 0x70, 0xE3, 0x8C, 0x39, 0xC3, 0x9C, 0x1D, 0x81, 0xF8, 0x0F, 0x80,
    0xF0, 0x0F, 0x00, 0x70, 0x0E, 0x00, 0xEE, 0x1C, 0xE7, 0xCE, 0x78, 0x00, 0x0F, 0x00, 0x7C, 0x00,
    0xE0, 0x07, 0x00, 0x70, 0x03, 0x00, 0x00, 0x1E, 0x0F, 0x70, 0x73, 0xC7, 0x8E, 0x38, 0x7B, 0xC1,
    0xDC, 0x07, 0xC0, 0x3E, 0x00, 0xE0, 0x07, 0x00, 0x38, 0x01, 0xC0, 0x0E, 0x00, 0x70, 0x03, 0x80,
    0x0F, 0x00, 0xF8, 0x03, 0x80, 0x70, 0x06, 0x00, 0x00, 0xE0, 0x7F, 0x07, 0x70, 0xE7, 0x0E, 0x78,
    0xE3, 0x9C, 0x39, 0xC1, 0xBC, 0x1F, 0x81, 0xF8, 0x0F, 0x00, 0xF0, 0x0F, 0x00, 0xE0, 0x1E, 0x0F,
    0xC0, 0xF8, 0x00, 0x0E, 0x40, 0xFE, 0x06, 0xE0, 0x00, 0x0E, 0x03, 0xB8, 0x39, 0xC1, 0xC7, 0x1C,
    0x38, 0xE0, 0xEE, 0x07, 0x70, 0x1F, 0x00, 0xF8, 0x03, 0x80, 0x1C, 0x00, 0xE0, 0x07, 0x00, 0x38,
    0x01, 0xC0, 0x0E, 0x00, 0x39, 0x0F, 0xC6, 0x60, 0x00, 0xE1, 0xF8, 0x76, 0x19, 0x86, 0x73, 0x9C,
    0xC3, 0x30, 0xEC, 0x3E, 0x07, 0x81, 0xE0, 0x70, 0x0C, 0x1F, 0x07, 0x80, 0x00, 0x00, 0x00, 0x00,
    0x00, 0x00, 0x00, 0x00, 0x00, 0x00, 0x00, 0x00, 0x00, 0x00, 0x20, 0xBF, 0x2A, 0x42, 0x10, 0x84,
    0x21, 0x08, 0x42, 0x10, 0x84, 0x00, 0x22, 0x3E, 0x92, 0x84, 0x21, 0x08, 0x42, 0x10, 0x84, 0x21,
    0x08, 0x40, 0xFF, 0xC0, 0xFF, 0xC0, 0xFF, 0xFF, 0xF0, 0xFF, 0xFF, 0xFC, 0xFF, 0xFF, 0xFF, 0xFF,
    0xC0, 0xFF, 0xFF, 0xFF, 0xFF, 0xFC, 0xC3, 0xC3, 0xC3, 0xC3, 0xC3, 0xC3, 0xC3, 0xC3, 0xC3, 0xC3,
    0xC3, 0xC3, 0xC3, 0xC3, 0xC3, 0xC3, 0xC3, 0xC3, 0xC3, 0xC3, 0xC3, 0xFF, 0xFF, 0xC0, 0x1F, 0xFF,
    0xF8, 0x6B, 0x7F, 0xC0, 0xFF, 0xB5, 0xB0, 0xFF, 0xB5, 0x80, 0xE7, 0x77, 0x30, 0x66, 0x8B, 0x37,
    0x7E, 0xFD, 0xC0, 0xEF, 0xDF, 0xBB, 0x34, 0x59, 0xB3, 0x00, 0xEF, 0xDF, 0xBB, 0x34, 0x59, 0x80,
    0xE7, 0x3B, 0x9C, 0xCE, 0x73, 0x18, 0x1C, 0x0E, 0x07, 0x03, 0x8F, 0xFF, 0xFC, 0x70, 0x38, 0x1C,
    0x0E, 0x07, 0x03, 0x81, 0xC0, 0xE0, 0x70, 0x38, 0x1C, 0x0E, 0x07, 0x03, 0x8F, 0xFF, 0xFC, 0x70,
    0x38, 0x1C, 0x0E, 0x3F, 0xFF, 0xF1, 0xC0, 0xE0, 0x70, 0x38, 0x7B, 0xFF, 0xFF, 0x78, 0x83, 0x8F,
    0x3F, 0xFF, 0xCC, 0x20, 0xFF, 0x80, 0xE3, 0xF1, 0xF8, 0xE0, 0xE7, 0x3F, 0x39, 0xF9, 0xCE, 0xFF,
    0x80, 0x00, 0x00, 0xFC, 0x21, 0x08, 0x42, 0x10, 0x84, 0x21, 0x08, 0x42, 0x10, 0xF8, 0x42, 0x10,
    0x84, 0x21, 0x08, 0x42, 0x10, 0x84, 0x21, 0xFF, 0xFF, 0xF2, 0x10, 0x84, 0x21, 0x08, 0x42, 0x10,
    0x84, 0x20, 0xFC, 0x21, 0x0F, 0x90, 0x84, 0x21, 0x08, 0x42, 0x10, 0x84, 0x21, 0x00, 0xF8, 0x42,
    0x1F, 0x90, 0x84, 0x21, 0x08, 0x42, 0x10, 0x84, 0x21, 0x00, 0x00, 0x38, 0x18, 0x00, 0xF8, 0x20,
    0x03, 0x18, 0xC0, 0x06, 0x31, 0x00, 0x0C, 0x64, 0x00, 0x18, 0xD8, 0x00, 0x1F, 0x20, 0x00, 0x1C,
    0xC0, 0x00, 0x01, 0x3C, 0x3C, 0x06, 0xF8, 0xF8, 0x19, 0x99, 0x98, 0x23, 0x33, 0x30, 0xC6, 0x66,
    0x63, 0x0C, 0xCC, 0xC6, 0x1F, 0x9F, 0x98, 0x1E, 0x1E, 0x38, 0x1C, 0x00, 0x00, 0x1F, 0x06, 0x00,
    0x00, 0x0E, 0xE3, 0x80, 0x00, 0x03, 0xB8, 0xC0, 0x00, 0x00, 0xEE, 0x70, 0x00, 0x00, 0x3B, 0xB8,
    0x00, 0x00, 0x0E, 0xEC, 0xF0, 0xF0, 0xF1, 0xF7, 0x7E, 0x7E, 0x7E, 0x39, 0xB9, 0xF9, 0xF9, 0xC0,
    0xEE, 0x7E, 0x7E, 0x70, 0x33, 0x9F, 0x9F, 0x9C, 0x1C, 0xE7, 0xE7, 0xE7, 0x06, 0x39, 0xF9, 0xF9,
    0xC3, 0x07, 0xE7, 0xE7, 0xE0, 0xC0, 0xF0, 0xF0, 0xF0, 0x7F, 0xEC, 0x6D, 0xDB, 0xB6, 0xED, 0xC0,
    0x39, 0xCC, 0x67, 0x39, 0xCC, 0xE3, 0x39, 0x8C, 0x67, 0x00, 0xE1, 0xC3, 0x0E, 0x18, 0x30, 0xE7,
    0x1C, 0xC3, 0x38, 0x66, 0x18, 0xC0, 0xE7, 0x30, 0xE6, 0x70, 0xCE, 0x60, 0xCC, 0x61, 0x8C, 0xE0,
    0x18, 0x18, 0x3C, 0x34, 0x26, 0x62, 0x43, 0x1C, 0xE7, 0x38, 0xC3, 0x87, 0x0E, 0x1C, 0xE1, 0xC3,
    0x87, 0x0C, 0x73, 0x9C, 0xF0, 0x03, 0x80, 0xC7, 0x19, 0xCE, 0x71, 0xE3, 0xC0, 0xEE, 0x1C, 0xF9,
    0xF8, 0xE3, 0xF3, 0xE7, 0x0E, 0xE0, 0x38, 0xE0, 0x60, 0xC1, 0xC1, 0xC7, 0x39, 0xCC, 0x71, 0x80,
    0xE0, 0x00, 0xE3, 0xF1, 0xF8, 0xFC, 0x7E, 0x3F, 0x1F, 0x8F, 0xC7, 0xE3, 0xF1, 0xC0, 0x00, 0x0E,
    0x3F, 0x1F, 0x8E, 0x3F, 0x1F, 0xE7, 0xFC, 0x77, 0x1D, 0xC7, 0xE1, 0xF8, 0x78, 0x1C, 0x07, 0x00,
    0x00, 0x00, 0x1C, 0x07, 0x01, 0xC0, 0xFF, 0xFF, 0xFC, 0xC0, 0x16, 0x03, 0x30, 0x61, 0xFC, 0x0F,
    0x80, 0x0F, 0x83, 0xFC, 0x30, 0x66, 0x03, 0xC0, 0x10, 0x01, 0x03, 0x02, 0x06, 0x04, 0x0C, 0x08,
    0x18, 0x18, 0x3C, 0x34, 0x26, 0x62, 0x43, 0x00, 0x38, 0x00, 0x00, 0x70, 0x00, 0x00, 0xE0, 0x00,
    0x0C, 0xD8, 0x00, 0x1F, 0xF0, 0x00, 0x1F, 0xE0, 0x00, 0x1F, 0x00, 0x00, 0x36, 0x00, 0x00, 0xEE,
    0x00, 0x18, 0x88, 0xC0, 0x30, 0x01, 0x80, 0x60, 0x03, 0x08, 0xC4, 0x46, 0x3F, 0xF8, 0xFF, 0xFF,
    0xF1, 0xFF, 0x8F, 0x00, 0x78, 0x1F, 0x01, 0xF8, 0x76, 0x03, 0x30, 0xCE, 0x0E, 0x70, 0x80, 0x04,
    0x80, 0xFF, 0xC0, 0x00, 0x60, 0x06, 0x00, 0xC0, 0x08, 0x01, 0x80, 0x30, 0x03, 0x00, 0x60, 0x0C,
    0x00, 0xC0, 0x18, 0x01, 0x00, 0x30, 0x06, 0x00, 0x60, 0x0C, 0x00, 0xFF, 0xF9, 0xCE, 0x73, 0x9C,
    0xFF, 0xF9, 0xCE, 0x73, 0x9C, 0xFF, 0xC0, 0xFF, 0xF1, 0xC7, 0x1C, 0x71, 0xC7, 0xFF, 0xF1, 0xC7,
    0x1C, 0x71, 0xC7, 0xFF, 0xF0, 0x7E, 0x1F, 0xCF, 0xF3, 0xFE, 0xC3, 0x90, 0xF0, 0x38, 0x0F, 0x03,
    0x80, 0xF0, 0x78, 0x1F, 0x1F, 0x07, 0xE3, 0xE0, 0xFC, 0x3C, 0x0F, 0x83, 0x80, 0xF0, 0x00, 0x00,
    0x00, 0x00, 0x00, 0x38, 0x07, 0x03, 0x80, 0x70, 0x38, 0x07, 0x00, 0x7E, 0x1F, 0xFC, 0x7C, 0x39,
    0xC0, 0xE7, 0x03, 0x9C, 0x1E, 0x71, 0xF1, 0xCF, 0x07, 0x38, 0x1C, 0xE0, 0x70, 0x00, 0x00, 0x00,
    0x38, 0x1C, 0xE0, 0x73, 0x81, 0xC0, 0xE3, 0xF3, 0x9F, 0xEE, 0x21, 0xF8, 0x07, 0xE0, 0x1F, 0x80,
    0xFE, 0x07, 0xB8, 0x3C, 0xE0, 0xE3, 0x83, 0x80, 0x00, 0x00, 0x00, 0xE0, 0xE3, 0x83, 0x8E, 0x0E,
    0x00, 0xFF, 0xFF, 0xF0, 0x18, 0x0E, 0x03, 0x01, 0xC0, 0xE0, 0x38, 0x1C, 0x07, 0x03, 0x80, 0xE0,
    0xFF, 0x1F, 0xFB, 0x7F, 0x6F, 0xED, 0xFD, 0xBF, 0xF7, 0xF6, 0xFE, 0xDF, 0xDB, 0xF3, 0x78, 0x6C,
    0x0D, 0x81, 0xB0, 0x36, 0x06, 0xC0, 0xD8, 0x1B, 0x03, 0x60, 0x00, 0x3F, 0xEF, 0xFF, 0xF9, 0xFF,
    0x3F, 0xE7, 0xFC, 0xFF, 0x9F, 0xF3, 0xFE, 0x6F, 0xFC, 0xFF, 0x80, 0xFF, 0x9F, 0xFB, 0x3F, 0xE7,
    0xFC, 0xFF, 0x9F, 0xF3, 0xFE, 0x7F, 0xCF, 0xFF, 0xFB, 0xFE, 0x00, 0x1C, 0x07, 0x00, 0xC3, 0x36,
    0xFF, 0xFF, 0xE3, 0xE0, 0xDC, 0x77, 0x08, 0x80, 0xEE, 0xE0, 0x00, 0x00, 0x0E, 0xE6, 0x66, 0x0F,
    0x83, 0xFC, 0x30, 0x64, 0x03, 0xC0, 0x10, 0x00, 0x00, 0x00, 0x00, 0x00, 0x00, 0x00, 0x00, 0x00,
    0x00, 0x00, 0x00, 0x00, 0x00, 0x00, 0x00, 0x00, 0x00, 0x00, 0xC0, 0x14, 0x03, 0x30, 0x61, 0xFC,
    0x0F, 0x80, 0x1C, 0x07, 0x00, 0xC3, 0x36, 0xFF, 0xFF, 0xF1, 0xE0, 0xDC, 0x77, 0x0C, 0x80, 0x00,
    0x70, 0x1C, 0x03, 0x0E, 0xDB, 0xFF, 0xFF, 0x8F, 0x83, 0x71, 0xDC, 0x22, 0x00, 0xE3, 0xE6, 0xE6,
    0x06, 0x0C, 0x0C, 0x18, 0x18, 0x18, 0x30, 0x30, 0x60, 0x67, 0x67, 0xC7, 0x3F, 0xC0, 0x6F, 0xFF,
    0xFB, 0x01, 0xFE, 0x00, 0x0F, 0x83, 0xFC, 0x30, 0x66, 0x03, 0xC0, 0x10, 0x0C, 0x03, 0x06, 0xD8,
    0xFC, 0x3F, 0x3F, 0xFF, 0xFC, 0xFC, 0x7F, 0x9B, 0x60, 0xC0, 0x03, 0x81, 0xC0, 0xE0, 0x00, 0x07,
    0x03, 0x81, 0xC0, 0x00, 0x00, 0x00, 0x00, 0x00, 0x38, 0x1C, 0x0E, 0x39, 0xDC, 0xC6, 0x73, 0x39,
    0xCC, 0xEE, 0x33, 0x19, 0x8C, 0x66, 0x60, 0x03, 0x80, 0x07, 0x00, 0x0E, 0x00, 0x00, 0x00, 0x00,
    0x1C, 0x01, 0xF8, 0x03, 0xF0, 0x07, 0x00, 0x00, 0x00, 0x00, 0x00, 0x00, 0x00, 0x00, 0x38, 0x00,
    0x70, 0x00, 0xE0, 0x00, 0xE0, 0x0F, 0xC0, 0x1F, 0x80, 0x38, 0x00, 0x00, 0x00, 0x00, 0x70, 0x00,
    0xE0, 0x01, 0xC0, 0x00, 0x00, 0x00, 0x00, 0x00, 0x00, 0x00, 0x0E, 0x00, 0xFC, 0x01, 0xF8, 0x03,
    0x80, 0xFF, 0x80, 0x00, 0x00, 0x0F, 0xF8, 0x07, 0x00, 0x38, 0x01, 0xC0, 0x00, 0x00, 0x00, 0x00,
    0x00, 0x00, 0x1C, 0x07, 0xE0, 0x3F, 0x01, 0xC0, 0x00, 0x00, 0x00, 0x00, 0x00, 0x00, 0x1C, 0x00,
    0xE0, 0x07, 0x00, 0x01, 0xC0, 0x01, 0xC0, 0x39, 0xCE, 0x39, 0xCE, 0x39, 0xCE, 0x01, 0xC0, 0x01,
    0xC0, 0x01, 0xC0, 0xFF, 0xFF, 0xFF, 0xFF, 0x01, 0xC0, 0x01, 0xC0, 0x39, 0xCE, 0x39, 0xCE, 0x39,
    0xCE, 0x01, 0xC0, 0x01, 0xC0, 0xFF, 0x80, 0x3F, 0xE0, 0x01, 0xFF, 0xFF, 0xFF, 0xC7, 0xFC, 0x0F,
    0xF8, 0x00, 0x00, 0x00, 0x00, 0x00, 0x00, 0x00, 0x00, 0x00, 0x00, 0xF9, 0x08, 0x4F, 0x90, 0x84,
    0x21, 0x08, 0x42, 0x10, 0x84, 0x21, 0x00, 0xFC, 0x63, 0x1F, 0x90, 0x84, 0x21, 0x08, 0x42, 0x10,
    0x84, 0x21, 0x00, 0xFB, 0x9C, 0x42, 0x10, 0x84, 0x21, 0x08, 0x42, 0x10, 0x84, 0x21, 0x00, 0x21,
    0x1C, 0xEF, 0x90, 0x84, 0x21, 0x08, 0x42, 0x10, 0x84, 0x21, 0x00, 0x22, 0xA2, 0xA2, 0x10, 0x84,
    0x21, 0x08, 0x42, 0x10, 0x84, 0x21, 0x00, 0xE1, 0x08, 0x4F, 0x90, 0x84, 0x21, 0x08, 0x42, 0x10,
    0x84, 0x21, 0x00, 0x38, 0xDB, 0x3E, 0xBD, 0x7C, 0xDB, 0x1C, 0x33, 0xFF, 0xF0, 0x1C, 0x38, 0xF3,
    0x6C, 0xDF, 0xC3, 0x06, 0xFB, 0x0C, 0x3E, 0xCC, 0x3C, 0xFE, 0x3C, 0xCF, 0x07, 0xEC, 0x78, 0xF1,
    0xBE, 0xFC, 0x61, 0x8C, 0x31, 0x86, 0x18, 0x79, 0x9B, 0x31, 0xCC, 0x78, 0xF1, 0xBE, 0x7D, 0x8B,
    0x1E, 0x37, 0xE0, 0xF3, 0x3C, 0x30, 0xCF, 0xFF, 0x30, 0xC0, 0xFC, 0xFF, 0xFF, 0xFF, 0x26, 0xCC,
    0xCC, 0xCC, 0xC6, 0x20, 0x46, 0x33, 0x33, 0x33, 0x36, 0x40, 0xDD, 0xFF, 0x1E, 0x3C, 0x78, 0xF1,
    0x80, 0x38, 0xDB, 0x3E, 0xBD, 0x7C, 0xDB, 0x1C, 0x33, 0xF3, 0x33, 0x33, 0x7B, 0x30, 0xC7, 0x7B,
    0xCC, 0x3F, 0x7B, 0x30, 0xCC, 0x0C, 0x3C, 0xDE, 0x1C, 0x38, 0xF3, 0x6C, 0xDF, 0xC3, 0x06, 0xFB,
    0x0C, 0x3E, 0xCC, 0x3C, 0xFE, 0x3C, 0xCF, 0x07, 0xEC, 0x78, 0xF1, 0xBE, 0xFC, 0x61, 0x8C, 0x31,
    0x86, 0x18, 0x79, 0x9B, 0x31, 0xCC, 0x78, 0xF1, 0xBE, 0x7D, 0x8F, 0x1E, 0x37, 0xE0, 0xF3, 0x3C,
    0x30, 0xCF, 0xFF, 0x30, 0xC0, 0xFC, 0xFF, 0xFF, 0xFF, 0x26, 0xCC, 0xCC, 0xCC, 0xC6, 0x20, 0x46,
    0x33, 0x33, 0x33, 0x36, 0x40, 0x7C, 0x8C, 0x1B, 0xFC, 0x78, 0xDF, 0x80, 0x3D, 0xCF, 0x1F, 0xFC,
    0x1C, 0x4F, 0x80, 0x79, 0xCF, 0x1E, 0x3C, 0x6D, 0xCE, 0x00, 0x66, 0x6E, 0x3C, 0x38, 0x3C, 0x6E,
    0xE6, 0xF9, 0x1C, 0x1F, 0xFC, 0x79, 0xDE, 0x00, 0xC1, 0x83, 0x06, 0xEF, 0xF8, 0xF1, 0xE3, 0xC7,
    0x8C, 0xC1, 0x83, 0x06, 0x7D, 0xDF, 0x3E, 0x6C, 0xCD, 0x8C, 0xFF, 0xFF, 0xF0, 0xDC, 0xEF, 0xFF,
    0xC6, 0x3C, 0x63, 0xC6, 0x3C, 0x63, 0xC6, 0x30, 0xDD, 0xFF, 0x1E, 0x3C, 0x78, 0xF1, 0x80, 0xDD,
    0xFF, 0x1E, 0x3C, 0x7F, 0xF7, 0x60, 0xC1, 0x80, 0x7B, 0xEC, 0x0C, 0x0B, 0xEF, 0x80, 0x23, 0x1F,
    0xF6, 0x31, 0x8F, 0x38, 0x1F, 0x0F, 0xE1, 0xC0, 0x70, 0x0E, 0x7F, 0xCF, 0xF9, 0xC7, 0xB8, 0x7F,
    0xE7, 0xFC, 0x1C, 0x03, 0x80, 0x70, 0x0F, 0xC1, 0xF8, 0x02, 0x40, 0x48, 0x7F, 0x9F, 0xF7, 0xEE,
    0xE9, 0x39, 0x27, 0x2C, 0xED, 0x9D, 0xB3, 0xA4, 0x7C, 0x87, 0x90, 0xFF, 0xCF, 0xF8, 0xFE, 0x12,
    0x02, 0x40, 0x0F, 0xC7, 0xFD, 0xE1, 0x38, 0x0E, 0x01, 0xC0, 0x39, 0xBF, 0x3F, 0xE7, 0x9C, 0xE3,
    0xDC, 0x3F, 0x97, 0xFE, 0x7F, 0xC7, 0xF0, 0x3F, 0xE7, 0xFC, 0xE0, 0x1C, 0x03, 0x80, 0x70, 0x0F,
    0xF1, 0xFE, 0x38, 0x07, 0x03, 0xFC, 0x7F, 0x83, 0x80, 0x70, 0x0E, 0x00, 0x0F, 0xC3, 0xF8, 0xE1,
    0x1C, 0x03, 0x81, 0xFF, 0x3F, 0xE1, 0xC0, 0xFF, 0x9F, 0xF0, 0xE0, 0x1C, 0x07, 0x01, 0xFF, 0xFF,
    0xF8, 0x00, 0x18, 0x00, 0x1C, 0x00, 0x0C, 0x19, 0xF7, 0xCF, 0xFF, 0xF7, 0x9F, 0x3F, 0x87, 0x0F,
    0xC3, 0x87, 0xE1, 0xC3, 0xF0, 0xE1, 0xF8, 0xF0, 0xFC, 0x78, 0x7E, 0x3C, 0x3F, 0x3E, 0x1F, 0x9F,
    0x0E, 0x18, 0x00, 0x0C, 0x00, 0x0E, 0x00, 0x00, 0x78, 0xE7, 0x8E, 0x7C, 0xE7, 0xCE, 0x7C, 0xEF,
    0xFF, 0xFF, 0xF7, 0x6E, 0xFF, 0xFF, 0xFF, 0x73, 0xE7, 0x3E, 0x73, 0xE7, 0x1E, 0x71, 0xE0, 0xFE,
    0x00, 0xFF, 0x00, 0xE7, 0x80, 0xE3, 0x98, 0xE3, 0x98, 0xE3, 0x98, 0xE7, 0xBF, 0xFF, 0x7F, 0xFE,
    0x38, 0xE0, 0x38, 0xE0, 0x38, 0xE0, 0x38, 0xE0, 0x38, 0xE0, 0x3F, 0xE0, 0x1F, 0xFE, 0x00, 0x7F,
    0x80, 0x39, 0xE0, 0x1C, 0x71, 0xEE, 0x3B, 0xFF, 0x1D, 0xCB, 0x9E, 0xE1, 0xFE, 0x78, 0xFE, 0x1F,
    0x77, 0x07, 0xF9, 0xC1, 0xFC, 0xE0, 0x7E, 0x3A, 0x3F, 0x1D, 0xFB, 0x8F, 0xF8, 0xE3, 0x8F, 0xC7,
    0x1D, 0x8E, 0x33, 0x14, 0x66, 0x6C, 0xCC, 0xDB, 0xBF, 0xFF, 0xFF, 0xFF, 0x36, 0xD8, 0x6D, 0xB0,
    0xF1, 0xE1, 0xE3, 0xC3, 0xC7, 0x87, 0x8F, 0x07, 0x1C, 0x00, 0xFF, 0x9F, 0xFF, 0x7E, 0x0D, 0xF8,
    0x37, 0xEC, 0xDF, 0xB3, 0x7E, 0xCD, 0xFB, 0x37, 0xEC, 0xDF, 0xB3, 0x7E, 0xCD, 0xFB, 0x37, 0xEC,
    0x1F, 0xB0, 0x7E, 0xFF, 0xFB, 0xFE, 0x00, 0xE0, 0xFF, 0x0F, 0xF0, 0x0E, 0x1E, 0xE7, 0xFE, 0x71,
    0xEE, 0x0E, 0xE0, 0xEE, 0x0E, 0xE0, 0xEE, 0x0E, 0xE0, 0xE7, 0x1E, 0x7F, 0xE3, 0xEE, 0x00, 0x07,
    0xFC, 0x7F, 0xC0, 0x03, 0xE0, 0x1F, 0xE0, 0xE3, 0x87, 0x07, 0x1C, 0x1F, 0xFF, 0x0F, 0xF8, 0x0E,
    0x00, 0x38, 0x03, 0xFE, 0x0F, 0xF8, 0x07, 0x07, 0x1C, 0x1C, 0x38, 0xE0, 0x7F, 0x80, 0xF8, 0x70,
    0xF7, 0x1E, 0x71, 0xC7, 0x38, 0x77, 0x87, 0x70, 0xFF, 0xEF, 0xFE, 0x77, 0x07, 0x38, 0x73, 0x87,
    0x1C, 0x71, 0xE7, 0x0E, 0x70, 0xF0, 0xFF, 0xFF, 0xFC, 0x38, 0x07, 0x40, 0xF8, 0x1E, 0x03, 0x81,
    0xF4, 0x7F, 0x81, 0xE0, 0x38, 0x1F, 0x03, 0xE0, 0x1C, 0x03, 0x80, 0x7F, 0x00, 0x0F, 0xFC, 0x00,
    0x01, 0xE0, 0x01, 0xCE, 0x00, 0x38, 0x70, 0x03, 0x87, 0x00, 0x38, 0x70, 0x03, 0x87, 0x3C, 0x78,
    0x77, 0xE7, 0x0F, 0x67, 0x70, 0xEE, 0x77, 0x1E, 0xC7, 0x73, 0xCC, 0xFF, 0xF8, 0xFE, 0xFE, 0x1F,
    0xC0, 0x01, 0xC0, 0x00, 0x18, 0x00, 0x01, 0x80, 0x00, 0x18, 0x00, 0x03, 0x80, 0x03, 0xC0, 0x7E,
    0x0E, 0x70, 0xE7, 0x0E, 0x70, 0xE7, 0x0F, 0xE0, 0x7E, 0x07, 0xC1, 0x3C, 0x33, 0xC3, 0xFE, 0x7E,
    0xE6, 0xCE, 0xEC, 0x70, 0x07, 0x00, 0x70, 0x07, 0x03, 0xE0, 0x3C, 0x7F, 0x87, 0xFC, 0x71, 0xEF,
    0xFF, 0xFF, 0xF7, 0x0E, 0xFF, 0xFF, 0xFF, 0x71, 0xC7, 0xFC, 0x7F, 0x07, 0x00, 0x70, 0x07, 0x00,
    0x70, 0x00, 0x03, 0x00, 0xFE, 0x1F, 0xF3, 0xB2, 0x73, 0x0F, 0x30, 0xE3, 0x0E, 0x3F, 0xE3, 0xFE,
    0x37, 0xE3, 0x7E, 0x37, 0x73, 0x77, 0xB7, 0x3F, 0xF0, 0xFE, 0x03, 0x00, 0x30, 0x07, 0x00, 0x7C,
    0x03, 0x60, 0x3B, 0x81, 0xDC, 0x7F, 0xFF, 0xFF, 0xE7, 0x1C, 0xFF, 0xFF, 0xFF, 0xDC, 0x1C, 0xE0,
    0xE7, 0x07, 0x70, 0x1F, 0x80, 0xE0, 0x0F, 0xC1, 0xFF, 0x1E, 0x3C, 0xE0, 0xE0, 0x07, 0x7F, 0xFF,
    0xFF, 0xE0, 0x00, 0x00, 0x07, 0xFF, 0xFF, 0xFE, 0xE0, 0x07, 0x07, 0x3C, 0x78, 0xFF, 0x83, 0xF0,
    0x03, 0x00, 0xFE, 0x3F, 0xE7, 0xFE, 0x73, 0x0F, 0x30, 0xE3, 0x0E, 0x30, 0xE3, 0x0E, 0x30, 0xE3,
    0x0F, 0x30, 0x73, 0x07, 0xFE, 0x3F, 0xE1, 0xFE, 0x03, 0x00, 0x30, 0x18, 0x60, 0xE3, 0x87, 0xFF,
    0xFF, 0xFF, 0x38, 0xE0, 0xE3, 0x83, 0x8E, 0x0E, 0x38, 0x38, 0xE0, 0xE3, 0x83, 0x8E, 0x0E, 0x38,
    0x38, 0xFC, 0xE1, 0xF0, 0x03, 0xF8, 0x1F, 0xF0, 0xE0, 0x83, 0x80, 0x0E, 0x00, 0x3E, 0x00, 0x7E,
    0x00, 0xFE, 0x00, 0xFC, 0x00, 0xFF, 0xFD, 0xE9, 0x9F, 0xE6, 0x7D, 0xFF, 0xE2, 0xFE, 0x09, 0x98,
    0x26, 0x60, 0xFF, 0xFF, 0xFC, 0x00, 0x00, 0x0F, 0xFF, 0xFF, 0xC3, 0x80, 0x70, 0x0E, 0x01, 0xC0,
    0x38, 0x07, 0x00, 0xE0, 0x1C, 0x03, 0x80, 0xFF, 0xFF, 0xFF, 0xFE, 0x00, 0xEF, 0xFF, 0xFF, 0xC0,
    0x77, 0xFC, 0xFF, 0x1F, 0x01, 0xC0, 0x1C, 0x01, 0xC0, 0x1C, 0x01, 0xC0, 0x38, 0x07, 0x00, 0xFC,
    0x1F, 0x0F, 0x81, 0xFE, 0x0F, 0xC7, 0xC0, 0xF8, 0xE7, 0x1C, 0xE3, 0x9C, 0xE3, 0xFC, 0x7F, 0x0F,
    0x80, 0x78, 0x00, 0x8C, 0x00, 0x8C, 0x00, 0xFF, 0xFC, 0xFF, 0xFE, 0x7F, 0xFF, 0x0C, 0x01, 0x0D,
    0xF9, 0x0F, 0x7F, 0x0C, 0x6E, 0x1E, 0x00, 0x37, 0x00, 0x07, 0xF8, 0x03, 0xF8, 0x00, 0xF8, 0x01,
    0xC0, 0x01, 0xC0, 0x01, 0xC0, 0x01, 0xC0, 0x0F, 0xF8, 0x3F, 0xFC, 0x7D, 0xDE, 0x71, 0xCE, 0xE1,
    0xC7, 0xE1, 0xC7, 0xE1, 0xC7, 0xE0, 0x07, 0xE0, 0x07, 0xE0, 0x07, 0xE0, 0x07, 0x3F, 0xC1, 0xFF,
    0x8E, 0x1C, 0x70, 0x73, 0x83, 0x9C, 0x1C, 0xE0, 0xE7, 0x0E, 0x3F, 0xF1, 0xFE, 0x0E, 0x00, 0x70,
    0x0F, 0xF0, 0x7F, 0x80, 0xE0, 0x07, 0x00, 0x07, 0x80, 0x3F, 0x03, 0xFF, 0x1F, 0xFE, 0x77, 0xBB,
    0x9E, 0x7E, 0x79, 0xF9, 0xE7, 0xE7, 0x9F, 0x80, 0x0E, 0x00, 0x1C, 0x00, 0x70, 0x00, 0xE0, 0x07,
    0xFF, 0x9F, 0xFE, 0x24, 0x12, 0x3F, 0x9F, 0xEE, 0x7F, 0x1F, 0x8F, 0xC7, 0xFF, 0x7F, 0xB9, 0xFC,
    0x7E, 0x3F, 0x1F, 0x9F, 0xFE, 0xFE, 0x12, 0x09, 0x00, 0x1F, 0x9F, 0xDC, 0x1C, 0x0E, 0x07, 0x03,
    0x81, 0xC0, 0xE0, 0x38, 0x5F, 0xE3, 0xF0, 0x00, 0x03, 0xFF, 0xFF, 0x07, 0x00, 0x38, 0x01, 0xC0,
    0x0E, 0x00, 0x70, 0x03, 0xFF, 0xFF, 0xFF, 0xDC, 0x00, 0x38, 0x00, 0x70, 0x00, 0xE0, 0x01, 0xC0,
    0x07, 0x00, 0x7C, 0x07, 0xF0, 0x7F, 0xC7, 0x77, 0x73, 0x9F, 0x1C, 0x70, 0xE1, 0x07, 0x00, 0x38,
    0x01, 0xC0, 0x0E, 0x00, 0x70, 0x03, 0x80, 0x03, 0x80, 0x07, 0x00, 0x0E, 0x00, 0x1C, 0x00, 0x3B,
    0xFF, 0xFF, 0xFF, 0xC0, 0x0E, 0x00, 0x70, 0x03, 0x80, 0x1C, 0x00, 0xE0, 0x07, 0x00, 0x38, 0x01,
    0xC0, 0x0E, 0x00, 0x70, 0x03, 0x82, 0x1C, 0x38, 0xE3, 0xE7, 0x3B, 0xBB, 0x8F, 0xF8, 0x3F, 0x80,
    0xF8, 0x03, 0x80, 0x03, 0x8E, 0x00, 0x38, 0x38, 0x03, 0x80, 0xE0, 0x38, 0x03, 0x83, 0x80, 0x0E,
    0x3F, 0xFF, 0xF9, 0xFF, 0xFF, 0xC7, 0x00, 0x1C, 0x1C, 0x01, 0xC0, 0x70, 0x1C, 0x01, 0xC1, 0xC0,
    0x07, 0x1C, 0x00, 0x02, 0x00, 0x38, 0x03, 0xE0, 0x3F, 0x83, 0xFE, 0x3B, 0xBB, 0x9C, 0xF8, 0xE3,
    0x87, 0x08, 0x38, 0x01, 0xC0, 0x0E, 0x08, 0x70, 0xE3, 0x8F, 0x9C, 0xEE, 0xEE, 0x3F, 0xE0, 0xFE,
    0x03, 0xE0, 0x0E, 0x00, 0x20, 0x00, 0xFF, 0xDF, 0xFF, 0xC0, 0x7C, 0x0D, 0xC1, 0x9C, 0x31, 0xC6,
    0x1C, 0xC1, 0xD8, 0x1D, 0x01, 0x00, 0x7F, 0xFF, 0xFC, 0x07, 0x81, 0xF0, 0x76, 0x1C, 0xC7, 0x19,
    0xC3, 0x70, 0x7C, 0x0D, 0x01, 0x00, 0x40, 0x5C, 0x0D, 0xC1, 0x9C, 0x31, 0xC6, 0x1C, 0xC1, 0xD8,
    0x1F, 0x01, 0xFF, 0xFD, 0xFF, 0x80, 0x40, 0x58, 0x1F, 0x07, 0x61, 0xCC, 0x71, 0x9C, 0x37, 0x07,
    0xC0, 0xF0, 0x1F, 0xFF, 0xFF, 0x00, 0x00, 0x03, 0x86, 0xFD, 0xEC, 0xCE, 0x0F, 0xA0, 0x71, 0x7F,
    0x87, 0xFE, 0x00, 0x70, 0x03, 0x00, 0x31, 0xC3, 0x30, 0x77, 0xFE, 0x7F, 0x83, 0x00, 0x1C, 0x00,
    0x1F, 0xE7, 0xFE, 0xE0, 0x0C, 0x00, 0xC0, 0x0C, 0x38, 0xE0, 0xC7, 0xFE, 0x3F, 0xE0, 0x0C, 0x03,
    0x80, 0x00, 0x01, 0x80, 0x38, 0x07, 0xFF, 0xFF, 0xF3, 0x83, 0x18, 0x30, 0x03, 0x00, 0x30, 0x03,
    0x00, 0x30, 0x03, 0x00, 0x30, 0x00, 0x00, 0x08, 0x00, 0xCF, 0xFF, 0xFF, 0xEC, 0x0C, 0xC0, 0x8C,
    0x00, 0xC0, 0x0C, 0x00, 0xC0, 0x0C, 0x00, 0xC0, 0x00, 0xC0, 0x0C, 0x00, 0xC0, 0x0C, 0x00, 0xC0,
    0x0C, 0x00, 0xC0, 0x8C, 0x0C, 0xFF, 0xFF, 0xFE, 0x00, 0xC0, 0x08, 0x00, 0x00, 0xFF, 0x8F, 0xF8,
    0x01, 0x80, 0x18, 0x01, 0x80, 0x18, 0x01, 0x80, 0x18, 0x01, 0x80, 0x18, 0x01, 0x80, 0x7E, 0x03,
    0xC0, 0x3C, 0x01, 0x80, 0x00, 0x30, 0x03, 0x00, 0x30, 0x03, 0x00, 0x30, 0x03, 0x18, 0x33, 0x83,
    0x7F, 0xFF, 0xFF, 0x38, 0x01, 0x80, 0x00, 0x00, 0xC0, 0x0C, 0x20, 0xC6, 0x0D, 0xFF, 0xDF, 0xFC,
    0x60, 0xC2, 0x0C, 0x00, 0x00, 0x30, 0x43, 0x06, 0x3F, 0xFB, 0xFF, 0xB0, 0x63, 0x04, 0x30, 0x03,
    0x00, 0xC0, 0x00, 0x78, 0x00, 0x3F, 0x00, 0x1C, 0xE0, 0x0E, 0x1C, 0x07, 0x03, 0x83, 0x80, 0x71,
    0xF8, 0x7E, 0x06, 0x18, 0x01, 0x86, 0x00, 0x61, 0x80, 0x18, 0x60, 0x06, 0x18, 0x01, 0xFE, 0x00,
    0x7F, 0x80, 0x38, 0x0F, 0x80, 0xF0, 0x0E, 0x01, 0x87, 0xF7, 0xFD, 0xC7, 0xE1, 0xF8, 0x3E, 0x1F,
    0x87, 0x71, 0x9F, 0xE1, 0xE0, 0x07, 0x00, 0x38, 0x03, 0xE0, 0x1B, 0x01, 0xDC, 0x0C, 0x60, 0x63,
    0x07, 0x1C, 0x30, 0x63, 0x83, 0x98, 0x0C, 0xC0, 0x6E, 0x03, 0xFF, 0xFF, 0xFF, 0xE0, 0xFF, 0xFF,
    0xFF, 0xCE, 0x38, 0x71, 0xC3, 0x8E, 0x1C, 0x70, 0xE3, 0x87, 0x1C, 0x38, 0xE1, 0xC7, 0x0E, 0x38,
    0x71, 0xC3, 0x8E, 0x1C, 0x70, 0xE3, 0x87, 0x1C, 0x38, 0xE1, 0xC7, 0x00, 0xFF, 0xFF, 0xFE, 0x01,
    0xC0, 0x30, 0x0E, 0x01, 0x80, 0x70, 0x18, 0x0E, 0x07, 0x01, 0xC0, 0xE0, 0x3F, 0xFF, 0xFC, 0xFF,
    0xFF, 0xF0, 0x00, 0xFC, 0x07, 0xF0, 0x1C, 0x00, 0x70, 0x01, 0x80, 0x06, 0x00, 0x38, 0x38, 0xE0,
    0x63, 0x81, 0x8C, 0x07, 0x30, 0x1D, 0xC0, 0x37, 0x00, 0xD8, 0x03, 0xE0, 0x0F, 0x80, 0x1E, 0x00,
    0x78, 0x00, 0x3C, 0x78, 0xFD, 0xFB, 0x1F, 0x1E, 0x08, 0x3C, 0x78, 0x6F, 0xDF, 0x8F, 0x1E, 0x00,
    0x07, 0x87, 0xC3, 0x81, 0x80, 0xC0, 0x60, 0x70, 0x38, 0x1C, 0x0E, 0x07, 0x03, 0x01, 0x80, 0xC0,
    0x60, 0x70, 0xF8, 0x78, 0x00, 0x71, 0xFC, 0xF3, 0xF8, 0xE7, 0x1B, 0xCF, 0x3F, 0x8E, 0x07, 0x01,
    0x8F, 0xFF, 0xFF, 0x0C, 0x03, 0x0F, 0xFF, 0xFF, 0x18, 0x0E, 0x00, 0x00, 0x40, 0xF1, 0xFF, 0xF0,
    0xE0, 0x3E, 0x07, 0xF0, 0x3F, 0x01, 0xC0, 0x0F, 0xFF, 0xFF, 0x80, 0x3C, 0x0F, 0xE0, 0x7F, 0x01,
    0xC1, 0xF3, 0xFB, 0xF0, 0xE0, 0x00, 0x0F, 0xFF, 0xFF, 0x1F, 0x9F, 0x9F, 0x9F, 0xCE, 0x0E, 0x07,
    0x07, 0x07, 0xF7, 0xF7, 0xFF, 0xF8, 0xE0, 0xE0, 0x70, 0x70, 0x38, 0x38, 0x1C, 0x1C, 0x0E, 0x0E,
    0x07, 0x07, 0x03, 0x83, 0x81, 0xC1, 0xC0, 0xE0, 0xE0, 0x70, 0x70, 0x1E, 0x73, 0xE7, 0x38, 0x03,
    0x80, 0xFE, 0x7F, 0xE7, 0x38, 0x73, 0x87, 0x38, 0x73, 0x87, 0x38, 0x73, 0x87, 0x38, 0x73, 0x87,
    0x38, 0x73, 0x87, 0x1E, 0x70, 0xF9, 0xC3, 0x87, 0x0E, 0x1C, 0xFE, 0x73, 0xF9, 0xC3, 0x87, 0x0E,
    0x1C, 0x38, 0x70, 0xE1, 0xC3, 0x87, 0x0E, 0x1C, 0x38, 0x70, 0xE1, 0xC3, 0x87, 0xCE, 0x0F, 0x1F,
    0x9F, 0xF3, 0xF3, 0xF7, 0x38, 0x38, 0x73, 0x83, 0x80, 0x7F, 0x7F, 0x7F, 0xFF, 0xF7, 0x38, 0x38,
    0x73, 0x83, 0x87, 0x38, 0x38, 0x73, 0x83, 0x87, 0x38, 0x38, 0x73, 0x83, 0x87, 0x38, 0x38, 0x73,
    0x83, 0x87, 0x38, 0x38, 0x73, 0x83, 0x87, 0x1F, 0x9F, 0x73, 0xF3, 0xF7, 0x38, 0x38, 0x73, 0x83,
    0x87, 0x7F, 0x7E, 0x7F, 0xFF, 0xE7, 0x38, 0x38, 0x73, 0x83, 0x87, 0x38, 0x38, 0x73, 0x83, 0x87,
    0x38, 0x38, 0x73, 0x83, 0x87, 0x38, 0x38, 0x73, 0x83, 0x87, 0x38, 0x38, 0x73, 0x83, 0x87, 0x1F,
    0x81, 0xFF, 0x8F, 0x0E, 0x38, 0x38, 0xE1, 0xFF, 0x8F, 0xFE, 0x0E, 0x38, 0x38, 0xE0, 0xE3, 0x83,
    0x8E, 0x0E, 0x38, 0x38, 0xE0, 0xE3, 0x83, 0x8E, 0x0F, 0xF8, 0x1F, 0x03, 0xF0, 0x01, 0xFF, 0x00,
    0xE1, 0xC0, 0x38, 0x70, 0x3F, 0x1F, 0xDF, 0xCF, 0xFE, 0x11, 0xC3, 0x80, 0x70, 0xFC, 0x1C, 0x1F,
    0xC7, 0x03, 0xF9, 0xC0, 0x3E, 0x70, 0x03, 0x9C, 0x20, 0xE7, 0x0F, 0xF0, 0xFF, 0xF8, 0x1F, 0x00,
    0x01, 0xA8, 0x00, 0x6C, 0x00, 0x1F, 0x00, 0x07, 0xC0, 0x00, 0xF0, 0x00, 0x7F, 0x00, 0x3D, 0xFF,
    0xFE, 0x3F, 0xFE, 0x00, 0x00, 0x00, 0x00, 0x00, 0x0D, 0x80, 0x03, 0x60, 0x00, 0x20, 0x00, 0x0C,
    0x00, 0x03, 0x00, 0xA0, 0x00, 0x03, 0x00, 0x00, 0x0C, 0x00, 0x04, 0x30, 0x00, 0x38, 0xC0, 0x03,
    0xE3, 0xC0, 0x3F, 0x87, 0xFF, 0xF7, 0xCF, 0xFF, 0x0F, 0x00, 0x00, 0x00, 0x00, 0x00, 0x00, 0x36,
    0x00, 0x00, 0xD8, 0x00, 0x00, 0x80, 0x00, 0x03, 0x00, 0x00, 0x08, 0x00, 0x00, 0x38, 0x61, 0x86,
    0x1C, 0x73, 0xBE, 0xF0, 0x00, 0x36, 0xD8, 0x83, 0x0C, 0x18, 0x0E, 0x06, 0x03, 0x03, 0xC7, 0xFF,
    0x9E, 0x00, 0x00, 0x36, 0x1B, 0x02, 0x01, 0x80, 0x80, 0x01, 0x00, 0x00, 0x50, 0x00, 0x1F, 0x00,
    0x04, 0xC0, 0x03, 0xE0, 0x00, 0x00, 0x00, 0x00, 0x1A, 0x80, 0x06, 0xC0, 0x01, 0xF0, 0x00, 0x7C,
    0x00, 0x0F, 0x00, 0x07, 0xF0, 0x03, 0xDF, 0xFF, 0xE3, 0xFF, 0xE0, 0x01, 0x80, 0x00, 0x06, 0x80,
    0x00, 0x1F, 0x00, 0x00, 0x64, 0x00, 0x03, 0xE0, 0x00, 0x00, 0x00, 0x00, 0x00, 0x00, 0x28, 0x00,
    0x00, 0xC0, 0x00, 0x03, 0x00, 0x01, 0x0C, 0x00, 0x0E, 0x30, 0x00, 0xF8, 0xF0, 0x0F, 0xE1, 0xFF,
    0xFD, 0xF3, 0xFF, 0xC3, 0xC0, 0x42, 0x9E, 0x9F, 0x80, 0x00, 0x71, 0x8E, 0x73, 0x9C, 0xFE, 0xE0,
    0x10, 0x0A, 0x07, 0x82, 0x43, 0xE0, 0x00, 0x00, 0x00, 0x18, 0x0E, 0x06, 0x03, 0x03, 0xC7, 0xFF,
    0x9E, 0x7C, 0x03, 0xFC, 0x1F, 0xFC, 0x01, 0xE0, 0x3F, 0x07, 0xC0, 0x78, 0x07, 0x00, 0x70, 0x03,
    0x36, 0x18, 0xB1, 0xC2, 0x0E, 0x18, 0x70, 0x01, 0xC0, 0x0F, 0x86, 0x3F, 0xF8, 0x7F, 0x80, 0x7C,
    0x00, 0x7F, 0x80, 0x7F, 0xF0, 0x00, 0xF0, 0x03, 0xF0, 0x0F, 0xE0, 0x1E, 0x30, 0x38, 0x38, 0x70,
    0x3F, 0x66, 0xCF, 0x62, 0xC0, 0xE1, 0x00, 0xE1, 0x80, 0xE0, 0x00, 0x70, 0x00, 0x7C, 0x30, 0x3F,
    0xF8, 0x0F, 0xF0, 0x7E, 0x07, 0xF8, 0x03, 0xE0, 0x0E, 0x03, 0xD1, 0xF0, 0xFE, 0x0F, 0x00, 0x00,
    0x00, 0x00, 0x1B, 0x01, 0xB0, 0x04, 0x00, 0x60, 0x06, 0x00, 0x7E, 0x01, 0xFE, 0x00, 0x3E, 0x00,
    0x38, 0x03, 0xD0, 0x7F, 0x8F, 0xE7, 0xFC, 0x0F, 0x00, 0x00, 0x00, 0x01, 0xB0, 0x06, 0xC0, 0x04,
    0x00, 0x38, 0x00, 0x40, 0x00, 0x20, 0x28, 0x3C, 0x24, 0x7C, 0x00, 0x00, 0x00, 0x0C, 0x1C, 0x0E,
    0x06, 0x07, 0x07, 0x03, 0xC7, 0xFF, 0xFC, 0x20, 0x05, 0x00, 0xF0, 0x12, 0x07, 0xC0, 0x00, 0x00,
    0x00, 0x00, 0x0C, 0x03, 0x80, 0x38, 0x03, 0x00, 0x70, 0x0E, 0x00, 0xC6, 0x3C, 0xFF, 0xFF, 0x9C,
    0x08, 0x0C, 0x0C, 0x32, 0x3F, 0x00, 0x00, 0x04, 0x0C, 0x0E, 0x06, 0x06, 0x06, 0x06, 0x0E, 0x0E,
    0x3C, 0xF8, 0x70, 0x40, 0x08, 0x03, 0x80, 0x30, 0x1B, 0x03, 0x60, 0x00, 0x00, 0x00, 0x20, 0x0C,
    0x01, 0xC0, 0x18, 0x03, 0x00, 0x70, 0x0F, 0xC3, 0xF8, 0x70, 0x3C, 0x1F, 0x01, 0xC0, 0x20, 0x00,
    0x10, 0x12, 0x1F, 0x1B, 0x3E, 0x00, 0x00, 0x00, 0x04, 0x0C, 0x0E, 0x06, 0x06, 0x06, 0x06, 0x0E,
    0x0E, 0x3C, 0xF8, 0x70, 0x40, 0x10, 0x02, 0x80, 0x78, 0x09, 0x03, 0xE0, 0x00, 0x00, 0x00, 0x00,
    0x04, 0x01, 0x80, 0x38, 0x03, 0x00, 0x60, 0x0E, 0x01, 0xF8, 0x7F, 0x0E, 0x07, 0x83, 0xE0, 0x38,
    0x04, 0x00, 0x00, 0x01, 0x00, 0x03, 0xC0, 0x03, 0xE0, 0x07, 0xC0, 0x07, 0x80, 0x03, 0x80, 0x01,
    0xE1, 0x40, 0x78, 0xC0, 0x1C, 0x60, 0x07, 0x30, 0x01, 0x98, 0x00, 0xEF, 0x00, 0xF3, 0xFF, 0xF0,
    0xFF, 0xF0, 0x00, 0x01, 0x00, 0x00, 0x78, 0x00, 0x0F, 0x80, 0x03, 0xE0, 0x00, 0x78, 0x00, 0x06,
    0x00, 0x00, 0x70, 0x0A, 0x03, 0x80, 0xC0, 0x1C, 0x0C, 0x00, 0xE0, 0xC0, 0x06, 0x0C, 0x00, 0x70,
    0xF0, 0x0F, 0x87, 0xFF, 0xFF, 0x3F, 0xFC, 0xE0, 0x01, 0x03, 0xC7, 0xC7, 0x87, 0x07, 0x01, 0xC0,
    0x70, 0x1C, 0x07, 0x01, 0x80, 0xC0, 0xE7, 0xF3, 0xE0, 0x01, 0x00, 0xF0, 0x7C, 0x1E, 0x07, 0x01,
    0xC0, 0x1C, 0x01, 0xC0, 0x1C, 0x01, 0xC0, 0x38, 0x03, 0x80, 0xF9, 0xFF, 0xFE, 0x38, 0x00, 0x02,
    0x00, 0x07, 0x80, 0x07, 0x00, 0x0F, 0x20, 0x0E, 0x78, 0x02, 0x7C, 0x00, 0xF8, 0x00, 0xF0, 0x00,
    0x70, 0x00, 0x3C, 0x28, 0x0F, 0x18, 0x03, 0x8C, 0x00, 0xE6, 0x00, 0x33, 0x00, 0x1D, 0xE0, 0x1E,
    0x7F, 0xFE, 0x1F, 0xFE, 0x00, 0x00, 0x02, 0x00, 0x00, 0xF0, 0x00, 0x1C, 0x00, 0x07, 0x90, 0x00,
    0xE7, 0x80, 0x04, 0xF8, 0x00, 0x3E, 0x00, 0x07, 0x80, 0x00, 0x60, 0x00, 0x07, 0x00, 0xA0, 0x38,
    0x0C, 0x01, 0xC0, 0xC0, 0x0E, 0x0C, 0x00, 0x60, 0xC0, 0x07, 0x0F, 0x00, 0xF8, 0x7F, 0xFF, 0xF3,
    0xFF, 0xCE, 0x02, 0x07, 0x0F, 0x0E, 0x2E, 0x7C, 0xF8, 0xF0, 0xE0, 0xE0, 0x38, 0x0E, 0x03, 0x80,
    0xE0, 0x30, 0x18, 0x1C, 0xFE, 0x7C, 0x00, 0x02, 0x01, 0xC0, 0xF0, 0x38, 0x8E, 0x79, 0x3E, 0x0F,
    0x03, 0x80, 0xE0, 0x0E, 0x00, 0xE0, 0x0E, 0x00, 0xE0, 0x1C, 0x01, 0xC0, 0x7C, 0xFF, 0xFF, 0x1C,
    0x00, 0xE0, 0x06, 0x80, 0x7E, 0x07, 0xC0, 0x3C, 0x03, 0xC0, 0x3C, 0x07, 0xE0, 0x6F, 0xFE, 0x7F,
    0xC1, 0xF0, 0x00, 0x20, 0x00, 0x60, 0x80, 0x70, 0xE0, 0x70, 0xC0, 0x38, 0xC0, 0x3F, 0xC0, 0x3E,
    0xC0, 0x70, 0xE0, 0x70, 0xFF, 0xE0, 0x7F, 0xC0, 0x1F, 0x00, 0x20, 0x61, 0xE3, 0xE6, 0xF8, 0xF1,
    0xE3, 0xEF, 0xFD, 0xF0, 0x0E, 0x03, 0xF0, 0x7F, 0x06, 0x38, 0xE3, 0x8E, 0x1C, 0x61, 0xF4, 0x0F,
    0x71, 0x8E, 0x73, 0x9C, 0xFE, 0xE0, 0x88, 0x63, 0x00, 0x38, 0x0E, 0x03, 0xC7, 0xF9, 0xF3, 0xB0,
    0x36, 0x07, 0x80, 0xF0, 0x0E, 0x00, 0x80, 0x02, 0x00, 0x1E, 0x00, 0x3C, 0x03, 0xF8, 0x0C, 0xF0,
    0x33, 0xE0, 0xCD, 0xC3, 0xF3, 0x87, 0x8D, 0xFF, 0xFF, 0xDF, 0x80, 0x03, 0xE0, 0x07, 0xC0, 0x1D,
    0x80, 0x33, 0x80, 0xE6, 0x01, 0xDC, 0x13, 0x78, 0x3F, 0xFF, 0xFE, 0x7E, 0x1C, 0x60, 0x38, 0xC0,
    0x3F, 0x80, 0x3F, 0x00, 0x18, 0x00, 0x18, 0x03, 0xC0, 0x1E, 0x03, 0xF0, 0x33, 0x87, 0x3C, 0x73,
    0xE3, 0x76, 0x3E, 0x7F, 0xFE, 0xF7, 0xC0, 0x0F, 0x01, 0xF8, 0x19, 0x83, 0x98, 0x31, 0x83, 0x38,
    0x3F, 0x8F, 0xFF, 0xF1, 0xF3, 0x0C, 0x38, 0xC1, 0xFC, 0x1F, 0x80, 0x20, 0x0E, 0x00, 0x0F, 0x80,
    0x06, 0xE0, 0x07, 0x30, 0x07, 0x18, 0x07, 0x00, 0x03, 0x00, 0x01, 0xC0, 0x01, 0xFF, 0xFF, 0x9F,
    0xFF, 0xC0, 0x0F, 0xF9, 0xFF, 0x9F, 0x01, 0xC0, 0x0E, 0x00, 0x7C, 0x05, 0xFF, 0xC3, 0xFE, 0x70,
    0x00, 0x20, 0x00, 0x18, 0x00, 0x07, 0x00, 0x06, 0x00, 0x00, 0x00, 0x00, 0x38, 0x00, 0x3E, 0x00,
    0x1B, 0x80, 0x1C, 0xC0, 0x1C, 0x60, 0x1C, 0x00, 0x0C, 0x00, 0x07, 0x00, 0x07, 0xFF, 0xFE, 0x7F,
    0xFF, 0x38, 0x01, 0x00, 0x08, 0x00, 0xF8, 0x02, 0x00, 0x00, 0x00, 0x3F, 0xE7, 0xFE, 0x7C, 0x07,
    0x00, 0x38, 0x01, 0xF0, 0x17, 0xFF, 0x0F, 0xF8, 0x00, 0x7E, 0x01, 0xF8, 0x07, 0x00, 0x0C, 0x08,
    0x18, 0x1C, 0x38, 0x30, 0x7C, 0x60, 0x3E, 0xC0, 0x1D, 0x80, 0x3B, 0x80, 0xE7, 0xFF, 0x87, 0xFE,
    0x03, 0xF0, 0x00, 0x80, 0x00, 0xE0, 0x40, 0xC0, 0x78, 0xC0, 0x7F, 0xC0, 0x1F, 0xC0, 0x1C, 0xE0,
    0x1C, 0xFF, 0xF8, 0x7F, 0xF0, 0x1F, 0x80, 0x38, 0x61, 0x86, 0x1C, 0x73, 0xBE, 0xF0, 0x00, 0x37,
    0xDC, 0x18, 0x0E, 0x06, 0x03, 0x03, 0xC7, 0xFF, 0x9E, 0x00, 0x00, 0x36, 0x1B, 0x80, 0x3E, 0x3C,
    0x70, 0x70, 0x71, 0x3F, 0x3F, 0xFC, 0x60, 0x63, 0xFC, 0x00, 0x03, 0x87, 0x0E, 0x1C, 0x38, 0x70,
    0xE0, 0xC1, 0x83, 0x06, 0x0C, 0x18, 0x30, 0x72, 0x7F, 0x00, 0x00, 0x03, 0x81, 0xC0, 0xE0, 0x70,
    0x18, 0x0C, 0x06, 0x03, 0x01, 0x80, 0xC0, 0x60, 0x30, 0x1C, 0x0F, 0xC3, 0xC0, 0x6C, 0xC7, 0xC0,
    0x77, 0x77, 0x77, 0x73, 0x33, 0x33, 0x33, 0x70, 0xC0, 0x40, 0x70, 0xC0, 0x00, 0x70, 0x70, 0x70,
    0x70, 0x30, 0x30, 0x30, 0x30, 0x30, 0x30, 0x30, 0x30, 0x38, 0x3F, 0x1E, 0x38, 0x20, 0x20, 0x1C,
    0x30, 0x00, 0x18, 0x7C, 0x7E, 0xE6, 0xC7, 0xE7, 0xFF, 0x7E, 0x0E, 0x1E, 0xFC, 0xF8, 0xC0, 0x38,
    0x08, 0x02, 0x00, 0x70, 0x30, 0x00, 0x01, 0x81, 0xF8, 0x7E, 0x39, 0x8C, 0x73, 0x9C, 0xFF, 0xDF,
    0xF0, 0xE0, 0x78, 0xFC, 0x3E, 0x0C, 0x00, 0xEE, 0xEE, 0xEE, 0x66, 0x66, 0x66, 0x66, 0x60, 0x6C,
    0xC7, 0xC0, 0xE1, 0xC3, 0x87, 0x06, 0x0C, 0x18, 0x30, 0x60, 0xC1, 0x83, 0x07, 0x0F, 0xCF, 0x00,
    0x70, 0x81, 0x07, 0xC4, 0x00, 0x30, 0x00, 0xC0, 0xFD, 0x83, 0xF1, 0xCE, 0x06, 0x18, 0x10, 0x30,
    0x38, 0x70, 0x60, 0xF8, 0xC0, 0x7D, 0x80, 0x3B, 0x00, 0x77, 0x01, 0xCF, 0xFF, 0x0F, 0xFC, 0x07,
    0xE0, 0x00, 0x30, 0x00, 0x60, 0x00, 0x60, 0x00, 0x38, 0x00, 0x60, 0x00, 0x80, 0x00, 0xE0, 0x40,
    0xC0, 0x78, 0xC0, 0x7F, 0xC0, 0x1F, 0xC0, 0x1C, 0xE0, 0x1C, 0xFF, 0xF8, 0x7F, 0xF0, 0x1F, 0x80,
    0x66, 0x30, 0xEC, 0x01, 0xC6, 0x39, 0xCE, 0x73, 0xFB, 0x80, 0x38, 0x30, 0x08, 0x07, 0x06, 0x00,
    0x00, 0x40, 0x30, 0x18, 0x1C, 0x1F, 0x1F, 0xFE, 0xF0, 0xFF, 0xFF, 0xDB, 0x6D, 0xB6, 0xD8, 0xE1,
    0xC3, 0x87, 0x06, 0x0C, 0x18, 0x30, 0x60, 0xC1, 0x83, 0x07, 0x0F, 0xCF, 0x00, 0x00, 0x01, 0xA8,
    0x00, 0x6C, 0x00, 0x1F, 0x00, 0x07, 0xC0, 0x00, 0xF0, 0x00, 0x7F, 0x00, 0x3D, 0xFF, 0xFE, 0x3F,
    0xFE, 0x00, 0x00, 0x00, 0x00, 0x00, 0x00, 0x00, 0x00, 0xC0, 0x00, 0x70, 0x00, 0xA0, 0x00, 0x03,
    0x00, 0x00, 0x0C, 0x00, 0x04, 0x30, 0x00, 0x38, 0xC0, 0x03, 0xE3, 0xC0, 0x3F, 0x87, 0xFF, 0xF7,
    0xCF, 0xFF, 0x0F, 0x00, 0x00, 0x00, 0x00, 0x00, 0x00, 0x00, 0x00, 0x00, 0x30, 0x00, 0x01, 0xC0,
    0x00, 0x71, 0x8E, 0x73, 0x9C, 0xFE, 0xE0, 0x00, 0xC7, 0x00, 0x10, 0x0C, 0x06, 0x07, 0x07, 0xC7,
    0xFF, 0xBC, 0x00, 0x00, 0x18, 0x0E, 0x00, 0x6C, 0xD8, 0x00, 0x02, 0x06, 0x1E, 0x3E, 0x6F, 0x8F,
    0x1E, 0x3E, 0xFF, 0xDF, 0x00, 0x36, 0x06, 0xC0, 0x00, 0x00, 0x00, 0x60, 0x0C, 0x07, 0x83, 0xF0,
    0xF7, 0x18, 0xE3, 0x1C, 0x63, 0x8F, 0xF0, 0xFF, 0x00, 0xF8, 0x0F, 0x03, 0x60, 0x00, 0xDC, 0x00,
    0x00, 0x1A, 0x80, 0x06, 0xC0, 0x01, 0xF0, 0x00, 0x7C, 0x00, 0x0F, 0x00, 0x07, 0xF0, 0x03, 0xDF,
    0xFF, 0xE3, 0xFF, 0xE0, 0x03, 0xB0, 0x00, 0x0F, 0xC0, 0x00, 0x00, 0x00, 0x28, 0x00, 0x00, 0xC0,
    0x00, 0x03, 0x00, 0x01, 0x0C, 0x00, 0x0E, 0x30, 0x00, 0xF8, 0xF0, 0x0F, 0xE1, 0xFF, 0xFD, 0xF3,
    0xFF, 0xC3, 0xC0, 0xDB, 0x70, 0x00, 0x01, 0xC3, 0x0E, 0x38, 0xE3, 0x8E, 0xF3, 0x80, 0x36, 0x3B,
    0x00, 0x00, 0x01, 0x80, 0xE0, 0x60, 0x30, 0x3C, 0x7F, 0xF9, 0xE0, 0x00, 0x80, 0x00, 0x30, 0x00,
    0x0C, 0x00, 0x0C, 0x80, 0x03, 0xF0, 0x00, 0x00, 0x6A, 0x00, 0x1B, 0x00, 0x07, 0xC0, 0x01, 0xF0,
    0x00, 0x3C, 0x00, 0x1F, 0xC0, 0x0F, 0x7F, 0xFF, 0x8F, 0xFF, 0x80, 0x00, 0x40, 0x00, 0x03, 0x00,
    0x00, 0x0C, 0x00, 0x00, 0x6C, 0x00, 0x03, 0xB0, 0x00, 0x00, 0x00, 0x0A, 0x00, 0x00, 0x30, 0x00,
    0x00, 0xC0, 0x00, 0x43, 0x00, 0x03, 0x8C, 0x00, 0x3E, 0x3C, 0x03, 0xF8, 0x7F, 0xFF, 0x7C, 0xFF,
    0xF0, 0xF0, 0x23, 0x8D, 0xBD, 0x80, 0x00, 0x71, 0x8E, 0x73, 0x9C, 0xFE, 0xE0, 0x08, 0x0E, 0x02,
    0x06, 0xC3, 0x60, 0x00, 0x00, 0x30, 0x1C, 0x0C, 0x06, 0x07, 0x8F, 0xFF, 0x3C, 0x78, 0x03, 0xF8,
    0x1F, 0xFC, 0x03, 0xE0, 0x3F, 0x07, 0x80, 0x70, 0x07, 0x00, 0x70, 0x03, 0x00, 0x38, 0x61, 0xC7,
    0x0E, 0x00, 0x70, 0x01, 0xC0, 0x0F, 0x86, 0x3F, 0xF8, 0x7F, 0x00, 0x78, 0x00, 0xFE, 0x01, 0xFF,
    0xC0, 0x0F, 0x80, 0x3F, 0x01, 0xF8, 0x07, 0x18, 0x1C, 0x38, 0x70, 0x7E, 0xC0, 0x3F, 0x86, 0x07,
    0x1C, 0x0E, 0x00, 0x1C, 0x00, 0x1C, 0x00, 0x3E, 0x18, 0x3F, 0xF8, 0x1F, 0xC0, 0x7E, 0x07, 0xF8,
    0x03, 0xE0, 0x0E, 0x03, 0xD1, 0xF0, 0xFE, 0x0F, 0x00, 0x00, 0x00, 0x00, 0x06, 0x00, 0xE0, 0x7E,
    0x01, 0xFE, 0x00, 0x3E, 0x00, 0x38, 0x03, 0xD0, 0x7F, 0x8F, 0xE7, 0xFC, 0x0F, 0x00, 0x00, 0x00,
    0x00, 0xE0, 0x03, 0x80, 0x78, 0x03, 0xF8, 0x1F, 0xFC, 0x03, 0xE0, 0x3F, 0x07, 0x80, 0x70, 0x07,
    0x00, 0x70, 0x03, 0x00, 0x38, 0x01, 0xC0, 0x0E, 0x00, 0x70, 0x01, 0xC0, 0x0F, 0x86, 0x3F, 0xF8,
    0x7F, 0x00, 0x78, 0x00, 0xFE, 0x01, 0xFF, 0xC0, 0x0F, 0x80, 0x3F, 0x01, 0xF8, 0x07, 0x18, 0x1C,
    0x38, 0x70, 0x7E, 0xC0, 0x3F, 0x80, 0x07, 0x00, 0x0E, 0x00, 0x1C, 0x00, 0x1C, 0x00, 0x3E, 0x18,
    0x3F, 0xF8, 0x1F, 0xC0, 0x7E, 0x07, 0xF8, 0x03, 0xE0, 0x0E, 0x03, 0xD1, 0xF0, 0xFE, 0x0F, 0x00,
    0x7E, 0x01, 0xFE, 0x00, 0x3E, 0x00, 0x38, 0x03, 0xD0, 0x7F, 0x8F, 0xE7, 0xFC, 0x0F, 0x07, 0x00,
    0x38, 0x00, 0x00, 0x00, 0x07, 0x80, 0x3F, 0x81, 0xFF, 0xC0, 0x3E, 0x03, 0xF0, 0x78, 0x07, 0x00,
    0x70, 0x07, 0x00, 0x30, 0x03, 0x80, 0x1C, 0x00, 0xE0, 0x07, 0x00, 0x1C, 0x00, 0xF8, 0x63, 0xFF,
    0x87, 0xF0, 0x07, 0x00, 0x0E, 0x00, 0x00, 0x00, 0x00, 0x07, 0x80, 0x0F, 0xE0, 0x1F, 0xFC, 0x00,
    0xF8, 0x03, 0xF0, 0x1F, 0x80, 0x71, 0x81, 0xC3, 0x87, 0x07, 0xEC, 0x03, 0xF8, 0x00, 0x70, 0x00,
    0xE0, 0x01, 0xC0, 0x01, 0xC0, 0x03, 0xE1, 0x83, 0xFF, 0x81, 0xFC, 0x00, 0x30, 0x03, 0x80, 0x00,
    0x00, 0x00, 0x00, 0x07, 0xE0, 0x7F, 0x80, 0x3E, 0x00, 0xE0, 0x3D, 0x1F, 0x0F, 0xE0, 0xF0, 0x00,
    0x38, 0x00, 0xE0, 0x00, 0x00, 0x00, 0x00, 0x00, 0x01, 0xF8, 0x07, 0xF8, 0x00, 0xF8, 0x00, 0xE0,
    0x0F, 0x41, 0xFE, 0x3F, 0x9F, 0xF0, 0x3C, 0x0C, 0x1C, 0x0E, 0x06, 0x07, 0x07, 0x03, 0xC7, 0xFF,
    0xFC, 0x0C, 0x03, 0x80, 0x38, 0x03, 0x00, 0x70, 0x0E, 0x00, 0xC6, 0x3C, 0xFF, 0xFF, 0x9C, 0x30,
    0x38, 0x00, 0x00, 0x00, 0x0C, 0x1C, 0x0E, 0x06, 0x07, 0x07, 0x03, 0xC7, 0xFF, 0xFC, 0x30, 0x07,
    0x00, 0x00, 0x00, 0x00, 0x00, 0x18, 0x07, 0x00, 0x70, 0x06, 0x00, 0xE0, 0x1C, 0x01, 0x8C, 0x79,
    0xFF, 0xFF, 0x38, 0x04, 0x18, 0x38, 0x30, 0x60, 0xC1, 0x87, 0x0E, 0x7B, 0xE3, 0x84, 0x00, 0x04,
    0x01, 0x80, 0x38, 0x03, 0x00, 0x60, 0x0E, 0x01, 0xF8, 0x7F, 0x0E, 0x07, 0x83, 0xE0, 0x38, 0x04,
    0x00, 0x0C, 0x18, 0x00, 0x00, 0x41, 0x83, 0x83, 0x06, 0x0C, 0x18, 0x70, 0xE7, 0xBE, 0x38, 0x40,
    0x1C, 0x03, 0x80, 0x00, 0x00, 0x00, 0x40, 0x18, 0x03, 0x80, 0x30, 0x06, 0x00, 0xE0, 0x1F, 0x87,
    0xF0, 0xE0, 0x78, 0x3E, 0x03, 0x80, 0x40, 0x00, 0x00, 0x00, 0x0E, 0x00, 0x00, 0x06, 0x00, 0x20,
    0x86, 0x00, 0x60, 0xC7, 0x00, 0x70, 0xC7, 0xE0, 0x71, 0xC7, 0xC0, 0x39, 0xC7, 0xC0, 0x3F, 0xFE,
    0xC0, 0x3F, 0x7C, 0xC0, 0x70, 0x00, 0xE0, 0x70, 0x00, 0xFF, 0xE0, 0x00, 0x7F, 0xC0, 0x00, 0x1F,
    0x00, 0x00, 0x00, 0x00, 0x06, 0x00, 0x04, 0x10, 0xE0, 0x01, 0x83, 0x1C, 0x00, 0x38, 0x63, 0x8E,
    0x07, 0x1C, 0x71, 0x80, 0x73, 0x8F, 0x30, 0x0F, 0xFF, 0xFE, 0x01, 0xFB, 0xE7, 0xC0, 0x70, 0x00,
    0x1C, 0x0E, 0x00, 0x03, 0xFF, 0x80, 0x00, 0x3F, 0xE0, 0x00, 0x01, 0xF0, 0x00, 0x00, 0x00, 0x07,
    0x00, 0x03, 0x80, 0x10, 0xC3, 0x0C, 0x71, 0x8E, 0x39, 0xC7, 0x1D, 0xE3, 0x8D, 0xFF, 0xFE, 0xEF,
    0xBE, 0x00, 0x00, 0x03, 0x00, 0x04, 0x30, 0x18, 0x63, 0x03, 0x8E, 0x38, 0x38, 0xE3, 0x87, 0x8E,
    0x3C, 0xFF, 0xFE, 0xFE, 0xFB, 0xE7, 0x00, 0x01, 0x00, 0x00, 0x01, 0x80, 0x00, 0x01, 0x80, 0x00,
    0x06, 0x40, 0x00, 0x07, 0xE0, 0x00, 0x00, 0x00, 0x00, 0x00, 0x0E, 0x00, 0x00, 0x06, 0x00, 0x20,
    0x86, 0x00, 0x60, 0xC7, 0x00, 0x70, 0xC7, 0xE0, 0x71, 0xC7, 0xC0, 0x39, 0xC7, 0xC0, 0x3F, 0xFE,
    0xC0, 0x3F, 0x7C, 0xC0, 0x70, 0x00, 0xE0, 0x70, 0x00, 0xFF, 0xE0, 0x00, 0x7F, 0xC0, 0x00, 0x1F,
    0x00, 0x00, 0x00, 0x01, 0x00, 0x00, 0x00, 0x30, 0x00, 0x00, 0x06, 0x00, 0x00, 0x03, 0x20, 0x00,
    0x00, 0x7E, 0x00, 0x00, 0x00, 0x00, 0x00, 0x00, 0x00, 0x00, 0x00, 0x00, 0x30, 0x00, 0x20, 0x87,
    0x00, 0x0C, 0x18, 0xE0, 0x01, 0xC3, 0x1C, 0x70, 0x38, 0xE3, 0x8C, 0x03, 0x9C, 0x79, 0x80, 0x7F,
    0xFF, 0xF0, 0x0F, 0xDF, 0x3E, 0x03, 0x80, 0x00, 0xE0, 0x70, 0x00, 0x1F, 0xFC, 0x00, 0x01, 0xFF,
    0x00, 0x00, 0x0F, 0x80, 0x00, 0x00, 0x00, 0x40, 0x00, 0x70, 0x00, 0x18, 0x00, 0x36, 0x00, 0x1B,
    0x00, 0x00, 0x00, 0x00, 0x1C, 0x00, 0x0E, 0x00, 0x43, 0x0C, 0x31, 0xC6, 0x38, 0xE7, 0x1C, 0x77,
    0x8E, 0x37, 0xFF, 0xFB, 0xBE, 0xF8, 0x00, 0x40, 0x00, 0x0E, 0x00, 0x00, 0x40, 0x00, 0x1B, 0x00,
    0x01, 0xB0, 0x00, 0x00, 0x00, 0x00, 0x00, 0x00, 0x00, 0x30, 0x00, 0x43, 0x01, 0x86, 0x30, 0x38,
    0xE3, 0x83, 0x8E, 0x38, 0x78, 0xE3, 0xCF, 0xFF, 0xEF, 0xEF, 0xBE, 0x70, 0x00, 0x00, 0x0E, 0x00,
    0x00, 0x1F, 0x80, 0x08, 0x1F, 0xE0, 0x0C, 0x1C, 0x30, 0x07, 0x1C, 0x1F, 0x03, 0x9C, 0x0F, 0x00,
    0xFC, 0x1F, 0x80, 0x7F, 0xFE, 0xC0, 0x37, 0xFC, 0x60, 0x38, 0x00, 0x38, 0x1C, 0x00, 0x1F, 0xFC,
    0x00, 0x07, 0xFC, 0x00, 0x00, 0xF8, 0x00, 0x00, 0x00, 0x00, 0x0E, 0x00, 0x00, 0x03, 0xF0, 0x00,
    0x20, 0x7F, 0x80, 0x06, 0x0E, 0x18, 0x00, 0x71, 0xC1, 0x8E, 0x07, 0x38, 0x18, 0xC0, 0x3F, 0x07,
    0x8C, 0x03, 0xFF, 0xFF, 0xC0, 0x37, 0xFC, 0xFC, 0x07, 0x00, 0x00, 0xE0, 0x70, 0x00, 0x0F, 0xFE,
    0x00, 0x00, 0x7F, 0xC0, 0x00, 0x01, 0xF0, 0x00, 0x00, 0x00, 0x02, 0x00, 0x07, 0xE0, 0x07, 0xFC,
    0x63, 0xC7, 0x39, 0xE0, 0xCE, 0x70, 0x77, 0xB8, 0x3F, 0xFF, 0xFE, 0xC7, 0xFE, 0x00, 0x00, 0x02,
    0x00, 0x00, 0xFC, 0x00, 0x1F, 0xF0, 0x31, 0xE3, 0x83, 0x9E, 0x0C, 0x1C, 0xE0, 0xE1, 0xEE, 0x0F,
    0x1F, 0xFF, 0xFF, 0xC7, 0xFE, 0xF8, 0x00, 0x00, 0x0C, 0x00, 0x00, 0x0E, 0x00, 0x00, 0x00, 0x00,
    0x00, 0x00, 0x00, 0x00, 0x00, 0xE0, 0x00, 0x01, 0xF8, 0x00, 0x81, 0xFE, 0x00, 0xC1, 0xC3, 0x00,
    0x71, 0xC1, 0xF0, 0x39, 0xC0, 0xF0, 0x0F, 0xC1, 0xF8, 0x07, 0xFF, 0xEC, 0x03, 0x7F, 0xC6, 0x03,
    0x80, 0x03, 0x81, 0xC0, 0x01, 0xFF, 0xC0, 0x00, 0x7F, 0xC0, 0x00, 0x0F, 0x80, 0x00, 0x00, 0x00,
    0x00, 0x0C, 0x00, 0x00, 0x01, 0xC0, 0x00, 0x00, 0x00, 0x00, 0x00, 0x00, 0x00, 0x00, 0x00, 0x0E,
    0x00, 0x00, 0x03, 0xF0, 0x00, 0x20, 0x7F, 0x80, 0x06, 0x0E, 0x18, 0x00, 0x71, 0xC1, 0x8E, 0x07,
    0x38, 0x18, 0xC0, 0x3F, 0x07, 0x8C, 0x03, 0xFF, 0xFF, 0xC0, 0x37, 0xFC, 0xFC, 0x07, 0x00, 0x00,
    0xE0, 0x70, 0x00, 0x0F, 0xFE, 0x00, 0x00, 0x7F, 0xC0, 0x00, 0x01, 0xF0, 0x00, 0x00, 0x00, 0x0E,
    0x00, 0x03, 0x80, 0x00, 0x00, 0x00, 0x00, 0x00, 0x02, 0x00, 0x07, 0xE0, 0x07, 0xFC, 0x63, 0xC7,
    0x39, 0xE0, 0xCE, 0x70, 0x77, 0xB8, 0x3F, 0xFF, 0xFE, 0xC7, 0xFE, 0x00, 0x00, 0x0E, 0x00, 0x00,
    0x70, 0x00, 0x00, 0x00, 0x00, 0x00, 0x00, 0x00, 0x20, 0x00, 0x0F, 0xC0, 0x01, 0xFF, 0x03, 0x1E,
    0x38, 0x39, 0xE0, 0xC1, 0xCE, 0x0E, 0x1E, 0xE0, 0xF1, 0xFF, 0xFF, 0xFC, 0x7F, 0xEF, 0x80, 0x0C,
    0x00, 0x18, 0x00, 0x30, 0x00, 0x60, 0x00, 0xC0, 0x01, 0x80, 0x03, 0x0E, 0x06, 0x7E, 0x0D, 0xFE,
    0x1F, 0x0C, 0x3C, 0x18, 0x70, 0x31, 0xC1, 0xEF, 0xFF, 0xBF, 0xFC, 0x00, 0x0C, 0x00, 0x03, 0x00,
    0x00, 0xC0, 0x00, 0x30, 0x00, 0x0C, 0x00, 0x03, 0x00, 0x00, 0xC3, 0x80, 0x33, 0xF0, 0x0D, 0xFE,
    0x03, 0xE1, 0x80, 0xF0, 0x60, 0x38, 0x18, 0x1C, 0x1E, 0x1F, 0xFF, 0xFF, 0xFF, 0x3C, 0x30, 0x01,
    0x80, 0x0C, 0x00, 0x60, 0x03, 0x00, 0x18, 0x00, 0xC3, 0x86, 0x7E, 0x37, 0xF9, 0xF0, 0xCF, 0x06,
    0x70, 0x37, 0x0F, 0xFF, 0xFB, 0xFF, 0x00, 0x30, 0x00, 0x30, 0x00, 0x30, 0x00, 0x30, 0x00, 0x30,
    0x00, 0x30, 0x00, 0x30, 0xE0, 0x33, 0xF0, 0x37, 0xF8, 0x3E, 0x18, 0x3C, 0x18, 0x38, 0x18, 0x70,
    0xF8, 0xFF, 0xFF, 0xFF, 0xCF, 0x0C, 0x00, 0x18, 0x00, 0x30, 0xE0, 0x61, 0xC0, 0xC0, 0x01, 0x80,
    0x03, 0x0E, 0x06, 0x7E, 0x0D, 0xFE, 0x1F, 0x0C, 0x3C, 0x18, 0x70, 0x31, 0xC1, 0xEF, 0xFF, 0xBF,
    0xFC, 0x00, 0x0C, 0x00, 0x03, 0x00, 0x00, 0xC3, 0x00, 0x30, 0xC0, 0x0C, 0x00, 0x03, 0x00, 0x00,
    0xC3, 0x80, 0x33, 0xF0, 0x0D, 0xFE, 0x03, 0xE1, 0x80, 0xF0, 0x60, 0x38, 0x18, 0x1C, 0x1E, 0x1F,
    0xFF, 0xFF, 0xFF, 0x3C, 0x30, 0x01, 0x80, 0x0C, 0x30, 0x61, 0x83, 0x00, 0x18, 0x00, 0xC3, 0x86,
    0x7E, 0x37, 0xF9, 0xF0, 0xCF, 0x06, 0x70, 0x37, 0x0F, 0xFF, 0xFB, 0xFF, 0x00, 0x30, 0x00, 0x30,
    0x00, 0x30, 0xC0, 0x30, 0xC0, 0x30, 0x00, 0x30, 0x00, 0x30, 0xE0, 0x33, 0xF0, 0x37, 0xF8, 0x3E,
    0x18, 0x3C, 0x18, 0x38, 0x18, 0x70, 0xF8, 0xFF, 0xFF, 0xFF, 0xCF, 0x1F, 0x03, 0xE0, 0x70, 0x06,
    0x00, 0x60, 0x07, 0x18, 0x3F, 0x81, 0xF8, 0x3C, 0x07, 0x80, 0x70, 0x06, 0x00, 0xE0, 0x0E, 0x00,
    0xE0, 0x07, 0x00, 0x78, 0x33, 0xFF, 0x0F, 0xE0, 0x1F, 0x83, 0xFC, 0x71, 0xC3, 0x9C, 0x3D, 0x81,
    0xF8, 0x0F, 0x81, 0xFF, 0x39, 0xF7, 0x00, 0xE0, 0x0E, 0x00, 0xE0, 0x0E, 0x00, 0x78, 0xE7, 0xFE,
    0x1F, 0xC0, 0x0F, 0x0F, 0xC3, 0xF0, 0xC0, 0x70, 0x0C, 0x03, 0x88, 0x7F, 0xFF, 0xBF, 0x00, 0x1F,
    0x83, 0xF8, 0x61, 0xC7, 0x18, 0x39, 0x81, 0xF0, 0x3F, 0x8F, 0xFF, 0xF1, 0xF0, 0x0E, 0x00, 0xE0,
    0x00, 0x00, 0x00, 0x00, 0x01, 0xF0, 0x3E, 0x07, 0x00, 0x60, 0x06, 0x00, 0x71, 0x83, 0xF8, 0x1F,
    0x83, 0xC0, 0x78, 0x07, 0x00, 0x60, 0x0E, 0x00, 0xE0, 0x0E, 0x00, 0x70, 0x07, 0x83, 0x3F, 0xF0,
    0xFE, 0x06, 0x00, 0x60, 0x00, 0x00, 0x00, 0x00, 0x01, 0xF8, 0x3F, 0xC7, 0x1C, 0x39, 0xC3, 0xD8,
    0x1F, 0x80, 0xF8, 0x1F, 0xF3, 0x9F, 0x70, 0x0E, 0x00, 0xE0, 0x0E, 0x00, 0xE0, 0x07, 0x8E, 0x7F,
    0xE1, 0xFC, 0x0C, 0x03, 0x80, 0x00, 0x00, 0x0F, 0x0F, 0xC3, 0xF0, 0xC0, 0x70, 0x0C, 0x03, 0x88,
    0x7F, 0xFF, 0xBF, 0x00, 0x06, 0x00, 0xE0, 0x00, 0x00, 0x00, 0x00, 0x01, 0xF8, 0x3F, 0x86, 0x1C,
    0x71, 0x83, 0x98, 0x1F, 0x03, 0xF8, 0xFF, 0xFF, 0x1F, 0x00, 0x07, 0x00, 0x01, 0xC0, 0x00, 0x00,
    0x00, 0x00, 0x00, 0x00, 0x00, 0x03, 0xE0, 0x01, 0xF8, 0x00, 0x67, 0xA0, 0x18, 0xF0, 0x06, 0x3C,
    0x01, 0xFF, 0x00, 0x7F, 0xC0, 0x00, 0xFC, 0x00, 0x77, 0xFF, 0xF8, 0xFF, 0xFC, 0x00, 0x01, 0x80,
    0x00, 0x06, 0x00, 0x00, 0x00, 0x00, 0x00, 0x00, 0x00, 0x00, 0x00, 0x00, 0x0F, 0x0A, 0x00, 0x7E,
    0x30, 0x03, 0x9C, 0xC0, 0x0E, 0x73, 0x00, 0x39, 0xCC, 0x00, 0x66, 0x3C, 0x01, 0xF8, 0x7F, 0xFF,
    0xFC, 0xFF, 0xF9, 0xF0, 0x0C, 0x06, 0x00, 0x00, 0x00, 0x00, 0xF0, 0xFC, 0x66, 0x73, 0xB9, 0xDF,
    0xE7, 0xF0, 0x30, 0x7B, 0xF9, 0xF8, 0x0C, 0x00, 0xE0, 0x00, 0x00, 0x00, 0x00, 0x01, 0xF0, 0x3F,
    0x03, 0x38, 0x71, 0x87, 0x38, 0x3B, 0x81, 0xF0, 0xFF, 0xFF, 0xBE, 0x00, 0xD8, 0x01, 0xB8, 0x00,
    0x00, 0x00, 0x00, 0x00, 0x00, 0x0F, 0x00, 0x3F, 0x00, 0xEE, 0x81, 0x8D, 0xC3, 0x1B, 0x07, 0xFE,
    0x0F, 0xEC, 0x07, 0xD8, 0x01, 0xB8, 0x07, 0x7F, 0xFC, 0x7F, 0xF0, 0x3F, 0x80, 0x00, 0xD8, 0x00,
    0x6E, 0x00, 0x00, 0x00, 0x00, 0x00, 0x03, 0x00, 0x07, 0xC0, 0x03, 0xF0, 0x03, 0x98, 0x41, 0x8C,
    0x70, 0xE7, 0x30, 0x7F, 0xF8, 0x1F, 0xFC, 0x00, 0xC6, 0x00, 0xE3, 0x80, 0xE1, 0xFF, 0xE0, 0x3F,
    0xE0, 0x07, 0x80, 0x00, 0x33, 0x1F, 0x80, 0x00, 0x00, 0x00, 0xF0, 0xFC, 0x66, 0x73, 0xB9, 0xDF,
    0xE7, 0xF0, 0x30, 0x7B, 0xF9, 0xF8, 0x1B, 0x03, 0xB0, 0x00, 0x00, 0x00, 0x00, 0x01, 0xF0, 0x3F,
    0x03, 0x38, 0x71, 0x87, 0x38, 0x3B, 0x81, 0xF0, 0xFF, 0xFF, 0xBE, 0x00, 0x07, 0x00, 0x07, 0x00,
    0x07, 0x00, 0x43, 0x01, 0xC3, 0x01, 0x83, 0x01, 0x83, 0xA0, 0xC3, 0xC1, 0xC3, 0xC3, 0x83, 0xC2,
    0x03, 0xC0, 0x03, 0xF0, 0x07, 0x7F, 0xFE, 0x3F, 0xFC, 0x00, 0x07, 0x00, 0x00, 0x70, 0x00, 0x07,
    0x00, 0x04, 0x30, 0x01, 0xC3, 0x00, 0x18, 0x30, 0x01, 0x83, 0x0A, 0x0C, 0x30, 0xC1, 0xC3, 0x0C,
    0x38, 0x30, 0xC2, 0x03, 0x0C, 0x00, 0x38, 0xF0, 0x07, 0x87, 0xFF, 0xFF, 0x3F, 0xFC, 0xE0, 0x01,
    0x03, 0xC7, 0xC7, 0x87, 0x07, 0x01, 0xC0, 0x70, 0x1C, 0x07, 0x01, 0x80, 0xC0, 0xE7, 0xF3, 0xE0,
    0x01, 0x00, 0xF0, 0x7C, 0x1E, 0x07, 0x01, 0xC0, 0x1C, 0x01, 0xC0, 0x1C, 0x01, 0xC0, 0x38, 0x03,
    0x80, 0xF9, 0xFF, 0xFE, 0x38, 0x00, 0x70, 0x07, 0x00, 0x30, 0x03, 0x00, 0x30, 0x03, 0x00, 0x30,
    0x03, 0x00, 0x30, 0x03, 0x80, 0x3E, 0x03, 0xC0, 0x3C, 0x03, 0xC0, 0x3C, 0x07, 0xE0, 0x6F, 0xFE,
    0x7F, 0xC1, 0xF0, 0x00, 0x70, 0x00, 0x70, 0x00, 0x70, 0x00, 0x30, 0x00, 0x30, 0x00, 0x30, 0x00,
    0x30, 0x00, 0x30, 0x00, 0x30, 0x00, 0x30, 0x80, 0x30, 0xE0, 0x30, 0xC0, 0x38, 0xC0, 0x3F, 0xC0,
    0x3F, 0xC0, 0x70, 0xE0, 0x60, 0xFF, 0xE0, 0x7F, 0xC0, 0x1F, 0x00, 0x31, 0x8C, 0x63, 0x18, 0xC6,
    0x31, 0x8E, 0x73, 0x7B, 0x80, 0x30, 0x30, 0x30, 0x30, 0x30, 0x30, 0x30, 0x30, 0x30, 0x30, 0x38,
    0x38, 0x7C, 0xFF, 0xEF, 0x0E, 0x07, 0xC3, 0xF9, 0xC6, 0x01, 0xC0, 0x73, 0xFD, 0xFE, 0x70, 0xB8,
    0x0E, 0x03, 0x80, 0x60, 0x18, 0x06, 0x01, 0x80, 0x70, 0x00, 0x07, 0x80, 0x7F, 0x03, 0xCC, 0x0E,
    0x30, 0x78, 0xE1, 0xF1, 0xCE, 0xFF, 0xF9, 0xFF, 0xE0, 0x03, 0x80, 0x0E, 0x00, 0x18, 0x00, 0x60,
    0x01, 0x80, 0x07, 0x00, 0x1C, 0x00, 0x0F, 0x07, 0xE1, 0xDC, 0xE3, 0x30, 0xDF, 0x7F, 0xFF, 0x3E,
    0x0F, 0x00, 0x7E, 0x01, 0x9C, 0x0E, 0x30, 0x38, 0xE1, 0xF3, 0xCE, 0xFF, 0xF1, 0xEE, 0x06, 0x00,
    0xE0, 0x00, 0x00, 0x00, 0x00, 0xE0, 0x06, 0x80, 0x7E, 0x07, 0xC0, 0x3C, 0x03, 0xC0, 0x3C, 0x07,
    0xE0, 0x6F, 0xFE, 0x7F, 0xC1, 0xF0, 0x06, 0x00, 0x0E, 0x00, 0x00, 0x00, 0x00, 0x00, 0x00, 0x20,
    0x00, 0x60, 0x80, 0x70, 0xE0, 0x70, 0xC0, 0x38, 0xC0, 0x3F, 0xC0, 0x3E, 0xC0, 0x70, 0xE0, 0x70,
    0xFF, 0xE0, 0x7F, 0xC0, 0x1F, 0x00, 0x73, 0x80, 0x00, 0x38, 0xC7, 0x39, 0xCE, 0x7F, 0x70, 0x18,
    0x1C, 0x00, 0x00, 0x01, 0x00, 0xC0, 0x60, 0x70, 0x7C, 0x7F, 0xFB, 0xC0, 0x20, 0x61, 0xE3, 0xE6,
    0xF8, 0xF1, 0xE3, 0xEF, 0xFD, 0xF0, 0x06, 0x00, 0xC0, 0x78, 0x3F, 0x0F, 0x71, 0x8E, 0x31, 0xC6,
    0x38, 0xFF, 0x0F, 0xF0, 0x0F, 0x80, 0xF0, 0x18, 0x03, 0xC0, 0x1E, 0x03, 0xF0, 0x33, 0x87, 0x3C,
    0x73, 0xE3, 0x76, 0x3E, 0x7F, 0xFE, 0xF7, 0xC0, 0x0F, 0x01, 0xF8, 0x19, 0x83, 0x98, 0x31, 0x83,
    0x38, 0x3F, 0x8F, 0xFF, 0xF1, 0xF3, 0x0C, 0x38, 0xC1, 0xFC, 0x1F, 0x80, 0x20, 0x18, 0x7C, 0x7E,
    0xE6, 0xC7, 0xE7, 0xFF, 0x7E, 0x0E, 0x1E, 0xFC, 0xF8, 0xC0, 0x18, 0x1F, 0x87, 0xE3, 0x98, 0xC7,
    0x39, 0xCF, 0xFD, 0xFF, 0x0E, 0x07, 0x8F, 0xC3, 0xE0, 0xC0, 0x00, 0x00, 0x7E, 0x01, 0xF8, 0x07,
    0x00, 0x0C, 0x08, 0x18, 0x1C, 0x38, 0x30, 0x7C, 0x60, 0x3E, 0xC0, 0x1D, 0x80, 0x3B, 0x80, 0xE7,
    0xFF, 0x87, 0xFE, 0x03, 0xF0, 0x00, 0x80, 0x00, 0xE0, 0x40, 0xC0, 0x78, 0xC0, 0x7F, 0xC0, 0x1F,
    0xC0, 0x1C, 0xE0, 0x1C, 0xFF, 0xF8, 0x7F, 0xF0, 0x1F, 0x80, 0x00, 0x7E, 0x01, 0xF8, 0x07, 0x00,
    0x0C, 0x08, 0x18, 0x1C, 0x38, 0x30, 0x7C, 0x60, 0x3E, 0xC0, 0x1D, 0x80, 0x3B, 0x80, 0xE7, 0xFF,
    0x87, 0xFE, 0x03, 0xF0, 0x00, 0x00, 0x00, 0x00, 0x0D, 0x80, 0x3B, 0x00, 0x80, 0x00, 0xE0, 0x40,
    0xC0, 0x78, 0xC0, 0x7F, 0xC0, 0x1F, 0xC0, 0x1C, 0xE0, 0x1C, 0xFF, 0xF8, 0x7F, 0xF0, 0x1F, 0x80,
    0x00, 0x00, 0x00, 0x00, 0x0D, 0x80, 0x1D, 0x80, 0x38, 0x61, 0x86, 0x1C, 0x73, 0xBE, 0xF0, 0x00,
    0x37, 0xDC, 0x18, 0x0E, 0x06, 0x03, 0x03, 0xC7, 0xFF, 0x9E, 0x00, 0x00, 0x36, 0x1B, 0x80, 0x62,
    0x0F, 0xEE, 0x00, 0x61, 0x06, 0x38, 0x63, 0xC6, 0x1E, 0x60, 0x7E, 0x03, 0xE0, 0x1E, 0x01, 0xE0,
    0x3F, 0x07, 0x30, 0xE7, 0x1F, 0xF1, 0xFE, 0x64, 0x01, 0xFD, 0xC0, 0x03, 0x80, 0x07, 0x02, 0x0E,
    0x0E, 0x1C, 0x0E, 0x38, 0x0E, 0x70, 0x0E, 0xE0, 0x0F, 0xC0, 0x1F, 0x80, 0x1F, 0x00, 0x1E, 0x0F,
    0xFE, 0x1F, 0xDF, 0xBE, 0x1E, 0x60, 0x18, 0x03, 0x00, 0x38, 0xEC, 0x0C, 0x41, 0x9C, 0x33, 0xC6,
    0x3C, 0xC1, 0xF8, 0x1F, 0x01, 0xE0, 0x3C, 0x0F, 0xC3, 0x98, 0xE7, 0x3F, 0xE7, 0xF8, 0x60, 0x03,
    0x00, 0x0C, 0x00, 0x1C, 0x70, 0xC1, 0xC0, 0x07, 0x04, 0x1C, 0x38, 0x70, 0x71, 0xC0, 0xE7, 0x01,
    0xDC, 0x03, 0xF0, 0x0F, 0xC0, 0x1F, 0x00, 0x3C, 0x3F, 0xF8, 0xFE, 0xFF, 0xE1, 0xE0, 0x03, 0x80,
    0x64, 0x1B, 0x86, 0xF1, 0x9E, 0x61, 0xF8, 0x3E, 0x07, 0x81, 0xE0, 0xFC, 0x73, 0x39, 0xDF, 0xF7,
    0xF8, 0x00, 0x30, 0x18, 0x06, 0x00, 0xE0, 0x60, 0x00, 0x01, 0xC0, 0x07, 0x00, 0x1C, 0x10, 0x70,
    0xE1, 0xC1, 0xC7, 0x03, 0x9C, 0x07, 0x70, 0x0F, 0xC0, 0x3F, 0x00, 0x7C, 0x00, 0xF0, 0xFF, 0xE3,
    0xFB, 0xFF, 0x87, 0x80, 0x00, 0x38, 0x01, 0x80, 0x06, 0x00, 0x0E, 0x00, 0x60, 0x00, 0x03, 0x80,
    0x64, 0x1B, 0x86, 0xF1, 0x9E, 0x61, 0xF8, 0x3E, 0x07, 0x81, 0xE0, 0xFC, 0x73, 0x39, 0xDF, 0xF7,
    0xF8, 0x01, 0xC0, 0x07, 0x00, 0x1C, 0x10, 0x70, 0xE1, 0xC1, 0xC7, 0x03, 0x9C, 0x07, 0x70, 0x0F,
    0xC0, 0x3F, 0x00, 0x7C, 0x00, 0xF0, 0xFF, 0xE3, 0xFB, 0xFF, 0x87, 0x80, 0x00, 0x40, 0x00, 0x1C,
    0x00, 0x07, 0xC0, 0x01, 0xFC, 0x00, 0x60, 0xC0, 0x18, 0x0C, 0x07, 0xF1, 0xC1, 0xFF, 0x3C, 0x7F,
    0xCF, 0xDF, 0xF1, 0xFD, 0xFC, 0xFF, 0x1F, 0x9F, 0xC1, 0xFF, 0xF0, 0x1E, 0x7C, 0x01, 0xCF, 0x00,
    0x19, 0xC0, 0x01, 0xF0, 0x00, 0x1C, 0x00, 0x00, 0x00, 0x00,
};

static const EpdGlyph geist_ui_10_semiboldGlyphs[] = {
    { 1, 1, 0, 0, 1, 1, 0 }, // U+0000
    { 1, 1, 87, 0, 1, 1, 1 }, // U+000D
    { 1, 1, 79, 0, 1, 1, 2 }, // U+0020
    { 3, 16, 81, 1, 16, 6, 3 }, // !
    { 6, 6, 125, 1, 16, 5, 9 }, // "
    { 11, 16, 184, 0, 16, 22, 14 }, // #
    { 11, 20, 219, 1, 18, 28, 36 }, // $
    { 15, 16, 273, 1, 16, 30, 64 }, // %
    { 13, 16, 227, 1, 16, 26, 94 }, // &
    { 3, 6, 65, 1, 16, 3, 120 }, // '
    { 6, 19, 102, 1, 17, 15, 123 }, // (
    { 6, 19, 102, 0, 17, 15, 138 }, // )
    { 7, 8, 141, 1, 16, 7, 153 }, // *
    { 10, 11, 189, 1, 12, 14, 160 }, // +
    { 3, 6, 75, 1, 3, 3, 174 }, // ,
    { 7, 2, 139, 1, 7, 2, 177 }, // -
    { 3, 3, 75, 1, 3, 2, 179 }, // .
    { 9, 19, 169, 1, 17, 22, 181 }, // /
    { 12, 16, 229, 1, 16, 24, 203 }, // 0
    { 6, 16, 142, 1, 16, 12, 227 }, // 1
    { 11, 16, 214, 1, 16, 22, 239 }, // 2
    { 11, 16, 212, 1, 16, 22, 261 }, // 3
    { 12, 16, 214, 1, 16, 24, 283 }, // 4
    { 11, 16, 219, 2, 16, 22, 307 }, // 5
    { 11, 16, 216, 1, 16, 22, 329 }, // 6
    { 11, 16, 179, 1, 16, 22, 351 }, // 7
    { 12, 16, 215, 1, 16, 24, 373 }, // 8
    { 11, 16, 217, 1, 16, 22, 397 }, // 9
    { 3, 11, 102, 2, 11, 5, 419 }, // :
    { 3, 15, 102, 2, 12, 6, 424 }, // ;
    { 10, 11, 183, 1, 12, 14, 430 }, // <
    { 10, 7, 183, 1, 10, 9, 444 }, // =
    { 10, 11, 183, 1, 12, 14, 453 }, // >
    { 11, 16, 194, 1, 16, 22, 467 }, // ?
    { 18, 18, 315, 1, 16, 41, 489 }, // @
    { 14, 16, 236, 0, 16, 28, 530 }, // A
    { 12, 16, 232, 2, 16, 24, 558 }, // B
    { 14, 16, 241, 1, 16, 28, 582 }, // C
    { 12, 16, 237, 2, 16, 24, 610 }, // D
    { 10, 16, 205, 2, 16, 20, 634 }, // E
    { 10, 16, 200, 2, 16, 20, 654 }, // F
    { 13, 16, 242, 1, 16, 26, 674 }, // G
    { 12, 16, 240, 2, 16, 24, 700 }, // H
    { 3, 16, 97, 2, 16, 6, 724 }, // I
    { 10, 16, 206, 1, 16, 20, 730 }, // J
    { 12, 16, 224, 2, 16, 24, 750 }, // K
    { 10, 16, 195, 2, 16, 20, 774 }, // L
    { 16, 16, 301, 2, 16, 32, 794 }, // M
    { 12, 16, 249, 2, 16, 24, 826 }, // N
    { 14, 16, 254, 1, 16, 28, 850 }, // O
    { 11, 16, 221, 2, 16, 22, 878 }, // P
    { 14, 17, 252, 1, 16, 30, 900 }, // Q
    { 11, 16, 230, 2, 16, 22, 930 }, // R
    { 12, 16, 223, 1, 16, 24, 952 }, // S
    { 12, 16, 195, 1, 16, 24, 976 }, // T
    { 12, 16, 233, 1, 16, 24, 1000 }, // U
    { 14, 16, 236, 0, 16, 28, 1024 }, // V
    { 19, 16, 330, 1, 16, 38, 1052 }, // W
    { 13, 16, 220, 0, 16, 26, 1090 }, // X
    { 13, 16, 204, 0, 16, 26, 1116 }, // Y
    { 11, 16, 192, 1, 16, 22, 1142 }, // Z
    { 6, 19, 125, 2, 17, 15, 1164 }, // [
    { 8, 19, 162, 1, 17, 19, 1179 }, // <backslash>
    { 7, 19, 125, 0, 17, 17, 1198 }, // ]
    { 8, 7, 150, 1, 15, 7, 1215 }, // ^
    { 10, 2, 187, 1, 0, 3, 1222 }, // _
    { 4, 3, 89, 1, 16, 2, 1225 }, // `
    { 11, 12, 193, 1, 12, 17, 1227 }, // a
    { 11, 16, 207, 1, 16, 22, 1244 }, // b
    { 11, 12, 193, 1, 12, 17, 1266 }, // c
    { 11, 16, 207, 1, 16, 22, 1283 }, // d
    { 11, 12, 197, 1, 12, 17, 1305 }, // e
    { 8, 16, 143, 1, 16, 16, 1322 }, // f
    { 11, 15, 207, 1, 12, 21, 1338 }, // g
    { 10, 16, 200, 1, 16, 20, 1359 }, // h
    { 3, 16, 90, 1, 16, 6, 1379 }, // i
    { 6, 19, 103, 0, 16, 15, 1385 }, // j
    { 11, 16, 209, 1, 16, 22, 1400 }, // k
    { 5, 16, 99, 1, 16, 10, 1422 }, // l
    { 16, 12, 297, 1, 12, 24, 1432 }, // m
    { 10, 12, 200, 1, 12, 15, 1456 }, // n
    { 11, 12, 201, 1, 12, 17, 1471 }, // o
    { 11, 15, 207, 1, 12, 21, 1488 }, // p
    { 11, 15, 207, 1, 12, 21, 1509 }, // q
    { 7, 12, 136, 1, 12, 11, 1530 }, // r
    { 10, 12, 185, 1, 12, 15, 1541 }, // s
    { 8, 15, 142, 0, 15, 15, 1556 }, // t
    { 10, 12, 199, 1, 12, 15, 1571 }, // u
    { 12, 12, 195, 0, 12, 18, 1586 }, // v
    { 17, 12, 280, 0, 12, 26, 1604 }, // w
    { 11, 12, 209, 1, 12, 17, 1630 }, // x
    { 11, 15, 190, 0, 12, 21, 1647 }, // y
    { 9, 12, 193, 1, 12, 14, 1668 }, // z
    { 7, 19, 134, 1, 16, 17, 1682 }, // {
    { 3, 19, 95, 2, 17, 8, 1699 }, // |
    { 8, 19, 134, 0, 16, 19, 1707 }, // }
    { 9, 4, 174, 1, 9, 5, 1726 }, // ~
    { 1, 1, 79, 0, 1, 1, 1731 }, // U+00A0
    { 3, 15, 81, 1, 12, 6, 1732 }, // U+00A1
    { 11, 16, 193, 1, 16, 22, 1738 }, // U+00A2
    { 11, 16, 212, 1, 16, 22, 1760 }, // U+00A3
    { 11, 12, 210, 1, 13, 17, 1782 }, // U+00A4
    { 13, 16, 204, 0, 16, 26, 1799 }, // U+00A5
    { 3, 19, 95, 2, 17, 8, 1825 }, // U+00A6
    { 10, 17, 196, 1, 16, 22, 1833 }, // U+00A7
    { 7, 2, 135, 1, 15, 2, 1855 }, // U+00A8
    { 15, 16, 275, 1, 16, 30, 1857 }, // U+00A9
    { 7, 7, 141, 1, 15, 7, 1887 }, // U+00AA
    { 11, 9, 202, 1, 11, 13, 1894 }, // U+00AB
    { 9, 6, 169, 1, 7, 7, 1907 }, // U+00AC
    { 5, 2, 107, 1, 6, 2, 1914 }, // U+00AD
    { 11, 13, 215, 1, 17, 18, 1916 }, // U+00AE
    { 6, 2, 122, 1, 15, 2, 1934 }, // U+00AF
    { 7, 7, 140, 1, 15, 7, 1936 }, // U+00B0
    { 10, 13, 182, 1, 13, 17, 1943 }, // U+00B1
    { 6, 8, 121, 1, 15, 6, 1960 }, // U+00B2
    { 6, 8, 119, 0, 15, 6, 1966 }, // U+00B3
    { 4, 3, 89, 1, 16, 2, 1972 }, // U+00B4
    { 10, 15, 199, 1, 12, 19, 1974 }, // U+00B5
    { 12, 16, 213, 0, 16, 24, 1993 }, // U+00B6
    { 3, 3, 75, 1, 8, 2, 2017 }, // U+00B7
    { 6, 5, 108, 0, 0, 4, 2019 }, // U+00B8
    { 4, 8, 89, 1, 15, 4, 2023 }, // U+00B9
    { 7, 6, 146, 1, 15, 6, 2027 }, // U+00BA
    { 11, 9, 205, 1, 11, 13, 2033 }, // U+00BB
    { 15, 16, 257, 1, 16, 30, 2046 }, // U+00BC
    { 16, 15, 277, 1, 15, 30, 2076 }, // U+00BD
    { 16, 16, 276, 0, 16, 32, 2106 }, // U+00BE
    { 11, 16, 194, 1, 13, 22, 2138 }, // U+00BF
    { 14, 20, 236, 0, 20, 35, 2160 }, // U+00C0
    { 14, 20, 236, 0, 20, 35, 2195 }, // U+00C1
    { 14, 20, 236, 0, 20, 35, 2230 }, // U+00C2
    { 14, 20, 238, 0, 20, 35, 2265 }, // U+00C3
    { 15, 19, 236, 0, 19, 36, 2300 }, // U+00C4
    { 14, 21, 238, 0, 21, 37, 2336 }, // U+00C5
    { 20, 16, 340, 1, 16, 40, 2373 }, // U+00C6
    { 13, 21, 241, 1, 16, 35, 2413 }, // U+00C7
    { 10, 20, 205, 2, 20, 25, 2448 }, // U+00C8
    { 10, 20, 205, 2, 20, 25, 2473 }, // U+00C9
    { 10, 20, 205, 2, 20, 25, 2498 }, // U+00CA
    { 10, 19, 205, 2, 19, 24, 2523 }, // U+00CB
    { 4, 20, 97, 1, 20, 10, 2547 }, // U+00CC
    { 4, 20, 97, 2, 20, 10, 2557 }, // U+00CD
    { 7, 20, 97, 0, 20, 18, 2567 }, // U+00CE
    { 7, 19, 97, 0, 19, 17, 2585 }, // U+00CF
    { 14, 16, 237, 0, 16, 28, 2602 }, // U+00D0
    { 12, 20, 249, 2, 20, 30, 2630 }, // U+00D1
    { 14, 20, 254, 1, 20, 35, 2660 }, // U+00D2
    { 14, 20, 254, 1, 20, 35, 2695 }, // U+00D3
    { 14, 21, 254, 1, 21, 37, 2730 }, // U+00D4
    { 14, 20, 254, 1, 20, 35, 2767 }, // U+00D5
    { 14, 20, 254, 1, 20, 35, 2802 }, // U+00D6
    { 9, 10, 176, 1, 11, 12, 2837 }, // U+00D7
    { 14, 16, 254, 1, 16, 28, 2849 }, // U+00D8
    { 12, 20, 233, 1, 20, 30, 2877 }, // U+00D9
    { 12, 20, 233, 1, 20, 30, 2907 }, // U+00DA
    { 12, 21, 233, 1, 21, 32, 2937 }, // U+00DB
    { 12, 20, 233, 1, 20, 30, 2969 }, // U+00DC
    { 13, 20, 204, 0, 20, 33, 2999 }, // U+00DD
    { 11, 16, 211, 2, 16, 22, 3032 }, // U+00DE
    { 11, 16, 211, 1, 16, 22, 3054 }, // U+00DF
    { 11, 16, 193, 1, 16, 22, 3076 }, // U+00E0
    { 11, 16, 193, 1, 16, 22, 3098 }, // U+00E1
    { 11, 17, 193, 1, 17, 24, 3120 }, // U+00E2
    { 11, 16, 193, 1, 16, 22, 3144 }, // U+00E3
    { 11, 16, 193, 1, 16, 22, 3166 }, // U+00E4
    { 11, 18, 193, 1, 18, 25, 3188 }, // U+00E5
    { 18, 12, 315, 1, 12, 27, 3213 }, // U+00E6
    { 11, 17, 193, 1, 12, 24, 3240 }, // U+00E7
    { 11, 16, 197, 1, 16, 22, 3264 }, // U+00E8
    { 11, 16, 197, 1, 16, 22, 3286 }, // U+00E9
    { 11, 17, 197, 1, 17, 24, 3308 }, // U+00EA
    { 11, 16, 197, 1, 16, 22, 3332 }, // U+00EB
    { 4, 16, 90, 0, 16, 8, 3354 }, // U+00EC
    { 4, 16, 90, 1, 16, 8, 3362 }, // U+00ED
    { 7, 17, 90, -1, 17, 15, 3370 }, // U+00EE
    { 7, 16, 90, 0, 16, 14, 3385 }, // U+00EF
    { 11, 16, 201, 1, 16, 22, 3399 }, // U+00F0
    { 10, 16, 200, 1, 16, 20, 3421 }, // U+00F1
    { 11, 16, 201, 1, 16, 22, 3441 }, // U+00F2
    { 11, 16, 201, 1, 16, 22, 3463 }, // U+00F3
    { 11, 17, 201, 1, 17, 24, 3485 }, // U+00F4
    { 11, 16, 201, 1, 16, 22, 3509 }, // U+00F5
    { 11, 16, 201, 1, 16, 22, 3531 }, // U+00F6
    { 10, 11, 185, 1, 12, 14, 3553 }, // U+00F7
    { 11, 12, 201, 1, 12, 17, 3567 }, // U+00F8
    { 10, 16, 199, 1, 16, 20, 3584 }, // U+00F9
    { 10, 16, 199, 1, 16, 20, 3604 }, // U+00FA
    { 10, 17, 199, 1, 17, 22, 3624 }, // U+00FB
    { 10, 16, 199, 1, 16, 20, 3646 }, // U+00FC
    { 11, 19, 190, 0, 16, 27, 3666 }, // U+00FD
    { 11, 19, 205, 1, 16, 27, 3693 }, // U+00FE
    { 11, 19, 190, 1, 16, 27, 3720 }, // U+00FF
    { 14, 19, 236, 0, 19, 34, 3747 }, // U+0100
    { 11, 16, 193, 1, 16, 22, 3781 }, // U+0101
    { 14, 20, 236, 0, 20, 35, 3803 }, // U+0102
    { 11, 16, 193, 1, 16, 22, 3838 }, // U+0103
    { 14, 21, 236, 1, 16, 37, 3860 }, // U+0104
    { 12, 17, 193, 1, 12, 26, 3897 }, // U+0105
    { 14, 20, 241, 1, 20, 35, 3923 }, // U+0106
    { 11, 16, 193, 1, 16, 22, 3958 }, // U+0107
    { 14, 21, 241, 1, 21, 37, 3980 }, // U+0108
    { 11, 17, 193, 1, 17, 24, 4017 }, // U+0109
    { 13, 20, 241, 1, 20, 33, 4041 }, // U+010A
    { 11, 16, 193, 1, 16, 22, 4074 }, // U+010B
    { 14, 21, 241, 1, 21, 37, 4096 }, // U+010C
    { 11, 17, 193, 1, 17, 24, 4133 }, // U+010D
    { 12, 20, 237, 2, 20, 30, 4157 }, // U+010E
    { 15, 16, 238, 1, 16, 30, 4187 }, // U+010F
    { 14, 16, 237, 0, 16, 28, 4217 }, // U+0110
    { 12, 16, 207, 1, 16, 24, 4245 }, // U+0111
    { 10, 19, 205, 2, 19, 24, 4269 }, // U+0112
    { 11, 16, 197, 1, 16, 22, 4293 }, // U+0113
    { 9, 21, 187, 2, 21, 24, 4315 }, // U+0114
    { 11, 16, 199, 1, 16, 22, 4339 }, // U+0115
    { 10, 19, 205, 2, 19, 24, 4361 }, // U+0116
    { 11, 16, 197, 1, 16, 22, 4385 }, // U+0117
    { 11, 21, 205, 2, 16, 29, 4407 }, // U+0118
    { 11, 17, 197, 1, 12, 24, 4436 }, // U+0119
    { 10, 20, 205, 2, 20, 25, 4460 }, // U+011A
    { 11, 17, 197, 1, 17, 24, 4485 }, // U+011B
    { 13, 21, 242, 1, 21, 35, 4509 }, // U+011C
    { 11, 20, 207, 1, 17, 28, 4544 }, // U+011D
    { 13, 21, 242, 1, 21, 35, 4572 }, // U+011E
    { 11, 20, 207, 1, 17, 28, 4607 }, // U+011F
    { 13, 20, 242, 1, 20, 33, 4635 }, // U+0120
    { 11, 19, 207, 1, 16, 27, 4668 }, // U+0121
    { 13, 21, 242, 1, 16, 35, 4695 }, // U+0122
    { 11, 21, 207, 1, 18, 29, 4730 }, // U+0123
    { 12, 20, 240, 2, 20, 30, 4759 }, // U+0124
    { 12, 20, 200, -1, 20, 30, 4789 }, // U+0125
    { 15, 16, 240, 0, 16, 30, 4819 }, // U+0126
    { 12, 16, 200, 0, 16, 24, 4849 }, // U+0127
    { 7, 20, 97, 0, 20, 18, 4873 }, // U+0128
    { 7, 16, 90, -1, 16, 14, 4891 }, // U+0129
    { 6, 19, 97, 0, 19, 15, 4905 }, // U+012A
    { 6, 16, 90, 0, 16, 12, 4920 }, // U+012B
    { 8, 21, 130, 1, 21, 21, 4932 }, // U+012C
    { 8, 16, 100, -1, 16, 16, 4953 }, // U+012D
    { 5, 21, 97, 1, 16, 14, 4969 }, // U+012E
    { 5, 21, 90, 1, 16, 14, 4983 }, // U+012F
    { 3, 19, 97, 2, 19, 8, 4997 }, // U+0130
    { 3, 12, 90, 1, 12, 5, 5005 }, // U+0131
    { 16, 16, 297, 2, 16, 32, 5010 }, // U+0132
    { 9, 19, 185, 1, 16, 22, 5042 }, // U+0133
    { 12, 21, 206, 1, 21, 32, 5064 }, // U+0134
    { 8, 20, 103, 0, 17, 20, 5096 }, // U+0135
    { 12, 21, 224, 2, 16, 32, 5116 }, // U+0136
    { 10, 21, 209, 1, 16, 27, 5148 }, // U+0137
    { 11, 12, 207, 2, 12, 17, 5175 }, // U+0138
    { 10, 20, 195, 2, 20, 25, 5192 }, // U+0139
    { 5, 19, 99, 1, 19, 12, 5217 }, // U+013A
    { 10, 21, 195, 2, 16, 27, 5229 }, // U+013B
    { 5, 21, 99, 1, 16, 14, 5256 }, // U+013C
    { 10, 16, 195, 2, 16, 20, 5270 }, // U+013D
    { 7, 16, 122, 1, 16, 14, 5290 }, // U+013E
    { 9, 15, 186, 2, 15, 17, 5304 }, // U+013F
    { 7, 16, 123, 2, 16, 14, 5321 }, // U+0140
    { 12, 16, 195, 0, 16, 24, 5335 }, // U+0141
    { 7, 16, 99, 0, 16, 14, 5359 }, // U+0142
    { 12, 20, 249, 2, 20, 30, 5373 }, // U+0143
    { 10, 16, 200, 1, 16, 20, 5403 }, // U+0144
    { 12, 21, 249, 2, 16, 32, 5423 }, // U+0145
    { 10, 17, 200, 1, 12, 22, 5455 }, // U+0146
    { 12, 20, 249, 2, 20, 30, 5477 }, // U+0147
    { 10, 17, 200, 1, 17, 22, 5507 }, // U+0148
    { 14, 15, 258, 0, 15, 27, 5529 }, // U+0149
    { 12, 19, 249, 2, 16, 29, 5556 }, // U+014A
    { 10, 15, 200, 1, 12, 19, 5585 }, // U+014B
    { 14, 20, 254, 1, 20, 35, 5604 }, // U+014C
    { 11, 16, 201, 1, 16, 22, 5639 }, // U+014D
    { 14, 21, 264, 1, 21, 37, 5661 }, // U+014E
    { 11, 16, 208, 1, 16, 22, 5698 }, // U+014F
    { 14, 20, 254, 1, 20, 35, 5720 }, // U+0150
    { 11, 16, 201, 1, 16, 22, 5755 }, // U+0151
    { 21, 16, 370, 1, 16, 42, 5777 }, // U+0152
    { 19, 12, 328, 1, 12, 29, 5819 }, // U+0153
    { 11, 20, 230, 2, 20, 28, 5848 }, // U+0154
    { 7, 16, 136, 1, 16, 14, 5876 }, // U+0155
    { 11, 21, 230, 2, 16, 29, 5890 }, // U+0156
    { 7, 17, 136, 1, 12, 15, 5919 }, // U+0157
    { 11, 20, 230, 2, 20, 28, 5934 }, // U+0158
    { 7, 17, 136, 1, 17, 15, 5962 }, // U+0159
    { 12, 20, 223, 1, 20, 30, 5977 }, // U+015A
    { 10, 16, 185, 1, 16, 20, 6007 }, // U+015B
    { 12, 21, 223, 1, 21, 32, 6027 }, // U+015C
    { 10, 17, 185, 1, 17, 22, 6059 }, // U+015D
    { 12, 21, 223, 1, 16, 32, 6081 }, // U+015E
    { 10, 17, 185, 1, 12, 22, 6113 }, // U+015F
    { 12, 20, 223, 1, 20, 30, 6135 }, // U+0160
    { 10, 16, 185, 1, 16, 20, 6165 }, // U+0161
    { 12, 21, 195, 1, 16, 32, 6185 }, // U+0162
    { 8, 20, 142, 0, 15, 20, 6217 }, // U+0163
    { 12, 20, 195, 1, 20, 30, 6237 }, // U+0164
    { 9, 17, 144, 0, 17, 20, 6267 }, // U+0165
    { 12, 16, 195, 1, 16, 24, 6287 }, // U+0166
    { 8, 15, 142, 0, 15, 15, 6311 }, // U+0167
    { 12, 20, 233, 1, 20, 30, 6326 }, // U+0168
    { 10, 16, 199, 1, 16, 20, 6356 }, // U+0169
    { 12, 20, 233, 1, 20, 30, 6376 }, // U+016A
    { 10, 16, 199, 1, 16, 20, 6406 }, // U+016B
    { 12, 21, 233, 1, 21, 32, 6426 }, // U+016C
    { 10, 17, 199, 1, 17, 22, 6458 }, // U+016D
    { 12, 22, 233, 1, 22, 33, 6480 }, // U+016E
    { 10, 18, 199, 1, 18, 23, 6513 }, // U+016F
    { 12, 20, 233, 1, 20, 30, 6536 }, // U+0170
    { 10, 16, 199, 1, 16, 20, 6566 }, // U+0171
    { 12, 20, 233, 1, 16, 30, 6586 }, // U+0172
    { 11, 17, 199, 1, 12, 24, 6616 }, // U+0173
    { 19, 20, 330, 1, 20, 48, 6640 }, // U+0174
    { 17, 17, 280, 0, 17, 37, 6688 }, // U+0175
    { 13, 20, 204, 0, 20, 33, 6725 }, // U+0176
    { 11, 19, 190, 0, 16, 27, 6758 }, // U+0177
    { 13, 19, 204, 0, 19, 31, 6785 }, // U+0178
    { 11, 20, 192, 1, 20, 28, 6816 }, // U+0179
    { 9, 16, 193, 1, 16, 18, 6844 }, // U+017A
    { 11, 19, 192, 1, 19, 27, 6862 }, // U+017B
    { 9, 16, 193, 1, 16, 18, 6889 }, // U+017C
    { 11, 20, 192, 1, 20, 28, 6907 }, // U+017D
    { 9, 17, 193, 1, 17, 20, 6935 }, // U+017E
    { 7, 16, 128, 2, 16, 14, 6955 }, // U+017F
    { 16, 16, 274, 1, 16, 32, 6969 }, // U+01A0
    { 14, 14, 227, 1, 14, 25, 7001 }, // U+01A1
    { 17, 16, 295, 2, 16, 34, 7026 }, // U+01AF
    { 15, 14, 252, 1, 14, 27, 7060 }, // U+01B0
    { 25, 20, 436, 2, 20, 63, 7087 }, // U+01C4
    { 23, 16, 408, 2, 16, 46, 7150 }, // U+01C5
    { 22, 16, 375, 1, 16, 44, 7196 }, // U+01C6
    { 15, 19, 299, 2, 15, 36, 7240 }, // U+01C7
    { 15, 21, 290, 2, 16, 40, 7276 }, // U+01C8
    { 9, 21, 203, 2, 16, 24, 7316 }, // U+01C9
    { 20, 19, 381, 2, 15, 48, 7340 }, // U+01CA
    { 20, 21, 373, 2, 16, 53, 7388 }, // U+01CB
    { 17, 21, 321, 2, 16, 45, 7441 }, // U+01CC
    { 14, 20, 236, 0, 20, 35, 7486 }, // U+01CD
    { 11, 16, 193, 1, 16, 22, 7521 }, // U+01CE
    { 9, 20, 130, 0, 20, 23, 7543 }, // U+01CF
    { 9, 16, 100, -1, 16, 18, 7566 }, // U+01D0
    { 14, 21, 264, 1, 21, 37, 7584 }, // U+01D1
    { 11, 16, 208, 1, 16, 22, 7621 }, // U+01D2
    { 12, 21, 252, 2, 21, 32, 7643 }, // U+01D3
    { 10, 16, 217, 1, 16, 20, 7675 }, // U+01D4
    { 12, 22, 252, 2, 22, 33, 7695 }, // U+01D5
    { 10, 18, 217, 1, 18, 23, 7728 }, // U+01D6
    { 12, 23, 252, 2, 23, 35, 7751 }, // U+01D7
    { 10, 19, 217, 1, 19, 24, 7786 }, // U+01D8
    { 12, 23, 252, 2, 23, 35, 7810 }, // U+01D9
    { 10, 19, 217, 1, 19, 24, 7845 }, // U+01DA
    { 12, 23, 252, 2, 23, 35, 7869 }, // U+01DB
    { 10, 19, 217, 1, 19, 24, 7904 }, // U+01DC
    { 10, 12, 199, 1, 12, 15, 7928 }, // U+01DD
    { 15, 22, 231, 0, 22, 42, 7943 }, // U+01DE
    { 10, 18, 200, 1, 18, 23, 7985 }, // U+01DF
    { 15, 22, 231, 0, 22, 42, 8008 }, // U+01E0
    { 10, 19, 200, 1, 19, 24, 8050 }, // U+01E1
    { 19, 19, 317, 0, 19, 46, 8074 }, // U+01E2
    { 17, 15, 306, 1, 15, 32, 8120 }, // U+01E3
    { 14, 16, 256, 1, 16, 28, 8152 }, // U+01E4
    { 12, 15, 216, 1, 12, 23, 8180 }, // U+01E5
    { 13, 21, 242, 1, 21, 35, 8203 }, // U+01E6
    { 11, 20, 207, 1, 17, 28, 8238 }, // U+01E7
    { 12, 20, 224, 2, 20, 30, 8266 }, // U+01E8
    { 13, 20, 209, -1, 20, 33, 8296 }, // U+01E9
    { 14, 20, 264, 1, 15, 35, 8329 }, // U+01EA
    { 11, 17, 208, 1, 12, 24, 8364 }, // U+01EB
    { 14, 24, 264, 1, 19, 42, 8388 }, // U+01EC
    { 11, 20, 208, 1, 15, 28, 8430 }, // U+01ED
    { 11, 21, 197, 0, 21, 29, 8458 }, // U+01EE
    { 11, 21, 194, 0, 16, 29, 8487 }, // U+01EF
    { 9, 21, 99, -1, 16, 24, 8516 }, // U+01F0
    { 25, 15, 436, 2, 15, 47, 8540 }, // U+01F1
    { 23, 15, 408, 2, 15, 44, 8587 }, // U+01F2
    { 22, 16, 375, 1, 16, 44, 8631 }, // U+01F3
    { 12, 21, 241, 1, 21, 32, 8675 }, // U+01F4
    { 11, 21, 211, 1, 16, 29, 8707 }, // U+01F5
    { 18, 15, 349, 2, 15, 34, 8736 }, // U+01F6
    { 11, 20, 225, 2, 15, 28, 8770 }, // U+01F7
    { 13, 20, 268, 2, 20, 33, 8798 }, // U+01F8
    { 10, 16, 217, 2, 16, 20, 8831 }, // U+01F9
    { 15, 21, 230, 0, 21, 40, 8851 }, // U+01FA
    { 10, 21, 200, 1, 21, 27, 8891 }, // U+01FB
    { 19, 20, 317, 0, 20, 48, 8918 }, // U+01FC
    { 17, 16, 306, 1, 16, 34, 8966 }, // U+01FD
    { 14, 22, 264, 1, 21, 39, 9000 }, // U+01FE
    { 11, 17, 206, 1, 16, 24, 9039 }, // U+01FF
    { 14, 20, 231, 0, 20, 35, 9063 }, // U+0200
    { 10, 16, 200, 1, 16, 20, 9098 }, // U+0201
    { 14, 20, 231, 0, 20, 35, 9118 }, // U+0202
    { 10, 16, 200, 1, 16, 20, 9153 }, // U+0203
    { 10, 20, 187, 1, 20, 25, 9173 }, // U+0204
    { 11, 16, 199, 1, 16, 22, 9198 }, // U+0205
    { 9, 20, 187, 2, 20, 23, 9220 }, // U+0206
    { 11, 16, 199, 1, 16, 22, 9243 }, // U+0207
    { 9, 20, 130, -1, 20, 23, 9265 }, // U+0208
    { 9, 16, 100, -2, 16, 18, 9288 }, // U+0209
    { 9, 20, 130, 0, 20, 23, 9306 }, // U+020A
    { 8, 16, 100, 0, 16, 16, 9329 }, // U+020B
    { 14, 20, 264, 1, 20, 35, 9345 }, // U+020C
    { 11, 16, 208, 1, 16, 22, 9380 }, // U+020D
    { 14, 20, 264, 1, 20, 35, 9402 }, // U+020E
    { 11, 16, 208, 1, 16, 22, 9437 }, // U+020F
    { 12, 20, 219, 2, 20, 30, 9459 }, // U+0210
    { 9, 16, 149, 0, 16, 18, 9489 }, // U+0211
    { 12, 20, 219, 2, 20, 30, 9507 }, // U+0212
    { 8, 16, 149, 2, 16, 16, 9537 }, // U+0213
    { 12, 20, 252, 2, 20, 30, 9553 }, // U+0214
    { 10, 16, 217, 1, 16, 20, 9583 }, // U+0215
    { 12, 20, 252, 2, 20, 30, 9603 }, // U+0216
    { 10, 16, 217, 1, 16, 20, 9633 }, // U+0217
    { 12, 21, 223, 1, 16, 32, 9653 }, // U+0218
    { 10, 17, 185, 1, 12, 22, 9685 }, // U+0219
    { 12, 21, 195, 1, 16, 32, 9707 }, // U+021A
    { 8, 20, 142, 0, 15, 20, 9739 }, // U+021B
    { 11, 19, 210, 1, 15, 27, 9759 }, // U+021C
    { 9, 17, 169, 1, 12, 20, 9786 }, // U+021D
    { 12, 20, 255, 2, 20, 30, 9806 }, // U+021E
    { 13, 21, 217, -1, 21, 35, 9836 }, // U+021F
    { 4, 3, 0, 1, 16, 2, 9871 }, // U+0300
    { 4, 3, 0, 1, 16, 2, 9873 }, // U+0301
    { 6, 3, 0, 1, 16, 3, 9875 }, // U+0302
    { 7, 3, 0, 0, 16, 3, 9878 }, // U+0303
    { 6, 2, 0, 1, 15, 2, 9881 }, // U+0304
    { 9, 2, 0, -4, 18, 3, 9883 }, // U+0305
    { 6, 3, 0, 1, 16, 3, 9886 }, // U+0306
    { 3, 2, 0, 1, 15, 1, 9889 }, // U+0307
    { 7, 2, 0, 1, 15, 2, 9890 }, // U+0308
    { 5, 6, 0, -9, 18, 4, 9892 }, // U+0309
    { 4, 5, 0, 1, 18, 3, 9896 }, // U+030A
    { 7, 3, 0, 1, 16, 3, 9899 }, // U+030B
    { 6, 3, 0, 1, 16, 3, 9902 }, // U+030C
    { 2, 4, 0, -1, 17, 1, 9905 }, // U+030D
    { 6, 4, 0, -3, 17, 3, 9906 }, // U+030E
    { 9, 3, 0, -12, 16, 4, 9909 }, // U+030F
    { 8, 5, 0, -4, 18, 5, 9913 }, // U+0310
    { 8, 4, 0, -4, 16, 4, 9918 }, // U+0311
    { 3, 5, 0, 1, 18, 2, 9922 }, // U+0312
    { 4, 5, 0, -2, 15, 3, 9924 }, // U+0313
    { 4, 5, 0, -2, 15, 3, 9927 }, // U+0314
    { 4, 5, 0, -2, 15, 3, 9930 }, // U+0315
    { 6, 4, 0, -3, 0, 3, 9933 }, // U+0316
    { 6, 4, 0, -3, 0, 3, 9936 }, // U+0317
    { 3, 4, 0, -1, -1, 2, 9939 }, // U+0318
    { 3, 4, 0, -2, -1, 2, 9941 }, // U+0319
    { 5, 6, 100, 0, 17, 4, 9943 }, // U+031A
    { 5, 5, 0, -2, 16, 4, 9947 }, // U+031B
    { 3, 5, 0, -1, 0, 2, 9951 }, // U+031C
    { 4, 4, 0, -2, 0, 2, 9953 }, // U+031D
    { 4, 4, 0, -2, 0, 2, 9955 }, // U+031E
    { 4, 4, 0, -2, -1, 2, 9957 }, // U+031F
    { 4, 2, 0, -2, -2, 1, 9959 }, // U+0320
    { 5, 7, 0, -5, 2, 5, 9960 }, // U+0321
    { 5, 7, 0, 0, 2, 5, 9965 }, // U+0322
    { 3, 3, 0, -9, -2, 2, 9970 }, // U+0323
    { 7, 3, 0, -4, -1, 3, 9972 }, // U+0324
    { 5, 5, 0, -3, 0, 4, 9975 }, // U+0325
    { 3, 4, 0, 1, -1, 2, 9979 }, // U+0326
    { 6, 5, 0, 0, 0, 4, 9981 }, // U+0327
    { 4, 5, 0, 1, 0, 3, 9985 }, // U+0328
    { 2, 4, 0, -1, -1, 1, 9988 }, // U+0329
    { 7, 5, 0, -4, 0, 5, 9989 }, // U+032A
    { 7, 3, 0, -4, -1, 3, 9994 }, // U+032B
    { 9, 4, 0, -4, 0, 5, 9997 }, // U+032C
    { 8, 4, 0, -4, 0, 4, 10002 }, // U+032D
    { 8, 4, 0, -4, -1, 4, 10006 }, // U+032E
    { 8, 4, 0, -4, -1, 4, 10010 }, // U+032F
    { 8, 3, 0, -4, -1, 3, 10014 }, // U+0330
    { 7, 2, 0, -3, -2, 2, 10017 }, // U+0331
    { 10, 2, 0, -5, -1, 3, 10019 }, // U+0332
    { 9, 5, 0, -5, 0, 6, 10022 }, // U+0333
    { 8, 3, 0, -4, 7, 3, 10028 }, // U+0334
    { 7, 2, 0, 2, 8, 2, 10031 }, // U+0335
    { 15, 2, 0, 1, 13, 4, 10033 }, // U+0336
    { 6, 5, 0, 1, 11, 4, 10037 }, // U+0337
    { 10, 13, 0, 1, 13, 17, 10041 }, // U+0338
    { 3, 5, 0, -1, 0, 2, 10058 }, // U+0339
    { 7, 4, 0, -4, -1, 4, 10060 }, // U+033A
    { 8, 4, 0, -4, -1, 4, 10064 }, // U+033B
    { 8, 3, 0, -4, -1, 3, 10068 }, // U+033C
    { 4, 5, 0, -2, 17, 3, 10071 }, // U+033D
    { 2, 6, 0, -1, 18, 2, 10074 }, // U+033E
    { 9, 5, 0, -5, 21, 6, 10076 }, // U+033F
    { 6, 4, 0, -5, 17, 3, 10082 }, // U+0340
    { 6, 4, 0, -1, 17, 3, 10085 }, // U+0341
    { 8, 3, 0, -4, 16, 3, 10088 }, // U+0342
    { 3, 4, 0, -2, 17, 2, 10091 }, // U+0343
    { 11, 3, 0, -4, 16, 5, 10093 }, // U+0344
    { 4, 4, 0, -1, -1, 2, 10098 }, // U+0345
    { 9, 5, 0, -4, 17, 6, 10100 }, // U+0346
    { 9, 5, 0, -5, 0, 6, 10106 }, // U+0347
    { 6, 4, 0, -3, -1, 3, 10112 }, // U+0348
    { 4, 5, 0, -2, -1, 3, 10115 }, // U+0349
    { 8, 5, 0, -4, 17, 5, 10118 }, // U+034A
    { 9, 8, 0, -4, 20, 9, 10123 }, // U+034B
    { 8, 6, 0, -4, 19, 6, 10132 }, // U+034C
    { 8, 4, 0, -4, 0, 4, 10138 }, // U+034D
    { 3, 5, 0, -2, 0, 2, 10142 }, // U+034E
    { 15, 15, 0, -7, 15, 29, 10144 }, // U+034F
    { 4, 4, 0, -2, 17, 2, 10173 }, // U+0350
    { 3, 5, 0, -1, 18, 2, 10175 }, // U+0351
    { 8, 5, 0, -4, 18, 5, 10177 }, // U+0352
    { 4, 4, 0, -2, -1, 2, 10182 }, // U+0353
    { 4, 4, 0, -2, -1, 2, 10184 }, // U+0354
    { 4, 4, 0, -2, -1, 2, 10186 }, // U+0355
    { 8, 4, 0, -4, -1, 4, 10188 }, // U+0356
    { 3, 5, 0, -1, 18, 2, 10192 }, // U+0357
    { 3, 3, 0, 2, 16, 2, 10194 }, // U+0358
    { 4, 4, 0, -2, -1, 2, 10196 }, // U+0359
    { 7, 5, 0, -4, 0, 5, 10198 }, // U+035A
    { 4, 5, 0, -2, 17, 3, 10203 }, // U+035B
    { 16, 5, 0, -8, 0, 10, 10206 }, // U+035C
    { 16, 5, 0, -8, 18, 10, 10216 }, // U+035D
    { 13, 2, 0, -6, 15, 4, 10226 }, // U+035E
    { 13, 2, 0, -6, -1, 4, 10230 }, // U+035F
    { 16, 3, 0, -8, 16, 6, 10234 }, // U+0360
    { 16, 4, 0, -8, 19, 8, 10240 }, // U+0361
    { 17, 6, 0, -8, 0, 13, 10248 }, // U+0362
    { 4, 5, 0, -2, 18, 3, 10261 }, // U+0363
    { 5, 5, 0, -2, 18, 4, 10264 }, // U+0364
    { 2, 7, 0, -1, 20, 2, 10268 }, // U+0365
    { 5, 5, 0, -2, 18, 4, 10270 }, // U+0366
    { 5, 4, 0, -2, 17, 3, 10274 }, // U+0367
    { 4, 5, 0, -2, 18, 3, 10277 }, // U+0368
    { 5, 6, 0, -2, 19, 4, 10280 }, // U+0369
    { 5, 6, 0, -2, 19, 4, 10284 }, // U+036A
    { 7, 5, 0, -4, 18, 5, 10288 }, // U+036B
    { 3, 5, 0, -1, 18, 2, 10293 }, // U+036C
    { 4, 6, 0, -2, 19, 3, 10295 }, // U+036D
    { 5, 5, 0, -2, 18, 4, 10298 }, // U+036E
    { 6, 4, 0, -3, 17, 3, 10302 }, // U+036F
    { 10, 20, 205, 2, 20, 25, 10305 }, // U+0400
    { 10, 19, 205, 2, 19, 24, 10330 }, // U+0401
    { 16, 16, 260, 1, 16, 32, 10354 }, // U+0402
    { 11, 20, 199, 2, 20, 28, 10386 }, // U+0403
    { 14, 16, 252, 1, 16, 28, 10414 }, // U+0404
    { 12, 16, 223, 1, 16, 24, 10442 }, // U+0405
    { 3, 16, 98, 2, 16, 6, 10466 }, // U+0406
    { 7, 19, 97, 0, 19, 17, 10472 }, // U+0407
    { 10, 16, 206, 1, 16, 20, 10489 }, // U+0408
    { 21, 16, 377, 1, 16, 42, 10509 }, // U+0409
    { 20, 16, 366, 2, 16, 40, 10551 }, // U+040A
    { 16, 16, 259, 1, 16, 32, 10591 }, // U+040B
    { 12, 20, 223, 2, 20, 30, 10623 }, // U+040C
    { 12, 20, 248, 2, 20, 30, 10653 }, // U+040D
    { 12, 20, 196, 0, 20, 30, 10683 }, // U+040E
    { 11, 19, 238, 2, 16, 27, 10713 }, // U+040F
    { 14, 16, 236, 0, 16, 28, 10740 }, // U+0410
    { 11, 16, 225, 2, 16, 22, 10768 }, // U+0411
    { 12, 16, 232, 2, 16, 24, 10790 }, // U+0412
    { 11, 16, 199, 2, 16, 22, 10814 }, // U+0413
    { 16, 19, 280, 1, 16, 38, 10836 }, // U+0414
    { 10, 16, 205, 2, 16, 20, 10874 }, // U+0415
    { 21, 16, 331, 0, 16, 42, 10894 }, // U+0416
    { 12, 16, 226, 1, 16, 24, 10936 }, // U+0417
    { 12, 16, 248, 2, 16, 24, 10960 }, // U+0418
    { 12, 20, 248, 2, 20, 30, 10984 }, // U+0419
    { 12, 16, 223, 2, 16, 24, 11014 }, // U+041A
    { 14, 16, 259, 1, 16, 28, 11038 }, // U+041B
    { 16, 16, 301, 2, 16, 32, 11066 }, // U+041C
    { 12, 16, 240, 2, 16, 24, 11098 }, // U+041D
    { 14, 16, 254, 1, 16, 28, 11122 }, // U+041E
    { 12, 16, 238, 2, 16, 24, 11150 }, // U+041F
    { 11, 16, 221, 2, 16, 22, 11174 }, // U+0420
    { 14, 16, 240, 1, 16, 28, 11196 }, // U+0421
    { 12, 16, 201, 0, 16, 24, 11224 }, // U+0422
    { 12, 16, 196, 0, 16, 24, 11248 }, // U+0423
    { 16, 16, 285, 1, 16, 32, 11272 }, // U+0424
    { 13, 16, 220, 0, 16, 26, 11304 }, // U+0425
    { 14, 19, 266, 2, 16, 34, 11330 }, // U+0426
    { 12, 16, 222, 1, 16, 24, 11364 }, // U+0427
    { 17, 16, 317, 2, 16, 34, 11388 }, // U+0428
    { 19, 19, 345, 2, 16, 46, 11422 }, // U+0429
    { 13, 16, 250, 1, 16, 26, 11468 }, // U+042A
    { 16, 16, 301, 2, 16, 32, 11494 }, // U+042B
    { 11, 16, 225, 2, 16, 22, 11526 }, // U+042C
    { 14, 16, 251, 1, 16, 28, 11548 }, // U+042D
    { 19, 16, 344, 2, 16, 38, 11576 }, // U+042E
    { 12, 16, 233, 1, 16, 24, 11614 }, // U+042F
    { 11, 12, 193, 1, 12, 17, 11638 }, // U+0430
    { 11, 17, 208, 1, 17, 24, 11655 }, // U+0431
    { 10, 12, 203, 1, 12, 15, 11679 }, // U+0432
    { 8, 12, 165, 1, 12, 12, 11694 }, // U+0433
    { 14, 15, 241, 1, 12, 27, 11706 }, // U+0434
    { 11, 12, 197, 1, 12, 17, 11733 }, // U+0435
    { 19, 12, 316, 1, 12, 29, 11750 }, // U+0436
    { 10, 12, 185, 1, 12, 15, 11779 }, // U+0437
    { 9, 12, 196, 1, 12, 14, 11794 }, // U+0438
    { 9, 16, 196, 1, 16, 18, 11808 }, // U+0439
    { 11, 12, 211, 1, 12, 17, 11826 }, // U+043A
    { 12, 12, 226, 1, 12, 18, 11843 }, // U+043B
    { 13, 12, 246, 1, 12, 20, 11861 }, // U+043C
    { 10, 12, 198, 1, 12, 15, 11881 }, // U+043D
    { 11, 12, 201, 1, 12, 17, 11896 }, // U+043E
    { 10, 12, 201, 1, 12, 15, 11913 }, // U+043F
    { 11, 15, 207, 1, 12, 21, 11928 }, // U+0440
    { 11, 12, 193, 1, 12, 17, 11949 }, // U+0441
    { 10, 12, 192, 1, 12, 15, 11966 }, // U+0442
    { 11, 15, 190, 0, 12, 21, 11981 }, // U+0443
    { 13, 19, 232, 1, 16, 31, 12002 }, // U+0444
    { 11, 12, 209, 1, 12, 17, 12033 }, // U+0445
    { 12, 15, 231, 1, 12, 23, 12050 }, // U+0446
    { 10, 12, 211, 1, 12, 15, 12073 }, // U+0447
    { 15, 12, 279, 1, 12, 23, 12088 }, // U+0448
    { 17, 15, 307, 1, 12, 32, 12111 }, // U+0449
    { 12, 12, 221, 1, 12, 18, 12143 }, // U+044A
    { 15, 12, 282, 1, 12, 23, 12161 }, // U+044B
    { 10, 12, 200, 1, 12, 15, 12184 }, // U+044C
    { 11, 12, 198, 1, 12, 17, 12199 }, // U+044D
    { 15, 12, 278, 1, 12, 23, 12216 }, // U+044E
    { 10, 12, 204, 2, 12, 15, 12239 }, // U+044F
    { 11, 16, 197, 1, 16, 22, 12254 }, // U+0450
    { 11, 16, 197, 1, 16, 22, 12276 }, // U+0451
    { 11, 19, 213, 1, 16, 27, 12298 }, // U+0452
    { 8, 16, 165, 1, 16, 16, 12325 }, // U+0453
    { 11, 12, 198, 1, 12, 17, 12341 }, // U+0454
    { 10, 12, 185, 1, 12, 15, 12358 }, // U+0455
    { 3, 16, 90, 1, 16, 6, 12373 }, // U+0456
    { 7, 16, 90, 0, 16, 14, 12379 }, // U+0457
    { 6, 19, 103, 0, 16, 15, 12393 }, // U+0458
    { 19, 12, 337, 1, 12, 29, 12408 }, // U+0459
    { 17, 12, 308, 1, 12, 26, 12437 }, // U+045A
    { 12, 16, 200, 0, 16, 24, 12463 }, // U+045B
    { 11, 16, 211, 1, 16, 22, 12487 }, // U+045C
    { 9, 16, 196, 1, 16, 18, 12509 }, // U+045D
    { 10, 20, 190, 1, 17, 25, 12527 }, // U+045E
    { 9, 15, 201, 1, 12, 17, 12552 }, // U+045F
    { 19, 15, 318, 1, 15, 36, 12569 }, // U+0460
    { 17, 12, 295, 1, 12, 26, 12605 }, // U+0461
    { 13, 16, 249, 1, 16, 26, 12631 }, // U+0462
    { 12, 16, 229, 1, 16, 24, 12657 }, // U+0463
    { 17, 15, 317, 2, 15, 32, 12681 }, // U+0464
    { 15, 12, 268, 2, 12, 23, 12713 }, // U+0465
    { 15, 15, 243, 0, 15, 29, 12736 }, // U+0466
    { 13, 12, 213, 0, 12, 20, 12765 }, // U+0467
    { 19, 15, 335, 2, 15, 36, 12785 }, // U+0468
    { 17, 12, 301, 2, 12, 26, 12821 }, // U+0469
    { 14, 16, 241, 1, 16, 28, 12847 }, // U+046A
    { 13, 12, 246, 1, 12, 20, 12875 }, // U+046B
    { 20, 15, 358, 2, 15, 38, 12895 }, // U+046C
    { 17, 12, 293, 2, 12, 26, 12933 }, // U+046D
    { 12, 23, 211, 1, 19, 35, 12959 }, // U+046E
    { 10, 19, 185, 1, 15, 24, 12994 }, // U+046F
    { 15, 15, 294, 2, 15, 29, 13018 }, // U+0470
    { 15, 21, 281, 1, 16, 40, 13047 }, // U+0471
    { 14, 16, 254, 1, 16, 28, 13087 }, // U+0472
    { 11, 12, 201, 1, 12, 17, 13115 }, // U+0473
    { 15, 16, 252, 0, 16, 30, 13132 }, // U+0474
    { 12, 12, 208, 1, 12, 18, 13162 }, // U+0475
    { 15, 20, 239, 0, 20, 38, 13180 }, // U+0476
    { 13, 16, 202, 0, 16, 26, 13218 }, // U+0477
    { 26, 20, 440, 1, 15, 65, 13244 }, // U+0478
    { 24, 17, 392, 1, 12, 51, 13309 }, // U+0479
    { 15, 18, 277, 1, 17, 34, 13360 }, // U+047A
    { 12, 14, 228, 1, 13, 21, 13394 }, // U+047B
    { 20, 23, 363, 1, 23, 58, 13415 }, // U+047C
    { 17, 20, 319, 1, 20, 43, 13473 }, // U+047D
    { 19, 20, 319, 1, 20, 48, 13516 }, // U+047E
    { 17, 15, 295, 1, 15, 32, 13564 }, // U+047F
    { 13, 20, 226, 1, 15, 33, 13596 }, // U+0480
    { 9, 17, 175, 1, 12, 20, 13629 }, // U+0481
    { 11, 14, 203, 1, 14, 20, 13649 }, // U+0482
    { 8, 4, 0, -10, 16, 4, 13669 }, // U+0483
    { 8, 3, 0, -9, 16, 3, 13673 }, // U+0484
    { 3, 4, 0, -7, 17, 2, 13676 }, // U+0485
    { 3, 4, 0, -7, 17, 2, 13678 }, // U+0486
    { 8, 3, 0, -4, 19, 3, 13680 }, // U+0487
    { 24, 22, 0, -12, 17, 66, 13683 }, // U+0488
    { 23, 24, 0, -11, 18, 69, 13749 }, // U+0489
    { 17, 25, 305, 2, 21, 54, 13818 }, // U+048A
    { 15, 21, 267, 2, 17, 40, 13872 }, // U+048B
    { 12, 15, 213, 1, 15, 23, 13912 }, // U+048C
    { 12, 17, 205, 1, 17, 26, 13935 }, // U+048D
    { 10, 15, 209, 2, 15, 19, 13961 }, // U+048E
    { 11, 17, 211, 2, 12, 24, 13980 }, // U+048F
    { 10, 19, 183, 2, 19, 24, 14004 }, // U+0490
    { 8, 16, 152, 1, 16, 16, 14028 }, // U+0491
    { 13, 16, 217, 1, 16, 26, 14044 }, // U+0492
    { 9, 12, 180, 1, 12, 14, 14070 }, // U+0493
    { 12, 20, 245, 2, 15, 30, 14084 }, // U+0494
    { 10, 17, 201, 2, 12, 22, 14114 }, // U+0495
    { 22, 19, 347, 0, 16, 53, 14136 }, // U+0496
    { 19, 15, 320, 1, 12, 36, 14189 }, // U+0497
    { 11, 20, 198, 0, 15, 28, 14225 }, // U+0498
    { 9, 17, 172, 0, 12, 20, 14253 }, // U+0499
    { 13, 19, 237, 2, 16, 31, 14273 }, // U+049A
    { 11, 15, 218, 1, 12, 21, 14304 }, // U+049B
    { 12, 15, 223, 2, 15, 23, 14325 }, // U+049C
    { 11, 12, 206, 2, 12, 17, 14348 }, // U+049D
    { 14, 15, 231, 1, 15, 27, 14365 }, // U+049E
    { 13, 16, 209, 1, 16, 26, 14392 }, // U+049F
    { 16, 15, 244, 0, 15, 30, 14418 }, // U+04A0
    { 15, 12, 232, 0, 12, 23, 14448 }, // U+04A1
    { 13, 19, 259, 2, 16, 31, 14471 }, // U+04A2
    { 11, 15, 227, 1, 12, 21, 14502 }, // U+04A3
    { 16, 15, 278, 2, 15, 30, 14523 }, // U+04A4
    { 14, 12, 253, 2, 12, 21, 14553 }, // U+04A5
    { 20, 20, 375, 2, 15, 50, 14574 }, // U+04A6
    { 16, 17, 296, 2, 12, 34, 14624 }, // U+04A7
    { 15, 15, 259, 1, 15, 29, 14658 }, // U+04A8
    { 12, 12, 219, 1, 12, 18, 14687 }, // U+04A9
    { 12, 20, 214, 1, 15, 30, 14705 }, // U+04AA
    { 9, 17, 172, 1, 12, 20, 14735 }, // U+04AB
    { 11, 19, 193, 1, 15, 27, 14755 }, // U+04AC
    { 11, 16, 183, 1, 12, 22, 14782 }, // U+04AD
    { 13, 16, 204, 0, 16, 26, 14804 }, // U+04AE
    { 11, 15, 195, 1, 12, 21, 14830 }, // U+04AF
    { 13, 16, 226, 0, 16, 26, 14851 }, // U+04B0
    { 11, 15, 195, 1, 12, 21, 14877 }, // U+04B1
    { 15, 19, 240, 0, 16, 36, 14898 }, // U+04B2
    { 12, 15, 222, 1, 12, 23, 14934 }, // U+04B3
    { 19, 20, 310, 1, 15, 48, 14957 }, // U+04B4
    { 16, 16, 264, 1, 12, 32, 15005 }, // U+04B5
    { 13, 19, 243, 1, 16, 31, 15037 }, // U+04B6
    { 12, 15, 234, 1, 12, 23, 15068 }, // U+04B7
    { 12, 15, 245, 1, 15, 23, 15091 }, // U+04B8
    { 11, 12, 220, 1, 12, 17, 15114 }, // U+04B9
    { 12, 16, 222, 2, 16, 24, 15131 }, // U+04BA
    { 10, 16, 200, 1, 16, 20, 15155 }, // U+04BB
    { 18, 15, 316, 0, 15, 34, 15175 }, // U+04BC
    { 14, 12, 236, 0, 12, 21, 15209 }, // U+04BD
    { 18, 19, 316, 0, 15, 43, 15230 }, // U+04BE
    { 14, 16, 236, 0, 12, 28, 15273 }, // U+04BF
    { 3, 16, 97, 2, 16, 6, 15301 }, // U+04C0
    { 21, 21, 333, 0, 21, 56, 15307 }, // U+04C1
    { 19, 17, 289, 0, 17, 41, 15363 }, // U+04C2
    { 13, 20, 253, 2, 15, 33, 15404 }, // U+04C3
    { 11, 17, 218, 2, 12, 24, 15437 }, // U+04C4
    { 17, 19, 279, 0, 15, 41, 15461 }, // U+04C5
    { 15, 16, 242, 0, 12, 30, 15502 }, // U+04C6
    { 12, 20, 255, 2, 15, 30, 15532 }, // U+04C7
    { 10, 17, 221, 2, 12, 22, 15562 }, // U+04C8
    { 15, 19, 286, 2, 15, 36, 15584 }, // U+04C9
    { 13, 16, 248, 2, 12, 26, 15620 }, // U+04CA
    { 12, 19, 245, 1, 15, 29, 15646 }, // U+04CB
    { 11, 16, 219, 1, 12, 22, 15675 }, // U+04CC
    { 19, 19, 345, 2, 15, 46, 15697 }, // U+04CD
    { 17, 16, 309, 2, 12, 34, 15743 }, // U+04CE
    { 3, 16, 96, 2, 16, 6, 15777 }, // U+04CF
    { 14, 20, 231, 0, 20, 35, 15783 }, // U+04D0
    { 10, 17, 200, 1, 17, 22, 15818 }, // U+04D1
    { 15, 20, 231, -1, 20, 38, 15840 }, // U+04D2
    { 10, 16, 200, 1, 16, 20, 15878 }, // U+04D3
    { 19, 15, 317, 0, 15, 36, 15898 }, // U+04D4
    { 17, 12, 306, 1, 12, 26, 15934 }, // U+04D5
    { 9, 20, 187, 2, 20, 23, 15960 }, // U+04D6
    { 11, 17, 199, 1, 17, 24, 15983 }, // U+04D7
    { 14, 16, 248, 1, 16, 28, 16007 }, // U+04D8
    { 11, 12, 197, 1, 12, 17, 16035 }, // U+04D9
    { 14, 20, 272, 2, 20, 35, 16052 }, // U+04DA
    { 10, 17, 199, 1, 17, 22, 16087 }, // U+04DB
    { 21, 20, 333, 0, 20, 53, 16109 }, // U+04DC
    { 17, 16, 289, 0, 16, 34, 16162 }, // U+04DD
    { 11, 20, 198, 0, 20, 28, 16196 }, // U+04DE
    { 9, 17, 172, 0, 17, 20, 16224 }, // U+04DF
    { 11, 15, 197, 0, 15, 21, 16244 }, // U+04E0
    { 11, 17, 194, 0, 12, 24, 16265 }, // U+04E1
    { 12, 19, 248, 2, 19, 29, 16289 }, // U+04E2
    { 9, 16, 196, 1, 16, 18, 16318 }, // U+04E3
    { 13, 20, 264, 2, 20, 33, 16336 }, // U+04E4
    { 11, 16, 225, 2, 16, 22, 16369 }, // U+04E5
    { 14, 20, 264, 1, 20, 35, 16391 }, // U+04E6
    { 11, 17, 208, 1, 17, 24, 16426 }, // U+04E7
    { 14, 16, 254, 1, 16, 28, 16450 }, // U+04E8
    { 11, 12, 202, 1, 12, 17, 16478 }, // U+04E9
    { 14, 20, 264, 1, 20, 35, 16495 }, // U+04EA
    { 11, 17, 208, 1, 17, 24, 16530 }, // U+04EB
    { 11, 20, 217, 1, 20, 28, 16554 }, // U+04EC
    { 10, 17, 175, 0, 17, 22, 16582 }, // U+04ED
    { 12, 19, 196, 0, 19, 29, 16604 }, // U+04EE
    { 11, 19, 190, 1, 16, 27, 16633 }, // U+04EF
    { 13, 20, 215, 0, 20, 33, 16660 }, // U+04F0
    { 11, 22, 190, 0, 17, 31, 16693 }, // U+04F1
    { 13, 20, 215, 0, 20, 33, 16724 }, // U+04F2
    { 12, 21, 190, 0, 16, 32, 16757 }, // U+04F3
    { 12, 20, 240, 1, 20, 30, 16789 }, // U+04F4
    { 10, 16, 212, 1, 16, 20, 16819 }, // U+04F5
    { 10, 19, 187, 2, 15, 24, 16839 }, // U+04F6
    { 8, 16, 159, 2, 12, 16, 16863 }, // U+04F7
    { 15, 20, 307, 2, 20, 38, 16879 }, // U+04F8
    { 14, 16, 285, 2, 16, 28, 16917 }, // U+04F9
    { 11, 20, 186, 1, 15, 28, 16945 }, // U+04FA
    { 10, 17, 164, 1, 12, 22, 16973 }, // U+04FB
    { 15, 20, 243, 0, 15, 38, 16995 }, // U+04FC
    { 13, 17, 215, 0, 12, 28, 17033 }, // U+04FD
    { 14, 15, 223, 0, 15, 27, 17061 }, // U+04FE
    { 12, 12, 193, 0, 12, 18, 17088 }, // U+04FF
    { 11, 12, 209, 1, 12, 17, 17106 }, // U+05D0
    { 10, 12, 185, 1, 12, 15, 17123 }, // U+05D1
    { 8, 12, 128, 1, 12, 12, 17138 }, // U+05D2
    { 11, 12, 178, 0, 12, 17, 17150 }, // U+05D3
    { 10, 12, 207, 1, 12, 15, 17167 }, // U+05D4
    { 5, 12, 104, 0, 12, 8, 17182 }, // U+05D5
    { 7, 12, 113, 1, 12, 11, 17190 }, // U+05D6
    { 12, 12, 217, 1, 12, 18, 17201 }, // U+05D7
    { 11, 12, 208, 1, 12, 17, 17219 }, // U+05D8
    { 5, 7, 102, 0, 12, 5, 17236 }, // U+05D9
    { 10, 16, 178, 0, 12, 20, 17241 }, // U+05DA
    { 10, 12, 167, 0, 12, 15, 17261 }, // U+05DB
    { 10, 15, 173, 1, 15, 19, 17276 }, // U+05DC
    { 12, 12, 222, 1, 12, 18, 17295 }, // U+05DD
    { 13, 12, 219, 0, 12, 20, 17313 }, // U+05DE
    { 5, 16, 110, 1, 12, 10, 17333 }, // U+05DF
    { 6, 12, 126, 1, 12, 9, 17343 }, // U+05E0
    { 12, 12, 213, 0, 12, 18, 17352 }, // U+05E1
    { 11, 13, 197, 1, 12, 18, 17370 }, // U+05E2
    { 11, 16, 205, 1, 12, 22, 17388 }, // U+05E3
    { 11, 12, 198, 1, 12, 17, 17410 }, // U+05E4
    { 10, 16, 180, 0, 12, 20, 17427 }, // U+05E5
    { 10, 12, 186, 1, 12, 15, 17447 }, // U+05E6
    { 12, 16, 207, 1, 12, 24, 17462 }, // U+05E7
    { 9, 12, 171, 1, 12, 14, 17486 }, // U+05E8
    { 13, 12, 244, 1, 12, 20, 17500 }, // U+05E9
    { 12, 12, 225, 1, 12, 18, 17520 }, // U+05EA
    { 4, 5, 107, 1, 5, 3, 17538 }, // U+060C
    { 4, 13, 112, 1, 13, 7, 17541 }, // U+061B
    { 9, 15, 154, 0, 15, 17, 17548 }, // U+061F
    { 8, 9, 146, 0, 8, 9, 17565 }, // U+0621
    { 7, 2, 89, 0, 2, 2, 17574 }, // U+0640
    { 4, 4, 179, 4, 8, 2, 17576 }, // U+0660
    { 5, 14, 179, 3, 14, 9, 17578 }, // U+0661
    { 9, 14, 179, 1, 14, 16, 17587 }, // U+0662
    { 11, 14, 179, 0, 14, 20, 17603 }, // U+0663
    { 9, 14, 179, 1, 14, 16, 17623 }, // U+0664
    { 9, 11, 179, 1, 11, 13, 17639 }, // U+0665
    { 9, 14, 179, 1, 14, 16, 17652 }, // U+0666
    { 11, 14, 179, 0, 14, 20, 17668 }, // U+0667
    { 11, 14, 179, 0, 14, 20, 17688 }, // U+0668
    { 9, 14, 179, 1, 14, 16, 17708 }, // U+0669
    { 12, 12, 227, 1, 7, 18, 17724 }, // U+06BA
    { 5, 2, 99, 1, 2, 2, 17742 }, // U+06D4
    { 4, 4, 179, 4, 8, 2, 17744 }, // U+06F0
    { 5, 14, 179, 3, 14, 9, 17746 }, // U+06F1
    { 9, 14, 179, 1, 14, 16, 17755 }, // U+06F2
    { 11, 14, 179, 0, 14, 20, 17771 }, // U+06F3
    { 9, 14, 179, 1, 14, 16, 17791 }, // U+06F4
    { 9, 14, 179, 1, 14, 16, 17807 }, // U+06F5
    { 9, 14, 179, 1, 14, 16, 17823 }, // U+06F6
    { 11, 14, 179, 0, 14, 20, 17839 }, // U+06F7
    { 11, 14, 179, 0, 14, 20, 17859 }, // U+06F8
    { 9, 14, 179, 1, 14, 16, 17879 }, // U+06F9
    { 14, 19, 231, -1, 15, 34, 17895 }, // U+1EA0
    { 10, 16, 200, 1, 12, 20, 17929 }, // U+1EA1
    { 15, 22, 231, 0, 22, 42, 17949 }, // U+1EA2
    { 10, 18, 200, 1, 18, 23, 17991 }, // U+1EA3
    { 14, 21, 231, 0, 21, 37, 18014 }, // U+1EA4
    { 12, 17, 200, 1, 17, 26, 18051 }, // U+1EA5
    { 14, 21, 231, 0, 21, 37, 18077 }, // U+1EA6
    { 11, 17, 200, 0, 17, 24, 18114 }, // U+1EA7
    { 14, 23, 231, 0, 23, 41, 18138 }, // U+1EA8
    { 12, 19, 200, 1, 19, 29, 18179 }, // U+1EA9
    { 14, 23, 231, 0, 23, 41, 18208 }, // U+1EAA
    { 10, 19, 200, 1, 19, 24, 18249 }, // U+1EAB
    { 14, 24, 231, -1, 20, 42, 18273 }, // U+1EAC
    { 10, 20, 200, 1, 16, 25, 18315 }, // U+1EAD
    { 14, 22, 231, 0, 22, 39, 18340 }, // U+1EAE
    { 10, 18, 200, 1, 18, 23, 18379 }, // U+1EAF
    { 14, 22, 231, 0, 22, 39, 18402 }, // U+1EB0
    { 10, 18, 200, 1, 18, 23, 18441 }, // U+1EB1
    { 15, 22, 231, 0, 22, 42, 18464 }, // U+1EB2
    { 10, 19, 200, 1, 19, 24, 18506 }, // U+1EB3
    { 14, 23, 231, 0, 23, 41, 18530 }, // U+1EB4
    { 10, 19, 200, 1, 19, 24, 18571 }, // U+1EB5
    { 15, 25, 231, 0, 21, 47, 18595 }, // U+1EB6
    { 10, 20, 200, 1, 16, 25, 18642 }, // U+1EB7
    { 9, 19, 187, 2, 15, 22, 18667 }, // U+1EB8
    { 11, 16, 199, 1, 12, 22, 18689 }, // U+1EB9
    { 9, 22, 187, 2, 22, 25, 18711 }, // U+1EBA
    { 11, 18, 199, 1, 18, 25, 18736 }, // U+1EBB
    { 10, 20, 205, 2, 20, 25, 18761 }, // U+1EBC
    { 11, 16, 197, 1, 16, 22, 18786 }, // U+1EBD
    { 10, 21, 187, 2, 21, 27, 18808 }, // U+1EBE
    { 13, 18, 199, 1, 18, 30, 18835 }, // U+1EBF
    { 12, 21, 187, -1, 21, 32, 18865 }, // U+1EC0
    { 12, 18, 199, 0, 18, 27, 18897 }, // U+1EC1
    { 10, 23, 187, 2, 23, 29, 18924 }, // U+1EC2
    { 12, 19, 199, 1, 19, 29, 18953 }, // U+1EC3
    { 9, 23, 187, 2, 23, 26, 18982 }, // U+1EC4
    { 11, 19, 199, 1, 19, 27, 19008 }, // U+1EC5
    { 9, 24, 187, 2, 20, 27, 19035 }, // U+1EC6
    { 11, 20, 199, 1, 16, 28, 19062 }, // U+1EC7
    { 7, 22, 130, 1, 22, 20, 19090 }, // U+1EC8
    { 6, 18, 100, 1, 18, 14, 19110 }, // U+1EC9
    { 7, 19, 130, 1, 15, 17, 19124 }, // U+1ECA
    { 3, 20, 100, 2, 16, 8, 19141 }, // U+1ECB
    { 15, 19, 264, 1, 15, 36, 19149 }, // U+1ECC
    { 11, 16, 208, 1, 12, 22, 19185 }, // U+1ECD
    { 14, 22, 264, 1, 22, 39, 19207 }, // U+1ECE
    { 11, 18, 208, 1, 18, 25, 19246 }, // U+1ECF
    { 14, 21, 264, 1, 21, 37, 19271 }, // U+1ED0
    { 12, 18, 208, 1, 18, 27, 19308 }, // U+1ED1
    { 14, 21, 264, 1, 21, 37, 19335 }, // U+1ED2
    { 12, 18, 208, 0, 18, 27, 19372 }, // U+1ED3
    { 14, 23, 264, 1, 23, 41, 19399 }, // U+1ED4
    { 12, 19, 208, 1, 19, 29, 19440 }, // U+1ED5
    { 14, 23, 264, 1, 23, 41, 19469 }, // U+1ED6
    { 11, 19, 208, 1, 19, 27, 19510 }, // U+1ED7
    { 15, 25, 264, 1, 21, 47, 19537 }, // U+1ED8
    { 11, 20, 208, 1, 16, 28, 19584 }, // U+1ED9
    { 16, 21, 274, 1, 21, 42, 19612 }, // U+1EDA
    { 14, 16, 227, 1, 16, 28, 19654 }, // U+1EDB
    { 16, 21, 274, 1, 21, 42, 19682 }, // U+1EDC
    { 14, 16, 227, 1, 16, 28, 19724 }, // U+1EDD
    { 16, 22, 274, 1, 22, 44, 19752 }, // U+1EDE
    { 14, 18, 227, 1, 18, 32, 19796 }, // U+1EDF
    { 16, 20, 274, 1, 20, 40, 19828 }, // U+1EE0
    { 14, 16, 227, 1, 16, 28, 19868 }, // U+1EE1
    { 16, 20, 274, 1, 16, 40, 19896 }, // U+1EE2
    { 14, 18, 227, 1, 14, 32, 19936 }, // U+1EE3
    { 12, 19, 252, 2, 15, 29, 19968 }, // U+1EE4
    { 10, 16, 217, 1, 12, 20, 19997 }, // U+1EE5
    { 12, 22, 252, 2, 22, 33, 20017 }, // U+1EE6
    { 10, 18, 217, 1, 18, 23, 20050 }, // U+1EE7
    { 17, 21, 295, 2, 21, 45, 20073 }, // U+1EE8
    { 15, 16, 252, 1, 16, 30, 20118 }, // U+1EE9
    { 17, 21, 295, 2, 21, 45, 20148 }, // U+1EEA
    { 15, 16, 252, 1, 16, 30, 20193 }, // U+1EEB
    { 17, 22, 295, 2, 22, 47, 20223 }, // U+1EEC
    { 15, 18, 252, 1, 18, 34, 20270 }, // U+1EED
    { 17, 20, 295, 2, 20, 43, 20304 }, // U+1EEE
    { 15, 16, 252, 1, 16, 30, 20347 }, // U+1EEF
    { 17, 20, 295, 2, 16, 43, 20377 }, // U+1EF0
    { 15, 18, 252, 1, 14, 34, 20420 }, // U+1EF1
    { 13, 20, 204, 0, 20, 33, 20454 }, // U+1EF2
    { 11, 20, 190, 0, 17, 28, 20487 }, // U+1EF3
    { 13, 19, 209, 0, 15, 31, 20515 }, // U+1EF4
    { 12, 17, 190, 0, 12, 26, 20546 }, // U+1EF5
    { 13, 22, 209, 0, 22, 36, 20572 }, // U+1EF6
    { 12, 23, 190, 0, 18, 35, 20608 }, // U+1EF7
    { 13, 20, 204, 0, 20, 33, 20643 }, // U+1EF8
    { 10, 19, 190, 1, 16, 24, 20676 }, // U+1EF9
    { 1, 1, 167, 0, 1, 1, 20700 }, // U+2000
    { 1, 1, 333, 0, 1, 1, 20701 }, // U+2001
    { 1, 1, 167, 0, 1, 1, 20702 }, // U+2002
    { 1, 1, 333, 0, 1, 1, 20703 }, // U+2003
    { 1, 1, 111, 0, 1, 1, 20704 }, // U+2004
    { 1, 1, 83, 0, 1, 1, 20705 }, // U+2005
    { 1, 1, 56, 0, 1, 1, 20706 }, // U+2006
    { 1, 1, 191, 0, 1, 1, 20707 }, // U+2007
    { 1, 1, 94, 0, 1, 1, 20708 }, // U+2008
    { 1, 1, 55, 0, 1, 1, 20709 }, // U+2009
    { 1, 1, 33, 0, 1, 1, 20710 }, // U+200A
    { 1, 1, 0, 0, 1, 1, 20711 }, // U+200B
    { 1, 1, 0, 0, 1, 1, 20712 }, // U+200C
    { 1, 1, 0, 0, 1, 1, 20713 }, // U+200D
    { 5, 18, 0, 0, 15, 12, 20714 }, // U+200E
    { 5, 18, 0, -4, 15, 12, 20726 }, // U+200F
    { 5, 2, 107, 1, 6, 2, 20738 }, // U+2010
    { 5, 2, 107, 1, 6, 2, 20740 }, // U+2011
    { 10, 2, 192, 1, 8, 3, 20742 }, // U+2012
    { 11, 2, 198, 1, 7, 3, 20745 }, // U+2013
    { 17, 2, 303, 1, 7, 5, 20748 }, // U+2014
    { 19, 2, 333, 1, 7, 5, 20753 }, // U+2015
    { 8, 21, 184, 2, 16, 21, 20758 }, // U+2016
    { 9, 5, 137, 0, 0, 6, 20779 }, // U+2017
    { 3, 6, 77, 1, 16, 3, 20785 }, // U+2018
    { 3, 7, 77, 1, 16, 3, 20788 }, // U+2019
    { 3, 6, 75, 1, 3, 3, 20791 }, // U+201A
    { 4, 5, 72, 0, 15, 3, 20794 }, // U+201B
    { 7, 6, 144, 1, 16, 6, 20797 }, // U+201C
    { 7, 7, 144, 1, 16, 7, 20803 }, // U+201D
    { 7, 6, 141, 1, 3, 6, 20810 }, // U+201E
    { 9, 5, 148, 0, 15, 6, 20816 }, // U+201F
    { 9, 16, 195, 2, 16, 18, 20822 }, // U+2020
    { 9, 16, 195, 2, 16, 18, 20840 }, // U+2021
    { 6, 5, 115, 1, 9, 4, 20858 }, // U+2022
    { 6, 8, 125, 1, 12, 6, 20862 }, // U+2023
    { 3, 3, 167, 3, 3, 2, 20868 }, // U+2024
    { 9, 3, 192, 1, 3, 4, 20870 }, // U+2025
    { 13, 3, 218, 1, 3, 5, 20874 }, // U+2026
    { 3, 3, 94, 1, 7, 2, 20879 }, // U+2027
    { 1, 1, 200, 0, 1, 1, 20881 }, // U+2028
    { 1, 1, 200, 0, 1, 1, 20882 }, // U+2029
    { 5, 16, 0, 0, 13, 10, 20883 }, // U+202A
    { 5, 16, 0, -4, 13, 10, 20893 }, // U+202B
    { 5, 17, 0, -2, 14, 11, 20903 }, // U+202C
    { 5, 18, 0, -2, 15, 12, 20914 }, // U+202D
    { 5, 18, 0, -2, 15, 12, 20926 }, // U+202E
    { 1, 1, 55, 0, 1, 1, 20938 }, // U+202F
    { 23, 16, 399, 1, 16, 46, 20939 }, // U+2030
    { 34, 15, 556, 1, 15, 64, 20985 }, // U+2031
    { 3, 5, 80, 1, 16, 2, 21049 }, // U+2032
    { 7, 5, 134, 1, 16, 5, 21051 }, // U+2033
    { 15, 5, 248, 1, 15, 10, 21056 }, // U+2034
    { 6, 6, 141, 1, 15, 5, 21066 }, // U+2035
    { 10, 5, 214, 1, 15, 7, 21071 }, // U+2036
    { 15, 5, 288, 1, 15, 10, 21078 }, // U+2037
    { 8, 7, 136, 0, 2, 7, 21088 }, // U+2038
    { 6, 9, 121, 1, 11, 7, 21095 }, // U+2039
    { 6, 9, 121, 1, 11, 7, 21102 }, // U+203A
    { 15, 15, 283, 1, 15, 29, 21109 }, // U+203B
    { 9, 15, 190, 1, 15, 17, 21138 }, // U+203C
    { 10, 15, 159, 0, 15, 19, 21155 }, // U+203D
    { 11, 2, 167, 0, 18, 3, 21174 }, // U+203E
    { 12, 5, 203, 0, 0, 8, 21177 }, // U+203F
    { 12, 5, 203, 0, 18, 8, 21185 }, // U+2040
    { 8, 14, 141, 0, 9, 14, 21193 }, // U+2041
    { 23, 20, 373, 0, 16, 58, 21207 }, // U+2042
    { 5, 2, 107, 1, 6, 2, 21265 }, // U+2043
    { 12, 16, 55, -4, 16, 24, 21267 }, // U+2044
    { 5, 18, 110, 2, 15, 12, 21291 }, // U+2045
    { 6, 18, 110, 0, 15, 14, 21303 }, // U+2046
    { 20, 15, 316, 1, 15, 38, 21317 }, // U+2047
    { 14, 15, 254, 1, 15, 27, 21355 }, // U+2048
    { 14, 15, 254, 1, 15, 27, 21382 }, // U+2049
    { 10, 12, 196, 1, 12, 15, 21409 }, // U+204A
    { 11, 19, 216, 2, 16, 27, 21424 }, // U+204B
    { 11, 11, 218, 1, 12, 16, 21451 }, // U+204C
    { 11, 11, 218, 2, 12, 16, 21467 }, // U+204D
    { 10, 10, 181, 1, 6, 13, 21483 }, // U+204E
    { 4, 14, 95, 1, 12, 7, 21496 }, // U+204F
    { 12, 23, 200, 0, 18, 35, 21503 }, // U+2050
    { 10, 21, 181, 1, 16, 27, 21538 }, // U+2051
    { 8, 15, 141, 1, 15, 15, 21565 }, // U+2052
    { 19, 3, 333, 1, 7, 8, 21580 }, // U+2053
    { 12, 5, 200, 0, 0, 8, 21588 }, // U+2054
    { 10, 11, 187, 1, 11, 14, 21596 }, // U+2055
    { 9, 15, 193, 1, 15, 17, 21610 }, // U+2056
    { 19, 5, 312, 1, 15, 12, 21627 }, // U+2057
    { 15, 15, 291, 1, 15, 29, 21639 }, // U+2058
    { 15, 15, 291, 1, 15, 29, 21668 }, // U+2059
    { 3, 15, 95, 1, 15, 6, 21697 }, // U+205A
    { 13, 17, 231, 1, 17, 28, 21703 }, // U+205B
    { 16, 17, 284, 1, 16, 34, 21731 }, // U+205C
    { 3, 16, 94, 1, 16, 6, 21765 }, // U+205D
    { 3, 15, 95, 1, 15, 6, 21771 }, // U+205E
    { 1, 1, 74, 0, 1, 1, 21777 }, // U+205F
    { 1, 1, 200, 0, 1, 1, 21778 }, // U+2060
    { 1, 1, 200, 0, 1, 1, 21779 }, // U+2061
    { 1, 1, 200, 0, 1, 1, 21780 }, // U+2062
    { 1, 1, 200, 0, 1, 1, 21781 }, // U+2063
    { 1, 1, 200, 0, 1, 1, 21782 }, // U+2064
    { 1, 1, 0, 0, 1, 1, 21783 }, // U+2066
    { 1, 1, 0, 0, 1, 1, 21784 }, // U+2067
    { 1, 1, 0, 0, 1, 1, 21785 }, // U+2068
    { 1, 1, 0, 0, 1, 1, 21786 }, // U+2069
    { 5, 18, 0, -2, 15, 12, 21787 }, // U+206A
    { 5, 18, 0, -2, 15, 12, 21799 }, // U+206B
    { 5, 18, 0, -2, 15, 12, 21811 }, // U+206C
    { 5, 18, 0, -2, 15, 12, 21823 }, // U+206D
    { 5, 18, 0, -2, 15, 12, 21835 }, // U+206E
    { 5, 18, 0, -2, 15, 12, 21847 }, // U+206F
    { 7, 8, 138, 1, 15, 7, 21859 }, // U+2070
    { 2, 10, 65, 1, 16, 3, 21866 }, // U+2071
    { 7, 8, 117, 1, 15, 7, 21869 }, // U+2074
    { 6, 8, 123, 1, 15, 6, 21876 }, // U+2075
    { 7, 8, 131, 1, 15, 7, 21882 }, // U+2076
    { 6, 8, 103, 1, 15, 6, 21889 }, // U+2077
    { 7, 8, 125, 1, 15, 7, 21895 }, // U+2078
    { 7, 8, 131, 1, 15, 7, 21902 }, // U+2079
    { 6, 6, 120, 1, 15, 5, 21909 }, // U+207A
    { 6, 1, 120, 1, 13, 1, 21914 }, // U+207B
    { 6, 4, 120, 1, 15, 3, 21915 }, // U+207C
    { 4, 11, 81, 1, 18, 6, 21918 }, // U+207D
    { 4, 11, 81, 0, 18, 6, 21924 }, // U+207E
    { 7, 7, 141, 1, 13, 7, 21930 }, // U+207F
    { 7, 8, 138, 1, 6, 7, 21937 }, // U+2080
    { 4, 8, 89, 1, 6, 4, 21944 }, // U+2081
    { 6, 8, 121, 1, 6, 6, 21948 }, // U+2082
    { 6, 8, 119, 0, 6, 6, 21954 }, // U+2083
    { 7, 8, 117, 1, 6, 7, 21960 }, // U+2084
    { 6, 8, 123, 1, 6, 6, 21967 }, // U+2085
    { 7, 8, 131, 1, 6, 7, 21973 }, // U+2086
    { 6, 8, 103, 1, 6, 6, 21980 }, // U+2087
    { 7, 8, 125, 1, 6, 7, 21986 }, // U+2088
    { 7, 8, 131, 1, 6, 7, 21993 }, // U+2089
    { 6, 6, 120, 1, 5, 5, 22000 }, // U+208A
    { 6, 1, 120, 1, 2, 1, 22005 }, // U+208B
    { 6, 4, 120, 1, 4, 3, 22006 }, // U+208C
    { 4, 11, 81, 1, 8, 6, 22009 }, // U+208D
    { 4, 11, 81, 0, 8, 6, 22015 }, // U+208E
    { 7, 7, 130, 1, 5, 7, 22021 }, // U+2090
    { 7, 7, 129, 1, 5, 7, 22028 }, // U+2091
    { 7, 7, 135, 1, 5, 7, 22035 }, // U+2092
    { 8, 7, 125, 0, 5, 7, 22042 }, // U+2093
    { 7, 7, 129, 1, 5, 7, 22049 }, // U+2094
    { 7, 10, 141, 1, 8, 9, 22056 }, // U+2095
    { 7, 10, 132, 1, 8, 9, 22065 }, // U+2096
    { 2, 10, 65, 1, 8, 3, 22074 }, // U+2097
    { 12, 7, 211, 1, 5, 11, 22077 }, // U+2098
    { 7, 7, 141, 1, 5, 7, 22088 }, // U+2099
    { 7, 10, 137, 1, 5, 9, 22095 }, // U+209A
    { 6, 7, 109, 1, 5, 6, 22104 }, // U+209B
    { 5, 9, 91, 1, 7, 6, 22110 }, // U+209C
    { 11, 15, 191, 1, 15, 21, 22116 }, // U+20A0
    { 11, 18, 203, 1, 16, 25, 22137 }, // U+20A1
    { 11, 15, 191, 1, 15, 21, 22162 }, // U+20A2
    { 11, 15, 191, 1, 15, 21, 22183 }, // U+20A3
    { 11, 15, 191, 1, 15, 21, 22204 }, // U+20A4
    { 17, 18, 325, 2, 15, 39, 22225 }, // U+20A5
    { 12, 15, 191, 1, 15, 23, 22264 }, // U+20A6
    { 16, 15, 297, 2, 15, 30, 22287 }, // U+20A7
    { 17, 15, 306, 2, 15, 32, 22317 }, // U+20A8
    { 15, 15, 246, 1, 15, 29, 22349 }, // U+20A9
    { 14, 16, 278, 2, 16, 28, 22378 }, // U+20AA
    { 12, 19, 215, 1, 16, 29, 22406 }, // U+20AB
    { 14, 16, 251, 1, 16, 28, 22435 }, // U+20AC
    { 12, 15, 191, 1, 15, 23, 22463 }, // U+20AD
    { 11, 15, 191, 1, 15, 21, 22486 }, // U+20AE
    { 20, 20, 337, 0, 15, 50, 22507 }, // U+20AF
    { 12, 20, 203, 0, 15, 30, 22557 }, // U+20B0
    { 12, 15, 191, 1, 15, 23, 22587 }, // U+20B1
    { 12, 18, 245, 1, 16, 27, 22610 }, // U+20B2
    { 13, 15, 217, 1, 15, 25, 22637 }, // U+20B3
    { 13, 16, 236, 1, 16, 26, 22662 }, // U+20B4
    { 12, 18, 212, 1, 16, 27, 22688 }, // U+20B5
    { 14, 14, 232, 0, 14, 25, 22715 }, // U+20B6
    { 14, 17, 244, 1, 15, 30, 22740 }, // U+20B7
    { 11, 15, 191, 1, 15, 21, 22770 }, // U+20B8
    { 11, 15, 233, 2, 15, 21, 22791 }, // U+20B9
    { 11, 15, 191, 1, 15, 21, 22812 }, // U+20BA
    { 16, 15, 271, 1, 15, 30, 22833 }, // U+20BB
    { 16, 15, 291, 1, 15, 30, 22863 }, // U+20BC
    { 13, 16, 243, 1, 16, 26, 22893 }, // U+20BD
    { 14, 16, 263, 1, 16, 28, 22919 }, // U+20BE
    { 9, 19, 191, 2, 17, 22, 22947 }, // U+20BF
    { 9, 16, 175, 1, 12, 18, 22969 }, // U+20C0
    { 14, 12, 265, 2, 13, 21, 22987 }, // U+2190
    { 13, 14, 236, 1, 14, 23, 23008 }, // U+2191
    { 14, 12, 265, 1, 13, 21, 23031 }, // U+2192
    { 13, 14, 236, 1, 15, 23, 23052 }, // U+2193
    { 21, 12, 356, 1, 13, 32, 23075 }, // U+2194
    { 13, 21, 236, 1, 17, 35, 23107 }, // U+2195
    { 11, 11, 211, 1, 15, 16, 23142 }, // U+2196
    { 11, 11, 211, 1, 15, 16, 23158 }, // U+2197
    { 11, 11, 211, 1, 11, 16, 23174 }, // U+2198
    { 11, 11, 211, 1, 11, 16, 23190 }, // U+2199
    { 12, 6, 216, 1, 10, 9, 23206 }, // U+219D
    { 12, 11, 219, 1, 14, 17, 23215 }, // U+21A9
    { 12, 11, 219, 1, 14, 17, 23232 }, // U+21AA
    { 12, 13, 220, 1, 13, 20, 23249 }, // U+21B0
    { 12, 13, 220, 1, 13, 20, 23269 }, // U+21B1
    { 12, 13, 220, 1, 15, 20, 23289 }, // U+21B3
    { 12, 15, 221, 1, 15, 23, 23309 }, // U+21B4
    { 12, 13, 220, 1, 15, 20, 23332 }, // U+21B5
    { 12, 8, 223, 1, 11, 12, 23352 }, // U+21E4
    { 12, 8, 223, 1, 11, 12, 23364 }, // U+21E5
    { 18, 15, 284, 0, 15, 34, 23376 }, // U+21E7
    { 10, 15, 185, 1, 15, 19, 23410 }, // U+2202
    { 13, 15, 217, 0, 15, 25, 23429 }, // U+2206
    { 13, 18, 217, 0, 15, 30, 23454 }, // U+220F
    { 10, 15, 180, 1, 15, 19, 23484 }, // U+2211
    { 10, 2, 179, 1, 7, 3, 23503 }, // U+2212
    { 14, 18, 236, 0, 15, 32, 23506 }, // U+221A
    { 15, 7, 279, 1, 9, 14, 23538 }, // U+221E
    { 9, 18, 142, 0, 15, 21, 23552 }, // U+222B
    { 9, 8, 174, 1, 11, 9, 23573 }, // U+2248
    { 10, 10, 183, 1, 11, 13, 23582 }, // U+2260
    { 10, 12, 184, 1, 12, 15, 23595 }, // U+2264
    { 10, 12, 184, 1, 12, 15, 23610 }, // U+2265
    { 17, 16, 257, 1, 16, 34, 23625 }, // U+FB00
    { 12, 16, 228, 1, 16, 24, 23659 }, // U+FB01
    { 14, 16, 237, 1, 16, 28, 23683 }, // U+FB02
    { 20, 16, 357, 1, 16, 40, 23711 }, // U+FB03
    { 20, 16, 360, 1, 16, 40, 23751 }, // U+FB04
    { 14, 16, 261, 2, 16, 28, 23791 }, // U+FB05
    { 18, 16, 310, 1, 16, 36, 23819 }, // U+FB06
    { 18, 16, 319, 1, 9, 36, 23855 }, // U+FB56
    { 22, 15, 350, 1, 8, 42, 23891 }, // U+FB57
    { 6, 16, 109, 0, 9, 12, 23933 }, // U+FB58
    { 9, 14, 128, 0, 7, 16, 23945 }, // U+FB59
    { 18, 15, 319, 1, 15, 34, 23961 }, // U+FB66
    { 22, 15, 350, 1, 15, 42, 23995 }, // U+FB67
    { 5, 17, 94, 0, 17, 11, 24037 }, // U+FB68
    { 9, 15, 128, 0, 15, 17, 24048 }, // U+FB69
    { 13, 18, 213, 0, 10, 30, 24065 }, // U+FB7A
    { 16, 18, 236, 0, 10, 36, 24095 }, // U+FB7B
    { 12, 15, 194, 0, 8, 23, 24131 }, // U+FB7C
    { 14, 15, 202, 0, 8, 27, 24154 }, // U+FB7D
    { 8, 18, 159, 1, 18, 18, 24181 }, // U+FB88
    { 11, 18, 176, 1, 18, 25, 24199 }, // U+FB89
    { 8, 20, 123, -1, 15, 20, 24224 }, // U+FB8A
    { 11, 20, 133, -1, 15, 28, 24244 }, // U+FB8B
    { 8, 21, 123, -1, 16, 21, 24272 }, // U+FB8C
    { 11, 21, 133, -1, 16, 29, 24293 }, // U+FB8D
    { 17, 15, 288, 1, 15, 32, 24322 }, // U+FB8E
    { 20, 15, 308, 1, 15, 38, 24354 }, // U+FB8F
    { 9, 15, 139, 0, 15, 17, 24392 }, // U+FB90
    { 11, 15, 159, 0, 15, 21, 24409 }, // U+FB91
    { 17, 18, 288, 1, 18, 39, 24430 }, // U+FB92
    { 20, 18, 308, 1, 18, 45, 24469 }, // U+FB93
    { 9, 18, 139, 0, 18, 21, 24514 }, // U+FB94
    { 11, 18, 159, 0, 18, 25, 24535 }, // U+FB95
    { 12, 12, 227, 1, 7, 18, 24560 }, // U+FB9E
    { 16, 12, 244, 1, 7, 24, 24578 }, // U+FB9F
    { 7, 11, 144, 1, 11, 10, 24602 }, // U+FBA6
    { 12, 8, 174, 0, 8, 12, 24612 }, // U+FBA7
    { 5, 13, 94, 0, 9, 9, 24624 }, // U+FBA8
    { 11, 10, 154, 0, 4, 14, 24633 }, // U+FBA9
    { 14, 11, 238, 0, 11, 20, 24647 }, // U+FBAA
    { 15, 14, 215, 0, 9, 27, 24667 }, // U+FBAB
    { 12, 11, 198, 0, 11, 17, 24694 }, // U+FBAC
    { 12, 14, 177, 0, 9, 21, 24711 }, // U+FBAD
    { 17, 10, 302, 1, 10, 22, 24732 }, // U+FBAE
    { 13, 8, 180, 0, 2, 13, 24754 }, // U+FBAF
    { 17, 16, 302, 1, 16, 34, 24767 }, // U+FBB0
    { 13, 14, 180, 0, 8, 23, 24801 }, // U+FBB1
    { 15, 14, 258, 1, 9, 27, 24824 }, // U+FBFC
    { 16, 10, 247, 1, 5, 20, 24851 }, // U+FBFD
    { 6, 13, 109, 0, 9, 10, 24871 }, // U+FBFE
    { 9, 11, 128, 0, 7, 13, 24881 }, // U+FBFF
    { 8, 9, 146, 0, 8, 9, 24894 }, // U+FE80
    { 7, 18, 86, -1, 18, 16, 24903 }, // U+FE81
    { 9, 19, 99, -1, 19, 22, 24919 }, // U+FE82
    { 4, 20, 86, 0, 20, 10, 24941 }, // U+FE83
    { 8, 21, 99, 0, 21, 21, 24951 }, // U+FE84
    { 8, 19, 154, 1, 14, 19, 24972 }, // U+FE85
    { 10, 19, 161, 1, 14, 24, 24991 }, // U+FE86
    { 4, 21, 86, 1, 15, 11, 25015 }, // U+FE87
    { 7, 21, 99, 1, 15, 19, 25026 }, // U+FE88
    { 15, 15, 258, 1, 10, 29, 25045 }, // U+FE89
    { 16, 15, 247, 1, 10, 30, 25074 }, // U+FE8A
    { 5, 15, 94, 0, 15, 10, 25104 }, // U+FE8B
    { 9, 13, 115, 0, 13, 15, 25114 }, // U+FE8C
    { 3, 15, 86, 1, 15, 6, 25129 }, // U+FE8D
    { 7, 15, 99, 1, 15, 14, 25135 }, // U+FE8E
    { 18, 14, 319, 1, 9, 32, 25149 }, // U+FE8F
    { 22, 13, 350, 1, 8, 36, 25181 }, // U+FE90
    { 5, 13, 94, 0, 9, 9, 25217 }, // U+FE91
    { 9, 11, 115, 0, 7, 13, 25226 }, // U+FE92
    { 7, 15, 144, 1, 15, 14, 25239 }, // U+FE93
    { 11, 16, 169, 1, 16, 22, 25253 }, // U+FE94
    { 18, 11, 319, 1, 11, 25, 25275 }, // U+FE95
    { 22, 11, 350, 1, 11, 31, 25300 }, // U+FE96
    { 6, 14, 94, 0, 14, 11, 25331 }, // U+FE97
    { 9, 11, 128, 0, 11, 13, 25342 }, // U+FE98
    { 18, 14, 319, 1, 14, 32, 25355 }, // U+FE99
    { 22, 14, 350, 1, 14, 39, 25387 }, // U+FE9A
    { 5, 17, 94, 0, 17, 11, 25426 }, // U+FE9B
    { 9, 14, 128, 0, 14, 16, 25437 }, // U+FE9C
    { 13, 18, 211, 0, 10, 30, 25453 }, // U+FE9D
    { 15, 18, 221, 0, 10, 34, 25483 }, // U+FE9E
    { 12, 12, 194, 0, 8, 18, 25517 }, // U+FE9F
    { 14, 12, 202, 0, 8, 21, 25535 }, // U+FEA0
    { 13, 18, 211, 0, 10, 30, 25556 }, // U+FEA1
    { 15, 18, 221, 0, 10, 34, 25586 }, // U+FEA2
    { 12, 8, 194, 0, 8, 12, 25620 }, // U+FEA3
    { 14, 8, 202, 0, 8, 14, 25632 }, // U+FEA4
    { 13, 22, 211, 0, 14, 36, 25646 }, // U+FEA5
    { 15, 22, 221, 0, 14, 42, 25682 }, // U+FEA6
    { 12, 13, 194, 0, 13, 20, 25724 }, // U+FEA7
    { 14, 13, 202, 0, 13, 23, 25744 }, // U+FEA8
    { 8, 10, 159, 1, 10, 10, 25767 }, // U+FEA9
    { 11, 10, 176, 1, 10, 14, 25777 }, // U+FEAA
    { 8, 15, 159, 1, 15, 15, 25791 }, // U+FEAB
    { 11, 15, 176, 1, 15, 21, 25806 }, // U+FEAC
    { 7, 13, 123, -1, 8, 12, 25827 }, // U+FEAD
    { 11, 13, 133, -1, 8, 18, 25839 }, // U+FEAE
    { 7, 17, 123, -1, 12, 15, 25857 }, // U+FEAF
    { 11, 17, 133, -1, 12, 24, 25872 }, // U+FEB0
    { 24, 14, 414, 1, 9, 42, 25896 }, // U+FEB1
    { 27, 13, 432, 1, 8, 44, 25938 }, // U+FEB2
    { 17, 9, 284, 0, 9, 20, 25982 }, // U+FEB3
    { 20, 8, 302, 0, 8, 20, 26002 }, // U+FEB4
    { 24, 20, 414, 1, 15, 60, 26022 }, // U+FEB5
    { 27, 20, 432, 1, 15, 68, 26082 }, // U+FEB6
    { 17, 15, 284, 0, 15, 32, 26150 }, // U+FEB7
    { 20, 15, 302, 0, 15, 38, 26182 }, // U+FEB8
    { 25, 14, 437, 1, 9, 44, 26220 }, // U+FEB9
    { 28, 14, 446, 1, 9, 49, 26264 }, // U+FEBA
    { 18, 9, 302, 0, 9, 21, 26313 }, // U+FEBB
    { 21, 9, 313, 0, 9, 24, 26334 }, // U+FEBC
    { 25, 18, 437, 1, 13, 57, 26358 }, // U+FEBD
    { 28, 18, 446, 1, 13, 63, 26415 }, // U+FEBE
    { 18, 13, 302, 0, 13, 30, 26478 }, // U+FEBF
    { 21, 13, 313, 0, 13, 35, 26508 }, // U+FEC0
    { 15, 15, 261, 0, 15, 29, 26543 }, // U+FEC1
    { 18, 15, 268, 0, 15, 34, 26572 }, // U+FEC2
    { 13, 15, 229, 0, 15, 25, 26606 }, // U+FEC3
    { 16, 15, 236, 0, 15, 30, 26631 }, // U+FEC4
    { 15, 15, 261, 0, 15, 29, 26661 }, // U+FEC5
    { 18, 15, 268, 0, 15, 34, 26690 }, // U+FEC6
    { 13, 15, 229, 0, 15, 25, 26724 }, // U+FEC7
    { 16, 15, 236, 0, 15, 30, 26749 }, // U+FEC8
    { 12, 19, 172, 0, 11, 29, 26779 }, // U+FEC9
    { 12, 17, 176, 0, 9, 26, 26808 }, // U+FECA
    { 10, 10, 170, 0, 10, 13, 26834 }, // U+FECB
    { 12, 9, 173, 0, 9, 14, 26847 }, // U+FECC
    { 12, 24, 172, 0, 16, 36, 26861 }, // U+FECD
    { 12, 22, 176, 0, 14, 33, 26897 }, // U+FECE
    { 10, 14, 170, 0, 14, 18, 26930 }, // U+FECF
    { 12, 14, 173, 0, 14, 21, 26948 }, // U+FED0
    { 18, 16, 321, 1, 16, 36, 26969 }, // U+FED1
    { 22, 14, 353, 1, 14, 39, 27005 }, // U+FED2
    { 9, 16, 154, 0, 16, 18, 27044 }, // U+FED3
    { 12, 14, 163, 0, 14, 21, 27062 }, // U+FED4
    { 15, 18, 261, 1, 14, 34, 27083 }, // U+FED5
    { 17, 18, 269, 1, 12, 39, 27117 }, // U+FED6
    { 9, 16, 154, 0, 16, 18, 27156 }, // U+FED7
    { 12, 14, 163, 0, 14, 21, 27174 }, // U+FED8
    { 16, 15, 294, 1, 15, 30, 27195 }, // U+FED9
    { 20, 15, 308, 1, 15, 38, 27225 }, // U+FEDA
    { 9, 15, 139, 0, 15, 17, 27263 }, // U+FEDB
    { 11, 15, 159, 0, 15, 21, 27280 }, // U+FEDC
    { 12, 20, 231, 1, 15, 30, 27301 }, // U+FEDD
    { 16, 20, 245, 1, 15, 40, 27331 }, // U+FEDE
    { 5, 15, 91, 0, 15, 10, 27371 }, // U+FEDF
    { 8, 15, 103, 0, 15, 15, 27381 }, // U+FEE0
    { 10, 17, 168, 0, 9, 22, 27396 }, // U+FEE1
    { 14, 16, 199, 0, 8, 28, 27418 }, // U+FEE2
    { 10, 8, 178, 0, 8, 10, 27446 }, // U+FEE3
    { 14, 8, 195, 0, 8, 14, 27456 }, // U+FEE4
    { 12, 16, 227, 1, 11, 24, 27470 }, // U+FEE5
    { 16, 16, 244, 1, 11, 32, 27494 }, // U+FEE6
    { 5, 14, 94, 0, 14, 9, 27526 }, // U+FEE7
    { 9, 11, 115, 0, 11, 13, 27535 }, // U+FEE8
    { 7, 11, 144, 1, 11, 10, 27548 }, // U+FEE9
    { 11, 12, 169, 1, 12, 17, 27558 }, // U+FEEA
    { 12, 11, 198, 0, 11, 17, 27575 }, // U+FEEB
    { 12, 14, 177, 0, 9, 21, 27592 }, // U+FEEC
    { 8, 13, 154, 1, 8, 13, 27613 }, // U+FEED
    { 10, 13, 161, 1, 8, 17, 27626 }, // U+FEEE
    { 15, 14, 258, 1, 9, 27, 27643 }, // U+FEEF
    { 16, 10, 247, 1, 5, 20, 27670 }, // U+FEF0
    { 15, 18, 258, 1, 9, 34, 27690 }, // U+FEF1
    { 16, 14, 247, 1, 5, 28, 27724 }, // U+FEF2
    { 6, 13, 109, 0, 9, 10, 27752 }, // U+FEF3
    { 9, 11, 128, 0, 7, 13, 27762 }, // U+FEF4
    { 12, 16, 200, -1, 16, 24, 27775 }, // U+FEF5
    { 15, 16, 210, 0, 16, 30, 27799 }, // U+FEF6
    { 11, 18, 200, 0, 18, 25, 27829 }, // U+FEF7
    { 14, 18, 210, 1, 18, 32, 27854 }, // U+FEF8
    { 10, 21, 200, 1, 15, 27, 27886 }, // U+FEF9
    { 14, 21, 210, 1, 15, 37, 27913 }, // U+FEFA
    { 10, 15, 200, 1, 15, 19, 27950 }, // U+FEFB
    { 14, 15, 210, 1, 15, 27, 27969 }, // U+FEFC
    { 19, 19, 333, 1, 16, 46, 27996 }, // U+FFFD
};

static const EpdUnicodeInterval geist_ui_10_semiboldIntervals[] = {
    { 0x0, 0x0, 0x0 },
    { 0xD, 0xD, 0x1 },
    { 0x20, 0x7E, 0x2 },
    { 0xA0, 0x17F, 0x61 },
    { 0x1A0, 0x1A1, 0x141 },
    { 0x1AF, 0x1B0, 0x143 },
    { 0x1C4, 0x21F, 0x145 },
    { 0x300, 0x36F, 0x1A1 },
    { 0x400, 0x4FF, 0x211 },
    { 0x5D0, 0x5EA, 0x311 },
    { 0x60C, 0x60C, 0x32C },
    { 0x61B, 0x61B, 0x32D },
    { 0x61F, 0x61F, 0x32E },
    { 0x621, 0x621, 0x32F },
    { 0x640, 0x640, 0x330 },
    { 0x660, 0x669, 0x331 },
    { 0x6BA, 0x6BA, 0x33B },
    { 0x6D4, 0x6D4, 0x33C },
    { 0x6F0, 0x6F9, 0x33D },
    { 0x1EA0, 0x1EF9, 0x347 },
    { 0x2000, 0x2064, 0x3A1 },
    { 0x2066, 0x2071, 0x406 },
    { 0x2074, 0x208E, 0x412 },
    { 0x2090, 0x209C, 0x42D },
    { 0x20A0, 0x20C0, 0x43A },
    { 0x2190, 0x2199, 0x45B },
    { 0x219D, 0x219D, 0x465 },
    { 0x21A9, 0x21AA, 0x466 },
    { 0x21B0, 0x21B1, 0x468 },
    { 0x21B3, 0x21B5, 0x46A },
    { 0x21E4, 0x21E5, 0x46D },
    { 0x21E7, 0x21E7, 0x46F },
    { 0x2202, 0x2202, 0x470 },
    { 0x2206, 0x2206, 0x471 },
    { 0x220F, 0x220F, 0x472 },
    { 0x2211, 0x2212, 0x473 },
    { 0x221A, 0x221A, 0x475 },
    { 0x221E, 0x221E, 0x476 },
    { 0x222B, 0x222B, 0x477 },
    { 0x2248, 0x2248, 0x478 },
    { 0x2260, 0x2260, 0x479 },
    { 0x2264, 0x2265, 0x47A },
    { 0xFB00, 0xFB06, 0x47C },
    { 0xFB56, 0xFB59, 0x483 },
    { 0xFB66, 0xFB69, 0x487 },
    { 0xFB7A, 0xFB7D, 0x48B },
    { 0xFB88, 0xFB95, 0x48F },
    { 0xFB9E, 0xFB9F, 0x49D },
    { 0xFBA6, 0xFBB1, 0x49F },
    { 0xFBFC, 0xFBFF, 0x4AB },
    { 0xFE80, 0xFEFC, 0x4AF },
    { 0xFFFD, 0xFFFD, 0x52C },
};

static const uint16_t geist_ui_10_semiboldKernLeftCodepoints[] = {
    0x0022, 0x0026, 0x0027, 0x0028, 0x002A, 0x002B, 0x002C, 0x002D, 0x002E, 0x002F, 0x0030, 0x0031,
    0x0032, 0x0033, 0x0034, 0x0035, 0x0036, 0x0037, 0x0038, 0x0039, 0x003A, 0x003B, 0x003C, 0x003D,
    0x003E, 0x0041, 0x0042, 0x0043, 0x0044, 0x0045, 0x0046, 0x0047, 0x0048, 0x0049, 0x004A, 0x004B,
    0x004C, 0x004D, 0x004E, 0x004F, 0x0050, 0x0051, 0x0052, 0x0053, 0x0054, 0x0055, 0x0056, 0x0057,
    0x0058, 0x0059, 0x005A, 0x005B, 0x005C, 0x005E, 0x0061, 0x0062, 0x0063, 0x0064, 0x0065, 0x0066,
    0x0067, 0x0068, 0x0069, 0x006A, 0x006B, 0x006C, 0x006D, 0x006E, 0x006F, 0x0070, 0x0071, 0x0072,
    0x0073, 0x0074, 0x0075, 0x0076, 0x0077, 0x0078, 0x0079, 0x007A, 0x007B, 0x007E, 0x00A1, 0x00A2,
    0x00A5, 0x00A9, 0x00AA, 0x00AB, 0x00AC, 0x00B1, 0x00BA, 0x00BB, 0x00BF, 0x00C0, 0x00C1, 0x00C2,
    0x00C3, 0x00C4, 0x00C5, 0x00C6, 0x00C7, 0x00C8, 0x00C9, 0x00CA, 0x00CB, 0x00CC, 0x00CD, 0x00CE,
    0x00CF, 0x00D0, 0x00D1, 0x00D2, 0x00D3, 0x00D4, 0x00D5, 0x00D6, 0x00D7, 0x00D8, 0x00D9, 0x00DA,
    0x00DB, 0x00DC, 0x00DD, 0x00DE, 0x00E0, 0x00E1, 0x00E2, 0x00E3, 0x00E4, 0x00E5, 0x00E6, 0x00E7,
    0x00E8, 0x00E9, 0x00EA, 0x00EB, 0x00EC, 0x00ED, 0x00EE, 0x00EF, 0x00F0, 0x00F1, 0x00F2, 0x00F3,
    0x00F4, 0x00F5, 0x00F6, 0x00F7, 0x00F8, 0x00F9, 0x00FA, 0x00FB, 0x00FC, 0x00FD, 0x00FE, 0x00FF,
    0x0100, 0x0101, 0x0102, 0x0103, 0x0104, 0x0105, 0x0106, 0x0107, 0x0108, 0x0109, 0x010A, 0x010B,
    0x010C, 0x010D, 0x010E, 0x010F, 0x0110, 0x0112, 0x0113, 0x0115, 0x0116, 0x0117, 0x0118, 0x0119,
    0x011A, 0x011B, 0x011C, 0x011D, 0x011E, 0x011F, 0x0120, 0x0121, 0x0122, 0x0123, 0x0124, 0x0125,
    0x0126, 0x0127, 0x0128, 0x0129, 0x012A, 0x012B, 0x012E, 0x012F, 0x0130, 0x0131, 0x0132, 0x0133,
    0x0134, 0x0135, 0x0136, 0x0137, 0x0138, 0x0139, 0x013A, 0x013B, 0x013C, 0x013D, 0x013E, 0x013F,
    0x0141, 0x0142, 0x0143, 0x0144, 0x0145, 0x0146, 0x0147, 0x0148, 0x014A, 0x014B, 0x014C, 0x014D,
    0x014E, 0x014F, 0x0150, 0x0151, 0x0152, 0x0153, 0x0154, 0x0155, 0x0156, 0x0157, 0x0158, 0x0159,
    0x015A, 0x015B, 0x015C, 0x015D, 0x015E, 0x015F, 0x0160, 0x0161, 0x0162, 0x0163, 0x0164, 0x0165,
    0x0166, 0x0167, 0x0168, 0x0169, 0x016A, 0x016B, 0x016C, 0x016D, 0x016E, 0x016F, 0x0170, 0x0171,
    0x0172, 0x0173, 0x0174, 0x0175, 0x0176, 0x0177, 0x0178, 0x0179, 0x017A, 0x017B, 0x017C, 0x017D,
    0x017E, 0x01A0, 0x01A1, 0x01AF, 0x01B0, 0x01CD, 0x01CE, 0x01E4, 0x01E5, 0x01E6, 0x01E7, 0x01E8,
    0x01E9, 0x01FA, 0x01FD, 0x01FE, 0x0218, 0x0219, 0x021A, 0x021B, 0x0400, 0x0401, 0x0402, 0x0404,
    0x0405, 0x0406, 0x0407, 0x0409, 0x040A, 0x040E, 0x0410, 0x0411, 0x0412, 0x0413, 0x0414, 0x0415,
    0x0416, 0x0417, 0x0418, 0x0419, 0x041A, 0x041B, 0x041C, 0x041D, 0x041E, 0x041F, 0x0420, 0x0421,
    0x0422, 0x0423, 0x0424, 0x0425, 0x0427, 0x0428, 0x042A, 0x042B, 0x042C, 0x042D, 0x042E, 0x042F,
    0x0430, 0x0431, 0x0432, 0x0433, 0x0434, 0x0435, 0x0436, 0x0437, 0x0438, 0x0439, 0x043A, 0x043B,
    0x043C, 0x043D, 0x043E, 0x043F, 0x0440, 0x0441, 0x0442, 0x0443, 0x0444, 0x0445, 0x0446, 0x0447,
    0x0448, 0x0449, 0x044B, 0x044D, 0x044E, 0x044F, 0x0450, 0x0451, 0x0452, 0x0453, 0x0454, 0x0455,
    0x0456, 0x0457, 0x0458, 0x045B, 0x045D, 0x045E, 0x0460, 0x0461, 0x0462, 0x0464, 0x0465, 0x0466,
    0x0467, 0x0468, 0x0469, 0x046A, 0x046B, 0x046E, 0x0471, 0x0472, 0x0473, 0x0474, 0x0475, 0x0476,
    0x0477, 0x0478, 0x0479, 0x047A, 0x047B, 0x047C, 0x047D, 0x047E, 0x047F, 0x0480, 0x048A, 0x048B,
    0x048C, 0x048D, 0x048E, 0x048F, 0x0490, 0x0491, 0x0492, 0x0493, 0x0496, 0x0497, 0x0498, 0x0499,
    0x049A, 0x049B, 0x049C, 0x049D, 0x049E, 0x049F, 0x04A0, 0x04A1, 0x04A3, 0x04A4, 0x04A5, 0x04A9,
    0x04AA, 0x04AB, 0x04AC, 0x04AD, 0x04AE, 0x04AF, 0x04B1, 0x04B2, 0x04B3, 0x04B4, 0x04B5, 0x04B7,
    0x04BB, 0x04BC, 0x04BD, 0x04BE, 0x04BF, 0x04C0, 0x04C1, 0x04C2, 0x04C5, 0x04C6, 0x04C9, 0x04CA,
    0x04CD, 0x04CE, 0x04CF, 0x04D0, 0x04D1, 0x04D2, 0x04D3, 0x04D5, 0x04D7, 0x04D8, 0x04D9, 0x04DA,
    0x04DB, 0x04DC, 0x04DD, 0x04DE, 0x04DF, 0x04E2, 0x04E3, 0x04E5, 0x04E6, 0x04E7, 0x04E8, 0x04EA,
    0x04EB, 0x04EC, 0x04ED, 0x04EF, 0x04F0, 0x04F1, 0x04F2, 0x04F3, 0x04F5, 0x04F6, 0x04F7, 0x04F9,
    0x04FA, 0x04FB, 0x04FC, 0x04FD, 0x04FE, 0x04FF, 0x05D0, 0x05D1, 0x05D2, 0x05D3, 0x05D5, 0x05D6,
    0x05D8, 0x05D9, 0x05DB, 0x05DC, 0x05DE, 0x05E0, 0x05E1, 0x05E2, 0x05E4, 0x05E6, 0x05E8, 0x05E9,
    0x05EA, 0x1EA0, 0x1EA2, 0x1EA4, 0x1EA6, 0x1EA8, 0x1EAA, 0x1EAC, 0x1EAE, 0x1EB0, 0x1EB2, 0x1EB4,
    0x1EB6, 0x1EB9, 0x1EBB, 0x1EBC, 0x1EBD, 0x1EBF, 0x1EC1, 0x1EC3, 0x1EC5, 0x1EC7, 0x1ECC, 0x1ECD,
    0x1ECE, 0x1ECF, 0x1ED0, 0x1ED1, 0x1ED2, 0x1ED3, 0x1ED4, 0x1ED5, 0x1ED6, 0x1ED7, 0x1ED8, 0x1ED9,
    0x1EDA, 0x1EDB, 0x1EDC, 0x1EDD, 0x1EDE, 0x1EDF, 0x1EE0, 0x1EE1, 0x1EE2, 0x1EE3, 0x1EE4, 0x1EE6,
    0x1EE8, 0x1EE9, 0x1EEA, 0x1EEB, 0x1EEC, 0x1EED, 0x1EEE, 0x1EEF, 0x1EF0, 0x1EF1, 0x1EF2, 0x1EF3,
    0x1EF4, 0x1EF6, 0x1EF8, 0x1EF9, 0x2015, 0x2018, 0x201A, 0x201C, 0x201E, 0x2026, 0x2039, 0x203A,
    0x21E7, 0x2212, 0x221E, 0x2248, 0x2260, 0x2264, 0x2265, 0xFB01, 0xFB02, 0xFB8C, 0xFEAD, 0xFEAE,
    0xFEAF,
};

static const uint8_t geist_ui_10_semiboldKernLeftClassIds[] = {
      1,   2,   1,   3,   4,   5,   6,   7,   6,   8,   9,  10,  11,  12,  13,  14,
     15,  16,  17,   9,  18,  18,   5,   5,   5,  19,  20,  21,   9,  22,  23,  24,
     25,  25,  26,  27,  28,  25,  25,   9,  29,   9,  30,   9,  31,  26,   8,   8,
     27,  32,  33,  34,  19,   5,  35,  36,  36,  25,  36,  37,  38,  39,  25,  25,
     40,  35,  39,  39,  36,  36,  38,  41,  36,  42,  38,  43,  43,  44,  43,  45,
     46,   5,  47,  48,  10,   9,   4,  49,   5,   5,   4,  50,  51,  19,  19,  19,
     19,  19,  19,  22,  21,  22,  22,  22,  22,  25,  25,  25,  25,  48,  25,   9,
      9,   9,   9,   9,   5,   9,  26,  26,  26,  26,  32,   9,  35,  35,  35,  35,
     35,  35,  36,  36,  36,  36,  36,  36,  25,  25,  25,  25,  36,  39,  36,  36,
     36,  36,  36,   5,  36,  38,  38,  38,  38,  43,  36,  43,  19,  35,  19,  35,
     19,  35,  21,  36,  21,  36,  21,  36,  21,  36,  48,  52,  48,  22,  36,  53,
     22,  36,  22,  36,  22,  36,  24,  38,  24,  38,  24,  38,  24,  38,  25,  39,
     25,  39,  25,  25,  25,  25,  25,  25,  25,  25,  26,  25,  26,  25,  27,  44,
     54,  28,  35,  28,  35,  55,  52,  56,  28,  35,  25,  39,  25,  39,  25,  39,
     25,  39,   9,  36,  57,  53,   9,  36,  22,  36,  58,  41,  58,  41,  58,  41,
      9,  36,   9,  36,   9,  36,   9,  36,  31,  42,  31,  52,  31,  42,  26,  38,
     26,  38,  26,  38,  26,  38,  26,  38,  26,  38,   8,  43,  32,  43,  32,  33,
     45,  33,  45,  33,  45,  59,  60,  61,  62,  19,  35,  24,  38,  24,  38,  27,
     44,  63,  53,  57,   9,  36,  31,  42,  22,  22,  20,  21,   9,  10,  10,  20,
     20,   8,  19,  20,  20,  31,  19,  22,  27,  20,  25,  25,  27,  25,  25,  25,
      9,  25,  29,  21,  31,   8,   9,  27,  10,  25,  20,  10,  20,   9,   9,  10,
     35,  36,  36,  41,  36,  36,  44,  36,  38,  38,  44,  38,  38,  38,  36,  39,
     36,  36,  41,  43,  36,  44,  38,  38,  38,  38,  38,  36,  36,  38,  36,  36,
     39,  41,  36,  36,  38,  38,  25,  39,  38,  43,  64,  65,  20,  66,  67,  68,
     69,  68,  69,  27,  44,  70,  71,   9,  36,   8,  43,  72,  65,  73,  73,  64,
     71,  64,  71,  64,  65,  66,  74,  75,  76,  77,  78,  71,  31,  41,  31,  41,
     27,  44,  70,  79,  27,  44,  80,  81,  80,  81,  80,  81,  25,  82,  83,  71,
     66,  67,  84,  83,   8,  43,  43,  27,  44,  74,  75,  38,  39,  85,  86,  85,
     86,  10,  80,  81,  74,  75,  74,  75,  74,  75,  25,  68,  87,  68,  87,  86,
     86,   9,  36,  64,  71,  80,  81,  70,  79,  25,  38,  88,  64,  71,   9,  64,
     71,  64,  71,  43,  72,  73,  72,  73,  88,  84,  83,  88,  82,  89,  90,  91,
     80,  91,  92,  93,  94,  95,  96,  97,  98,  99, 100, 101, 102, 103, 104, 105,
    106, 107, 108, 109, 110,  63,  63,  63,  63,  63,  63,  63,  63,  63,  63,  63,
     63,  53,  53,  22,  36,  53,  53,  53,  53,  53,  57,  53,  57,  53,  57,  53,
     57,  53,  57,  53,  57,  53,  57,  53,  59,  60,  59,  60,  59,  60,  59,  60,
     59,  60, 111, 111,  61,  62,  61,  62,  61,  62,  61,  62,  61,  62,  32,  43,
    112, 112,  32,  43, 113, 114,   6, 114,   6,   6, 115, 116,  19,   5,   5,   5,
      5,   5,   5,  25,  35, 117, 117, 117, 117,
};

static const uint16_t geist_ui_10_semiboldKernRightCodepoints[] = {
    0x0021, 0x0022, 0x0025, 0x0026, 0x0027, 0x0029, 0x002A, 0x002B, 0x002C, 0x002D, 0x002E, 0x002F,
    0x0030, 0x0031, 0x0032, 0x0033, 0x0034, 0x0035, 0x0036, 0x0037, 0x0038, 0x003A, 0x003B, 0x003C,
    0x003D, 0x003E, 0x003F, 0x0041, 0x0042, 0x0043, 0x0044, 0x0045, 0x0046, 0x0047, 0x0048, 0x0049,
    0x004A, 0x004B, 0x004C, 0x004D, 0x004E, 0x004F, 0x0050, 0x0051, 0x0052, 0x0053, 0x0054, 0x0055,
    0x0056, 0x0057, 0x0058, 0x0059, 0x005A, 0x005C, 0x005D, 0x005E, 0x0061, 0x0062, 0x0063, 0x0064,
    0x0065, 0x0066, 0x0067, 0x0068, 0x0069, 0x006A, 0x006B, 0x006C, 0x006D, 0x006E, 0x006F, 0x0070,
    0x0071, 0x0072, 0x0073, 0x0074, 0x0075, 0x0076, 0x0077, 0x0078, 0x0079, 0x007A, 0x007D, 0x007E,
    0x00A5, 0x00A9, 0x00AA, 0x00AB, 0x00AC, 0x00B1, 0x00BA, 0x00BB, 0x00BF, 0x00C0, 0x00C1, 0x00C2,
    0x00C3, 0x00C4, 0x00C5, 0x00C6, 0x00C7, 0x00C8, 0x00C9, 0x00CA, 0x00CB, 0x00CC, 0x00CD, 0x00CE,
    0x00CF, 0x00D0, 0x00D1, 0x00D2, 0x00D3, 0x00D4, 0x00D5, 0x00D6, 0x00D7, 0x00D8, 0x00D9, 0x00DA,
    0x00DB, 0x00DC, 0x00DD, 0x00DE, 0x00DF, 0x00E0, 0x00E1, 0x00E2, 0x00E3, 0x00E4, 0x00E5, 0x00E6,
    0x00E7, 0x00E8, 0x00E9, 0x00EA, 0x00EB, 0x00EC, 0x00ED, 0x00EE, 0x00EF, 0x00F0, 0x00F1, 0x00F2,
    0x00F3, 0x00F4, 0x00F5, 0x00F6, 0x00F7, 0x00F8, 0x00F9, 0x00FA, 0x00FB, 0x00FC, 0x00FD, 0x00FE,
    0x00FF, 0x0100, 0x0101, 0x0102, 0x0103, 0x0104, 0x0105, 0x0106, 0x0107, 0x0108, 0x0109, 0x010A,
    0x010B, 0x010C, 0x010D, 0x010E, 0x010F, 0x0110, 0x0111, 0x0112, 0x0113, 0x0115, 0x0116, 0x0117,
    0x0118, 0x0119, 0x011A, 0x011B, 0x011C, 0x011D, 0x011E, 0x011F, 0x0120, 0x0121, 0x0122, 0x0123,
    0x0124, 0x0125, 0x0126, 0x0127, 0x0128, 0x0129, 0x012A, 0x012B, 0x012E, 0x012F, 0x0130, 0x0131,
    0x0132, 0x0133, 0x0134, 0x0135, 0x0136, 0x0137, 0x0138, 0x0139, 0x013A, 0x013B, 0x013C, 0x013D,
    0x013E, 0x0140, 0x0141, 0x0142, 0x0143, 0x0144, 0x0145, 0x0146, 0x0147, 0x0148, 0x014A, 0x014B,
    0x014C, 0x014D, 0x014E, 0x014F, 0x0150, 0x0151, 0x0152, 0x0153, 0x0154, 0x0155, 0x0156, 0x0157,
    0x0158, 0x0159, 0x015A, 0x015B, 0x015C, 0x015D, 0x015E, 0x015F, 0x0160, 0x0161, 0x0162, 0x0163,
    0x0164, 0x0165, 0x0166, 0x0167, 0x0168, 0x0169, 0x016A, 0x016B, 0x016C, 0x016D, 0x016E, 0x016F,
    0x0170, 0x0171, 0x0172, 0x0173, 0x0174, 0x0175, 0x0176, 0x0177, 0x0178, 0x0179, 0x017A, 0x017B,
    0x017C, 0x017D, 0x017E, 0x01A0, 0x01A1, 0x01AF, 0x01B0, 0x01CD, 0x01CE, 0x01E4, 0x01E5, 0x01E6,
    0x01E7, 0x01E8, 0x01E9, 0x01FA, 0x01FB, 0x01FD, 0x01FE, 0x01FF, 0x0218, 0x0219, 0x021A, 0x021B,
    0x0400, 0x0401, 0x0402, 0x0403, 0x0404, 0x0405, 0x0406, 0x0407, 0x0409, 0x040A, 0x040B, 0x040C,
    0x040E, 0x040F, 0x0410, 0x0411, 0x0412, 0x0413, 0x0414, 0x0415, 0x0416, 0x0417, 0x0418, 0x0419,
    0x041A, 0x041B, 0x041C, 0x041D, 0x041E, 0x041F, 0x0420, 0x0421, 0x0422, 0x0423, 0x0424, 0x0425,
    0x0426, 0x0428, 0x0429, 0x042B, 0x042C, 0x042D, 0x042E, 0x0430, 0x0431, 0x0432, 0x0433, 0x0434,
    0x0435, 0x0436, 0x0437, 0x0438, 0x0439, 0x043A, 0x043B, 0x043C, 0x043D, 0x043E, 0x043F, 0x0440,
    0x0441, 0x0442, 0x0443, 0x0444, 0x0445, 0x0446, 0x0447, 0x0448, 0x0449, 0x044A, 0x044B, 0x044C,
    0x044D, 0x044E, 0x0450, 0x0451, 0x0453, 0x0454, 0x0455, 0x0456, 0x0457, 0x0458, 0x0459, 0x045A,
    0x045B, 0x045D, 0x045E, 0x0460, 0x0461, 0x0462, 0x0463, 0x0465, 0x0466, 0x0467, 0x0469, 0x046A,
    0x046B, 0x046D, 0x046E, 0x0470, 0x0472, 0x0473, 0x0474, 0x0475, 0x0476, 0x0477, 0x0478, 0x0479,
    0x047A, 0x047B, 0x047C, 0x047D, 0x047E, 0x047F, 0x0480, 0x0481, 0x048B, 0x048C, 0x048D, 0x048F,
    0x0490, 0x0491, 0x0492, 0x0493, 0x0495, 0x0496, 0x0497, 0x0498, 0x0499, 0x049A, 0x049B, 0x049D,
    0x049F, 0x04A0, 0x04A1, 0x04A2, 0x04A3, 0x04A5, 0x04A7, 0x04A8, 0x04A9, 0x04AA, 0x04AB, 0x04AC,
    0x04AD, 0x04AE, 0x04AF, 0x04B1, 0x04B2, 0x04B3, 0x04B4, 0x04B5, 0x04B7, 0x04B8, 0x04B9, 0x04BA,
    0x04BB, 0x04BC, 0x04BD, 0x04BE, 0x04BF, 0x04C0, 0x04C1, 0x04C2, 0x04C4, 0x04C5, 0x04C6, 0x04C8,
    0x04CA, 0x04CB, 0x04CC, 0x04CE, 0x04CF, 0x04D0, 0x04D1, 0x04D2, 0x04D3, 0x04D4, 0x04D5, 0x04D7,
    0x04D8, 0x04D9, 0x04DA, 0x04DB, 0x04DC, 0x04DD, 0x04DE, 0x04DF, 0x04E3, 0x04E5, 0x04E6, 0x04E7,
    0x04E8, 0x04EA, 0x04EB, 0x04EC, 0x04ED, 0x04EF, 0x04F0, 0x04F1, 0x04F2, 0x04F3, 0x04F4, 0x04F5,
    0x04F7, 0x04F9, 0x04FA, 0x04FC, 0x04FD, 0x04FE, 0x04FF, 0x05D0, 0x05D1, 0x05D2, 0x05D3, 0x05D4,
    0x05D6, 0x05D7, 0x05D8, 0x05D9, 0x05DA, 0x05DB, 0x05DC, 0x05DD, 0x05DE, 0x05DF, 0x05E1, 0x05E2,
    0x05E3, 0x05E4, 0x05E5, 0x05E7, 0x05E8, 0x05E9, 0x05EA, 0x1EA0, 0x1EA1, 0x1EA2, 0x1EA3, 0x1EA4,
    0x1EA5, 0x1EA6, 0x1EA7, 0x1EA8, 0x1EA9, 0x1EAA, 0x1EAB, 0x1EAC, 0x1EAD, 0x1EAE, 0x1EAF, 0x1EB0,
    0x1EB1, 0x1EB2, 0x1EB3, 0x1EB4, 0x1EB5, 0x1EB6, 0x1EB7, 0x1EB9, 0x1EBB, 0x1EBC, 0x1EBD, 0x1EBF,
    0x1EC1, 0x1EC3, 0x1EC5, 0x1EC7, 0x1ECC, 0x1ECD, 0x1ECE, 0x1ECF, 0x1ED0, 0x1ED1, 0x1ED2, 0x1ED3,
    0x1ED4, 0x1ED5, 0x1ED6, 0x1ED7, 0x1ED8, 0x1ED9, 0x1EDA, 0x1EDB, 0x1EDC, 0x1EDD, 0x1EDE, 0x1EDF,
    0x1EE0, 0x1EE1, 0x1EE2, 0x1EE3, 0x1EE4, 0x1EE5, 0x1EE6, 0x1EE7, 0x1EE8, 0x1EE9, 0x1EEA, 0x1EEB,
    0x1EEC, 0x1EED, 0x1EEE, 0x1EEF, 0x1EF0, 0x1EF1, 0x1EF2, 0x1EF3, 0x1EF4, 0x1EF5, 0x1EF6, 0x1EF7,
    0x1EF8, 0x1EF9, 0x2015, 0x2018, 0x2019, 0x201A, 0x201C, 0x201D, 0x201E, 0x2026, 0x2039, 0x203A,
    0x21E7, 0x2212, 0x221E, 0x2248, 0x2260, 0x2264, 0x2265, 0xFB00, 0xFB01, 0xFB02, 0xFB03, 0xFB04,
    0xFB8E, 0xFBA6, 0xFBAA, 0xFE8D, 0xFEA3, 0xFEA9, 0xFEB1, 0xFEB3, 0xFEB9, 0xFEBB, 0xFEC1, 0xFEC3,
    0xFEC9, 0xFECB, 0xFECD, 0xFEDB, 0xFEDF, 0xFEE1, 0xFEE3, 0xFEE9, 0xFEEB,
};

static const uint8_t geist_ui_10_semiboldKernRightClassIds[] = {
      1,   2,   3,   4,   2,   5,   6,   7,   8,   9,   8,  10,  11,  12,  13,  14,
     15,  16,  11,  17,  18,  19,  19,   7,   7,   7,  20,  10,  21,  11,  21,  22,
     21,  11,  21,  21,  23,  24,  24,  21,  25,  11,  21,  11,  21,  11,  17,  26,
     27,  27,  28,  29,  30,  27,  31,   7,  32,  21,  33,  33,  33,  34,  33,  21,
     21,  35,  21,  36,  37,  37,  33,  37,  33,  37,  33,  38,  39,  40,  40,  41,
     40,  42,  43,   7,  24,  11,   6,  44,   7,   7,   6,  45,  46,  10,  10,  10,
     10,  10,  10,  10,  11,  21,  21,  21,  21,  21,  21,  21,  21,  11,  21,  11,
     11,  11,  11,  11,   7,  11,  26,  26,  26,  26,  29,  21,  21,  32,  32,  32,
     32,  32,  32,  32,  33,  33,  33,  33,  33,  21,  21,  21,  21,  33,  37,  33,
     33,  33,  33,  33,   7,  33,  39,  39,  39,  39,  40,  21,  40,  10,  32,  10,
     32,  10,  32,  11,  33,  11,  33,  11,  33,  11,  33,  21,  33,  11,  33,  21,
     33,  47,  21,  33,  21,  33,  21,  33,  11,  33,  11,  33,  11,  33,  11,  33,
     21,  21,  21,  21,  21,  21,  21,  21,  21,  21,  21,  21,  21,  21,  23,  35,
     24,  21,  48,  24,  36,  21,  36,  24,  36,  49,  50,  36,  21,  37,  21,  37,
     21,  37,  21,  37,  11,  33,  51,  47,  11,  33,  11,  33,  21,  37,  21,  37,
     21,  37,  11,  33,  11,  33,  11,  33,  11,  33,  17,  52,  17,  52,  17,  52,
     26,  39,  26,  39,  26,  39,  26,  39,  26,  39,  26,  39,  27,  40,  29,  40,
     29,  30,  42,  30,  42,  30,  42,  51,  47,  53,  48,  10,  32,  11,  33,  11,
     33,  24,  21,  54,  55,  55,  51,  47,  11,  33,  17,  52,  21,  21,  17,  21,
     11,  11,  24,  24,  23,  24,  17,  21,  56,  21,  10,  21,  21,  21,  10,  21,
     28,  14,  21,  21,  21,  57,  21,  21,  11,  21,  21,  11,  17,  56,  11,  28,
     21,  21,  21,  21,  21,  11,  24,  32,  33,  37,  37,  33,  33,  41,  33,  37,
     37,  37,  58,  37,  37,  33,  37,  37,  33,  52,  40,  33,  41,  37,  39,  37,
     37,  52,  37,  37,  33,  37,  33,  33,  37,  33,  33,  37,  37,  35,  59,  37,
     21,  37,  40,  60,  61,  24,  21,  62,  63,  64,  62,  28,  41,  62,  65,  66,
     11,  33,  27,  40,  67,  61,  60,  68,  60,  68,  60,  68,  60,  61,  60,  68,
     62,  69,  70,  62,  24,  37,  24,  37,  62,  28,  41,  65,  71,  21,  21,  62,
     70,  72,  73,  21,  21,  62,  62,  60,  68,  60,  68,  74,  73,  27,  40,  40,
     28,  41,  72,  73,  39,  66,  75,  21,  21,  76,  77,  76,  77,  21,  78,  79,
     62,  80,  64,  62,  62,  66,  75,  62,  21,  63,  81,  63,  81,  63,  81,  68,
     11,  33,  82,  81,  78,  79,  65,  71,  37,  83,  60,  68,  11,  60,  68,  65,
     71,  40,  84,  85,  84,  85,  66,  75,  62,  83,  69,  78,  79,  78,  79,  86,
     87,  88,  89,  90,  91,  92,  93,  94,  95,  96,  97,  98,  99, 100, 101, 102,
    103, 104, 105, 106, 107, 108, 109,  54,  55,  54,  55,  54,  55,  54,  55,  54,
     55,  54,  55,  54,  55,  54,  55,  54,  55,  54,  55,  54,  55,  54,  55,  47,
     47,  21,  33,  47,  47,  47,  47,  47,  51,  47,  51,  47,  51,  47,  51,  47,
     51,  47,  51,  47,  51,  47,  51,  47,  51,  47,  51,  47,  51,  47,  51,  47,
     53,  48,  53,  48,  53,  48,  53,  48,  53,  48,  53,  48,  53,  48,  29,  40,
    110, 111, 110, 111,  29,  40, 112, 113, 114,   8, 113, 115,   8,   8, 116,  45,
     10,   7,   7,   7,   7,   7,   7, 117,  34,  34, 117, 117, 118, 118, 118, 119,
    118, 120, 120, 120, 120, 120, 120, 120, 121, 119, 121, 118, 119, 118, 118, 118,
    118,
};

static const uint16_t geist_ui_10_semiboldKernRowOffsets[] = {
        0,     5,     7,    13,    16,    18,    28,    34,    65,    91,   103,   108,   111,   116,   118,   120,
      131,   133,   145,   173,   194,   214,   230,   254,   264,   288,   300,   323,   351,   373,   390,   430,
      454,   477,   479,   496,   521,   541,   558,   579,   602,   625,   644,   668,   691,   710,   711,   715,
      716,   718,   721,   738,   749,   750,   751,   754,   757,   759,   776,   778,   781,   786,   789,   791,
      801,   802,   805,   806,   817,   823,   824,   833,   846,   850,   855,   860,   865,   876,   883,   889,
      897,   904,   919,   923,   940,   942,   944,   949,   951,   953,   958,   960,   966,   971,   978,   989,
      995,   996,  1005,  1016,  1022,  1032,  1038,  1041,  1048,  1050,  1058,  1069,  1079,  1087,  1097,  1098,
     1103,  1109,  1110,  1111,  1112,  1116,
};

static const uint8_t geist_ui_10_semiboldKernSparseCols[] = {
      9,  14,  16,  32,  45,  16,  26,  10,  12,  13,  14,  15,  17,   7,   9,  16,
     16,  28,   5,  10,  11,  16,  22,  26,  33,  34,  35,  39,  11,  14,  16,  33,
     39,  40,   0,   3,   7,   9,  10,  16,  18,  19,  20,  21,  22,  23,  24,  26,
     27,  29,  31,  32,  33,  34,  35,  36,  37,  38,  39,  40,  41,  43,  44,  51,
    115,   4,   5,   7,   9,  12,  16,  18,  19,  20,  21,  22,  23,  24,  26,  27,
     28,  29,  31,  32,  33,  34,  37,  39,  40,  49,  51,   8,   9,  10,  11,  12,
     14,  16,  17,  23,  31,  32,  38,   8,  10,  13,  14,  16,   4,   9,  16,   1,
      2,   8,  16,  18,   4,  16,  11,  12,   2,   7,   8,  10,  11,  14,  16,  17,
     18,  30,  42,   4,  16,   9,  10,  14,  16,  26,  27,  33,  37,  39,  40,  41,
     51,   0,   1,   5,  10,  13,  16,  18,  19,  20,  21,  22,  23,  24,  25,  26,
     28,  29,  32,  33,  35,  36,  37,  38,  39,  40,  41,  51,  55,   9,  10,  16,
     18,  19,  20,  21,  24,  26,  28,  31,  32,  33,  34,  35,  36,  37,  38,  39,
     40,  41,   9,  16,  20,  21,  23,  24,  26,  27,  28,  31,  32,  33,  35,  36,
     37,  38,  39,  40,  41,  51,  18,  19,  20,  21,  24,  26,  28,  31,  32,  33,
     34,  37,  39,  40,  41,  51,   7,   9,  18,  19,  20,  21,  22,  23,  24,  27,
     28,  29,  31,  32,  33,  34,  35,  36,  37,  38,  39,  40,  41,  51,  16,  26,
     27,  28,  32,  33,  37,  39,  40,  51,   9,  10,  16,  19,  20,  21,  22,  24,
     25,  26,  27,  28,  29,  31,  32,  33,  34,  35,  36,  37,  38,  39,  40,  51,
      9,  20,  21,  22,  24,  28,  33,  37,  39,  40,  41,  51,   5,  10,  16,  18,
     19,  20,  21,  22,  23,  24,  25,  26,  29,  31,  32,  33,  34,  36,  37,  38,
     39,  40,  51,   0,   1,   5,   7,   9,  10,  16,  18,  19,  20,  21,  22,  23,
     24,  25,  26,  28,  29,  32,  33,  34,  35,  37,  38,  39,  40,  41,  51,   0,
      7,   8,   9,  10,  18,  19,  20,  21,  22,  24,  26,  27,  28,  29,  31,  32,
     36,  38,  39,  40,  41,   9,  10,  16,  18,  19,  23,  26,  28,  31,  32,  33,
     34,  37,  38,  39,  40,  51,   1,   3,   5,   7,   8,   9,  10,  14,  16,  18,
     19,  20,  21,  22,  23,  24,  26,  27,  28,  30,  31,  32,  33,  34,  35,  36,
     37,  38,  39,  40,  41,  43,  44,  51,  56,  57,  58, 113, 114, 115,   6,   9,
     10,  16,  20,  21,  22,  24,  25,  28,  29,  31,  32,  33,  34,  35,  36,  37,
     38,  39,  40,  41,  49,  51,   8,   9,  10,  19,  20,  21,  22,  24,  26,  27,
     28,  31,  32,  33,  34,  35,  36,  37,  38,  39,  40,  41,  51,  16,  34,   5,
      7,  19,  20,  21,  24,  31,  32,  33,  35,  36,  37,  38,  39,  40,  41,  51,
      1,   5,   9,  16,  19,  20,  21,  24,  26,  27,  28,  31,  32,  33,  34,  35,
     36,  37,  38,  39,  40,  41,  51,  57,  58,   5,   7,   8,   9,  18,  20,  21,
     24,  30,  31,  32,  33,  34,  35,  36,  37,  40,  41,  51, 112,  16,  19,  20,
     21,  24,  26,  28,  32,  33,  34,  37,  39,  40,  41,  51,  57,  58,   5,  16,
     19,  20,  21,  24,  26,  27,  28,  31,  32,  33,  34,  35,  36,  37,  38,  39,
     40,  41,  51,   0,   5,   7,   8,  10,  16,  18,  19,  20,  21,  24,  31,  32,
     33,  34,  35,  36,  37,  38,  39,  40,  41,  51,   7,   8,   9,  16,  18,  20,
     21,  24,  31,  32,  33,  34,  35,  36,  37,  38,  39,  40,  41,  43,  51,  57,
     58,   7,   8,   9,  20,  21,  24,  26,  29,  31,  32,  33,  34,  36,  37,  38,
     39,  40,  41,  51,   7,   8,   9,  10,  16,  18,  20,  21,  22,  24,  27,  31,
     32,  33,  34,  35,  36,  37,  38,  40,  41,  51,  57,  58,   0,   5,   7,   8,
     10,  16,  18,  19,  20,  21,  24,  31,  32,  33,  34,  35,  36,  37,  38,  39,
     40,  41,  51,  18,  19,  20,  21,  24,  26,  27,  31,  32,  33,  34,  35,  36,
     37,  38,  39,  40,  41,  51,  16,  26,  33,  37,  51,  16,  16,  26,  16,  22,
     26,   1,  10,  11,  16,  20,  21,  24,  26,  31,  32,  33,  34,  36,  37,  39,
     41,  51,   5,  20,  21,  24,  31,  32,  33,  34,  35,  40, 114, 110,  46,  16,
     26,  28,  50,  52, 109,  53, 109,   9,  10,  16,  18,  19,  23,  26,  28,  31,
     32,  33,  34,  37,  38,  39,  40,  51,  53, 109,  48, 110, 116,  46,  50,  53,
     54, 109,  48, 110, 116,  50, 109,  62,  63,  64,  66,  71,  73,  77,  78,  79,
     83,  63,  59,  74,  75,  73,  65,  66,  68,  71,  72,  73,  74,  75,  81,  83,
     84,  60,  67,  72,  74,  76,  84,  66,  62,  63,  72,  73,  74,  77,  78,  83,
     84,  59,  62,  63,  67,  69,  70,  74,  75,  76,  78,  79,  82, 111,  62,  63,
     67,  77,  63,  65,  72,  74,  84,  63,  65,  72,  73,  74,  65,  66,  71,  72,
     73,  60,  62,  65,  72,  73,  74,  76,  77,  78,  83,  84,  62,  63,  67,  77,
     79,  83, 111,  72,  73,  77,  78,  83,  84,  59,  65,  67,  72,  74,  75,  84,
    111,  65,  67,  73,  74,  76,  83, 111,  59,  61,  62,  63,  67,  69,  70,  71,
     73,  74,  75,  76,  78,  79, 111,  62,  63,  67, 111,  59,  60,  61,  62,  63,
     67,  70,  72,  73,  74,  75,  76,  78,  79,  80,  84, 111,  66,  73,  78,  84,
     72,  73,  78,  83,  84,  69,  73,  63,  67,  59,  72,  74,  75,  76,  67,  74,
     93,  95,  96, 103, 105, 107,  88,  94, 100, 103, 106,  86,  92,  93,  95,  96,
     98, 103,  86,  89,  92,  94,  95,  97,  98, 100, 102, 103, 106,  86,  92,  97,
    100, 103, 106,  86,  88,  92,  94,  95, 102, 103, 104, 105, 106,  86,  89,  91,
     92,  95,  97,  98, 100, 103, 106, 108,  92,  95,  98, 100, 102, 103,  86,  87,
     92,  94,  95, 100, 102, 103, 107, 108,  92,  95,  97,  98, 100, 103,  92,  93,
     95,  92,  94,  96, 100, 102, 103, 106,  92, 100,  94,  95,  96,  99, 100, 102,
    103, 107,  85,  86,  88,  89,  92,  93,  97,  98, 100, 102, 103,  86,  92,  94,
     95,  98, 100, 102, 103, 106, 108,  86,  92,  95,  97, 100, 102, 103, 106,  88,
     90,  93,  95,  96,  98, 100, 101, 103, 107,  53,  46,  47,  50,  53,  54,  71,
     72,  73,  77,  78,  83,  22,  26,  22, 117, 118, 119, 120,
};

static const int8_t geist_ui_10_semiboldKernSparseValues[] = {
     -17,  -10,    3,   -3,  -13,  -16,  -11,   -5,   -2,   -2,  -10,   -1,   -3,  -13,  -25,    5,
      -7,   -7,  -13,   -7,  -24,  -20,   -1,  -25,  -11,    3,   -3,  -15,   -7,    3,  -13,   -3,
      -3,  -17,  -11,   -6,  -25,  -37,  -14,   -3,  -11,  -11,   -8,   -8,  -27,   -5,   -8,   -3,
      -3,   -5,  -18,  -16,  -17,  -19,   -9,  -13,  -13,  -18,  -15,  -23,  -14,  -18,   -9,  -13,
     -18,   -6,   -3,   -7,  -13,   -4,  -13,   -3,   -7,   -5,   -5,   -3,   -4,   -5,  -14,  -11,
     -15,   -3,    2,    3,   -3,   -7,   -7,   -6,   -9,   -2,   -7,   -3,   -2,   -5,  -13,   -3,
      -7,   -1,   -7,   -4,   -2,   -6,   -2,  -10,   -4,   -7,   -8,   -4,   -2,  -12,   -7,   -3,
      -7,   -3,   -7,   -7,   -4,  -13,   -7,   -4,    5,  -31,  -11,   -3,    3,   -9,    7,   -3,
      -7,   10,   10,   -3,   -7,   -7,   -3,   -7,  -19,  -11,   -7,   -9,   -9,   -7,  -15,   -7,
      -9,   -3,  -17,  -25,  -13,  -13,  -32,   -7,  -18,   -8,   -8,   -9,   -6,   -8,   -6,  -37,
     -26,   -3,   -8,  -15,   -8,   -7,  -23,   -7,  -21,  -10,   -5,  -23,   -4,   -9,   -3,  -12,
      -7,   -9,   -3,   -7,   -3,  -13,  -16,   -3,   -2,   -7,   -6,   -5,   -3,   -7,   -4,  -13,
     -16,   -8,   -9,   -5,   -2,   -2,   -2,   -2,   -8,   -7,   -8,   -2,   -3,   -7,   -4,   -3,
      -3,   -5,   -5,  -11,   -3,   -3,   -3,   -7,   -2,   -2,   -4,    4,   -7,   -4,   -6,  -11,
      -5,  -12,   -8,  -10,   -3,  -12,  -27,  -28,  -10,   -5,   -5,   -5,  -20,   -9,   -5,   -7,
      -5,   -5,   -8,   -9,  -12,  -11,   -7,   -9,  -11,  -10,  -13,  -15,  -10,  -11,   -7,  -11,
      -5,   -7,    3,   -6,   -5,   -3,   -7,   -5,   -3,   -5,  -11,   -3,   -5,   -5,   -5,   -5,
       5,   -8,   -3,   -7,   -2,   -3,   -3,  -10,   -7,   -2,    3,  -11,   -6,   -3,  -17,  -11,
      -6,    5,    5,   -7,    5,   -5,   -6,   -5,   -7,  -10,   -7,   -5,   -5,  -13,   -1,   -7,
      -8,   -3,   -3,  -10,   -6,   -3,   -7,   -3,   -3,   -7,  -17,  -18,   -3,   -6,  -17,  -10,
     -11,  -11,  -17,   -5,  -31,  -40,   -2,   -7,  -15,  -44,   -5,  -27,  -13,  -13,  -14,   -9,
     -13,  -14,  -48,  -53,   -5,  -11,  -17,   -5,  -11,  -24,  -11,  -27,  -15,   -7,  -24,   -3,
     -35,   -9,  -26,   -5,   -7,   -5,   -7,   -7,  -27,   -7,  -15,  -13,  -13,   -8,   -7,   -9,
      -2,   -9,   -7,  -13,  -10,   -3,   -5,   -6,   -3,   -7,   -4,  -17,   -8,   -2,  -11,   -9,
      -5,  -10,   -3,   -8,   -9,  -10,    3,   -7,    5,  -31,  -12,  -32,  -13,   -9,    3,  -19,
      -7,   -7,   -7,  -40,  -11,   -7,   -3,   -1,    3,    7,  -23,  -27,  -12,  -16,   -5,  -15,
     -11,  -19,  -13,  -17,  -15,  -17,  -20,  -11,  -27,  -33,  -33,    3,    3,  -17,   -7,  -26,
     -15,    3,   -7,   -7,  -43,   -7,   -5,    7,   -3,  -23,  -23,  -19,  -16,   -5,  -20,  -20,
     -20,  -13,  -20,  -25,   -7,  -20,   -5,   -7,   -7,   -7,   -2,   -2,   -9,   -2,   -5,   -3,
      -3,   -3,  -11,  -15,   -6,   -2,   -3,  -10,   -5,  -11,  -13,   -7,  -10,    7,   10,   -8,
       7,   -8,   -3,   -3,   -3,   -1,   -3,  -10,   -3,   -1,  -10,   -3,  -10,   -9,   -3,  -10,
      -3,   -8,   -3,  -23,  -13,   -3,   -3,   -3,  -17,   -7,  -17,   -1,   -3,  -10,   -9,   -2,
      -3,   -9,   -3,   -9,  -20,   -8,   -9,  -10,  -10,    5,  -20,   -9,  -14,   -7,   -5,   -5,
      -5,    6,  -10,  -13,  -12,  -17,   -6,   -9,  -11,  -13,   -5,  -11,    3,  -15,   -7,   -4,
      -4,   -4,   -8,   -7,   -3,   -5,   -2,   -8,   -7,   -7,   -3,   -8,   -5,   -5,   -5,  -13,
      -7,   -3,   -3,   -3,   -7,   -3,  -13,   -4,   -4,   -9,  -11,   -4,   -6,  -12,   -4,  -11,
     -17,   -5,  -12,   -7,   -5,   -7,  -21,   -3,   -7,  -15,  -10,  -17,  -17,  -17,  -17,  -41,
     -19,  -11,  -15,  -14,  -16,   -7,  -17,  -15,  -11,  -16,  -19,  -11,  -10,  -11,  -14,   -9,
      -9,   -9,  -12,  -13,  -13,  -19,   -9,  -11,  -13,   -5,   -8,  -13,  -10,  -11,  -13,  -53,
     -27,   10,   -9,    3,   -2,   -2,   -2,   -5,    9,   -3,   -5,   -8,   -3,    2,   -3,   -1,
      -4,  -11,    1,   -3,  -18,   -3,  -17,   -5,  -11,   -7,   -3,   -3,  -12,   -3,   -3,   -9,
      -9,   -3,  -12,   -3,   -7,   -7,   -7,  -15,  -10,   -7,  -43,  -19,   -7,   -5,   -7,  -21,
      -3,   -7,  -15,  -10,  -17,  -17,  -17,  -17,  -20,  -19,  -11,  -15,  -14,  -16,   -7,  -17,
     -15,  -11,  -16,   -7,   -3,   -3,   -3,   -3,  -10,   -3,   -6,  -10,   -7,   -8,   -6,   -5,
      -9,   -6,  -11,  -17,   -7,   -9,    5,  -13,   -3,   -4,   -4,   -7,  -17,  -15,  -20,    1,
     -18,  -13,  -18,  -20,  -29,   -7,   -7,   -7,  -36,   -9,   -8,  -18,   -3,   -9,  -18,  -13,
      -3,  -18,    9,    3,    3,    3,   -3,   -7,   -3,   -5,    1,   -3,   14,   -7,   -7,   -7,
     -11,   -7,   -7,   -3,  -10,   -7,   -3,   -3,   -5,   -6,   -3,   -7,   -4,  -17,   -8,   -2,
      -5,   -9,   -5,  -10,   -3,   -8,   -9,  -10,   -7,   20,    7,   17,   13,   -7,   -3,  -10,
     -10,   20,    7,   17,   17,   -7,  -20,   -7,   -3,   -3,   -3,   -3,   -7,   -7,   -5,   -7,
     -13,   -7,   -7,   -7,   -7,   -7,  -20,  -13,   -7,  -17,  -10,  -23,  -10,  -17,   -3,   -6,
      -7,   -7,   -7,  -17,  -10,   -7,  -10,   -3,   -3,   -3,   -3,  -13,   -3,   -7,   -7,  -12,
     -10,   -3,  -40,  -31,  -17,   17,   -7,   -7,   -7,  -10,  -10,  -17,   -3,   -7,   -7,  -17,
      -3,   -3,   10,   -8,   -3,   -7,   10,    7,   -5,   -5,  -10,  -10,  -13,  -10,   -7,   -7,
     -13,   -7,   -3,  -23,  -20,  -20,  -13,   -7,   -3,   -7,   -7,  -15,  -17,  -17,   -8,   -7,
     -20,   -7,   -3,   -3,  -10,   -3,   -7,   -3,   -3,   -7,   -3,   -3,   -3,   -7,  -17,   -3,
      -3,   -3,   -7,   -3,   -7,   -7,   -3,   -3,   -7,  -10,  -20,  -17,  -13,    7,   -7,    7,
       7,  -17,   -7,  -10,   -7,  -13,   -7,  -10,  -13,   -3,   -7,   -7,   -7,  -17,  -23,  -20,
     -23,   -7,  -13,    7,  -17,  -17,  -23,   -7,  -17,  -27,  -13,  -13,   -3,   -7,   -7,   -3,
      -3,  -13,   -7,  -11,   -3,   -1,  -10,  -10,   -7,   -7,   -7,  -17,  -17,   -7,   -3,   -3,
      -7,   -2,   -2,   -6,   -3,   -6,   -2,   -4,   -9,   -8,   -5,    2,   -4,  -10,   -2,   -5,
      -6,   -5,  -13,   -6,   -5,  -16,  -12,   -5,   -2,  -10,  -16,  -11,  -10,   -4,   -5,   -3,
      -3,   -7,   -5,   -4,   -4,   -7,   -9,   -1,   -6,   -6,   -4,   -4,   -3,  -19,   -6,   -3,
      -4,   -4,   -9,   -3,   -4,   -7,   -6,   -7,   -4,   -3,   -4,   -5,   -8,   -8,  -13,   -2,
      -5,  -10,   -8,   -4,  -13,   -5,    4,   -2,   -1,   -6,   -2,   -6,   -7,   -9,   -4,   -4,
      -5,   -2,  -10,   -2,   -2,   -7,   -2,   -5,   -3,   -5,   -4,   -7,   -3,   -1,   -4,   -9,
      -2,   -3,   -2,   -5,   -4,   -1,   -1,   -7,   -5,   -1,   -8,   -1,   -8,  -13,   -7,   -7,
      -4,   -3,   -6,   -9,   -6,   -7,   -7,   -8,   -2,   -9,   -3,   -5,   -1,   -4,   -3,  -13,
     -14,   -5,   -4,   -2,  -11,  -12,  -11,   -5,   -6,   -3,  -17,  -10,   -7,  -20,  -17,  -13,
      -7,  -13,   -3,   -3,   -7,  -37,  -15,    1,  -13,   -8,  -10,    9,
};

static const EpdLigaturePair geist_ui_10_semiboldLigaturePairs[] = {
    { 0x00660066, 0xFB00 }, // f f -> U+FB00
    { 0x00660069, 0xFB01 }, // f i -> U+FB01
    { 0x0066006C, 0xFB02 }, // f l -> U+FB02
};

static const EpdFontData geist_ui_10_semibold = {
    geist_ui_10_semiboldBitmaps,
    geist_ui_10_semiboldGlyphs,
    geist_ui_10_semiboldIntervals,
    52,
    27,
    21,
    -7,
    false,
    nullptr,
    0,
    nullptr,
    nullptr,  // kernLeftClasses: built-in fonts use the split arrays below
    nullptr,  // kernRightClasses
    geist_ui_10_semiboldKernLeftCodepoints,
    geist_ui_10_semiboldKernLeftClassIds,
    geist_ui_10_semiboldKernRightCodepoints,
    geist_ui_10_semiboldKernRightClassIds,
    nullptr,  // kernMatrix: built-in fonts use the sparse form below
    geist_ui_10_semiboldKernRowOffsets,
    geist_ui_10_semiboldKernSparseCols,
    geist_ui_10_semiboldKernSparseValues,
    601,
    657,
    117,
    121,
    geist_ui_10_semiboldLigaturePairs,
    3,
};
