/**
 * generated by fontconvert.py
 * name: geist_ui_12_bold
 * size: 12
 * mode: 1-bit mono
 * Command used: fontconvert.py geist_ui_12_bold 12 ../fontsrc/Geist-Bold.ttf ../builtinFonts/source/NotoSans/NotoSans-Bold.ttf ../builtinFonts/source/NotoSansHebrew/NotoSansHebrew-UIBold.ttf ../builtinFonts/source/NotoSansArabic/NotoSansArabic-UIBold.ttf --mono --autohint-font ../fontsrc/Geist-Bold.ttf --autohint-font ../builtinFonts/source/NotoSans/NotoSans-Bold.ttf --autohint-font ../builtinFonts/source/NotoSansHebrew/NotoSansHebrew-UIBold.ttf --additional-intervals 0x05D0,0x05EA --additional-intervals 0x060C,0x060C --additional-intervals 0x061B,0x061B --additional-intervals 0x061F,0x061F --additional-intervals 0x0621,0x0621 --additional-intervals 0x0640,0x0640 --additional-intervals 0x0660,0x0669 --additional-intervals 0x06BA,0x06BA --additional-intervals 0x06D4,0x06D4 --additional-intervals 0x06F0,0x06F9 --additional-intervals 0xFB56,0xFB59 --additional-intervals 0xFB66,0xFB69 --additional-intervals 0xFB7A,0xFB7D --additional-intervals 0xFB88,0xFB95 --additional-intervals 0xFB9E,0xFB9F --additional-intervals 0xFBA6,0xFBB1 --additional-intervals 0xFBFC,0xFBFF --additional-intervals 0xFE80,0xFEFC
 */
#pragma once
#include "EpdFontData.h"

static const uint8_t geist_ui_12_boldBitmaps[41642] = {
    0x00, 0x00, 0x00, 0xFF, 0xFF, 0xFF, 0xFF, 0xFF, 0xF6, 0x00, 0xFF, 0xFF, 0xE7, 0xE7, 0xE7, 0xE7,
    0xE7, 0xE7, 0xE7, 0x0E, 0x38, 0x1C, 0x70, 0x38, 0xE0, 0xF3, 0xC7, 0xFF, 0xEF, 0xFF, 0x9F, 0xFF,
    0x0E, 0x38, 0x1C, 0x70, 0x38, 0xE0, 0xF3, 0xC7, 0xFF, 0xEF, 0xFF, 0x9F, 0xFF, 0x0E, 0x38, 0x1C,
    0x70, 0x79, 0xE0, 0xF3, 0xC0, 0x01, 0x80, 0x03, 0x00, 0x06, 0x00, 0x3F, 0x01, 0xFF, 0x07, 0xFF,
    0x1F, 0x7F, 0x3C, 0xDE, 0x79, 0x9E, 0xFB, 0x00, 0xFE, 0x01, 0xFF, 0x80, 0xFF, 0xC0, 0x3F, 0x80,
    0x6F, 0xBC, 0xCF, 0x79, 0x9E, 0xFB, 0x7C, 0xFF, 0xF0, 0xFF, 0xC0, 0x7E, 0x00, 0x30, 0x00, 0x60,
    0x00, 0x3E, 0x03, 0x0F, 0xE0, 0xC3, 0x8E, 0x38, 0x71, 0xC6, 0x0E, 0x39, 0x81, 0xC7, 0x30, 0x1F,
    0xCC, 0x01, 0xF3, 0x80, 0x00, 0x60, 0x00, 0x19, 0xF0, 0x07, 0x7F, 0x00, 0xDE, 0xF0, 0x33, 0x8E,
    0x06, 0x71, 0xC1, 0x8E, 0x38, 0x71, 0xEF, 0x0C, 0x1F, 0xC3, 0x01, 0xF0, 0x07, 0xC0, 0x1F, 0xF0,
    0x3F, 0xF8, 0x3C, 0x78, 0x3C, 0x78, 0x3C, 0x78, 0x1E, 0xF0, 0x1F, 0xE0, 0x1F, 0xC0, 0x3F, 0x80,
    0x7F, 0xCF, 0xF9, 0xEF, 0xF0, 0xFF, 0xF0, 0xFE, 0xF8, 0x7E, 0xFF, 0xFE, 0x7F, 0xFE, 0x1F, 0xDF,
    0xFF, 0xFF, 0xF8, 0x1E, 0x38, 0xF1, 0xC7, 0x8F, 0x1E, 0x78, 0xF1, 0xE3, 0xC7, 0x8F, 0x1E, 0x3C,
    0x38, 0x78, 0xF0, 0xE1, 0xE1, 0xC3, 0xC0, 0xF0, 0xE1, 0xE1, 0xC3, 0xC7, 0x8F, 0x0F, 0x1E, 0x3C,
    0x78, 0xF1, 0xE3, 0xC7, 0x9E, 0x3C, 0x78, 0xE3, 0xC7, 0x1E, 0x00, 0x36, 0x1B, 0x0F, 0x9F, 0xFF,
    0xFF, 0xFC, 0xF8, 0x6C, 0x36, 0x00, 0x07, 0x00, 0x38, 0x01, 0xC0, 0x0E, 0x00, 0x70, 0x7F, 0xFF,
    0xFF, 0xFF, 0xFF, 0x07, 0x00, 0x38, 0x01, 0xC0, 0x0E, 0x00, 0x70, 0x00, 0xFF, 0xFF, 0x76, 0x6C,
    0xFF, 0xFF, 0xFF, 0xE0, 0xFF, 0xFF, 0x01, 0xE0, 0x38, 0x0F, 0x01, 0xE0, 0x38, 0x0F, 0x01, 0xE0,
    0x38, 0x0F, 0x01, 0xE0, 0x38, 0x0F, 0x01, 0xE0, 0x38, 0x0F, 0x01, 0xE0, 0x38, 0x0F, 0x01, 0xE0,
    0x38, 0x0F, 0x01, 0xE0, 0x00, 0x07, 0xC0, 0x3F, 0xE0, 0xFF, 0xE3, 0xE3, 0xE7, 0x83, 0xDE, 0x03,
    0xFC, 0x07, 0xF8, 0x0F, 0xF0, 0x1F, 0xE0, 0x3F, 0xC0, 0x7F, 0x80, 0xFF, 0x01, 0xEF, 0x07, 0x9F,
    0x1F, 0x1F, 0xFC, 0x1F, 0xF0, 0x0F, 0x80, 0x07, 0x07, 0x0F, 0xFF, 0xFF, 0xFF, 0x0F, 0x0F, 0x0F,
    0x0F, 0x0F, 0x0F, 0x0F, 0x0F, 0x0F, 0x0F, 0x0F, 0x0F, 0x0F, 0xC1, 0xFF, 0x1F, 0xFC, 0xF1, 0xFF,
    0x07, 0xF8, 0x3C, 0x01, 0xE0, 0x1F, 0x03, 0xF0, 0x7F, 0x07, 0xF0, 0x7E, 0x07, 0xC0, 0x3C, 0x03,
    0xC0, 0x1F, 0xFF, 0xFF, 0xFF, 0xFF, 0xC0, 0x0F, 0xE0, 0x7F, 0xF0, 0xFF, 0xE3, 0xC3, 0xE7, 0x83,
    0xC0, 0x07, 0x80, 0x1F, 0x01, 0xFC, 0x03, 0xF0, 0x07, 0xF8, 0x00, 0xF0, 0x00, 0xF0, 0x01, 0xEF,
    0x03, 0xDF, 0x0F, 0xBF, 0xFE, 0x3F, 0xF8, 0x1F, 0xC0, 0x00, 0xF8, 0x03, 0xF0, 0x0F, 0xE0, 0x1F,
    0xC0, 0x7F, 0x81, 0xEF, 0x07, 0xDE, 0x0F, 0x3C, 0x3C, 0x78, 0xF0, 0xF3, 0xE1, 0xE7, 0xFF, 0xFF,
    0xFF, 0xFF, 0xFF, 0xC0, 0x1E, 0x00, 0x3C, 0x00, 0x78, 0x00, 0xF0, 0x7F, 0xF9, 0xFF, 0xE7, 0xFF,
    0x9E, 0x00, 0x70, 0x01, 0xCF, 0x87, 0xFF, 0x3F, 0xFE, 0xF8, 0x7B, 0xC1, 0xF0, 0x03, 0xC0, 0x0F,
    0x00, 0x3F, 0xC0, 0xFF, 0x87, 0x9F, 0xFE, 0x3F, 0xF0, 0x3F, 0x00, 0x07, 0xE0, 0x7F, 0xC3, 0xFF,
    0x9F, 0x1F, 0x78, 0x01, 0xC0, 0x0F, 0x3E, 0x3F, 0xFC, 0xFF, 0xFB, 0xE1, 0xFF, 0x03, 0xFC, 0x0F,
    0xF0, 0x3F, 0xC0, 0xF7, 0x87, 0x9F, 0xFE, 0x3F, 0xF0, 0x3F, 0x00, 0xFF, 0xFF, 0xFF, 0xFF, 0xFE,
    0x00, 0xE0, 0x0F, 0x00, 0x70, 0x07, 0x80, 0x38, 0x03, 0xC0, 0x1C, 0x01, 0xE0, 0x0F, 0x00, 0x70,
    0x07, 0x80, 0x3C, 0x01, 0xE0, 0x0F, 0x00, 0x78, 0x00, 0x0F, 0xE0, 0x7F, 0xF1, 0xFF, 0xF3, 0xE3,
    0xE7, 0x83, 0xCF, 0x8F, 0x8F, 0xFE, 0x07, 0xF0, 0x3F, 0xF8, 0xF0, 0x7B, 0xC0, 0x7F, 0x80, 0xFF,
    0x01, 0xFE, 0x03, 0xFE, 0x0F, 0xBF, 0xFE, 0x3F, 0xF8, 0x1F, 0xC0, 0x0F, 0xC0, 0xFF, 0xC7, 0xFF,
    0x1E, 0x1E, 0xF0, 0x3B, 0xC0, 0xFF, 0x03, 0xFC, 0x0F, 0xF8, 0x7D, 0xFF, 0xF3, 0xFF, 0xC7, 0xCF,
    0x00, 0x3C, 0x01, 0xE7, 0x8F, 0x9F, 0xFC, 0x3F, 0xE0, 0x3E, 0x00, 0xFF, 0xFF, 0x00, 0x00, 0x0F,
    0xFF, 0xF0, 0xFF, 0xFF, 0x00, 0x00, 0x0F, 0xFF, 0xF7, 0x66, 0xC0, 0x00, 0x70, 0x1F, 0x07, 0xF1,
    0xFC, 0xFF, 0x0F, 0xC0, 0xE0, 0x0F, 0x80, 0xFF, 0x03, 0xFC, 0x07, 0xF0, 0x1F, 0x00, 0x70, 0xFF,
    0xFF, 0xFF, 0xFF, 0xF0, 0x00, 0x00, 0x00, 0x00, 0xFF, 0xFF, 0xFF, 0xFF, 0xF0, 0xC0, 0x0F, 0x00,
    0xFE, 0x07, 0xF8, 0x0F, 0xE0, 0x3F, 0x00, 0xF0, 0x3F, 0x0F, 0xE7, 0xF8, 0xFE, 0x0F, 0x00, 0xC0,
    0x00, 0x0F, 0xE0, 0x7F, 0xC3, 0xFF, 0x9F, 0x1F, 0x78, 0x3F, 0xC0, 0xF0, 0x07, 0xC0, 0x3E, 0x03,
    0xF0, 0x1F, 0x80, 0x78, 0x01, 0xE0, 0x00, 0x00, 0x00, 0x00, 0x78, 0x01, 0xE0, 0x07, 0x80, 0x1E,
    0x00, 0x00, 0xFF, 0x00, 0x0F, 0xFF, 0x00, 0xF0, 0x0E, 0x07, 0x00, 0x0C, 0x38, 0x00, 0x18, 0xC3,
    0xCE, 0x66, 0x1F, 0xF0, 0xD8, 0xFF, 0xC3, 0xC7, 0x8F, 0x0F, 0x1C, 0x1C, 0x3C, 0x70, 0x70, 0xF1,
    0xC1, 0xC7, 0xC7, 0x8F, 0x1B, 0x1F, 0xFF, 0xEC, 0x3F, 0xBF, 0x18, 0x7C, 0x78, 0x70, 0x00, 0x00,
    0xE0, 0x00, 0x01, 0xE0, 0x30, 0x03, 0xFF, 0xC0, 0x03, 0xFC, 0x00, 0x01, 0xF0, 0x00, 0xFC, 0x00,
    0x3F, 0x00, 0x0F, 0xE0, 0x07, 0xF8, 0x01, 0xEE, 0x00, 0x73, 0xC0, 0x3C, 0xF0, 0x0F, 0x1C, 0x07,
    0x87, 0x81, 0xE1, 0xE0, 0x7F, 0xF8, 0x3F, 0xFF, 0x0F, 0xFF, 0xC3, 0xC0, 0x79, 0xE0, 0x1E, 0x78,
    0x07, 0x9E, 0x00, 0xF0, 0xFF, 0xE1, 0xFF, 0xF3, 0xFF, 0xE7, 0x83, 0xEF, 0x03, 0xDE, 0x07, 0xBC,
    0x1F, 0x7F, 0xFC, 0xFF, 0xE1, 0xFF, 0xFB, 0xC0, 0xF7, 0x80, 0xFF, 0x01, 0xFE, 0x03, 0xFC, 0x0F,
    0xFF, 0xFE, 0xFF, 0xF9, 0xFF, 0xE0, 0x07, 0xF0, 0x1F, 0xFC, 0x3F, 0xFE, 0x7C, 0x1E, 0x78, 0x0F,
    0xF8, 0x0F, 0xF0, 0x00, 0xF0, 0x00, 0xF0, 0x00, 0xF0, 0x00, 0xF0, 0x00, 0xF0, 0x0F, 0xF8, 0x0F,
    0x78, 0x0F, 0x7C, 0x1E, 0x3F, 0xFE, 0x1F, 0xFC, 0x07, 0xF0, 0xFF, 0xC1, 0xFF, 0xE3, 0xFF, 0xE7,
    0x83, 0xEF, 0x03, 0xDE, 0x07, 0xFC, 0x07, 0xF8, 0x0F, 0xF0, 0x1F, 0xE0, 0x3F, 0xC0, 0x7F, 0x80,
    0xFF, 0x03, 0xFE, 0x07, 0xBC, 0x1F, 0x7F, 0xFC, 0xFF, 0xF1, 0xFF, 0x80, 0xFF, 0xFF, 0xFF, 0xFF,
    0xFF, 0xE0, 0x0F, 0x00, 0x78, 0x03, 0xC0, 0x1F, 0xFE, 0xFF, 0xF7, 0xFF, 0xBC, 0x01, 0xE0, 0x0F,
    0x00, 0x78, 0x03, 0xC0, 0x1F, 0xFF, 0xFF, 0xFF, 0xFF, 0xC0, 0xFF, 0xFF, 0xFF, 0xFF, 0xFF, 0xE0,
    0x0F, 0x00, 0x78, 0x03, 0xC0, 0x1E, 0x00, 0xFF, 0xF7, 0xFF, 0xBF, 0xFD, 0xE0, 0x0F, 0x00, 0x78,
    0x03, 0xC0, 0x1E, 0x00, 0xF0, 0x07, 0x80, 0x00, 0x07, 0xF0, 0x1F, 0xF8, 0x3F, 0xFC, 0x7E, 0x1E,
    0x78, 0x0F, 0x78, 0x0F, 0xF0, 0x00, 0xF0, 0x00, 0xF0, 0x7F, 0xF0, 0x7F, 0xF0, 0x7F, 0xF0, 0x07,
    0x78, 0x0F, 0x78, 0x0F, 0x7C, 0x1F, 0x3F, 0xFF, 0x1F, 0xFB, 0x07, 0xE3, 0xF0, 0x3F, 0xC0, 0xFF,
    0x03, 0xFC, 0x0F, 0xF0, 0x3F, 0xC0, 0xFF, 0x03, 0xFF, 0xFF, 0xFF, 0xFF, 0xFF, 0xFF, 0x03, 0xFC,
    0x0F, 0xF0, 0x3F, 0xC0, 0xFF, 0x03, 0xFC, 0x0F, 0xF0, 0x3F, 0xC0, 0xF0, 0xFF, 0xFF, 0xFF, 0xFF,
    0xFF, 0xFF, 0xFF, 0xFF, 0xFF, 0x00, 0x78, 0x03, 0xC0, 0x1E, 0x00, 0xF0, 0x07, 0x80, 0x3C, 0x01,
    0xE0, 0x0F, 0x00, 0x78, 0x03, 0xC0, 0x1F, 0xE0, 0xFF, 0x07, 0xF8, 0x3D, 0xE3, 0xCF, 0xFE, 0x3F,
    0xE0, 0x7C, 0x00, 0xF0, 0x3D, 0xE0, 0xFB, 0xC3, 0xE7, 0x87, 0x8F, 0x1E, 0x1E, 0x78, 0x3D, 0xF0,
    0x7F, 0xC0, 0xFF, 0x81, 0xFF, 0x03, 0xFF, 0x07, 0xCF, 0x0F, 0x1E, 0x1E, 0x1E, 0x3C, 0x1E, 0x78,
    0x3E, 0xF0, 0x3D, 0xE0, 0x3C, 0xF0, 0x0F, 0x00, 0xF0, 0x0F, 0x00, 0xF0, 0x0F, 0x00, 0xF0, 0x0F,
    0x00, 0xF0, 0x0F, 0x00, 0xF0, 0x0F, 0x00, 0xF0, 0x0F, 0x00, 0xF0, 0x0F, 0xFF, 0xFF, 0xFF, 0xFF,
    0xF8, 0x03, 0xFF, 0x80, 0xFF, 0xF0, 0x1F, 0xFE, 0x03, 0xFF, 0xE0, 0xFF, 0xFC, 0x1F, 0xFF, 0x83,
    0xFF, 0xF8, 0xFF, 0xF7, 0x1D, 0xFE, 0xE3, 0xBF, 0xDE, 0xF7, 0xF9, 0xDC, 0xFF, 0x3B, 0x9F, 0xE7,
    0xF3, 0xFC, 0x7C, 0x7F, 0x8F, 0x8F, 0xF1, 0xF1, 0xFE, 0x1C, 0x3C, 0xF8, 0x1F, 0xF0, 0x3F, 0xF0,
    0x7F, 0xE0, 0xFF, 0xE1, 0xFF, 0xC3, 0xFF, 0xC7, 0xFB, 0x8F, 0xF7, 0x9F, 0xE7, 0x3F, 0xCF, 0x7F,
    0x8F, 0xFF, 0x0F, 0xFE, 0x1F, 0xFC, 0x1F, 0xF8, 0x3F, 0xF0, 0x3F, 0xE0, 0x7C, 0x07, 0xF0, 0x0F,
    0xFE, 0x0F, 0xFF, 0x8F, 0x83, 0xE7, 0x80, 0xF7, 0xC0, 0x7B, 0xC0, 0x1F, 0xE0, 0x0F, 0xF0, 0x07,
    0xF8, 0x03, 0xFC, 0x01, 0xFE, 0x00, 0xFF, 0x80, 0xFB, 0xC0, 0x79, 0xF0, 0x7C, 0x7F, 0xFC, 0x1F,
    0xFC, 0x03, 0xF8, 0x00, 0xFF, 0xC3, 0xFF, 0xCF, 0xFF, 0xBC, 0x1F, 0xF0, 0x3F, 0xC0, 0xFF, 0x03,
    0xFC, 0x0F, 0xF0, 0x7F, 0xFF, 0xEF, 0xFF, 0x3F, 0xF0, 0xF0, 0x03, 0xC0, 0x0F, 0x00, 0x3C, 0x00,
    0xF0, 0x03, 0xC0, 0x00, 0x07, 0xF0, 0x0F, 0xFE, 0x0F, 0xFF, 0x8F, 0x83, 0xE7, 0x80, 0xF3, 0xC0,
    0x7B, 0xC0, 0x1F, 0xE0, 0x0F, 0xF0, 0x07, 0xF8, 0x03, 0xFC, 0x01, 0xFE, 0x00, 0xF7, 0x8E, 0xF3,
    0xC3, 0x79, 0xF1, 0xF8, 0x7F, 0xFC, 0x1F, 0xFC, 0x03, 0xF7, 0x00, 0x03, 0xC0, 0xFF, 0xE3, 0xFF,
    0xCF, 0xFF, 0xBC, 0x1F, 0xF0, 0x3F, 0xC0, 0xFF, 0x03, 0xFC, 0x1F, 0xFF, 0xFB, 0xFF, 0xCF, 0xFF,
    0x3C, 0x1E, 0xF0, 0x3F, 0xC0, 0xFF, 0x03, 0xFC, 0x0F, 0xF0, 0x3F, 0xC0, 0xF0, 0x07, 0xE0, 0x3F,
    0xE0, 0xFF, 0xE3, 0xE3, 0xE7, 0x83, 0xCF, 0x03, 0xDF, 0x00, 0x1F, 0xC0, 0x3F, 0xF0, 0x1F, 0xF8,
    0x03, 0xF0, 0x01, 0xF7, 0x81, 0xEF, 0x03, 0xDF, 0x0F, 0x9F, 0xFE, 0x1F, 0xF8, 0x0F, 0xC0, 0xFF,
    0xFF, 0xFF, 0xFF, 0xFF, 0xC1, 0xE0, 0x07, 0x80, 0x1E, 0x00, 0x78, 0x01, 0xE0, 0x07, 0x80, 0x1E,
    0x00, 0x78, 0x01, 0xE0, 0x07, 0x80, 0x1E, 0x00, 0x78, 0x01, 0xE0, 0x07, 0x80, 0x1E, 0x00, 0xF0,
    0x1F, 0xE0, 0x3F, 0xC0, 0x7F, 0x80, 0xFF, 0x01, 0xFE, 0x03, 0xFC, 0x07, 0xF8, 0x0F, 0xF0, 0x1F,
    0xE0, 0x3F, 0xC0, 0x7F, 0x80, 0xFF, 0x01, 0xFE, 0x07, 0xDE, 0x0F, 0x3F, 0xFE, 0x3F, 0xF8, 0x1F,
    0xC0, 0x78, 0x03, 0xDE, 0x01, 0xE7, 0x80, 0x78, 0xF0, 0x1E, 0x3C, 0x0F, 0x0F, 0x03, 0xC1, 0xE0,
    0xE0, 0x78, 0x78, 0x1E, 0x1E, 0x03, 0xC7, 0x00, 0xF3, 0xC0, 0x1C, 0xF0, 0x07, 0xB8, 0x01, 0xFE,
    0x00, 0x3F, 0x80, 0x0F, 0xC0, 0x03, 0xF0, 0x00, 0x7C, 0x00, 0xF0, 0x38, 0x1F, 0xE0, 0x78, 0x3D,
    0xE1, 0xF0, 0x7B, 0xC3, 0xE0, 0xF7, 0x87, 0xC3, 0xCF, 0x0F, 0xC7, 0x8E, 0x3F, 0x8F, 0x1E, 0x77,
    0x1C, 0x3C, 0xEE, 0x78, 0x79, 0xDE, 0xF0, 0x77, 0x9D, 0xE0, 0xFE, 0x3B, 0x81, 0xFC, 0x7F, 0x01,
    0xF8, 0xFE, 0x03, 0xF0, 0xFC, 0x07, 0xC1, 0xF0, 0x0F, 0x83, 0xE0, 0x0F, 0x07, 0xC0, 0x78, 0x0F,
    0xBE, 0x0F, 0x8F, 0x07, 0x83, 0xC7, 0xC1, 0xF3, 0xC0, 0x7B, 0xC0, 0x1F, 0xC0, 0x0F, 0xE0, 0x03,
    0xE0, 0x01, 0xF0, 0x01, 0xFC, 0x00, 0xFF, 0x00, 0xF7, 0x80, 0xF9, 0xE0, 0x78, 0xF8, 0x78, 0x3C,
    0x7C, 0x0F, 0x3C, 0x07, 0xC0, 0xF0, 0x0F, 0x78, 0x1E, 0x78, 0x1E, 0x3C, 0x3C, 0x3E, 0x7C, 0x1E,
    0x78, 0x1F, 0xF8, 0x0F, 0xF0, 0x07, 0xE0, 0x07, 0xE0, 0x03, 0xC0, 0x03, 0xC0, 0x03, 0xC0, 0x03,
    0xC0, 0x03, 0xC0, 0x03, 0xC0, 0x03, 0xC0, 0x03, 0xC0, 0xFF, 0xFB, 0xFF, 0xEF, 0xFF, 0x80, 0x3E,
    0x01, 0xF0, 0x0F, 0x80, 0x3C, 0x01, 0xF0, 0x0F, 0x80, 0x3C, 0x01, 0xE0, 0x0F, 0x80, 0x3C, 0x01,
    0xE0, 0x0F, 0x80, 0x3F, 0xFF, 0xFF, 0xFF, 0xFF, 0xF0, 0xFF, 0xFF, 0xFF, 0xF0, 0xF0, 0xF0, 0xF0,
    0xF0, 0xF0, 0xF0, 0xF0, 0xF0, 0xF0, 0xF0, 0xF0, 0xF0, 0xF0, 0xF0, 0xF0, 0xFF, 0xFF, 0xFF, 0xF0,
    0x1E, 0x01, 0xC0, 0x3C, 0x07, 0x80, 0x70, 0x0F, 0x01, 0xE0, 0x1C, 0x03, 0xC0, 0x78, 0x07, 0x00,
    0xF0, 0x1E, 0x01, 0xC0, 0x3C, 0x07, 0x80, 0x70, 0x0F, 0x01, 0xE0, 0x1C, 0x03, 0xC0, 0xFF, 0xFF,
    0xFF, 0x0F, 0x0F, 0x0F, 0x0F, 0x0F, 0x0F, 0x0F, 0x0F, 0x0F, 0x0F, 0x0F, 0x0F, 0x0F, 0x0F, 0x0F,
    0x0F, 0xFF, 0xFF, 0xFF, 0x1E, 0x07, 0x83, 0xE0, 0xFC, 0x77, 0x1C, 0xE6, 0x3B, 0x86, 0xFF, 0xFF,
    0xFF, 0xFF, 0xF0, 0xF3, 0x9C, 0x70, 0x0F, 0xC1, 0xFF, 0x9F, 0xFC, 0xF1, 0xFF, 0x07, 0x80, 0x3C,
    0x3F, 0xEF, 0xFF, 0xF8, 0x7F, 0x83, 0xFC, 0x3F, 0xFF, 0xF7, 0xF7, 0x9F, 0x1C, 0xF0, 0x07, 0x80,
    0x3C, 0x01, 0xE0, 0x0F, 0x3C, 0x7B, 0xF3, 0xFF, 0xDF, 0x1E, 0xF0, 0x7F, 0x83, 0xFC, 0x1F, 0xE0,
    0xFF, 0x07, 0xF8, 0x3F, 0xE3, 0xDF, 0xFE, 0xF7, 0xE7, 0x9E, 0x00, 0x0F, 0xC0, 0xFF, 0x87, 0xFF,
    0x1E, 0x1E, 0xF8, 0x7B, 0xC0, 0x0F, 0x00, 0x3C, 0x00, 0xF0, 0x3F, 0xE1, 0xE7, 0x87, 0x9F, 0xFC,
    0x3F, 0xE0, 0x3F, 0x00, 0x00, 0x78, 0x03, 0xC0, 0x1E, 0x00, 0xF1, 0xE7, 0x9F, 0xBD, 0xFF, 0xEF,
    0x1F, 0xF0, 0x7F, 0x83, 0xFC, 0x1F, 0xE0, 0xFF, 0x07, 0xF8, 0x3D, 0xE3, 0xEF, 0xFF, 0x3F, 0x78,
    0xF3, 0xC0, 0x0F, 0x81, 0xFF, 0x1F, 0xFC, 0xF1, 0xEF, 0x07, 0xFF, 0xFF, 0xFF, 0xFF, 0xFF, 0xF0,
    0x07, 0x80, 0x1E, 0x3E, 0xFF, 0xE3, 0xFE, 0x07, 0xC0, 0x0F, 0xC7, 0xF3, 0xFC, 0xF0, 0x3C, 0x3F,
    0xFF, 0xFF, 0xFF, 0x3C, 0x0F, 0x03, 0xC0, 0xF0, 0x3C, 0x0F, 0x03, 0xC0, 0xF0, 0x3C, 0x0F, 0x00,
    0x1E, 0x79, 0xFB, 0xDF, 0xFF, 0xF1, 0xFF, 0x07, 0xF8, 0x3F, 0xC1, 0xFE, 0x0F, 0xF0, 0x7F, 0xC7,
    0xDF, 0xFE, 0x7F, 0xF1, 0xE7, 0x80, 0x3D, 0xE3, 0xEF, 0xFE, 0x3F, 0xE0, 0x7E, 0x00, 0xF0, 0x0F,
    0x00, 0xF0, 0x0F, 0x00, 0xF7, 0xCF, 0xFE, 0xFF, 0xEF, 0x9F, 0xF0, 0xFF, 0x0F, 0xF0, 0xFF, 0x0F,
    0xF0, 0xFF, 0x0F, 0xF0, 0xFF, 0x0F, 0xF0, 0xFF, 0x0F, 0xFF, 0xF0, 0xFF, 0xFF, 0xFF, 0xFF, 0xFF,
    0xFF, 0xFF, 0x1E, 0x3C, 0x78, 0x01, 0xE3, 0xC7, 0x8F, 0x1E, 0x3C, 0x78, 0xF1, 0xE3, 0xC7, 0x8F,
    0x1E, 0x3C, 0x7F, 0xFF, 0xDF, 0x00, 0xF0, 0x03, 0xC0, 0x0F, 0x00, 0x3C, 0x00, 0xF0, 0x7B, 0xC3,
    0xCF, 0x1E, 0x3C, 0xF0, 0xF7, 0x83, 0xFE, 0x0F, 0xF8, 0x3F, 0xE0, 0xFB, 0xC3, 0xE7, 0x8F, 0x1E,
    0x3C, 0x3C, 0xF0, 0x7B, 0xC1, 0xE0, 0xF3, 0xCF, 0x3C, 0xF3, 0xCF, 0x3C, 0xF3, 0xCF, 0x3C, 0xF3,
    0xCF, 0x3F, 0xFD, 0xF0, 0xF3, 0xC7, 0x9F, 0xFD, 0xFB, 0xFF, 0xFF, 0xFC, 0xFD, 0xFF, 0x0F, 0x1F,
    0xE1, 0xE3, 0xFC, 0x3C, 0x7F, 0x87, 0x8F, 0xF0, 0xF1, 0xFE, 0x1E, 0x3F, 0xC3, 0xC7, 0xF8, 0x78,
    0xFF, 0x0F, 0x1F, 0xE1, 0xE3, 0xC0, 0xF7, 0xCF, 0xFE, 0xFF, 0xEF, 0x9F, 0xF0, 0xFF, 0x0F, 0xF0,
    0xFF, 0x0F, 0xF0, 0xFF, 0x0F, 0xF0, 0xFF, 0x0F, 0xF0, 0xFF, 0x0F, 0x0F, 0xC0, 0xFF, 0xC7, 0xFF,
    0x9E, 0x1E, 0xF8, 0x7F, 0xC0, 0xFF, 0x03, 0xFC, 0x0F, 0xF0, 0x3F, 0xE1, 0xF7, 0x87, 0x9F, 0xFE,
    0x3F, 0xF0, 0x3F, 0x00, 0xF3, 0xC7, 0xBF, 0x3F, 0xFD, 0xF1, 0xEF, 0x07, 0xF8, 0x3F, 0xC1, 0xFE,
    0x0F, 0xF0, 0x7F, 0x83, 0xFE, 0x3D, 0xFF, 0xEF, 0x7E, 0x79, 0xE3, 0xC0, 0x1E, 0x00, 0xF0, 0x07,
    0x80, 0x00, 0x1E, 0x79, 0xFF, 0xDF, 0xFE, 0xF1, 0xFF, 0x07, 0xF8, 0x3F, 0xC1, 0xFE, 0x0F, 0xF0,
    0x7F, 0x83, 0xDE, 0x3E, 0xFF, 0xF3, 0xFF, 0x8F, 0x3C, 0x01, 0xE0, 0x0F, 0x00, 0x78, 0x03, 0xC0,
    0xF7, 0xFF, 0xFF, 0xF8, 0xF0, 0xF0, 0xF0, 0xF0, 0xF0, 0xF0, 0xF0, 0xF0, 0xF0, 0xF0, 0x1F, 0x87,
    0xFC, 0xFF, 0xEF, 0x1F, 0xF0, 0xFF, 0x80, 0x7F, 0x81, 0xFE, 0x01, 0xFF, 0x0F, 0xF0, 0xFF, 0xFF,
    0x7F, 0xE1, 0xF8, 0x3C, 0x0F, 0x03, 0xC3, 0xFF, 0xFF, 0xFF, 0xF3, 0xC0, 0xF0, 0x3C, 0x0F, 0x03,
    0xC0, 0xF0, 0x3C, 0x0F, 0x03, 0xFC, 0x7F, 0x0F, 0xC0, 0xF0, 0xFF, 0x0F, 0xF0, 0xFF, 0x0F, 0xF0,
    0xFF, 0x0F, 0xF0, 0xFF, 0x0F, 0xF0, 0xFF, 0x0F, 0xF9, 0xFF, 0xFF, 0x7F, 0xF3, 0xEF, 0xF0, 0x3F,
    0xC1, 0xEF, 0x07, 0x9E, 0x1C, 0x78, 0xF1, 0xE3, 0xC3, 0xCE, 0x0F, 0x78, 0x3D, 0xE0, 0x77, 0x01,
    0xFC, 0x03, 0xF0, 0x0F, 0x80, 0x3E, 0x00, 0xE0, 0xE0, 0xFF, 0x0F, 0x0E, 0xF1, 0xF1, 0xE7, 0x1F,
    0x1E, 0x71, 0xF1, 0xC7, 0x9F, 0x9C, 0x7B, 0xBB, 0xC3, 0xBB, 0xBC, 0x3B, 0x9B, 0x83, 0xF1, 0xF8,
    0x1F, 0x1F, 0x81, 0xF1, 0xF0, 0x1F, 0x0F, 0x01, 0xE0, 0xF0, 0x78, 0x3D, 0xE1, 0xE3, 0xCF, 0x07,
    0x3C, 0x1F, 0xE0, 0x3F, 0x00, 0x7C, 0x03, 0xF0, 0x0F, 0xC0, 0x7F, 0x83, 0xCF, 0x0F, 0x1C, 0x78,
    0x7B, 0xE0, 0xF0, 0xF0, 0x7F, 0x83, 0xDC, 0x1E, 0xF1, 0xE7, 0x8F, 0x1C, 0x78, 0xF3, 0x87, 0xBC,
    0x1D, 0xE0, 0xFE, 0x07, 0xF0, 0x1F, 0x80, 0xF8, 0x03, 0xC0, 0x1E, 0x07, 0xE0, 0x3F, 0x01, 0xF0,
    0x00, 0xFF, 0xFF, 0xFF, 0xFF, 0xF0, 0x1F, 0x03, 0xE0, 0x7C, 0x0F, 0x81, 0xF0, 0x3E, 0x07, 0xC0,
    0xF8, 0x0F, 0xFF, 0xFF, 0xFF, 0xFF, 0x0F, 0x8F, 0xCF, 0xE7, 0xC3, 0xC1, 0xE0, 0xF0, 0x78, 0x7C,
    0x7C, 0x38, 0x1F, 0x07, 0xC1, 0xE0, 0xF0, 0x78, 0x3C, 0x1E, 0x0F, 0x87, 0xF1, 0xF8, 0x7C, 0xFF,
    0xFF, 0xFF, 0xFF, 0xFF, 0xFF, 0xFF, 0xFF, 0xFF, 0xFF, 0xFF, 0xF0, 0x7E, 0x3F, 0x87, 0xC1, 0xE0,
    0xF0, 0x78, 0x3C, 0x1F, 0x07, 0xC0, 0xE1, 0xF1, 0xF0, 0xF0, 0x78, 0x3C, 0x1E, 0x0F, 0x0F, 0x9F,
    0x8F, 0xC7, 0x80, 0x38, 0xEF, 0x9F, 0xFF, 0xF3, 0xEE, 0x38, 0x00, 0xFF, 0xFF, 0x00, 0x6F, 0xFF,
    0xFF, 0xFF, 0xFF, 0xFF, 0x01, 0x80, 0x3F, 0x03, 0xFE, 0x1F, 0xFC, 0x7B, 0xFB, 0xED, 0xEF, 0x33,
    0xBC, 0xC0, 0xF3, 0x03, 0xCC, 0x0F, 0x33, 0xBE, 0xDE, 0x7B, 0xF8, 0xFF, 0xC3, 0xFE, 0x03, 0xF0,
    0x06, 0x00, 0x18, 0x00, 0x07, 0xE0, 0x7F, 0xC3, 0xFF, 0x9F, 0x1F, 0x78, 0x3D, 0xE0, 0x07, 0xC0,
    0x0F, 0x00, 0xFF, 0xC3, 0xFF, 0x01, 0xE0, 0x07, 0x80, 0x1C, 0x00, 0xF0, 0x07, 0x80, 0x3F, 0xFF,
    0xFF, 0xFF, 0xFF, 0xF0, 0xC0, 0x1F, 0x7D, 0xDF, 0xFC, 0x7F, 0xC7, 0x8F, 0x38, 0x39, 0xC1, 0xCE,
    0x0E, 0x70, 0x73, 0xC7, 0x8F, 0xF8, 0xFF, 0xEE, 0xFB, 0xE0, 0x0C, 0xF8, 0x0F, 0x78, 0x1E, 0x3C,
    0x3E, 0x3C, 0x3C, 0x1E, 0x7C, 0x1E, 0x78, 0x0F, 0xF8, 0x0F, 0xF0, 0x1F, 0xFE, 0x1F, 0xFE, 0x1F,
    0xFE, 0x03, 0xC0, 0x1F, 0xFE, 0x1F, 0xFE, 0x1F, 0xFE, 0x03, 0xC0, 0x03, 0xC0, 0x03, 0xC0, 0xFF,
    0xFF, 0xFF, 0xFF, 0xF0, 0x00, 0x0F, 0xFF, 0xFF, 0xFF, 0xFF, 0x1F, 0x87, 0xFC, 0xFF, 0xEF, 0x1F,
    0xF0, 0xFF, 0x80, 0x7F, 0x03, 0xFC, 0x7F, 0xEF, 0x0F, 0xF0, 0xFF, 0x0F, 0x7F, 0xE3, 0xFC, 0x0F,
    0xE0, 0x1F, 0xF0, 0xFF, 0x8F, 0xFF, 0xF7, 0xFE, 0x1F, 0x80, 0xF7, 0xFB, 0xFD, 0xE0, 0x03, 0xF0,
    0x03, 0xFF, 0x01, 0xFF, 0xE0, 0xF0, 0x3C, 0x78, 0x07, 0x98, 0x78, 0xEE, 0x7F, 0x9F, 0x1C, 0x63,
    0xCE, 0x1C, 0xF3, 0x80, 0x3C, 0xE0, 0x0F, 0x38, 0x73, 0xE7, 0x1D, 0xD9, 0xFE, 0xE7, 0x9E, 0x78,
    0xF0, 0x3C, 0x1F, 0xFE, 0x03, 0xFF, 0x00, 0x3F, 0x00, 0x3E, 0x3F, 0x39, 0xC0, 0xE7, 0xF7, 0xBB,
    0x9D, 0xFF, 0x7B, 0x80, 0x1E, 0x3C, 0xF1, 0xE7, 0x8F, 0x3E, 0x78, 0xF3, 0xC3, 0xCF, 0x07, 0x9E,
    0x1E, 0x3C, 0x3C, 0x78, 0x78, 0xF0, 0xFF, 0xFF, 0xFF, 0xFF, 0x80, 0x70, 0x0E, 0x01, 0xC0, 0x38,
    0xFF, 0xFF, 0xF8, 0x0F, 0xC0, 0x61, 0x83, 0x03, 0x1B, 0xE6, 0xCC, 0xCF, 0x33, 0x3C, 0xCC, 0xF3,
    0xE3, 0xCD, 0x8F, 0x36, 0x36, 0xCD, 0x8C, 0x0C, 0x18, 0x60, 0x3F, 0x00, 0xFF, 0xFF, 0xF8, 0x3C,
    0x3F, 0xBF, 0xFC, 0x7E, 0x3F, 0x1F, 0xFE, 0xFE, 0x3E, 0x00, 0x0E, 0x00, 0xE0, 0x0E, 0x00, 0xE0,
    0xFF, 0xFF, 0xFF, 0xFF, 0xF0, 0xE0, 0x0E, 0x00, 0xE0, 0x0E, 0x00, 0x00, 0xFF, 0xFF, 0xFF, 0xFF,
    0xF0, 0x3C, 0xFF, 0x98, 0x30, 0xE7, 0x9C, 0x70, 0xFF, 0xFC, 0x7C, 0xFE, 0xE6, 0x06, 0x1E, 0x1E,
    0x03, 0xC3, 0xFF, 0x7E, 0x7B, 0xBD, 0xC0, 0xF0, 0xFF, 0x0F, 0xF0, 0xFF, 0x0F, 0xF0, 0xFF, 0x0F,
    0xF0, 0xFF, 0x0F, 0xF0, 0xFF, 0x0F, 0xF9, 0xFF, 0xFF, 0xFF, 0xFF, 0xEF, 0xF0, 0x0F, 0x00, 0xF0,
    0x0F, 0x00, 0x1F, 0xFC, 0xFF, 0xF7, 0xFF, 0xFF, 0xEF, 0xFF, 0xBF, 0xFE, 0xFF, 0xFB, 0xFF, 0xEF,
    0x7F, 0xBC, 0xFE, 0xF0, 0x7B, 0xC1, 0xEF, 0x07, 0xBC, 0x1E, 0xF0, 0x7B, 0xC1, 0xEF, 0x07, 0xBC,
    0x1E, 0xF0, 0xFF, 0xFF, 0x31, 0xC3, 0xC3, 0xFD, 0xE0, 0x18, 0xC7, 0xFF, 0x8C, 0x63, 0x18, 0xC0,
    0x3E, 0x3F, 0xB9, 0xFC, 0x7E, 0x3F, 0x1F, 0xDE, 0xFE, 0x3E, 0x00, 0x79, 0xE0, 0x79, 0xE0, 0xF9,
    0xE0, 0xF9, 0xE0, 0xF1, 0xE1, 0xE3, 0xC7, 0xCF, 0x1F, 0x3C, 0x3C, 0xF0, 0xF3, 0xC0, 0x18, 0x01,
    0x83, 0x00, 0x63, 0xE0, 0x18, 0x7C, 0x03, 0x01, 0x80, 0xC0, 0x30, 0x30, 0x06, 0x0E, 0x00, 0xC1,
    0x80, 0x18, 0x60, 0xC3, 0x1C, 0x38, 0x03, 0x0F, 0x00, 0xC3, 0xE0, 0x30, 0xEC, 0x06, 0x19, 0x81,
    0x87, 0xF8, 0x60, 0xFF, 0x0C, 0x00, 0xC3, 0x00, 0x18, 0x18, 0x03, 0x81, 0x80, 0x30, 0xF8, 0x06,
    0x0F, 0x80, 0xE0, 0x18, 0x0C, 0x01, 0x81, 0x80, 0x18, 0x38, 0x01, 0x83, 0x00, 0x18, 0x61, 0xE1,
    0x8C, 0x3F, 0x00, 0xC7, 0x30, 0x18, 0x03, 0x03, 0x00, 0x70, 0x30, 0x1E, 0x06, 0x03, 0x80, 0xC0,
    0x70, 0x0C, 0x07, 0xF1, 0x80, 0x7F, 0x7C, 0x00, 0xCF, 0xE0, 0x18, 0xE6, 0x03, 0x00, 0x60, 0x70,
    0x1C, 0x06, 0x00, 0x30, 0xC0, 0x03, 0x1C, 0x0E, 0x31, 0x80, 0xFF, 0x30, 0xE7, 0xC7, 0x0E, 0x00,
    0x61, 0xE0, 0x0E, 0x3E, 0x01, 0xC7, 0x60, 0x18, 0xE6, 0x03, 0x8F, 0xF0, 0x70, 0xFF, 0x06, 0x00,
    0x60, 0xE0, 0x06, 0x07, 0x80, 0x1E, 0x00, 0x78, 0x01, 0xE0, 0x00, 0x00, 0x00, 0x00, 0x78, 0x01,
    0xE0, 0x0F, 0x80, 0xFC, 0x07, 0xE0, 0x3E, 0x00, 0xF0, 0x03, 0xC0, 0xEF, 0x07, 0xBE, 0x3E, 0x7F,
    0xF0, 0xFF, 0x81, 0xFC, 0x00, 0x03, 0xC0, 0x00, 0x70, 0x00, 0x1C, 0x00, 0x03, 0x80, 0x00, 0x00,
    0x00, 0x00, 0x00, 0x1F, 0x00, 0x0F, 0xC0, 0x03, 0xF0, 0x00, 0xFE, 0x00, 0x7F, 0x80, 0x1E, 0xE0,
    0x07, 0x3C, 0x03, 0xCF, 0x00, 0xF1, 0xC0, 0x78, 0x78, 0x1E, 0x1E, 0x07, 0xFF, 0x83, 0xFF, 0xF0,
    0xFF, 0xFC, 0x3C, 0x07, 0x9E, 0x01, 0xE7, 0x80, 0x79, 0xE0, 0x0F, 0x00, 0x70, 0x00, 0x3C, 0x00,
    0x0E, 0x00, 0x03, 0x80, 0x00, 0x00, 0x00, 0x7C, 0x00, 0x3F, 0x00, 0x0F, 0xC0, 0x03, 0xF8, 0x01,
    0xFE, 0x00, 0x7B, 0x80, 0x1C, 0xF0, 0x0F, 0x3C, 0x03, 0xC7, 0x01, 0xE1, 0xE0, 0x78, 0x78, 0x1F,
    0xFE, 0x0F, 0xFF, 0xC3, 0xFF, 0xF0, 0xF0, 0x1E, 0x78, 0x07, 0x9E, 0x01, 0xE7, 0x80, 0x3C, 0x01,
    0xE0, 0x00, 0xFC, 0x00, 0x3B, 0x00, 0x1C, 0xE0, 0x00, 0x00, 0x00, 0x7C, 0x00, 0x3F, 0x00, 0x0F,
    0xC0, 0x03, 0xF8, 0x01, 0xFE, 0x00, 0x7B, 0x80, 0x1C, 0xF0, 0x0F, 0x3C, 0x03, 0xC7, 0x01, 0xE1,
    0xE0, 0x78, 0x78, 0x1F, 0xFE, 0x0F, 0xFF, 0xC3, 0xFF, 0xF0, 0xF0, 0x1E, 0x78, 0x07, 0x9E, 0x01,
    0xE7, 0x80, 0x3C, 0x07, 0x98, 0x03, 0xFC, 0x03, 0xFC, 0x01, 0x9E, 0x00, 0x00, 0x00, 0x00, 0x00,
    0x0F, 0x80, 0x07, 0xC0, 0x07, 0xF0, 0x03, 0xF8, 0x01, 0xDE, 0x01, 0xEF, 0x00, 0xF7, 0x80, 0xF1,
    0xE0, 0x78, 0xF0, 0x3C, 0x78, 0x3C, 0x1E, 0x1F, 0xFF, 0x0F, 0xFF, 0x8F, 0xFF, 0xE7, 0x80, 0xF3,
    0x80, 0x3F, 0xC0, 0x1F, 0xE0, 0x0F, 0x0F, 0x78, 0x07, 0xBC, 0x03, 0xDE, 0x00, 0x00, 0x00, 0x00,
    0x00, 0x1F, 0x00, 0x0F, 0x80, 0x07, 0xC0, 0x07, 0xF0, 0x03, 0xB8, 0x03, 0xDE, 0x01, 0xEF, 0x00,
    0xE3, 0x80, 0xF1, 0xE0, 0x78, 0xF0, 0x3C, 0x78, 0x3F, 0xFE, 0x1F, 0xFF, 0x1F, 0xFF, 0xCF, 0x01,
    0xE7, 0x80, 0xF7, 0x80, 0x3F, 0xC0, 0x1E, 0x01, 0xC0, 0x01, 0x30, 0x00, 0x98, 0x00, 0x38, 0x00,
    0x00, 0x00, 0x00, 0x00, 0x0F, 0x80, 0x07, 0xC0, 0x07, 0xE0, 0x03, 0xF8, 0x01, 0xDC, 0x01, 0xEF,
    0x00, 0xF7, 0x80, 0x71, 0xC0, 0x78, 0xF0, 0x3C, 0x78, 0x3C, 0x1C, 0x1F, 0xFF, 0x0F, 0xFF, 0x8F,
    0xFF, 0xC7, 0x80, 0xF3, 0xC0, 0x7B, 0xC0, 0x1D, 0xE0, 0x0F, 0x00, 0x3F, 0xFF, 0x80, 0x3F, 0xFF,
    0xC0, 0x1F, 0xFF, 0xE0, 0x1E, 0xF0, 0x00, 0x1E, 0x78, 0x00, 0x0F, 0x3C, 0x00, 0x0F, 0x1E, 0x00,
    0x07, 0x8F, 0xFF, 0x07, 0x87, 0xFF, 0x83, 0xC3, 0xFF, 0xC3, 0xC1, 0xE0, 0x01, 0xFF, 0xF0, 0x01,
    0xFF, 0xF8, 0x00, 0xFF, 0xFC, 0x00, 0xF0, 0x1E, 0x00, 0x78, 0x0F, 0xFF, 0x78, 0x07, 0xFF, 0xBC,
    0x03, 0xFF, 0xC0, 0x07, 0xE0, 0x1F, 0xF8, 0x3F, 0xFC, 0x7C, 0x3E, 0x78, 0x1E, 0xF8, 0x0F, 0xF0,
    0x00, 0xF0, 0x00, 0xF0, 0x00, 0xF0, 0x00, 0xF0, 0x00, 0xF0, 0x0F, 0xF8, 0x0F, 0x78, 0x1E, 0x7C,
    0x3E, 0x3F, 0xFC, 0x1F, 0xF8, 0x07, 0xE0, 0x01, 0x80, 0x01, 0xE0, 0x00, 0x60, 0x06, 0x60, 0x07,
    0xE0, 0x03, 0xC0, 0x1E, 0x00, 0x70, 0x03, 0x80, 0x0E, 0x00, 0x00, 0x00, 0x03, 0xFF, 0xFF, 0xFF,
    0xFF, 0xFF, 0x80, 0x3C, 0x01, 0xE0, 0x0F, 0x00, 0x7F, 0xFB, 0xFF, 0xDF, 0xFE, 0xF0, 0x07, 0x80,
    0x3C, 0x01, 0xE0, 0x0F, 0x00, 0x7F, 0xFF, 0xFF, 0xFF, 0xFF, 0x03, 0x80, 0x1C, 0x01, 0xC0, 0x0E,
    0x00, 0x00, 0x7F, 0xFF, 0xFF, 0xFF, 0xFF, 0xF0, 0x07, 0x80, 0x3C, 0x01, 0xE0, 0x0F, 0xFF, 0x7F,
    0xFB, 0xFF, 0xDE, 0x00, 0xF0, 0x07, 0x80, 0x3C, 0x01, 0xE0, 0x0F, 0xFF, 0xFF, 0xFF, 0xFF, 0xE0,
    0x0F, 0x00, 0x7C, 0x07, 0x70, 0x71, 0x80, 0x00, 0x7F, 0xFF, 0xFF, 0xFF, 0xFF, 0xF0, 0x07, 0x80,
    0x3C, 0x01, 0xE0, 0x0F, 0xFF, 0x7F, 0xFB, 0xFF, 0xDE, 0x00, 0xF0, 0x07, 0x80, 0x3C, 0x01, 0xE0,
    0x0F, 0xFF, 0xFF, 0xFF, 0xFF, 0xE0, 0x3D, 0xE1, 0xEF, 0x0F, 0x78, 0x00, 0x00, 0x00, 0x7F, 0xFF,
    0xFF, 0xFF, 0xFF, 0xF0, 0x07, 0x80, 0x3C, 0x01, 0xE0, 0x0F, 0xFF, 0x7F, 0xFB, 0xFF, 0xDE, 0x00,
    0xF0, 0x07, 0x80, 0x3C, 0x01, 0xE0, 0x0F, 0xFF, 0xFF, 0xFF, 0xFF, 0xE0, 0x71, 0xE3, 0x8F, 0x00,
    0x03, 0xCF, 0x3C, 0xF3, 0xCF, 0x3C, 0xF3, 0xCF, 0x3C, 0xF3, 0xCF, 0x3C, 0xF3, 0xCF, 0x39, 0xE7,
    0x3C, 0x03, 0xCF, 0x3C, 0xF3, 0xCF, 0x3C, 0xF3, 0xCF, 0x3C, 0xF3, 0xCF, 0x3C, 0xF3, 0xCF, 0x00,
    0x3C, 0x7E, 0x66, 0xE7, 0x00, 0x3C, 0x3C, 0x3C, 0x3C, 0x3C, 0x3C, 0x3C, 0x3C, 0x3C, 0x3C, 0x3C,
    0x3C, 0x3C, 0x3C, 0x3C, 0x3C, 0x3C, 0x3C, 0xF7, 0xFB, 0xFD, 0xE0, 0x00, 0x01, 0xE0, 0xF0, 0x78,
    0x3C, 0x1E, 0x0F, 0x07, 0x83, 0xC1, 0xE0, 0xF0, 0x78, 0x3C, 0x1E, 0x0F, 0x07, 0x83, 0xC1, 0xE0,
    0xF0, 0x3F, 0xF0, 0x1F, 0xFE, 0x0F, 0xFF, 0x87, 0x83, 0xE3, 0xC0, 0xF1, 0xE0, 0x7C, 0xF0, 0x1F,
    0xFF, 0x8F, 0xFF, 0xC7, 0xFF, 0xE3, 0xCF, 0x01, 0xE7, 0x80, 0xF3, 0xC0, 0xF9, 0xE0, 0x78, 0xF0,
    0x7C, 0x7F, 0xFC, 0x3F, 0xFC, 0x1F, 0xF8, 0x00, 0x0E, 0x30, 0x1E, 0x60, 0x7F, 0xC0, 0xCF, 0x01,
    0x8C, 0x00, 0x00, 0x3E, 0x07, 0xFC, 0x0F, 0xFC, 0x1F, 0xF8, 0x3F, 0xF8, 0x7F, 0xF0, 0xFF, 0xF1,
    0xFE, 0xE3, 0xFD, 0xE7, 0xF9, 0xCF, 0xF3, 0xDF, 0xE3, 0xFF, 0xC3, 0xFF, 0x87, 0xFF, 0x07, 0xFE,
    0x0F, 0xFC, 0x0F, 0xF8, 0x1F, 0x07, 0x80, 0x01, 0xC0, 0x00, 0x70, 0x00, 0x38, 0x00, 0x00, 0x00,
    0x00, 0x00, 0x1F, 0xC0, 0x3F, 0xF8, 0x3F, 0xFE, 0x3E, 0x0F, 0x9E, 0x03, 0xDF, 0x01, 0xEF, 0x00,
    0x7F, 0x80, 0x3F, 0xC0, 0x1F, 0xE0, 0x0F, 0xF0, 0x07, 0xF8, 0x03, 0xFE, 0x03, 0xEF, 0x01, 0xE7,
    0xC1, 0xF1, 0xFF, 0xF0, 0x7F, 0xF0, 0x0F, 0xE0, 0x00, 0xE0, 0x00, 0x70, 0x00, 0x70, 0x00, 0x38,
    0x00, 0x00, 0x00, 0x00, 0x00, 0x1F, 0xC0, 0x3F, 0xF8, 0x3F, 0xFE, 0x3E, 0x0F, 0x9E, 0x03, 0xDF,
    0x01, 0xEF, 0x00, 0x7F, 0x80, 0x3F, 0xC0, 0x1F, 0xE0, 0x0F, 0xF0, 0x07, 0xF8, 0x03, 0xFE, 0x03,
    0xEF, 0x01, 0xE7, 0xC1, 0xF1, 0xFF, 0xF0, 0x7F, 0xF0, 0x0F, 0xE0, 0x03, 0xE0, 0x01, 0xF0, 0x01,
    0xDC, 0x00, 0xC6, 0x00, 0x00, 0x00, 0x00, 0x00, 0x1F, 0xC0, 0x3F, 0xF8, 0x3F, 0xFE, 0x3E, 0x0F,
    0x9E, 0x03, 0xDF, 0x01, 0xEF, 0x00, 0x7F, 0x80, 0x3F, 0xC0, 0x1F, 0xE0, 0x0F, 0xF0, 0x07, 0xF8,
    0x03, 0xFE, 0x03, 0xEF, 0x01, 0xE7, 0xC1, 0xF1, 0xFF, 0xF0, 0x7F, 0xF0, 0x0F, 0xE0, 0x07, 0x98,
    0x03, 0xFC, 0x03, 0xFC, 0x01, 0x9E, 0x00, 0x00, 0x00, 0x00, 0x00, 0x1F, 0xC0, 0x3F, 0xF8, 0x3F,
    0xFE, 0x3E, 0x0F, 0x9E, 0x03, 0xDF, 0x01, 0xEF, 0x00, 0x7F, 0x80, 0x3F, 0xC0, 0x1F, 0xE0, 0x0F,
    0xF0, 0x07, 0xF8, 0x03, 0xFE, 0x03, 0xEF, 0x01, 0xE7, 0xC1, 0xF1, 0xFF, 0xF0, 0x7F, 0xF0, 0x0F,
    0xE0, 0x0F, 0x78, 0x07, 0xBC, 0x03, 0xDE, 0x00, 0x00, 0x00, 0x00, 0x00, 0x3F, 0x80, 0x7F, 0xF0,
    0x7F, 0xFC, 0x7C, 0x1F, 0x3C, 0x07, 0xBE, 0x03, 0xDE, 0x00, 0xFF, 0x00, 0x7F, 0x80, 0x3F, 0xC0,
    0x1F, 0xE0, 0x0F, 0xF0, 0x07, 0xFC, 0x07, 0xDE, 0x03, 0xCF, 0x83, 0xE3, 0xFF, 0xE0, 0xFF, 0xE0,
    0x1F, 0xC0, 0x60, 0x4F, 0x0E, 0xF9, 0xE7, 0xFC, 0x3F, 0x81, 0xF0, 0x1F, 0x83, 0xFC, 0x7B, 0xEF,
    0x1E, 0x60, 0xC0, 0x00, 0x07, 0xF7, 0x0F, 0xFF, 0x0F, 0xFF, 0x8F, 0x83, 0xE7, 0x83, 0xF7, 0xC1,
    0xFB, 0xC1, 0xDF, 0xE1, 0xCF, 0xF1, 0xC7, 0xF8, 0xE3, 0xFC, 0xE1, 0xFE, 0xE0, 0xFF, 0xE0, 0xFB,
    0xF0, 0x79, 0xF0, 0x7C, 0x7F, 0xFC, 0x3F, 0xFC, 0x3B, 0xF8, 0x00, 0x0F, 0x00, 0x0E, 0x00, 0x1E,
    0x00, 0x1C, 0x00, 0x00, 0x00, 0x00, 0x3C, 0x07, 0xF8, 0x0F, 0xF0, 0x1F, 0xE0, 0x3F, 0xC0, 0x7F,
    0x80, 0xFF, 0x01, 0xFE, 0x03, 0xFC, 0x07, 0xF8, 0x0F, 0xF0, 0x1F, 0xE0, 0x3F, 0xC0, 0x7F, 0x81,
    0xF7, 0x83, 0xCF, 0xFF, 0x8F, 0xFE, 0x07, 0xF0, 0x01, 0xE0, 0x03, 0x80, 0x0F, 0x00, 0x1C, 0x00,
    0x00, 0x00, 0x00, 0x3C, 0x07, 0xF8, 0x0F, 0xF0, 0x1F, 0xE0, 0x3F, 0xC0, 0x7F, 0x80, 0xFF, 0x01,
    0xFE, 0x03, 0xFC, 0x07, 0xF8, 0x0F, 0xF0, 0x1F, 0xE0, 0x3F, 0xC0, 0x7F, 0x81, 0xF7, 0x83, 0xCF,
    0xFF, 0x8F, 0xFE, 0x07, 0xF0, 0x07, 0xC0, 0x0F, 0x80, 0x3B, 0x80, 0x63, 0x00, 0x00, 0x00, 0x00,
    0x3C, 0x07, 0xF8, 0x0F, 0xF0, 0x1F, 0xE0, 0x3F, 0xC0, 0x7F, 0x80, 0xFF, 0x01, 0xFE, 0x03, 0xFC,
    0x07, 0xF8, 0x0F, 0xF0, 0x1F, 0xE0, 0x3F, 0xC0, 0x7F, 0x81, 0xF7, 0x83, 0xCF, 0xFF, 0x8F, 0xFE,
    0x07, 0xF0, 0x1E, 0xF0, 0x3D, 0xE0, 0x7B, 0xC0, 0x00, 0x00, 0x00, 0x1E, 0x03, 0xFC, 0x07, 0xF8,
    0x0F, 0xF0, 0x1F, 0xE0, 0x3F, 0xC0, 0x7F, 0x80, 0xFF, 0x01, 0xFE, 0x03, 0xFC, 0x07, 0xF8, 0x0F,
    0xF0, 0x1F, 0xE0, 0x3F, 0xC0, 0xFB, 0xC1, 0xE7, 0xFF, 0xC7, 0xFF, 0x03, 0xF8, 0x00, 0x00, 0xE0,
    0x01, 0xE0, 0x01, 0xC0, 0x03, 0xC0, 0x00, 0x00, 0xF0, 0x0F, 0x78, 0x1E, 0x78, 0x1E, 0x3C, 0x3C,
    0x3E, 0x7C, 0x1E, 0x78, 0x1F, 0xF8, 0x0F, 0xF0, 0x07, 0xE0, 0x07, 0xE0, 0x03, 0xC0, 0x03, 0xC0,
    0x03, 0xC0, 0x03, 0xC0, 0x03, 0xC0, 0x03, 0xC0, 0x03, 0xC0, 0x03, 0xC0, 0xF0, 0x07, 0x80, 0x3C,
    0x01, 0xFF, 0x8F, 0xFE, 0x7F, 0xFB, 0xC3, 0xFE, 0x0F, 0xF0, 0x7F, 0x83, 0xFC, 0x3F, 0xFF, 0xEF,
    0xFE, 0x7F, 0xE3, 0xC0, 0x1E, 0x00, 0xF0, 0x07, 0x80, 0x00, 0x0F, 0xC0, 0xFF, 0xC7, 0xFF, 0x1E,
    0x3E, 0xF0, 0x7B, 0xC1, 0xEF, 0x0F, 0xBD, 0xFC, 0xF7, 0xC3, 0xDF, 0xCF, 0x07, 0xBC, 0x0F, 0xF0,
    0x3F, 0xC0, 0xFF, 0x07, 0xFD, 0xFE, 0xF7, 0xF3, 0xDF, 0x00, 0x1E, 0x00, 0x70, 0x01, 0xC0, 0x0E,
    0x00, 0x00, 0x07, 0xE0, 0xFF, 0xCF, 0xFE, 0x78, 0xFF, 0x83, 0xC0, 0x1E, 0x1F, 0xF7, 0xFF, 0xFC,
    0x3F, 0xC1, 0xFE, 0x1F, 0xFF, 0xFB, 0xFB, 0xCF, 0x8E, 0x03, 0xC0, 0x1C, 0x00, 0xE0, 0x0E, 0x00,
    0x00, 0x07, 0xE0, 0xFF, 0xCF, 0xFE, 0x78, 0xFF, 0x83, 0xC0, 0x1E, 0x1F, 0xF7, 0xFF, 0xFC, 0x3F,
    0xC1, 0xFE, 0x1F, 0xFF, 0xFB, 0xFB, 0xCF, 0x8E, 0x07, 0x80, 0x7C, 0x07, 0x70, 0x31, 0xC0, 0x00,
    0x07, 0xE0, 0xFF, 0xCF, 0xFE, 0x78, 0xFF, 0x83, 0xC0, 0x1E, 0x1F, 0xF7, 0xFF, 0xFC, 0x3F, 0xC1,
    0xFE, 0x1F, 0xFF, 0xFB, 0xFB, 0xCF, 0x8E, 0x1E, 0x61, 0xFF, 0x0F, 0xF0, 0x67, 0x80, 0x00, 0x07,
    0xE0, 0xFF, 0xCF, 0xFE, 0x78, 0xFF, 0x83, 0xC0, 0x1E, 0x1F, 0xF7, 0xFF, 0xFC, 0x3F, 0xC1, 0xFE,
    0x1F, 0xFF, 0xFB, 0xFB, 0xCF, 0x8E, 0x3D, 0xE1, 0xEF, 0x0F, 0x78, 0x00, 0x00, 0xFC, 0x1F, 0xF9,
    0xFF, 0xCF, 0x1F, 0xF0, 0x78, 0x03, 0xC3, 0xFE, 0xFF, 0xFF, 0x87, 0xF8, 0x3F, 0xC3, 0xFF, 0xFF,
    0x7F, 0x79, 0xF1, 0xC0, 0x07, 0x00, 0x6C, 0x02, 0x60, 0x1B, 0x00, 0x70, 0x00, 0x00, 0x3F, 0x07,
    0xFE, 0x7F, 0xF3, 0xC7, 0xFC, 0x1E, 0x00, 0xF0, 0xFF, 0xBF, 0xFF, 0xE1, 0xFE, 0x0F, 0xF0, 0xFF,
    0xFF, 0xDF, 0xDE, 0x7C, 0x70, 0x1F, 0xC7, 0xC0, 0xFF, 0xFF, 0xC7, 0xFF, 0xFF, 0xBE, 0x3F, 0x1E,
    0x00, 0x78, 0x3C, 0x1F, 0xFF, 0xF3, 0xFF, 0xFF, 0xDF, 0xFF, 0xFF, 0xF8, 0x78, 0x03, 0xC1, 0xE0,
    0x0F, 0x0F, 0xC7, 0xFF, 0xFF, 0xFE, 0x7F, 0x9F, 0xF0, 0xFC, 0x1F, 0x00, 0x0F, 0xC0, 0xFF, 0x87,
    0xFF, 0x1E, 0x1E, 0xF8, 0x7B, 0xC0, 0x0F, 0x00, 0x3C, 0x00, 0xF0, 0x3F, 0xE1, 0xE7, 0x87, 0x9F,
    0xFC, 0x3F, 0xE0, 0x3F, 0x00, 0x30, 0x00, 0xF0, 0x00, 0xC0, 0x33, 0x00, 0xFC, 0x01, 0xE0, 0x0E,
    0x00, 0x70, 0x01, 0xC0, 0x0E, 0x00, 0x00, 0x07, 0xC0, 0xFF, 0x8F, 0xFE, 0x78, 0xF7, 0x83, 0xFF,
    0xFF, 0xFF, 0xFF, 0xFF, 0xF8, 0x03, 0xC0, 0x0F, 0x1F, 0x7F, 0xF1, 0xFF, 0x03, 0xE0, 0x03, 0xC0,
    0x1C, 0x00, 0xE0, 0x0E, 0x00, 0x00, 0x07, 0xC0, 0xFF, 0x8F, 0xFE, 0x78, 0xF7, 0x83, 0xFF, 0xFF,
    0xFF, 0xFF, 0xFF, 0xF8, 0x03, 0xC0, 0x0F, 0x1F, 0x7F, 0xF1, 0xFF, 0x03, 0xE0, 0x07, 0x80, 0x7C,
    0x03, 0x70, 0x39, 0x80, 0x00, 0x07, 0xC0, 0xFF, 0x8F, 0xFE, 0x78, 0xF7, 0x83, 0xFF, 0xFF, 0xFF,
    0xFF, 0xFF, 0xF8, 0x03, 0xC0, 0x0F, 0x1F, 0x7F, 0xF1, 0xFF, 0x03, 0xE0, 0x3D, 0xE1, 0xEF, 0x0F,
    0x78, 0x00, 0x00, 0xF8, 0x1F, 0xF1, 0xFF, 0xCF, 0x1E, 0xF0, 0x7F, 0xFF, 0xFF, 0xFF, 0xFF, 0xFF,
    0x00, 0x78, 0x01, 0xE3, 0xEF, 0xFE, 0x3F, 0xE0, 0x7C, 0x00, 0x71, 0xE3, 0x8F, 0x00, 0xF3, 0xCF,
    0x3C, 0xF3, 0xCF, 0x3C, 0xF3, 0xCF, 0x3C, 0xF3, 0xC0, 0x39, 0xE7, 0x3C, 0x03, 0xCF, 0x3C, 0xF3,
    0xCF, 0x3C, 0xF3, 0xCF, 0x3C, 0xF3, 0xCF, 0x00, 0x3C, 0x7E, 0x66, 0xE7, 0x00, 0x3C, 0x3C, 0x3C,
    0x3C, 0x3C, 0x3C, 0x3C, 0x3C, 0x3C, 0x3C, 0x3C, 0x3C, 0x3C, 0x3C, 0xF7, 0xFB, 0xFD, 0xE0, 0x03,
    0xC1, 0xE0, 0xF0, 0x78, 0x3C, 0x1E, 0x0F, 0x07, 0x83, 0xC1, 0xE0, 0xF0, 0x78, 0x3C, 0x1E, 0x00,
    0x04, 0x00, 0x3E, 0x60, 0xFF, 0x80, 0xF8, 0x0F, 0xF0, 0x11, 0xE0, 0xFF, 0x8F, 0xFE, 0x7F, 0xFD,
    0xE1, 0xFF, 0x03, 0xFC, 0x0F, 0xF0, 0x3F, 0xC0, 0xFF, 0x03, 0xDE, 0x1E, 0x7F, 0xF8, 0xFF, 0xC0,
    0xFC, 0x00, 0x1C, 0xC3, 0xFC, 0x3F, 0xC3, 0x38, 0x00, 0x0F, 0x3C, 0xFF, 0xEF, 0xFF, 0xF9, 0xFF,
    0x0F, 0xF0, 0xFF, 0x0F, 0xF0, 0xFF, 0x0F, 0xF0, 0xFF, 0x0F, 0xF0, 0xFF, 0x0F, 0xF0, 0xF0, 0x0E,
    0x00, 0x3C, 0x00, 0x70, 0x00, 0xE0, 0x00, 0x00, 0x3F, 0x03, 0xFF, 0x1F, 0xFE, 0x78, 0x7B, 0xE1,
    0xFF, 0x03, 0xFC, 0x0F, 0xF0, 0x3F, 0xC0, 0xFF, 0x87, 0xDE, 0x1E, 0x7F, 0xF8, 0xFF, 0xC0, 0xFC,
    0x00, 0x01, 0xC0, 0x0F, 0x00, 0x38, 0x01, 0xC0, 0x00, 0x00, 0x3F, 0x03, 0xFF, 0x1F, 0xFE, 0x78,
    0x7B, 0xE1, 0xFF, 0x03, 0xFC, 0x0F, 0xF0, 0x3F, 0xC0, 0xFF, 0x87, 0xDE, 0x1E, 0x7F, 0xF8, 0xFF,
    0xC0, 0xFC, 0x00, 0x07, 0x80, 0x3F, 0x00, 0xCC, 0x07, 0x38, 0x00, 0x00, 0x3F, 0x03, 0xFF, 0x1F,
    0xFE, 0x78, 0x7B, 0xE1, 0xFF, 0x03, 0xFC, 0x0F, 0xF0, 0x3F, 0xC0, 0xFF, 0x87, 0xDE, 0x1E, 0x7F,
    0xF8, 0xFF, 0xC0, 0xFC, 0x00, 0x1E, 0x60, 0x7F, 0x83, 0xFC, 0x0C, 0xF0, 0x00, 0x00, 0x3F, 0x03,
    0xFF, 0x1F, 0xFE, 0x78, 0x7B, 0xE1, 0xFF, 0x03, 0xFC, 0x0F, 0xF0, 0x3F, 0xC0, 0xFF, 0x87, 0xDE,
    0x1E, 0x7F, 0xF8, 0xFF, 0xC0, 0xFC, 0x00, 0x3D, 0xE0, 0xF7, 0x83, 0xDE, 0x00, 0x00, 0x0F, 0xC0,
    0xFF, 0xC7, 0xFF, 0x9E, 0x1E, 0xF8, 0x7F, 0xC0, 0xFF, 0x03, 0xFC, 0x0F, 0xF0, 0x3F, 0xE1, 0xF7,
    0x87, 0x9F, 0xFE, 0x3F, 0xF0, 0x3F, 0x00, 0x06, 0x00, 0xF0, 0x0F, 0x00, 0x60, 0x00, 0x00, 0x00,
    0xFF, 0xFF, 0xFF, 0xFF, 0xF0, 0x00, 0x06, 0x00, 0xF0, 0x0F, 0x00, 0x60, 0x0F, 0xD8, 0xFF, 0xC7,
    0xFF, 0x9E, 0x3E, 0xF8, 0xFF, 0xC6, 0xFF, 0x3B, 0xFD, 0xCF, 0xF6, 0x3F, 0xF1, 0xF7, 0xC7, 0x9F,
    0xFE, 0x3F, 0xF1, 0xBF, 0x00, 0x1C, 0x01, 0xE0, 0x0E, 0x00, 0x60, 0x00, 0x0F, 0x0F, 0xF0, 0xFF,
    0x0F, 0xF0, 0xFF, 0x0F, 0xF0, 0xFF, 0x0F, 0xF0, 0xFF, 0x0F, 0xF0, 0xFF, 0x9F, 0xFF, 0xF7, 0xFF,
    0x3E, 0xF0, 0x03, 0x80, 0x70, 0x07, 0x00, 0x60, 0x00, 0x0F, 0x0F, 0xF0, 0xFF, 0x0F, 0xF0, 0xFF,
    0x0F, 0xF0, 0xFF, 0x0F, 0xF0, 0xFF, 0x0F, 0xF0, 0xFF, 0x9F, 0xFF, 0xF7, 0xFF, 0x3E, 0xF0, 0x0F,
    0x01, 0xF0, 0x1B, 0x83, 0x9C, 0x00, 0x0F, 0x0F, 0xF0, 0xFF, 0x0F, 0xF0, 0xFF, 0x0F, 0xF0, 0xFF,
    0x0F, 0xF0, 0xFF, 0x0F, 0xF0, 0xFF, 0x9F, 0xFF, 0xF7, 0xFF, 0x3E, 0xF0, 0x79, 0xE7, 0x9E, 0x79,
    0xE0, 0x00, 0xF0, 0xFF, 0x0F, 0xF0, 0xFF, 0x0F, 0xF0, 0xFF, 0x0F, 0xF0, 0xFF, 0x0F, 0xF0, 0xFF,
    0x0F, 0xF9, 0xFF, 0xFF, 0x7F, 0xF3, 0xEF, 0x03, 0xC0, 0x1C, 0x01, 0xE0, 0x0E, 0x00, 0x00, 0x78,
    0x3F, 0xC1, 0xEE, 0x0F, 0x78, 0xF3, 0xC7, 0x8E, 0x3C, 0x79, 0xC3, 0xDE, 0x0E, 0xF0, 0x7F, 0x03,
    0xF8, 0x0F, 0xC0, 0x7C, 0x01, 0xE0, 0x0F, 0x03, 0xF0, 0x1F, 0x80, 0xF8, 0x00, 0xF0, 0x07, 0x80,
    0x3C, 0x01, 0xE0, 0x0F, 0x7C, 0x7F, 0xF3, 0xFF, 0xDF, 0x1E, 0xF0, 0x7F, 0x83, 0xFC, 0x1F, 0xE0,
    0xFF, 0x07, 0xF8, 0x3F, 0xE3, 0xDF, 0xFE, 0xFF, 0xE7, 0xBE, 0x3C, 0x01, 0xE0, 0x0F, 0x00, 0x78,
    0x00, 0x3D, 0xE1, 0xEF, 0x0F, 0x78, 0x00, 0x0F, 0x07, 0xF8, 0x3D, 0xC1, 0xCF, 0x1E, 0x78, 0xF1,
    0xC7, 0x0F, 0x78, 0x3B, 0xC1, 0xDC, 0x0E, 0xE0, 0x3F, 0x01, 0xF0, 0x0F, 0x80, 0x1C, 0x01, 0xC0,
    0x7E, 0x03, 0xF0, 0x1F, 0x00, 0x07, 0xF0, 0x03, 0xF8, 0x01, 0xFC, 0x00, 0x00, 0x00, 0x00, 0x00,
    0x1F, 0x00, 0x0F, 0x80, 0x0F, 0xC0, 0x07, 0xF0, 0x03, 0xB8, 0x03, 0xDE, 0x01, 0xEF, 0x00, 0xE3,
    0x80, 0xF1, 0xE0, 0x78, 0xF0, 0x38, 0x38, 0x3F, 0xFE, 0x1F, 0xFF, 0x0F, 0xFF, 0x8F, 0x01, 0xE7,
    0x80, 0xF3, 0x80, 0x7B, 0xC0, 0x1E, 0x1F, 0xC0, 0xFE, 0x07, 0xF0, 0x00, 0x00, 0xFC, 0x1F, 0xF9,
    0xFF, 0xCF, 0x1F, 0xF0, 0x78, 0x03, 0xC3, 0xFE, 0xFF, 0xFF, 0x87, 0xF8, 0x3F, 0xC3, 0xFF, 0xFF,
    0x7F, 0x79, 0xF1, 0xC0, 0x06, 0x18, 0x01, 0xCE, 0x00, 0x3F, 0x00, 0x07, 0x80, 0x00, 0x00, 0x00,
    0x00, 0x00, 0x3F, 0x00, 0x0F, 0xC0, 0x03, 0xF0, 0x01, 0xFE, 0x00, 0x7F, 0x80, 0x1F, 0xE0, 0x0F,
    0x3C, 0x03, 0xCF, 0x00, 0xE1, 0xC0, 0x78, 0x78, 0x1E, 0x1E, 0x07, 0xFF, 0x83, 0xFF, 0xF0, 0xFF,
    0xFC, 0x78, 0x07, 0x9E, 0x01, 0xE7, 0x80, 0x7B, 0xC0, 0x0F, 0x38, 0xC1, 0xC6, 0x07, 0xE0, 0x1E,
    0x00, 0x00, 0x07, 0xE0, 0xFF, 0xCF, 0xFE, 0xF8, 0xFF, 0x83, 0xC0, 0x1E, 0x1F, 0xF7, 0xFF, 0xFC,
    0x3F, 0xC1, 0xFE, 0x1F, 0xFF, 0xFB, 0xFB, 0xCF, 0x8E, 0x03, 0xE0, 0x00, 0xFC, 0x00, 0x3F, 0x00,
    0x1F, 0xC0, 0x07, 0xF8, 0x01, 0xDE, 0x00, 0xF3, 0x80, 0x3C, 0xF0, 0x0E, 0x3C, 0x07, 0x87, 0x81,
    0xE1, 0xE0, 0x7F, 0xF8, 0x3F, 0xFF, 0x0F, 0xFF, 0xC7, 0x80, 0xF1, 0xE0, 0x1E, 0x78, 0x07, 0xBC,
    0x01, 0xE0, 0x00, 0x38, 0x00, 0x0C, 0x00, 0x07, 0x00, 0x01, 0xF0, 0x00, 0x7C, 0x00, 0x0F, 0x0F,
    0xC0, 0xFF, 0xC7, 0xFF, 0x1E, 0x3E, 0xF0, 0x78, 0x01, 0xE0, 0xFF, 0x9F, 0xFE, 0xF8, 0x7B, 0xC1,
    0xEF, 0x0F, 0xBF, 0xFE, 0x7F, 0x78, 0xF8, 0xE0, 0x03, 0x80, 0x1C, 0x00, 0x70, 0x01, 0xE0, 0x07,
    0xC0, 0x0E, 0x00, 0xF0, 0x00, 0xE0, 0x01, 0xC0, 0x01, 0xC0, 0x00, 0x00, 0x00, 0x00, 0x07, 0xF0,
    0x1F, 0xFC, 0x3F, 0xFE, 0x7C, 0x1E, 0x78, 0x0F, 0xF8, 0x0F, 0xF0, 0x00, 0xF0, 0x00, 0xF0, 0x00,
    0xF0, 0x00, 0xF0, 0x00, 0xF0, 0x0F, 0xF8, 0x0F, 0x78, 0x0F, 0x7C, 0x1E, 0x3F, 0xFE, 0x1F, 0xFC,
    0x07, 0xF0, 0x01, 0xC0, 0x0F, 0x00, 0x38, 0x01, 0xC0, 0x00, 0x00, 0x3F, 0x03, 0xFE, 0x1F, 0xFC,
    0x78, 0x7B, 0xE1, 0xEF, 0x00, 0x3C, 0x00, 0xF0, 0x03, 0xC0, 0xFF, 0x87, 0x9E, 0x1E, 0x7F, 0xF0,
    0xFF, 0x80, 0xFC, 0x00, 0x03, 0xE0, 0x03, 0xE0, 0x07, 0x70, 0x06, 0x30, 0x00, 0x00, 0x00, 0x00,
    0x07, 0xF0, 0x1F, 0xFC, 0x3F, 0xFE, 0x7C, 0x1E, 0x78, 0x0F, 0xF8, 0x0F, 0xF0, 0x00, 0xF0, 0x00,
    0xF0, 0x00, 0xF0, 0x00, 0xF0, 0x00, 0xF0, 0x0F, 0xF8, 0x0F, 0x78, 0x0F, 0x7C, 0x1E, 0x3F, 0xFE,
    0x1F, 0xFC, 0x07, 0xF0, 0x07, 0x80, 0x3F, 0x00, 0xCC, 0x07, 0x38, 0x00, 0x00, 0x3F, 0x03, 0xFE,
    0x1F, 0xFC, 0x78, 0x7B, 0xE1, 0xEF, 0x00, 0x3C, 0x00, 0xF0, 0x03, 0xC0, 0xFF, 0x87, 0x9E, 0x1E,
    0x7F, 0xF0, 0xFF, 0x80, 0xFC, 0x00, 0x03, 0xC0, 0x03, 0xC0, 0x03, 0xC0, 0x00, 0x00, 0x00, 0x00,
    0x07, 0xF0, 0x1F, 0xF8, 0x3F, 0xFC, 0x7C, 0x3E, 0x78, 0x1E, 0xF8, 0x0F, 0xF0, 0x00, 0xF0, 0x00,
    0xF0, 0x00, 0xF0, 0x00, 0xF0, 0x00, 0xF0, 0x0F, 0xF8, 0x0F, 0x78, 0x1E, 0x7C, 0x3E, 0x3F, 0xFC,
    0x1F, 0xF8, 0x07, 0xE0, 0x07, 0x80, 0x1E, 0x00, 0x78, 0x00, 0x00, 0x0F, 0xC0, 0xFF, 0xC7, 0xFF,
    0x9E, 0x1E, 0xF8, 0x7B, 0xC0, 0x0F, 0x00, 0x3C, 0x00, 0xF0, 0x3F, 0xE1, 0xE7, 0x87, 0x9F, 0xFC,
    0x3F, 0xF0, 0x3F, 0x00, 0x06, 0x30, 0x07, 0x70, 0x03, 0xE0, 0x03, 0xE0, 0x00, 0x00, 0x00, 0x00,
    0x07, 0xF0, 0x1F, 0xFC, 0x3F, 0xFE, 0x7C, 0x1E, 0x78, 0x0F, 0xF8, 0x0F, 0xF0, 0x00, 0xF0, 0x00,
    0xF0, 0x00, 0xF0, 0x00, 0xF0, 0x00, 0xF0, 0x0F, 0xF8, 0x0F, 0x78, 0x0F, 0x7C, 0x1E, 0x3F, 0xFE,
    0x1F, 0xFC, 0x07, 0xF0, 0x1C, 0xE0, 0x37, 0x00, 0xFC, 0x01, 0xE0, 0x00, 0x00, 0x3F, 0x03, 0xFE,
    0x1F, 0xFC, 0x78, 0x7B, 0xE1, 0xEF, 0x00, 0x3C, 0x00, 0xF0, 0x03, 0xC0, 0xFF, 0x87, 0x9E, 0x1E,
    0x7F, 0xF0, 0xFF, 0x80, 0xFC, 0x00, 0x38, 0xC0, 0x3B, 0x00, 0x3E, 0x00, 0x78, 0x00, 0x00, 0x1F,
    0xF8, 0x3F, 0xFC, 0x7F, 0xFC, 0xF0, 0x7D, 0xE0, 0x7B, 0xC0, 0xFF, 0x80, 0xFF, 0x01, 0xFE, 0x03,
    0xFC, 0x07, 0xF8, 0x0F, 0xF0, 0x1F, 0xE0, 0x7F, 0xC0, 0xF7, 0x83, 0xEF, 0xFF, 0x9F, 0xFE, 0x3F,
    0xF0, 0x00, 0x00, 0x79, 0xC0, 0x1E, 0x70, 0x07, 0x9C, 0x01, 0xEE, 0x1E, 0x7B, 0x8F, 0xDE, 0xE7,
    0xFF, 0xB9, 0xE3, 0xE0, 0xF0, 0x78, 0x3C, 0x1E, 0x0F, 0x07, 0x83, 0xC1, 0xE0, 0xF0, 0x78, 0x3C,
    0x1E, 0x07, 0x8F, 0x81, 0xFF, 0xE0, 0x3F, 0x78, 0x07, 0x9E, 0x00, 0x3F, 0xF0, 0x1F, 0xFE, 0x0F,
    0xFF, 0x87, 0x83, 0xE3, 0xC0, 0xF1, 0xE0, 0x7C, 0xF0, 0x1F, 0xFF, 0x8F, 0xFF, 0xC7, 0xFF, 0xE3,
    0xCF, 0x01, 0xE7, 0x80, 0xF3, 0xC0, 0xF9, 0xE0, 0x78, 0xF0, 0x7C, 0x7F, 0xFC, 0x3F, 0xFC, 0x1F,
    0xF8, 0x00, 0x00, 0x78, 0x07, 0xFC, 0x0F, 0xF8, 0x03, 0xC1, 0xE7, 0x87, 0xEF, 0x1F, 0xFE, 0x3C,
    0x7C, 0xF0, 0x79, 0xE0, 0xF3, 0xC1, 0xE7, 0x83, 0xCF, 0x07, 0x9E, 0x0F, 0x1E, 0x3E, 0x3F, 0xFC,
    0x3F, 0x78, 0x3C, 0xF0, 0x1F, 0xC0, 0xFE, 0x07, 0xF0, 0x00, 0x00, 0x00, 0x7F, 0xFF, 0xFF, 0xFF,
    0xFF, 0xF0, 0x07, 0x80, 0x3C, 0x01, 0xE0, 0x0F, 0xFF, 0x7F, 0xFB, 0xFF, 0xDE, 0x00, 0xF0, 0x07,
    0x80, 0x3C, 0x01, 0xE0, 0x0F, 0xFF, 0xFF, 0xFF, 0xFF, 0xE0, 0x1F, 0xC0, 0xFE, 0x07, 0xF0, 0x00,
    0x00, 0xF8, 0x1F, 0xF1, 0xFF, 0xCF, 0x1E, 0xF0, 0x7F, 0xFF, 0xFF, 0xFF, 0xFF, 0xFF, 0x00, 0x78,
    0x01, 0xE3, 0xCF, 0xFE, 0x3F, 0xE0, 0x7C, 0x00, 0xE0, 0xF8, 0x7F, 0xFD, 0xFE, 0x3E, 0x00, 0x0F,
    0xFF, 0xFF, 0xFF, 0xFC, 0x0F, 0x03, 0xC0, 0xF0, 0x3F, 0xFF, 0xFF, 0xFF, 0xF0, 0x3C, 0x0F, 0x03,
    0xC0, 0xF0, 0x3F, 0xFF, 0xFF, 0xFF, 0x30, 0x71, 0xFF, 0x87, 0xF8, 0x1F, 0x80, 0x00, 0x07, 0xE0,
    0xFF, 0x8F, 0xFE, 0x78, 0xFF, 0x83, 0xFF, 0xFF, 0xFF, 0xFF, 0xFF, 0xF8, 0x03, 0xC0, 0x0F, 0x02,
    0x7F, 0xF1, 0xFF, 0x83, 0xF8, 0x0F, 0x00, 0x78, 0x03, 0xC0, 0x00, 0x00, 0x00, 0x7F, 0xFF, 0xFF,
    0xFF, 0xFF, 0xF0, 0x07, 0x80, 0x3C, 0x01, 0xE0, 0x0F, 0xFF, 0x7F, 0xFB, 0xFF, 0xDE, 0x00, 0xF0,
    0x07, 0x80, 0x3C, 0x01, 0xE0, 0x0F, 0xFF, 0xFF, 0xFF, 0xFF, 0xE0, 0x07, 0x80, 0x3C, 0x01, 0xE0,
    0x00, 0x00, 0xF8, 0x1F, 0xF1, 0xFF, 0xCF, 0x1E, 0xF0, 0x7F, 0xFF, 0xFF, 0xFF, 0xFF, 0xFF, 0x00,
    0x78, 0x01, 0xE3, 0xEF, 0xFE, 0x3F, 0xE0, 0x7C, 0x00, 0xFF, 0xFB, 0xFF, 0xEF, 0xFF, 0xBC, 0x00,
    0xF0, 0x03, 0xC0, 0x0F, 0x00, 0x3F, 0xFC, 0xFF, 0xF3, 0xFF, 0xCF, 0x00, 0x3C, 0x00, 0xF0, 0x03,
    0xC0, 0x0F, 0x00, 0x3F, 0xFE, 0xFF, 0xFB, 0xFF, 0xE0, 0x07, 0x00, 0x18, 0x00, 0xE0, 0x03, 0xE0,
    0x0F, 0x80, 0x1E, 0x0F, 0x81, 0xFF, 0x1F, 0xFC, 0xF1, 0xEF, 0x07, 0xFF, 0xFF, 0xFF, 0xFF, 0xFF,
    0xF0, 0x07, 0x80, 0x1E, 0x3E, 0xFF, 0xE3, 0xFE, 0x07, 0xE0, 0x07, 0x00, 0x70, 0x03, 0x80, 0x1F,
    0x00, 0xF8, 0x03, 0xC0, 0x38, 0xC0, 0xEE, 0x03, 0xE0, 0x1E, 0x00, 0x00, 0x7F, 0xFF, 0xFF, 0xFF,
    0xFF, 0xF0, 0x07, 0x80, 0x3C, 0x01, 0xE0, 0x0F, 0xFF, 0x7F, 0xFB, 0xFF, 0xDE, 0x00, 0xF0, 0x07,
    0x80, 0x3C, 0x01, 0xE0, 0x0F, 0xFF, 0xFF, 0xFF, 0xFF, 0xE0, 0x1C, 0xC0, 0x6E, 0x03, 0xE0, 0x0F,
    0x00, 0x00, 0x07, 0xC0, 0xFF, 0x8F, 0xFE, 0x78, 0xF7, 0x83, 0xFF, 0xFF, 0xFF, 0xFF, 0xFF, 0xF8,
    0x03, 0xC0, 0x0F, 0x1F, 0x7F, 0xF1, 0xFF, 0x03, 0xE0, 0x03, 0xE0, 0x03, 0xE0, 0x07, 0x70, 0x06,
    0x38, 0x00, 0x00, 0x00, 0x00, 0x07, 0xF0, 0x1F, 0xF8, 0x3F, 0xFC, 0x7E, 0x1E, 0x78, 0x0F, 0x78,
    0x0F, 0xF0, 0x00, 0xF0, 0x00, 0xF0, 0x7F, 0xF0, 0x7F, 0xF0, 0x7F, 0xF0, 0x07, 0x78, 0x0F, 0x78,
    0x0F, 0x7C, 0x1F, 0x3F, 0xFF, 0x1F, 0xFB, 0x07, 0xE3, 0x07, 0x80, 0x7C, 0x03, 0x70, 0x39, 0x80,
    0x00, 0x0F, 0x3C, 0xFD, 0xEF, 0xFF, 0xF8, 0xFF, 0x83, 0xFC, 0x1F, 0xE0, 0xFF, 0x07, 0xF8, 0x3F,
    0xE3, 0xEF, 0xFF, 0x3F, 0xF8, 0xF3, 0xC0, 0x1E, 0xF1, 0xF7, 0xFF, 0x1F, 0xF0, 0x3F, 0x00, 0x0C,
    0x30, 0x0E, 0x70, 0x07, 0xE0, 0x03, 0xC0, 0x00, 0x00, 0x00, 0x00, 0x07, 0xF0, 0x1F, 0xFC, 0x3F,
    0xFE, 0x7C, 0x1E, 0x78, 0x0F, 0x78, 0x00, 0xF0, 0x00, 0xF0, 0x00, 0xF0, 0xFF, 0xF0, 0xFF, 0xF0,
    0xFF, 0xF0, 0x0F, 0x78, 0x0F, 0x78, 0x1F, 0x7C, 0x3F, 0x3F, 0xFF, 0x1F, 0xFB, 0x07, 0xE3, 0x18,
    0xE0, 0xE7, 0x03, 0xF0, 0x0F, 0x00, 0x00, 0x0F, 0x3C, 0xFD, 0xEF, 0xFF, 0xF8, 0xFF, 0x83, 0xFC,
    0x1F, 0xE0, 0xFF, 0x07, 0xF8, 0x3F, 0xE3, 0xEF, 0xFF, 0x3F, 0xF8, 0xF3, 0xC0, 0x1E, 0xF1, 0xF7,
    0xFF, 0x1F, 0xF0, 0x7F, 0x00, 0x03, 0xC0, 0x03, 0xC0, 0x03, 0xC0, 0x00, 0x00, 0x00, 0x00, 0x07,
    0xF0, 0x1F, 0xF8, 0x3F, 0xFC, 0x7C, 0x1E, 0x78, 0x0F, 0x78, 0x0F, 0xF0, 0x00, 0xF0, 0x00, 0xF0,
    0xFF, 0xF0, 0xFF, 0xF0, 0xFF, 0xF0, 0x0F, 0x78, 0x0F, 0x78, 0x0F, 0x7C, 0x1F, 0x3F, 0xFF, 0x1F,
    0xFB, 0x07, 0xE3, 0x07, 0x80, 0x3C, 0x01, 0xE0, 0x00, 0x01, 0xE7, 0x9F, 0xBD, 0xFF, 0xFF, 0x1F,
    0xF0, 0x7F, 0x83, 0xFC, 0x1F, 0xE0, 0xFF, 0x07, 0xFC, 0x7D, 0xFF, 0xE7, 0xFF, 0x1E, 0x78, 0x03,
    0xDE, 0x3E, 0xFF, 0xE3, 0xFE, 0x07, 0xE0, 0x07, 0xF0, 0x1F, 0xF8, 0x3F, 0xFC, 0x7C, 0x1E, 0x78,
    0x0F, 0x78, 0x0F, 0xF0, 0x00, 0xF0, 0x00, 0xF0, 0xFF, 0xF0, 0xFF, 0xF0, 0xFF, 0xF0, 0x07, 0x78,
    0x0F, 0x78, 0x0F, 0x7C, 0x1F, 0x3F, 0xFF, 0x1F, 0xFB, 0x07, 0xE3, 0x00, 0x00, 0x01, 0xC0, 0x01,
    0xC0, 0x01, 0xC0, 0x01, 0xC0, 0x01, 0x80, 0x03, 0x00, 0x18, 0x01, 0x80, 0x0E, 0x00, 0x70, 0x03,
    0x80, 0x00, 0x03, 0xCF, 0x3F, 0x7B, 0xFF, 0xFE, 0x3F, 0xE0, 0xFF, 0x07, 0xF8, 0x3F, 0xC1, 0xFE,
    0x0F, 0xF8, 0xFB, 0xFF, 0xCF, 0xFE, 0x3C, 0xF0, 0x07, 0xBC, 0x7D, 0xFF, 0xC7, 0xFC, 0x0F, 0xC0,
    0x07, 0x80, 0x1E, 0x00, 0xFC, 0x07, 0x38, 0x00, 0x03, 0xC0, 0xFF, 0x03, 0xFC, 0x0F, 0xF0, 0x3F,
    0xC0, 0xFF, 0x03, 0xFC, 0x0F, 0xFF, 0xFF, 0xFF, 0xFF, 0xFF, 0xFC, 0x0F, 0xF0, 0x3F, 0xC0, 0xFF,
    0x03, 0xFC, 0x0F, 0xF0, 0x3F, 0xC0, 0xFF, 0x03, 0xC0, 0x3C, 0x01, 0xF8, 0x06, 0x60, 0x39, 0xC0,
    0x00, 0x00, 0xF0, 0x03, 0xC0, 0x0F, 0x00, 0x3C, 0x00, 0xF7, 0xC3, 0xFF, 0x8F, 0xFE, 0x3E, 0x7C,
    0xF0, 0xF3, 0xC3, 0xCF, 0x0F, 0x3C, 0x3C, 0xF0, 0xF3, 0xC3, 0xCF, 0x0F, 0x3C, 0x3C, 0xF0, 0xF3,
    0xC3, 0xC0, 0x3C, 0x0F, 0x0F, 0x03, 0xCF, 0xFF, 0xFF, 0xFF, 0xFF, 0xFF, 0xFF, 0xCF, 0x03, 0xC3,
    0xC0, 0xF0, 0xFF, 0xFC, 0x3F, 0xFF, 0x0F, 0xFF, 0xC3, 0xC0, 0xF0, 0xF0, 0x3C, 0x3C, 0x0F, 0x0F,
    0x03, 0xC3, 0xC0, 0xF0, 0xF0, 0x3C, 0x3C, 0x0F, 0x0F, 0x03, 0xC0, 0x3C, 0x03, 0xFE, 0x0F, 0xF8,
    0x0F, 0x00, 0x3D, 0xF0, 0xFF, 0xE3, 0xFF, 0x8F, 0x9F, 0x3C, 0x3C, 0xF0, 0xF3, 0xC3, 0xCF, 0x0F,
    0x3C, 0x3C, 0xF0, 0xF3, 0xC3, 0xCF, 0x0F, 0x3C, 0x3C, 0xF0, 0xF0, 0x71, 0xBC, 0xFF, 0xF9, 0xEC,
    0x60, 0x00, 0xF0, 0x78, 0x3C, 0x1E, 0x0F, 0x07, 0x83, 0xC1, 0xE0, 0xF0, 0x78, 0x3C, 0x1E, 0x0F,
    0x07, 0x83, 0xC1, 0xE0, 0xF0, 0x78, 0x79, 0xBF, 0xFF, 0xD9, 0xE0, 0x01, 0xE0, 0xF0, 0x78, 0x3C,
    0x1E, 0x0F, 0x07, 0x83, 0xC1, 0xE0, 0xF0, 0x78, 0x3C, 0x1E, 0x0F, 0x00, 0xFF, 0xFF, 0xF8, 0x00,
    0x07, 0x8F, 0x1E, 0x3C, 0x78, 0xF1, 0xE3, 0xC7, 0x8F, 0x1E, 0x3C, 0x78, 0xF1, 0xE3, 0xC7, 0x8F,
    0x00, 0xFF, 0xFF, 0xF8, 0x03, 0xC7, 0x8F, 0x1E, 0x3C, 0x78, 0xF1, 0xE3, 0xC7, 0x8F, 0x1E, 0x3C,
    0x78, 0xC0, 0xF8, 0x7F, 0xFD, 0xFE, 0x3E, 0x00, 0x07, 0xF9, 0xFE, 0x3F, 0x07, 0x81, 0xE0, 0x78,
    0x1E, 0x07, 0x81, 0xE0, 0x78, 0x1E, 0x07, 0x81, 0xE0, 0x78, 0x1E, 0x0F, 0xC7, 0xF9, 0xFE, 0xC1,
    0xFF, 0xF7, 0xF8, 0xFC, 0x00, 0x0F, 0x03, 0xC0, 0xF0, 0x3C, 0x0F, 0x03, 0xC0, 0xF0, 0x3C, 0x0F,
    0x03, 0xC0, 0xF0, 0x3C, 0x0F, 0x03, 0xC0, 0x79, 0xE7, 0x9E, 0x79, 0xE7, 0x9E, 0x79, 0xE7, 0x9E,
    0x79, 0xE7, 0x9E, 0x79, 0xE7, 0x1C, 0xE3, 0xEF, 0xDE, 0x79, 0xE7, 0x80, 0x79, 0xE7, 0x9E, 0x79,
    0xE7, 0x9E, 0x79, 0xE7, 0x9E, 0x79, 0xE7, 0x1C, 0xE3, 0xEF, 0xDE, 0xFF, 0xF0, 0x0F, 0xFF, 0xFF,
    0xFF, 0xFF, 0xFF, 0xFF, 0xFF, 0xFF, 0xF0, 0xFF, 0xFF, 0xFF, 0xFF, 0xFF, 0xFF, 0xFF, 0xF0, 0x00,
    0xFF, 0x00, 0x0F, 0xF0, 0x00, 0xFF, 0x00, 0x0F, 0xF0, 0x00, 0xFF, 0x00, 0x0F, 0xF0, 0x00, 0xFF,
    0x00, 0x0F, 0xF0, 0x00, 0xFF, 0x00, 0x0F, 0xF0, 0x00, 0xFF, 0x3C, 0x0F, 0xF3, 0xC0, 0xFF, 0x3C,
    0x0F, 0xF1, 0xE1, 0xEF, 0x1F, 0xFE, 0xF0, 0xFF, 0xCF, 0x03, 0xF0, 0xF1, 0xFE, 0x3F, 0xC7, 0x80,
    0x0F, 0x1F, 0xE3, 0xFC, 0x7F, 0x8F, 0xF1, 0xFE, 0x3F, 0xC7, 0xF8, 0xFF, 0x1F, 0xE3, 0xFC, 0x7F,
    0x8F, 0xF1, 0xFE, 0x3C, 0x07, 0x83, 0xF0, 0x7C, 0x0F, 0x00, 0x00, 0x78, 0x01, 0xF8, 0x03, 0x30,
    0x0E, 0x70, 0x00, 0x00, 0x00, 0x00, 0x1E, 0x00, 0x3C, 0x00, 0x78, 0x00, 0xF0, 0x01, 0xE0, 0x03,
    0xC0, 0x07, 0x80, 0x0F, 0x00, 0x1E, 0x00, 0x3C, 0x00, 0x79, 0xE0, 0xF3, 0xC1, 0xE7, 0x83, 0xC7,
    0x8F, 0x0F, 0xFE, 0x0F, 0xF8, 0x07, 0xC0, 0x1E, 0x1F, 0x8C, 0xCE, 0x70, 0x00, 0xF0, 0x78, 0x3C,
    0x1E, 0x0F, 0x07, 0x83, 0xC1, 0xE0, 0xF0, 0x78, 0x3C, 0x1E, 0x0F, 0x07, 0x83, 0xCF, 0xE7, 0xE3,
    0xE0, 0xF0, 0x3F, 0xE0, 0xFB, 0xC3, 0xE7, 0x87, 0x8F, 0x1E, 0x1E, 0x7C, 0x3D, 0xF0, 0x7F, 0xC0,
    0xFF, 0x81, 0xFF, 0x83, 0xFF, 0x07, 0xCF, 0x0F, 0x1F, 0x1E, 0x1E, 0x3C, 0x1E, 0x78, 0x3E, 0xF0,
    0x3D, 0xE0, 0x3C, 0x00, 0x00, 0x1C, 0x00, 0x38, 0x00, 0x70, 0x00, 0xE0, 0x01, 0x80, 0xF0, 0x07,
    0x80, 0x3C, 0x01, 0xE0, 0x0F, 0x0F, 0xF8, 0x7B, 0xC7, 0x9E, 0x78, 0xF7, 0x87, 0xF8, 0x3F, 0xE1,
    0xFF, 0x0F, 0xBC, 0x7C, 0xF3, 0xC7, 0x9E, 0x1E, 0xF0, 0xFF, 0x83, 0xC0, 0x00, 0x0E, 0x00, 0x70,
    0x03, 0x80, 0x1C, 0x00, 0xC0, 0xF0, 0x7B, 0xC3, 0xCF, 0x1E, 0x3C, 0x78, 0xF3, 0xC3, 0xDE, 0x0F,
    0xF0, 0x3F, 0xE0, 0xFF, 0xC3, 0xCF, 0x0F, 0x1E, 0x3C, 0x3C, 0xF0, 0xFB, 0xC1, 0xE0, 0x38, 0x07,
    0x80, 0x70, 0x0F, 0x00, 0x00, 0x0F, 0x00, 0xF0, 0x0F, 0x00, 0xF0, 0x0F, 0x00, 0xF0, 0x0F, 0x00,
    0xF0, 0x0F, 0x00, 0xF0, 0x0F, 0x00, 0xF0, 0x0F, 0x00, 0xF0, 0x0F, 0x00, 0xFF, 0xFF, 0xFF, 0xFF,
    0xF0, 0x39, 0xC7, 0x38, 0x03, 0xCF, 0x3C, 0xF3, 0xCF, 0x3C, 0xF3, 0xCF, 0x3C, 0xF3, 0xCF, 0x3C,
    0xFF, 0xF7, 0xC0, 0xF0, 0x0F, 0x00, 0xF0, 0x0F, 0x00, 0xF0, 0x0F, 0x00, 0xF0, 0x0F, 0x00, 0xF0,
    0x0F, 0x00, 0xF0, 0x0F, 0x00, 0xF0, 0x0F, 0x00, 0xF0, 0x0F, 0xFF, 0xFF, 0xFF, 0xFF, 0x00, 0x00,
    0x70, 0x07, 0x00, 0x70, 0x07, 0x00, 0x60, 0xF3, 0xCF, 0x3C, 0xF3, 0xCF, 0x3C, 0xF3, 0xCF, 0x3C,
    0xF3, 0xCF, 0x3F, 0xFD, 0xF0, 0x1C, 0x71, 0xC3, 0x18, 0xF0, 0xFF, 0x0E, 0xF0, 0xEF, 0x0E, 0xF0,
    0xEF, 0x0E, 0xF0, 0xCF, 0x00, 0xF0, 0x0F, 0x00, 0xF0, 0x0F, 0x00, 0xF0, 0x0F, 0x00, 0xF0, 0x0F,
    0xFF, 0xFF, 0xFF, 0xFF, 0xF7, 0xFB, 0xBD, 0xDE, 0xEF, 0x77, 0xBB, 0xD9, 0xE0, 0xF0, 0x78, 0x3C,
    0x1E, 0x0F, 0x07, 0x83, 0xC1, 0xF8, 0xFC, 0x3E, 0x00, 0xF0, 0x1E, 0x03, 0xC0, 0x78, 0x0F, 0x01,
    0xE0, 0x3C, 0x07, 0x9E, 0xF3, 0xDE, 0x7B, 0xC0, 0x78, 0x0F, 0x01, 0xE0, 0x3C, 0x07, 0xFF, 0xFF,
    0xFF, 0xFC, 0xF0, 0x78, 0x3C, 0x1E, 0x0F, 0x07, 0x83, 0xC1, 0xE0, 0xF7, 0xFB, 0xFD, 0xFE, 0x0F,
    0x07, 0x83, 0xC1, 0xE0, 0xF0, 0x78, 0x3C, 0x00, 0x3C, 0x00, 0xF0, 0x03, 0xC0, 0x0F, 0x00, 0x3C,
    0x00, 0xF2, 0x03, 0xF8, 0x0F, 0xE0, 0x3E, 0x03, 0xF0, 0x0F, 0xC0, 0x3F, 0x00, 0x3C, 0x00, 0xF0,
    0x03, 0xC0, 0x0F, 0xFF, 0x3F, 0xFC, 0xFF, 0xF0, 0x3C, 0x3C, 0x3C, 0x3C, 0x3C, 0x3D, 0x3F, 0x3F,
    0xFC, 0xFC, 0xBC, 0x3C, 0x3C, 0x3C, 0x3C, 0x3F, 0x3F, 0x1F, 0x01, 0xE0, 0x03, 0x80, 0x07, 0x00,
    0x1C, 0x00, 0x00, 0x1F, 0x03, 0xFE, 0x07, 0xFE, 0x0F, 0xFC, 0x1F, 0xFC, 0x3F, 0xF8, 0x7F, 0xF8,
    0xFF, 0x71, 0xFE, 0xF3, 0xFC, 0xE7, 0xF9, 0xEF, 0xF1, 0xFF, 0xE1, 0xFF, 0xC3, 0xFF, 0x83, 0xFF,
    0x07, 0xFE, 0x07, 0xFC, 0x0F, 0x80, 0x03, 0x80, 0x70, 0x07, 0x00, 0x60, 0x00, 0x0F, 0x7C, 0xFF,
    0xEF, 0xFE, 0xF9, 0xFF, 0x0F, 0xF0, 0xFF, 0x0F, 0xF0, 0xFF, 0x0F, 0xF0, 0xFF, 0x0F, 0xF0, 0xFF,
    0x0F, 0xF0, 0xF0, 0xF8, 0x1F, 0xF0, 0x3F, 0xF0, 0x7F, 0xE0, 0xFF, 0xE1, 0xFF, 0xC3, 0xFF, 0xC7,
    0xFB, 0x8F, 0xF7, 0x9F, 0xE7, 0x3F, 0xCF, 0x7F, 0x8F, 0xFF, 0x0F, 0xFE, 0x1F, 0xFC, 0x1F, 0xF8,
    0x3F, 0xF0, 0x3F, 0xE0, 0x7C, 0x00, 0x00, 0x1C, 0x00, 0x38, 0x00, 0x70, 0x00, 0xE0, 0x01, 0x80,
    0xF7, 0xCF, 0xFE, 0xFF, 0xEF, 0x9F, 0xF0, 0xFF, 0x0F, 0xF0, 0xFF, 0x0F, 0xF0, 0xFF, 0x0F, 0xF0,
    0xFF, 0x0F, 0xF0, 0xFF, 0x0F, 0x00, 0x00, 0xE0, 0x0E, 0x00, 0xE0, 0x06, 0x00, 0xC0, 0x0C, 0x60,
    0x0D, 0xC0, 0x1F, 0x00, 0x1E, 0x00, 0x00, 0x1F, 0x03, 0xFE, 0x07, 0xFE, 0x0F, 0xFC, 0x1F, 0xFC,
    0x3F, 0xF8, 0x7F, 0xF8, 0xFF, 0x71, 0xFE, 0xF3, 0xFC, 0xE7, 0xF9, 0xEF, 0xF1, 0xFF, 0xE1, 0xFF,
    0xC3, 0xFF, 0x83, 0xFF, 0x07, 0xFE, 0x07, 0xFC, 0x0F, 0x80, 0x39, 0xC1, 0xF8, 0x1F, 0x80, 0xF0,
    0x00, 0x0F, 0x7C, 0xFF, 0xEF, 0xFE, 0xF9, 0xFF, 0x0F, 0xF0, 0xFF, 0x0F, 0xF0, 0xFF, 0x0F, 0xF0,
    0xFF, 0x0F, 0xF0, 0xFF, 0x0F, 0xF0, 0xF0, 0x78, 0x00, 0x1C, 0x00, 0x07, 0x00, 0x01, 0xC0, 0x00,
    0xE7, 0x1F, 0x39, 0xFF, 0xE0, 0x7F, 0xFC, 0x1F, 0x1F, 0x07, 0x83, 0xC1, 0xE0, 0xF0, 0x78, 0x3C,
    0x1E, 0x0F, 0x07, 0x83, 0xC1, 0xE0, 0xF0, 0x78, 0x3C, 0x1E, 0x0F, 0x07, 0x83, 0xC1, 0xE0, 0xF0,
    0xF8, 0x1F, 0xF0, 0x3F, 0xF0, 0x7F, 0xE0, 0xFF, 0xE1, 0xFF, 0xC3, 0xFF, 0xC7, 0xFB, 0x8F, 0xF7,
    0x9F, 0xE7, 0x3F, 0xCF, 0x7F, 0x8F, 0xFF, 0x0F, 0xFE, 0x1F, 0xFC, 0x1F, 0xF8, 0x3F, 0xF0, 0x3F,
    0xE0, 0x7C, 0x00, 0x78, 0x07, 0xF0, 0x0F, 0xC0, 0x1F, 0x00, 0xF7, 0xCF, 0xFE, 0xFF, 0xEF, 0x9F,
    0xF0, 0xFF, 0x0F, 0xF0, 0xFF, 0x0F, 0xF0, 0xFF, 0x0F, 0xF0, 0xFF, 0x0F, 0xF0, 0xFF, 0x0F, 0x00,
    0xF0, 0x7F, 0x07, 0xE0, 0x7C, 0x07, 0xF0, 0x03, 0xF8, 0x01, 0xFC, 0x00, 0x00, 0x00, 0x00, 0x00,
    0x3F, 0x80, 0x7F, 0xF0, 0x7F, 0xFC, 0x7C, 0x1F, 0x3C, 0x07, 0xBE, 0x03, 0xDE, 0x00, 0xFF, 0x00,
    0x7F, 0x80, 0x3F, 0xC0, 0x1F, 0xE0, 0x0F, 0xF0, 0x07, 0xFC, 0x07, 0xDE, 0x03, 0xCF, 0x83, 0xE3,
    0xFF, 0xE0, 0xFF, 0xE0, 0x1F, 0xC0, 0x1F, 0xC0, 0x7F, 0x01, 0xFC, 0x00, 0x00, 0x0F, 0xC0, 0xFF,
    0xC7, 0xFF, 0x9E, 0x1E, 0xF8, 0x7F, 0xC0, 0xFF, 0x03, 0xFC, 0x0F, 0xF0, 0x3F, 0xE1, 0xF7, 0x87,
    0x9F, 0xFE, 0x3F, 0xF0, 0x3F, 0x00, 0x0C, 0x1C, 0x07, 0xFE, 0x01, 0xFE, 0x00, 0x7E, 0x00, 0x00,
    0x00, 0x00, 0x00, 0x1F, 0xC0, 0x3F, 0xF8, 0x3F, 0xFE, 0x3E, 0x0F, 0x9E, 0x03, 0xDF, 0x01, 0xFF,
    0x00, 0x7F, 0x80, 0x3F, 0xC0, 0x1F, 0xE0, 0x0F, 0xF0, 0x07, 0xF8, 0x03, 0xFE, 0x03, 0xEF, 0x01,
    0xE7, 0xC1, 0xF1, 0xFF, 0xF0, 0x7F, 0xF0, 0x0F, 0xE0, 0x38, 0x71, 0xFF, 0x87, 0xF8, 0x1F, 0x80,
    0x00, 0x07, 0xC0, 0xFF, 0x8F, 0xFE, 0x78, 0xF7, 0x83, 0xFC, 0x1F, 0xE0, 0xFF, 0x07, 0xF8, 0x3F,
    0xC1, 0xEF, 0x1E, 0x7F, 0xF1, 0xFF, 0x03, 0xE0, 0x03, 0xFC, 0x01, 0xDC, 0x00, 0xEE, 0x00, 0xEE,
    0x00, 0x00, 0x00, 0x00, 0x00, 0x1F, 0xC0, 0x3F, 0xF8, 0x3F, 0xFE, 0x3E, 0x0F, 0x9E, 0x03, 0xDF,
    0x01, 0xEF, 0x00, 0x7F, 0x80, 0x3F, 0xC0, 0x1F, 0xE0, 0x0F, 0xF0, 0x07, 0xF8, 0x03, 0xFE, 0x03,
    0xEF, 0x01, 0xE7, 0xC1, 0xF1, 0xFF, 0xF0, 0x7F, 0xF0, 0x0F, 0xE0, 0x07, 0x78, 0x3D, 0xC0, 0xEF,
    0x07, 0x38, 0x00, 0x00, 0x3F, 0x03, 0xFF, 0x1F, 0xFE, 0x78, 0x7B, 0xE1, 0xFF, 0x03, 0xFC, 0x0F,
    0xF0, 0x3F, 0xC0, 0xFF, 0x87, 0xDE, 0x1E, 0x7F, 0xF8, 0xFF, 0xC0, 0xFC, 0x00, 0x07, 0xF3, 0xFF,
    0xC7, 0xFF, 0xFF, 0xF3, 0xFF, 0xFF, 0xFD, 0xF8, 0x7F, 0x00, 0x78, 0x07, 0xC0, 0x3E, 0x01, 0xF0,
    0x0F, 0x00, 0x3C, 0x03, 0xC0, 0x0F, 0xFF, 0xF0, 0x03, 0xFF, 0xFC, 0x00, 0xFF, 0xFF, 0x00, 0x3C,
    0x03, 0xC0, 0x0F, 0x00, 0xF8, 0x07, 0xC0, 0x1E, 0x01, 0xF0, 0x07, 0xE1, 0xFC, 0x00, 0xFF, 0xFF,
    0xFF, 0x1F, 0xFF, 0xFF, 0xC1, 0xFC, 0xFF, 0xF0, 0x0F, 0xC3, 0xE0, 0x7F, 0xFF, 0xF1, 0xFF, 0xFF,
    0xF3, 0xC3, 0xF1, 0xEF, 0x87, 0xC1, 0xFE, 0x07, 0xFF, 0xFC, 0x0F, 0xFF, 0xF8, 0x1F, 0xFF, 0xF0,
    0x3C, 0x01, 0xF0, 0xF8, 0x01, 0xE1, 0xF8, 0xFB, 0xFF, 0xFF, 0xE3, 0xFF, 0xFF, 0x81, 0xF8, 0x7C,
    0x00, 0x03, 0xC0, 0x0E, 0x00, 0x38, 0x01, 0xC0, 0x00, 0x03, 0xFF, 0x8F, 0xFF, 0x3F, 0xFE, 0xF0,
    0x7F, 0xC0, 0xFF, 0x03, 0xFC, 0x0F, 0xF0, 0x7F, 0xFF, 0xEF, 0xFF, 0x3F, 0xFC, 0xF0, 0x7B, 0xC0,
    0xFF, 0x03, 0xFC, 0x0F, 0xF0, 0x3F, 0xC0, 0xFF, 0x03, 0xC0, 0x0E, 0x0E, 0x1C, 0x1C, 0x00, 0xF7,
    0xFF, 0xFF, 0xF8, 0xF0, 0xF0, 0xF0, 0xF0, 0xF0, 0xF0, 0xF0, 0xF0, 0xF0, 0xF0, 0xFF, 0xE3, 0xFF,
    0xCF, 0xFF, 0xBC, 0x1F, 0xF0, 0x3F, 0xC0, 0xFF, 0x03, 0xFC, 0x1F, 0xFF, 0xFB, 0xFF, 0xCF, 0xFF,
    0x3C, 0x1E, 0xF0, 0x3F, 0xC0, 0xFF, 0x03, 0xFC, 0x0F, 0xF0, 0x3F, 0xC0, 0xF0, 0x00, 0x00, 0xE0,
    0x03, 0x80, 0x0E, 0x00, 0x38, 0x00, 0xC0, 0xF7, 0xFF, 0xFF, 0xF8, 0xF0, 0xF0, 0xF0, 0xF0, 0xF0,
    0xF0, 0xF0, 0xF0, 0xF0, 0xF0, 0x00, 0xF0, 0xF0, 0xF0, 0x60, 0xE0, 0x1C, 0xC0, 0x37, 0x00, 0xF8,
    0x01, 0xE0, 0x00, 0x03, 0xFF, 0x8F, 0xFF, 0x3F, 0xFE, 0xF0, 0x7F, 0xC0, 0xFF, 0x03, 0xFC, 0x0F,
    0xF0, 0x7F, 0xFF, 0xEF, 0xFF, 0x3F, 0xFC, 0xF0, 0x7B, 0xC0, 0xFF, 0x03, 0xFC, 0x0F, 0xF0, 0x3F,
    0xC0, 0xFF, 0x03, 0xC0, 0xE3, 0x76, 0x3E, 0x3C, 0x00, 0xF7, 0xFF, 0xFF, 0xF8, 0xF0, 0xF0, 0xF0,
    0xF0, 0xF0, 0xF0, 0xF0, 0xF0, 0xF0, 0xF0, 0x01, 0xE0, 0x03, 0x80, 0x07, 0x00, 0x1C, 0x00, 0x00,
    0x00, 0x00, 0x01, 0xF8, 0x0F, 0xF8, 0x3F, 0xF8, 0xF8, 0xF9, 0xE0, 0xF3, 0xC0, 0xF7, 0xC0, 0x07,
    0xF0, 0x0F, 0xFC, 0x07, 0xFE, 0x00, 0xFC, 0x00, 0x7D, 0xE0, 0x7B, 0xC0, 0xF7, 0xC3, 0xE7, 0xFF,
    0x87, 0xFE, 0x03, 0xF0, 0x03, 0x80, 0x70, 0x07, 0x00, 0x60, 0x00, 0x01, 0xF8, 0x7F, 0xCF, 0xFE,
    0xF1, 0xFF, 0x0F, 0xF8, 0x07, 0xF8, 0x1F, 0xE0, 0x1F, 0xF0, 0xFF, 0x0F, 0xFF, 0xF7, 0xFE, 0x1F,
    0x80, 0x03, 0xC0, 0x0F, 0x80, 0x3B, 0x80, 0x73, 0x00, 0x00, 0x00, 0x00, 0x01, 0xF8, 0x0F, 0xF8,
    0x3F, 0xF8, 0xF8, 0xF9, 0xE0, 0xF3, 0xC0, 0xF7, 0xC0, 0x07, 0xF0, 0x0F, 0xFC, 0x07, 0xFE, 0x00,
    0xFC, 0x00, 0x7D, 0xE0, 0x7B, 0xC0, 0xF7, 0xC3, 0xE7, 0xFF, 0x87, 0xFE, 0x03, 0xF0, 0x0F, 0x01,
    0xF0, 0x1B, 0x83, 0x9C, 0x00, 0x01, 0xF8, 0x7F, 0xCF, 0xFE, 0xF1, 0xFF, 0x0F, 0xF8, 0x07, 0xF8,
    0x1F, 0xE0, 0x1F, 0xF0, 0xFF, 0x0F, 0xFF, 0xF7, 0xFE, 0x1F, 0x80, 0x07, 0xE0, 0x3F, 0xE0, 0xFF,
    0xE3, 0xE1, 0xE7, 0x81, 0xCF, 0x03, 0xDF, 0x00, 0x1F, 0xC0, 0x1F, 0xF0, 0x0F, 0xF8, 0x01, 0xF0,
    0x00, 0xF7, 0x81, 0xEF, 0x03, 0xDF, 0xDF, 0x9F, 0xFE, 0x1F, 0xF8, 0x0F, 0xC0, 0x06, 0x00, 0x0F,
    0x00, 0x06, 0x00, 0xCC, 0x01, 0xF8, 0x01, 0xE0, 0x1F, 0x87, 0xFC, 0xFF, 0xEF, 0x1F, 0xF0, 0xFF,
    0x80, 0x7F, 0x81, 0xFE, 0x01, 0xFF, 0x0F, 0xF0, 0xFF, 0xFF, 0x7F, 0xE1, 0xF8, 0x06, 0x00, 0x78,
    0x01, 0x81, 0x98, 0x1F, 0x80, 0xF0, 0x0E, 0x60, 0x1D, 0xC0, 0x1F, 0x00, 0x1E, 0x00, 0x00, 0x00,
    0x00, 0x01, 0xF8, 0x0F, 0xF8, 0x3F, 0xF8, 0xF8, 0xF9, 0xE0, 0xF3, 0xC0, 0xF7, 0xC0, 0x07, 0xF0,
    0x0F, 0xFC, 0x07, 0xFE, 0x00, 0xFC, 0x00, 0x7D, 0xE0, 0x7B, 0xC0, 0xF7, 0xC3, 0xE7, 0xFF, 0x87,
    0xFE, 0x03, 0xF0, 0x39, 0xC1, 0xB8, 0x1F, 0x00, 0xF0, 0x00, 0x01, 0xF8, 0x7F, 0xCF, 0xFE, 0xF1,
    0xFF, 0x0F, 0xF8, 0x07, 0xF8, 0x1F, 0xE0, 0x1F, 0xF0, 0xFF, 0x0F, 0xFF, 0xF7, 0xFE, 0x1F, 0x80,
    0xFF, 0xFF, 0xFF, 0xFF, 0xFF, 0xC1, 0xE0, 0x07, 0x80, 0x1E, 0x00, 0x78, 0x01, 0xE0, 0x07, 0x80,
    0x1E, 0x00, 0x78, 0x01, 0xE0, 0x07, 0x80, 0x1E, 0x00, 0x78, 0x01, 0xE0, 0x07, 0x80, 0x1E, 0x00,
    0x70, 0x00, 0xE0, 0x00, 0xC0, 0x23, 0x00, 0xFC, 0x01, 0xE0, 0x3C, 0x0F, 0x03, 0xC3, 0xFF, 0xFF,
    0xFF, 0xF3, 0xC0, 0xF0, 0x3C, 0x0F, 0x03, 0xC0, 0xF0, 0x3C, 0x0F, 0x03, 0xFC, 0x7F, 0x0F, 0xC3,
    0x00, 0xE0, 0x0C, 0x13, 0x0F, 0xC1, 0xE0, 0x1C, 0xE0, 0x33, 0x00, 0xFC, 0x01, 0xE0, 0x00, 0x03,
    0xFF, 0xFF, 0xFF, 0xFF, 0xFF, 0x07, 0x80, 0x1E, 0x00, 0x78, 0x01, 0xE0, 0x07, 0x80, 0x1E, 0x00,
    0x78, 0x01, 0xE0, 0x07, 0x80, 0x1E, 0x00, 0x78, 0x01, 0xE0, 0x07, 0x80, 0x1E, 0x00, 0x78, 0x00,
    0x00, 0xE0, 0x1C, 0x03, 0x1E, 0xE3, 0xDC, 0x7B, 0xBF, 0xF7, 0xFE, 0xFF, 0xC7, 0x80, 0xF0, 0x1E,
    0x03, 0xC0, 0x78, 0x0F, 0x01, 0xE0, 0x3C, 0x07, 0xF8, 0x7F, 0x07, 0xE0, 0xFF, 0xFF, 0xFF, 0xFF,
    0xFF, 0xC1, 0xE0, 0x07, 0x80, 0x1E, 0x00, 0x78, 0x01, 0xE0, 0x3F, 0xF0, 0xFF, 0xC3, 0xFF, 0x01,
    0xE0, 0x07, 0x80, 0x1E, 0x00, 0x78, 0x01, 0xE0, 0x07, 0x80, 0x1E, 0x00, 0x3C, 0x0F, 0x03, 0xC3,
    0xFF, 0xFF, 0xFF, 0xF3, 0xC0, 0xF0, 0x3C, 0x3F, 0xEF, 0xF8, 0xF0, 0x3C, 0x0F, 0x03, 0xFC, 0x7F,
    0x0F, 0xC0, 0x0F, 0x30, 0x3F, 0xE0, 0x7F, 0x80, 0xCF, 0x00, 0x00, 0x00, 0x00, 0x3C, 0x07, 0xF8,
    0x0F, 0xF0, 0x1F, 0xE0, 0x3F, 0xC0, 0x7F, 0x80, 0xFF, 0x01, 0xFE, 0x03, 0xFC, 0x07, 0xF8, 0x0F,
    0xF0, 0x1F, 0xE0, 0x3F, 0xC0, 0x7F, 0x81, 0xF7, 0x83, 0xCF, 0xFF, 0x8F, 0xFE, 0x07, 0xF0, 0x3C,
    0xC3, 0xFC, 0x7F, 0x86, 0x78, 0x00, 0x0F, 0x0F, 0xF0, 0xFF, 0x0F, 0xF0, 0xFF, 0x0F, 0xF0, 0xFF,
    0x0F, 0xF0, 0xFF, 0x0F, 0xF0, 0xFF, 0x9F, 0xFF, 0xF7, 0xFF, 0x3E, 0xF0, 0x0F, 0xE0, 0x1F, 0xC0,
    0x3F, 0x80, 0x00, 0x00, 0x00, 0x1E, 0x03, 0xFC, 0x07, 0xF8, 0x0F, 0xF0, 0x1F, 0xE0, 0x3F, 0xC0,
    0x7F, 0x80, 0xFF, 0x01, 0xFE, 0x03, 0xFC, 0x07, 0xF8, 0x0F, 0xF0, 0x1F, 0xE0, 0x3F, 0xC0, 0xFB,
    0xC1, 0xE7, 0xFF, 0xC7, 0xFF, 0x03, 0xF8, 0x00, 0x3F, 0x83, 0xF8, 0x3F, 0x80, 0x00, 0xF0, 0xFF,
    0x0F, 0xF0, 0xFF, 0x0F, 0xF0, 0xFF, 0x0F, 0xF0, 0xFF, 0x0F, 0xF0, 0xFF, 0x0F, 0xF9, 0xFF, 0xFF,
    0x7F, 0xF3, 0xCF, 0x1C, 0x60, 0x38, 0xC0, 0x3F, 0x00, 0x3C, 0x00, 0x00, 0x00, 0x00, 0x3C, 0x07,
    0xF8, 0x0F, 0xF0, 0x1F, 0xE0, 0x3F, 0xC0, 0x7F, 0x80, 0xFF, 0x01, 0xFE, 0x03, 0xFC, 0x07, 0xF8,
    0x0F, 0xF0, 0x1F, 0xE0, 0x3F, 0xC0, 0x7F, 0x81, 0xF7, 0x83, 0xCF, 0xFF, 0x8F, 0xFE, 0x07, 0xF0,
    0x31, 0xC3, 0x9C, 0x1F, 0x80, 0xF0, 0x00, 0x0F, 0x0F, 0xF0, 0xFF, 0x0F, 0xF0, 0xFF, 0x0F, 0xF0,
    0xFF, 0x0F, 0xF0, 0xFF, 0x0F, 0xF0, 0xFF, 0x9F, 0xFF, 0xF7, 0xFF, 0x3E, 0xF0, 0x03, 0x80, 0x0C,
    0x80, 0x19, 0x00, 0x1C, 0x00, 0x00, 0x00, 0x00, 0x3C, 0x07, 0xF8, 0x0F, 0xF0, 0x1F, 0xE0, 0x3F,
    0xC0, 0x7F, 0x80, 0xFF, 0x01, 0xFE, 0x03, 0xFC, 0x07, 0xF8, 0x0F, 0xF0, 0x1F, 0xE0, 0x3F, 0xC0,
    0x7F, 0x81, 0xF7, 0x83, 0xCF, 0xFF, 0x8F, 0xFE, 0x07, 0xF0, 0x0E, 0x01, 0xB0, 0x1B, 0x01, 0xB0,
    0x0E, 0x00, 0x00, 0xF0, 0xFF, 0x0F, 0xF0, 0xFF, 0x0F, 0xF0, 0xFF, 0x0F, 0xF0, 0xFF, 0x0F, 0xF0,
    0xFF, 0x0F, 0xF9, 0xFF, 0xFF, 0x7F, 0xF3, 0xCF, 0x07, 0xB8, 0x0E, 0xF0, 0x3D, 0xC0, 0x77, 0x00,
    0x00, 0x00, 0x00, 0x3C, 0x07, 0xF8, 0x0F, 0xF0, 0x1F, 0xE0, 0x3F, 0xC0, 0x7F, 0x80, 0xFF, 0x01,
    0xFE, 0x03, 0xFC, 0x07, 0xF8, 0x0F, 0xF0, 0x1F, 0xE0, 0x3F, 0xC0, 0x7F, 0x81, 0xF7, 0x83, 0xCF,
    0xFF, 0x8F, 0xFE, 0x07, 0xF0, 0x0E, 0xF1, 0xFE, 0x1D, 0xC1, 0xDC, 0x00, 0x0F, 0x0F, 0xF0, 0xFF,
    0x0F, 0xF0, 0xFF, 0x0F, 0xF0, 0xFF, 0x0F, 0xF0, 0xFF, 0x0F, 0xF0, 0xFF, 0x9F, 0xFF, 0xF7, 0xFF,
    0x3E, 0xF0, 0xF0, 0x1F, 0xE0, 0x3F, 0xC0, 0x7F, 0x80, 0xFF, 0x01, 0xFE, 0x03, 0xFC, 0x07, 0xF8,
    0x0F, 0xF0, 0x1F, 0xE0, 0x3F, 0xC0, 0x7F, 0x80, 0xFF, 0x01, 0xFE, 0x07, 0xDE, 0x0F, 0x3F, 0xFE,
    0x3F, 0xF8, 0x1F, 0xC0, 0x07, 0x00, 0x1C, 0x00, 0x3E, 0x00, 0x7C, 0x00, 0x78, 0x00, 0xF0, 0xF7,
    0x87, 0xBC, 0x3D, 0xE1, 0xEF, 0x0F, 0x78, 0x7B, 0xC3, 0xDE, 0x1E, 0xF0, 0xF7, 0x87, 0xBE, 0x7D,
    0xFF, 0xE7, 0xFF, 0x1F, 0x78, 0x03, 0x80, 0x1C, 0x01, 0xC0, 0x0F, 0x80, 0x7E, 0x01, 0xE0, 0x00,
    0x3C, 0x00, 0x00, 0xF8, 0x00, 0x03, 0xB8, 0x00, 0x06, 0x38, 0x00, 0x00, 0x00, 0x1E, 0x07, 0x03,
    0xFC, 0x0F, 0x07, 0xBC, 0x3E, 0x0F, 0x78, 0x7C, 0x1E, 0xF0, 0xF8, 0x79, 0xE1, 0xF8, 0xF1, 0xC7,
    0xF1, 0xE3, 0xCE, 0xE3, 0x87, 0x9D, 0xCF, 0x0F, 0x3B, 0xDE, 0x0E, 0xF3, 0xBC, 0x1F, 0xC7, 0x70,
    0x3F, 0x8F, 0xE0, 0x3F, 0x1F, 0xC0, 0x7E, 0x1F, 0x80, 0xF8, 0x3E, 0x01, 0xF0, 0x7C, 0x01, 0xE0,
    0xF8, 0x00, 0x00, 0xF0, 0x00, 0x1F, 0x00, 0x03, 0xB8, 0x00, 0x31, 0xC0, 0x00, 0x00, 0x0E, 0x0E,
    0x0F, 0xF0, 0xF0, 0xEF, 0x1F, 0x1E, 0x71, 0xF1, 0xE7, 0x1F, 0x1C, 0x79, 0xF9, 0xC7, 0xBB, 0xBC,
    0x3B, 0xBB, 0xC3, 0xB9, 0xB8, 0x3F, 0x1F, 0x81, 0xF1, 0xF8, 0x1F, 0x1F, 0x01, 0xF0, 0xF0, 0x1E,
    0x0F, 0x00, 0x03, 0xC0, 0x07, 0xE0, 0x06, 0x60, 0x0E, 0x70, 0x00, 0x00, 0xF0, 0x0F, 0x78, 0x1E,
    0x78, 0x1E, 0x3C, 0x3C, 0x3E, 0x7C, 0x1E, 0x78, 0x1F, 0xF8, 0x0F, 0xF0, 0x07, 0xE0, 0x07, 0xE0,
    0x03, 0xC0, 0x03, 0xC0, 0x03, 0xC0, 0x03, 0xC0, 0x03, 0xC0, 0x03, 0xC0, 0x03, 0xC0, 0x03, 0xC0,
    0x0F, 0x80, 0x7C, 0x07, 0x70, 0x31, 0xC0, 0x00, 0x78, 0x3F, 0xC1, 0xEE, 0x0F, 0x78, 0xF3, 0xC7,
    0x8E, 0x3C, 0x79, 0xC3, 0xDE, 0x0E, 0xF0, 0x7F, 0x03, 0xF8, 0x0F, 0xC0, 0x7C, 0x01, 0xE0, 0x0F,
    0x03, 0xF0, 0x1F, 0x80, 0xF8, 0x00, 0x0F, 0x78, 0x07, 0xBC, 0x03, 0xDE, 0x00, 0x00, 0x00, 0x00,
    0x03, 0xC0, 0x79, 0xE0, 0x7C, 0x78, 0x3C, 0x3C, 0x3E, 0x0F, 0x1E, 0x07, 0xDE, 0x01, 0xEF, 0x00,
    0xFF, 0x00, 0x3F, 0x80, 0x1F, 0x80, 0x07, 0x80, 0x03, 0xC0, 0x01, 0xE0, 0x00, 0xF0, 0x00, 0x78,
    0x00, 0x3C, 0x00, 0x1E, 0x00, 0x0F, 0x00, 0x03, 0xC0, 0x0E, 0x00, 0x38, 0x01, 0xC0, 0x00, 0x03,
    0xFF, 0xEF, 0xFF, 0xBF, 0xFE, 0x00, 0xF8, 0x07, 0xC0, 0x3E, 0x00, 0xF0, 0x07, 0xC0, 0x3E, 0x00,
    0xF0, 0x07, 0x80, 0x3E, 0x00, 0xF0, 0x07, 0x80, 0x3E, 0x00, 0xFF, 0xFF, 0xFF, 0xFF, 0xFF, 0xC0,
    0x03, 0x80, 0x78, 0x07, 0x00, 0xF0, 0x00, 0x0F, 0xFF, 0xFF, 0xFF, 0xFF, 0x01, 0xF0, 0x3E, 0x07,
    0xC0, 0xF8, 0x1F, 0x03, 0xE0, 0x7C, 0x0F, 0x80, 0xFF, 0xFF, 0xFF, 0xFF, 0xF0, 0x07, 0x80, 0x1E,
    0x00, 0x78, 0x00, 0x00, 0x00, 0x03, 0xFF, 0xEF, 0xFF, 0xBF, 0xFE, 0x00, 0xF8, 0x07, 0xC0, 0x1E,
    0x00, 0xF0, 0x07, 0xC0, 0x1E, 0x00, 0xF0, 0x07, 0xC0, 0x1E, 0x00, 0xF0, 0x07, 0xC0, 0x3E, 0x00,
    0xFF, 0xFF, 0xFF, 0xFF, 0xFF, 0xC0, 0x0F, 0x00, 0xF0, 0x0F, 0x00, 0x00, 0xFF, 0xFF, 0xFF, 0xFF,
    0xF0, 0x1F, 0x03, 0xE0, 0x7C, 0x0F, 0x81, 0xF0, 0x3E, 0x07, 0xC0, 0xF8, 0x0F, 0xFF, 0xFF, 0xFF,
    0xFF, 0x18, 0xE0, 0x77, 0x00, 0xF8, 0x01, 0xE0, 0x00, 0x03, 0xFF, 0xEF, 0xFF, 0xBF, 0xFE, 0x00,
    0xF8, 0x07, 0xC0, 0x3E, 0x00, 0xF0, 0x07, 0xC0, 0x3E, 0x00, 0xF0, 0x07, 0x80, 0x3E, 0x00, 0xF0,
    0x07, 0x80, 0x3E, 0x00, 0xFF, 0xFF, 0xFF, 0xFF, 0xFF, 0xC0, 0x39, 0xC1, 0x98, 0x1F, 0x80, 0xF0,
    0x00, 0x0F, 0xFF, 0xFF, 0xFF, 0xFF, 0x01, 0xF0, 0x3E, 0x07, 0xC0, 0xF8, 0x1F, 0x03, 0xE0, 0x7C,
    0x0F, 0x80, 0xFF, 0xFF, 0xFF, 0xFF, 0xF0, 0x3F, 0x7F, 0xFF, 0xF0, 0xF0, 0xF0, 0xF0, 0xF0, 0xF0,
    0xF0, 0xF0, 0xF0, 0xF0, 0xF0, 0xF0, 0xF0, 0xF0, 0xF0, 0xF0, 0x00, 0x00, 0xF0, 0x7F, 0x0F, 0x1F,
    0xFC, 0xE3, 0xFF, 0xFE, 0x7C, 0x1F, 0xC7, 0x80, 0xF0, 0xF8, 0x0F, 0x8F, 0x00, 0x78, 0xF0, 0x07,
    0x8F, 0x00, 0x78, 0xF0, 0x07, 0x8F, 0x00, 0x78, 0xF0, 0x07, 0x8F, 0x80, 0xF8, 0x78, 0x0F, 0x07,
    0xC1, 0xF0, 0x3F, 0xFE, 0x01, 0xFF, 0xC0, 0x07, 0xF0, 0x00, 0x00, 0x0F, 0x00, 0x0F, 0x0F, 0x8F,
    0x3F, 0xFE, 0x7F, 0xFC, 0x78, 0xF0, 0xF0, 0x78, 0xF0, 0x78, 0xF0, 0x78, 0xF0, 0x78, 0xF0, 0x78,
    0xF0, 0x78, 0x78, 0xF0, 0x7F, 0xF0, 0x3F, 0xE0, 0x0F, 0x80, 0x00, 0x00, 0xFF, 0x01, 0xEF, 0xF0,
    0x1E, 0xFF, 0x01, 0xFE, 0xF0, 0x1F, 0xCF, 0x01, 0xE0, 0xF0, 0x1E, 0x0F, 0x01, 0xE0, 0xF0, 0x1E,
    0x0F, 0x01, 0xE0, 0xF0, 0x1E, 0x0F, 0x01, 0xE0, 0xF0, 0x1E, 0x0F, 0x01, 0xE0, 0xF0, 0x1E, 0x07,
    0x83, 0xC0, 0x7F, 0xFC, 0x03, 0xFF, 0x80, 0x0F, 0xE0, 0x00, 0x00, 0x03, 0xC0, 0x00, 0xFF, 0x07,
    0xBB, 0xC1, 0xFE, 0xF0, 0x7F, 0x3C, 0x1F, 0x8F, 0x07, 0x83, 0xC1, 0xE0, 0xF0, 0x78, 0x3C, 0x1E,
    0x0F, 0x07, 0x83, 0xC1, 0xE0, 0xF8, 0xF8, 0x3F, 0xFE, 0x07, 0xFB, 0x80, 0xF8, 0xE0, 0x00, 0x00,
    0x18, 0x18, 0x00, 0x00, 0x71, 0xC0, 0x00, 0x00, 0xFF, 0x00, 0x00, 0x01, 0xF8, 0x00, 0x00, 0x03,
    0xC0, 0x00, 0x00, 0x00, 0x0F, 0xFC, 0x07, 0xFF, 0xFF, 0xFC, 0x1F, 0xFF, 0xFF, 0xF8, 0x7F, 0xFF,
    0xC3, 0xF0, 0x01, 0xEF, 0x03, 0xC0, 0x0F, 0xBC, 0x0F, 0x80, 0x3C, 0xF0, 0x1E, 0x01, 0xE3, 0xC0,
    0x78, 0x0F, 0x8F, 0x01, 0xE0, 0x3C, 0x3C, 0x07, 0x81, 0xE0, 0xF0, 0x1E, 0x0F, 0x83, 0xC0, 0x78,
    0x3C, 0x0F, 0x03, 0xC1, 0xE0, 0x3C, 0x0F, 0x0F, 0x80, 0xF0, 0xF8, 0x3C, 0x03, 0xFF, 0xE1, 0xFF,
    0xFF, 0xFE, 0x07, 0xFF, 0xFF, 0xE0, 0x1F, 0xFF, 0x00, 0x00, 0x38, 0x7F, 0xFC, 0x01, 0xEE, 0xFF,
    0xF0, 0x0F, 0xCF, 0xFF, 0x80, 0x78, 0xF0, 0xFC, 0x00, 0x0F, 0x03, 0xC3, 0xFF, 0xF0, 0x3E, 0x3F,
    0xFF, 0x01, 0xE3, 0xFF, 0xF0, 0x1E, 0x01, 0xEF, 0x01, 0xE0, 0x1E, 0xF0, 0x1E, 0x03, 0xCF, 0x01,
    0xE0, 0x78, 0xF0, 0x1E, 0x0F, 0x8F, 0x03, 0xC1, 0xF0, 0xF0, 0x3C, 0x1E, 0x0F, 0x0F, 0x83, 0xC0,
    0xFF, 0xF8, 0x7F, 0xFF, 0xFE, 0x07, 0xFF, 0xFF, 0x80, 0x7F, 0xF0, 0x00, 0x78, 0xE1, 0xC0, 0x1E,
    0x1E, 0xE0, 0x07, 0x83, 0xF0, 0x01, 0xE0, 0x7C, 0x00, 0x78, 0x00, 0x07, 0xDE, 0x3F, 0xF3, 0xFF,
    0x8F, 0xFD, 0xFF, 0xE3, 0xFF, 0xF8, 0xF8, 0x07, 0xBC, 0x1E, 0x01, 0xEF, 0x07, 0x80, 0xF3, 0xC1,
    0xE0, 0x78, 0xF0, 0x78, 0x3E, 0x3C, 0x1E, 0x1F, 0x0F, 0x07, 0x87, 0x83, 0xE3, 0xE3, 0xC0, 0x7F,
    0xF9, 0xFF, 0xCF, 0xFE, 0x7F, 0xF1, 0xE3, 0x9F, 0xFC, 0xF0, 0x03, 0xFC, 0x00, 0xFF, 0x00, 0x3F,
    0xC0, 0x0F, 0xF0, 0x03, 0xFC, 0x00, 0xFF, 0x00, 0x3F, 0xC0, 0x0F, 0xF0, 0x03, 0xFC, 0x00, 0xFF,
    0x00, 0x3F, 0xC0, 0x0F, 0xF0, 0x03, 0xFC, 0x00, 0xFF, 0x00, 0x3F, 0xFF, 0x8F, 0xFF, 0xE3, 0xFF,
    0xF8, 0xF0, 0x00, 0x3C, 0x00, 0x1F, 0x00, 0x3F, 0x80, 0x0F, 0xC0, 0x03, 0xE0, 0x00, 0x03, 0xFC,
    0x00, 0xFF, 0x00, 0x3F, 0xC0, 0x00, 0xF0, 0x00, 0x3C, 0x00, 0xFF, 0x00, 0x3F, 0xC0, 0x0F, 0xF0,
    0x03, 0xFC, 0x00, 0xFF, 0x00, 0x3F, 0xC0, 0x0F, 0xF0, 0x03, 0xFC, 0x00, 0xFF, 0x00, 0x3F, 0xC0,
    0x0F, 0xFF, 0xE3, 0xFF, 0xF8, 0xFF, 0xFE, 0x3C, 0x00, 0x0F, 0x00, 0x03, 0xC0, 0x00, 0xF0, 0x01,
    0xFC, 0x00, 0x7E, 0x00, 0x1F, 0x00, 0xF1, 0xFE, 0x3F, 0xC7, 0xF8, 0x0F, 0x01, 0xE3, 0xFC, 0x7F,
    0x8F, 0xF1, 0xFE, 0x3F, 0xC7, 0xF8, 0xFF, 0x1F, 0xE3, 0xFC, 0x7F, 0x8F, 0xF1, 0xFE, 0x3F, 0xC7,
    0x80, 0xF0, 0x1E, 0x03, 0xC1, 0xF8, 0x3E, 0x07, 0x80, 0xF8, 0x0F, 0x0F, 0xF8, 0x0F, 0x0F, 0xFC,
    0x0F, 0x0F, 0xFC, 0x0F, 0x0F, 0xFE, 0x0F, 0x0F, 0xEF, 0x0F, 0x0F, 0xEF, 0x0F, 0x0F, 0xE7, 0x8F,
    0x0F, 0xE7, 0x8F, 0x0F, 0xE3, 0xCF, 0x0F, 0xE3, 0xCF, 0x0F, 0xE1, 0xEF, 0x0F, 0xE1, 0xEF, 0x0F,
    0xE0, 0xFF, 0x0F, 0xE0, 0x7F, 0x0F, 0xE0, 0x7F, 0x0F, 0xE0, 0x3F, 0x0F, 0xE0, 0x3F, 0x0F, 0x00,
    0x00, 0x0F, 0x00, 0x00, 0x1F, 0x00, 0x00, 0xFE, 0x00, 0x00, 0xFE, 0x00, 0x00, 0xF8, 0x00, 0x00,
    0x0F, 0xF8, 0x0F, 0x0F, 0xF8, 0x0F, 0x0F, 0xFC, 0x0F, 0x00, 0xFC, 0x0F, 0x00, 0xFE, 0x0F, 0x0F,
    0xEF, 0x0F, 0x0F, 0xEF, 0x0F, 0x0F, 0xE7, 0x8F, 0x0F, 0xE7, 0x8F, 0x0F, 0xE3, 0xCF, 0x0F, 0xE3,
    0xCF, 0x0F, 0xE1, 0xEF, 0x0F, 0xE0, 0xEF, 0x0F, 0xE0, 0xFF, 0x0F, 0xE0, 0x7F, 0x0F, 0xE0, 0x7F,
    0x0F, 0xE0, 0x3F, 0x0F, 0xE0, 0x3F, 0x0F, 0x00, 0x00, 0x0F, 0x00, 0x00, 0x0F, 0x00, 0x00, 0x0F,
    0x00, 0x00, 0x7F, 0x00, 0x00, 0x7E, 0x00, 0x00, 0x7C, 0x00, 0x00, 0xF0, 0x00, 0x0F, 0x00, 0x00,
    0xF0, 0x00, 0x00, 0x00, 0x00, 0x0E, 0x3E, 0x0F, 0xEF, 0xF0, 0xFF, 0xFF, 0x8F, 0xF8, 0xF8, 0xFF,
    0x07, 0x8F, 0xF0, 0x78, 0xFF, 0x07, 0x8F, 0xF0, 0x78, 0xFF, 0x07, 0x8F, 0xF0, 0x78, 0xFF, 0x07,
    0x8F, 0xF0, 0x78, 0xFF, 0x07, 0x8F, 0xF0, 0x78, 0xF0, 0x00, 0x0F, 0x00, 0x00, 0xF0, 0x00, 0x0F,
    0x00, 0x07, 0xF0, 0x00, 0x7E, 0x00, 0x07, 0xC0, 0x07, 0x38, 0x00, 0xEC, 0x00, 0x3F, 0x00, 0x07,
    0x80, 0x00, 0x00, 0x00, 0x7C, 0x00, 0x3F, 0x00, 0x0F, 0xC0, 0x03, 0xF8, 0x01, 0xFE, 0x00, 0x7B,
    0x80, 0x1C, 0xF0, 0x0F, 0x3C, 0x03, 0xC7, 0x01, 0xE1, 0xE0, 0x78, 0x78, 0x1F, 0xFE, 0x0F, 0xFF,
    0xC3, 0xFF, 0xF0, 0xF0, 0x1E, 0x78, 0x07, 0x9E, 0x01, 0xE7, 0x80, 0x3C, 0x18, 0xE0, 0xEE, 0x03,
    0xE0, 0x0F, 0x00, 0x00, 0x07, 0xE0, 0xFF, 0xCF, 0xFE, 0x78, 0xFF, 0x83, 0xC0, 0x1E, 0x1F, 0xF7,
    0xFF, 0xFC, 0x3F, 0xC1, 0xFE, 0x1F, 0xFF, 0xFB, 0xFB, 0xCF, 0x8E, 0xC0, 0xFC, 0xF7, 0xF8, 0xFC,
    0x1E, 0x00, 0x07, 0xF9, 0xFE, 0x3F, 0x07, 0x81, 0xE0, 0x78, 0x1E, 0x07, 0x81, 0xE0, 0x78, 0x1E,
    0x07, 0x81, 0xE0, 0x78, 0x1E, 0x0F, 0xC7, 0xF9, 0xFE, 0xE1, 0xEF, 0x70, 0xFE, 0x0F, 0x80, 0x00,
    0x3C, 0x07, 0x80, 0xF0, 0x1E, 0x03, 0xC0, 0x78, 0x0F, 0x01, 0xE0, 0x3C, 0x07, 0x80, 0xF0, 0x1E,
    0x03, 0xC0, 0x78, 0x00, 0x0E, 0x1C, 0x07, 0x9C, 0x01, 0xFC, 0x00, 0x7E, 0x00, 0x1E, 0x00, 0x00,
    0x00, 0x1F, 0xC0, 0x3F, 0xF8, 0x3F, 0xFE, 0x3E, 0x0F, 0x9E, 0x03, 0xDF, 0x01, 0xFF, 0x00, 0x7F,
    0x80, 0x3F, 0xC0, 0x1F, 0xE0, 0x0F, 0xF0, 0x07, 0xF8, 0x03, 0xFE, 0x03, 0xEF, 0x01, 0xE7, 0xC1,
    0xF1, 0xFF, 0xF0, 0x7F, 0xF0, 0x0F, 0xE0, 0x38, 0x70, 0xEF, 0x03, 0xF0, 0x0F, 0x00, 0x00, 0x07,
    0xC0, 0xFF, 0x8F, 0xFE, 0x78, 0xF7, 0x83, 0xFC, 0x1F, 0xE0, 0xFF, 0x07, 0xF8, 0x3F, 0xC1, 0xEF,
    0x1E, 0x7F, 0xF1, 0xFF, 0x03, 0xE0, 0x38, 0x38, 0x3D, 0xE0, 0x3F, 0x80, 0x3E, 0x00, 0x7C, 0x00,
    0x00, 0x3C, 0x07, 0xF8, 0x0F, 0xF0, 0x1F, 0xE0, 0x3F, 0xC0, 0x7F, 0x80, 0xFF, 0x01, 0xFE, 0x03,
    0xFC, 0x07, 0xF8, 0x0F, 0xF0, 0x1F, 0xE0, 0x3F, 0xC0, 0x7F, 0x80, 0xF7, 0x83, 0xCF, 0xFF, 0x8F,
    0xFE, 0x07, 0xF0, 0x38, 0x70, 0xEF, 0x03, 0xF0, 0x0F, 0x00, 0x00, 0x78, 0x3F, 0xC1, 0xFE, 0x0F,
    0xF0, 0x7F, 0x83, 0xFC, 0x1F, 0xE0, 0xFF, 0x07, 0xF8, 0x3F, 0xC1, 0xFF, 0x1F, 0xFF, 0xFB, 0xFD,
    0xCF, 0x8E, 0x1F, 0xF0, 0x3F, 0xE0, 0x7F, 0xC0, 0xE7, 0x81, 0xCF, 0x03, 0x9E, 0x00, 0x00, 0x00,
    0x00, 0xF0, 0x1F, 0xE0, 0x3F, 0xC0, 0x7F, 0x80, 0xFF, 0x01, 0xFE, 0x03, 0xFC, 0x07, 0xF8, 0x0F,
    0xF0, 0x1F, 0xE0, 0x3F, 0xC0, 0x7F, 0x80, 0xFF, 0x01, 0xFE, 0x03, 0xDE, 0x0F, 0x3F, 0xFE, 0x3F,
    0xF8, 0x1F, 0xC0, 0x3F, 0xE1, 0xFF, 0x0F, 0xF8, 0x00, 0x03, 0x9E, 0x1C, 0xF0, 0xE7, 0x80, 0x00,
    0xF0, 0x7F, 0x83, 0xFC, 0x1F, 0xE0, 0xFF, 0x07, 0xF8, 0x3F, 0xC1, 0xFE, 0x0F, 0xF0, 0x7F, 0x83,
    0xFE, 0x3F, 0xFF, 0xF7, 0xFB, 0x9F, 0x9C, 0x01, 0xF0, 0x03, 0x80, 0x0E, 0x00, 0xE7, 0x01, 0xCE,
    0x03, 0x9C, 0x00, 0x00, 0x00, 0x00, 0xF0, 0x1F, 0xE0, 0x3F, 0xC0, 0x7F, 0x80, 0xFF, 0x01, 0xFE,
    0x03, 0xFC, 0x07, 0xF8, 0x0F, 0xF0, 0x1F, 0xE0, 0x3F, 0xC0, 0x7F, 0x80, 0xFF, 0x01, 0xFE, 0x03,
    0xDE, 0x0F, 0x3F, 0xFE, 0x3F, 0xF8, 0x1F, 0xC0, 0x03, 0xE0, 0x1C, 0x01, 0xC0, 0x00, 0x03, 0x9C,
    0x1C, 0xE0, 0xE7, 0x00, 0x00, 0xF0, 0x7F, 0x83, 0xFC, 0x1F, 0xE0, 0xFF, 0x07, 0xF8, 0x3F, 0xC1,
    0xFE, 0x0F, 0xF0, 0x7F, 0x83, 0xFE, 0x3F, 0xFF, 0xF7, 0xFF, 0x9F, 0x3C, 0x18, 0x30, 0x39, 0xC0,
    0x3F, 0x00, 0x3C, 0x01, 0xCE, 0x03, 0x9C, 0x07, 0x38, 0x00, 0x00, 0x00, 0x01, 0xE0, 0x3F, 0xC0,
    0x7F, 0x80, 0xFF, 0x01, 0xFE, 0x03, 0xFC, 0x07, 0xF8, 0x0F, 0xF0, 0x1F, 0xE0, 0x3F, 0xC0, 0x7F,
    0x80, 0xFF, 0x01, 0xFE, 0x03, 0xFC, 0x07, 0xBC, 0x1E, 0x7F, 0xFC, 0x7F, 0xF0, 0x3F, 0x80, 0x30,
    0x61, 0xCE, 0x07, 0xE0, 0x1E, 0x00, 0x00, 0x1C, 0xE0, 0xE7, 0x07, 0x38, 0x00, 0x07, 0x83, 0xFC,
    0x1F, 0xE0, 0xFF, 0x07, 0xF8, 0x3F, 0xC1, 0xFE, 0x0F, 0xF0, 0x7F, 0x83, 0xFC, 0x1F, 0xF1, 0xFF,
    0xFF, 0xBF, 0xFC, 0xF9, 0xE0, 0x1E, 0x00, 0x1E, 0x00, 0x1E, 0x00, 0xE7, 0x01, 0xCE, 0x03, 0x9C,
    0x00, 0x00, 0x00, 0x00, 0xF0, 0x1F, 0xE0, 0x3F, 0xC0, 0x7F, 0x80, 0xFF, 0x01, 0xFE, 0x03, 0xFC,
    0x07, 0xF8, 0x0F, 0xF0, 0x1F, 0xE0, 0x3F, 0xC0, 0x7F, 0x80, 0xFF, 0x01, 0xFE, 0x03, 0xDE, 0x0F,
    0x3F, 0xFE, 0x3F, 0xF8, 0x1F, 0xC0, 0x3C, 0x00, 0xF0, 0x03, 0xC0, 0x00, 0x03, 0x9C, 0x1C, 0xE0,
    0xE7, 0x00, 0x00, 0xF0, 0x7F, 0x83, 0xFC, 0x1F, 0xE0, 0xFF, 0x07, 0xF8, 0x3F, 0xC1, 0xFE, 0x0F,
    0xF0, 0x7F, 0x83, 0xFE, 0x3F, 0xFF, 0xF7, 0xFF, 0x9F, 0x3C, 0x3F, 0x83, 0xFF, 0x1F, 0xFC, 0x81,
    0xE0, 0x07, 0x80, 0x3F, 0xFF, 0xFF, 0xFF, 0xFF, 0xFF, 0x83, 0xFE, 0x3C, 0xFF, 0xE3, 0xFE, 0x0F,
    0xC0, 0x07, 0xFC, 0x00, 0xFF, 0x80, 0x1F, 0xF0, 0x00, 0x00, 0x00, 0x73, 0xC0, 0x0E, 0x78, 0x01,
    0xCF, 0x00, 0x00, 0x00, 0x03, 0xF0, 0x00, 0x7E, 0x00, 0x0F, 0xE0, 0x03, 0xFC, 0x00, 0x7F, 0x80,
    0x0E, 0x78, 0x03, 0xCF, 0x00, 0x79, 0xF0, 0x0F, 0x1E, 0x03, 0xC3, 0xC0, 0x78, 0x3C, 0x0F, 0xFF,
    0x83, 0xFF, 0xF0, 0x7F, 0xFF, 0x0F, 0x01, 0xE3, 0xC0, 0x3E, 0x78, 0x03, 0xCF, 0x00, 0x78, 0x1F,
    0xE1, 0xFE, 0x1F, 0xE0, 0x00, 0x1D, 0xE1, 0xDE, 0x1D, 0xE0, 0x00, 0x0F, 0xC3, 0xFE, 0x3F, 0xF1,
    0x0F, 0x00, 0xF1, 0xFF, 0x7F, 0xFF, 0x8F, 0xF0, 0xFF, 0x0F, 0xF1, 0xFF, 0xFF, 0x7F, 0x73, 0xE7,
    0x07, 0xF8, 0x01, 0xFE, 0x00, 0x7F, 0x80, 0x00, 0x00, 0x01, 0xE0, 0x00, 0x78, 0x00, 0x1E, 0x00,
    0x00, 0x00, 0x03, 0xF0, 0x00, 0xFC, 0x00, 0x3F, 0x00, 0x1F, 0xE0, 0x07, 0xF8, 0x01, 0xCE, 0x00,
    0xF3, 0xC0, 0x3C, 0xF0, 0x0E, 0x1C, 0x07, 0x87, 0x81, 0xE1, 0xE0, 0x7F, 0xF8, 0x3F, 0xFF, 0x0F,
    0xFF, 0xC3, 0xC0, 0xF1, 0xE0, 0x1E, 0x78, 0x07, 0x9E, 0x01, 0xE0, 0x1F, 0xE1, 0xFE, 0x1F, 0xE0,
    0x00, 0x0F, 0x00, 0xF0, 0x0F, 0x00, 0x00, 0x0F, 0xC3, 0xFE, 0x3F, 0xF1, 0x0F, 0x00, 0xF1, 0xFF,
    0x7F, 0xFF, 0x8F, 0xF0, 0xFF, 0x0F, 0xF1, 0xFF, 0xFF, 0x7F, 0x73, 0xE7, 0x00, 0xFF, 0x00, 0x03,
    0xFC, 0x00, 0x0F, 0xF0, 0x00, 0x00, 0x00, 0x01, 0xFF, 0xFC, 0x07, 0xFF, 0xF0, 0x3F, 0xFF, 0xC0,
    0xE7, 0x80, 0x03, 0x9E, 0x00, 0x1E, 0x78, 0x00, 0x71, 0xE0, 0x03, 0xC7, 0xFF, 0x0F, 0x1F, 0xFC,
    0x78, 0x7F, 0xF1, 0xE1, 0xE0, 0x0F, 0xFF, 0x80, 0x3F, 0xFE, 0x00, 0xFF, 0xF8, 0x07, 0x81, 0xE0,
    0x1E, 0x07, 0xFF, 0xF0, 0x1F, 0xFF, 0xC0, 0x7F, 0xF0, 0x01, 0xFE, 0x00, 0x0F, 0xF0, 0x00, 0x7F,
    0x80, 0x00, 0x00, 0x01, 0xF8, 0xFC, 0x3F, 0xEF, 0xF0, 0xFF, 0xFF, 0xC4, 0x1F, 0x1F, 0x00, 0xF0,
    0x78, 0xFF, 0xFF, 0xDF, 0xFF, 0xFF, 0xF1, 0xFF, 0xFF, 0x0F, 0x00, 0x78, 0x78, 0x03, 0xC7, 0xE0,
    0x5F, 0xFF, 0xFE, 0x7F, 0x9F, 0xF1, 0xF0, 0x7F, 0x00, 0x07, 0xF0, 0x07, 0xFE, 0x03, 0xFF, 0xC1,
    0xF0, 0xF8, 0x78, 0x1F, 0x1E, 0x03, 0xCF, 0x00, 0x03, 0xC0, 0x00, 0xF0, 0xFF, 0x3C, 0x3F, 0xCF,
    0x00, 0xF3, 0xC3, 0xFF, 0xF8, 0xFF, 0xDE, 0x07, 0x87, 0xC3, 0xE0, 0xFF, 0xF0, 0x1F, 0xF8, 0x01,
    0xF8, 0x00, 0x1E, 0x78, 0x7E, 0xF1, 0xFF, 0xE7, 0xC7, 0xCF, 0x07, 0x9E, 0x0F, 0x3C, 0xFF, 0xF9,
    0xFF, 0xF0, 0x79, 0xF1, 0xF1, 0xFF, 0xE1, 0xFF, 0xC1, 0xE7, 0x80, 0x0F, 0x1E, 0x3E, 0x3F, 0xF8,
    0x3F, 0xE0, 0x1F, 0x80, 0x06, 0x38, 0x07, 0x70, 0x03, 0xE0, 0x03, 0xE0, 0x00, 0x00, 0x00, 0x00,
    0x07, 0xF0, 0x1F, 0xF8, 0x3F, 0xFC, 0x7E, 0x1E, 0x78, 0x0F, 0x78, 0x0F, 0xF0, 0x00, 0xF0, 0x00,
    0xF0, 0x7F, 0xF0, 0x7F, 0xF0, 0x7F, 0xF0, 0x07, 0x78, 0x0F, 0x78, 0x0F, 0x7C, 0x1F, 0x3F, 0xFF,
    0x1F, 0xFB, 0x07, 0xE3, 0x1C, 0xC0, 0x6E, 0x03, 0xE0, 0x0F, 0x00, 0x00, 0x0F, 0x3C, 0xFD, 0xEF,
    0xFF, 0xF8, 0xFF, 0x83, 0xFC, 0x1F, 0xE0, 0xFF, 0x07, 0xF8, 0x3F, 0xE3, 0xEF, 0xFF, 0x3F, 0xF8,
    0xF3, 0xC0, 0x1E, 0xF1, 0xF7, 0xFF, 0x1F, 0xF0, 0x3F, 0x00, 0x1C, 0xE0, 0x19, 0x80, 0x3F, 0x00,
    0x3C, 0x00, 0x00, 0x1E, 0x07, 0xBC, 0x1F, 0x78, 0x7C, 0xF0, 0xF1, 0xE3, 0xC3, 0xCF, 0x07, 0xBE,
    0x0F, 0xF8, 0x1F, 0xF0, 0x3F, 0xE0, 0x7F, 0xE0, 0xF9, 0xE1, 0xE3, 0xC3, 0xC3, 0xC7, 0x83, 0xCF,
    0x07, 0xDE, 0x07, 0xBC, 0x07, 0x80, 0xE7, 0x00, 0x66, 0x00, 0x7E, 0x00, 0x3C, 0x00, 0x00, 0x00,
    0x3C, 0x00, 0x3C, 0x00, 0x3C, 0x00, 0x3C, 0x00, 0x3C, 0x1E, 0x3C, 0x3C, 0x3C, 0x78, 0x3C, 0xF0,
    0x3D, 0xE0, 0x3F, 0xE0, 0x3F, 0xE0, 0x3F, 0xE0, 0x3E, 0xF0, 0x3E, 0x78, 0x3C, 0x78, 0x3C, 0x3C,
    0x3C, 0x1E, 0x3C, 0x1E, 0x07, 0xF0, 0x0F, 0xFE, 0x0F, 0xFF, 0x8F, 0x83, 0xE7, 0x80, 0xF7, 0xC0,
    0x7F, 0xC0, 0x1F, 0xE0, 0x0F, 0xF0, 0x07, 0xF8, 0x03, 0xFC, 0x01, 0xFE, 0x00, 0xFF, 0x80, 0xFB,
    0xC0, 0x79, 0xF0, 0x7C, 0x7F, 0xFC, 0x1F, 0xFC, 0x03, 0xF8, 0x00, 0x70, 0x00, 0x70, 0x00, 0x38,
    0x00, 0x1F, 0x00, 0x0F, 0x80, 0x03, 0xC0, 0x0F, 0x81, 0xFF, 0x1F, 0xFC, 0xF1, 0xEF, 0x07, 0xF8,
    0x3F, 0xC1, 0xFE, 0x0F, 0xF0, 0x7F, 0x83, 0xDE, 0x3C, 0xFF, 0xE3, 0xFE, 0x07, 0xC0, 0x18, 0x01,
    0xC0, 0x0E, 0x00, 0x7C, 0x03, 0xE0, 0x0F, 0x00, 0x07, 0xF8, 0x03, 0xFC, 0x01, 0xFE, 0x00, 0x00,
    0x00, 0x7F, 0x00, 0xFF, 0xE0, 0xFF, 0xF8, 0xF8, 0x3E, 0x78, 0x0F, 0x7C, 0x07, 0xFC, 0x01, 0xFE,
    0x00, 0xFF, 0x00, 0x7F, 0x80, 0x3F, 0xC0, 0x1F, 0xE0, 0x0F, 0xF8, 0x0F, 0xBC, 0x07, 0x9F, 0x07,
    0xC7, 0xFF, 0xC1, 0xFF, 0xC0, 0x3F, 0x80, 0x06, 0x00, 0x07, 0x00, 0x03, 0x80, 0x01, 0xF0, 0x00,
    0xF8, 0x00, 0x3C, 0x00, 0x1F, 0xE0, 0xFF, 0x07, 0xF8, 0x00, 0x00, 0xF8, 0x1F, 0xF1, 0xFF, 0xCF,
    0x1E, 0xF0, 0x7F, 0x83, 0xFC, 0x1F, 0xE0, 0xFF, 0x07, 0xF8, 0x3D, 0xE3, 0xCF, 0xFE, 0x3F, 0xE0,
    0x7C, 0x01, 0x80, 0x1C, 0x00, 0xE0, 0x07, 0xC0, 0x3E, 0x00, 0xF0, 0x38, 0x70, 0x73, 0xC0, 0xFE,
    0x03, 0xF0, 0x07, 0x80, 0x00, 0x07, 0xFF, 0x9F, 0xFE, 0x7F, 0xF8, 0x07, 0xC0, 0x3E, 0x01, 0xF0,
    0x0F, 0x80, 0x7C, 0x01, 0xFF, 0x07, 0xFE, 0x00, 0x7C, 0x00, 0xF0, 0x03, 0xC0, 0x0F, 0xC0, 0x7F,
    0xFF, 0xEF, 0xFF, 0x0F, 0xF0, 0x38, 0xF0, 0xEF, 0x03, 0xF0, 0x1F, 0x00, 0x00, 0x3F, 0xFD, 0xFF,
    0xEF, 0xFF, 0x01, 0xF0, 0x1F, 0x01, 0xF0, 0x1E, 0x01, 0xE0, 0x0F, 0xE0, 0x7F, 0x80, 0xFE, 0x00,
    0xF8, 0x03, 0xC0, 0x1E, 0x00, 0xF0, 0x07, 0xE0, 0x7B, 0xFF, 0xDF, 0xFC, 0x3F, 0x80, 0xE1, 0xEF,
    0x70, 0xFE, 0x0F, 0x80, 0x00, 0x3C, 0x07, 0x80, 0xF0, 0x1E, 0x03, 0xC0, 0x78, 0x0F, 0x01, 0xE0,
    0x3C, 0x07, 0x80, 0xF0, 0x1E, 0x03, 0xC0, 0x78, 0x0F, 0x01, 0xE0, 0x3C, 0x3F, 0x87, 0xE0, 0xF8,
    0x00, 0xFF, 0xC0, 0x7F, 0xFF, 0xFF, 0xC1, 0xFF, 0xFF, 0xFF, 0x87, 0xFF, 0xFC, 0x3F, 0x00, 0x1E,
    0xF0, 0x3C, 0x00, 0xFB, 0xC0, 0xF8, 0x03, 0xCF, 0x01, 0xE0, 0x1E, 0x3C, 0x07, 0x80, 0xF8, 0xF0,
    0x1E, 0x03, 0xC3, 0xC0, 0x78, 0x1E, 0x0F, 0x01, 0xE0, 0xF8, 0x3C, 0x07, 0x83, 0xC0, 0xF0, 0x3C,
    0x1E, 0x03, 0xC0, 0xF0, 0xF8, 0x0F, 0x0F, 0x83, 0xC0, 0x3F, 0xFE, 0x1F, 0xFF, 0xFF, 0xE0, 0x7F,
    0xFF, 0xFE, 0x01, 0xFF, 0xF0, 0xFF, 0xC0, 0x00, 0x0F, 0xFF, 0x00, 0x00, 0xFF, 0xF8, 0x00, 0x0F,
    0x0F, 0xC0, 0x00, 0xF0, 0x3C, 0x3F, 0xFF, 0x03, 0xE3, 0xFF, 0xF0, 0x1E, 0x3F, 0xFF, 0x01, 0xE0,
    0x1E, 0xF0, 0x1E, 0x01, 0xEF, 0x01, 0xE0, 0x3C, 0xF0, 0x1E, 0x07, 0x8F, 0x01, 0xE0, 0xF8, 0xF0,
    0x3C, 0x1F, 0x0F, 0x03, 0xC1, 0xE0, 0xF0, 0xF8, 0x3C, 0x0F, 0xFF, 0x87, 0xFF, 0xFF, 0xE0, 0x7F,
    0xFF, 0xF8, 0x07, 0xFF, 0x00, 0x78, 0x00, 0x00, 0x1E, 0x00, 0x00, 0x07, 0x80, 0x00, 0x01, 0xE0,
    0x00, 0x00, 0x78, 0x00, 0x07, 0xDE, 0x3F, 0xF3, 0xFF, 0x8F, 0xFD, 0xFF, 0xE3, 0xFF, 0xF8, 0xF8,
    0x07, 0xBC, 0x1E, 0x01, 0xEF, 0x07, 0x80, 0xF3, 0xC1, 0xE0, 0x78, 0xF0, 0x78, 0x3E, 0x3C, 0x1E,
    0x1F, 0x0F, 0x07, 0x87, 0x83, 0xE3, 0xE3, 0xC0, 0x7F, 0xF9, 0xFF, 0xCF, 0xFE, 0x7F, 0xF1, 0xE3,
    0x9F, 0xFC, 0x00, 0x78, 0x01, 0xE0, 0x07, 0x80, 0x1E, 0x00, 0x30, 0x00, 0x00, 0x00, 0xFE, 0x07,
    0xFF, 0x3F, 0xFC, 0x7C, 0x19, 0xF0, 0x03, 0xC0, 0x0F, 0x00, 0x1E, 0x00, 0x3C, 0x3F, 0xF8, 0x7F,
    0xF0, 0xFF, 0xE0, 0x3F, 0xE0, 0x7B, 0xC0, 0xF7, 0xC1, 0xE7, 0xFF, 0xC7, 0xFF, 0x83, 0xFC, 0x01,
    0xE0, 0x1E, 0x01, 0xE0, 0x0C, 0x00, 0x00, 0x0F, 0x3C, 0xFF, 0xEF, 0xFF, 0xF8, 0xFF, 0x83, 0xFC,
    0x1F, 0xE0, 0xFF, 0x07, 0xF8, 0x3F, 0xC1, 0xFF, 0x1F, 0x7F, 0xF9, 0xFF, 0xC7, 0x9E, 0x00, 0xF0,
    0x07, 0xA0, 0x7D, 0xFF, 0xCF, 0xFC, 0x3F, 0xC0, 0xF0, 0x3C, 0x03, 0xC0, 0xF0, 0x0F, 0x03, 0xC0,
    0x3C, 0x0F, 0x00, 0xF0, 0x3C, 0x3F, 0xC0, 0xF0, 0xFF, 0x03, 0xC3, 0xFF, 0xFF, 0x0F, 0xFF, 0xFC,
    0x3F, 0xFF, 0xF0, 0xFF, 0x03, 0xC3, 0xFC, 0x0F, 0x0F, 0xF0, 0x3C, 0x3F, 0xC0, 0xF0, 0xFF, 0x03,
    0xE7, 0xFC, 0x07, 0xFE, 0xF0, 0x1F, 0xF3, 0xC0, 0x1F, 0x80, 0xE3, 0xC7, 0x3F, 0x3F, 0xFD, 0xF9,
    0xFF, 0x87, 0xF8, 0x3F, 0xC1, 0xFE, 0x0F, 0xF0, 0x7F, 0x87, 0xFC, 0x3D, 0xE3, 0xEF, 0x1E, 0x7B,
    0xF3, 0xFF, 0x1F, 0xF0, 0xFE, 0x07, 0xC0, 0x3C, 0x01, 0xE0, 0x0F, 0x00, 0x78, 0x03, 0xC0, 0x1E,
    0x00, 0x0F, 0x00, 0x0F, 0x80, 0x03, 0x80, 0x01, 0xC0, 0x00, 0xE0, 0x00, 0x00, 0xF8, 0x0F, 0xF8,
    0x0F, 0xFC, 0x0F, 0xFC, 0x0F, 0xFE, 0x0F, 0xEF, 0x0F, 0xEF, 0x0F, 0xE7, 0x8F, 0xE7, 0x8F, 0xE3,
    0xCF, 0xE3, 0xCF, 0xE1, 0xEF, 0xE1, 0xEF, 0xE0, 0xFF, 0xE0, 0x7F, 0xE0, 0x7F, 0xE0, 0x3F, 0xE0,
    0x3F, 0x1E, 0x00, 0x78, 0x01, 0xE0, 0x03, 0x80, 0x00, 0x71, 0xF3, 0xBF, 0xDF, 0xFF, 0xF8, 0xFF,
    0x83, 0xFC, 0x1F, 0xE0, 0xFF, 0x07, 0xF8, 0x3F, 0xC1, 0xFE, 0x0F, 0xF0, 0x7F, 0x83, 0xFC, 0x1E,
    0x00, 0x78, 0x00, 0x3C, 0x00, 0x0E, 0x00, 0x07, 0x80, 0x03, 0xF0, 0x00, 0xCC, 0x00, 0x33, 0x00,
    0x0F, 0x80, 0x03, 0xF0, 0x00, 0xFC, 0x00, 0x7F, 0x80, 0x1F, 0xE0, 0x07, 0x38, 0x03, 0xCF, 0x00,
    0xF3, 0xC0, 0x38, 0x70, 0x1E, 0x1E, 0x07, 0xFF, 0x83, 0xFF, 0xF0, 0xFF, 0xFC, 0x3C, 0x0F, 0x1E,
    0x01, 0xE7, 0x80, 0x79, 0xE0, 0x1E, 0x01, 0xE0, 0x3C, 0x07, 0x00, 0x00, 0x07, 0x80, 0xFC, 0x0C,
    0xC0, 0xCC, 0x07, 0x80, 0x00, 0x00, 0x00, 0xFC, 0x3F, 0xE3, 0xFF, 0x10, 0xF0, 0x0F, 0x1F, 0xF7,
    0xFF, 0xF8, 0xFF, 0x0F, 0xF0, 0xFF, 0x1F, 0xFF, 0xF7, 0xF7, 0x3E, 0x70, 0x00, 0x07, 0xC0, 0x00,
    0x0F, 0x00, 0x00, 0x3C, 0x00, 0x00, 0xE0, 0x00, 0x03, 0x80, 0x00, 0x00, 0x00, 0x00, 0x3F, 0xFF,
    0x80, 0x7F, 0xFF, 0x01, 0xFF, 0xFE, 0x03, 0x9E, 0x00, 0x0F, 0x3C, 0x00, 0x1E, 0x78, 0x00, 0x78,
    0xF0, 0x00, 0xF1, 0xFF, 0x81, 0xC3, 0xFF, 0x07, 0x87, 0xFE, 0x0F, 0x0F, 0x00, 0x3F, 0xFE, 0x00,
    0x7F, 0xFC, 0x01, 0xFF, 0xF8, 0x03, 0xC0, 0xF0, 0x0F, 0x01, 0xFF, 0xDE, 0x03, 0xFF, 0xB8, 0x07,
    0xFF, 0x00, 0x3E, 0x00, 0x01, 0xC0, 0x00, 0x1C, 0x00, 0x01, 0xC0, 0x00, 0x00, 0x00, 0x0F, 0xC7,
    0xE1, 0xFF, 0x7F, 0x87, 0xFF, 0xFE, 0x20, 0xF8, 0xF8, 0x07, 0x83, 0xC7, 0xFF, 0xFE, 0xFF, 0xFF,
    0xFF, 0x8F, 0xFF, 0xF8, 0x78, 0x03, 0xC3, 0xC0, 0x1E, 0x3F, 0x02, 0xFF, 0xFF, 0xF3, 0xFC, 0xFF,
    0x8F, 0x83, 0xF8, 0x00, 0x78, 0x00, 0x7C, 0x00, 0x38, 0x00, 0x38, 0x00, 0x18, 0x00, 0x00, 0x00,
    0x1F, 0xDC, 0x3F, 0xFC, 0x3F, 0xFE, 0x3E, 0x0F, 0x9E, 0x0F, 0xDF, 0x0F, 0xFF, 0x07, 0x7F, 0x87,
    0x3F, 0xC7, 0x1F, 0xE3, 0x8F, 0xF3, 0x87, 0xFB, 0x83, 0xFF, 0xC3, 0xEF, 0xC1, 0xE7, 0xC1, 0xF1,
    0xFF, 0xF0, 0xFF, 0xF0, 0xEF, 0xE0, 0x10, 0x00, 0x00, 0x03, 0xE0, 0x1C, 0x01, 0xC0, 0x1C, 0x00,
    0x00, 0x07, 0xF0, 0xFF, 0xCF, 0xFE, 0x79, 0xF7, 0x8F, 0xFC, 0xFF, 0xE6, 0xFF, 0x77, 0xFF, 0x3F,
    0xF1, 0xEF, 0x9E, 0x7F, 0xF1, 0xFF, 0x1F, 0xE0, 0x00, 0x00, 0x3D, 0xE0, 0x0E, 0x70, 0x03, 0x9C,
    0x00, 0xC6, 0x00, 0x00, 0x00, 0x1F, 0x00, 0x0F, 0x80, 0x0F, 0xE0, 0x07, 0xF0, 0x03, 0xBC, 0x03,
    0xDE, 0x01, 0xE7, 0x00, 0xF3, 0xC0, 0xF1, 0xE0, 0x78, 0xF0, 0x3C, 0x3C, 0x3F, 0xFE, 0x1F, 0xFF,
    0x0F, 0xFF, 0xCF, 0x01, 0xE7, 0x80, 0xF3, 0xC0, 0x3F, 0xC0, 0x1E, 0xF7, 0x07, 0x38, 0x3B, 0x81,
    0x9C, 0x00, 0x01, 0xFC, 0x3F, 0xE3, 0xFF, 0x00, 0xF0, 0x0F, 0x1F, 0xF7, 0xFF, 0xF8, 0xFF, 0x0F,
    0xF0, 0xFF, 0x1F, 0xFF, 0xF7, 0xF7, 0x3E, 0x70, 0x03, 0xE0, 0x03, 0xF8, 0x03, 0xFE, 0x01, 0x83,
    0x01, 0xC1, 0x80, 0x00, 0x00, 0x0F, 0x80, 0x0F, 0xC0, 0x07, 0xF0, 0x03, 0xF8, 0x03, 0xDC, 0x01,
    0xEF, 0x00, 0xE7, 0x80, 0xF1, 0xC0, 0x78, 0xF0, 0x3C, 0x78, 0x3C, 0x3C, 0x1F, 0xFF, 0x0F, 0xFF,
    0x8F, 0xFF, 0xC7, 0x80, 0xF3, 0xC0, 0x7B, 0xC0, 0x3D, 0xE0, 0x0F, 0x0F, 0x81, 0xFC, 0x3F, 0xE3,
    0x06, 0x00, 0x01, 0xFC, 0x3F, 0xE3, 0xFF, 0x00, 0xF0, 0x0F, 0x1F, 0xF7, 0xFF, 0xF8, 0xFF, 0x0F,
    0xF0, 0xFF, 0x1F, 0xFF, 0xF7, 0xF7, 0x3E, 0x70, 0xF7, 0x07, 0x38, 0x39, 0xC1, 0x8C, 0x00, 0x07,
    0xFF, 0x7F, 0xF7, 0xFF, 0x78, 0x07, 0x80, 0x78, 0x07, 0x80, 0x7F, 0xE7, 0xFE, 0x7F, 0xE7, 0x80,
    0x78, 0x07, 0x80, 0x78, 0x07, 0x80, 0x7F, 0xF7, 0xFF, 0x7F, 0xF0, 0xF7, 0x03, 0x9C, 0x0E, 0x60,
    0x31, 0x80, 0x00, 0x07, 0xE0, 0xFF, 0x8F, 0xFE, 0x78, 0xFF, 0x83, 0xFF, 0xFF, 0xFF, 0xFF, 0xFF,
    0xF8, 0x03, 0xC0, 0x0F, 0x02, 0x7F, 0xF1, 0xFF, 0x83, 0xF8, 0x1F, 0x07, 0xF1, 0xFF, 0x30, 0x6E,
    0x0C, 0x00, 0x3F, 0xFF, 0xFF, 0xFF, 0xFE, 0x03, 0xC0, 0x78, 0x0F, 0x01, 0xFF, 0xBF, 0xF7, 0xFE,
    0xF0, 0x1E, 0x03, 0xC0, 0x78, 0x0F, 0x01, 0xFF, 0xFF, 0xFF, 0xFF, 0x0F, 0x80, 0xFE, 0x0F, 0xF8,
    0x60, 0xC0, 0x00, 0x07, 0xE0, 0xFF, 0x8F, 0xFE, 0x78, 0xFF, 0x83, 0xFF, 0xFF, 0xFF, 0xFF, 0xFF,
    0xF8, 0x03, 0xC0, 0x0F, 0x02, 0x7F, 0xF1, 0xFF, 0x83, 0xF8, 0x77, 0x8F, 0x78, 0xE7, 0x0E, 0x70,
    0x00, 0x3F, 0xC7, 0xF8, 0x7E, 0x07, 0x80, 0xF0, 0x1E, 0x03, 0xC0, 0x78, 0x0F, 0x01, 0xE0, 0x3C,
    0x07, 0x80, 0xF0, 0x1E, 0x03, 0xC0, 0xFC, 0x3F, 0xC7, 0xF8, 0xF7, 0x8F, 0x78, 0xE7, 0x0E, 0x70,
    0x00, 0x0F, 0x01, 0xE0, 0x3C, 0x07, 0x80, 0xF0, 0x1E, 0x03, 0xC0, 0x78, 0x0F, 0x01, 0xE0, 0x3C,
    0x07, 0x80, 0xF0, 0x1E, 0x00, 0x1F, 0x0F, 0xE7, 0xFF, 0x83, 0xC0, 0xC0, 0x07, 0xF9, 0xFE, 0x3F,
    0x07, 0x81, 0xE0, 0x78, 0x1E, 0x07, 0x81, 0xE0, 0x78, 0x1E, 0x07, 0x81, 0xE0, 0x78, 0x1E, 0x0F,
    0xC7, 0xF9, 0xFE, 0x1F, 0x1F, 0xEF, 0xFF, 0x83, 0x00, 0x07, 0x81, 0xE0, 0x78, 0x1E, 0x07, 0x81,
    0xE0, 0x78, 0x1E, 0x07, 0x81, 0xE0, 0x78, 0x1E, 0x07, 0x81, 0xE0, 0x3D, 0xE0, 0x0E, 0x70, 0x03,
    0x9C, 0x00, 0xC6, 0x00, 0x00, 0x00, 0x00, 0x00, 0x1F, 0xC0, 0x3F, 0xF8, 0x3F, 0xFE, 0x3E, 0x0F,
    0x9E, 0x03, 0xDF, 0x01, 0xFF, 0x00, 0x7F, 0x80, 0x3F, 0xC0, 0x1F, 0xE0, 0x0F, 0xF0, 0x07, 0xF8,
    0x03, 0xFE, 0x03, 0xEF, 0x01, 0xE7, 0xC1, 0xF1, 0xFF, 0xF0, 0x7F, 0xF0, 0x0F, 0xE0, 0xF7, 0x03,
    0x9C, 0x0E, 0x60, 0x31, 0x80, 0x00, 0x07, 0xC0, 0xFF, 0x8F, 0xFE, 0x78, 0xF7, 0x83, 0xFC, 0x1F,
    0xE0, 0xFF, 0x07, 0xF8, 0x3F, 0xC1, 0xEF, 0x1E, 0x7F, 0xF1, 0xFF, 0x03, 0xE0, 0x03, 0xE0, 0x03,
    0xF8, 0x03, 0xFE, 0x01, 0x83, 0x00, 0xC1, 0x80, 0x00, 0x00, 0x1F, 0xC0, 0x3F, 0xF8, 0x3F, 0xFE,
    0x3E, 0x0F, 0x9E, 0x03, 0xDF, 0x01, 0xFF, 0x00, 0x7F, 0x80, 0x3F, 0xC0, 0x1F, 0xE0, 0x0F, 0xF0,
    0x07, 0xF8, 0x03, 0xFE, 0x03, 0xEF, 0x01, 0xE7, 0xC1, 0xF1, 0xFF, 0xF0, 0x7F, 0xF0, 0x0F, 0xE0,
    0x0F, 0x80, 0xFE, 0x0F, 0xF8, 0x60, 0xC0, 0x00, 0x07, 0xC0, 0xFF, 0x8F, 0xFE, 0x78, 0xF7, 0x83,
    0xFC, 0x1F, 0xE0, 0xFF, 0x07, 0xF8, 0x3F, 0xC1, 0xEF, 0x1E, 0x7F, 0xF1, 0xFF, 0x03, 0xE0, 0x73,
    0x80, 0x79, 0xC0, 0x3C, 0xE0, 0x0C, 0x60, 0x00, 0x00, 0x7F, 0xE0, 0x7F, 0xF0, 0x7F, 0xF8, 0x78,
    0x7C, 0x78, 0x3C, 0x78, 0x3C, 0x78, 0x3C, 0x78, 0x78, 0x7F, 0xF8, 0x7F, 0xF0, 0x7F, 0xE0, 0x78,
    0xF0, 0x78, 0xF0, 0x78, 0x78, 0x78, 0x7C, 0x78, 0x3C, 0x78, 0x3E, 0x78, 0x1F, 0xF7, 0x8E, 0x70,
    0xE7, 0x0C, 0x60, 0x00, 0x71, 0xCE, 0xF9, 0xFF, 0x3F, 0x07, 0xC0, 0xF0, 0x1E, 0x03, 0xC0, 0x78,
    0x0F, 0x01, 0xE0, 0x3C, 0x07, 0x80, 0xF0, 0x00, 0x0F, 0x80, 0x3F, 0x80, 0xFF, 0x83, 0x83, 0x07,
    0x06, 0x00, 0x00, 0x3F, 0xF0, 0x7F, 0xF0, 0xFF, 0xF1, 0xE1, 0xF3, 0xC1, 0xE7, 0x83, 0xCF, 0x07,
    0x9E, 0x1E, 0x3F, 0xFC, 0x7F, 0xE0, 0xFF, 0xC1, 0xE3, 0xC3, 0xC7, 0x87, 0x87, 0x8F, 0x0F, 0x9E,
    0x0F, 0x3C, 0x1F, 0x78, 0x1F, 0x3E, 0x3F, 0xBF, 0xF8, 0x30, 0x07, 0x1F, 0xBF, 0xFF, 0xF8, 0x7C,
    0x3C, 0x1E, 0x0F, 0x07, 0x83, 0xC1, 0xE0, 0xF0, 0x78, 0x3C, 0x00, 0x7B, 0x80, 0x73, 0x80, 0x73,
    0x80, 0x63, 0x00, 0x00, 0x00, 0x00, 0x3C, 0x07, 0xF8, 0x0F, 0xF0, 0x1F, 0xE0, 0x3F, 0xC0, 0x7F,
    0x80, 0xFF, 0x01, 0xFE, 0x03, 0xFC, 0x07, 0xF8, 0x0F, 0xF0, 0x1F, 0xE0, 0x3F, 0xC0, 0x7F, 0x80,
    0xF7, 0x83, 0xCF, 0xFF, 0x8F, 0xFE, 0x07, 0xF0, 0xF7, 0x03, 0x9C, 0x0E, 0x70, 0x31, 0x80, 0x00,
    0x78, 0x3F, 0xC1, 0xFE, 0x0F, 0xF0, 0x7F, 0x83, 0xFC, 0x1F, 0xE0, 0xFF, 0x07, 0xF8, 0x3F, 0xC1,
    0xFF, 0x1F, 0xFF, 0xFB, 0xFD, 0xCF, 0x8E, 0x07, 0xC0, 0x1F, 0xC0, 0x7F, 0xC0, 0xC1, 0x81, 0x83,
    0x00, 0x00, 0x3C, 0x07, 0xF8, 0x0F, 0xF0, 0x1F, 0xE0, 0x3F, 0xC0, 0x7F, 0x80, 0xFF, 0x01, 0xFE,
    0x03, 0xFC, 0x07, 0xF8, 0x0F, 0xF0, 0x1F, 0xE0, 0x3F, 0xC0, 0x7F, 0x80, 0xF7, 0x83, 0xCF, 0xFF,
    0x8F, 0xFE, 0x07, 0xF0, 0x0F, 0x80, 0xFE, 0x0F, 0xF8, 0x60, 0xC0, 0x00, 0x78, 0x3F, 0xC1, 0xFE,
    0x0F, 0xF0, 0x7F, 0x83, 0xFC, 0x1F, 0xE0, 0xFF, 0x07, 0xF8, 0x3F, 0xC1, 0xFF, 0x1F, 0xFF, 0xFB,
    0xFF, 0xCF, 0x8E, 0x07, 0xE0, 0x3F, 0xE0, 0xFF, 0xE3, 0xE3, 0xE7, 0x83, 0xCF, 0x03, 0xDF, 0x00,
    0x1F, 0xC0, 0x3F, 0xF0, 0x1F, 0xF8, 0x03, 0xF0, 0x01, 0xF7, 0x81, 0xEF, 0x03, 0xDF, 0x0F, 0x9F,
    0xFE, 0x1F, 0xF8, 0x0F, 0xC0, 0x00, 0x00, 0x0E, 0x00, 0x1C, 0x00, 0x38, 0x00, 0x70, 0x00, 0xC0,
    0x1F, 0x87, 0xFC, 0xFF, 0xEF, 0x1F, 0xF0, 0xFF, 0x80, 0x7F, 0x81, 0xFE, 0x01, 0xFF, 0x0F, 0xF0,
    0xFF, 0xFF, 0x7F, 0xE1, 0xF8, 0x00, 0x00, 0x70, 0x07, 0x00, 0x70, 0x07, 0x00, 0x60, 0xFF, 0xFF,
    0xFF, 0xFF, 0xFF, 0xC1, 0xE0, 0x07, 0x80, 0x1E, 0x00, 0x78, 0x01, 0xE0, 0x07, 0x80, 0x1E, 0x00,
    0x78, 0x01, 0xE0, 0x07, 0x80, 0x1E, 0x00, 0x78, 0x01, 0xE0, 0x07, 0x80, 0x1E, 0x00, 0x00, 0x00,
    0xE0, 0x03, 0x80, 0x0E, 0x00, 0x38, 0x01, 0xC0, 0x3C, 0x0F, 0x03, 0xC3, 0xFF, 0xFF, 0xFF, 0xF3,
    0xC0, 0xF0, 0x3C, 0x0F, 0x03, 0xC0, 0xF0, 0x3C, 0x0F, 0x03, 0xFC, 0x7F, 0x0F, 0xC0, 0x00, 0xE0,
    0x38, 0x0E, 0x01, 0x80, 0xC0, 0x1F, 0xC7, 0xFF, 0xBF, 0xFC, 0xC1, 0xF0, 0x07, 0x80, 0x3C, 0x03,
    0xE0, 0x7E, 0x3F, 0xC0, 0xFF, 0x07, 0x3C, 0x00, 0xF0, 0x07, 0x80, 0x3C, 0x01, 0xE0, 0x1F, 0x01,
    0xF0, 0x1F, 0x87, 0xF9, 0xFF, 0x0F, 0xE0, 0x7C, 0x02, 0x00, 0x00, 0x3F, 0x1F, 0xF9, 0xFF, 0xA1,
    0xF0, 0x1E, 0x03, 0xC0, 0xF0, 0xFC, 0x3F, 0x87, 0xF8, 0x07, 0x80, 0xF0, 0x1E, 0x03, 0xC0, 0xF8,
    0x3E, 0x3F, 0x9F, 0xE3, 0xF0, 0x60, 0x00, 0x38, 0x38, 0x38, 0xE0, 0x3B, 0x80, 0x3F, 0x00, 0x3C,
    0x00, 0x00, 0x3C, 0x07, 0xF8, 0x0F, 0xF0, 0x1F, 0xE0, 0x3F, 0xC0, 0x7F, 0x80, 0xFF, 0x01, 0xFF,
    0xFF, 0xFF, 0xFF, 0xFF, 0xFF, 0xF0, 0x1F, 0xE0, 0x3F, 0xC0, 0x7F, 0x80, 0xFF, 0x01, 0xFE, 0x03,
    0xFC, 0x07, 0xF8, 0x0F, 0xC0, 0xE0, 0x71, 0xC0, 0x7F, 0x80, 0x3F, 0x00, 0x1F, 0x00, 0x00, 0x00,
    0x1E, 0x00, 0x1E, 0x00, 0x1E, 0x00, 0x1E, 0x00, 0x1E, 0x00, 0x1E, 0x7C, 0x1F, 0xFE, 0x1F, 0xFF,
    0x1F, 0x1F, 0x1F, 0x0F, 0x1E, 0x0F, 0x1E, 0x0F, 0x1E, 0x0F, 0x1E, 0x0F, 0x1E, 0x0F, 0x1E, 0x0F,
    0x1E, 0x0F, 0x1E, 0x0F, 0x1E, 0x0F, 0xF3, 0x9C, 0x70, 0x7B, 0xBD, 0xC0, 0x3C, 0x7E, 0x76, 0xE7,
    0x79, 0xBF, 0xFF, 0xD9, 0xE0, 0xFF, 0xFF, 0xF8, 0xFF, 0xFF, 0xFF, 0xFC, 0xC3, 0xE7, 0x7E, 0x3C,
    0xFF, 0xF0, 0xF7, 0xFB, 0xFD, 0xE0, 0xFB, 0xF1, 0xC7, 0x38, 0xC0, 0x76, 0xF7, 0xB7, 0x00, 0x7B,
    0xBB, 0xFD, 0xDC, 0xC0, 0xE7, 0x76, 0x7E, 0x3C, 0xFF, 0xF0, 0xEF, 0xDF, 0xBF, 0x70, 0xE7, 0x1C,
    0xE3, 0x98, 0x63, 0x1C, 0x0E, 0x17, 0x6C, 0x77, 0xF1, 0xF0, 0x1F, 0x0F, 0xE7, 0xFD, 0x83, 0xE0,
    0xC0, 0x7F, 0xFE, 0x77, 0xFE, 0xEE, 0xEE, 0xF7, 0x73, 0x77, 0xFE, 0xEE, 0xF8, 0xF0, 0x70, 0x70,
    0x1E, 0x3C, 0x78, 0x70, 0x18, 0xFE, 0x31, 0x80, 0xC6, 0x3F, 0x8C, 0x00, 0xFE, 0x0C, 0x18, 0x30,
    0x60, 0xC0, 0x3C, 0xF7, 0xBE, 0xE2, 0x00, 0x7B, 0x76, 0x31, 0x8D, 0xF0, 0xF9, 0x8C, 0x60, 0x31,
    0xBE, 0x63, 0x00, 0xF8, 0x1C, 0x71, 0xC7, 0x1F, 0xFF, 0xBE, 0xE3, 0x8E, 0x38, 0xE3, 0xF7, 0xDF,
    0xFF, 0xF0, 0xF7, 0xFB, 0xFD, 0xE0, 0x7B, 0xFC, 0xF3, 0xCD, 0xE0, 0xFF, 0xFC, 0x31, 0xC3, 0xC3,
    0xFD, 0xE0, 0x33, 0x99, 0xCF, 0xFD, 0xE0, 0xFF, 0xF0, 0xFF, 0xE0, 0xF0, 0x78, 0x30, 0x88, 0xC4,
    0x5D, 0xC0, 0xE1, 0xCF, 0x78, 0xFE, 0x0F, 0x80, 0x1E, 0x0F, 0xC7, 0x7B, 0x87, 0xC1, 0xFF, 0xF7,
    0xF8, 0xFC, 0x1F, 0x0F, 0xE7, 0xFD, 0x83, 0xE0, 0xC0, 0x38, 0xDF, 0xFF, 0xFB, 0x1C, 0xFF, 0xFF,
    0xFF, 0xFF, 0xF0, 0xFF, 0xC0, 0x00, 0x00, 0x00, 0xFF, 0xC0, 0x38, 0xDF, 0xFF, 0xFF, 0x1E, 0xFF,
    0xFF, 0xC0, 0xFF, 0xFF, 0xFF, 0xFF, 0xFF, 0xFF, 0xFC, 0x01, 0x0F, 0x3F, 0xF8, 0xE0, 0x80, 0x00,
    0x30, 0x07, 0x00, 0x60, 0x0C, 0x01, 0xC0, 0x18, 0x03, 0x00, 0x70, 0x0E, 0x00, 0xC0, 0x18, 0x03,
    0x80, 0x30, 0x06, 0x00, 0xE0, 0x00, 0xCD, 0xFC, 0xC1, 0xE0, 0xF0, 0x78, 0x3F, 0xF8, 0xFF, 0xC0,
    0x60, 0x30, 0x1F, 0xF8, 0x77, 0x44, 0x62, 0x20, 0x41, 0xE7, 0x9C, 0x79, 0x20, 0x7B, 0x76, 0xF0,
    0xFF, 0xC0, 0x00, 0x00, 0x00, 0xFF, 0xC0, 0xF0, 0xF0, 0xF0, 0xF0, 0x3C, 0xF1, 0xC7, 0x00, 0x38,
    0xDF, 0xFF, 0xFF, 0x1E, 0xF7, 0xCE, 0x62, 0x00, 0xF7, 0xBF, 0xBB, 0xFD, 0xCE, 0x0C, 0x00, 0xE7,
    0x3E, 0xF0, 0xFF, 0xF8, 0x0F, 0x01, 0xE0, 0x30, 0xFF, 0xC0, 0x00, 0x00, 0x00, 0xFF, 0xC0, 0xEF,
    0xDF, 0xBF, 0x70, 0xF8, 0xC6, 0x30, 0x04, 0x0F, 0x37, 0xFB, 0x3C, 0x18, 0x00, 0x1C, 0x0E, 0x07,
    0x0E, 0x3F, 0x9F, 0xFB, 0x3C, 0x38, 0x1C, 0x0E, 0x00, 0x71, 0xFF, 0x8E, 0x71, 0xFF, 0x8E, 0x04,
    0x33, 0x3F, 0xEC, 0xC0, 0x40, 0x6F, 0x66, 0x60, 0xF1, 0xE3, 0xE0, 0x00, 0x18, 0x00, 0x06, 0x0A,
    0x41, 0x00, 0x00, 0x01, 0x02, 0x01, 0x00, 0x22, 0x00, 0x01, 0x80, 0x00, 0x64, 0x00, 0x98, 0x00,
    0x04, 0x40, 0x08, 0x04, 0x08, 0x00, 0x00, 0x08, 0x29, 0x06, 0x00, 0x01, 0x80, 0x00, 0x7C, 0x78,
    0xF0, 0x8F, 0x3F, 0x80, 0x7F, 0x6E, 0xC0, 0x3E, 0x3F, 0xB8, 0xFB, 0xB1, 0xC0, 0xE0, 0x9F, 0x6F,
    0x00, 0x1F, 0xCF, 0x10, 0x8F, 0x3F, 0x80, 0x83, 0x71, 0x8D, 0xDE, 0xB8, 0xC8, 0xDD, 0xBF, 0x80,
    0xFF, 0xF0, 0x31, 0xEF, 0xDE, 0x78, 0x77, 0x44, 0x62, 0x31, 0x17, 0x70, 0xC8, 0xF1, 0x30, 0xE0,
    0x00, 0x77, 0xC0, 0x3E, 0x3F, 0xFF, 0xC1, 0xFF, 0xF8, 0x03, 0xFC, 0x00, 0xE0, 0x00, 0x77, 0xC0,
    0x3E, 0x3F, 0xFF, 0xC1, 0xFF, 0xF8, 0x03, 0xFC, 0x00, 0xFF, 0xFE, 0xFF, 0xFE, 0x3F, 0xC0, 0x37,
    0xFF, 0xFF, 0xFF, 0xFF, 0xEC, 0x03, 0xFC, 0x03, 0xFC, 0x00, 0xFF, 0xF8, 0x3F, 0xFF, 0xC7, 0xC0,
    0x3E, 0x70, 0x00, 0xEE, 0x00, 0x07, 0x00, 0x00, 0x00, 0x00, 0x0C, 0xFF, 0xFF, 0xEF, 0xFF, 0xFE,
    0x00, 0x00, 0xC0, 0x00, 0x00, 0x78, 0x37, 0xF3, 0xFC, 0x10, 0x7B, 0x2F, 0xF0, 0x78, 0x00, 0xCF,
    0xFC, 0x7B, 0x3C, 0xF3, 0xCD, 0xE0, 0xCF, 0x3C, 0xF3, 0x7C, 0x7E, 0x31, 0x8C, 0x3C, 0x0C, 0x37,
    0xF3, 0xCF, 0x3C, 0xDF, 0xC3, 0x0F, 0xB3, 0xCF, 0x3C, 0xC0, 0xFF, 0xF3, 0x3C, 0xCF, 0x33, 0xCC,
    0xC0, 0xFC, 0xCC, 0xC0, 0x67, 0xD8, 0xC6, 0x31, 0xE0, 0xC7, 0x36, 0xDA, 0x38, 0xC0, 0xCD, 0xE3,
    0x1E, 0xCC, 0x1E, 0x00, 0x70, 0x03, 0xC0, 0x0E, 0x00, 0x00, 0x00, 0x03, 0xFF, 0xFF, 0xFF, 0xFF,
    0xFF, 0x80, 0x3C, 0x01, 0xE0, 0x0F, 0x00, 0x7F, 0xFB, 0xFF, 0xDF, 0xFE, 0xF0, 0x07, 0x80, 0x3C,
    0x01, 0xE0, 0x0F, 0x00, 0x7F, 0xFF, 0xFF, 0xFF, 0xFF, 0x3D, 0xE1, 0xEF, 0x0F, 0x78, 0x00, 0x00,
    0x00, 0x7F, 0xFF, 0xFF, 0xFF, 0xFF, 0xF0, 0x07, 0x80, 0x3C, 0x01, 0xE0, 0x0F, 0xFF, 0x7F, 0xFB,
    0xFF, 0xDE, 0x00, 0xF0, 0x07, 0x80, 0x3C, 0x01, 0xE0, 0x0F, 0xFF, 0xFF, 0xFF, 0xFF, 0xE0, 0xFF,
    0xFC, 0x1F, 0xFF, 0x83, 0xFF, 0xF0, 0x03, 0xC0, 0x00, 0x78, 0x00, 0x0F, 0x00, 0x01, 0xE7, 0xC0,
    0x3F, 0xFC, 0x07, 0xFF, 0xC0, 0xF8, 0x7C, 0x1F, 0x07, 0x83, 0xC0, 0xF0, 0x78, 0x1E, 0x0F, 0x03,
    0xC1, 0xE0, 0xF0, 0x3C, 0x7E, 0x07, 0x8F, 0x80, 0xF1, 0xC0, 0x03, 0xC0, 0x1C, 0x00, 0xE0, 0x0E,
    0x00, 0x00, 0x7F, 0xFF, 0xFF, 0xFF, 0xFF, 0xF0, 0x07, 0x80, 0x3C, 0x01, 0xE0, 0x0F, 0x00, 0x78,
    0x03, 0xC0, 0x1E, 0x00, 0xF0, 0x07, 0x80, 0x3C, 0x01, 0xE0, 0x0F, 0x00, 0x78, 0x03, 0xC0, 0x00,
    0x07, 0xF0, 0x0F, 0xFE, 0x0F, 0xFF, 0x8F, 0x83, 0xE7, 0x80, 0xF7, 0xC0, 0x3F, 0xC0, 0x01, 0xFF,
    0x80, 0xFF, 0xC0, 0x7F, 0xE0, 0x3C, 0x00, 0x1E, 0x00, 0xFF, 0x80, 0xF3, 0xC0, 0x79, 0xF0, 0x7C,
    0x7F, 0xFC, 0x1F, 0xFC, 0x03, 0xF8, 0x00, 0x07, 0xE0, 0x3F, 0xE0, 0xFF, 0xE3, 0xE3, 0xE7, 0x83,
    0xCF, 0x03, 0xDF, 0x00, 0x1F, 0xC0, 0x3F, 0xF0, 0x1F, 0xF8, 0x03, 0xF0, 0x01, 0xF7, 0x81, 0xEF,
    0x03, 0xDF, 0x0F, 0x9F, 0xFE, 0x1F, 0xF8, 0x0F, 0xC0, 0xFF, 0xFF, 0xFF, 0xFF, 0xFF, 0xFF, 0xFF,
    0xFF, 0xFF, 0xF7, 0xFB, 0xFD, 0xE0, 0x00, 0x00, 0xF0, 0x78, 0x3C, 0x1E, 0x0F, 0x07, 0x83, 0xC1,
    0xE0, 0xF0, 0x78, 0x3C, 0x1E, 0x0F, 0x07, 0x83, 0xC1, 0xE0, 0xF0, 0x78, 0x00, 0x78, 0x03, 0xC0,
    0x1E, 0x00, 0xF0, 0x07, 0x80, 0x3C, 0x01, 0xE0, 0x0F, 0x00, 0x78, 0x03, 0xC0, 0x1F, 0xE0, 0xFF,
    0x07, 0xF8, 0x3D, 0xE3, 0xCF, 0xFE, 0x3F, 0xE0, 0x7C, 0x00, 0x0F, 0xFF, 0x80, 0x03, 0xFF, 0xE0,
    0x00, 0xFF, 0xF8, 0x00, 0x3C, 0x3E, 0x00, 0x0F, 0x0F, 0x80, 0x03, 0x83, 0xE0, 0x00, 0xE0, 0xFF,
    0xC0, 0x38, 0x3F, 0xFC, 0x1E, 0x0F, 0xFF, 0x87, 0x83, 0xE1, 0xF1, 0xE0, 0xF8, 0x3C, 0x78, 0x3E,
    0x0F, 0x1E, 0x0F, 0x83, 0xC7, 0x83, 0xE0, 0xF1, 0xE0, 0xF8, 0x7F, 0xF0, 0x3F, 0xFE, 0xFC, 0x0F,
    0xFF, 0x3E, 0x03, 0xFF, 0x00, 0xF0, 0x3C, 0x00, 0xF0, 0x3C, 0x00, 0xF0, 0x3C, 0x00, 0xF0, 0x3C,
    0x00, 0xF0, 0x3C, 0x00, 0xF0, 0x3C, 0x00, 0xFF, 0xFF, 0xF0, 0xFF, 0xFF, 0xFC, 0xFF, 0xFF, 0xFE,
    0xF0, 0x3C, 0x1F, 0xF0, 0x3C, 0x0F, 0xF0, 0x3C, 0x0F, 0xF0, 0x3C, 0x0F, 0xF0, 0x3C, 0x0F, 0xF0,
    0x3C, 0x1F, 0xF0, 0x3F, 0xFE, 0xF0, 0x3F, 0xFC, 0xF0, 0x3F, 0xF0, 0xFF, 0xFC, 0x1F, 0xFF, 0x83,
    0xFF, 0xF0, 0x03, 0xC0, 0x00, 0x78, 0x00, 0x0F, 0x00, 0x01, 0xE7, 0xC0, 0x3F, 0xFE, 0x07, 0xFF,
    0xC0, 0xF8, 0x7C, 0x1E, 0x07, 0x83, 0xC0, 0xF0, 0x78, 0x1E, 0x0F, 0x03, 0xC1, 0xE0, 0x78, 0x3C,
    0x0F, 0x07, 0x81, 0xE0, 0xF0, 0x3C, 0x01, 0xC0, 0x07, 0x80, 0x0E, 0x00, 0x1C, 0x00, 0x00, 0x1E,
    0x07, 0xFC, 0x1F, 0x78, 0x3C, 0xF0, 0xF1, 0xE3, 0xE3, 0xCF, 0x87, 0x9E, 0x0F, 0x78, 0x1F, 0xF0,
    0x3F, 0xE0, 0x7B, 0xC0, 0xF3, 0xC1, 0xE3, 0xC3, 0xC7, 0xC7, 0x87, 0x8F, 0x07, 0x9E, 0x07, 0xBC,
    0x0F, 0x80, 0x0F, 0x00, 0x0E, 0x00, 0x1C, 0x00, 0x1C, 0x00, 0x00, 0x00, 0x00, 0x3C, 0x0F, 0xF8,
    0x1F, 0xF0, 0x7F, 0xE0, 0xFF, 0xC3, 0xFF, 0x87, 0xFF, 0x1F, 0xFE, 0x3B, 0xFC, 0xF7, 0xF9, 0xCF,
    0xF7, 0x9F, 0xFE, 0x3F, 0xF8, 0x7F, 0xF0, 0xFF, 0xC1, 0xFF, 0x83, 0xFE, 0x07, 0xFC, 0x0F, 0x18,
    0x60, 0x7F, 0x80, 0x78, 0x00, 0x00, 0x00, 0x03, 0xC0, 0xFF, 0x03, 0xDE, 0x0E, 0x78, 0x79, 0xE1,
    0xE3, 0xCF, 0x0F, 0x3C, 0x1C, 0xF0, 0x7F, 0x81, 0xFE, 0x03, 0xF8, 0x0F, 0xC0, 0x3F, 0x00, 0x3C,
    0x01, 0xE0, 0x3F, 0x80, 0xFC, 0x03, 0xE0, 0x00, 0xF0, 0x3F, 0xC0, 0xFF, 0x03, 0xFC, 0x0F, 0xF0,
    0x3F, 0xC0, 0xFF, 0x03, 0xFC, 0x0F, 0xF0, 0x3F, 0xC0, 0xFF, 0x03, 0xFC, 0x0F, 0xF0, 0x3F, 0xC0,
    0xFF, 0x03, 0xFF, 0xFF, 0xFF, 0xFF, 0xFF, 0xF0, 0x78, 0x01, 0xE0, 0x07, 0x80, 0x1E, 0x00, 0x01,
    0xF0, 0x00, 0xFC, 0x00, 0x3F, 0x00, 0x0F, 0xE0, 0x07, 0xF8, 0x01, 0xEE, 0x00, 0x73, 0xC0, 0x3C,
    0xF0, 0x0F, 0x1C, 0x07, 0x87, 0x81, 0xE1, 0xE0, 0x7F, 0xF8, 0x3F, 0xFF, 0x0F, 0xFF, 0xC3, 0xC0,
    0x79, 0xE0, 0x1E, 0x78, 0x07, 0x9E, 0x00, 0xF0, 0xFF, 0xFB, 0xFF, 0xEF, 0xFF, 0xBC, 0x00, 0xF0,
    0x03, 0xC0, 0x0F, 0x00, 0x3F, 0xF0, 0xFF, 0xF3, 0xFF, 0xEF, 0x07, 0xFC, 0x0F, 0xF0, 0x3F, 0xC0,
    0xFF, 0x07, 0xFF, 0xFE, 0xFF, 0xF3, 0xFF, 0x00, 0xFF, 0xE1, 0xFF, 0xF3, 0xFF, 0xE7, 0x83, 0xEF,
    0x03, 0xDE, 0x07, 0xBC, 0x1F, 0x7F, 0xFC, 0xFF, 0xE1, 0xFF, 0xFB, 0xC0, 0xF7, 0x80, 0xFF, 0x01,
    0xFE, 0x03, 0xFC, 0x0F, 0xFF, 0xFE, 0xFF, 0xF9, 0xFF, 0xE0, 0xFF, 0xFF, 0xFF, 0xFF, 0xFF, 0xE0,
    0x0F, 0x00, 0x78, 0x03, 0xC0, 0x1E, 0x00, 0xF0, 0x07, 0x80, 0x3C, 0x01, 0xE0, 0x0F, 0x00, 0x78,
    0x03, 0xC0, 0x1E, 0x00, 0xF0, 0x07, 0x80, 0x00, 0x07, 0xFF, 0x81, 0xFF, 0xF0, 0x3F, 0xFE, 0x07,
    0x83, 0xC0, 0xF0, 0x78, 0x1E, 0x0F, 0x03, 0xC1, 0xE0, 0x78, 0x3C, 0x0F, 0x07, 0x81, 0xC0, 0xF0,
    0x78, 0x1E, 0x0F, 0x03, 0xC1, 0xE0, 0x78, 0x3C, 0x0F, 0x0F, 0x01, 0xE7, 0xFF, 0xFF, 0xFF, 0xFF,
    0xFF, 0xFF, 0xFF, 0xC0, 0x07, 0xF8, 0x00, 0xFF, 0x00, 0x1F, 0xE0, 0x03, 0xC0, 0xFF, 0xFF, 0xFF,
    0xFF, 0xFF, 0xE0, 0x0F, 0x00, 0x78, 0x03, 0xC0, 0x1F, 0xFE, 0xFF, 0xF7, 0xFF, 0xBC, 0x01, 0xE0,
    0x0F, 0x00, 0x78, 0x03, 0xC0, 0x1F, 0xFF, 0xFF, 0xFF, 0xFF, 0xC0, 0x7C, 0x1E, 0x0F, 0x8F, 0x07,
    0x83, 0xC3, 0xE1, 0xE1, 0xF0, 0x7C, 0x78, 0xF8, 0x0F, 0x9E, 0x7C, 0x03, 0xE7, 0x9F, 0x00, 0x7D,
    0xEF, 0x80, 0x0F, 0xFF, 0xC0, 0x01, 0xFF, 0xE0, 0x00, 0x7F, 0xF8, 0x00, 0x3F, 0xFF, 0x00, 0x1F,
    0x7B, 0xE0, 0x0F, 0x9E, 0x7C, 0x03, 0xC7, 0x8F, 0x01, 0xF1, 0xE3, 0xE0, 0xF8, 0x78, 0x7C, 0x7C,
    0x1E, 0x0F, 0x9E, 0x07, 0x81, 0xE0, 0x07, 0xF0, 0x1F, 0xF8, 0x3F, 0xFC, 0x7C, 0x3E, 0x78, 0x1E,
    0x00, 0x1E, 0x00, 0x3C, 0x03, 0xF8, 0x03, 0xF0, 0x03, 0xFC, 0x00, 0x1E, 0x00, 0x0F, 0x00, 0x0F,
    0x78, 0x0F, 0x7C, 0x1F, 0x3F, 0xFE, 0x1F, 0xFC, 0x07, 0xF0, 0xF0, 0x3F, 0xE0, 0x7F, 0xC1, 0xFF,
    0x83, 0xFF, 0x0F, 0xFE, 0x1F, 0xFC, 0x7F, 0xF8, 0xEF, 0xF3, 0xDF, 0xE7, 0x3F, 0xDE, 0x7F, 0xF8,
    0xFF, 0xE1, 0xFF, 0xC3, 0xFF, 0x07, 0xFE, 0x0F, 0xF8, 0x1F, 0xF0, 0x3C, 0x1C, 0x60, 0x38, 0xC0,
    0x3F, 0x00, 0x3C, 0x00, 0x00, 0x00, 0x00, 0x3C, 0x0F, 0xF8, 0x1F, 0xF0, 0x7F, 0xE0, 0xFF, 0xC3,
    0xFF, 0x87, 0xFF, 0x1F, 0xFE, 0x3B, 0xFC, 0xF7, 0xF9, 0xCF, 0xF7, 0x9F, 0xFE, 0x3F, 0xF8, 0x7F,
    0xF0, 0xFF, 0xC1, 0xFF, 0x83, 0xFE, 0x07, 0xFC, 0x0F, 0xF0, 0x3F, 0xE0, 0xFB, 0xC1, 0xE7, 0x87,
    0x8F, 0x1F, 0x1E, 0x7C, 0x3C, 0xF0, 0x7B, 0xC0, 0xFF, 0x81, 0xFF, 0x03, 0xDE, 0x07, 0x9E, 0x0F,
    0x1E, 0x1E, 0x3E, 0x3C, 0x3C, 0x78, 0x3C, 0xF0, 0x3D, 0xE0, 0x7C, 0x07, 0xFF, 0x87, 0xFF, 0xC3,
    0xFF, 0xE1, 0xE0, 0xF0, 0xF0, 0x78, 0x78, 0x3C, 0x3C, 0x1E, 0x1E, 0x0F, 0x0F, 0x07, 0x87, 0x03,
    0xC3, 0x81, 0xE1, 0xC0, 0xF0, 0xE0, 0x78, 0xF0, 0x3C, 0x78, 0x1F, 0xFC, 0x0F, 0xFC, 0x07, 0xFC,
    0x03, 0xC0, 0xF8, 0x03, 0xFF, 0x80, 0xFF, 0xF0, 0x1F, 0xFE, 0x03, 0xFF, 0xE0, 0xFF, 0xFC, 0x1F,
    0xFF, 0x83, 0xFF, 0xF8, 0xFF, 0xF7, 0x1D, 0xFE, 0xE3, 0xBF, 0xDE, 0xF7, 0xF9, 0xDC, 0xFF, 0x3B,
    0x9F, 0xE7, 0xF3, 0xFC, 0x7C, 0x7F, 0x8F, 0x8F, 0xF1, 0xF1, 0xFE, 0x1C, 0x3C, 0xF0, 0x3F, 0xC0,
    0xFF, 0x03, 0xFC, 0x0F, 0xF0, 0x3F, 0xC0, 0xFF, 0x03, 0xFF, 0xFF, 0xFF, 0xFF, 0xFF, 0xFF, 0x03,
    0xFC, 0x0F, 0xF0, 0x3F, 0xC0, 0xFF, 0x03, 0xFC, 0x0F, 0xF0, 0x3F, 0xC0, 0xF0, 0x07, 0xF0, 0x0F,
    0xFE, 0x0F, 0xFF, 0x8F, 0x83, 0xE7, 0x80, 0xF7, 0xC0, 0x7B, 0xC0, 0x1F, 0xE0, 0x0F, 0xF0, 0x07,
    0xF8, 0x03, 0xFC, 0x01, 0xFE, 0x00, 0xFF, 0x80, 0xFB, 0xC0, 0x79, 0xF0, 0x7C, 0x7F, 0xFC, 0x1F,
    0xFC, 0x03, 0xF8, 0x00, 0xFF, 0xFF, 0xFF, 0xFF, 0xFF, 0xFC, 0x0F, 0xF0, 0x3F, 0xC0, 0xFF, 0x03,
    0xFC, 0x0F, 0xF0, 0x3F, 0xC0, 0xFF, 0x03, 0xFC, 0x0F, 0xF0, 0x3F, 0xC0, 0xFF, 0x03, 0xFC, 0x0F,
    0xF0, 0x3F, 0xC0, 0xF0, 0xFF, 0xC3, 0xFF, 0xCF, 0xFF, 0xBC, 0x1F, 0xF0, 0x3F, 0xC0, 0xFF, 0x03,
    0xFC, 0x0F, 0xF0, 0x7F, 0xFF, 0xEF, 0xFF, 0x3F, 0xF0, 0xF0, 0x03, 0xC0, 0x0F, 0x00, 0x3C, 0x00,
    0xF0, 0x03, 0xC0, 0x00, 0x07, 0xF0, 0x1F, 0xFC, 0x3F, 0xFE, 0x7C, 0x1E, 0x78, 0x0F, 0xF8, 0x0F,
    0xF0, 0x00, 0xF0, 0x00, 0xF0, 0x00, 0xF0, 0x00, 0xF0, 0x00, 0xF0, 0x0F, 0xF8, 0x0F, 0x78, 0x0F,
    0x7C, 0x1E, 0x3F, 0xFE, 0x1F, 0xF8, 0x07, 0xF0, 0xFF, 0xFF, 0xFF, 0xFF, 0xFF, 0xC1, 0xE0, 0x07,
    0x80, 0x1E, 0x00, 0x78, 0x01, 0xE0, 0x07, 0x80, 0x1E, 0x00, 0x78, 0x01, 0xE0, 0x07, 0x80, 0x1E,
    0x00, 0x78, 0x01, 0xE0, 0x07, 0x80, 0x1E, 0x00, 0xF0, 0x3F, 0xC0, 0xF7, 0x87, 0x9E, 0x1E, 0x78,
    0x78, 0xF3, 0xC3, 0xCF, 0x07, 0x3C, 0x1F, 0xE0, 0x7F, 0x80, 0xFC, 0x03, 0xF0, 0x0F, 0xC0, 0x0E,
    0x00, 0x78, 0x0F, 0xE0, 0x3F, 0x00, 0xF8, 0x00, 0x00, 0xF0, 0x00, 0x0F, 0x00, 0x03, 0xFC, 0x01,
    0xFF, 0xF8, 0x3F, 0xFF, 0xC7, 0xEF, 0x7E, 0x78, 0xF1, 0xEF, 0x0F, 0x0F, 0xF0, 0xF0, 0xFF, 0x0F,
    0x0F, 0xF0, 0xF0, 0xF7, 0x8F, 0x1E, 0x7E, 0xF7, 0xE3, 0xFF, 0xFC, 0x1F, 0xFF, 0x80, 0x3F, 0xC0,
    0x00, 0xF0, 0x00, 0x0F, 0x00, 0x78, 0x0F, 0xBE, 0x0F, 0x8F, 0x07, 0x83, 0xC7, 0xC1, 0xF3, 0xC0,
    0x7B, 0xC0, 0x1F, 0xC0, 0x0F, 0xE0, 0x03, 0xE0, 0x01, 0xF0, 0x01, 0xFC, 0x00, 0xFF, 0x00, 0xF7,
    0x80, 0xF9, 0xE0, 0x78, 0xF8, 0x78, 0x3C, 0x7C, 0x0F, 0x3C, 0x07, 0xC0, 0xF0, 0x3C, 0x78, 0x1E,
    0x3C, 0x0F, 0x1E, 0x07, 0x8F, 0x03, 0xC7, 0x81, 0xE3, 0xC0, 0xF1, 0xE0, 0x78, 0xF0, 0x3C, 0x78,
    0x1E, 0x3C, 0x0F, 0x1E, 0x07, 0x8F, 0x03, 0xC7, 0x81, 0xE3, 0xC0, 0xF1, 0xFF, 0xFF, 0xFF, 0xFF,
    0xFF, 0xFF, 0xC0, 0x01, 0xE0, 0x00, 0xF0, 0x00, 0x78, 0x00, 0x3C, 0xF0, 0x3F, 0xC0, 0xFF, 0x03,
    0xFC, 0x0F, 0xF0, 0x3F, 0xC0, 0xFF, 0x03, 0xFC, 0x0F, 0xF8, 0x7D, 0xFF, 0xF7, 0xFF, 0xC7, 0xCF,
    0x00, 0x3C, 0x00, 0xF0, 0x03, 0xC0, 0x0F, 0x00, 0x3C, 0x00, 0xF0, 0xF0, 0xF0, 0xFF, 0x0F, 0x0F,
    0xF0, 0xF0, 0xFF, 0x0F, 0x0F, 0xF0, 0xF0, 0xFF, 0x0F, 0x0F, 0xF0, 0xF0, 0xFF, 0x0F, 0x0F, 0xF0,
    0xF0, 0xFF, 0x0F, 0x0F, 0xF0, 0xF0, 0xFF, 0x0F, 0x0F, 0xF0, 0xF0, 0xFF, 0x0F, 0x0F, 0xF0, 0xF0,
    0xFF, 0xFF, 0xFF, 0xFF, 0xFF, 0xFF, 0xFF, 0xFF, 0xF0, 0xF0, 0x79, 0xE1, 0xE0, 0xF3, 0xC3, 0xC1,
    0xE7, 0x87, 0x83, 0xCF, 0x0F, 0x07, 0x9E, 0x1E, 0x0F, 0x3C, 0x3C, 0x1E, 0x78, 0x78, 0x3C, 0xF0,
    0xF0, 0x79, 0xE1, 0xE0, 0xF3, 0xC3, 0xC1, 0xE7, 0x87, 0x83, 0xCF, 0x0F, 0x07, 0x9E, 0x1E, 0x0F,
    0x3C, 0x3C, 0x1E, 0x7F, 0xFF, 0xFF, 0xFF, 0xFF, 0xFF, 0xFF, 0xFF, 0xFC, 0x00, 0x00, 0x78, 0x00,
    0x00, 0xF0, 0x00, 0x01, 0xE0, 0x00, 0x03, 0xC0, 0xFE, 0x00, 0x7F, 0x00, 0x3F, 0x80, 0x03, 0xC0,
    0x01, 0xE0, 0x00, 0xF0, 0x00, 0x7F, 0xE0, 0x3F, 0xFC, 0x1F, 0xFF, 0x0F, 0x07, 0xC7, 0x81, 0xE3,
    0xC0, 0xF1, 0xE0, 0x78, 0xF0, 0x3C, 0x78, 0x3E, 0x3F, 0xFE, 0x1F, 0xFE, 0x0F, 0xFC, 0x00, 0xF0,
    0x00, 0xFF, 0x00, 0x0F, 0xF0, 0x00, 0xFF, 0x00, 0x0F, 0xF0, 0x00, 0xFF, 0x00, 0x0F, 0xFF, 0xC0,
    0xFF, 0xFF, 0x0F, 0xFF, 0xF8, 0xFF, 0x07, 0xCF, 0xF0, 0x3C, 0xFF, 0x03, 0xCF, 0xF0, 0x3C, 0xFF,
    0x03, 0xCF, 0xF0, 0x7C, 0xFF, 0xFF, 0x8F, 0xFF, 0xF0, 0xFF, 0xFC, 0x0F, 0xF0, 0x03, 0xC0, 0x0F,
    0x00, 0x3C, 0x00, 0xF0, 0x03, 0xC0, 0x0F, 0xFC, 0x3F, 0xFC, 0xFF, 0xFB, 0xC1, 0xFF, 0x03, 0xFC,
    0x0F, 0xF0, 0x3F, 0xC0, 0xFF, 0x07, 0xFF, 0xFE, 0xFF, 0xF3, 0xFF, 0x00, 0x07, 0xF0, 0x0F, 0xFE,
    0x1F, 0xFF, 0x8F, 0x87, 0xEF, 0x80, 0xF7, 0x80, 0x78, 0x00, 0x1E, 0x03, 0xFF, 0x01, 0xFF, 0x80,
    0xFF, 0xC0, 0x01, 0xFE, 0x00, 0xFF, 0x00, 0xF7, 0xC0, 0x79, 0xF0, 0xFC, 0x7F, 0xFC, 0x1F, 0xFC,
    0x03, 0xF8, 0x00, 0xF0, 0x1F, 0xC1, 0xE0, 0xFF, 0xE3, 0xC3, 0xFF, 0xE7, 0x8F, 0x83, 0xEF, 0x1E,
    0x03, 0xDE, 0x7C, 0x07, 0xBC, 0xF0, 0x07, 0xFF, 0xE0, 0x0F, 0xFF, 0xC0, 0x1F, 0xFF, 0x80, 0x3F,
    0xCF, 0x00, 0x7F, 0x9E, 0x00, 0xFF, 0x3E, 0x03, 0xDE, 0x3C, 0x07, 0xBC, 0x7C, 0x1F, 0x78, 0x7F,
    0xFC, 0xF0, 0x7F, 0xF1, 0xE0, 0x3F, 0x80, 0x07, 0xFE, 0x3F, 0xFC, 0xFF, 0xFB, 0xE0, 0xF7, 0x81,
    0xEF, 0x03, 0xDE, 0x07, 0xBE, 0x0F, 0x3F, 0xFE, 0x3F, 0xFC, 0x3F, 0xF8, 0x78, 0xF1, 0xE1, 0xE3,
    0xC3, 0xCF, 0x07, 0x9E, 0x0F, 0x78, 0x1E, 0xF0, 0x3C, 0x0F, 0xC1, 0xFF, 0x9F, 0xFC, 0xF1, 0xFF,
    0x07, 0x80, 0x3C, 0x3F, 0xEF, 0xFF, 0xF8, 0x7F, 0x83, 0xFC, 0x3F, 0xFF, 0xF7, 0xF7, 0x9F, 0x1C,
    0x01, 0xC0, 0x07, 0x00, 0x78, 0x07, 0xE0, 0x3E, 0x01, 0xF0, 0x07, 0x00, 0x3D, 0xF0, 0xEF, 0xF3,
    0xFF, 0xEF, 0x87, 0xBC, 0x0F, 0xF0, 0x3F, 0xC0, 0xFF, 0x03, 0xDC, 0x1F, 0x78, 0x78, 0xFF, 0xE1,
    0xFF, 0x03, 0xF0, 0xFF, 0x8F, 0xFE, 0xFF, 0xFF, 0x0F, 0xF0, 0xFF, 0x0F, 0xFF, 0xEF, 0xFC, 0xFF,
    0xFF, 0x0F, 0xF0, 0xFF, 0xFF, 0xFF, 0xEF, 0xFC, 0xFF, 0xFF, 0xFF, 0xFF, 0xC0, 0xF0, 0x3C, 0x0F,
    0x03, 0xC0, 0xF0, 0x3C, 0x0F, 0x03, 0xC0, 0xF0, 0x3C, 0x00, 0x0F, 0xFE, 0x07, 0xFF, 0x03, 0xFF,
    0x81, 0xC3, 0xC0, 0xE1, 0xE0, 0xF0, 0xF0, 0x78, 0x78, 0x3C, 0x3C, 0x1E, 0x1E, 0x0E, 0x0F, 0x0F,
    0x07, 0x9F, 0xFF, 0xFF, 0xFF, 0xFF, 0xFF, 0xFF, 0xC0, 0x1F, 0xE0, 0x0F, 0xF0, 0x07, 0xF8, 0x03,
    0xC0, 0x0F, 0x81, 0xFF, 0x1F, 0xFC, 0xF1, 0xEF, 0x07, 0xFF, 0xFF, 0xFF, 0xFF, 0xFF, 0xF0, 0x07,
    0x80, 0x1E, 0x3E, 0xFF, 0xE3, 0xFE, 0x07, 0xC0, 0xF8, 0x78, 0x7D, 0xF1, 0xE3, 0xE3, 0xC7, 0x8F,
    0x0F, 0x9E, 0x7C, 0x1F, 0x7B, 0xE0, 0x3D, 0xEF, 0x00, 0x7F, 0xF8, 0x01, 0xFF, 0xE0, 0x0F, 0x7B,
    0xC0, 0x7D, 0xEF, 0x83, 0xE7, 0x9F, 0x0F, 0x1E, 0x3C, 0x78, 0x78, 0x7B, 0xE1, 0xE1, 0xF0, 0x1F,
    0x83, 0xFE, 0x7F, 0xF7, 0x8F, 0x00, 0xF0, 0x7E, 0x07, 0xC0, 0x7E, 0x01, 0xFF, 0x0F, 0xF0, 0xFF,
    0xFF, 0x7F, 0xE1, 0xF8, 0xF0, 0xFF, 0x1F, 0xF1, 0xFF, 0x3F, 0xF3, 0xFF, 0x7F, 0xF7, 0xFF, 0xEF,
    0xFE, 0xFF, 0xCF, 0xFC, 0xFF, 0x8F, 0xF8, 0xFF, 0x0F, 0x30, 0xC3, 0x9C, 0x1F, 0x80, 0xF0, 0x00,
    0x0F, 0x0F, 0xF1, 0xFF, 0x1F, 0xF3, 0xFF, 0x3F, 0xF7, 0xFF, 0x7F, 0xFE, 0xFF, 0xEF, 0xFC, 0xFF,
    0xCF, 0xF8, 0xFF, 0x8F, 0xF0, 0xF0, 0xF0, 0x7B, 0xC3, 0xCF, 0x1F, 0x3C, 0xF8, 0xF3, 0xC3, 0xDE,
    0x0F, 0xF8, 0x3F, 0xE0, 0xF7, 0x83, 0xCF, 0x0F, 0x3E, 0x3C, 0x7C, 0xF0, 0xFB, 0xC1, 0xE0, 0x0F,
    0xFE, 0x1F, 0xFC, 0x7F, 0xF8, 0xF0, 0xF1, 0xE1, 0xE3, 0xC3, 0xC7, 0x87, 0x8F, 0x0F, 0x1E, 0x1E,
    0x38, 0x3C, 0xF0, 0x7F, 0xE0, 0xFF, 0xC1, 0xFF, 0x03, 0xC0, 0xF8, 0x1F, 0xF8, 0x1F, 0xF8, 0x1F,
    0xFC, 0x3F, 0xFC, 0x3F, 0xFC, 0x3F, 0xFE, 0x7F, 0xFE, 0x7F, 0xF6, 0x6F, 0xF7, 0xEF, 0xF7, 0xEF,
    0xF3, 0xCF, 0xF3, 0xCF, 0xF3, 0xCF, 0xF0, 0xFF, 0x0F, 0xF0, 0xFF, 0x0F, 0xF0, 0xFF, 0x0F, 0xFF,
    0xFF, 0xFF, 0xFF, 0xFF, 0x0F, 0xF0, 0xFF, 0x0F, 0xF0, 0xFF, 0x0F, 0x0F, 0xC0, 0xFF, 0xC7, 0xFF,
    0x9E, 0x1E, 0xF8, 0x7F, 0xC0, 0xFF, 0x03, 0xFC, 0x0F, 0xF0, 0x3F, 0xE1, 0xF7, 0x87, 0x9F, 0xFE,
    0x3F, 0xF0, 0x3F, 0x00, 0xFF, 0xFF, 0xFF, 0xFF, 0xFF, 0x0F, 0xF0, 0xFF, 0x0F, 0xF0, 0xFF, 0x0F,
    0xF0, 0xFF, 0x0F, 0xF0, 0xFF, 0x0F, 0xF0, 0xFF, 0x0F, 0xF3, 0xC7, 0xBF, 0x3F, 0xFD, 0xF1, 0xEF,
    0x07, 0xF8, 0x3F, 0xC1, 0xFE, 0x0F, 0xF0, 0x7F, 0x83, 0xFE, 0x3D, 0xFF, 0xEF, 0x7E, 0x79, 0xE3,
    0xC0, 0x1E, 0x00, 0xF0, 0x07, 0x80, 0x00, 0x0F, 0xC0, 0xFF, 0x87, 0xFF, 0x1E, 0x1E, 0xF8, 0x7B,
    0xC0, 0x0F, 0x00, 0x3C, 0x00, 0xF0, 0x3F, 0xE1, 0xE7, 0x87, 0x9F, 0xFC, 0x3F, 0xE0, 0x3F, 0x00,
    0xFF, 0xFF, 0xFF, 0xFF, 0xFE, 0x1E, 0x00, 0xF0, 0x07, 0x80, 0x3C, 0x01, 0xE0, 0x0F, 0x00, 0x78,
    0x03, 0xC0, 0x1E, 0x00, 0xF0, 0x07, 0x80, 0xF0, 0x7F, 0x83, 0xDC, 0x1E, 0xF1, 0xE7, 0x8F, 0x1C,
    0x78, 0xF3, 0x87, 0xBC, 0x1D, 0xE0, 0xFE, 0x07, 0xF0, 0x1F, 0x80, 0xF8, 0x03, 0xC0, 0x1E, 0x07,
    0xE0, 0x3F, 0x01, 0xF0, 0x00, 0x03, 0xC0, 0x03, 0xC0, 0x03, 0xC0, 0x03, 0xC0, 0x07, 0xE0, 0x1F,
    0xF8, 0x3F, 0xFC, 0x7F, 0xFE, 0xFB, 0xDF, 0xF3, 0xCF, 0xF3, 0xCF, 0xF3, 0xCF, 0xF3, 0xCF, 0xFB,
    0xDF, 0x7F, 0xFE, 0x3F, 0xFC, 0x1F, 0xF8, 0x07, 0xE0, 0x03, 0xC0, 0x03, 0xC0, 0x03, 0xC0, 0x03,
    0xC0, 0x78, 0x3D, 0xE1, 0xE3, 0xCF, 0x07, 0x3C, 0x1F, 0xE0, 0x3F, 0x00, 0x7C, 0x03, 0xF0, 0x0F,
    0xC0, 0x7F, 0x83, 0xCF, 0x0F, 0x1C, 0x78, 0x7B, 0xE0, 0xF0, 0xF0, 0xF1, 0xE1, 0xE3, 0xC3, 0xC7,
    0x87, 0x8F, 0x0F, 0x1E, 0x1E, 0x3C, 0x3C, 0x78, 0x78, 0xF0, 0xF1, 0xE1, 0xE3, 0xC3, 0xC7, 0xFF,
    0xFF, 0xFF, 0xFF, 0xFF, 0xC0, 0x07, 0x80, 0x0F, 0x00, 0x1E, 0x00, 0x3C, 0xF0, 0x7F, 0x83, 0xFC,
    0x1F, 0xE0, 0xFF, 0x07, 0xF8, 0x3F, 0xE3, 0xEF, 0xFF, 0x7F, 0xF8, 0xF3, 0xC0, 0x1E, 0x00, 0xF0,
    0x07, 0x80, 0x3C, 0xF1, 0xE3, 0xFC, 0x78, 0xFF, 0x1E, 0x3F, 0xC7, 0x8F, 0xF1, 0xE3, 0xFC, 0x78,
    0xFF, 0x1E, 0x3F, 0xC7, 0x8F, 0xF1, 0xE3, 0xFC, 0x78, 0xFF, 0x1E, 0x3F, 0xFF, 0xFF, 0xFF, 0xFF,
    0xFF, 0xFF, 0xF0, 0xF1, 0xE3, 0xC7, 0x8F, 0x1E, 0x3C, 0x78, 0xF1, 0xE3, 0xC7, 0x8F, 0x1E, 0x3C,
    0x78, 0xF1, 0xE3, 0xC7, 0x8F, 0x1E, 0x3C, 0x78, 0xF1, 0xE3, 0xC7, 0x8F, 0x1E, 0x3C, 0x78, 0xF1,
    0xFF, 0xFF, 0xFF, 0xFF, 0xFF, 0xFF, 0xFF, 0xFC, 0x00, 0x01, 0xE0, 0x00, 0x0F, 0x00, 0x00, 0x78,
    0x00, 0x03, 0xC0, 0xFC, 0x01, 0xF8, 0x03, 0xF0, 0x01, 0xE0, 0x03, 0xC0, 0x07, 0xFE, 0x0F, 0xFF,
    0x1F, 0xFF, 0x3C, 0x3E, 0x78, 0x3C, 0xF0, 0xF9, 0xFF, 0xF3, 0xFF, 0xC7, 0xFE, 0x00, 0xF0, 0x01,
    0xFE, 0x00, 0x3F, 0xC0, 0x07, 0xF8, 0x00, 0xFF, 0x00, 0x1F, 0xFF, 0x83, 0xFF, 0xFC, 0x7F, 0xFF,
    0xCF, 0xF0, 0xF9, 0xFE, 0x0F, 0x3F, 0xC3, 0xE7, 0xFF, 0xFC, 0xFF, 0xFF, 0x1F, 0xFF, 0x83, 0xC0,
    0xF0, 0x07, 0x80, 0x3C, 0x01, 0xE0, 0x0F, 0x00, 0x7F, 0xE3, 0xFF, 0xDF, 0xFF, 0xF0, 0xFF, 0x83,
    0xFC, 0x3F, 0xFF, 0xFF, 0xFF, 0x7F, 0xE0, 0x0F, 0xC0, 0xFF, 0xC7, 0xFF, 0x9E, 0x1E, 0xF0, 0x7C,
    0x0F, 0xF0, 0x3F, 0xC0, 0xFF, 0x00, 0x3D, 0xE1, 0xF7, 0x87, 0x8F, 0xFE, 0x1F, 0xF0, 0x3F, 0x00,
    0xF0, 0x7E, 0x1E, 0x3F, 0xF3, 0xCF, 0xFF, 0x79, 0xE1, 0xEF, 0x7C, 0x3F, 0xFF, 0x03, 0xFF, 0xE0,
    0x7F, 0xFC, 0x0F, 0xF7, 0x81, 0xFE, 0xF8, 0x7F, 0xCF, 0x0F, 0x79, 0xFF, 0xEF, 0x1F, 0xF9, 0xE0,
    0xFC, 0x00, 0x0F, 0xF9, 0xFF, 0xDF, 0xFE, 0xF0, 0xF7, 0x87, 0xBC, 0x3C, 0xFF, 0xE7, 0xFF, 0x0F,
    0xF8, 0xF3, 0xC7, 0x1E, 0x78, 0xF7, 0x87, 0xBC, 0x3C, 0x0E, 0x00, 0x70, 0x01, 0xC0, 0x0E, 0x00,
    0x00, 0x07, 0xC0, 0xFF, 0x8F, 0xFE, 0x78, 0xF7, 0x83, 0xFF, 0xFF, 0xFF, 0xFF, 0xFF, 0xF8, 0x03,
    0xC0, 0x0F, 0x1F, 0x7F, 0xF1, 0xFF, 0x03, 0xE0, 0x3D, 0xE1, 0xEF, 0x0F, 0x78, 0x00, 0x00, 0xF8,
    0x1F, 0xF1, 0xFF, 0xCF, 0x1E, 0xF0, 0x7F, 0xFF, 0xFF, 0xFF, 0xFF, 0xFF, 0x00, 0x78, 0x01, 0xE3,
    0xEF, 0xFE, 0x3F, 0xE0, 0x7C, 0x00, 0x3C, 0x03, 0xFC, 0x0F, 0xF0, 0x0F, 0x00, 0x3D, 0xF0, 0xFF,
    0xE3, 0xFF, 0x8F, 0x9F, 0x3C, 0x3C, 0xF0, 0xF3, 0xC3, 0xCF, 0x0F, 0x3C, 0x3C, 0xF0, 0xF3, 0xC3,
    0xCF, 0x0F, 0x3C, 0x3C, 0xF0, 0xF0, 0x03, 0xC0, 0x3F, 0x00, 0xF8, 0x03, 0xC0, 0x07, 0x03, 0xC0,
    0xE0, 0x38, 0x00, 0x3F, 0xFF, 0xFF, 0xFF, 0xF0, 0x3C, 0x0F, 0x03, 0xC0, 0xF0, 0x3C, 0x0F, 0x03,
    0xC0, 0xF0, 0x3C, 0x0F, 0x00, 0x0F, 0xC0, 0xFF, 0xC7, 0xFF, 0x9E, 0x1E, 0xF8, 0x3F, 0xFC, 0x0F,
    0xF0, 0x3F, 0xC0, 0xF0, 0x03, 0xE1, 0xE7, 0x87, 0x9F, 0xFC, 0x3F, 0xE0, 0x3F, 0x00, 0x1F, 0x87,
    0xFC, 0xFF, 0xEF, 0x1F, 0xF0, 0xFF, 0x80, 0x7F, 0x81, 0xFE, 0x01, 0xFF, 0x0F, 0xF0, 0xFF, 0xFF,
    0x7F, 0xE1, 0xF8, 0xFF, 0xF0, 0xFF, 0xFF, 0xFF, 0xFF, 0xFF, 0xFF, 0xFF, 0xF7, 0xFB, 0xFD, 0xE0,
    0x03, 0xC1, 0xE0, 0xF0, 0x78, 0x3C, 0x1E, 0x0F, 0x07, 0x83, 0xC1, 0xE0, 0xF0, 0x78, 0x3C, 0x1E,
    0x00, 0x1E, 0x3C, 0x78, 0x01, 0xE3, 0xC7, 0x8F, 0x1E, 0x3C, 0x78, 0xF1, 0xE3, 0xC7, 0x8F, 0x1E,
    0x3C, 0x7F, 0xFF, 0xDF, 0x00, 0x0F, 0xFE, 0x00, 0x1F, 0xFE, 0x00, 0x1F, 0xFE, 0x00, 0x1E, 0x1E,
    0x00, 0x1E, 0x1E, 0x00, 0x1E, 0x1F, 0xF8, 0x1E, 0x1F, 0xFE, 0x1E, 0x1F, 0xFF, 0x1E, 0x1E, 0x1F,
    0x1C, 0x1E, 0x0F, 0x3C, 0x1E, 0x1F, 0xFC, 0x1F, 0xFF, 0xFC, 0x1F, 0xFE, 0xF8, 0x1F, 0xF8, 0xF0,
    0xF0, 0x07, 0x87, 0x80, 0x3C, 0x3C, 0x01, 0xE1, 0xE0, 0x0F, 0x0F, 0x00, 0x7F, 0xFF, 0xE3, 0xFF,
    0xFF, 0xDF, 0xFF, 0xFF, 0xF0, 0xF0, 0xFF, 0x87, 0x83, 0xFC, 0x3C, 0x3F, 0xE1, 0xFF, 0xFF, 0x0F,
    0xFF, 0x78, 0x7F, 0xE0, 0x3C, 0x03, 0xFE, 0x0F, 0xF8, 0x0F, 0x00, 0x3D, 0xF0, 0xFF, 0xE3, 0xFF,
    0x8F, 0x9F, 0x3C, 0x3C, 0xF0, 0xF3, 0xC3, 0xCF, 0x0F, 0x3C, 0x3C, 0xF0, 0xF3, 0xC3, 0xCF, 0x0F,
    0x3C, 0x3C, 0xF0, 0xF0, 0x03, 0xC0, 0x0E, 0x00, 0x70, 0x01, 0xC0, 0x00, 0x03, 0xC1, 0xEF, 0x0F,
    0x3C, 0x7C, 0xF3, 0xE3, 0xCF, 0x0F, 0x78, 0x3F, 0xE0, 0xFF, 0x83, 0xDE, 0x0F, 0x3C, 0x3C, 0xF8,
    0xF1, 0xF3, 0xC3, 0xEF, 0x07, 0x80, 0x1C, 0x01, 0xE0, 0x0E, 0x00, 0x60, 0x00, 0x0F, 0x0F, 0xF1,
    0xFF, 0x1F, 0xF3, 0xFF, 0x3F, 0xF7, 0xFF, 0x7F, 0xFE, 0xFF, 0xEF, 0xFC, 0xFF, 0xCF, 0xF8, 0xFF,
    0x8F, 0xF0, 0xF0, 0x18, 0x60, 0x73, 0x80, 0xFC, 0x01, 0xE0, 0x00, 0x03, 0xC0, 0xF7, 0x83, 0xDE,
    0x1E, 0x38, 0x78, 0xF1, 0xC3, 0xCF, 0x07, 0x3C, 0x1E, 0xE0, 0x7F, 0x80, 0xFE, 0x03, 0xF0, 0x0F,
    0xC0, 0x1F, 0x00, 0x38, 0x01, 0xE0, 0x3F, 0x80, 0xFC, 0x03, 0xE0, 0x00, 0xF0, 0xFF, 0x0F, 0xF0,
    0xFF, 0x0F, 0xF0, 0xFF, 0x0F, 0xF0, 0xFF, 0x0F, 0xF0, 0xFF, 0x0F, 0xF0, 0xFF, 0xFF, 0xFF, 0xFF,
    0xFF, 0x0F, 0x00, 0xF0, 0x0F, 0x00, 0xF0, 0xF0, 0x78, 0x1F, 0xE0, 0xF0, 0x3F, 0xC1, 0xE0, 0x7F,
    0x83, 0xC0, 0xFF, 0x07, 0x81, 0xEE, 0x0F, 0x83, 0xDE, 0x1F, 0x07, 0xBC, 0x3E, 0x1E, 0x78, 0x7C,
    0x3C, 0x71, 0xFC, 0x78, 0xF3, 0xF8, 0xF1, 0xE7, 0xF1, 0xC1, 0xDC, 0xF7, 0x83, 0xF9, 0xEF, 0x07,
    0xF3, 0xFC, 0x07, 0xE3, 0xF8, 0x0F, 0x83, 0xE0, 0x0F, 0x07, 0x80, 0xF0, 0xF0, 0xFF, 0x0F, 0x0F,
    0xF0, 0xF0, 0xFF, 0x0F, 0x0F, 0x70, 0xF0, 0xF7, 0x8F, 0x9E, 0x78, 0xF9, 0xE7, 0x8F, 0x9E, 0x39,
    0xF9, 0xC3, 0xDF, 0xFC, 0x1F, 0x9F, 0x81, 0xF9, 0xF8, 0x0F, 0x0F, 0x00, 0xF0, 0xF0, 0x1E, 0x00,
    0x07, 0x80, 0x0F, 0xFC, 0x03, 0xFF, 0x00, 0xFF, 0xC0, 0x07, 0x80, 0x01, 0xFF, 0xC0, 0x7F, 0xFC,
    0x1F, 0xFF, 0x87, 0x81, 0xE1, 0xE0, 0x3C, 0x78, 0x0F, 0x1E, 0x03, 0xC7, 0x80, 0xF1, 0xE0, 0x78,
    0x7F, 0xFE, 0x1F, 0xFF, 0x07, 0xFF, 0x00, 0x1E, 0x00, 0x1E, 0x00, 0xFF, 0xC0, 0xFF, 0xC0, 0xFF,
    0xC0, 0x1E, 0x00, 0x1E, 0x00, 0x1E, 0x00, 0x1E, 0x00, 0x1F, 0xF8, 0x1F, 0xFE, 0x1F, 0xFF, 0x1E,
    0x1F, 0x1E, 0x0F, 0x1E, 0x1F, 0x1F, 0xFF, 0x1F, 0xFE, 0x1F, 0xF8, 0xF0, 0x0F, 0xE7, 0x81, 0xFF,
    0xFC, 0x1F, 0xFD, 0xE1, 0xF0, 0x6F, 0x1F, 0x00, 0x78, 0xF0, 0x03, 0xC7, 0x80, 0x1F, 0xFF, 0xF8,
    0xFF, 0xFF, 0xC7, 0xFF, 0xFE, 0x3C, 0x78, 0x01, 0xE3, 0xC0, 0x0F, 0x1E, 0x00, 0x78, 0xF8, 0x03,
    0xC3, 0xE0, 0xDE, 0x0F, 0xFE, 0xF0, 0x3F, 0xF7, 0x80, 0xFF, 0x00, 0xF0, 0x3F, 0xF8, 0x7F, 0xFC,
    0x3F, 0xFE, 0x3C, 0x0F, 0x1C, 0x07, 0xFF, 0xFB, 0xFF, 0xFD, 0xFF, 0xFE, 0xF1, 0xC0, 0x78, 0xF0,
    0x3C, 0x78, 0x3E, 0x1F, 0xFF, 0x07, 0xFF, 0x81, 0xF8, 0x03, 0xF0, 0x00, 0xFC, 0x00, 0x7F, 0x80,
    0x1C, 0xE0, 0x07, 0x38, 0x03, 0x8F, 0x00, 0xE1, 0xC0, 0x7F, 0xF0, 0x1F, 0xFE, 0x07, 0xFF, 0x83,
    0xDE, 0xF0, 0xE7, 0x9C, 0x39, 0xE7, 0x1E, 0x79, 0xE7, 0x1E, 0x3B, 0xC7, 0x8F, 0xF1, 0xE3, 0xF8,
    0x78, 0x70, 0x07, 0xC0, 0x0F, 0x80, 0x3F, 0x80, 0x77, 0x01, 0xEE, 0x03, 0x9E, 0x07, 0x1C, 0x1F,
    0xFC, 0x3B, 0xB8, 0xF7, 0x79, 0xCE, 0x73, 0x9C, 0xEF, 0x39, 0xFC, 0x71, 0xC0, 0xF0, 0x1F, 0x81,
    0xE0, 0x3F, 0x03, 0xC0, 0xFF, 0x07, 0x81, 0xCE, 0x0F, 0x03, 0x9C, 0x1E, 0x0E, 0x3C, 0x3C, 0x1C,
    0x38, 0x7F, 0xFF, 0xF0, 0xFF, 0xFF, 0xF1, 0xFF, 0xFF, 0xE3, 0xC7, 0xBD, 0xE7, 0x8E, 0x79, 0xCF,
    0x1C, 0xF3, 0x9E, 0x79, 0xE7, 0xBC, 0xE3, 0xC7, 0x79, 0xC7, 0x8F, 0xF7, 0x8F, 0x1F, 0xEF, 0x1E,
    0x1C, 0xE0, 0x3E, 0x0E, 0x03, 0xE0, 0xE0, 0x77, 0x0E, 0x07, 0x70, 0xE0, 0xF7, 0x0F, 0xFE, 0x38,
    0xFF, 0xFF, 0x8F, 0xFF, 0xFC, 0xE1, 0xDD, 0xCE, 0x3D, 0xDE, 0xE3, 0x9C, 0xEE, 0x79, 0xCE, 0xE7,
    0x9C, 0xFE, 0x71, 0xC7, 0x3F, 0xFF, 0x87, 0xFF, 0xF0, 0xFF, 0xFE, 0x1E, 0x07, 0xC1, 0xE0, 0xF0,
    0x1C, 0x3C, 0x03, 0xCF, 0x00, 0x3F, 0xC0, 0x0F, 0xFE, 0x03, 0xFF, 0xE0, 0x7F, 0xFC, 0x1E, 0xF3,
    0xC3, 0xDE, 0x78, 0x73, 0xCF, 0x1E, 0x78, 0xF3, 0xCF, 0x1E, 0x71, 0xE3, 0xDE, 0x3C, 0x3C, 0x7F,
    0xFE, 0x7F, 0xFE, 0x7F, 0xFE, 0x78, 0x1E, 0x3C, 0x3C, 0x1E, 0x78, 0x0F, 0xF0, 0x1F, 0xF8, 0x3F,
    0xFC, 0x7B, 0xDC, 0x7B, 0xDE, 0x73, 0xCE, 0xF3, 0xCF, 0xF3, 0xCF, 0xF1, 0xFF, 0xFE, 0x78, 0xFF,
    0xFF, 0x3C, 0x3F, 0xFF, 0x1E, 0x1E, 0x07, 0x8F, 0x07, 0x87, 0x87, 0x81, 0xE7, 0x83, 0xC0, 0x7F,
    0x81, 0xFF, 0xFF, 0xC0, 0xFF, 0xFF, 0xF8, 0x7F, 0xFF, 0xFC, 0x3C, 0x3D, 0xEF, 0x1E, 0x3C, 0xF3,
    0x8F, 0x1E, 0x79, 0xE7, 0x8F, 0x3C, 0xF3, 0xCF, 0x1E, 0x39, 0xE7, 0x8F, 0x1E, 0xF3, 0xC7, 0x8F,
    0x7B, 0xC3, 0xC3, 0x80, 0xE3, 0xFF, 0xEE, 0x3F, 0xFE, 0xE1, 0xFF, 0xCE, 0x0E, 0x38, 0xE0, 0x77,
    0x0F, 0xFF, 0xE0, 0xFF, 0xFF, 0x8F, 0xFF, 0xFC, 0xE1, 0xDD, 0xCE, 0x3D, 0xDE, 0xE3, 0x9C, 0xEE,
    0x39, 0xCE, 0xE7, 0x9C, 0xEE, 0x71, 0xC7, 0x38, 0x38, 0x73, 0xE0, 0xEE, 0x01, 0xF0, 0x3F, 0xE3,
    0xFF, 0xE7, 0xFF, 0xC8, 0x0F, 0x00, 0x3C, 0x00, 0xF0, 0x07, 0x87, 0xFC, 0x1F, 0xC0, 0x7F, 0xC0,
    0x0F, 0x80, 0x0F, 0x00, 0x3C, 0x00, 0xF0, 0x07, 0xCF, 0xFE, 0x7F, 0xF3, 0xFF, 0x0F, 0x00, 0x3C,
    0x00, 0xFF, 0xF1, 0xFF, 0xC3, 0xFF, 0x00, 0x70, 0x71, 0xC7, 0x87, 0x70, 0x7F, 0x87, 0xFE, 0x3F,
    0xF8, 0x01, 0xC0, 0x1E, 0x1F, 0xE0, 0xFE, 0x07, 0xFC, 0x01, 0xF0, 0x07, 0x80, 0x7C, 0xFF, 0xCF,
    0xFE, 0xFF, 0xC7, 0x00, 0x38, 0x01, 0xFF, 0xC7, 0xFE, 0x1F, 0xF0, 0xF1, 0xE3, 0xFC, 0x78, 0xFF,
    0x1E, 0x3F, 0xC7, 0x8F, 0xF1, 0xE3, 0xFC, 0x78, 0xFF, 0x1E, 0x3F, 0xC7, 0x8F, 0xF1, 0xE3, 0xDE,
    0x79, 0xE7, 0xFF, 0xF8, 0xFF, 0xFC, 0x0F, 0xFC, 0x00, 0x78, 0x00, 0x1E, 0x00, 0x07, 0x80, 0x01,
    0xE0, 0x00, 0x78, 0x00, 0x01, 0xE0, 0x00, 0x78, 0x00, 0x1E, 0x00, 0x07, 0x80, 0x01, 0xE0, 0x3C,
    0x79, 0xEF, 0x1E, 0x7B, 0xC7, 0x8F, 0xF1, 0xE3, 0xFC, 0x78, 0xFF, 0x1E, 0x3F, 0xC7, 0x8F, 0xF1,
    0xE3, 0xFC, 0x78, 0xFF, 0x1E, 0x7F, 0xE7, 0x9E, 0x7F, 0xFF, 0x8F, 0xFF, 0xC0, 0xFF, 0xC0, 0x07,
    0x80, 0x01, 0xE0, 0x00, 0x78, 0x00, 0x1E, 0x00, 0x07, 0x80, 0x01, 0xE0, 0x00, 0x07, 0xF0, 0x0F,
    0xFE, 0x0F, 0xFF, 0x8F, 0x83, 0xE7, 0x80, 0xF7, 0xC0, 0x7B, 0xC0, 0x1F, 0xFF, 0x0F, 0xFF, 0xFF,
    0xFF, 0xFF, 0xFC, 0x3F, 0xFE, 0x00, 0xFF, 0x80, 0xFB, 0xC0, 0x79, 0xF0, 0x7C, 0x7F, 0xFC, 0x1F,
    0xFC, 0x03, 0xF8, 0x00, 0x0F, 0xC0, 0xFF, 0xC7, 0xFF, 0x9E, 0x1E, 0xF8, 0x7F, 0xF8, 0xFF, 0xFF,
    0xFF, 0xFF, 0xF0, 0xFF, 0xE1, 0xF7, 0x87, 0x9F, 0xFE, 0x3F, 0xF0, 0x3F, 0x00, 0xF0, 0x03, 0xFC,
    0x01, 0xF7, 0x00, 0xFD, 0xE0, 0x3C, 0x78, 0x1E, 0x0E, 0x07, 0x83, 0xC1, 0xE0, 0xF0, 0xF0, 0x1E,
    0x3C, 0x07, 0x8E, 0x01, 0xE7, 0x80, 0x3D, 0xE0, 0x0F, 0x70, 0x03, 0xFC, 0x00, 0x7F, 0x00, 0x1F,
    0x80, 0x03, 0xE0, 0x00, 0xF8, 0x00, 0xF0, 0x0E, 0xE0, 0x7D, 0xE0, 0xFB, 0xC3, 0xC3, 0x87, 0x87,
    0x8E, 0x0F, 0x3C, 0x0E, 0x78, 0x1E, 0xE0, 0x3F, 0xC0, 0x3F, 0x80, 0x7E, 0x00, 0xFC, 0x00, 0xF0,
    0x00, 0x3D, 0xE0, 0x07, 0x38, 0x00, 0xE7, 0x00, 0x1C, 0xC0, 0x00, 0x00, 0x1C, 0x00, 0xF7, 0x80,
    0x7D, 0xE0, 0x3F, 0x38, 0x0F, 0x0F, 0x03, 0x83, 0xC1, 0xE0, 0x70, 0x78, 0x1E, 0x1C, 0x07, 0x8F,
    0x00, 0xE3, 0x80, 0x38, 0xE0, 0x0F, 0x78, 0x01, 0xDC, 0x00, 0x77, 0x00, 0x1D, 0xC0, 0x03, 0xE0,
    0x00, 0xF8, 0x00, 0x3E, 0x00, 0x73, 0x80, 0x73, 0x80, 0x77, 0x00, 0x63, 0x00, 0x00, 0x1E, 0x03,
    0xDC, 0x0F, 0xBC, 0x1F, 0x78, 0x78, 0x70, 0xF0, 0xF1, 0xC1, 0xE7, 0x81, 0xCF, 0x03, 0xDC, 0x07,
    0xF8, 0x07, 0xE0, 0x0F, 0xC0, 0x0F, 0x80, 0x1E, 0x00, 0x07, 0xE0, 0x00, 0x00, 0x3F, 0xF0, 0x00,
    0x00, 0xFF, 0xF0, 0x00, 0x03, 0xE1, 0xF0, 0x00, 0x07, 0x81, 0xE7, 0x81, 0xFE, 0x01, 0xE7, 0x83,
    0xFC, 0x03, 0xCF, 0x07, 0x78, 0x07, 0x8E, 0x1E, 0xF0, 0x0F, 0x1E, 0x3D, 0xE0, 0x1E, 0x3C, 0x73,
    0xC0, 0x3C, 0x39, 0xE7, 0x80, 0x78, 0x7B, 0xCF, 0x00, 0xF0, 0x77, 0x0F, 0x03, 0xC0, 0xFE, 0x1F,
    0x0F, 0x81, 0xFC, 0x1F, 0xFE, 0x01, 0xF0, 0x1F, 0xF8, 0x03, 0xE0, 0x0F, 0xC0, 0x03, 0x80, 0x00,
    0x00, 0x0F, 0x00, 0x00, 0x00, 0x1E, 0x00, 0x00, 0x00, 0x78, 0x00, 0x00, 0x07, 0xF0, 0x00, 0x00,
    0x0F, 0xC0, 0x00, 0x00, 0x1E, 0x00, 0x0F, 0x83, 0xC0, 0xF3, 0xFE, 0x1E, 0x0F, 0x7F, 0xF1, 0xE0,
    0xE7, 0x8F, 0x1E, 0x1E, 0xF0, 0x78, 0xF1, 0xEF, 0x07, 0x8F, 0x1C, 0xF0, 0x78, 0x73, 0xCF, 0x07,
    0x87, 0xBC, 0xF0, 0x78, 0x7B, 0x8F, 0x07, 0x83, 0xF8, 0x78, 0xF0, 0x3F, 0x87, 0xFF, 0x01, 0xF0,
    0x3F, 0xE0, 0x1F, 0x00, 0xF8, 0x01, 0xE0, 0x00, 0x00, 0x1E, 0x00, 0x00, 0x01, 0xE0, 0x00, 0x00,
    0x3C, 0x00, 0x00, 0x1F, 0xC0, 0x00, 0x01, 0xF8, 0x00, 0x00, 0x1F, 0x00, 0x00, 0xC0, 0x00, 0xFC,
    0x00, 0xFF, 0xC0, 0xFF, 0xFC, 0x3F, 0xFF, 0x1F, 0x33, 0xE7, 0x80, 0x7B, 0xC0, 0x0F, 0xF0, 0x03,
    0xFC, 0x00, 0xFF, 0x00, 0x3F, 0xC0, 0x0F, 0xF0, 0x03, 0xFC, 0x01, 0xF7, 0x80, 0x79, 0xF3, 0x3E,
    0x3F, 0xFF, 0x07, 0xFF, 0x80, 0xFF, 0xC0, 0x07, 0x80, 0x00, 0xC0, 0x00, 0x03, 0x80, 0x0F, 0x80,
    0x7F, 0xC3, 0xFF, 0xC7, 0xBB, 0xDE, 0x03, 0xFC, 0x07, 0xF8, 0x0F, 0xF0, 0x1F, 0xE0, 0x3F, 0xC0,
    0x7B, 0xDD, 0xE3, 0xFF, 0xC3, 0xFE, 0x01, 0xF0, 0x01, 0xC0, 0x00, 0x7C, 0x00, 0x00, 0xFF, 0x80,
    0x00, 0xFF, 0x80, 0x00, 0xC7, 0x80, 0x00, 0x3C, 0x00, 0x00, 0x3C, 0x00, 0x00, 0x1C, 0x00, 0x00,
    0x18, 0x00, 0x00, 0x30, 0x00, 0x0F, 0x81, 0xF0, 0x1F, 0xE3, 0xFC, 0x3F, 0xC3, 0xFC, 0x7C, 0x41,
    0x3E, 0x78, 0x00, 0x1E, 0xF0, 0x00, 0x0F, 0xF0, 0x00, 0x0F, 0xF0, 0x00, 0x0F, 0xF0, 0x00, 0x0F,
    0xF0, 0x3C, 0x0F, 0xF0, 0x3C, 0x0F, 0xF0, 0x3C, 0x0F, 0x78, 0x3C, 0x1F, 0x78, 0x3C, 0x1E, 0x7C,
    0x3C, 0x3E, 0x3F, 0xFF, 0xFC, 0x1F, 0xFF, 0xF8, 0x07, 0xC3, 0xE0, 0x01, 0xF0, 0x00, 0x1F, 0xF0,
    0x00, 0xFF, 0x80, 0x07, 0xFC, 0x00, 0x0F, 0x00, 0x00, 0x38, 0x00, 0x01, 0x80, 0x00, 0x18, 0x00,
    0x00, 0x00, 0x00, 0x7C, 0x3E, 0x0F, 0xE3, 0xF8, 0xFF, 0x0F, 0xE7, 0x80, 0x0F, 0x78, 0x00, 0x3F,
    0xC0, 0x01, 0xFE, 0x00, 0x0F, 0xF0, 0x78, 0x7F, 0x83, 0xC3, 0xFC, 0x1E, 0x1E, 0xF1, 0xF9, 0xE7,
    0xFF, 0xFF, 0x1F, 0xEF, 0xF0, 0x7E, 0x1F, 0x00, 0x03, 0xFF, 0x00, 0x07, 0xFE, 0x00, 0x04, 0x48,
    0x00, 0x00, 0x00, 0x00, 0x00, 0x00, 0x1E, 0x0F, 0x03, 0xFC, 0x1E, 0x07, 0xF8, 0x3C, 0x0F, 0xF0,
    0x78, 0x1F, 0xE0, 0xF0, 0x3D, 0xC1, 0xE0, 0x7B, 0xC3, 0xE0, 0xF7, 0x87, 0xC3, 0xCF, 0x1F, 0x87,
    0x9E, 0x3F, 0x0F, 0x1E, 0x7F, 0x1E, 0x3D, 0xFE, 0x78, 0x7B, 0x9C, 0xF0, 0x7F, 0x3F, 0xC0, 0xFE,
    0x7F, 0x80, 0xFC, 0x7F, 0x01, 0xF0, 0xFC, 0x01, 0xE0, 0xF0, 0x00, 0x07, 0xFE, 0x00, 0x3F, 0xF0,
    0x00, 0x99, 0x00, 0x00, 0x00, 0x00, 0x00, 0x00, 0x78, 0x78, 0x3F, 0xC3, 0xC1, 0xFE, 0x1E, 0x0F,
    0xF0, 0xF0, 0x7B, 0x87, 0x83, 0xDE, 0x3E, 0x3C, 0xF1, 0xF1, 0xE7, 0x8F, 0x8F, 0x1C, 0xFC, 0xF0,
    0xF7, 0xF7, 0x83, 0xF3, 0xF8, 0x1F, 0x9F, 0xC0, 0x78, 0x7C, 0x03, 0xC3, 0xE0, 0x03, 0xF8, 0x1F,
    0xFC, 0xFF, 0xF1, 0xF0, 0x67, 0x80, 0x0F, 0x00, 0x3C, 0x00, 0x78, 0x00, 0xF0, 0x01, 0xE0, 0x03,
    0xC0, 0x07, 0x80, 0x0F, 0x80, 0x0F, 0x00, 0x1F, 0x80, 0x1F, 0xFC, 0x1F, 0xF8, 0x0F, 0xF0, 0x01,
    0xE0, 0x03, 0xC0, 0x07, 0x80, 0x0F, 0x00, 0x1E, 0x00, 0x3C, 0x0F, 0xC7, 0xFD, 0xFF, 0xBC, 0x2F,
    0x01, 0xE0, 0x3C, 0x07, 0x80, 0xF0, 0x1E, 0x01, 0xE0, 0x3F, 0xE3, 0xFC, 0x1F, 0x80, 0xF0, 0x1E,
    0x03, 0xC0, 0x78, 0x0F, 0x01, 0xE0, 0x00, 0x20, 0x03, 0x02, 0x18, 0x1D, 0x80, 0x7C, 0x00, 0xF0,
    0x0F, 0xC0, 0x67, 0x46, 0x03, 0xB0, 0x0F, 0x00, 0x1E, 0x01, 0xB8, 0x1C, 0xC0, 0xC0, 0x04, 0x00,
    0x01, 0xBF, 0xEF, 0xFB, 0x00, 0x0F, 0xBF, 0xFF, 0xFF, 0xC3, 0x7F, 0xCE, 0x30, 0x67, 0x33, 0xE0,
    0x7C, 0x3F, 0xFF, 0xFF, 0x0F, 0x00, 0x07, 0x80, 0x00, 0x00, 0x46, 0x00, 0x00, 0x00, 0x00, 0x00,
    0x00, 0x00, 0x00, 0x00, 0xF0, 0x00, 0x78, 0x0C, 0x40, 0x06, 0x20, 0x00, 0x00, 0x00, 0x00, 0x00,
    0x00, 0x00, 0x00, 0x00, 0x00, 0x00, 0x00, 0x00, 0x00, 0x00, 0x00, 0x00, 0x00, 0x78, 0x00, 0x01,
    0xE4, 0x40, 0x00, 0x11, 0xE1, 0x00, 0x00, 0x84, 0x00, 0x00, 0x00, 0x00, 0x00, 0x00, 0x00, 0x00,
    0x00, 0x00, 0x00, 0x00, 0x00, 0x00, 0x00, 0x00, 0x00, 0x00, 0x1E, 0x00, 0x0F, 0x01, 0x88, 0x00,
    0xC4, 0x08, 0x40, 0x04, 0x20, 0x00, 0x00, 0x00, 0x00, 0x00, 0xF0, 0x00, 0x00, 0x08, 0xC0, 0x00,
    0x00, 0x42, 0x00, 0x00, 0x00, 0x06, 0x00, 0x00, 0x00, 0xC0, 0x00, 0x00, 0x18, 0x00, 0x00, 0x06,
    0x00, 0x00, 0xC0, 0xC0, 0x00, 0x0C, 0x00, 0x0E, 0x01, 0x80, 0x07, 0x80, 0x38, 0x00, 0xC0, 0x02,
    0x00, 0x00, 0x00, 0x00, 0x00, 0x00, 0x00, 0x00, 0x00, 0x00, 0x00, 0x00, 0x08, 0x00, 0x00, 0x21,
    0xF0, 0x00, 0x07, 0x1E, 0x00, 0x00, 0xF8, 0x40, 0x00, 0x01, 0x00, 0x00, 0x00, 0x00, 0x00, 0x00,
    0x00, 0x00, 0x00, 0x00, 0x00, 0x00, 0x00, 0x00, 0x00, 0x00, 0x80, 0x0E, 0x00, 0x38, 0x03, 0xC0,
    0x03, 0x00, 0xE0, 0x30, 0x30, 0x00, 0x06, 0x06, 0x00, 0x01, 0x80, 0x00, 0x00, 0x30, 0x00, 0x00,
    0x06, 0x00, 0x00, 0x1C, 0x38, 0x01, 0xC3, 0x80, 0x1C, 0x78, 0x00, 0xFF, 0x00, 0x07, 0xE0, 0x00,
    0x00, 0x00, 0xF0, 0x1F, 0x0F, 0x03, 0xF0, 0xF0, 0x3F, 0x0F, 0x07, 0xF0, 0xF0, 0x7F, 0x0F, 0x0E,
    0xF0, 0xF0, 0xEF, 0x0F, 0x1C, 0xF0, 0xF1, 0xCF, 0x0F, 0x38, 0xF0, 0xF3, 0x8F, 0x0F, 0x70, 0xF0,
    0xF7, 0x0F, 0x0F, 0xE0, 0xF0, 0xFE, 0x0F, 0x0F, 0xC0, 0xFF, 0xFC, 0x0F, 0xFF, 0x80, 0xFE, 0x00,
    0x00, 0xE0, 0x00, 0x1E, 0x00, 0x01, 0xE0, 0x00, 0x3C, 0x00, 0x07, 0xC0, 0x78, 0x78, 0x1E, 0x1E,
    0x03, 0x8F, 0x00, 0xFF, 0xC0, 0x0F, 0xC0, 0x00, 0x00, 0x0F, 0x07, 0xC3, 0xC3, 0xF0, 0xF0, 0xFC,
    0x3C, 0x7F, 0x0F, 0x1F, 0xC3, 0xCF, 0xF0, 0xF3, 0xBC, 0x3D, 0xEF, 0x0F, 0x73, 0xC3, 0xF8, 0xF0,
    0xFE, 0x3C, 0x3F, 0x0F, 0x0F, 0xC3, 0xFF, 0xE0, 0xFE, 0x00, 0x03, 0x80, 0x01, 0xE0, 0x00, 0x78,
    0x00, 0x1C, 0x00, 0x0F, 0x00, 0x3C, 0x00, 0xF0, 0x0F, 0xF8, 0x3F, 0xE0, 0xFF, 0x80, 0xF0, 0x03,
    0xC0, 0x0F, 0xF8, 0x3F, 0xF0, 0xFF, 0xE3, 0xC7, 0xCF, 0x0F, 0x3C, 0x3C, 0xF0, 0xF3, 0xC7, 0xCF,
    0xFE, 0x3F, 0xF0, 0xFF, 0x00, 0x3C, 0x00, 0x78, 0x03, 0xFF, 0x07, 0xFE, 0x0F, 0xFC, 0x07, 0x80,
    0x0F, 0x00, 0x1E, 0x00, 0x3C, 0x00, 0x78, 0x00, 0xFF, 0xC1, 0xFF, 0xE3, 0xFF, 0xE7, 0x83, 0xCF,
    0x07, 0x9E, 0x1F, 0x3F, 0xFE, 0x7F, 0xF8, 0xFF, 0xC0, 0xFF, 0x8F, 0xFC, 0xFF, 0xEF, 0x1F, 0xF0,
    0xFF, 0x0F, 0xF2, 0xFF, 0x6F, 0xF3, 0xFF, 0xFE, 0xFF, 0xCF, 0xFC, 0xF0, 0xEF, 0x00, 0xF0, 0x0F,
    0x00, 0xF0, 0x0F, 0x00, 0xE3, 0xC7, 0xFF, 0x3F, 0xFD, 0xF1, 0xEF, 0x07, 0xF8, 0x3F, 0xC1, 0xFE,
    0x0F, 0xF3, 0x7F, 0x9F, 0xFE, 0x7D, 0xFF, 0xEF, 0xFE, 0x7B, 0xFB, 0xC1, 0xDE, 0x00, 0xF0, 0x07,
    0x80, 0x3C, 0x01, 0xE0, 0x00, 0x00, 0xF0, 0x0F, 0x00, 0xF0, 0x0F, 0xFF, 0xFF, 0xFF, 0xFF, 0xFF,
    0x00, 0xF0, 0x0F, 0x00, 0xF0, 0x0F, 0x00, 0xF0, 0x0F, 0x00, 0xF0, 0x0F, 0x00, 0xF0, 0x0F, 0x00,
    0xF0, 0x0F, 0x00, 0xF0, 0x0F, 0x00, 0x03, 0xC0, 0xF0, 0x3C, 0x0F, 0xFF, 0xFF, 0xFF, 0xFF, 0xC0,
    0xF0, 0x3C, 0x0F, 0x03, 0xC0, 0xF0, 0x3C, 0x0F, 0x03, 0xC0, 0xF0, 0x3C, 0x00, 0x3F, 0xFE, 0x7F,
    0xFC, 0xFF, 0xF9, 0xE0, 0x03, 0xC0, 0x07, 0x80, 0x0F, 0x00, 0x1E, 0x00, 0xFF, 0xE1, 0xFF, 0xC3,
    0xFF, 0x81, 0xE0, 0x03, 0xC0, 0x07, 0x80, 0x0F, 0x00, 0x1E, 0x00, 0x3C, 0x00, 0x78, 0x00, 0x3F,
    0xF3, 0xFF, 0x3F, 0xF3, 0xC0, 0x3C, 0x03, 0xC0, 0xFF, 0xCF, 0xFC, 0xFF, 0xC3, 0xC0, 0x3C, 0x03,
    0xC0, 0x3C, 0x03, 0xC0, 0xFF, 0xE1, 0xFF, 0xC3, 0xFF, 0x87, 0x80, 0x0F, 0x00, 0x1E, 0x00, 0x3C,
    0x00, 0x78, 0x00, 0xFF, 0xC1, 0xFF, 0xE3, 0xFF, 0xE7, 0x87, 0xEF, 0x03, 0xDE, 0x07, 0xFC, 0x07,
    0xF8, 0x0F, 0xF0, 0x1F, 0xE0, 0x3C, 0x00, 0x78, 0x01, 0xF0, 0x87, 0xC1, 0xFF, 0x03, 0xFE, 0x07,
    0xF0, 0xFF, 0x8F, 0xF8, 0xFF, 0x8F, 0x00, 0xF0, 0x0F, 0x00, 0xFF, 0x0F, 0xFC, 0xFF, 0xEF, 0x1E,
    0xF1, 0xFF, 0x0F, 0xF0, 0xFF, 0x0F, 0x00, 0xF0, 0x0F, 0x11, 0xE1, 0xFE, 0x1F, 0xC0, 0xF8, 0x7C,
    0x1E, 0x0F, 0x87, 0x83, 0xC3, 0xE0, 0xF8, 0x78, 0x78, 0x0F, 0x8F, 0x1F, 0x00, 0xF9, 0xE7, 0xC0,
    0x0F, 0x3D, 0xF0, 0x01, 0xF7, 0xBC, 0x00, 0x1F, 0xFF, 0x80, 0x01, 0xFF, 0xE0, 0x00, 0x7F, 0xFC,
    0x00, 0x0F, 0x7B, 0xC0, 0x03, 0xEF, 0x7C, 0x00, 0xF9, 0xE7, 0xC0, 0x1E, 0x3C, 0x78, 0x07, 0xC7,
    0x8F, 0x81, 0xF0, 0xF0, 0xFF, 0x7C, 0x1E, 0x0F, 0xEF, 0x03, 0xC1, 0xFC, 0x00, 0x00, 0x07, 0x80,
    0x00, 0x00, 0xF0, 0x00, 0x00, 0x1E, 0x00, 0x00, 0x03, 0xC0, 0xF8, 0x78, 0x7C, 0xF8, 0xF1, 0xF0,
    0xF1, 0xE3, 0xC1, 0xF3, 0xCF, 0x81, 0xF7, 0xBE, 0x01, 0xEF, 0x78, 0x01, 0xFF, 0xE0, 0x03, 0xFF,
    0xC0, 0x0F, 0x7B, 0xC0, 0x3E, 0xF7, 0xC0, 0xF9, 0xE7, 0xC1, 0xE3, 0xC7, 0xC7, 0x87, 0x87, 0xFF,
    0x0F, 0x0F, 0xC0, 0x00, 0x07, 0x80, 0x00, 0x0F, 0x00, 0x00, 0x1E, 0x00, 0x00, 0x3C, 0x1F, 0xC7,
    0xFF, 0x9F, 0xFE, 0xC1, 0xF0, 0x07, 0x80, 0x3C, 0x03, 0xC3, 0xFC, 0x1F, 0x80, 0xFF, 0x80, 0x3C,
    0x00, 0xF0, 0x07, 0x80, 0x3F, 0x03, 0xFF, 0xFE, 0xFF, 0xE1, 0xFC, 0x00, 0xE0, 0x03, 0x00, 0x1C,
    0x03, 0xE0, 0x1F, 0x00, 0xF0, 0x3F, 0x87, 0xFC, 0x7F, 0xE4, 0x1E, 0x01, 0xE0, 0x3E, 0x1F, 0xC1,
    0xF8, 0x1F, 0xE0, 0x0F, 0x80, 0xFF, 0xFF, 0xFF, 0xE7, 0xF8, 0x07, 0x00, 0x30, 0x03, 0x80, 0xF8,
    0x0F, 0x80, 0xF0, 0xF0, 0x3C, 0xF0, 0x78, 0xF0, 0xF8, 0xF0, 0xF0, 0xF1, 0xE0, 0xF3, 0xC0, 0xF3,
    0xC0, 0xF7, 0x80, 0xFF, 0x00, 0xFF, 0x00, 0xF7, 0x80, 0xF3, 0xC0, 0xF3, 0xC0, 0xF1, 0xE0, 0xF0,
    0xF0, 0xF0, 0xFF, 0xF0, 0x7F, 0xF0, 0x3F, 0x00, 0x0F, 0x00, 0x0F, 0x00, 0x0F, 0x00, 0x0F, 0xF0,
    0xFB, 0xC7, 0xCF, 0x1E, 0x3C, 0xF0, 0xF7, 0xC3, 0xDE, 0x0F, 0xF0, 0x3F, 0xC0, 0xF7, 0x83, 0xCF,
    0x0F, 0x3C, 0x3C, 0x78, 0xF0, 0xFF, 0xC3, 0xF0, 0x03, 0xC0, 0x0F, 0x00, 0x3C, 0x00, 0xF0, 0xF0,
    0x3D, 0xE0, 0xF3, 0xDB, 0xC7, 0xB7, 0x8F, 0x7E, 0x1E, 0xF8, 0x3D, 0xF0, 0x7B, 0xC0, 0xFF, 0x01,
    0xFE, 0x03, 0xDE, 0x07, 0xBE, 0x0F, 0x7C, 0x1E, 0xFC, 0x3D, 0xBC, 0x7B, 0x7C, 0xF0, 0x79, 0xE0,
    0x78, 0xF0, 0x7B, 0xC3, 0xCF, 0x7F, 0x3D, 0xF8, 0xF7, 0xC3, 0xDE, 0x0F, 0x78, 0x3F, 0xC0, 0xF7,
    0x83, 0xDF, 0x0F, 0x7E, 0x3D, 0xFC, 0xF6, 0xFB, 0xC1, 0xE0, 0x78, 0x1E, 0x78, 0x3C, 0xFE, 0x3C,
    0xFE, 0x78, 0xFE, 0xF0, 0x78, 0xF0, 0x79, 0xE0, 0x7F, 0xC0, 0x7F, 0xC0, 0x7F, 0xC0, 0x79, 0xE0,
    0x78, 0xF0, 0x78, 0xF0, 0x78, 0x78, 0x78, 0x7C, 0x78, 0x3C, 0x78, 0x1E, 0x78, 0x1F, 0x3C, 0x00,
    0x78, 0x03, 0xFE, 0x07, 0xFC, 0x0F, 0xF8, 0x07, 0x87, 0x8F, 0x0F, 0x1E, 0x3C, 0x3C, 0xF0, 0x79,
    0xC0, 0xF7, 0x01, 0xFE, 0x03, 0xFC, 0x07, 0xBC, 0x0F, 0x3C, 0x1E, 0x38, 0x3C, 0x78, 0x78, 0x78,
    0xF0, 0x78, 0xFF, 0x03, 0xDF, 0xE0, 0xF3, 0xFC, 0x1E, 0x07, 0x87, 0x80, 0xF1, 0xE0, 0x1E, 0x78,
    0x03, 0xCE, 0x00, 0x7B, 0xC0, 0x0F, 0xF0, 0x01, 0xEF, 0x00, 0x3D, 0xE0, 0x07, 0x9E, 0x00, 0xF1,
    0xE0, 0x1E, 0x3E, 0x03, 0xC3, 0xC0, 0x78, 0x3C, 0x0F, 0x07, 0xC1, 0xE0, 0x78, 0xFF, 0x83, 0xDF,
    0xF0, 0xF3, 0xFE, 0x3C, 0x03, 0xC7, 0x00, 0x79, 0xE0, 0x0F, 0x78, 0x01, 0xFE, 0x00, 0x3F, 0xC0,
    0x07, 0xBC, 0x00, 0xF3, 0xC0, 0x1E, 0x3C, 0x03, 0xC3, 0xC0, 0x78, 0x78, 0x0F, 0x07, 0x80, 0xF0,
    0x3C, 0x78, 0x1E, 0x3C, 0x0F, 0x1E, 0x07, 0x8F, 0x03, 0xC7, 0x81, 0xE3, 0xC0, 0xF1, 0xE0, 0x78,
    0xFF, 0xFC, 0x7F, 0xFE, 0x3F, 0xFF, 0x1E, 0x07, 0x8F, 0x03, 0xC7, 0x81, 0xE3, 0xC0, 0xF1, 0xE0,
    0x7F, 0xF0, 0x3F, 0xF8, 0x1F, 0xC0, 0x01, 0xE0, 0x00, 0xF0, 0x00, 0x78, 0x00, 0x3C, 0xF0, 0xF3,
    0xC3, 0xCF, 0x0F, 0x3C, 0x3C, 0xF0, 0xF3, 0xC3, 0xCF, 0xFF, 0x3F, 0xFC, 0xFF, 0xF3, 0xC3, 0xCF,
    0x0F, 0x3C, 0x3C, 0xF0, 0xFF, 0xC3, 0xF0, 0x03, 0xC0, 0x0F, 0x00, 0x3C, 0x00, 0xF0, 0xF0, 0x1F,
    0xFE, 0x03, 0xFF, 0xC0, 0x7F, 0xF8, 0x0F, 0x0F, 0x01, 0xE1, 0xE0, 0x3C, 0x3C, 0x07, 0x87, 0xFF,
    0xF0, 0xFF, 0xFE, 0x1F, 0xFF, 0xC3, 0xC0, 0x78, 0x78, 0x0F, 0x0F, 0x01, 0xE1, 0xE0, 0x3C, 0x3C,
    0x07, 0x87, 0x80, 0xF0, 0xF0, 0x1E, 0x1E, 0x03, 0xC0, 0xF0, 0x7F, 0xF8, 0x3F, 0xFC, 0x1F, 0xFE,
    0x0F, 0x0F, 0x07, 0x87, 0xFF, 0xC3, 0xFF, 0xE1, 0xFF, 0xF0, 0xF0, 0x78, 0x78, 0x3C, 0x3C, 0x1E,
    0x1E, 0x0F, 0x0F, 0x07, 0x87, 0x83, 0xC0, 0xFF, 0xFC, 0x00, 0x7F, 0xFE, 0x00, 0x3F, 0xFF, 0x00,
    0x1E, 0x07, 0x80, 0x0F, 0x03, 0xC0, 0x07, 0x81, 0xE0, 0x03, 0xC0, 0xF0, 0x01, 0xE0, 0x78, 0x00,
    0xF0, 0x3F, 0xF0, 0x78, 0x1F, 0xFE, 0x3C, 0x0F, 0xFF, 0x9E, 0x07, 0x83, 0xEF, 0x03, 0xC0, 0xF7,
    0x81, 0xE0, 0x3F, 0xC0, 0xF0, 0x1F, 0xE0, 0x78, 0x0F, 0xF0, 0x3C, 0x07, 0xF8, 0x1E, 0x03, 0xC0,
    0x00, 0x01, 0xE0, 0x00, 0x01, 0xE0, 0x00, 0x21, 0xF0, 0x00, 0x1F, 0xF0, 0x00, 0x0F, 0xF0, 0x00,
    0x07, 0xF0, 0xFF, 0xF0, 0x0F, 0xFF, 0x00, 0xFF, 0xF0, 0x0F, 0x0F, 0x00, 0xF0, 0xF0, 0x0F, 0x0F,
    0x00, 0xF0, 0xFF, 0x0F, 0x0F, 0xFC, 0xF0, 0xFF, 0xEF, 0x0F, 0x3E, 0xF0, 0xF1, 0xFF, 0x0F, 0x0F,
    0xF0, 0xF0, 0xFF, 0x0F, 0x0F, 0x00, 0x00, 0xF0, 0x00, 0x1F, 0x00, 0x01, 0xE0, 0x03, 0xFE, 0x00,
    0x3F, 0xC0, 0x03, 0xF0, 0x07, 0xE0, 0x0F, 0xF0, 0x0F, 0xF8, 0x0F, 0x80, 0x07, 0x87, 0xC7, 0xC7,
    0xFB, 0xC3, 0xFD, 0xE3, 0xCF, 0xF1, 0xE7, 0xF8, 0xF3, 0xFC, 0x79, 0xFE, 0x3C, 0xFF, 0x8E, 0x73,
    0xC7, 0xF9, 0xF1, 0xF8, 0x7F, 0xF8, 0x1F, 0xFF, 0x83, 0xFF, 0xC0, 0x01, 0xE0, 0x0F, 0x80, 0x7F,
    0x01, 0xFC, 0x03, 0xC7, 0x8F, 0x1F, 0x9E, 0x7F, 0xBC, 0xE7, 0x79, 0xCE, 0xF3, 0x9D, 0xE7, 0x79,
    0xE7, 0xE3, 0xFF, 0x83, 0xFF, 0xE1, 0xFF, 0xC0, 0x07, 0x80, 0x07, 0xF0, 0x7F, 0xF3, 0xFF, 0x9F,
    0x86, 0x78, 0x03, 0xE0, 0x0F, 0x00, 0x3C, 0x00, 0xF0, 0x03, 0xC0, 0x0F, 0x00, 0x3C, 0x00, 0xF8,
    0x01, 0xE0, 0x07, 0xC0, 0x8F, 0xFE, 0x1F, 0xF8, 0x1F, 0xC0, 0x1C, 0x00, 0x30, 0x00, 0xE0, 0x0F,
    0x80, 0x3E, 0x00, 0xF0, 0x0F, 0xC7, 0xFD, 0xFF, 0x3C, 0x2F, 0x01, 0xE0, 0x3C, 0x07, 0x80, 0xF0,
    0x1F, 0x05, 0xFF, 0xBF, 0xF3, 0xFC, 0x1F, 0x00, 0xC0, 0x1C, 0x03, 0x81, 0xF0, 0x3E, 0x07, 0x80,
    0xFF, 0xFF, 0xFF, 0xFF, 0xFE, 0x0F, 0x00, 0x78, 0x03, 0xC0, 0x1E, 0x00, 0xF0, 0x07, 0x80, 0x3C,
    0x01, 0xE0, 0x0F, 0x00, 0x78, 0x03, 0xC0, 0x1E, 0x00, 0xFE, 0x07, 0xF0, 0x3F, 0x80, 0x1C, 0x00,
    0xE0, 0x07, 0x00, 0x38, 0x01, 0xC0, 0xFF, 0xFF, 0xFF, 0xFF, 0xFE, 0x1E, 0x00, 0xF0, 0x07, 0x80,
    0x3C, 0x01, 0xE0, 0x0F, 0x00, 0x78, 0x03, 0xC0, 0x1E, 0x00, 0xFF, 0x07, 0xF8, 0x03, 0xC0, 0x1E,
    0x00, 0xF0, 0x07, 0x80, 0x3C, 0xF0, 0x0F, 0x78, 0x1E, 0x78, 0x1E, 0x3C, 0x3C, 0x3E, 0x7C, 0x1E,
    0x78, 0x1F, 0xF8, 0x0F, 0xF0, 0x07, 0xE0, 0x07, 0xE0, 0x03, 0xC0, 0x03, 0xC0, 0x03, 0xC0, 0x03,
    0xC0, 0x03, 0xC0, 0x03, 0xC0, 0x03, 0xC0, 0x03, 0xC0, 0xF0, 0x3F, 0xC0, 0xF7, 0x03, 0x9E, 0x1E,
    0x78, 0x78, 0xE3, 0xC3, 0xCF, 0x07, 0x38, 0x1D, 0xE0, 0x7F, 0x80, 0xFC, 0x03, 0xF0, 0x0F, 0xC0,
    0x1E, 0x00, 0x78, 0x01, 0xE0, 0x07, 0x80, 0x1E, 0x00, 0xF0, 0x0F, 0x78, 0x1E, 0x78, 0x1E, 0x3C,
    0x3C, 0x3E, 0x7C, 0x1E, 0x78, 0x0F, 0xF0, 0x0F, 0xF0, 0x07, 0xE0, 0x07, 0xE0, 0x1F, 0xFE, 0x1F,
    0xFE, 0x1F, 0xFE, 0x03, 0xC0, 0x03, 0xC0, 0x03, 0xC0, 0x03, 0xC0, 0x03, 0xC0, 0xF0, 0x3F, 0xC0,
    0xE7, 0x07, 0x9E, 0x1E, 0x78, 0x70, 0xE3, 0xC3, 0xCF, 0x07, 0x38, 0x1C, 0xE0, 0x7F, 0x80, 0xFC,
    0x03, 0xF0, 0x0F, 0xC0, 0xFF, 0xC3, 0xFF, 0x0F, 0xFC, 0x07, 0x80, 0x1E, 0x00, 0xF0, 0x1F, 0x1E,
    0x07, 0x87, 0xC3, 0xC0, 0xF1, 0xF0, 0x1E, 0x78, 0x07, 0xFC, 0x00, 0xFF, 0x00, 0x1F, 0x80, 0x07,
    0xC0, 0x01, 0xF8, 0x00, 0xFE, 0x00, 0x3F, 0xC0, 0x1E, 0xF8, 0x0F, 0x9E, 0x03, 0xC3, 0xC1, 0xE0,
    0xFF, 0xF8, 0x1F, 0xFC, 0x07, 0xF0, 0x00, 0x3C, 0x00, 0x0F, 0x00, 0x03, 0xC0, 0x00, 0xF0, 0xF0,
    0x78, 0xF0, 0xF0, 0xE3, 0xC1, 0xEF, 0x01, 0xFE, 0x01, 0xF8, 0x03, 0xE0, 0x07, 0xC0, 0x1F, 0xC0,
    0x3F, 0xC0, 0xF3, 0x83, 0xC7, 0x87, 0x87, 0xFE, 0x0F, 0xC0, 0x07, 0x80, 0x0F, 0x00, 0x1E, 0x00,
    0x3C, 0xFF, 0xF9, 0xE3, 0xFF, 0xE7, 0x8F, 0xFF, 0x9E, 0x03, 0xC0, 0x78, 0x0F, 0x01, 0xE0, 0x3C,
    0x07, 0x80, 0xF0, 0x1E, 0x03, 0xC0, 0x78, 0x0F, 0x01, 0xE0, 0x3C, 0x07, 0x80, 0xF0, 0x1E, 0x03,
    0xC0, 0x78, 0x0F, 0x01, 0xE0, 0x3C, 0x07, 0x80, 0xF0, 0x1E, 0x03, 0xFF, 0xFF, 0x0F, 0xFF, 0xFC,
    0x3F, 0xFF, 0xF0, 0x00, 0x01, 0xC0, 0x00, 0x07, 0x00, 0x00, 0x1C, 0x00, 0x00, 0x70, 0x00, 0x01,
    0xC0, 0xFF, 0xCF, 0x1F, 0xF9, 0xE3, 0xFF, 0x3C, 0x0F, 0x07, 0x81, 0xE0, 0xF0, 0x3C, 0x1E, 0x07,
    0x83, 0xC0, 0xF0, 0x78, 0x1E, 0x0F, 0x03, 0xC1, 0xE0, 0x78, 0x3C, 0x0F, 0xFF, 0xF1, 0xFF, 0xFE,
    0x3F, 0xFF, 0xC0, 0x00, 0x38, 0x00, 0x07, 0x00, 0x00, 0xE0, 0x00, 0x1C, 0x00, 0x03, 0x80, 0xF0,
    0x3C, 0xF0, 0x3C, 0xF0, 0x3C, 0xF0, 0x3C, 0xF0, 0x3C, 0xF0, 0x3C, 0xF0, 0x3C, 0xF0, 0x3C, 0xF8,
    0x7C, 0x7F, 0xFC, 0x7F, 0xBC, 0x1F, 0x3C, 0x00, 0x3C, 0x00, 0x3C, 0x00, 0x3C, 0x00, 0x3F, 0x00,
    0x3F, 0x00, 0x3F, 0x00, 0x0F, 0x00, 0x0F, 0x00, 0x0F, 0x00, 0x0F, 0xF0, 0x79, 0xE0, 0xF3, 0xC1,
    0xE7, 0x83, 0xCF, 0x07, 0x9E, 0x0F, 0x3E, 0x3E, 0x3F, 0xFC, 0x7F, 0xF8, 0x3C, 0xF0, 0x01, 0xE0,
    0x03, 0xC0, 0x07, 0xE0, 0x0F, 0xC0, 0x07, 0x80, 0x0F, 0x00, 0x1E, 0x00, 0x3C, 0xF0, 0x1F, 0xE0,
    0x3F, 0xC0, 0x7F, 0x80, 0xFF, 0x01, 0xFE, 0x63, 0xFC, 0xC7, 0xF9, 0x8F, 0xFB, 0x3F, 0xFF, 0xFD,
    0xFF, 0xF8, 0xFC, 0xF0, 0x31, 0xE0, 0x63, 0xC0, 0xC7, 0x81, 0x8F, 0x00, 0x1E, 0x00, 0x3C, 0xF0,
    0x7F, 0x83, 0xFC, 0x1F, 0xE0, 0xFF, 0x37, 0xF9, 0xBF, 0xCD, 0xFF, 0xFF, 0x7F, 0xF9, 0xFB, 0xC0,
    0xDE, 0x06, 0xF0, 0x07, 0x80, 0x3C, 0xF0, 0x03, 0xC0, 0x0F, 0x00, 0x3C, 0x00, 0xF0, 0x03, 0xC0,
    0x0F, 0x3E, 0x3F, 0xFE, 0xFF, 0xFB, 0xE1, 0xFF, 0x03, 0xFC, 0x0F, 0xF0, 0x3F, 0xC0, 0xFF, 0x03,
    0xFC, 0x0F, 0xF0, 0x3F, 0xC0, 0xF0, 0xF0, 0x0F, 0x00, 0xF0, 0x0F, 0x00, 0xF7, 0xCF, 0xFE, 0xFF,
    0xEF, 0x9F, 0xF0, 0xFF, 0x0F, 0xF0, 0xFF, 0x0F, 0xF0, 0xFF, 0x0F, 0xF0, 0xFF, 0x0F, 0xF0, 0xFF,
    0x0F, 0x00, 0x3F, 0x80, 0x03, 0xFF, 0x80, 0x1F, 0xFF, 0x00, 0xF8, 0x3E, 0xE7, 0xC0, 0x7B, 0x9E,
    0x00, 0xFE, 0x78, 0x03, 0xFF, 0xFF, 0xFF, 0xFF, 0xFF, 0xFD, 0xFF, 0xFF, 0xF0, 0x78, 0x00, 0x01,
    0xE0, 0x00, 0x07, 0x80, 0x00, 0x0F, 0x00, 0x20, 0x3E, 0x07, 0x80, 0x7F, 0xFE, 0x00, 0xFF, 0xF8,
    0x00, 0xFF, 0x00, 0x00, 0xFC, 0x01, 0xFF, 0x01, 0xFF, 0xDC, 0xF1, 0xFE, 0xF0, 0x7F, 0xFF, 0xFF,
    0xFF, 0xFE, 0xFF, 0xFF, 0x0F, 0x00, 0x07, 0x80, 0x01, 0xE0, 0x40, 0xFF, 0xE0, 0x3F, 0xF0, 0x07,
    0xF0, 0x00, 0x3F, 0x80, 0x03, 0xFF, 0x80, 0x1F, 0xFF, 0x00, 0xF8, 0x3E, 0xE7, 0x80, 0x7B, 0x9E,
    0x00, 0xFE, 0x70, 0x03, 0xFF, 0xFF, 0xFF, 0xFF, 0xFF, 0xFD, 0xFF, 0xFF, 0xF0, 0x70, 0x00, 0x01,
    0xC0, 0x00, 0x07, 0x80, 0x00, 0x1E, 0x00, 0x20, 0x3E, 0x07, 0x80, 0x7F, 0xFE, 0x00, 0xFF, 0xF8,
    0x01, 0xFF, 0x00, 0x01, 0xE0, 0x00, 0x07, 0x80, 0x00, 0x1E, 0x00, 0x00, 0x78, 0x00, 0x01, 0xE0,
    0x00, 0x00, 0xF8, 0x01, 0xFF, 0x00, 0xFF, 0xC0, 0xF1, 0xEE, 0x70, 0x7F, 0x78, 0x3F, 0xFF, 0xFF,
    0xFF, 0xFF, 0x7F, 0xFF, 0x87, 0x80, 0x01, 0xC0, 0x00, 0xF0, 0x20, 0x3F, 0xF0, 0x0F, 0xF8, 0x01,
    0xE0, 0x00, 0xF0, 0x00, 0x78, 0x00, 0x3C, 0x00, 0x1E, 0x00, 0xFF, 0xFF, 0xFF, 0xFF, 0xFF, 0xFF,
    0xFF, 0xFF, 0xFF, 0x01, 0xC3, 0x80, 0x00, 0xE3, 0x80, 0x00, 0xFF, 0x00, 0x00, 0x7E, 0x00, 0x00,
    0x00, 0x00, 0x00, 0x00, 0x00, 0x78, 0x3C, 0x1E, 0x78, 0x3C, 0x1E, 0x3C, 0x3C, 0x3C, 0x1E, 0x3C,
    0x78, 0x1E, 0x3C, 0x78, 0x0F, 0x3C, 0xF0, 0x07, 0x3D, 0xE0, 0x07, 0xFF, 0xE0, 0x03, 0xFF, 0xC0,
    0x07, 0xFF, 0xE0, 0x07, 0xBD, 0xE0, 0x0F, 0x3C, 0xF0, 0x1E, 0x3C, 0xF8, 0x1E, 0x3C, 0x78, 0x3C,
    0x3C, 0x3C, 0x7C, 0x3C, 0x3E, 0x78, 0x3C, 0x1E, 0xF0, 0x3C, 0x0F, 0x03, 0x86, 0x00, 0x1C, 0x30,
    0x00, 0xF3, 0x80, 0x03, 0xF8, 0x00, 0x0F, 0x80, 0x00, 0x00, 0x01, 0xE1, 0xE1, 0xC7, 0x8F, 0x1E,
    0x3C, 0x78, 0xE0, 0xF3, 0xCE, 0x03, 0xDE, 0xF0, 0x0F, 0xFF, 0x00, 0x7F, 0xF0, 0x07, 0xFF, 0xC0,
    0x3D, 0xEF, 0x03, 0xCF, 0x38, 0x3E, 0x79, 0xE1, 0xE3, 0xC7, 0x9E, 0x1E, 0x3C, 0xF0, 0xF0, 0xF0,
    0xF0, 0x3E, 0xF0, 0x7C, 0xF0, 0x78, 0xF0, 0xF0, 0xF1, 0xE0, 0xF3, 0xC0, 0xF7, 0x80, 0xF7, 0x80,
    0xFF, 0x00, 0xFF, 0xF0, 0xFF, 0xFC, 0xF8, 0xFE, 0xF0, 0x3E, 0xF0, 0x1F, 0xF0, 0x0F, 0xF0, 0x0F,
    0xF0, 0x0F, 0xF0, 0x0F, 0x00, 0x0F, 0x00, 0x1E, 0x00, 0x3E, 0x07, 0xFC, 0x07, 0xF8, 0x07, 0xF0,
    0xF0, 0x7F, 0xC3, 0xEF, 0x1F, 0x3C, 0xF8, 0xF7, 0xC3, 0xDE, 0x0F, 0xF8, 0x3F, 0xFC, 0xFF, 0xFB,
    0xC3, 0xEF, 0x07, 0xFC, 0x0F, 0xF0, 0x3F, 0xC0, 0xF0, 0x03, 0xC0, 0x0F, 0x00, 0x78, 0x1F, 0xE0,
    0x7F, 0x01, 0xF0, 0x07, 0xFF, 0x80, 0x3F, 0xFC, 0x01, 0xFF, 0xE0, 0x0F, 0x0F, 0x00, 0x70, 0x78,
    0x03, 0x83, 0xC0, 0x1C, 0x1E, 0x01, 0xE0, 0xF0, 0x0F, 0x07, 0x80, 0x78, 0x3C, 0x03, 0xC1, 0xE0,
    0x1C, 0x0F, 0x00, 0xE0, 0x78, 0x0F, 0x03, 0xC0, 0x78, 0x1E, 0x1F, 0x80, 0xFF, 0xFC, 0x07, 0xFF,
    0xC0, 0x3F, 0x80, 0x00, 0x1C, 0x00, 0x01, 0xE0, 0x00, 0x0F, 0x00, 0x00, 0xF0, 0x00, 0x07, 0x80,
    0x0F, 0xFE, 0x01, 0xFF, 0xC0, 0x3F, 0xF8, 0x07, 0x8F, 0x00, 0xE1, 0xE0, 0x1C, 0x3C, 0x03, 0x87,
    0x80, 0x70, 0xF0, 0x1E, 0x1E, 0x03, 0xC3, 0xC0, 0x70, 0x78, 0x7E, 0x0F, 0xFF, 0x81, 0xFD, 0xE0,
    0x3F, 0x80, 0x00, 0x70, 0x00, 0x1E, 0x00, 0x03, 0x80, 0x00, 0xF0, 0xF0, 0x1F, 0xE0, 0x3F, 0xC0,
    0x7F, 0x80, 0xFF, 0x01, 0xFE, 0x03, 0xFC, 0x07, 0xFF, 0xFF, 0xFF, 0xFF, 0xFF, 0xFF, 0xC0, 0x7F,
    0x80, 0xFF, 0x01, 0xFE, 0x03, 0xFC, 0x07, 0xF8, 0x0F, 0xF0, 0x1F, 0xE0, 0x3C, 0x00, 0x78, 0x01,
    0xF0, 0x87, 0xC1, 0xFF, 0x83, 0xFE, 0x07, 0xF0, 0xF0, 0x7F, 0x83, 0xFC, 0x1F, 0xE0, 0xFF, 0x07,
    0xFF, 0xFF, 0xFF, 0xFF, 0xFF, 0xF0, 0x7F, 0x83, 0xFC, 0x1F, 0xE0, 0xFF, 0x07, 0xF8, 0x3C, 0x01,
    0xE0, 0x0F, 0x00, 0xF8, 0x7F, 0x83, 0xF8, 0x1F, 0x80, 0xF0, 0x1E, 0x1E, 0x03, 0xC3, 0xC0, 0x78,
    0x78, 0x0F, 0x0F, 0x01, 0xE1, 0xE0, 0x3C, 0x3C, 0x07, 0x87, 0xFF, 0xF0, 0xFF, 0xFE, 0x1F, 0xFF,
    0xC3, 0xC0, 0x78, 0x78, 0x0F, 0x0F, 0x01, 0xE1, 0xE0, 0x3C, 0x3C, 0x07, 0x87, 0x80, 0xFF, 0xF0,
    0x1F, 0xFE, 0x03, 0xF8, 0x00, 0x07, 0x00, 0x01, 0xE0, 0x00, 0x3C, 0x00, 0x0F, 0x00, 0x01, 0xE0,
    0xF0, 0x78, 0x78, 0x3C, 0x3C, 0x1E, 0x1E, 0x0F, 0x0F, 0x07, 0x87, 0xFF, 0xC3, 0xFF, 0xE1, 0xFF,
    0xF0, 0xF0, 0x78, 0x78, 0x3C, 0x3C, 0x1E, 0x1E, 0x0F, 0x0F, 0x07, 0xFF, 0x83, 0xF8, 0x00, 0x1C,
    0x00, 0x1E, 0x00, 0x0F, 0x00, 0x07, 0x00, 0x07, 0x80, 0xF0, 0x1F, 0xE0, 0x3F, 0xC0, 0x7F, 0x80,
    0xFF, 0x01, 0xFE, 0x03, 0xFC, 0x07, 0xF8, 0x0F, 0xF8, 0x3F, 0xFF, 0xFD, 0xFF, 0xF8, 0xFC, 0xF0,
    0x01, 0xE0, 0x03, 0xC0, 0x07, 0x80, 0x7F, 0x00, 0xFE, 0x01, 0xFC, 0x03, 0xC0, 0x07, 0x80, 0x0F,
    0x00, 0x1E, 0x00, 0x3C, 0x00, 0xF0, 0x7F, 0x83, 0xFC, 0x1F, 0xE0, 0xFF, 0x07, 0xF8, 0x3F, 0xC3,
    0xFF, 0xFF, 0x7F, 0xF9, 0xF3, 0xC0, 0x1E, 0x00, 0xF0, 0x3F, 0x81, 0xFC, 0x0F, 0x00, 0x78, 0x03,
    0xC0, 0x1E, 0x00, 0xF0, 0xFC, 0x07, 0xE1, 0xF8, 0x0F, 0xC3, 0xF0, 0x1F, 0x87, 0xF0, 0x7F, 0x0F,
    0xE0, 0xFE, 0x1F, 0xC1, 0xFC, 0x3D, 0x83, 0x78, 0x7B, 0x8E, 0xF0, 0xF7, 0x1D, 0xE1, 0xEE, 0x33,
    0xC3, 0xCC, 0xE7, 0x87, 0x9D, 0xCF, 0x0F, 0x3B, 0x9E, 0x1E, 0x36, 0x3C, 0x3C, 0x7C, 0x78, 0x78,
    0xF8, 0xFF, 0xF1, 0xE1, 0xFF, 0xE1, 0xC3, 0xF8, 0x00, 0x00, 0x70, 0x00, 0x01, 0xE0, 0x00, 0x03,
    0xC0, 0x00, 0x0F, 0x00, 0x00, 0x1E, 0x00, 0xFC, 0x1F, 0x87, 0xE0, 0xFC, 0x3F, 0x07, 0xE1, 0xFC,
    0x3F, 0x0F, 0xE3, 0xF8, 0x7B, 0x1B, 0xC3, 0xDC, 0xDE, 0x1E, 0xEE, 0xF0, 0xF3, 0x77, 0x87, 0x9B,
    0x3C, 0x3C, 0xF9, 0xE1, 0xE3, 0xCF, 0x0F, 0x1C, 0x7F, 0xF8, 0xE3, 0xF8, 0x00, 0x01, 0xC0, 0x00,
    0x1E, 0x00, 0x00, 0xF0, 0x00, 0x07, 0x00, 0x00, 0x78, 0xFF, 0xFF, 0xFF, 0xFF, 0xFF, 0xFF, 0xFF,
    0xFF, 0xFF, 0x0E, 0x1C, 0x07, 0x9E, 0x01, 0xFE, 0x00, 0x7E, 0x00, 0x00, 0x00, 0x00, 0x00, 0x0F,
    0x80, 0x07, 0xC0, 0x07, 0xF0, 0x03, 0xF8, 0x01, 0xDE, 0x01, 0xEF, 0x00, 0xF3, 0x80, 0x79, 0xE0,
    0x78, 0xF0, 0x3C, 0x78, 0x1E, 0x1E, 0x1F, 0xFF, 0x0F, 0xFF, 0x87, 0xFF, 0xE7, 0x80, 0xF3, 0xC0,
    0x79, 0xE0, 0x1F, 0xE0, 0x0F, 0x38, 0xF3, 0xCE, 0x1F, 0xE0, 0xFC, 0x00, 0x00, 0x00, 0x1F, 0xC3,
    0xFE, 0x3F, 0xF0, 0x0F, 0x00, 0xF1, 0xFF, 0x7F, 0xFF, 0x8F, 0xF0, 0xFF, 0x0F, 0xF1, 0xFF, 0xFF,
    0x7F, 0x73, 0xE7, 0x0F, 0x78, 0x07, 0xBC, 0x03, 0xDE, 0x00, 0x00, 0x00, 0x00, 0x00, 0x1F, 0x00,
    0x0F, 0x80, 0x0F, 0xE0, 0x07, 0x70, 0x03, 0xB8, 0x03, 0xDE, 0x01, 0xEF, 0x00, 0xF3, 0x80, 0xF1,
    0xE0, 0x78, 0xF0, 0x3C, 0x78, 0x3F, 0xFE, 0x1F, 0xFF, 0x1F, 0xFF, 0xCF, 0x01, 0xE7, 0x80, 0xF7,
    0xC0, 0x3F, 0xC0, 0x1E, 0x3D, 0xE3, 0xDE, 0x3D, 0xE0, 0x00, 0x00, 0x01, 0xFC, 0x7F, 0xE3, 0xFF,
    0x20, 0xF0, 0x0F, 0x1F, 0xF7, 0xFF, 0xF8, 0xFF, 0x0F, 0xF0, 0xFF, 0x1F, 0xFF, 0xF7, 0xF7, 0x3E,
    0x70, 0x00, 0xFF, 0xFE, 0x01, 0xFF, 0xFC, 0x07, 0xFF, 0xF8, 0x0E, 0x78, 0x00, 0x3C, 0xF0, 0x00,
    0x79, 0xE0, 0x01, 0xE3, 0xC0, 0x03, 0xC7, 0xFE, 0x07, 0x0F, 0xFC, 0x1E, 0x1F, 0xF8, 0x3C, 0x3C,
    0x00, 0xFF, 0xF8, 0x01, 0xFF, 0xF0, 0x07, 0xFF, 0xE0, 0x0F, 0x03, 0xC0, 0x3C, 0x07, 0xFF, 0x78,
    0x0F, 0xFE, 0xE0, 0x1F, 0xFC, 0x1F, 0x8F, 0xC3, 0xFE, 0xFF, 0x0F, 0xFF, 0xFC, 0x41, 0xF1, 0xF0,
    0x0F, 0x07, 0x8F, 0xFF, 0xFD, 0xFF, 0xFF, 0xFF, 0x1F, 0xFF, 0xF0, 0xF0, 0x07, 0x87, 0x80, 0x3C,
    0x7E, 0x05, 0xFF, 0xFF, 0xE7, 0xF9, 0xFF, 0x1F, 0x07, 0xF0, 0xF1, 0xDE, 0x39, 0xFF, 0x1F, 0x80,
    0x00, 0x00, 0x3F, 0xFF, 0xFF, 0xFF, 0xFE, 0x03, 0xC0, 0x78, 0x0F, 0x01, 0xFF, 0xBF, 0xF7, 0xFE,
    0xF0, 0x1E, 0x03, 0xC0, 0x78, 0x0F, 0x01, 0xFF, 0xFF, 0xFF, 0xFF, 0x38, 0xF1, 0xE7, 0x87, 0xF8,
    0x1F, 0x80, 0x00, 0x00, 0x00, 0x3F, 0x07, 0xFC, 0x7F, 0xF3, 0xC7, 0xFC, 0x1F, 0xFF, 0xFF, 0xFF,
    0xFF, 0xFF, 0xC0, 0x1E, 0x00, 0x78, 0x13, 0xFF, 0x8F, 0xFC, 0x1F, 0xC0, 0x07, 0xF0, 0x0F, 0xFE,
    0x0F, 0xFF, 0x8F, 0x87, 0xE7, 0x80, 0xF0, 0x00, 0x78, 0x00, 0x1F, 0xFF, 0xFF, 0xFF, 0xFF, 0xFF,
    0xFF, 0xFC, 0x01, 0xFE, 0x00, 0xF7, 0x80, 0xF3, 0xC0, 0x78, 0xF0, 0xF8, 0x7F, 0xFC, 0x0F, 0xFC,
    0x01, 0xF8, 0x00, 0x0F, 0x81, 0xFF, 0x1F, 0xFD, 0xF1, 0xE0, 0x07, 0x80, 0x3F, 0xFF, 0xFF, 0xFF,
    0xFF, 0xFF, 0x83, 0xDE, 0x3C, 0xFF, 0xE3, 0xFE, 0x07, 0xC0, 0x0F, 0x78, 0x07, 0xBC, 0x03, 0xDE,
    0x00, 0x00, 0x00, 0x00, 0x00, 0x7F, 0x81, 0xFF, 0xF0, 0xFF, 0xFC, 0x78, 0x3F, 0x20, 0x07, 0x80,
    0x03, 0xC0, 0x00, 0xF0, 0x00, 0x7F, 0xFF, 0xFF, 0xFF, 0xFF, 0xFF, 0xFF, 0xF0, 0x07, 0xF8, 0x03,
    0xDE, 0x03, 0xCF, 0x83, 0xE3, 0xFF, 0xE0, 0xFF, 0xE0, 0x1F, 0xC0, 0x79, 0xE3, 0xCF, 0x1E, 0x78,
    0x00, 0x00, 0x00, 0x1F, 0xC3, 0xFF, 0x9F, 0xFE, 0xC0, 0xF0, 0x03, 0xC0, 0x1F, 0xFF, 0xFF, 0xFF,
    0xFF, 0xFF, 0xC1, 0xFF, 0x1E, 0x7F, 0xF1, 0xFF, 0x07, 0xE0, 0x00, 0xF7, 0x80, 0x00, 0x7B, 0xC0,
    0x00, 0x3D, 0xE0, 0x00, 0x00, 0x00, 0x00, 0x00, 0x00, 0x03, 0xC1, 0xE0, 0x78, 0xF0, 0xF0, 0x78,
    0x78, 0x78, 0x3C, 0x1E, 0x3C, 0x3C, 0x07, 0x1E, 0x3C, 0x03, 0xCF, 0x3E, 0x00, 0xF7, 0x9E, 0x00,
    0x3F, 0xFE, 0x00, 0x1F, 0xFF, 0x00, 0x0F, 0xFF, 0x80, 0x0F, 0x79, 0xE0, 0x0F, 0x3C, 0xF8, 0x07,
    0x9E, 0x3C, 0x07, 0x8F, 0x0F, 0x07, 0x87, 0x87, 0xC3, 0xC3, 0xC1, 0xE3, 0xC1, 0xE0, 0x7B, 0xE0,
    0xF0, 0x3E, 0x03, 0xDE, 0x00, 0x1E, 0xF0, 0x00, 0xF7, 0x80, 0x00, 0x00, 0x00, 0x00, 0x00, 0x38,
    0x78, 0x39, 0xE3, 0xC3, 0xC7, 0x1E, 0x3C, 0x1C, 0xF3, 0xC0, 0xF7, 0x9E, 0x03, 0xFF, 0xE0, 0x1F,
    0xFE, 0x00, 0xFF, 0xF8, 0x0F, 0x7B, 0xE0, 0x73, 0xCF, 0x07, 0x9E, 0x3C, 0x78, 0xF1, 0xF3, 0xC7,
    0x87, 0xBC, 0x3C, 0x1E, 0x3D, 0xE1, 0xEF, 0x0F, 0x78, 0x00, 0x00, 0x00, 0x1F, 0xC3, 0xFF, 0x8F,
    0xFE, 0x61, 0xF0, 0x07, 0x80, 0x3C, 0x03, 0xC1, 0xFC, 0x0F, 0xC0, 0x7F, 0xC0, 0x1E, 0x00, 0x78,
    0x03, 0xC0, 0x1F, 0x81, 0xFF, 0xFF, 0x7F, 0xF0, 0xFE, 0x00, 0x7B, 0xCF, 0x79, 0xEF, 0x00, 0x00,
    0x00, 0x7F, 0x3F, 0xF3, 0xFF, 0x41, 0xE0, 0x3C, 0xFF, 0x1F, 0x83, 0xFC, 0x03, 0xC0, 0x7C, 0x1F,
    0xFF, 0xFF, 0xF9, 0xFC, 0x00, 0x7F, 0xF9, 0xFF, 0xE7, 0xFF, 0x80, 0x7C, 0x03, 0xE0, 0x1F, 0x00,
    0xF8, 0x07, 0xC0, 0x1F, 0xF0, 0x7F, 0xE0, 0x07, 0xC0, 0x0F, 0x00, 0x3C, 0x00, 0xFC, 0x07, 0xFF,
    0xFE, 0xFF, 0xF0, 0xFF, 0x00, 0x7F, 0xFB, 0xFF, 0xDF, 0xFE, 0x03, 0xE0, 0x3E, 0x03, 0xE0, 0x3C,
    0x03, 0xC0, 0x1F, 0xC0, 0xFF, 0x01, 0xFC, 0x01, 0xF0, 0x07, 0x80, 0x3C, 0x01, 0xE0, 0x0F, 0xC0,
    0xF7, 0xFF, 0xBF, 0xF8, 0x7F, 0x00, 0x0F, 0xE0, 0x1F, 0xC0, 0x3F, 0x80, 0x00, 0x00, 0x00, 0x1E,
    0x07, 0xFC, 0x0F, 0xF8, 0x3F, 0xF0, 0x7F, 0xE1, 0xFF, 0xC3, 0xFF, 0x8F, 0xFF, 0x1D, 0xFE, 0x7B,
    0xFC, 0xE7, 0xFB, 0xCF, 0xFF, 0x1F, 0xFC, 0x3F, 0xF8, 0x7F, 0xE0, 0xFF, 0xC1, 0xFF, 0x03, 0xFE,
    0x07, 0x80, 0x3F, 0x83, 0xF8, 0x3F, 0x80, 0x00, 0xF0, 0xFF, 0x1F, 0xF1, 0xFF, 0x3F, 0xF3, 0xFF,
    0x7F, 0xF7, 0xFF, 0xEF, 0xFE, 0xFF, 0xCF, 0xFC, 0xFF, 0x8F, 0xF8, 0xFF, 0x0F, 0x1E, 0xF0, 0x3D,
    0xE0, 0x7B, 0xC0, 0x00, 0x00, 0x00, 0x1E, 0x07, 0xFC, 0x1F, 0xF8, 0x3F, 0xF0, 0xFF, 0xE1, 0xFF,
    0xC3, 0xFF, 0x8E, 0xFF, 0x1D, 0xFE, 0x73, 0xFC, 0xE7, 0xFB, 0x8F, 0xF7, 0x1F, 0xFC, 0x3F, 0xF8,
    0x7F, 0xF0, 0xFF, 0xC1, 0xFF, 0x83, 0xFE, 0x07, 0x80, 0x3D, 0xE1, 0xEF, 0x0F, 0x78, 0x00, 0x00,
    0x00, 0x78, 0x7F, 0xC3, 0xFE, 0x3F, 0xF1, 0xFF, 0x9F, 0xFC, 0xFF, 0xEE, 0xFF, 0x77, 0xFF, 0x3F,
    0xF9, 0xFF, 0x8F, 0xFC, 0x7F, 0xC3, 0xFE, 0x1E, 0x0F, 0x78, 0x07, 0xBC, 0x03, 0xDE, 0x00, 0x00,
    0x00, 0x00, 0x00, 0x3F, 0x80, 0x7F, 0xF0, 0x7F, 0xFC, 0x7C, 0x1F, 0x3C, 0x07, 0xBE, 0x03, 0xFE,
    0x00, 0xFF, 0x00, 0x7F, 0x80, 0x3F, 0xC0, 0x1F, 0xE0, 0x0F, 0xF0, 0x07, 0xFC, 0x07, 0xDE, 0x03,
    0xCF, 0x83, 0xE3, 0xFF, 0xE0, 0xFF, 0xE0, 0x1F, 0xC0, 0x3D, 0xE1, 0xEF, 0x0F, 0x78, 0x00, 0x00,
    0x00, 0x07, 0xC0, 0xFF, 0x8F, 0xFE, 0x78, 0xF7, 0x83, 0xFC, 0x1F, 0xE0, 0xFF, 0x07, 0xF8, 0x3F,
    0xC1, 0xEF, 0x1E, 0x7F, 0xF1, 0xFF, 0x03, 0xE0, 0x07, 0xF0, 0x0F, 0xFE, 0x0F, 0xFF, 0x8F, 0x83,
    0xE7, 0x80, 0xF7, 0xC0, 0x7B, 0xC0, 0x1F, 0xFF, 0xFF, 0xFF, 0xFF, 0xFF, 0xFF, 0xFC, 0x01, 0xFE,
    0x00, 0xFF, 0x80, 0xFB, 0xC0, 0x79, 0xF0, 0x7C, 0x7F, 0xFC, 0x1F, 0xFC, 0x03, 0xF8, 0x00, 0x0F,
    0xC0, 0xFF, 0xC7, 0xFF, 0x9E, 0x1E, 0xF8, 0x7F, 0xFF, 0xFF, 0xFF, 0xFF, 0xFF, 0xF0, 0x3F, 0xE1,
    0xF7, 0x87, 0x9F, 0xFE, 0x3F, 0xF0, 0x3F, 0x00, 0x0F, 0x78, 0x07, 0xBC, 0x03, 0xDE, 0x00, 0x00,
    0x00, 0x00, 0x00, 0x3F, 0x80, 0x7F, 0xF0, 0x7F, 0xFC, 0x7C, 0x1F, 0x3C, 0x07, 0xBC, 0x01, 0xFE,
    0x00, 0xFF, 0xFF, 0xFF, 0xFF, 0xFF, 0xFF, 0xFF, 0xE0, 0x0F, 0xF0, 0x07, 0xF8, 0x03, 0xDE, 0x03,
    0xCF, 0x83, 0xE3, 0xFF, 0xE0, 0xFF, 0xE0, 0x1F, 0xC0, 0x3D, 0xE1, 0xEF, 0x0F, 0x78, 0x00, 0x00,
    0x00, 0x07, 0xC0, 0xFF, 0x8F, 0xFE, 0x78, 0xF7, 0x83, 0xFF, 0xFF, 0xFF, 0xFF, 0xFF, 0xF8, 0x3F,
    0xC1, 0xEF, 0x1E, 0x7F, 0xF1, 0xFF, 0x03, 0xE0, 0x7B, 0xC1, 0xEF, 0x07, 0xBC, 0x00, 0x00, 0x00,
    0x00, 0xFE, 0x0F, 0xFE, 0x3F, 0xFC, 0x40, 0xF8, 0x01, 0xE0, 0x07, 0xC0, 0x0F, 0x3F, 0xFC, 0xFF,
    0xF3, 0xFF, 0xC0, 0x0F, 0x00, 0x3C, 0x01, 0xF0, 0x07, 0xB0, 0x7E, 0xFF, 0xF3, 0xFF, 0x87, 0xF8,
    0x00, 0x7B, 0xC7, 0xBC, 0x7B, 0xC0, 0x00, 0x00, 0x03, 0xF0, 0x7F, 0xC7, 0xFE, 0x01, 0xE0, 0x1F,
    0x1F, 0xF1, 0xFF, 0x1F, 0xF0, 0x0F, 0x01, 0xF8, 0x3E, 0xFF, 0xEF, 0xFC, 0x7F, 0x00, 0x0F, 0xE0,
    0x3F, 0x80, 0xFE, 0x00, 0x00, 0x00, 0x03, 0xE0, 0xF7, 0x83, 0xDE, 0x0F, 0x3C, 0x78, 0xF1, 0xE3,
    0xC7, 0x87, 0xBC, 0x1E, 0xF0, 0x3B, 0x80, 0xFE, 0x03, 0xF8, 0x07, 0xC0, 0x1F, 0x00, 0x3C, 0x00,
    0xE0, 0x3F, 0x80, 0xFE, 0x03, 0xF0, 0x00, 0x1F, 0xC0, 0xFE, 0x07, 0xF0, 0x00, 0x0F, 0x07, 0xF8,
    0x3D, 0xC1, 0xCF, 0x1E, 0x78, 0xF1, 0xC7, 0x0F, 0x78, 0x7B, 0xC1, 0xDC, 0x0F, 0xE0, 0x3F, 0x01,
    0xF0, 0x0F, 0x80, 0x3C, 0x01, 0xC0, 0x7E, 0x03, 0xF0, 0x1F, 0x00, 0x1E, 0xF0, 0x1E, 0xF0, 0x1E,
    0xF0, 0x00, 0x00, 0x00, 0x00, 0xF0, 0x0E, 0xF0, 0x1E, 0x78, 0x1E, 0x78, 0x3C, 0x38, 0x3C, 0x3C,
    0x38, 0x1C, 0x78, 0x1E, 0x70, 0x0E, 0xF0, 0x0E, 0xE0, 0x07, 0xE0, 0x07, 0xE0, 0x03, 0xC0, 0x03,
    0xC0, 0x07, 0x80, 0x7F, 0x80, 0x7F, 0x00, 0x7C, 0x00, 0x1E, 0xF0, 0x3D, 0xE0, 0x7B, 0xC0, 0x00,
    0x00, 0x00, 0x1F, 0x07, 0xDE, 0x0F, 0x3C, 0x1E, 0x3C, 0x38, 0x78, 0xF0, 0x71, 0xE0, 0xF3, 0x81,
    0xEF, 0x01, 0xDE, 0x03, 0xB8, 0x03, 0xF0, 0x07, 0xC0, 0x07, 0x80, 0x0F, 0x00, 0x1C, 0x00, 0x38,
    0x00, 0xE0, 0x1F, 0xC0, 0x3F, 0x00, 0x7C, 0x00, 0x03, 0xDE, 0x03, 0x9C, 0x07, 0x38, 0x0E, 0x70,
    0x00, 0x00, 0x00, 0x00, 0xF0, 0x1E, 0xF0, 0x1E, 0x78, 0x1C, 0x78, 0x3C, 0x38, 0x3C, 0x3C, 0x38,
    0x1C, 0x78, 0x1E, 0x70, 0x0E, 0xF0, 0x0F, 0xE0, 0x0F, 0xE0, 0x07, 0xE0, 0x07, 0xC0, 0x03, 0xC0,
    0x07, 0x80, 0x7F, 0x00, 0x7F, 0x00, 0x7C, 0x00, 0x07, 0xBC, 0x1D, 0xE0, 0xE7, 0x07, 0x38, 0x00,
    0x03, 0xC0, 0xF7, 0x83, 0xDE, 0x0E, 0x78, 0x78, 0xF1, 0xE3, 0xC7, 0x07, 0x3C, 0x1E, 0xF0, 0x7B,
    0x80, 0xEE, 0x03, 0xF8, 0x07, 0xC0, 0x1F, 0x00, 0x78, 0x01, 0xE0, 0x07, 0x80, 0x3C, 0x07, 0xF0,
    0x1F, 0x80, 0x7C, 0x00, 0x3C, 0xF0, 0xF3, 0xC3, 0xCF, 0x00, 0x00, 0x00, 0x03, 0xC0, 0xFF, 0x03,
    0xFC, 0x0F, 0xF0, 0x3F, 0xC0, 0xFF, 0x03, 0xFC, 0x0F, 0xF0, 0x3F, 0xE0, 0xF7, 0xFF, 0xCF, 0xFF,
    0x1F, 0xFC, 0x00, 0xF0, 0x03, 0xC0, 0x0F, 0x00, 0x3C, 0x00, 0xF0, 0x03, 0xC0, 0x79, 0xE3, 0xCF,
    0x1E, 0x78, 0x00, 0x00, 0x00, 0x78, 0x3F, 0xC1, 0xFE, 0x0F, 0xF0, 0x7F, 0x83, 0xFC, 0x1F, 0xF0,
    0xFF, 0xFF, 0xBF, 0xFC, 0xFF, 0xE0, 0x0F, 0x00, 0x78, 0x03, 0xC0, 0x1E, 0xFF, 0xFF, 0xFF, 0xFF,
    0xFF, 0x00, 0xF0, 0x0F, 0x00, 0xF0, 0x0F, 0x00, 0xF0, 0x0F, 0x00, 0xF0, 0x0F, 0x00, 0xF0, 0x0F,
    0x00, 0xF0, 0x0F, 0xF0, 0xFF, 0x0F, 0xF0, 0x0F, 0x00, 0xF0, 0x0F, 0x00, 0xF0, 0x0F, 0x00, 0xFF,
    0xFF, 0xFF, 0xFF, 0xC0, 0xF0, 0x3C, 0x0F, 0x03, 0xC0, 0xF0, 0x3C, 0x0F, 0x03, 0xC0, 0xFE, 0x3F,
    0x80, 0xE0, 0x38, 0x0E, 0x03, 0x80, 0xE0, 0x07, 0xBC, 0x00, 0xF7, 0x80, 0x1E, 0xF0, 0x00, 0x00,
    0x00, 0x00, 0x01, 0xE0, 0x03, 0xFC, 0x00, 0x7F, 0x80, 0x0F, 0xF0, 0x01, 0xFE, 0x00, 0x3F, 0xC0,
    0x07, 0xFF, 0xC0, 0xFF, 0xFE, 0x1F, 0xFF, 0xE3, 0xFC, 0x3E, 0x7F, 0x83, 0xCF, 0xF0, 0x79, 0xFE,
    0x0F, 0x3F, 0xC1, 0xE7, 0xF8, 0x7C, 0xFF, 0xFF, 0x1F, 0xFF, 0xC3, 0xFF, 0xE0, 0x78, 0x0F, 0x78,
    0x07, 0xBC, 0x03, 0xDE, 0x00, 0x00, 0x00, 0x00, 0x07, 0x80, 0x3F, 0xC0, 0x1F, 0xE0, 0x0F, 0xF0,
    0x07, 0xF8, 0x03, 0xFF, 0xE1, 0xFF, 0xFC, 0xFF, 0xFF, 0x7F, 0x87, 0xBF, 0xC3, 0xDF, 0xE1, 0xEF,
    0xFF, 0xF7, 0xFF, 0xF3, 0xFF, 0xE1, 0xE0, 0x3F, 0xF9, 0xFF, 0xCF, 0xFE, 0x78, 0x03, 0xC0, 0x1E,
    0x00, 0xF0, 0x1F, 0xF8, 0xFF, 0xC7, 0xFE, 0x0F, 0x00, 0x78, 0x03, 0xC0, 0x1E, 0x00, 0xF0, 0x07,
    0xF0, 0x3F, 0x81, 0xFC, 0x01, 0xE0, 0x0F, 0x00, 0x78, 0x0F, 0xC0, 0x7C, 0x03, 0xC0, 0x3F, 0xF3,
    0xFF, 0x3F, 0xF3, 0xC0, 0x3C, 0x03, 0xC0, 0xFF, 0x8F, 0xF8, 0xFF, 0x83, 0xC0, 0x3C, 0x03, 0xF0,
    0x3F, 0x03, 0xF0, 0x03, 0x00, 0x30, 0x03, 0x01, 0xF0, 0x1F, 0x01, 0xE0, 0x78, 0x0F, 0x1E, 0x07,
    0x83, 0xC3, 0xE0, 0x78, 0xF0, 0x1E, 0x78, 0x03, 0xDE, 0x00, 0xFF, 0x00, 0x1F, 0x80, 0x03, 0xE0,
    0x01, 0xF8, 0x00, 0x7F, 0x00, 0x3F, 0xC0, 0x1F, 0x78, 0x07, 0x9F, 0x03, 0xC3, 0xC0, 0xF0, 0x7F,
    0x78, 0x1F, 0xFE, 0x03, 0xF0, 0x00, 0x3C, 0x00, 0x0F, 0x00, 0x03, 0xC0, 0x07, 0xF0, 0x01, 0xF8,
    0x00, 0x7C, 0xF8, 0x7C, 0xF0, 0xF0, 0xF3, 0xC1, 0xE7, 0x81, 0xFE, 0x01, 0xF8, 0x03, 0xF0, 0x07,
    0xE0, 0x1F, 0xE0, 0x3F, 0xC0, 0xF3, 0xC1, 0xE7, 0xF7, 0x87, 0xFE, 0x07, 0xC0, 0x03, 0x80, 0x07,
    0x00, 0x0E, 0x00, 0xFC, 0x01, 0xF0, 0x03, 0xE0, 0xF8, 0x1F, 0x78, 0x1E, 0x3C, 0x3C, 0x3E, 0x7C,
    0x1E, 0x78, 0x0F, 0xF0, 0x0F, 0xF0, 0x7F, 0xFE, 0x7F, 0xFE, 0x7F, 0xFE, 0x0F, 0xF0, 0x0F, 0xF0,
    0x1E, 0x78, 0x3E, 0x7C, 0x3C, 0x3C, 0x78, 0x3E, 0x78, 0x1E, 0xF0, 0x0F, 0xF8, 0x7D, 0xE1, 0xE3,
    0xCF, 0x0F, 0x3C, 0x1F, 0xE0, 0x7F, 0x87, 0xFF, 0x9F, 0xFE, 0x7F, 0xF8, 0x7F, 0x83, 0xCF, 0x0F,
    0x3C, 0x78, 0x7B, 0xC0, 0xF0, 0x7E, 0x1F, 0x3E, 0x1F, 0x1F, 0x1F, 0x1F, 0x9F, 0x0F, 0x9F, 0x0F,
    0xFE, 0x1F, 0xFE, 0x3F, 0xFC, 0x3D, 0xF0, 0x7D, 0xF8, 0x7C, 0xF8, 0x7C, 0x7C, 0x78, 0x7C, 0x78,
    0x3E, 0xF8, 0x3F, 0x7F, 0x81, 0xFF, 0x87, 0xFE, 0x1F, 0xFC, 0x01, 0xF0, 0x07, 0xC0, 0x1F, 0x00,
    0x7C, 0x01, 0xF0, 0x07, 0xC0, 0x1F, 0x3F, 0xFF, 0xFF, 0xFF, 0xFF, 0xFF, 0xFF, 0x80, 0x7E, 0x1F,
    0xC7, 0xF9, 0xFE, 0x0F, 0x83, 0xE0, 0xF8, 0x3E, 0x0F, 0x83, 0xE1, 0xFB, 0xFE, 0xF7, 0xBD, 0xFE,
    0x78, 0xFF, 0xFF, 0xFF, 0xFF, 0xFF, 0xFF, 0xF0, 0x1E, 0x01, 0xF0, 0x0F, 0x80, 0x7C, 0x03, 0xE0,
    0x1F, 0x00, 0xF8, 0x07, 0xC0, 0x3E, 0x01, 0xF0, 0x0F, 0x80, 0xFF, 0xE3, 0xFF, 0xEF, 0xFF, 0xBF,
    0xFF, 0x00, 0x7C, 0x01, 0xF0, 0x07, 0xFE, 0x1F, 0xF8, 0x7F, 0xE1, 0xFF, 0x87, 0xFE, 0x1F, 0xF8,
    0x7F, 0xE1, 0xFF, 0x87, 0xC0, 0x7F, 0xFF, 0xFF, 0xF3, 0xE7, 0xCF, 0x9F, 0x3E, 0x7C, 0xF9, 0xF3,
    0xE7, 0xCF, 0x80, 0xFF, 0xFF, 0xFF, 0xFF, 0x1E, 0x3C, 0x78, 0x78, 0xF8, 0x78, 0x7C, 0x7C, 0x7C,
    0x7C, 0x7C, 0xFF, 0xF1, 0xFF, 0xF3, 0xFF, 0xF7, 0xFF, 0xF3, 0xC3, 0xEF, 0x87, 0xDF, 0x0F, 0xBE,
    0x1F, 0x7C, 0x3E, 0xF8, 0x7D, 0xF0, 0xFB, 0xE1, 0xF7, 0xC3, 0xEF, 0x87, 0xDF, 0x0F, 0x80, 0xF9,
    0xF1, 0xF3, 0xF3, 0xE7, 0xF7, 0xCF, 0xFF, 0x83, 0xFF, 0x07, 0xFE, 0x0F, 0xFC, 0x1F, 0xF8, 0x3F,
    0xF0, 0x7D, 0xF1, 0xF3, 0xFF, 0xE3, 0xFF, 0x83, 0xFF, 0x03, 0xF8, 0x00, 0x7F, 0xFF, 0xFF, 0xF3,
    0xE7, 0xCF, 0x9F, 0x3E, 0xFF, 0x8F, 0xFC, 0xFF, 0xEF, 0xFF, 0x01, 0xF0, 0x1F, 0x01, 0xF0, 0x1F,
    0x01, 0xF0, 0x1F, 0x01, 0xF0, 0x1F, 0x01, 0xF0, 0x1F, 0x01, 0xF0, 0x1F, 0x01, 0xF0, 0x1F, 0x01,
    0xF0, 0x7F, 0x07, 0xFC, 0x7F, 0xE7, 0xFE, 0x03, 0xF0, 0x1F, 0x01, 0xF0, 0x1F, 0x01, 0xF0, 0x1F,
    0x03, 0xFF, 0xFE, 0xFF, 0xEF, 0xFC, 0xFF, 0x00, 0x38, 0x07, 0xC0, 0x3E, 0x01, 0xF0, 0x0F, 0xFF,
    0xFF, 0xFF, 0xFF, 0xFF, 0xFE, 0x01, 0xF0, 0x0F, 0x80, 0x78, 0x07, 0xC0, 0x3E, 0x03, 0xE0, 0x1F,
    0x00, 0xF8, 0x0F, 0x80, 0x7C, 0x03, 0xE0, 0xFF, 0xF1, 0xFF, 0xFB, 0xFF, 0xF7, 0xFF, 0xF3, 0xC3,
    0xEF, 0x87, 0xDF, 0x0F, 0xBE, 0x1F, 0x7C, 0x3E, 0xF8, 0x7D, 0xF0, 0xFB, 0xFF, 0xF7, 0xFF, 0xEF,
    0xFF, 0xDF, 0xFF, 0x80, 0xF8, 0xF8, 0x3C, 0xFF, 0x1F, 0xFF, 0xCF, 0xFF, 0xE3, 0xF1, 0xF9, 0xF0,
    0x7C, 0xF8, 0x3E, 0x7C, 0x1F, 0x3E, 0x0F, 0x9F, 0x07, 0xCF, 0x07, 0xEF, 0x9F, 0xE7, 0xCF, 0xF3,
    0xE7, 0xF1, 0xF3, 0xE0, 0x7F, 0xFF, 0xFF, 0xF3, 0xE7, 0xCF, 0x9F, 0x3E, 0x7C, 0xF9, 0xF3, 0xE7,
    0xCF, 0x9F, 0x3E, 0x7C, 0xF8, 0x7C, 0x3F, 0x9F, 0xEF, 0xF0, 0xF8, 0x7C, 0x3E, 0x1F, 0x0F, 0x87,
    0xC3, 0xFF, 0xFF, 0xFF, 0xFF, 0xFE, 0xFF, 0xE1, 0xFF, 0xF3, 0xFF, 0xF7, 0xFF, 0xE3, 0x87, 0xEF,
    0x07, 0xFE, 0x0F, 0xFC, 0x1F, 0xF8, 0x3F, 0xF0, 0x7F, 0xF1, 0xF3, 0xFF, 0xE7, 0xFF, 0x87, 0xFE,
    0x03, 0xF8, 0x00, 0x7C, 0x3E, 0xF8, 0x7D, 0xF0, 0xFB, 0xE1, 0xF7, 0xC3, 0xC7, 0x87, 0x8F, 0x9F,
    0x1F, 0x3E, 0x3E, 0x7C, 0x7C, 0xF8, 0x7B, 0xE0, 0xFF, 0xCF, 0xFF, 0x1F, 0xF8, 0x3F, 0xC0, 0x70,
    0x00, 0x1F, 0xC0, 0xFF, 0xC7, 0xFF, 0xBF, 0xFE, 0xF8, 0xFF, 0xE1, 0xFF, 0x87, 0xFF, 0x1F, 0x7C,
    0x7C, 0xF1, 0xF0, 0x07, 0xC0, 0x1F, 0x00, 0x7C, 0x01, 0xF0, 0x07, 0xC0, 0x1F, 0x00, 0x7C, 0x01,
    0xF0, 0x07, 0xC0, 0x1F, 0xC0, 0xFF, 0x87, 0xFF, 0x3F, 0xFE, 0xF8, 0xFF, 0xE1, 0xFF, 0xC7, 0xDF,
    0x1F, 0x7C, 0x7C, 0x71, 0xF0, 0x0F, 0xDF, 0xFE, 0x7F, 0xF1, 0xFF, 0x87, 0xF8, 0x00, 0x7C, 0x3D,
    0xF0, 0xF7, 0xC7, 0xCF, 0x9F, 0x3E, 0x7C, 0xF9, 0xF1, 0xFF, 0x87, 0xFE, 0x0F, 0xF0, 0x3F, 0x80,
    0xF8, 0x03, 0xE0, 0x07, 0xC0, 0x1F, 0x00, 0x7C, 0x00, 0xF0, 0x03, 0xE0, 0x0F, 0x80, 0x3E, 0x00,
    0x7C, 0x3D, 0xF9, 0xF3, 0xE7, 0xC7, 0xDF, 0x1F, 0x7C, 0x3F, 0xE0, 0xFF, 0x81, 0xFC, 0x03, 0xE0,
    0x0F, 0xC0, 0x1F, 0x1F, 0xFE, 0x7F, 0xF9, 0xFF, 0xE7, 0xFF, 0x80, 0xFF, 0xFF, 0xFF, 0xFF, 0xFF,
    0xF7, 0xFF, 0xE0, 0x07, 0xC0, 0x0F, 0xBE, 0x1E, 0x7C, 0x7C, 0xF8, 0xF9, 0xF1, 0xF3, 0xE3, 0xC7,
    0xCF, 0x8F, 0x9F, 0x1F, 0x3E, 0x3E, 0x78, 0x7C, 0x00, 0xF8, 0x01, 0xF0, 0x03, 0xE0, 0x00, 0xFF,
    0x1F, 0xFB, 0xFF, 0x7F, 0xF0, 0x3E, 0x07, 0xC0, 0xF8, 0x1F, 0x03, 0xE0, 0x7C, 0x0F, 0x81, 0xF0,
    0x3E, 0x07, 0xC0, 0xF8, 0xFB, 0xEF, 0xFD, 0xF7, 0xFE, 0xFB, 0xFF, 0x7D, 0xFF, 0xBE, 0xFF, 0xFE,
    0x7F, 0xFF, 0x3F, 0xFF, 0x1F, 0xFE, 0x0F, 0xFE, 0x0F, 0xDF, 0x8F, 0xCF, 0xFF, 0xE3, 0xFF, 0xE0,
    0xFF, 0xE0, 0x1F, 0xC0, 0xFF, 0xF1, 0xFF, 0xFB, 0xFF, 0xF7, 0xFF, 0xF3, 0xE3, 0xE7, 0xC7, 0xCF,
    0x8F, 0x9F, 0x1F, 0x3E, 0x3E, 0x7C, 0x7C, 0xF8, 0xFF, 0xF1, 0xFF, 0xC3, 0xFF, 0x87, 0xFE, 0x0F,
    0x80, 0x31, 0xE7, 0x1C, 0xF9, 0xF7, 0x80, 0x3B, 0xDE, 0xFF, 0x7B, 0xC0, 0x00, 0x00, 0x00, 0x7B,
    0xFF, 0xF0, 0x1F, 0xC7, 0xFF, 0x7F, 0xEF, 0xFE, 0xF8, 0x47, 0x80, 0x7C, 0x03, 0xE0, 0x1F, 0x00,
    0xF0, 0x07, 0x80, 0x78, 0x00, 0x00, 0x00, 0x07, 0x80, 0xF8, 0x0F, 0x80, 0x78, 0x07, 0x81, 0xF8,
    0x3F, 0x83, 0xF8, 0x7C, 0x07, 0xC0, 0x3C, 0x43, 0xFE, 0x1F, 0xEF, 0xFF, 0x7F, 0xC7, 0xF0, 0x78,
    0x00, 0xFF, 0xBF, 0xFF, 0xFF, 0xFE, 0x20, 0xC7, 0xBF, 0x78, 0xC1, 0x00, 0x73, 0xEF, 0xBE, 0x79,
    0xE7, 0xDF, 0x7D, 0xF7, 0xDF, 0x3C, 0xF3, 0xCF, 0x3C, 0x70, 0xFF, 0x0F, 0xF8, 0xFF, 0xFF, 0xFF,
    0xE7, 0xFC, 0x7F, 0x87, 0x80, 0x7C, 0x07, 0xC0, 0x7C, 0x07, 0xC0, 0x7C, 0x03, 0xC0, 0x3C, 0x03,
    0xC0, 0x3C, 0x00, 0x78, 0x0B, 0xE6, 0x77, 0x99, 0xDF, 0xFF, 0x7F, 0xFD, 0xFF, 0xE7, 0xF7, 0x1F,
    0x00, 0x3C, 0x00, 0xF0, 0x03, 0xC0, 0x0F, 0x00, 0x3C, 0x00, 0xF8, 0x03, 0xE0, 0x0F, 0x80, 0x3E,
    0x00, 0x07, 0x01, 0xF0, 0x3F, 0x07, 0xF8, 0x7C, 0x07, 0x80, 0x78, 0x07, 0xF0, 0x3F, 0x03, 0xF0,
    0x7E, 0x07, 0x80, 0xF8, 0x27, 0xFE, 0x7F, 0xE3, 0xFE, 0x1F, 0xF0, 0x07, 0x01, 0xF8, 0x3F, 0xC7,
    0xFE, 0x7F, 0xE7, 0x9E, 0xF1, 0xFF, 0x0F, 0xF1, 0xFF, 0x9F, 0x7F, 0xE7, 0xFE, 0x3F, 0xC1, 0xF8,
    0xFF, 0xCF, 0xFC, 0xFF, 0xCF, 0xFC, 0x1F, 0xE0, 0x3E, 0x03, 0xE0, 0x3E, 0x03, 0xE0, 0x1E, 0x01,
    0xE0, 0x1E, 0x01, 0xE0, 0x1F, 0x01, 0xF0, 0x1F, 0x00, 0xF0, 0x70, 0x33, 0xE1, 0xF7, 0x87, 0x9E,
    0x1E, 0x78, 0xF8, 0xF3, 0xC3, 0xCF, 0x0F, 0x3C, 0x1C, 0xE0, 0x7F, 0x81, 0xFE, 0x07, 0xF0, 0x0F,
    0xC0, 0x3F, 0x00, 0xFC, 0x01, 0xE0, 0x07, 0x80, 0x07, 0x80, 0x1E, 0x00, 0xFC, 0x03, 0xF0, 0x0F,
    0xC0, 0x3F, 0x81, 0xFE, 0x07, 0xF8, 0x1C, 0xE0, 0xF3, 0xC3, 0xCF, 0x0F, 0x3C, 0x7C, 0xF9, 0xE1,
    0xE7, 0x87, 0xBE, 0x1F, 0x70, 0x38, 0x40, 0x80, 0x1F, 0x03, 0xFC, 0x7F, 0xCF, 0xFE, 0xF3, 0xEF,
    0x1E, 0xF1, 0xEF, 0xFE, 0xFF, 0xE7, 0xFE, 0x3F, 0xF0, 0x1F, 0x01, 0xF0, 0x0F, 0x00, 0xF0, 0x0F,
    0x00, 0xE0, 0x00, 0x06, 0x00, 0x3E, 0x00, 0x1E, 0x40, 0x1F, 0x70, 0x1F, 0xF8, 0x0F, 0xF0, 0x0F,
    0xF0, 0x0F, 0xF0, 0x0F, 0xF0, 0x0F, 0xF8, 0x1F, 0xFE, 0xFF, 0xFF, 0xFE, 0x7F, 0xFC, 0x3F, 0xF8,
    0x07, 0xE0, 0xFF, 0xF8, 0x20, 0xC7, 0xBF, 0x78, 0xC1, 0x00, 0x73, 0xEF, 0xBE, 0x79, 0xE7, 0xDF,
    0x7D, 0xF7, 0xDF, 0x3C, 0xF3, 0xCF, 0x3C, 0x70, 0xFF, 0x0F, 0xF8, 0xFF, 0xFF, 0xFF, 0xE7, 0xFC,
    0x7F, 0x87, 0x80, 0x7C, 0x07, 0xC0, 0x7C, 0x07, 0xC0, 0x7C, 0x03, 0xC0, 0x3C, 0x03, 0xC0, 0x3C,
    0x00, 0x78, 0x0B, 0xE6, 0x77, 0x99, 0xDF, 0xFF, 0x7F, 0xFD, 0xFF, 0xE7, 0xF7, 0x1F, 0x00, 0x3C,
    0x00, 0xF0, 0x03, 0xC0, 0x0F, 0x00, 0x3C, 0x00, 0xF8, 0x03, 0xE0, 0x0F, 0x80, 0x3E, 0x00, 0x38,
    0xF3, 0xE7, 0xC7, 0xBF, 0x1F, 0x70, 0x7D, 0xC1, 0xFF, 0xE3, 0xFF, 0x8F, 0xFF, 0x3F, 0xF0, 0xF0,
    0x03, 0xC0, 0x0F, 0x80, 0x3E, 0x00, 0xF8, 0x03, 0xE0, 0x07, 0x80, 0x1E, 0x00, 0x02, 0x00, 0x1C,
    0x01, 0xF8, 0x03, 0xF0, 0x0F, 0xE0, 0x7F, 0x83, 0xFF, 0x0F, 0x3C, 0x7C, 0xF9, 0xE1, 0xEF, 0x87,
    0xFC, 0xCF, 0xF3, 0x3F, 0xFF, 0xFF, 0xFF, 0x9F, 0xFE, 0x3C, 0xF0, 0x1F, 0x83, 0xF8, 0x7F, 0x87,
    0xF0, 0xF8, 0x0F, 0x80, 0x78, 0x47, 0xFC, 0x3F, 0xE1, 0xFF, 0x0F, 0xE1, 0xF8, 0x3F, 0x07, 0xE0,
    0x7E, 0x0F, 0xC0, 0x38, 0x00, 0x80, 0x70, 0x33, 0xE1, 0xF7, 0x87, 0x9E, 0x1E, 0x78, 0xF8, 0xF3,
    0xC3, 0xCF, 0x0F, 0x3C, 0x1C, 0xE0, 0x7F, 0x81, 0xFE, 0x07, 0xF0, 0x0F, 0xC0, 0x3F, 0x00, 0xFC,
    0x01, 0xE0, 0x07, 0x80, 0x07, 0x80, 0x1E, 0x00, 0xFC, 0x03, 0xF0, 0x0F, 0xC0, 0x3F, 0x81, 0xFE,
    0x07, 0xF8, 0x1C, 0xE0, 0xF3, 0xC3, 0xCF, 0x0F, 0x3C, 0x7C, 0xF9, 0xE1, 0xE7, 0x87, 0xBE, 0x1F,
    0x70, 0x38, 0x40, 0x80, 0x1F, 0x03, 0xFC, 0x7F, 0xCF, 0xFE, 0xF3, 0xEF, 0x1E, 0xF1, 0xEF, 0xFE,
    0xFF, 0xE7, 0xFE, 0x3F, 0xF0, 0x1F, 0x01, 0xF0, 0x0F, 0x00, 0xF0, 0x0F, 0x00, 0xE0, 0x03, 0xE0,
    0x00, 0xFC, 0x00, 0x3F, 0x00, 0x1F, 0xC0, 0x07, 0xF8, 0x01, 0xCE, 0x00, 0xF3, 0xC0, 0x3C, 0xF0,
    0x0F, 0x3C, 0x07, 0x87, 0x81, 0xE1, 0xE0, 0x7F, 0xF8, 0x3F, 0xFF, 0x0F, 0xFF, 0xC3, 0xC0, 0xF1,
    0xE0, 0x1E, 0x78, 0x07, 0x9E, 0x01, 0xE0, 0x00, 0x00, 0x00, 0x00, 0x01, 0xE0, 0x00, 0x78, 0x00,
    0x1E, 0x00, 0x1F, 0xC3, 0xFE, 0x3F, 0xF0, 0x0F, 0x00, 0xF1, 0xFF, 0x7F, 0xFF, 0x8F, 0xF0, 0xFF,
    0x0F, 0xF1, 0xFF, 0xFF, 0x7F, 0x73, 0xE7, 0x00, 0x00, 0x00, 0x0F, 0x00, 0xF0, 0x0F, 0x00, 0x07,
    0xC0, 0x03, 0xF0, 0x00, 0x38, 0x00, 0x1C, 0x00, 0x1C, 0x00, 0x0C, 0x00, 0x00, 0x00, 0x07, 0xC0,
    0x07, 0xE0, 0x03, 0xF0, 0x01, 0xFC, 0x01, 0xFE, 0x00, 0xE7, 0x00, 0x73, 0xC0, 0x79, 0xE0, 0x3C,
    0x70, 0x3C, 0x3C, 0x1E, 0x1E, 0x0F, 0xFF, 0x0F, 0xFF, 0xC7, 0xFF, 0xE3, 0xC0, 0xFB, 0xE0, 0x3D,
    0xE0, 0x1E, 0xF0, 0x0F, 0x80, 0x0F, 0x00, 0xF8, 0x03, 0x80, 0x38, 0x07, 0x00, 0x60, 0x00, 0x01,
    0xFC, 0x3F, 0xE3, 0xFF, 0x00, 0xF0, 0x0F, 0x1F, 0xF7, 0xFF, 0xF8, 0xFF, 0x0F, 0xF0, 0xFF, 0x1F,
    0xFF, 0xF7, 0xF7, 0x3E, 0x70, 0x00, 0x03, 0x80, 0x03, 0x80, 0xFB, 0x80, 0xFE, 0x00, 0x63, 0x80,
    0x60, 0xC0, 0x00, 0x00, 0x07, 0xC0, 0x03, 0xE0, 0x03, 0xF8, 0x01, 0xFC, 0x00, 0xEF, 0x00, 0xF7,
    0x80, 0x79, 0xC0, 0x3C, 0xF0, 0x3C, 0x78, 0x1E, 0x3C, 0x0F, 0x0F, 0x0F, 0xFF, 0x87, 0xFF, 0xC3,
    0xFF, 0xF3, 0xC0, 0x79, 0xE0, 0x3C, 0xF0, 0x0F, 0xF0, 0x07, 0x80, 0x00, 0x1C, 0x00, 0x60, 0xF3,
    0x07, 0xE0, 0x19, 0xC0, 0xC3, 0x80, 0x00, 0x07, 0xF0, 0x3F, 0xE0, 0xFF, 0xC0, 0x0F, 0x00, 0x3C,
    0x1F, 0xF1, 0xFF, 0xCF, 0x8F, 0x3C, 0x3C, 0xF0, 0xF3, 0xC7, 0xCF, 0xFF, 0x1F, 0xDC, 0x3E, 0x70,
    0x70, 0x00, 0x18, 0x00, 0x06, 0xF8, 0x00, 0xFE, 0x00, 0x63, 0x80, 0x60, 0xC0, 0x00, 0x00, 0x07,
    0xC0, 0x03, 0xE0, 0x03, 0xF8, 0x01, 0xFC, 0x00, 0xEF, 0x00, 0xF7, 0x80, 0x79, 0xC0, 0x3C, 0xF0,
    0x3C, 0x78, 0x1E, 0x3C, 0x0F, 0x0F, 0x0F, 0xFF, 0x87, 0xFF, 0xC3, 0xFF, 0xF3, 0xC0, 0x79, 0xE0,
    0x3C, 0xF0, 0x0F, 0xF0, 0x07, 0x80, 0xF0, 0x01, 0xC0, 0x03, 0xBC, 0x01, 0xF8, 0x06, 0x70, 0x30,
    0x60, 0x00, 0x01, 0xFC, 0x0F, 0xF8, 0x3F, 0xF0, 0x03, 0xC0, 0x0F, 0x07, 0xFC, 0x7F, 0xF3, 0xE3,
    0xCF, 0x0F, 0x3C, 0x3C, 0xF1, 0xF3, 0xFF, 0xC7, 0xF7, 0x0F, 0x9C, 0x00, 0x0E, 0x00, 0x00, 0xC0,
    0x00, 0x30, 0x07, 0x90, 0x03, 0xF0, 0x01, 0xCE, 0x00, 0xC1, 0xC0, 0x00, 0x00, 0x03, 0xE0, 0x00,
    0xFC, 0x00, 0x3F, 0x00, 0x1F, 0xC0, 0x07, 0xF8, 0x01, 0xCE, 0x00, 0xF3, 0xC0, 0x3C, 0xF0, 0x0E,
    0x3C, 0x07, 0x87, 0x81, 0xE1, 0xE0, 0x7F, 0xF8, 0x3F, 0xFF, 0x0F, 0xFF, 0xC3, 0xC0, 0xF1, 0xE0,
    0x1E, 0x78, 0x07, 0xBE, 0x01, 0xE0, 0x00, 0x38, 0x00, 0x60, 0x01, 0x83, 0xCC, 0x1F, 0x80, 0x67,
    0x03, 0x06, 0x00, 0x00, 0x1F, 0xC0, 0xFF, 0x83, 0xFF, 0x00, 0x3C, 0x00, 0xF0, 0x7F, 0xC7, 0xFF,
    0x3E, 0x3C, 0xF0, 0xF3, 0xC3, 0xCF, 0x1F, 0x3F, 0xFC, 0x7F, 0x70, 0xF9, 0xC0, 0x03, 0xFC, 0x03,
    0xFC, 0x00, 0x00, 0x00, 0x3C, 0x00, 0x1F, 0x00, 0x1D, 0xC0, 0x18, 0x70, 0x00, 0x00, 0x03, 0xE0,
    0x01, 0xF0, 0x01, 0xFC, 0x00, 0xFE, 0x00, 0x77, 0x80, 0x7B, 0xC0, 0x3C, 0xE0, 0x1E, 0x78, 0x1E,
    0x3C, 0x0F, 0x1E, 0x07, 0x87, 0x87, 0xFF, 0xC3, 0xFF, 0xE1, 0xFF, 0xF9, 0xE0, 0x3C, 0xF0, 0x1E,
    0x78, 0x07, 0xF8, 0x03, 0xC0, 0x0E, 0x21, 0xFE, 0x19, 0xC0, 0x00, 0x07, 0x80, 0xFC, 0x18, 0x60,
    0x00, 0x00, 0x01, 0xFC, 0x3F, 0xE3, 0xFF, 0x00, 0xF0, 0x0F, 0x1F, 0xF7, 0xFF, 0xF8, 0xFF, 0x0F,
    0xF0, 0xFF, 0x1F, 0xFF, 0xF7, 0xF7, 0x3C, 0x70, 0x01, 0xE0, 0x00, 0xFC, 0x00, 0x3F, 0x00, 0x1C,
    0xE0, 0x0E, 0x1C, 0x00, 0x00, 0x00, 0x3E, 0x00, 0x0F, 0xC0, 0x03, 0xF0, 0x01, 0xFC, 0x00, 0x7F,
    0x80, 0x1C, 0xE0, 0x0F, 0x3C, 0x03, 0xCF, 0x00, 0xF3, 0xC0, 0x78, 0x78, 0x1E, 0x1E, 0x07, 0xFF,
    0x83, 0xFF, 0xF0, 0xFF, 0xFC, 0x3C, 0x0F, 0x1E, 0x01, 0xE7, 0x80, 0x79, 0xE0, 0x1E, 0x00, 0x00,
    0x00, 0x00, 0x00, 0x1E, 0x00, 0x07, 0x80, 0x01, 0xE0, 0x00, 0x0F, 0x01, 0xF8, 0x3D, 0xC3, 0x0E,
    0x00, 0x01, 0xFC, 0x3F, 0xE3, 0xFF, 0x00, 0xF0, 0x0F, 0x1F, 0xF7, 0xFF, 0xF8, 0xFF, 0x0F, 0xF0,
    0xFF, 0x1F, 0xFF, 0xF7, 0xF7, 0x3E, 0x70, 0x00, 0x00, 0x00, 0xF0, 0x0F, 0x00, 0xF0, 0x00, 0x60,
    0x00, 0x70, 0x03, 0x76, 0x01, 0xC3, 0x00, 0x7F, 0x00, 0x1F, 0x00, 0x00, 0x00, 0x07, 0xC0, 0x03,
    0xE0, 0x03, 0xF8, 0x01, 0xDC, 0x01, 0xEE, 0x00, 0xF7, 0x80, 0x7B, 0xC0, 0x78, 0xE0, 0x3C, 0x78,
    0x1E, 0x3C, 0x1E, 0x0E, 0x0F, 0xFF, 0x87, 0xFF, 0xC7, 0xFF, 0xE3, 0xC0, 0x79, 0xE0, 0x3D, 0xE0,
    0x1F, 0xF0, 0x07, 0x80, 0x03, 0x80, 0x30, 0x02, 0x03, 0x86, 0x1F, 0xC0, 0xF8, 0x00, 0x00, 0x00,
    0x1F, 0xC3, 0xFE, 0x3F, 0xF0, 0x0F, 0x00, 0xF1, 0xFF, 0x7F, 0xFF, 0x8F, 0xF0, 0xFF, 0x0F, 0xF1,
    0xFF, 0xFF, 0x7F, 0x73, 0xE7, 0x03, 0x80, 0x00, 0xC0, 0x03, 0x36, 0x01, 0xC3, 0x00, 0x7F, 0x00,
    0x1F, 0x00, 0x00, 0x00, 0x07, 0xC0, 0x03, 0xE0, 0x03, 0xF8, 0x01, 0xDC, 0x01, 0xEE, 0x00, 0xF7,
    0x80, 0x7B, 0xC0, 0x78, 0xE0, 0x3C, 0x78, 0x1E, 0x3C, 0x1E, 0x0E, 0x0F, 0xFF, 0x87, 0xFF, 0xC7,
    0xFF, 0xF3, 0xC0, 0x79, 0xE0, 0x3D, 0xE0, 0x1F, 0xF0, 0x07, 0x80, 0x0C, 0x00, 0x60, 0x02, 0x03,
    0x86, 0x1F, 0xC0, 0xF8, 0x00, 0x00, 0x00, 0x1F, 0xC3, 0xFE, 0x3F, 0xF0, 0x0F, 0x00, 0xF1, 0xFF,
    0x7F, 0xFF, 0x8F, 0xF0, 0xFF, 0x0F, 0xF1, 0xFF, 0xFF, 0x7F, 0x73, 0xE7, 0x00, 0xC0, 0x00, 0x18,
    0x00, 0x06, 0x00, 0x1B, 0x20, 0x06, 0x18, 0x00, 0xFE, 0x00, 0x1F, 0x00, 0x00, 0x00, 0x01, 0xF0,
    0x00, 0xFC, 0x00, 0x3F, 0x00, 0x0F, 0xE0, 0x07, 0xF8, 0x01, 0xEE, 0x00, 0xF3, 0xC0, 0x3C, 0xF0,
    0x0F, 0x1C, 0x07, 0x87, 0x81, 0xE1, 0xE0, 0x7F, 0xF8, 0x3F, 0xFF, 0x0F, 0xFF, 0xC3, 0xC0, 0xF9,
    0xE0, 0x1E, 0x78, 0x07, 0x9E, 0x01, 0xF0, 0x07, 0x00, 0x30, 0x03, 0x03, 0x26, 0x1F, 0xC0, 0xF8,
    0x00, 0x00, 0x00, 0x1F, 0xC3, 0xFE, 0x3F, 0xF0, 0x0F, 0x00, 0xF1, 0xFF, 0x7F, 0xFF, 0x8F, 0xF0,
    0xFF, 0x0F, 0xF1, 0xFF, 0xFF, 0x7F, 0x73, 0xE7, 0x03, 0xCC, 0x00, 0xFF, 0x00, 0x63, 0x80, 0x00,
    0x00, 0x06, 0x0C, 0x00, 0xC7, 0x00, 0x3F, 0x80, 0x07, 0xC0, 0x00, 0x00, 0x00, 0xF8, 0x00, 0x3F,
    0x00, 0x0F, 0xC0, 0x07, 0xF0, 0x01, 0xFE, 0x00, 0x77, 0x80, 0x3C, 0xE0, 0x0F, 0x3C, 0x03, 0x8F,
    0x01, 0xE1, 0xE0, 0x78, 0x78, 0x3F, 0xFE, 0x0F, 0xFF, 0xC3, 0xFF, 0xF1, 0xF0, 0x3C, 0x78, 0x07,
    0x9E, 0x01, 0xEF, 0x80, 0x78, 0x0E, 0x31, 0xFE, 0x19, 0xE0, 0x00, 0x18, 0x61, 0xFE, 0x07, 0xC0,
    0x00, 0x00, 0x01, 0xFC, 0x3F, 0xE3, 0xFF, 0x00, 0xF0, 0x0F, 0x1F, 0xF7, 0xFF, 0xF8, 0xFF, 0x0F,
    0xF0, 0xFF, 0x1F, 0xFF, 0xF7, 0xF7, 0x3C, 0x70, 0x0C, 0x1C, 0x03, 0x07, 0x00, 0xFF, 0xC0, 0x1F,
    0xE0, 0x03, 0xE0, 0x00, 0x00, 0x00, 0x3E, 0x00, 0x1F, 0x80, 0x07, 0xE0, 0x01, 0xFC, 0x00, 0xFF,
    0x00, 0x39, 0xE0, 0x0E, 0x78, 0x07, 0x9E, 0x01, 0xE3, 0xC0, 0x70, 0xF0, 0x3C, 0x3E, 0x0F, 0xFF,
    0x83, 0xFF, 0xE1, 0xFF, 0xFC, 0x78, 0x0F, 0x1E, 0x03, 0xEF, 0x00, 0x7B, 0xC0, 0x1E, 0x00, 0x00,
    0x00, 0x00, 0x00, 0x3C, 0x00, 0x0F, 0x00, 0x03, 0xC0, 0x00, 0x30, 0x73, 0xFF, 0x1F, 0xE0, 0xFC,
    0x00, 0x01, 0xFC, 0x7F, 0xE3, 0xFF, 0x20, 0xF0, 0x0F, 0x1F, 0xF7, 0xFF, 0xF8, 0xFF, 0x0F, 0xF0,
    0xFF, 0x1F, 0xFF, 0xF7, 0xF7, 0x3E, 0x70, 0x00, 0x00, 0x00, 0xF0, 0x0F, 0x00, 0xF0, 0xFF, 0xFF,
    0xFF, 0xFF, 0xF8, 0x0F, 0x01, 0xE0, 0x3C, 0x07, 0xFE, 0xFF, 0xDF, 0xFB, 0xC0, 0x78, 0x0F, 0x01,
    0xE0, 0x3C, 0x07, 0xFF, 0xFF, 0xFF, 0xFC, 0x00, 0x00, 0x01, 0xE0, 0x3C, 0x07, 0x80, 0x0F, 0xC1,
    0xFF, 0x1F, 0xFC, 0xF1, 0xFF, 0x07, 0xFF, 0xFF, 0xFF, 0xFF, 0xFF, 0xF0, 0x07, 0x80, 0x1E, 0x04,
    0xFF, 0xE3, 0xFF, 0x07, 0xF0, 0x00, 0x00, 0x00, 0x07, 0x80, 0x3C, 0x01, 0xE0, 0x3E, 0x07, 0xE0,
    0x1C, 0x03, 0x81, 0xE0, 0x18, 0x00, 0x07, 0xFF, 0xFF, 0xFF, 0xFF, 0xC0, 0x78, 0x0F, 0x01, 0xE0,
    0x3F, 0xF7, 0xFE, 0xFF, 0xDE, 0x03, 0xC0, 0x78, 0x0F, 0x01, 0xE0, 0x3F, 0xFF, 0xFF, 0xFF, 0xE0,
    0x0F, 0x80, 0x7E, 0x00, 0x70, 0x03, 0x80, 0x78, 0x01, 0x80, 0x00, 0x01, 0xF8, 0x3F, 0xE3, 0xFF,
    0x9E, 0x3F, 0xE0, 0xFF, 0xFF, 0xFF, 0xFF, 0xFF, 0xFE, 0x00, 0xF0, 0x03, 0xC0, 0x9F, 0xFC, 0x7F,
    0xE0, 0xFE, 0x00, 0x1C, 0xC0, 0xF6, 0x0F, 0xF0, 0x6F, 0x03, 0x38, 0x00, 0x03, 0xFF, 0xFF, 0xFF,
    0xFF, 0xFF, 0x80, 0x3C, 0x01, 0xE0, 0x0F, 0x00, 0x7F, 0xFB, 0xFF, 0xDF, 0xFE, 0xF0, 0x07, 0x80,
    0x3C, 0x01, 0xE0, 0x0F, 0x00, 0x7F, 0xFF, 0xFF, 0xFF, 0xFF, 0x1E, 0x61, 0xFF, 0x0F, 0xF0, 0x67,
    0x80, 0x00, 0x07, 0xC0, 0xFF, 0x8F, 0xFE, 0x78, 0xF7, 0x83, 0xFF, 0xFF, 0xFF, 0xFF, 0xFF, 0xF8,
    0x03, 0xC0, 0x0F, 0x1F, 0x7F, 0xF1, 0xFF, 0x03, 0xE0, 0x00, 0x78, 0x03, 0x8F, 0xB8, 0xEE, 0x0E,
    0x38, 0x60, 0xC0, 0x00, 0x1F, 0xFC, 0xFF, 0xE7, 0xFF, 0x3C, 0x01, 0xE0, 0x0F, 0x00, 0x78, 0x03,
    0xFF, 0x1F, 0xF8, 0xFF, 0xC7, 0x80, 0x3C, 0x01, 0xE0, 0x0F, 0x00, 0x78, 0x03, 0xFF, 0x9F, 0xFC,
    0xFF, 0xE0, 0x00, 0x0E, 0x00, 0x38, 0x3E, 0xE0, 0xEE, 0x01, 0x8E, 0x06, 0x0C, 0x00, 0x00, 0x07,
    0xE0, 0x3F, 0xE0, 0xFF, 0xE1, 0xE3, 0xE7, 0x83, 0xCF, 0xFF, 0x9F, 0xFF, 0x3F, 0xFE, 0x78, 0x00,
    0xF0, 0x00, 0xF0, 0x21, 0xFF, 0xC1, 0xFF, 0x80, 0xFE, 0x00, 0xE0, 0x00, 0xE0, 0x00, 0xEF, 0x80,
    0x3B, 0x80, 0xE3, 0x01, 0x83, 0x00, 0x00, 0x07, 0xFF, 0x0F, 0xFE, 0x1F, 0xFC, 0x3C, 0x00, 0x78,
    0x00, 0xF0, 0x01, 0xE0, 0x03, 0xFF, 0x07, 0xFE, 0x0F, 0xFC, 0x1E, 0x00, 0x3C, 0x00, 0x78, 0x00,
    0xF0, 0x01, 0xE0, 0x03, 0xFF, 0x87, 0xFF, 0x0F, 0xFE, 0xF0, 0x00, 0xE0, 0x00, 0xEF, 0x80, 0x3B,
    0x80, 0x63, 0x81, 0x83, 0x00, 0x00, 0x01, 0xF8, 0x0F, 0xF8, 0x3F, 0xF8, 0x78, 0xF9, 0xE0, 0xF3,
    0xFF, 0xE7, 0xFF, 0xCF, 0xFF, 0x9E, 0x00, 0x3C, 0x00, 0x3C, 0x08, 0x7F, 0xF0, 0x7F, 0xE0, 0x3F,
    0x80, 0x00, 0xE0, 0x02, 0x00, 0x23, 0xEC, 0x77, 0x0E, 0x38, 0x00, 0x00, 0x00, 0xFF, 0xEF, 0xFE,
    0xFF, 0xEF, 0x00, 0xF0, 0x0F, 0x00, 0xF0, 0x0F, 0xFC, 0xFF, 0xCF, 0xFC, 0xF0, 0x0F, 0x00, 0xF0,
    0x0F, 0x00, 0xF0, 0x0F, 0xFE, 0xFF, 0xEF, 0xFE, 0x00, 0x38, 0x00, 0x20, 0x00, 0x83, 0xEC, 0x1D,
    0xC0, 0x63, 0x83, 0x06, 0x00, 0x00, 0x0F, 0xC0, 0xFF, 0x87, 0xFF, 0x1E, 0x3E, 0xF0, 0x7B, 0xFF,
    0xEF, 0xFF, 0xBF, 0xFE, 0xF0, 0x03, 0xC0, 0x07, 0x81, 0x1F, 0xFC, 0x3F, 0xF0, 0x3F, 0x80, 0x3F,
    0xCF, 0xF0, 0x00, 0x0F, 0x01, 0xF0, 0x77, 0x18, 0x70, 0x00, 0xFF, 0xFF, 0xFF, 0xFF, 0xF8, 0x0F,
    0x01, 0xE0, 0x3C, 0x07, 0xFE, 0xFF, 0xDF, 0xFB, 0xC0, 0x78, 0x0F, 0x01, 0xE0, 0x3C, 0x07, 0xFF,
    0xFF, 0xFF, 0xFC, 0x0F, 0x30, 0xFF, 0x86, 0x78, 0x00, 0x00, 0x78, 0x07, 0xF0, 0x71, 0xC0, 0x00,
    0x00, 0x00, 0x7E, 0x0F, 0xF8, 0xFF, 0xE7, 0x8F, 0xF8, 0x3F, 0xFF, 0xFF, 0xFF, 0xFF, 0xFF, 0x80,
    0x3C, 0x00, 0xF0, 0x27, 0xFF, 0x1F, 0xF8, 0x3F, 0x80, 0x1E, 0x03, 0xE0, 0xFE, 0x39, 0xEE, 0x0C,
    0x00, 0x3F, 0xFF, 0xFF, 0xFF, 0xFE, 0x03, 0xC0, 0x78, 0x0F, 0x01, 0xFF, 0xBF, 0xF7, 0xFE, 0xF0,
    0x1E, 0x03, 0xC0, 0x78, 0x0F, 0x01, 0xFF, 0xFF, 0xFF, 0xFF, 0x00, 0x00, 0x00, 0x78, 0x0F, 0x01,
    0xE0, 0x0F, 0x80, 0xFE, 0x0F, 0x78, 0xE1, 0xE0, 0x00, 0x07, 0xE0, 0xFF, 0x8F, 0xFE, 0x78, 0xFF,
    0x83, 0xFF, 0xFF, 0xFF, 0xFF, 0xFF, 0xF8, 0x03, 0xC0, 0x0F, 0x02, 0x7F, 0xF1, 0xFF, 0x83, 0xF8,
    0x00, 0x00, 0x00, 0x03, 0xC0, 0x1E, 0x00, 0xF0, 0x7C, 0x7E, 0x0E, 0x0E, 0x3C, 0x38, 0x00, 0xFF,
    0xFF, 0x7E, 0x3C, 0x3C, 0x3C, 0x3C, 0x3C, 0x3C, 0x3C, 0x3C, 0x3C, 0x3C, 0x3C, 0x3C, 0x7E, 0xFF,
    0xFF, 0xFB, 0xF1, 0xC7, 0x38, 0xC0, 0x1E, 0x79, 0xE7, 0x9E, 0x79, 0xE7, 0x9E, 0x79, 0xE7, 0x9E,
    0x78, 0xFF, 0xFF, 0x7E, 0x3C, 0x3C, 0x3C, 0x3C, 0x3C, 0x3C, 0x3C, 0x3C, 0x3C, 0x3C, 0x3C, 0x3C,
    0x7E, 0xFF, 0xFF, 0x00, 0x00, 0x78, 0x78, 0x78, 0xFF, 0xF0, 0x0F, 0xFF, 0xFF, 0xFF, 0xFF, 0xFF,
    0xFF, 0xF0, 0x0F, 0xFF, 0x07, 0xF0, 0x0F, 0xFE, 0x0F, 0xFF, 0x8F, 0x83, 0xE7, 0x80, 0xF7, 0xC0,
    0x7F, 0xC0, 0x1F, 0xE0, 0x0F, 0xF0, 0x07, 0xF8, 0x03, 0xFC, 0x01, 0xFE, 0x00, 0xFF, 0x80, 0xFB,
    0xC0, 0x79, 0xF0, 0x7C, 0x7F, 0xFC, 0x1F, 0xFC, 0x03, 0xF8, 0x00, 0x00, 0x00, 0x00, 0x00, 0x3C,
    0x00, 0x1E, 0x00, 0x0F, 0x00, 0x0F, 0x81, 0xFF, 0x1F, 0xFC, 0xF1, 0xEF, 0x07, 0xF8, 0x3F, 0xC1,
    0xFE, 0x0F, 0xF0, 0x7F, 0x83, 0xDE, 0x3C, 0xFF, 0xE3, 0xFE, 0x07, 0xC0, 0x00, 0x00, 0x00, 0x07,
    0x80, 0x3C, 0x01, 0xE0, 0x03, 0xE0, 0x01, 0xF8, 0x00, 0x1C, 0x00, 0x0E, 0x00, 0x1E, 0x00, 0x0E,
    0x00, 0x00, 0x00, 0x0F, 0xE0, 0x1F, 0xFC, 0x1F, 0xFF, 0x1F, 0x07, 0xCF, 0x01, 0xEF, 0x80, 0xFF,
    0x80, 0x3F, 0xC0, 0x1F, 0xE0, 0x0F, 0xF0, 0x07, 0xF8, 0x03, 0xFC, 0x01, 0xFF, 0x01, 0xF7, 0x80,
    0xF3, 0xE0, 0xF8, 0xFF, 0xF8, 0x3F, 0xF8, 0x07, 0xF0, 0x00, 0x0F, 0x80, 0x7E, 0x00, 0x70, 0x03,
    0x80, 0x78, 0x01, 0x80, 0x00, 0x01, 0xF0, 0x3F, 0xE3, 0xFF, 0x9E, 0x3D, 0xE0, 0xFF, 0x07, 0xF8,
    0x3F, 0xC1, 0xFE, 0x0F, 0xF0, 0x7B, 0xC7, 0x9F, 0xFC, 0x7F, 0xC0, 0xF8, 0x00, 0x00, 0x07, 0x00,
    0x03, 0x00, 0xFB, 0x00, 0xEE, 0x00, 0xE3, 0x00, 0x60, 0xC0, 0x00, 0x00, 0x0F, 0xE0, 0x1F, 0xFC,
    0x1F, 0xFF, 0x1F, 0x07, 0xCF, 0x01, 0xEF, 0x80, 0xFF, 0x80, 0x3F, 0xC0, 0x1F, 0xE0, 0x0F, 0xF0,
    0x07, 0xF8, 0x03, 0xFC, 0x01, 0xFF, 0x01, 0xF7, 0x80, 0xF3, 0xE0, 0xF8, 0xFF, 0xF8, 0x3F, 0xF8,
    0x07, 0xF0, 0x00, 0x00, 0x1C, 0x00, 0x60, 0xFB, 0x03, 0xE0, 0x19, 0xC0, 0xC1, 0x80, 0x00, 0x03,
    0xE0, 0x3F, 0xE1, 0xFF, 0xC7, 0x8F, 0x3C, 0x1E, 0xF0, 0x7B, 0xC1, 0xEF, 0x07, 0xBC, 0x1E, 0xF0,
    0x79, 0xE3, 0xC7, 0xFF, 0x0F, 0xF8, 0x0F, 0x80, 0xE0, 0x00, 0x38, 0x00, 0x0E, 0xF8, 0x00, 0xEE,
    0x00, 0xE3, 0x00, 0x60, 0xC0, 0x00, 0x00, 0x0F, 0xE0, 0x1F, 0xFC, 0x1F, 0xFF, 0x1F, 0x07, 0xCF,
    0x01, 0xEF, 0x80, 0xFF, 0x80, 0x3F, 0xC0, 0x1F, 0xE0, 0x0F, 0xF0, 0x07, 0xF8, 0x03, 0xFC, 0x01,
    0xFF, 0x01, 0xF7, 0x80, 0xF3, 0xE0, 0xF8, 0xFF, 0xF8, 0x3F, 0xF8, 0x07, 0xF0, 0x00, 0x70, 0x00,
    0xE0, 0x00, 0x6F, 0x80, 0x1B, 0x00, 0x63, 0x01, 0x83, 0x00, 0x00, 0x01, 0xF0, 0x0F, 0xF8, 0x3F,
    0xF8, 0x78, 0xF1, 0xE0, 0xF3, 0xC1, 0xE7, 0x83, 0xCF, 0x07, 0x9E, 0x0F, 0x3C, 0x1E, 0x3C, 0x78,
    0x7F, 0xF0, 0x7F, 0xC0, 0x3E, 0x00, 0x00, 0x0E, 0x00, 0x01, 0x00, 0x01, 0x80, 0x7D, 0x80, 0x76,
    0x00, 0x71, 0x80, 0x30, 0x60, 0x00, 0x00, 0x07, 0xF0, 0x0F, 0xFE, 0x0F, 0xFF, 0x8F, 0x83, 0xE7,
    0x80, 0xF7, 0xC0, 0x7F, 0xC0, 0x1F, 0xE0, 0x0F, 0xF0, 0x07, 0xF8, 0x03, 0xFC, 0x01, 0xFE, 0x00,
    0xFF, 0x80, 0xFB, 0xC0, 0x79, 0xF0, 0x7C, 0x7F, 0xFC, 0x1F, 0xFC, 0x03, 0xF8, 0x00, 0x00, 0x38,
    0x00, 0x60, 0x01, 0x83, 0xEC, 0x0D, 0x80, 0x63, 0x03, 0x06, 0x00, 0x00, 0x0F, 0x80, 0xFF, 0x87,
    0xFF, 0x1E, 0x3C, 0xF0, 0x7B, 0xC1, 0xEF, 0x07, 0xBC, 0x1E, 0xF0, 0x7B, 0xC1, 0xE7, 0x8F, 0x1F,
    0xFC, 0x3F, 0xE0, 0x3E, 0x00, 0x03, 0xCC, 0x03, 0xFC, 0x01, 0x9E, 0x00, 0x00, 0x00, 0x1F, 0x00,
    0x1D, 0xC0, 0x18, 0x70, 0x00, 0x00, 0x00, 0x00, 0x03, 0xF8, 0x07, 0xFF, 0x07, 0xFF, 0xC7, 0xC1,
    0xF3, 0xC0, 0x7B, 0xE0, 0x3F, 0xE0, 0x0F, 0xF0, 0x07, 0xF8, 0x03, 0xFC, 0x01, 0xFE, 0x00, 0xFF,
    0x00, 0x7F, 0xC0, 0x7D, 0xE0, 0x3C, 0xF8, 0x3E, 0x3F, 0xFE, 0x0F, 0xFE, 0x01, 0xFC, 0x00, 0x0E,
    0x30, 0xFF, 0x06, 0x70, 0x00, 0x00, 0x78, 0x07, 0xE0, 0x71, 0x80, 0x00, 0x00, 0x00, 0x7C, 0x0F,
    0xF8, 0xFF, 0xE7, 0x8F, 0x78, 0x3F, 0xC1, 0xFE, 0x0F, 0xF0, 0x7F, 0x83, 0xFC, 0x1E, 0xF1, 0xE7,
    0xFF, 0x1F, 0xF0, 0x3E, 0x00, 0x03, 0xC0, 0x03, 0xF0, 0x01, 0xFC, 0x01, 0xCF, 0x00, 0xC1, 0xC0,
    0x00, 0x00, 0x1F, 0xC0, 0x3F, 0xF8, 0x3F, 0xFE, 0x3E, 0x0F, 0x9E, 0x03, 0xDF, 0x01, 0xFF, 0x00,
    0x7F, 0x80, 0x3F, 0xC0, 0x1F, 0xE0, 0x0F, 0xF0, 0x07, 0xF8, 0x03, 0xFE, 0x03, 0xEF, 0x01, 0xE7,
    0xC1, 0xF1, 0xFF, 0xF0, 0x7F, 0xF0, 0x0F, 0xE0, 0x00, 0x00, 0x00, 0x00, 0x00, 0xF0, 0x00, 0x78,
    0x00, 0x3C, 0x00, 0x07, 0x80, 0x7E, 0x07, 0x38, 0x70, 0xC0, 0x00, 0x07, 0xC0, 0xFF, 0x8F, 0xFE,
    0x78, 0xF7, 0x83, 0xFC, 0x1F, 0xE0, 0xFF, 0x07, 0xF8, 0x3F, 0xC1, 0xEF, 0x1E, 0x7F, 0xF1, 0xFF,
    0x03, 0xE0, 0x00, 0x00, 0x00, 0x03, 0xC0, 0x1E, 0x00, 0xF0, 0x00, 0x78, 0x00, 0x0F, 0x00, 0x00,
    0xE0, 0x00, 0x1C, 0x00, 0x03, 0x80, 0x00, 0x00, 0x0F, 0x07, 0xF0, 0xF1, 0xFF, 0xCE, 0x3F, 0xFF,
    0xE7, 0xC1, 0xFC, 0x78, 0x0F, 0x0F, 0x80, 0xF8, 0xF0, 0x07, 0x8F, 0x00, 0x78, 0xF0, 0x07, 0x8F,
    0x00, 0x78, 0xF0, 0x07, 0x8F, 0x00, 0x78, 0xF8, 0x0F, 0x87, 0x80, 0xF0, 0x7C, 0x1F, 0x03, 0xFF,
    0xE0, 0x1F, 0xFC, 0x00, 0x7F, 0x00, 0x01, 0xE0, 0x03, 0xC0, 0x07, 0x80, 0x06, 0x0F, 0x00, 0x0F,
    0x0F, 0x8F, 0x3F, 0xFE, 0x7F, 0xFE, 0x78, 0xF8, 0xF0, 0x78, 0xF0, 0x78, 0xF0, 0x78, 0xF0, 0x78,
    0xF0, 0x78, 0xF0, 0x78, 0x78, 0xF0, 0x7F, 0xF0, 0x3F, 0xE0, 0x0F, 0x80, 0x0F, 0x80, 0x00, 0x78,
    0x00, 0x03, 0xC0, 0x00, 0x1E, 0x00, 0x00, 0x60, 0x00, 0x00, 0x0F, 0x07, 0xF0, 0xF1, 0xFF, 0xCE,
    0x3F, 0xFF, 0xE7, 0xC1, 0xFC, 0x78, 0x0F, 0x0F, 0x80, 0xF8, 0xF0, 0x07, 0x8F, 0x00, 0x78, 0xF0,
    0x07, 0x8F, 0x00, 0x78, 0xF0, 0x07, 0x8F, 0x00, 0x78, 0xF8, 0x0F, 0x87, 0x80, 0xF0, 0x7C, 0x1F,
    0x03, 0xFF, 0xE0, 0x1F, 0xFC, 0x00, 0x7F, 0x00, 0x1E, 0x00, 0x0E, 0x00, 0x07, 0x00, 0x03, 0x8F,
    0x00, 0x0F, 0x0F, 0x8F, 0x3F, 0xFE, 0x7F, 0xFE, 0x78, 0xF8, 0xF0, 0x78, 0xF0, 0x78, 0xF0, 0x78,
    0xF0, 0x78, 0xF0, 0x78, 0xF0, 0x78, 0x78, 0xF0, 0x7F, 0xF0, 0x3F, 0xE0, 0x0F, 0x80, 0x03, 0xC0,
    0x00, 0x3E, 0x00, 0x00, 0xE0, 0x00, 0x0E, 0x00, 0x01, 0xC0, 0x00, 0x18, 0x00, 0x00, 0x00, 0xF0,
    0x7F, 0x0F, 0x1F, 0xFC, 0xE3, 0xFF, 0xFE, 0x7C, 0x1F, 0xC7, 0x80, 0xF0, 0xF8, 0x0F, 0x8F, 0x00,
    0x78, 0xF0, 0x07, 0x8F, 0x00, 0x78, 0xF0, 0x07, 0x8F, 0x00, 0x78, 0xF0, 0x07, 0x8F, 0x80, 0xF8,
    0x78, 0x0F, 0x07, 0xC1, 0xF0, 0x3F, 0xFE, 0x01, 0xFF, 0xC0, 0x07, 0xF0, 0x00, 0x0F, 0x80, 0x0F,
    0xC0, 0x01, 0xC0, 0x01, 0xC0, 0x07, 0x80, 0x07, 0x07, 0x00, 0x07, 0x0F, 0xCF, 0x3F, 0xEE, 0x7F,
    0xFC, 0x78, 0xF8, 0xF0, 0x78, 0xF0, 0x78, 0xF0, 0x78, 0xF0, 0x78, 0xF0, 0x78, 0xF0, 0x78, 0x78,
    0xF0, 0x7F, 0xF0, 0x3F, 0xE0, 0x0F, 0x80, 0x07, 0x0C, 0x00, 0xFD, 0xC0, 0x0F, 0xF8, 0x00, 0xCF,
    0x80, 0x0C, 0x70, 0x00, 0x00, 0x0F, 0x07, 0xF0, 0xF1, 0xFF, 0xCE, 0x3F, 0xFF, 0xE7, 0xC1, 0xFC,
    0x78, 0x0F, 0x0F, 0x80, 0xF8, 0xF0, 0x07, 0x8F, 0x00, 0x78, 0xF0, 0x07, 0x8F, 0x00, 0x78, 0xF0,
    0x07, 0x8F, 0x00, 0x78, 0xF8, 0x0F, 0x87, 0x80, 0xF0, 0x7C, 0x1F, 0x03, 0xFF, 0xE0, 0x1F, 0xFC,
    0x00, 0x7F, 0x00, 0x1E, 0x60, 0x3F, 0xE0, 0x3F, 0xE0, 0x31, 0xC0, 0x00, 0x0F, 0x0F, 0x8F, 0x3F,
    0xFF, 0x7F, 0xFE, 0x78, 0xF8, 0xF0, 0x78, 0xF0, 0x78, 0xF0, 0x78, 0xF0, 0x78, 0xF0, 0x78, 0xF0,
    0x78, 0x78, 0xF0, 0x7F, 0xF0, 0x3F, 0xE0, 0x0F, 0x80, 0x00, 0x00, 0xF0, 0x7F, 0x0F, 0x1F, 0xFC,
    0xE3, 0xFF, 0xFE, 0x7C, 0x1F, 0xC7, 0x80, 0xF0, 0xF8, 0x0F, 0x8F, 0x00, 0x78, 0xF0, 0x07, 0x8F,
    0x00, 0x78, 0xF0, 0x07, 0x8F, 0x00, 0x78, 0xF0, 0x07, 0x8F, 0x80, 0xF8, 0x78, 0x0F, 0x07, 0xC1,
    0xF0, 0x3F, 0xFE, 0x01, 0xFF, 0xC0, 0x07, 0xF0, 0x00, 0x00, 0x00, 0x00, 0x00, 0x00, 0x1E, 0x00,
    0x01, 0xE0, 0x00, 0x1E, 0x00, 0x00, 0x0F, 0x00, 0x0F, 0x0F, 0x8F, 0x3F, 0xFE, 0x7F, 0xFC, 0x78,
    0xF0, 0xF0, 0x78, 0xF0, 0x78, 0xF0, 0x78, 0xF0, 0x78, 0xF0, 0x78, 0xF0, 0x78, 0x78, 0xF0, 0x7F,
    0xF0, 0x3F, 0xE0, 0x0F, 0x80, 0x00, 0x00, 0x00, 0x00, 0x07, 0x80, 0x07, 0x80, 0x07, 0x80, 0xF0,
    0x1F, 0xE0, 0x3F, 0xC0, 0x7F, 0x80, 0xFF, 0x01, 0xFE, 0x03, 0xFC, 0x07, 0xF8, 0x0F, 0xF0, 0x1F,
    0xE0, 0x3F, 0xC0, 0x7F, 0x80, 0xFF, 0x01, 0xFE, 0x03, 0xDE, 0x0F, 0x3F, 0xFE, 0x3F, 0xF8, 0x1F,
    0xC0, 0x00, 0x00, 0x00, 0x00, 0x78, 0x00, 0xF0, 0x01, 0xE0, 0x00, 0xF0, 0x7F, 0x83, 0xFC, 0x1F,
    0xE0, 0xFF, 0x07, 0xF8, 0x3F, 0xC1, 0xFE, 0x0F, 0xF0, 0x7F, 0x83, 0xFE, 0x3F, 0xFF, 0xF7, 0xFB,
    0x9F, 0x1C, 0x00, 0x00, 0x00, 0x0F, 0x00, 0x78, 0x03, 0xC0, 0x0F, 0x80, 0x1F, 0x80, 0x07, 0x00,
    0x0E, 0x00, 0x78, 0x00, 0x60, 0x00, 0x00, 0x78, 0x0F, 0xF0, 0x1F, 0xE0, 0x3F, 0xC0, 0x7F, 0x80,
    0xFF, 0x01, 0xFE, 0x03, 0xFC, 0x07, 0xF8, 0x0F, 0xF0, 0x1F, 0xE0, 0x3F, 0xC0, 0x7F, 0x80, 0xFF,
    0x01, 0xEF, 0x07, 0x9F, 0xFF, 0x1F, 0xFC, 0x0F, 0xE0, 0x0F, 0x00, 0x7C, 0x00, 0xE0, 0x07, 0x00,
    0x70, 0x03, 0x00, 0x00, 0x1E, 0x0F, 0xF0, 0x7F, 0x83, 0xFC, 0x1F, 0xE0, 0xFF, 0x07, 0xF8, 0x3F,
    0xC1, 0xFE, 0x0F, 0xF0, 0x7F, 0xC7, 0xFF, 0xFE, 0xFF, 0xF3, 0xE7, 0x80, 0x00, 0xF0, 0x00, 0x1E,
    0x00, 0x03, 0xC0, 0x00, 0x38, 0x00, 0x07, 0x00, 0x00, 0x00, 0x0F, 0xF0, 0x1E, 0xFF, 0x01, 0xEF,
    0xF0, 0x1F, 0xEF, 0x01, 0xFC, 0xF0, 0x1E, 0x0F, 0x01, 0xE0, 0xF0, 0x1E, 0x0F, 0x01, 0xE0, 0xF0,
    0x1E, 0x0F, 0x01, 0xE0, 0xF0, 0x1E, 0x0F, 0x01, 0xE0, 0xF0, 0x1E, 0x0F, 0x01, 0xE0, 0x78, 0x3C,
    0x07, 0xFF, 0xC0, 0x3F, 0xF8, 0x00, 0xFE, 0x00, 0x01, 0xE0, 0x00, 0xF0, 0x00, 0x78, 0x00, 0x38,
    0x0F, 0x00, 0x03, 0xFC, 0x1E, 0xEF, 0x07, 0xFB, 0xC1, 0xFC, 0xF0, 0x7C, 0x3C, 0x1E, 0x0F, 0x07,
    0x83, 0xC1, 0xE0, 0xF0, 0x78, 0x3C, 0x1E, 0x0F, 0x07, 0x83, 0xE3, 0xE0, 0xFF, 0xF8, 0x1F, 0xEE,
    0x03, 0xE3, 0x80, 0x1E, 0x00, 0x00, 0xF0, 0x00, 0x07, 0x80, 0x00, 0x38, 0x00, 0x01, 0xC0, 0x00,
    0x00, 0x0F, 0xF0, 0x1E, 0xFF, 0x01, 0xEF, 0xF0, 0x1F, 0xEF, 0x01, 0xFC, 0xF0, 0x1E, 0x0F, 0x01,
    0xE0, 0xF0, 0x1E, 0x0F, 0x01, 0xE0, 0xF0, 0x1E, 0x0F, 0x01, 0xE0, 0xF0, 0x1E, 0x0F, 0x01, 0xE0,
    0xF0, 0x1E, 0x0F, 0x01, 0xE0, 0x78, 0x3C, 0x07, 0xFF, 0xC0, 0x3F, 0xF8, 0x00, 0xFE, 0x00, 0x3E,
    0x00, 0x03, 0x80, 0x00, 0x70, 0x00, 0x0E, 0x0F, 0x00, 0x03, 0xFC, 0x1E, 0xEF, 0x07, 0xFB, 0xC1,
    0xFC, 0xF0, 0x7C, 0x3C, 0x1E, 0x0F, 0x07, 0x83, 0xC1, 0xE0, 0xF0, 0x78, 0x3C, 0x1E, 0x0F, 0x07,
    0x83, 0xE3, 0xE0, 0xFF, 0xF8, 0x1F, 0xEE, 0x03, 0xE3, 0x80, 0x0F, 0x80, 0x00, 0xFC, 0x00, 0x01,
    0xC0, 0x00, 0x1C, 0x00, 0x07, 0x80, 0x00, 0x30, 0x00, 0x00, 0x00, 0xFF, 0x01, 0xEF, 0xF0, 0x1E,
    0xFF, 0x01, 0xFE, 0xF0, 0x1F, 0xCF, 0x01, 0xE0, 0xF0, 0x1E, 0x0F, 0x01, 0xE0, 0xF0, 0x1E, 0x0F,
    0x01, 0xE0, 0xF0, 0x1E, 0x0F, 0x01, 0xE0, 0xF0, 0x1E, 0x0F, 0x01, 0xE0, 0xF0, 0x1E, 0x07, 0x83,
    0xC0, 0x7F, 0xFC, 0x03, 0xFF, 0x80, 0x0F, 0xE0, 0x00, 0x0F, 0x00, 0x03, 0xE0, 0x00, 0x38, 0x00,
    0x0E, 0x00, 0x07, 0x00, 0x01, 0x80, 0xF0, 0x00, 0x3F, 0xC1, 0xEE, 0xF0, 0x7F, 0xBC, 0x1F, 0xCF,
    0x07, 0xE3, 0xC1, 0xE0, 0xF0, 0x78, 0x3C, 0x1E, 0x0F, 0x07, 0x83, 0xC1, 0xE0, 0xF0, 0x78, 0x3E,
    0x3E, 0x0F, 0xFF, 0x81, 0xFF, 0xE0, 0x3E, 0x78, 0x00, 0x0E, 0x18, 0x01, 0xF3, 0x00, 0x1F, 0xF0,
    0x01, 0x9F, 0x00, 0x30, 0xE0, 0x00, 0x00, 0x0F, 0xF0, 0x1E, 0xFF, 0x01, 0xEF, 0xF0, 0x1F, 0xEF,
    0x01, 0xFC, 0xF0, 0x1E, 0x0F, 0x01, 0xE0, 0xF0, 0x1E, 0x0F, 0x01, 0xE0, 0xF0, 0x1E, 0x0F, 0x01,
    0xE0, 0xF0, 0x1E, 0x0F, 0x01, 0xE0, 0xF0, 0x1E, 0x0F, 0x01, 0xE0, 0x78, 0x3C, 0x07, 0xFF, 0xC0,
    0x3F, 0xF8, 0x00, 0xFE, 0x00, 0x1E, 0x30, 0x0F, 0xFC, 0x03, 0xFE, 0x01, 0xCF, 0x00, 0x00, 0x03,
    0xFC, 0x1E, 0xEF, 0x07, 0xFB, 0xC1, 0xFC, 0xF0, 0x7E, 0x3C, 0x1E, 0x0F, 0x07, 0x83, 0xC1, 0xE0,
    0xF0, 0x78, 0x3C, 0x1E, 0x0F, 0x07, 0x83, 0xE3, 0xE0, 0xFF, 0xF8, 0x1F, 0xEE, 0x03, 0xE3, 0x80,
    0x00, 0x00, 0xFF, 0x01, 0xEF, 0xF0, 0x1E, 0xFF, 0x01, 0xFE, 0xF0, 0x1F, 0xCF, 0x01, 0xE0, 0xF0,
    0x1E, 0x0F, 0x01, 0xE0, 0xF0, 0x1E, 0x0F, 0x01, 0xE0, 0xF0, 0x1E, 0x0F, 0x01, 0xE0, 0xF0, 0x1E,
    0x0F, 0x01, 0xE0, 0xF0, 0x1E, 0x07, 0x83, 0xC0, 0x7F, 0xFC, 0x03, 0xFF, 0x80, 0x0F, 0xE0, 0x00,
    0x00, 0x00, 0x00, 0x00, 0x00, 0x78, 0x00, 0x07, 0x80, 0x00, 0x78, 0x00, 0x00, 0x03, 0xC0, 0x00,
    0xFF, 0x07, 0xBB, 0xC1, 0xFE, 0xF0, 0x7F, 0x3C, 0x1F, 0x8F, 0x07, 0x83, 0xC1, 0xE0, 0xF0, 0x78,
    0x3C, 0x1E, 0x0F, 0x07, 0x83, 0xC1, 0xE0, 0xF8, 0xF8, 0x3F, 0xFE, 0x07, 0xFB, 0x80, 0xF8, 0xE0,
    0x00, 0x00, 0x00, 0x00, 0x00, 0xF0, 0x00, 0x3C, 0x00, 0x0F, 0x00, 0x00, 0x07, 0x00, 0x07, 0x80,
    0x03, 0x80, 0x03, 0xC0, 0x00, 0x00, 0x00, 0x00, 0xF0, 0x0F, 0x78, 0x1E, 0x78, 0x1E, 0x3C, 0x3C,
    0x3E, 0x7C, 0x1E, 0x78, 0x1F, 0xF8, 0x0F, 0xF0, 0x07, 0xE0, 0x07, 0xE0, 0x03, 0xC0, 0x03, 0xC0,
    0x03, 0xC0, 0x03, 0xC0, 0x03, 0xC0, 0x03, 0xC0, 0x03, 0xC0, 0x03, 0xC0, 0x1E, 0x00, 0x70, 0x01,
    0xC0, 0x0E, 0x00, 0x00, 0x78, 0x3F, 0xC1, 0xEE, 0x0F, 0x78, 0xF3, 0xC7, 0x8E, 0x3C, 0x79, 0xC3,
    0xDE, 0x0E, 0xF0, 0x7F, 0x03, 0xF8, 0x0F, 0xC0, 0x7C, 0x01, 0xE0, 0x0F, 0x03, 0xF0, 0x1F, 0x80,
    0xF8, 0x00, 0xF8, 0x1F, 0x78, 0x1E, 0x7C, 0x3E, 0x3C, 0x3C, 0x3C, 0x7C, 0x1E, 0x78, 0x0E, 0xF0,
    0x0F, 0xF0, 0x07, 0xE0, 0x07, 0xE0, 0x03, 0xC0, 0x03, 0xC0, 0x03, 0xC0, 0x03, 0xC0, 0x03, 0xC0,
    0x03, 0xC0, 0x03, 0xC0, 0x03, 0xC0, 0x00, 0x00, 0x00, 0x00, 0x03, 0xC0, 0x03, 0xC0, 0x03, 0xC0,
    0xF0, 0x3B, 0xC1, 0xE7, 0x07, 0x9E, 0x1C, 0x78, 0xF0, 0xE3, 0xC3, 0xCE, 0x0F, 0x78, 0x1D, 0xE0,
    0x77, 0x00, 0xFC, 0x03, 0xE0, 0x0F, 0x80, 0x1E, 0x00, 0x70, 0x03, 0xC0, 0x1F, 0x7B, 0xF9, 0xEF,
    0xC7, 0xBE, 0x00, 0x07, 0xC0, 0x07, 0xE0, 0x00, 0xE0, 0x00, 0xE0, 0x01, 0xC0, 0x01, 0x80, 0x00,
    0x00, 0xF8, 0x1F, 0x78, 0x1E, 0x7C, 0x3C, 0x3C, 0x3C, 0x1E, 0x78, 0x1E, 0x78, 0x0F, 0xF0, 0x0F,
    0xF0, 0x07, 0xE0, 0x07, 0xE0, 0x03, 0xC0, 0x03, 0xC0, 0x03, 0xC0, 0x03, 0xC0, 0x03, 0xC0, 0x03,
    0xC0, 0x03, 0xC0, 0x03, 0xC0, 0x0F, 0x80, 0x3F, 0x00, 0x1C, 0x00, 0x70, 0x07, 0x80, 0x0C, 0x00,
    0x00, 0x3C, 0x0F, 0xF0, 0x3D, 0xC1, 0xE7, 0x87, 0x9E, 0x1C, 0x38, 0xF0, 0xF3, 0xC1, 0xCE, 0x07,
    0x78, 0x1F, 0xE0, 0x3F, 0x00, 0xFC, 0x01, 0xE0, 0x07, 0x80, 0x1E, 0x00, 0xF0, 0x03, 0xC0, 0xFE,
    0x03, 0xF0, 0x0F, 0x80, 0x00, 0x07, 0x18, 0x03, 0xCC, 0x03, 0xFE, 0x01, 0x9E, 0x00, 0xC6, 0x00,
    0x00, 0x03, 0xE0, 0x3C, 0xF0, 0x1E, 0x3C, 0x1E, 0x1E, 0x1F, 0x07, 0x8F, 0x03, 0xCF, 0x00, 0xFF,
    0x80, 0x7F, 0x80, 0x1F, 0xC0, 0x0F, 0xC0, 0x03, 0xC0, 0x01, 0xE0, 0x00, 0xF0, 0x00, 0x78, 0x00,
    0x3C, 0x00, 0x1E, 0x00, 0x0F, 0x00, 0x07, 0x80, 0x0F, 0x30, 0x1F, 0xE0, 0x7F, 0x80, 0xCF, 0x00,
    0x00, 0x1F, 0x07, 0x9E, 0x0F, 0x3C, 0x1E, 0x3C, 0x78, 0x78, 0xF0, 0xF1, 0xE0, 0xF3, 0x81, 0xEF,
    0x03, 0xDE, 0x03, 0xF8, 0x07, 0xF0, 0x07, 0xC0, 0x0F, 0x80, 0x0F, 0x00, 0x1C, 0x03, 0xF8, 0x07,
    0xF0, 0x0F, 0x80, 0x00, 0x00, 0x00, 0x00, 0x00, 0x00, 0x00, 0x00, 0x00, 0x00, 0x00, 0x00, 0x00,
    0x00, 0x00, 0x30, 0x6F, 0xE6, 0xB2, 0x08, 0x20, 0x82, 0x08, 0x20, 0x82, 0x08, 0x20, 0x82, 0x08,
    0x20, 0x80, 0x31, 0x8F, 0xD9, 0x34, 0x10, 0x41, 0x04, 0x10, 0x41, 0x04, 0x10, 0x41, 0x04, 0x10,
    0x41, 0x04, 0xFF, 0xFF, 0xF8, 0xFF, 0xFF, 0xF8, 0xFF, 0xFF, 0xFF, 0xFF, 0xF0, 0xFF, 0xFF, 0xFF,
    0xFF, 0xFE, 0xFF, 0xFF, 0xFF, 0xFF, 0xFF, 0xFF, 0xFF, 0xFE, 0xFF, 0xFF, 0xFF, 0xFF, 0xFF, 0xFF,
    0xFF, 0xFF, 0xF8, 0xE3, 0xF1, 0xF8, 0xFC, 0x7E, 0x3F, 0x1F, 0x8F, 0xC7, 0xE3, 0xF1, 0xF8, 0xFC,
    0x7E, 0x3F, 0x1F, 0x8F, 0xC7, 0xE3, 0xF1, 0xF8, 0xFC, 0x7E, 0x3F, 0x1F, 0x8F, 0xC7, 0xE3, 0x80,
    0xFF, 0xC0, 0x00, 0x00, 0x00, 0xFF, 0xC0, 0x36, 0x6E, 0xFF, 0xFF, 0xFF, 0xFF, 0x76, 0x6C, 0xFF,
    0xFF, 0x76, 0x6C, 0xF3, 0x9C, 0xF3, 0x9C, 0x31, 0xB1, 0x98, 0xDC, 0xEF, 0x7F, 0xBF, 0xDF, 0xEF,
    0xF7, 0xFB, 0xFD, 0xFE, 0xF7, 0x3B, 0x19, 0x8D, 0x8C, 0xF7, 0xFB, 0xFD, 0xFE, 0xF7, 0x3B, 0x19,
    0x8D, 0x8C, 0xF3, 0xCE, 0x79, 0xC7, 0x3C, 0xE3, 0x9C, 0x71, 0xC0, 0x0F, 0x01, 0xE0, 0x3C, 0x07,
    0x8F, 0xFF, 0xFF, 0xFF, 0xF8, 0x78, 0x0F, 0x01, 0xE0, 0x3C, 0x07, 0x80, 0xF0, 0x1E, 0x03, 0xC0,
    0x78, 0x0F, 0x01, 0xE0, 0x0F, 0x01, 0xE0, 0x3C, 0x07, 0x8F, 0xFF, 0xFF, 0xFF, 0xF8, 0x78, 0x0F,
    0x01, 0xE0, 0x3C, 0x7F, 0xFF, 0xFF, 0xFF, 0xC3, 0xC0, 0x78, 0x0F, 0x01, 0xE0, 0x38, 0xFB, 0xFF,
    0xFF, 0xEF, 0x8E, 0x00, 0x80, 0xE0, 0xF0, 0xFC, 0xFF, 0xFC, 0xF8, 0xE0, 0x80, 0x6F, 0xF6, 0x60,
    0x6F, 0x0F, 0xF0, 0xF6, 0x06, 0xF3, 0xCF, 0xF3, 0xCF, 0xF3, 0xCF, 0xF3, 0xCF, 0x6F, 0xF6, 0x00,
    0x00, 0xFE, 0x08, 0x20, 0x82, 0x08, 0x20, 0x82, 0x08, 0x20, 0x82, 0x08, 0x20, 0x82, 0x08, 0x00,
    0xFC, 0x10, 0x41, 0x04, 0x10, 0x41, 0x04, 0x10, 0x41, 0x04, 0x10, 0x41, 0x04, 0x10, 0x40, 0xFF,
    0xFF, 0xFF, 0xFC, 0x82, 0x08, 0x20, 0x82, 0x08, 0x20, 0x82, 0x08, 0x20, 0x82, 0x08, 0x20, 0xFC,
    0x21, 0x0F, 0x90, 0x84, 0x21, 0x08, 0x42, 0x10, 0x84, 0x21, 0x08, 0x42, 0x00, 0xF8, 0x42, 0x1F,
    0x90, 0x84, 0x21, 0x08, 0x42, 0x10, 0x84, 0x21, 0x08, 0x42, 0x00, 0x00, 0x3E, 0x03, 0x00, 0x03,
    0xF8, 0x30, 0x00, 0x38, 0xE3, 0x80, 0x01, 0xC7, 0x18, 0x00, 0x0E, 0x39, 0x80, 0x00, 0x71, 0xCC,
    0x00, 0x01, 0xFC, 0xC0, 0x00, 0x07, 0xCE, 0x00, 0x00, 0x00, 0x60, 0x00, 0x00, 0x06, 0x7C, 0x1F,
    0x00, 0x77, 0xF1, 0xFC, 0x03, 0x7B, 0xDE, 0xF0, 0x33, 0x8E, 0xE3, 0x81, 0x9C, 0x77, 0x1C, 0x18,
    0xE3, 0xB8, 0xE1, 0xC7, 0xBD, 0xEF, 0x0C, 0x1F, 0xC7, 0xF0, 0xC0, 0x7C, 0x1F, 0x00, 0x3E, 0x03,
    0x80, 0x00, 0x00, 0x7F, 0x03, 0x00, 0x00, 0x00, 0xFF, 0x07, 0x00, 0x00, 0x00, 0xE7, 0x8E, 0x00,
    0x00, 0x00, 0xE3, 0x8E, 0x00, 0x00, 0x00, 0xE3, 0x9C, 0x00, 0x00, 0x00, 0xE3, 0x9C, 0x00, 0x00,
    0x00, 0xE7, 0xB9, 0xE0, 0xF8, 0x3C, 0x7F, 0x3B, 0xF1, 0xFC, 0x7E, 0x7F, 0x77, 0xFB, 0xFC, 0xFE,
    0x3E, 0x77, 0x3B, 0x9E, 0xE7, 0x00, 0xE7, 0x3B, 0x8E, 0xE7, 0x01, 0xC7, 0x3B, 0x8E, 0xE7, 0x01,
    0xC7, 0x3B, 0x8E, 0xE7, 0x03, 0x87, 0x3B, 0x8E, 0xE7, 0x03, 0x83, 0x39, 0x9C, 0x67, 0x07, 0x03,
    0xF1, 0xFC, 0x7E, 0x07, 0x01, 0xE0, 0xF8, 0x3C, 0x77, 0x7F, 0xEE, 0x77, 0xBB, 0xDD, 0xDE, 0xEE,
    0x77, 0x38, 0x1C, 0x73, 0x87, 0x38, 0xE3, 0x8E, 0x71, 0xC7, 0x18, 0x73, 0x8E, 0x38, 0xC7, 0x00,
    0x70, 0xE0, 0xE0, 0xC1, 0xC1, 0x83, 0x80, 0x73, 0x87, 0x1C, 0x38, 0xE1, 0xCE, 0x1C, 0x70, 0xE3,
    0x73, 0x8E, 0x1C, 0x73, 0xC3, 0x8E, 0x70, 0x73, 0x8E, 0x1C, 0x73, 0x83, 0x8C, 0x70, 0x0C, 0x03,
    0x01, 0xE0, 0x78, 0x33, 0x0C, 0xC6, 0x19, 0x86, 0x1E, 0x3C, 0x7C, 0xF8, 0xF0, 0xF0, 0xF8, 0x7C,
    0x3C, 0x1E, 0x78, 0x3C, 0x3E, 0x1F, 0x0F, 0x0F, 0x1F, 0x3E, 0x3C, 0x78, 0x00, 0xC0, 0x0C, 0x3C,
    0x39, 0xC7, 0x8F, 0x1C, 0x63, 0xC1, 0xE0, 0xF0, 0x1E, 0x3C, 0x01, 0xEF, 0x03, 0x1F, 0xC6, 0xF1,
    0xF1, 0xFE, 0x7E, 0x3D, 0x9F, 0xE3, 0x03, 0x9E, 0x00, 0xE1, 0xE0, 0x38, 0x1E, 0x0E, 0x31, 0xE3,
    0x8F, 0x1E, 0x21, 0xE1, 0x80, 0x18, 0x00, 0xF1, 0xFE, 0x3F, 0xC7, 0xF8, 0xFF, 0x1F, 0xE3, 0xFC,
    0x7F, 0x8F, 0xF1, 0xFE, 0x3F, 0xC7, 0xF8, 0xF0, 0x00, 0x00, 0x18, 0x37, 0x8F, 0xF1, 0xEC, 0x18,
    0x1F, 0x8F, 0xFE, 0xFF, 0xF7, 0xCF, 0x1C, 0xF1, 0xCF, 0x1D, 0xE1, 0xFC, 0x1F, 0x81, 0xF0, 0x1E,
    0x01, 0xE0, 0x00, 0x00, 0x00, 0x0C, 0x01, 0xE0, 0x1E, 0x00, 0xC0, 0xFF, 0xFF, 0xFF, 0xFF, 0xFE,
    0x40, 0x04, 0x80, 0x08, 0x80, 0x30, 0xC1, 0x80, 0x7E, 0x00, 0x07, 0xE0, 0x30, 0x60, 0x80, 0x32,
    0x00, 0x24, 0x00, 0x40, 0x01, 0x81, 0x80, 0xC0, 0xC0, 0x60, 0x30, 0x30, 0x18, 0x18, 0x0C, 0x0F,
    0x07, 0x86, 0x63, 0x33, 0x0D, 0x86, 0x00, 0x0E, 0x00, 0x00, 0x00, 0xE0, 0x00, 0x00, 0x06, 0x00,
    0x00, 0x08, 0x61, 0x00, 0x00, 0xFF, 0xF0, 0x00, 0x0F, 0xFF, 0x00, 0x00, 0x1F, 0x80, 0x00, 0x01,
    0xF8, 0x00, 0x00, 0x1F, 0x80, 0x00, 0x03, 0x9C, 0x00, 0x00, 0x39, 0xC0, 0x00, 0x70, 0x00, 0xE0,
    0x07, 0x00, 0x0E, 0x00, 0x60, 0x00, 0xE0, 0x86, 0x10, 0x8E, 0x2F, 0xFF, 0x0F, 0xFE, 0xFF, 0xF0,
    0xFF, 0xF3, 0xFC, 0x03, 0xFC, 0x0F, 0x80, 0x1F, 0x01, 0xF8, 0x03, 0xB8, 0x39, 0xC0, 0x3B, 0xC3,
    0x9C, 0x07, 0x1C, 0x08, 0x80, 0x11, 0x00, 0xFF, 0xFF, 0xF8, 0x00, 0x1C, 0x00, 0x60, 0x03, 0x00,
    0x1C, 0x00, 0x60, 0x03, 0x80, 0x0C, 0x00, 0x60, 0x03, 0x80, 0x0C, 0x00, 0x60, 0x03, 0x80, 0x0C,
    0x00, 0x60, 0x03, 0x80, 0x0C, 0x00, 0x60, 0x03, 0x80, 0x00, 0xFF, 0xFF, 0xF8, 0xE3, 0x8E, 0x38,
    0xE3, 0x8F, 0xFF, 0xFF, 0x8E, 0x38, 0xE3, 0x8E, 0x38, 0xFF, 0xFF, 0xC0, 0xFF, 0xFF, 0xC7, 0x1C,
    0x71, 0xC7, 0x1C, 0x7F, 0xFF, 0xFC, 0x71, 0xC7, 0x1C, 0x71, 0xC7, 0xFF, 0xFF, 0xC0, 0x1F, 0x81,
    0xF9, 0xFF, 0xDF, 0xF9, 0xFF, 0xDF, 0xFB, 0x0F, 0xB0, 0xF0, 0x0F, 0x01, 0xE0, 0x1E, 0x03, 0xC0,
    0x78, 0x0F, 0x01, 0xF0, 0x3E, 0x07, 0xC0, 0xF8, 0x1E, 0x03, 0xC0, 0x38, 0x07, 0x00, 0x70, 0x0E,
    0x00, 0x00, 0x00, 0x00, 0x00, 0x00, 0x03, 0x00, 0x30, 0x0F, 0x00, 0xF0, 0x1E, 0x01, 0xE0, 0x18,
    0x01, 0x80, 0x3F, 0x87, 0xFF, 0xF3, 0xDF, 0xFD, 0xEC, 0x3E, 0xF0, 0x0F, 0x78, 0x07, 0xBC, 0x07,
    0x9E, 0x07, 0xCF, 0x07, 0xC7, 0x87, 0x83, 0xC3, 0x81, 0xE1, 0xC0, 0xF0, 0x00, 0x00, 0x00, 0x00,
    0x30, 0x0C, 0x3C, 0x0F, 0x1E, 0x07, 0x86, 0x01, 0x80, 0xF0, 0xFC, 0x79, 0xFF, 0xBC, 0xFF, 0xFE,
    0x30, 0xFF, 0x00, 0x7F, 0x80, 0x3F, 0xC0, 0x3D, 0xE0, 0x3E, 0xF0, 0x3E, 0x78, 0x3C, 0x3C, 0x1C,
    0x1E, 0x0E, 0x00, 0x00, 0x00, 0x00, 0x01, 0x80, 0xC1, 0xE0, 0xF0, 0xF0, 0x78, 0x30, 0x18, 0x00,
    0xFF, 0xFF, 0xFF, 0xFF, 0xF0, 0x0E, 0x01, 0xE0, 0x1C, 0x03, 0xC0, 0x38, 0x07, 0x00, 0xF0, 0x0E,
    0x01, 0xE0, 0x1C, 0x03, 0xC0, 0xFF, 0xC7, 0xFF, 0xBF, 0xFD, 0x9F, 0xFC, 0xFF, 0xE7, 0xFF, 0x3F,
    0xF9, 0xFF, 0xCF, 0xFE, 0x7F, 0xF3, 0xFD, 0x9F, 0xEC, 0xFE, 0x66, 0x03, 0x30, 0x19, 0x80, 0xCC,
    0x06, 0x60, 0x33, 0x01, 0x98, 0x0C, 0xC0, 0x66, 0x03, 0x30, 0x00, 0x1F, 0xFB, 0xFF, 0xDF, 0xFF,
    0xFF, 0x3F, 0xF9, 0xFF, 0xCF, 0xFE, 0x7F, 0xF3, 0xFF, 0x9F, 0xFC, 0xDF, 0xFE, 0xFF, 0xF1, 0xFF,
    0x80, 0xFF, 0xC7, 0xFF, 0xBF, 0xFD, 0x9F, 0xFC, 0xFF, 0xE7, 0xFF, 0x3F, 0xF9, 0xFF, 0xCF, 0xFE,
    0x7F, 0xFF, 0xFD, 0xFF, 0xEF, 0xFC, 0x00, 0x0E, 0x00, 0xE0, 0x0E, 0x08, 0x60, 0xFF, 0xFF, 0xFF,
    0x3F, 0xC1, 0xF0, 0x3B, 0x83, 0xBC, 0x39, 0xC1, 0x10, 0x67, 0xBC, 0xC0, 0x00, 0x00, 0x00, 0x01,
    0xEF, 0x39, 0xCE, 0x38, 0x07, 0xE0, 0x30, 0x60, 0x80, 0x22, 0x00, 0x24, 0x00, 0x40, 0x00, 0x00,
    0x00, 0x00, 0x00, 0x00, 0x00, 0x00, 0x00, 0x00, 0x00, 0x00, 0x00, 0x00, 0x00, 0x00, 0x00, 0x00,
    0x00, 0x00, 0x00, 0x00, 0x00, 0x00, 0x00, 0x00, 0x00, 0x00, 0x00, 0x08, 0x00, 0x90, 0x01, 0x10,
    0x04, 0x18, 0x30, 0x0F, 0xC0, 0x0E, 0x00, 0xE0, 0x0E, 0x08, 0x62, 0xFF, 0xFF, 0xFF, 0x1F, 0x81,
    0xF0, 0x3B, 0x83, 0x9C, 0x39, 0xC0, 0x00, 0x0E, 0x00, 0xE0, 0x0E, 0x00, 0xE0, 0xE6, 0x7F, 0xFF,
    0xFF, 0xF0, 0xF0, 0x1F, 0x83, 0xB8, 0x79, 0xC3, 0x18, 0x61, 0xFC, 0x6F, 0x39, 0x8E, 0x07, 0x01,
    0xC0, 0x60, 0x38, 0x0E, 0x07, 0x01, 0xC0, 0x60, 0x38, 0x0E, 0x07, 0x19, 0xCF, 0x63, 0xF8, 0x60,
    0x1F, 0xF0, 0x06, 0xFF, 0xFF, 0xFD, 0xFF, 0xFF, 0xF7, 0x00, 0xFF, 0x80, 0x07, 0xE0, 0x30, 0x60,
    0x80, 0x32, 0x00, 0x24, 0x00, 0x40, 0x06, 0x01, 0x33, 0x1D, 0xBC, 0x7F, 0xC1, 0xF8, 0x7F, 0xFF,
    0xFF, 0xE3, 0xF0, 0x3F, 0xE3, 0xB7, 0x89, 0x98, 0x0C, 0x00, 0x00, 0xC0, 0x3C, 0x07, 0x80, 0x60,
    0x00, 0x00, 0x38, 0x07, 0x80, 0xF0, 0x0C, 0x00, 0x00, 0x00, 0x00, 0x00, 0x00, 0x00, 0x30, 0x0F,
    0x01, 0xE0, 0x18, 0x1C, 0xF3, 0x9C, 0x39, 0xCE, 0x78, 0xE7, 0x1C, 0xE3, 0x8E, 0x73, 0x87, 0x39,
    0xC6, 0x1C, 0x63, 0x1C, 0x00, 0x00, 0xC0, 0x00, 0x78, 0x00, 0x1E, 0x00, 0x03, 0x00, 0x00, 0x00,
    0x00, 0x00, 0x0E, 0x00, 0x3B, 0xC0, 0x0F, 0xF0, 0x03, 0xD8, 0x00, 0x60, 0x00, 0x00, 0x00, 0x00,
    0x00, 0x00, 0x00, 0x00, 0x00, 0x0C, 0x00, 0x07, 0x80, 0x01, 0xE0, 0x00, 0x30, 0x00, 0x60, 0x01,
    0xBC, 0x00, 0xFF, 0x00, 0x3F, 0x80, 0x0E, 0x00, 0x00, 0x00, 0x00, 0x00, 0x0C, 0x00, 0x07, 0x80,
    0x01, 0xE0, 0x00, 0x30, 0x00, 0x00, 0x00, 0x00, 0x00, 0x00, 0x00, 0x00, 0x00, 0x0E, 0x00, 0x3B,
    0xC0, 0x0F, 0xF0, 0x03, 0xD8, 0x00, 0x60, 0x6F, 0xF6, 0x00, 0x00, 0x00, 0x00, 0x00, 0x6F, 0xF6,
    0x03, 0x00, 0x1E, 0x00, 0x78, 0x00, 0xC0, 0x00, 0x00, 0x00, 0x00, 0x00, 0x00, 0x00, 0x60, 0x1B,
    0xC0, 0xFF, 0x03, 0xD8, 0x06, 0x00, 0x00, 0x00, 0x00, 0x00, 0x00, 0x00, 0x03, 0x00, 0x1E, 0x00,
    0x78, 0x00, 0xC0, 0x00, 0xE0, 0x03, 0x1C, 0x30, 0xF3, 0x8F, 0x1E, 0x71, 0xE1, 0x8E, 0x18, 0x01,
    0xC0, 0x00, 0x38, 0x00, 0x07, 0x00, 0xFF, 0xFF, 0xFF, 0xFF, 0xFF, 0xFF, 0xFF, 0x80, 0x70, 0x00,
    0x0E, 0x00, 0x31, 0xC3, 0x0F, 0x38, 0xF1, 0xE7, 0x1E, 0x18, 0xE1, 0x80, 0x1C, 0x00, 0x03, 0x80,
    0x00, 0x6F, 0xF6, 0x00, 0x06, 0xFF, 0x60, 0x00, 0x06, 0xFF, 0x60, 0xEF, 0xFE, 0xEF, 0xF6, 0x0E,
    0xFF, 0x60, 0xEF, 0xF6, 0x00, 0x00, 0x00, 0x00, 0x00, 0x00, 0x00, 0x00, 0x00, 0x00, 0xF9, 0x08,
    0x4F, 0x90, 0x84, 0x21, 0x08, 0x42, 0x10, 0x84, 0x21, 0x08, 0x42, 0x00, 0xFC, 0x63, 0x1F, 0x90,
    0x84, 0x21, 0x08, 0x42, 0x10, 0x84, 0x21, 0x08, 0x42, 0x00, 0xFF, 0xDC, 0x42, 0x10, 0x84, 0x21,
    0x08, 0x42, 0x10, 0x84, 0x21, 0x08, 0x40, 0x21, 0x1C, 0xEF, 0xFC, 0x84, 0x21, 0x08, 0x42, 0x10,
    0x84, 0x21, 0x08, 0x42, 0x00, 0x23, 0xB7, 0xB7, 0x10, 0x84, 0x21, 0x08, 0x42, 0x10, 0x84, 0x21,
    0x08, 0x42, 0x00, 0xE1, 0x08, 0x4F, 0x90, 0x84, 0x21, 0x08, 0x42, 0x10, 0x84, 0x21, 0x08, 0x42,
    0x00, 0x3C, 0x7E, 0xE7, 0xCF, 0xDB, 0xDB, 0xF3, 0xE7, 0x7E, 0x3C, 0xF3, 0xFF, 0xFF, 0x0E, 0x0E,
    0x1E, 0x3E, 0x76, 0xE6, 0xFF, 0xFF, 0x06, 0x06, 0x7F, 0xFF, 0x86, 0xEF, 0xF8, 0xC1, 0xE3, 0xFE,
    0xF8, 0x3E, 0x7F, 0xE2, 0xFC, 0xFF, 0xC3, 0xC3, 0xC3, 0x7E, 0x3C, 0xFF, 0xFC, 0x30, 0xE1, 0x83,
    0x0C, 0x18, 0x30, 0x60, 0x3E, 0x7F, 0x63, 0x63, 0x7E, 0x7E, 0xC3, 0xC3, 0xFF, 0x7E, 0x3C, 0x7E,
    0xC3, 0xC3, 0xC3, 0xFF, 0x3F, 0x46, 0xFE, 0x7C, 0x18, 0x30, 0x67, 0xF1, 0x83, 0x06, 0x00, 0xFF,
    0xFC, 0xFE, 0x00, 0x07, 0xF0, 0x36, 0x6C, 0xCC, 0xCC, 0xCC, 0xC6, 0x63, 0xC6, 0x63, 0x33, 0x33,
    0x33, 0x36, 0x6C, 0xCE, 0xFF, 0xE7, 0xE7, 0xE7, 0xE7, 0xE7, 0xE7, 0x3C, 0x7E, 0xE7, 0xCF, 0xDB,
    0xF3, 0xE7, 0x7E, 0x3C, 0x18, 0xFF, 0xF1, 0x8C, 0x63, 0x18, 0x7D, 0xFF, 0x18, 0x31, 0xCF, 0x38,
    0x7F, 0xFE, 0x7C, 0xFE, 0xE6, 0x1E, 0x1E, 0x03, 0xC3, 0xFF, 0x7E, 0x0E, 0x1E, 0x3E, 0x36, 0x66,
    0xFF, 0xFF, 0x06, 0x06, 0x7F, 0xFF, 0x77, 0xFC, 0x60, 0xF1, 0xFF, 0x7C, 0x3E, 0x7F, 0xFC, 0xFF,
    0xC3, 0xC3, 0xC3, 0x7E, 0x3C, 0xFF, 0xFC, 0x30, 0xE1, 0x83, 0x0C, 0x18, 0x30, 0x3E, 0x7F, 0x63,
    0x7E, 0x7E, 0xC3, 0xC3, 0xFF, 0x7E, 0x3C, 0xFE, 0xC3, 0xC3, 0xFF, 0x7F, 0x47, 0xFE, 0x7C, 0x18,
    0x30, 0x67, 0xF1, 0x83, 0x06, 0x00, 0xFE, 0xFE, 0x00, 0x07, 0xF0, 0x36, 0x6C, 0xCC, 0xCC, 0xCC,
    0xC6, 0x63, 0xC6, 0x63, 0x33, 0x33, 0x33, 0x76, 0x6C, 0x7E, 0x43, 0x03, 0x7F, 0xE3, 0xC3, 0xC7,
    0x7F, 0x3C, 0x67, 0xC3, 0xFF, 0xC0, 0xC0, 0x61, 0x3F, 0x3C, 0x66, 0xC3, 0xC3, 0xC3, 0xC3, 0x66,
    0x3C, 0x63, 0xBB, 0x8F, 0x83, 0xC1, 0xE1, 0xF1, 0xCD, 0xC7, 0xFC, 0x86, 0x03, 0xFF, 0xC3, 0xC3,
    0x66, 0x3C, 0xE0, 0xE0, 0xE0, 0xEE, 0xFF, 0xE7, 0xE7, 0xE7, 0xE7, 0xE7, 0xE7, 0xE0, 0x70, 0x38,
    0x1C, 0x7E, 0x77, 0x73, 0xF1, 0xF8, 0xE6, 0x73, 0xB8, 0xE0, 0xFF, 0xFF, 0xFF, 0xFF, 0x80, 0xCE,
    0x77, 0xFF, 0xF9, 0xCF, 0xCE, 0x7E, 0x73, 0xF3, 0x9F, 0x9C, 0xFC, 0xE7, 0xCE, 0xFF, 0xE7, 0xE7,
    0xE7, 0xE7, 0xE7, 0xE7, 0xEE, 0x7F, 0xB8, 0xFC, 0x7E, 0x3F, 0x1F, 0xFD, 0xDC, 0xE0, 0x70, 0x38,
    0x1C, 0x00, 0x3F, 0x60, 0x78, 0x7E, 0x3F, 0x0F, 0x87, 0xFE, 0x31, 0xCF, 0xDC, 0x71, 0xC7, 0x1C,
    0x7C, 0xF0, 0x1F, 0xC1, 0xFE, 0x1F, 0xF0, 0xF0, 0x0F, 0x00, 0x79, 0xFF, 0xCF, 0xFE, 0x7F, 0xF3,
    0xC7, 0xDE, 0x1F, 0xFE, 0x7F, 0xF1, 0xFF, 0x81, 0xE0, 0x0F, 0x00, 0x7F, 0x03, 0xF8, 0x1F, 0xC0,
    0x01, 0x98, 0x06, 0x60, 0x7F, 0x87, 0xFF, 0x3F, 0xF9, 0xF4, 0xE7, 0xB3, 0x3C, 0xC8, 0xF3, 0x63,
    0xCD, 0x8F, 0x26, 0x3D, 0x98, 0xF6, 0x43, 0xFB, 0x07, 0xEC, 0x1F, 0xFE, 0x3F, 0xF8, 0x3F, 0xE0,
    0xDC, 0x02, 0x60, 0x19, 0x80, 0x07, 0xF0, 0xFF, 0xCF, 0xFC, 0xF8, 0x27, 0x80, 0x3C, 0x03, 0xC0,
    0x1E, 0x77, 0xF3, 0xBF, 0x9F, 0xFC, 0xF9, 0xE7, 0x8F, 0xBC, 0x3D, 0xE1, 0xFF, 0x27, 0xFF, 0x1F,
    0xF8, 0x7F, 0x80, 0x3F, 0xF9, 0xFF, 0xCF, 0xFE, 0x78, 0x03, 0xC0, 0x1E, 0x00, 0xF0, 0x07, 0xFE,
    0x3F, 0xF1, 0xFF, 0x8F, 0x00, 0x78, 0x03, 0xC0, 0x7F, 0xC3, 0xFE, 0x07, 0x80, 0x3C, 0x01, 0xE0,
    0x00, 0x07, 0xE0, 0xFF, 0x8F, 0xFC, 0x78, 0x43, 0xC0, 0x1E, 0x03, 0xFF, 0x1F, 0xF8, 0x3C, 0x01,
    0xE0, 0x3F, 0xF1, 0xFF, 0x83, 0xC0, 0x1E, 0x01, 0xE0, 0x1F, 0xFF, 0xFF, 0xFF, 0xFF, 0xC0, 0x00,
    0x06, 0x00, 0x00, 0xC0, 0x00, 0x0C, 0x0E, 0x7D, 0xFC, 0xFF, 0xFF, 0xEF, 0xFF, 0xFF, 0xF9, 0xF9,
    0xFF, 0x0F, 0x0F, 0xF0, 0xF0, 0xFF, 0x0F, 0x0F, 0xF0, 0xF0, 0xFF, 0x0F, 0x0F, 0xF0, 0xF0, 0xFF,
    0x1F, 0x0F, 0xF1, 0xF0, 0xFF, 0x3F, 0x0F, 0xF3, 0xF0, 0xF0, 0x70, 0x00, 0x06, 0x00, 0x00, 0x60,
    0x00, 0x78, 0x71, 0xF1, 0xC7, 0xC7, 0x1F, 0x1C, 0x7C, 0x71, 0xF9, 0xCF, 0xFF, 0xFF, 0xFF, 0x76,
    0x71, 0xDD, 0xCF, 0xFF, 0xFF, 0xFF, 0x73, 0x71, 0xC7, 0xC7, 0x1F, 0x1C, 0x7C, 0x71, 0xF1, 0xC3,
    0xC0, 0xFF, 0x00, 0x1F, 0xF0, 0x03, 0xFF, 0x00, 0x79, 0xF0, 0x0F, 0x1E, 0x71, 0xE3, 0xCE, 0x3C,
    0x79, 0xC7, 0x9F, 0x7F, 0xFF, 0xDF, 0xFF, 0xF3, 0xFF, 0xFC, 0x3C, 0x78, 0x07, 0x8F, 0x00, 0xF1,
    0xE0, 0x1E, 0x3C, 0x03, 0xC7, 0x80, 0x7F, 0xF0, 0x07, 0xFE, 0x00, 0x7C, 0xFF, 0x00, 0x07, 0xFE,
    0x00, 0x3F, 0xF0, 0x01, 0xE7, 0xC0, 0x0F, 0x1E, 0x7E, 0x78, 0xF7, 0xFF, 0xC7, 0xFF, 0xDE, 0x7F,
    0xC2, 0xFF, 0xDE, 0x07, 0xFC, 0xFC, 0x3F, 0xC3, 0xF9, 0xEF, 0x07, 0xEF, 0x38, 0x0F, 0xF9, 0xC0,
    0x3F, 0xCF, 0x41, 0xFE, 0x3B, 0xFF, 0xF1, 0xDF, 0xF7, 0x87, 0xFE, 0x00, 0xE1, 0xE1, 0xF8, 0x78,
    0x67, 0x1E, 0x39, 0xC7, 0x8E, 0x71, 0xE3, 0x9C, 0xFC, 0xE7, 0x3F, 0x39, 0xCC, 0xCE, 0xFF, 0xFF,
    0xFF, 0xFF, 0xF3, 0xB3, 0x70, 0xFC, 0xDC, 0x3F, 0x3F, 0x0F, 0xCF, 0xC1, 0xE1, 0xE0, 0x78, 0x78,
    0x1E, 0x1E, 0x07, 0x87, 0x80, 0xFF, 0xE1, 0xFF, 0xFC, 0x7F, 0xFF, 0x9F, 0x80, 0xE7, 0xE7, 0x39,
    0xF9, 0xCE, 0x7E, 0x73, 0x9F, 0x9C, 0xE7, 0xE7, 0x39, 0xF9, 0xCE, 0x7E, 0x73, 0x9F, 0x9C, 0xE7,
    0xE7, 0x39, 0xF9, 0xC0, 0x7E, 0x70, 0x1F, 0x9F, 0xFF, 0xE7, 0xFF, 0xB9, 0xFF, 0xC0, 0x00, 0x78,
    0x0F, 0xFC, 0x1F, 0xF8, 0x3F, 0xF0, 0x07, 0x80, 0x0F, 0x07, 0xDE, 0x1F, 0xFC, 0x7F, 0xF9, 0xF1,
    0xF3, 0xC1, 0xE7, 0x83, 0xCF, 0x07, 0x9E, 0x0F, 0x3C, 0x1E, 0x7C, 0x7C, 0x7F, 0xF8, 0xFE, 0xF0,
    0x79, 0xE0, 0x00, 0x00, 0x00, 0x07, 0xFE, 0x00, 0x01, 0xF8, 0x03, 0xFF, 0x03, 0xFF, 0xC1, 0xE1,
    0xE1, 0xE0, 0x78, 0xF0, 0x3F, 0xFF, 0x81, 0xFF, 0xC0, 0x3C, 0x00, 0x1E, 0x00, 0x3F, 0xF8, 0x1F,
    0xF8, 0x01, 0xE0, 0x78, 0xF0, 0x3C, 0x3C, 0x3C, 0x1F, 0xFE, 0x07, 0xFC, 0x00, 0xFC, 0x00, 0x78,
    0x3D, 0xE1, 0xE7, 0x87, 0x9E, 0x3C, 0x79, 0xE1, 0xE7, 0x87, 0xBC, 0x1E, 0xE0, 0xFF, 0xFB, 0xFF,
    0xEF, 0xFF, 0x9E, 0xF0, 0x79, 0xE1, 0xE7, 0x87, 0x8F, 0x1E, 0x3E, 0x78, 0x79, 0xE0, 0xF0, 0xFF,
    0xFF, 0xFF, 0xFF, 0xFE, 0x0F, 0x00, 0x7A, 0x03, 0xF8, 0x1F, 0x00, 0xF0, 0x0F, 0x80, 0xFD, 0x0F,
    0xF8, 0x0F, 0x80, 0x78, 0x07, 0xC0, 0xFE, 0x06, 0xF0, 0x07, 0x80, 0x3C, 0x00, 0x3F, 0xC0, 0x00,
    0x7F, 0xF0, 0x00, 0x7F, 0xF8, 0x00, 0x40, 0xFC, 0x00, 0x1E, 0x3C, 0x00, 0x1E, 0x3E, 0x00, 0x1C,
    0x1E, 0x00, 0x1C, 0x1E, 0x00, 0x3C, 0x1E, 0x00, 0x3C, 0x1E, 0x7C, 0x3C, 0x1E, 0xFE, 0x38, 0x3C,
    0xFF, 0x38, 0x3D, 0xC7, 0x78, 0x7D, 0xC7, 0x79, 0xF9, 0xCF, 0x7F, 0xF3, 0xFF, 0x7F, 0xE3, 0xFE,
    0x7F, 0x03, 0xBC, 0x00, 0x03, 0x80, 0x00, 0x03, 0x80, 0x00, 0x07, 0x80, 0x00, 0x07, 0x00, 0x00,
    0x07, 0x00, 0x00, 0x07, 0x00, 0x01, 0xF0, 0x0F, 0xE0, 0x7F, 0xC1, 0xE7, 0x07, 0x9C, 0x1E, 0x70,
    0x79, 0xC1, 0xF7, 0x03, 0xF8, 0x0F, 0xE0, 0x1F, 0x02, 0x3C, 0x18, 0xF0, 0x77, 0xC3, 0xFF, 0x8F,
    0xFE, 0x77, 0x3D, 0x88, 0xF0, 0x23, 0xC0, 0x0F, 0x00, 0x3C, 0x03, 0xF0, 0x0F, 0x80, 0x3C, 0x7F,
    0xC1, 0xFF, 0x87, 0xFF, 0x1E, 0x3E, 0xFF, 0xFD, 0xE1, 0xE7, 0x87, 0xBF, 0xFF, 0xFF, 0xFD, 0xE3,
    0xC7, 0xFF, 0x1F, 0xF8, 0x7F, 0x81, 0xE0, 0x07, 0x80, 0x1E, 0x00, 0x78, 0x01, 0xE0, 0x00, 0x01,
    0x80, 0x07, 0xF0, 0x3F, 0xF9, 0xFF, 0xE3, 0xF8, 0xCF, 0xB0, 0x1E, 0x60, 0x78, 0xC0, 0xF1, 0x81,
    0xE3, 0xFF, 0xC7, 0xFF, 0x8F, 0xFF, 0x19, 0xFF, 0x33, 0xDE, 0x67, 0xBE, 0xCF, 0x3F, 0xFE, 0x3F,
    0xFC, 0x1F, 0xE0, 0x0C, 0x00, 0x18, 0x00, 0x03, 0xC0, 0x07, 0xE0, 0x07, 0xE0, 0x07, 0xE0, 0x0F,
    0xF0, 0x0F, 0xF0, 0x0E, 0x70, 0xFF, 0xFF, 0xFF, 0xFF, 0x1C, 0x38, 0xFF, 0xFF, 0xFF, 0xFF, 0x38,
    0x1C, 0x78, 0x1E, 0x78, 0x1E, 0x70, 0x0E, 0xF0, 0x0F, 0xF0, 0x0F, 0x07, 0xE0, 0x1F, 0xF8, 0x3F,
    0xFC, 0x3C, 0x3E, 0x78, 0x1E, 0x00, 0x1E, 0xFF, 0xFF, 0xFF, 0xFF, 0x00, 0x00, 0x00, 0x00, 0xFF,
    0xFF, 0xFF, 0xFF, 0x78, 0x00, 0x78, 0x1E, 0x7C, 0x3E, 0x3F, 0xFC, 0x1F, 0xF8, 0x07, 0xE0, 0x01,
    0x80, 0x1F, 0xC1, 0xFF, 0xCF, 0xFE, 0x7D, 0xB9, 0xE6, 0x0F, 0x98, 0x3C, 0x60, 0xF1, 0x83, 0xC6,
    0x0F, 0x18, 0x3C, 0x60, 0xF1, 0x83, 0xC6, 0x07, 0x98, 0x1F, 0x66, 0x3F, 0xF8, 0x7F, 0xE0, 0xFF,
    0x00, 0x60, 0x01, 0x80, 0x1C, 0x30, 0x0E, 0x18, 0x0F, 0xFF, 0xFF, 0xFF, 0xFF, 0xFF, 0xF9, 0xE7,
    0x80, 0xF3, 0xC0, 0x79, 0xE0, 0x3C, 0xF0, 0x1E, 0x78, 0x0F, 0x3C, 0x07, 0x9E, 0x03, 0xCF, 0x01,
    0xE7, 0xFC, 0xF1, 0xFE, 0x78, 0x7F, 0x00, 0x7E, 0x00, 0xFF, 0xC0, 0x7F, 0xC0, 0x7C, 0x60, 0x3C,
    0x00, 0x1E, 0x00, 0x0F, 0x80, 0x03, 0xF0, 0x00, 0xFE, 0x00, 0x3F, 0x80, 0x07, 0xC0, 0x00, 0xF7,
    0x77, 0x3E, 0xCC, 0xDD, 0xE6, 0x6E, 0xFB, 0x3E, 0x1F, 0xFE, 0x0F, 0xFE, 0x06, 0x66, 0x03, 0x33,
    0x00, 0xFF, 0xFF, 0xFF, 0xFF, 0xFE, 0x00, 0x00, 0x00, 0x7F, 0xFF, 0xFF, 0xFF, 0xFF, 0x07, 0x80,
    0x3C, 0x01, 0xE0, 0x0F, 0x00, 0x78, 0x03, 0xC0, 0x1E, 0x00, 0xF0, 0x07, 0x80, 0x3C, 0x00, 0xFF,
    0xFF, 0xFF, 0xFF, 0xFE, 0x00, 0xFC, 0x00, 0xF3, 0xFF, 0xFF, 0xFF, 0xC0, 0x3C, 0x01, 0xF3, 0xFF,
    0x8F, 0xFC, 0x3F, 0xC0, 0x78, 0x00, 0xF0, 0x01, 0xF0, 0x03, 0xE0, 0x07, 0xC0, 0x0F, 0x80, 0x3C,
    0x00, 0xF0, 0x03, 0xCC, 0x0F, 0xF0, 0x7F, 0x03, 0xF0, 0x0F, 0xDC, 0x0F, 0xF0, 0x7E, 0x03, 0xF0,
    0xFB, 0xC3, 0xCF, 0x0F, 0x3C, 0x78, 0xF1, 0xE3, 0xCF, 0x0F, 0xFC, 0x3F, 0xC0, 0xFC, 0x00, 0x78,
    0x00, 0x0C, 0x40, 0x00, 0xC6, 0x00, 0x0C, 0x60, 0x00, 0xFF, 0xFF, 0x87, 0xFF, 0xFE, 0x3F, 0xFF,
    0xF0, 0x60, 0x07, 0x06, 0x00, 0x30, 0x66, 0x63, 0x07, 0xFF, 0x30, 0x79, 0xBE, 0x07, 0x00, 0x00,
    0xF0, 0x00, 0x0B, 0x81, 0x00, 0x1F, 0xF0, 0x00, 0xFF, 0x00, 0x03, 0xF0, 0x00, 0xF0, 0x00, 0x0F,
    0x00, 0x00, 0xF0, 0x00, 0x0F, 0x00, 0x00, 0xF0, 0x00, 0xFF, 0xF0, 0x3F, 0xFF, 0xC3, 0xFF, 0xFE,
    0x78, 0xF1, 0xE7, 0x8F, 0x1F, 0xF0, 0xF0, 0xFF, 0x0F, 0x0F, 0xF0, 0xF0, 0xFF, 0x00, 0x0F, 0xF0,
    0x00, 0xFF, 0x00, 0x0F, 0xF0, 0x00, 0xFF, 0x00, 0x0F, 0x1F, 0xF8, 0x0F, 0xFF, 0x07, 0xFF, 0xC3,
    0xC1, 0xF1, 0xE0, 0x78, 0xF0, 0x3C, 0x78, 0x1E, 0x3C, 0x0F, 0x1E, 0x0F, 0x8F, 0xFF, 0x87, 0xFF,
    0x83, 0xFF, 0x01, 0xE0, 0x07, 0xFF, 0x03, 0xFF, 0x80, 0x3C, 0x00, 0x1E, 0x00, 0x0F, 0x00, 0x00,
    0x03, 0x60, 0x03, 0xF8, 0x07, 0xFF, 0x07, 0xFF, 0xC7, 0xF7, 0xF3, 0xDB, 0x7B, 0xCD, 0xBD, 0xE6,
    0xCF, 0xF3, 0x67, 0xF9, 0xB3, 0xFC, 0x00, 0x1E, 0x00, 0x07, 0x00, 0x03, 0xC0, 0x00, 0xF0, 0x00,
    0x3C, 0x00, 0x7F, 0xFF, 0x3F, 0xFF, 0x9F, 0xFF, 0xC0, 0x33, 0x06, 0x63, 0xFC, 0x7F, 0xEF, 0xFF,
    0xE7, 0xFC, 0x7F, 0x8F, 0xF3, 0xFF, 0xFB, 0xFE, 0x7F, 0xEF, 0x3F, 0xE3, 0xFC, 0x7F, 0x8F, 0xF3,
    0xFF, 0xFB, 0xFF, 0x7F, 0x83, 0x30, 0x66, 0x0C, 0xC0, 0x0F, 0xC7, 0xFD, 0xFF, 0xBC, 0x0F, 0x01,
    0xE0, 0x3C, 0x07, 0x80, 0xF0, 0x1E, 0x01, 0xE0, 0xBF, 0xF3, 0xFE, 0x1F, 0x80, 0x00, 0x00, 0xFF,
    0xFF, 0xFF, 0xFF, 0x80, 0x01, 0xE0, 0x00, 0xF0, 0x00, 0x78, 0x00, 0x3C, 0x00, 0x1E, 0x00, 0x0F,
    0x00, 0x07, 0xFF, 0xFF, 0xFF, 0xFF, 0x7F, 0xFF, 0xCF, 0x00, 0x01, 0xE0, 0x00, 0x3C, 0x00, 0x07,
    0x80, 0x00, 0xF0, 0x00, 0x1E, 0x00, 0x01, 0x80, 0x03, 0xC0, 0x07, 0xE0, 0x0F, 0xF0, 0x1F, 0xF8,
    0x3F, 0xFC, 0x7B, 0xDE, 0xF3, 0xCF, 0xE3, 0xC7, 0xC3, 0xC3, 0x83, 0xC1, 0x03, 0xC0, 0x03, 0xC0,
    0x03, 0xC0, 0x03, 0xC0, 0x03, 0xC0, 0x03, 0xC0, 0x01, 0xE0, 0x00, 0x3C, 0x00, 0x07, 0x80, 0x00,
    0xF0, 0x00, 0x1E, 0x00, 0x03, 0xCF, 0xFF, 0xFB, 0xFF, 0xFF, 0xFF, 0xFF, 0x80, 0x03, 0xC0, 0x01,
    0xE0, 0x00, 0xF0, 0x00, 0x78, 0x00, 0x3C, 0x00, 0x1E, 0x00, 0x03, 0xC0, 0x03, 0xC0, 0x03, 0xC0,
    0x03, 0xC0, 0x03, 0xC0, 0x03, 0xC0, 0x83, 0xC1, 0xC3, 0xC3, 0xE3, 0xC7, 0xF3, 0xCF, 0x7B, 0xDE,
    0x3F, 0xFC, 0x1F, 0xF8, 0x0F, 0xF0, 0x07, 0xE0, 0x03, 0xC0, 0x01, 0x80, 0x01, 0xE3, 0xC0, 0x01,
    0xE0, 0xF0, 0x01, 0xE0, 0x3C, 0x01, 0xE0, 0x0F, 0x01, 0xE0, 0x03, 0xC1, 0xE0, 0x00, 0xF1, 0xFF,
    0xFF, 0xFD, 0xFF, 0xFF, 0xFF, 0x7F, 0xFF, 0xFF, 0x1E, 0x00, 0x0F, 0x07, 0x80, 0x0F, 0x01, 0xE0,
    0x0F, 0x00, 0x78, 0x0F, 0x00, 0x1E, 0x0F, 0x00, 0x07, 0x8F, 0x00, 0x01, 0x80, 0x03, 0xC0, 0x07,
    0xE0, 0x0F, 0xF0, 0x1F, 0xF8, 0x3F, 0xFC, 0x7B, 0xDE, 0xF3, 0xCF, 0xE3, 0xC7, 0xC3, 0xC3, 0x83,
    0xC1, 0x03, 0xC0, 0x03, 0xC0, 0x83, 0xC1, 0xC3, 0xC3, 0xE3, 0xC7, 0xF3, 0xCF, 0x7B, 0xDE, 0x3F,
    0xFC, 0x1F, 0xF8, 0x0F, 0xF0, 0x07, 0xE0, 0x03, 0xC0, 0x01, 0x80, 0xFF, 0xF3, 0xFF, 0xEF, 0xC0,
    0x3F, 0x80, 0xFF, 0x03, 0xBE, 0x0E, 0x7C, 0x38, 0xF8, 0xE1, 0xF3, 0x83, 0xEE, 0x07, 0xD8, 0x0E,
    0x20, 0x10, 0x3F, 0xFD, 0xFF, 0xF0, 0x0F, 0xC0, 0x7F, 0x03, 0xFC, 0x1F, 0x70, 0xF9, 0xC7, 0xC7,
    0x3E, 0x1D, 0xF0, 0x7F, 0x81, 0xDC, 0x06, 0x20, 0x10, 0x20, 0x11, 0xC0, 0x6F, 0x81, 0xDF, 0x07,
    0x3E, 0x1C, 0x7C, 0x70, 0xF9, 0xC1, 0xF7, 0x03, 0xFC, 0x07, 0xF0, 0x0F, 0xDF, 0xFF, 0x3F, 0xFC,
    0x20, 0x11, 0x80, 0xEE, 0x07, 0xF8, 0x3E, 0xE1, 0xF3, 0x8F, 0x8E, 0x7C, 0x3B, 0xE0, 0xFF, 0x03,
    0xF8, 0x0F, 0xC0, 0x3F, 0xFE, 0xFF, 0xF0, 0x00, 0x0C, 0xF0, 0xF7, 0xEF, 0xF9, 0x8F, 0xE6, 0x7C,
    0x0F, 0xD0, 0x1C, 0x00, 0x3F, 0xF0, 0x7F, 0xF0, 0x00, 0x70, 0x00, 0x70, 0x00, 0xE1, 0xE1, 0xC7,
    0x83, 0x9E, 0x0F, 0x7F, 0xFD, 0xFF, 0xF1, 0xFF, 0xC1, 0xE0, 0x01, 0xE0, 0x01, 0xE0, 0x00, 0x1F,
    0xF8, 0x7F, 0xF1, 0xC0, 0x07, 0x00, 0x0E, 0x00, 0x1C, 0x3C, 0x38, 0x3C, 0x78, 0x3C, 0x7F, 0xFC,
    0x7F, 0xFC, 0x7F, 0xF0, 0x03, 0xC0, 0x0F, 0x00, 0x3C, 0x00, 0x04, 0x00, 0x18, 0x00, 0x70, 0x03,
    0xFF, 0xFF, 0xFF, 0xEF, 0xFF, 0xC7, 0x03, 0x86, 0x07, 0x04, 0x0E, 0x00, 0x1C, 0x00, 0x38, 0x00,
    0x70, 0x00, 0xE0, 0x01, 0xC0, 0x03, 0x80, 0x07, 0x00, 0x40, 0x00, 0xC0, 0x01, 0xC7, 0xFF, 0xEF,
    0xFF, 0xFF, 0xFF, 0xB8, 0x1C, 0x70, 0x30, 0xE0, 0x41, 0xC0, 0x03, 0x80, 0x07, 0x00, 0x0E, 0x00,
    0x1C, 0x00, 0x38, 0x00, 0x70, 0x00, 0xE0, 0x01, 0xC0, 0x03, 0x80, 0x07, 0x00, 0x0E, 0x00, 0x1C,
    0x00, 0x38, 0x00, 0x70, 0x20, 0xE0, 0x61, 0xC0, 0xE3, 0xFF, 0xF7, 0xFF, 0xFF, 0xFF, 0xC0, 0x0E,
    0x00, 0x18, 0x00, 0x20, 0xFF, 0xF1, 0xFF, 0xE3, 0xFF, 0xC0, 0x03, 0x80, 0x07, 0x00, 0x0E, 0x00,
    0x1C, 0x00, 0x38, 0x00, 0x70, 0x00, 0xE0, 0x01, 0xC0, 0x03, 0x80, 0x07, 0x00, 0x7F, 0xC0, 0x7F,
    0x00, 0x7C, 0x00, 0x70, 0x00, 0x40, 0x00, 0x0E, 0x00, 0x1C, 0x00, 0x38, 0x00, 0x70, 0x00, 0xE0,
    0x01, 0xC0, 0x03, 0x82, 0x07, 0x0C, 0x0E, 0x38, 0x1D, 0xFF, 0xFF, 0xFF, 0xF7, 0xFF, 0xE3, 0x80,
    0x03, 0x00, 0x02, 0x00, 0xC0, 0x03, 0x04, 0x0C, 0x30, 0x31, 0xC0, 0xDF, 0xFF, 0x7F, 0xFC, 0x70,
    0x30, 0xC0, 0xC1, 0x03, 0x00, 0x00, 0x00, 0x0C, 0x08, 0x30, 0x30, 0xC0, 0xE3, 0xFF, 0xEF, 0xFF,
    0xB0, 0x38, 0xC0, 0xC3, 0x02, 0x0C, 0x00, 0x30, 0x00, 0x00, 0x00, 0x00, 0xC0, 0x00, 0x07, 0x80,
    0x00, 0x3F, 0x00, 0x01, 0xCE, 0x00, 0x0E, 0x1C, 0x00, 0x70, 0x38, 0x03, 0x80, 0x70, 0x1C, 0x00,
    0xE0, 0xFE, 0x1F, 0xC7, 0xF8, 0x7F, 0x80, 0xE1, 0xC0, 0x03, 0x87, 0x00, 0x0E, 0x1C, 0x00, 0x38,
    0x70, 0x00, 0xE1, 0xC0, 0x03, 0xFF, 0x00, 0x0F, 0xFC, 0x00, 0x3C, 0x01, 0xFC, 0x0F, 0xF0, 0x07,
    0xC0, 0x0F, 0x00, 0x38, 0x7F, 0xC7, 0xFF, 0x78, 0xFF, 0x83, 0xFC, 0x1F, 0xE0, 0xFF, 0x07, 0xF8,
    0x39, 0xE3, 0xC7, 0xFC, 0x1F, 0x80, 0x03, 0x80, 0x0F, 0x80, 0x1F, 0x00, 0x3E, 0x00, 0xEE, 0x01,
    0xDC, 0x07, 0x1C, 0x0E, 0x38, 0x1C, 0x30, 0x70, 0x70, 0xE0, 0xE3, 0x80, 0xE7, 0x01, 0xCE, 0x03,
    0xB8, 0x03, 0xFF, 0xFF, 0xFF, 0xFF, 0xFF, 0xFC, 0xFF, 0xFF, 0xFF, 0xFF, 0xFF, 0xFF, 0x1C, 0x38,
    0x1C, 0x38, 0x1C, 0x38, 0x1C, 0x38, 0x1C, 0x38, 0x1C, 0x38, 0x1C, 0x38, 0x1C, 0x38, 0x1C, 0x38,
    0x1C, 0x38, 0x1C, 0x38, 0x1C, 0x38, 0x1C, 0x38, 0x1C, 0x38, 0x1C, 0x38, 0x1C, 0x38, 0x1C, 0x38,
    0x1C, 0x38, 0xFF, 0xFF, 0xFF, 0xFF, 0xFF, 0x00, 0x78, 0x03, 0x80, 0x3C, 0x01, 0xC0, 0x1E, 0x01,
    0xE0, 0x1C, 0x03, 0xC0, 0x38, 0x07, 0x80, 0xF0, 0x0F, 0xFF, 0xFF, 0xFF, 0xFF, 0xFF, 0xFF, 0xFF,
    0xFF, 0xF0, 0x00, 0x3F, 0xC0, 0x1F, 0xF0, 0x07, 0xFC, 0x01, 0xE0, 0x00, 0x70, 0x00, 0x1C, 0x00,
    0x0F, 0x00, 0x03, 0xC0, 0x00, 0xF0, 0x00, 0x38, 0x07, 0x0E, 0x01, 0xC7, 0x80, 0x79, 0xE0, 0x1E,
    0x78, 0x03, 0x9C, 0x00, 0xE7, 0x00, 0x3F, 0xC0, 0x0F, 0xF0, 0x01, 0xFC, 0x00, 0x7E, 0x00, 0x1F,
    0x80, 0x07, 0xE0, 0x00, 0x3E, 0x0F, 0x8F, 0xF7, 0xFB, 0xC7, 0xC7, 0xF0, 0x70, 0x7E, 0x0E, 0x0F,
    0xC1, 0xC1, 0xFC, 0x7C, 0x7B, 0xFD, 0xFE, 0x3E, 0x0F, 0x80, 0x01, 0xE0, 0x7C, 0x1F, 0x83, 0xC0,
    0x70, 0x1E, 0x03, 0xC0, 0x78, 0x0F, 0x01, 0xE0, 0x38, 0x07, 0x00, 0xE0, 0x1C, 0x07, 0x80, 0xF0,
    0x1E, 0x03, 0xC0, 0x78, 0x3E, 0x0F, 0xC1, 0xF0, 0x00, 0x78, 0xEF, 0x9F, 0xDF, 0x71, 0xE0, 0x00,
    0x00, 0x1E, 0x3F, 0xE7, 0xE7, 0xDC, 0x78, 0x03, 0x80, 0x38, 0xFF, 0xFF, 0xFF, 0xFF, 0xF0, 0x70,
    0x0F, 0x00, 0xE0, 0xFF, 0xFF, 0xFF, 0xFF, 0xF1, 0xC0, 0x1C, 0x00, 0x00, 0x10, 0x0F, 0x0F, 0xF7,
    0xFE, 0xFF, 0x0F, 0x00, 0xFC, 0x0F, 0xF8, 0x1F, 0xF0, 0x3F, 0x00, 0x70, 0x00, 0xFF, 0xFF, 0xFF,
    0x80, 0x0F, 0x00, 0xFF, 0x07, 0xFE, 0x0F, 0xF0, 0x0F, 0x03, 0xF1, 0xFF, 0xFF, 0x8F, 0xC0, 0xE0,
    0x00, 0x00, 0xFF, 0xFF, 0xFF, 0x0F, 0xC3, 0xF1, 0xFC, 0x7F, 0x3F, 0xCF, 0xF3, 0xC0, 0xF0, 0x3C,
    0x0F, 0x07, 0xF9, 0xFE, 0xFF, 0xBF, 0xEF, 0xFB, 0xFE, 0x3C, 0x0F, 0x03, 0xC0, 0xF0, 0x3C, 0x0F,
    0x03, 0xC0, 0xF0, 0x3C, 0x0F, 0x03, 0xC0, 0xF0, 0x3C, 0x0F, 0x03, 0xC0, 0xF0, 0x3C, 0x0F, 0x03,
    0xC0, 0xF0, 0x3C, 0x0F, 0x00, 0x0F, 0xCF, 0x1F, 0xCF, 0x3F, 0xCF, 0x3C, 0x00, 0x3C, 0x0F, 0xFF,
    0xCF, 0xFF, 0xCF, 0xFF, 0xCF, 0x3C, 0x0F, 0x3C, 0x0F, 0x3C, 0x0F, 0x3C, 0x0F, 0x3C, 0x0F, 0x3C,
    0x0F, 0x3C, 0x0F, 0x3C, 0x0F, 0x3C, 0x0F, 0x3C, 0x0F, 0x0F, 0x9E, 0x0F, 0xCF, 0x0F, 0xE7, 0x87,
    0x83, 0xC3, 0xC1, 0xE7, 0xFC, 0xF3, 0xFE, 0x79, 0xFF, 0x3C, 0x3C, 0x1E, 0x1E, 0x0F, 0x0F, 0x07,
    0x87, 0x83, 0xC3, 0xC1, 0xE1, 0xE0, 0xF0, 0xF0, 0x78, 0x78, 0x3F, 0x3C, 0x1F, 0x9E, 0x07, 0xC0,
    0x0F, 0xC3, 0xF7, 0x0F, 0xE3, 0xFB, 0xCF, 0xF3, 0xFD, 0xE7, 0x81, 0xE0, 0x63, 0xC0, 0xF0, 0x03,
    0xFC, 0xFF, 0x3F, 0xFE, 0xFF, 0x9F, 0xFF, 0x7F, 0xCF, 0x3C, 0x0F, 0x07, 0x9E, 0x07, 0x83, 0xCF,
    0x03, 0xC1, 0xE7, 0x81, 0xE0, 0xF3, 0xC0, 0xF0, 0x79, 0xE0, 0x78, 0x3C, 0xF0, 0x3C, 0x1E, 0x78,
    0x1E, 0x0F, 0x3C, 0x0F, 0x07, 0x9E, 0x07, 0x83, 0xCF, 0x03, 0xC1, 0xE0, 0x0F, 0xC3, 0xF7, 0x8F,
    0xE3, 0xFB, 0xCF, 0xF3, 0xFD, 0xE7, 0x81, 0xE0, 0xF3, 0xC0, 0xF0, 0x7B, 0xFC, 0xFF, 0x3F, 0xFE,
    0xFF, 0x9F, 0xFF, 0x7F, 0xCF, 0x3C, 0x0F, 0x07, 0x9E, 0x07, 0x83, 0xCF, 0x03, 0xC1, 0xE7, 0x81,
    0xE0, 0xF3, 0xC0, 0xF0, 0x79, 0xE0, 0x78, 0x3C, 0xF0, 0x3C, 0x1E, 0x78, 0x1E, 0x0F, 0x3C, 0x0F,
    0x07, 0x9E, 0x07, 0x83, 0xCF, 0x03, 0xC1, 0xE0, 0x1F, 0xC0, 0x3F, 0xF0, 0x7F, 0xF8, 0xF8, 0x78,
    0xF0, 0x78, 0xF0, 0xFF, 0xF1, 0xFF, 0xF1, 0xFF, 0xF0, 0x78, 0xF0, 0x78, 0xF0, 0x78, 0xF0, 0x78,
    0xF0, 0x78, 0xF0, 0x78, 0xF0, 0x78, 0xF0, 0x78, 0xF0, 0x7F, 0xF0, 0x3F, 0xF0, 0x1F, 0x00, 0xFC,
    0x00, 0x0F, 0xF8, 0x00, 0xFF, 0xE0, 0x07, 0x0F, 0x00, 0x38, 0x78, 0x1F, 0xC3, 0xFD, 0xFF, 0x3F,
    0xFF, 0xF9, 0xFF, 0xF0, 0x87, 0x87, 0x80, 0x3C, 0x3F, 0x01, 0xE0, 0xFE, 0x0F, 0x01, 0xF8, 0x78,
    0x03, 0xE3, 0xC0, 0x0F, 0x1E, 0x10, 0x78, 0xF0, 0xFF, 0xC7, 0xFF, 0xFC, 0x1F, 0xDF, 0xC0, 0x7E,
    0x00, 0x00, 0x06, 0x40, 0x00, 0x3E, 0x78, 0x00, 0x1E, 0x78, 0x00, 0x1E, 0x78, 0x00, 0x1F, 0xF8,
    0x00, 0x1F, 0xF8, 0x00, 0x1F, 0x7C, 0x00, 0x3F, 0x7F, 0xFF, 0xFE, 0x7F, 0xFF, 0xFE, 0x3F, 0xFF,
    0xF8, 0x0F, 0xFF, 0xE0, 0x00, 0x28, 0x00, 0x00, 0x00, 0x00, 0x00, 0x00, 0x00, 0x00, 0x66, 0x00,
    0x00, 0xEF, 0x00, 0x00, 0xEF, 0x00, 0x00, 0x66, 0x00, 0x00, 0x18, 0x00, 0x00, 0x3C, 0x00, 0x00,
    0x3C, 0x00, 0x00, 0x18, 0x00, 0x40, 0x00, 0x00, 0x01, 0xE0, 0x00, 0x00, 0x07, 0x80, 0x00, 0x20,
    0x1E, 0x00, 0x01, 0xF0, 0xF8, 0x00, 0x0F, 0x83, 0xE0, 0x00, 0x7E, 0x07, 0xC0, 0x07, 0xFC, 0x1F,
    0xFF, 0xFF, 0xFE, 0x7F, 0xFF, 0xFF, 0xFC, 0xFF, 0xFF, 0xE7, 0xF0, 0xFF, 0xFC, 0x0F, 0x80, 0x08,
    0x00, 0x00, 0x00, 0x00, 0x00, 0x00, 0x00, 0x00, 0x00, 0x00, 0x06, 0x30, 0x00, 0x00, 0x3D, 0xE0,
    0x00, 0x00, 0xF7, 0x80, 0x00, 0x01, 0x8C, 0x00, 0x00, 0x01, 0xC0, 0x00, 0x00, 0x07, 0x00, 0x00,
    0x00, 0x1C, 0x00, 0x00, 0x00, 0x30, 0x00, 0x00, 0x06, 0x0F, 0x07, 0x83, 0xE0, 0xF0, 0x78, 0x3C,
    0x1E, 0x1F, 0x7F, 0xBF, 0x9F, 0x8F, 0x80, 0x00, 0x00, 0xC6, 0x77, 0xBB, 0xD8, 0xC1, 0x81, 0xE0,
    0xF0, 0x30, 0x0F, 0x00, 0x78, 0x07, 0xC0, 0x3E, 0x03, 0xF8, 0x7F, 0xFF, 0xFF, 0xFF, 0x7F, 0xF1,
    0xF8, 0x00, 0x00, 0x00, 0x66, 0x07, 0xB8, 0x3D, 0xC0, 0xCE, 0x01, 0x80, 0x1E, 0x00, 0xF0, 0x03,
    0x00, 0x00, 0x60, 0x00, 0x00, 0x60, 0x00, 0x00, 0x7E, 0x00, 0x00, 0x7E, 0x00, 0x00, 0x76, 0x00,
    0x00, 0xFE, 0x00, 0x00, 0xFC, 0x00, 0x00, 0x00, 0x06, 0x40, 0x00, 0x3E, 0x78, 0x00, 0x1E, 0x78,
    0x00, 0x1E, 0x78, 0x00, 0x1F, 0xF8, 0x00, 0x1F, 0xF8, 0x00, 0x1F, 0x7C, 0x00, 0x3F, 0x7F, 0xFF,
    0xFE, 0x7F, 0xFF, 0xFE, 0x3F, 0xFF, 0xF8, 0x0F, 0xFF, 0xE0, 0x00, 0x28, 0x00, 0x00, 0x30, 0x00,
    0x00, 0x00, 0xC0, 0x00, 0x00, 0x03, 0xF0, 0x00, 0x00, 0x0F, 0xC0, 0x00, 0x00, 0x33, 0x00, 0x00,
    0x01, 0xFC, 0x00, 0x00, 0x07, 0xE0, 0x00, 0x00, 0x00, 0x00, 0x00, 0x40, 0x00, 0x00, 0x01, 0xE0,
    0x00, 0x00, 0x07, 0x80, 0x00, 0x20, 0x1E, 0x00, 0x01, 0xF0, 0xF8, 0x00, 0x0F, 0x83, 0xE0, 0x00,
    0x7E, 0x07, 0xC0, 0x07, 0xFC, 0x1F, 0xFF, 0xFF, 0xFE, 0x7F, 0xFF, 0xFF, 0xFC, 0xFF, 0xFF, 0xE7,
    0xF0, 0xFF, 0xFC, 0x0F, 0x80, 0x08, 0x00, 0x00, 0x60, 0xC1, 0xF3, 0xF6, 0x7F, 0xFF, 0x00, 0x00,
    0x00, 0x33, 0xE3, 0xC7, 0x8F, 0x8F, 0x1E, 0x3C, 0xFF, 0xFF, 0xDF, 0x3C, 0x00, 0x18, 0x00, 0xC0,
    0x07, 0xE0, 0x3F, 0x01, 0xD8, 0x1F, 0xC0, 0xFC, 0x00, 0x00, 0x00, 0x00, 0x00, 0x00, 0x00, 0x1E,
    0x00, 0xF0, 0x0F, 0x80, 0x7C, 0x07, 0xF0, 0xFF, 0xFF, 0xFF, 0xFE, 0xFF, 0xE3, 0xF0, 0x7C, 0x00,
    0xFF, 0xC0, 0xFF, 0xF8, 0xFF, 0xFE, 0x7F, 0xFE, 0x00, 0x3E, 0x01, 0xFF, 0x07, 0xFF, 0x0F, 0xE0,
    0x3F, 0x80, 0x3E, 0x00, 0x7C, 0x00, 0xF9, 0x10, 0xF1, 0xB0, 0xF1, 0xB0, 0xF0, 0x40, 0xF0, 0xE0,
    0xF8, 0x40, 0xFC, 0x02, 0xFF, 0xFE, 0x7F, 0xFF, 0x3F, 0xFF, 0x1F, 0xFF, 0x03, 0xF0, 0x7C, 0x00,
    0x07, 0xFE, 0x00, 0x3F, 0xFE, 0x01, 0xFF, 0xFC, 0x07, 0xFF, 0xE0, 0x00, 0x1F, 0x00, 0x07, 0xFC,
    0x00, 0xFF, 0xE0, 0x0F, 0xFE, 0x01, 0xFC, 0xF8, 0x0F, 0x83, 0xFC, 0xF8, 0x1F, 0xFF, 0x91, 0x7F,
    0xF8, 0xD9, 0xFB, 0xC6, 0xC0, 0x1E, 0x08, 0x00, 0xF0, 0xE0, 0x07, 0xC2, 0x00, 0x3F, 0x00, 0x81,
    0xFF, 0xFC, 0x07, 0xFF, 0xF0, 0x1F, 0xFF, 0x80, 0x7F, 0xFC, 0x00, 0x7E, 0x00, 0x7F, 0x00, 0x3F,
    0xE0, 0x3F, 0xF8, 0x3F, 0xFE, 0x21, 0xFF, 0x00, 0x3F, 0x00, 0xFF, 0x07, 0xF8, 0xFF, 0xF0, 0xFF,
    0xC0, 0xFF, 0x80, 0xFC, 0x00, 0x00, 0x00, 0x00, 0x00, 0x06, 0x60, 0x0E, 0xF0, 0x0E, 0xF0, 0x06,
    0x60, 0x01, 0x80, 0x03, 0xC0, 0x03, 0xC0, 0x01, 0x80, 0x7F, 0x00, 0x03, 0xFE, 0x00, 0x3F, 0xF8,
    0x03, 0xFF, 0xE0, 0x21, 0xFF, 0x00, 0x03, 0xF0, 0x00, 0xFF, 0x00, 0x7F, 0xE0, 0xFF, 0xFF, 0xEF,
    0xFC, 0xFF, 0xFF, 0x8F, 0xFF, 0xC0, 0x3E, 0x00, 0x00, 0x00, 0x00, 0x00, 0x0C, 0x60, 0x01, 0xEE,
    0x00, 0x1E, 0xF0, 0x00, 0xC6, 0x00, 0x03, 0x80, 0x00, 0x38, 0x00, 0x03, 0x80, 0x00, 0x38, 0x00,
    0x20, 0x06, 0x00, 0xF8, 0x1F, 0x83, 0x30, 0xFE, 0x1F, 0x80, 0x00, 0x00, 0x00, 0x60, 0x1C, 0x0F,
    0xC0, 0xF8, 0x0F, 0x81, 0xF0, 0x1F, 0x03, 0xE0, 0x7D, 0x9F, 0xBF, 0xFF, 0xFD, 0xFF, 0x9F, 0xC0,
    0x20, 0x00, 0x30, 0x00, 0x3E, 0x00, 0x3F, 0x00, 0x33, 0x00, 0x7F, 0x00, 0x7E, 0x00, 0x00, 0x00,
    0x00, 0x00, 0x03, 0x00, 0x07, 0x00, 0x1F, 0x80, 0x0F, 0x80, 0x07, 0xC0, 0x07, 0xC0, 0x03, 0xE0,
    0x03, 0xE0, 0x03, 0xE0, 0x67, 0xF0, 0x7F, 0xFE, 0xFF, 0xFF, 0xFF, 0xFF, 0x7F, 0x1E, 0x0E, 0x03,
    0x80, 0xE0, 0x10, 0x3B, 0x9E, 0xF3, 0xB8, 0x44, 0x00, 0x00, 0x00, 0x30, 0x3E, 0x0F, 0x81, 0xE0,
    0x7C, 0x0F, 0x03, 0xC0, 0xF0, 0x7C, 0x1E, 0x1F, 0x8F, 0xCF, 0xE1, 0xF0, 0x78, 0x08, 0x00, 0x0E,
    0x00, 0x38, 0x00, 0xE0, 0x01, 0x00, 0x3B, 0x81, 0xEE, 0x03, 0xB8, 0x04, 0x40, 0x00, 0x00, 0x00,
    0x00, 0x30, 0x03, 0xE0, 0x0F, 0x80, 0x1E, 0x00, 0x7C, 0x00, 0xF0, 0x03, 0xFC, 0x0F, 0xF0, 0x7F,
    0xC1, 0xEF, 0x1F, 0x80, 0xFC, 0x0F, 0xE0, 0x1F, 0x00, 0x78, 0x00, 0x80, 0x00, 0x18, 0x06, 0x01,
    0xF0, 0x7E, 0x19, 0x8F, 0xE3, 0xF0, 0x00, 0x00, 0x00, 0x00, 0x30, 0x3E, 0x0F, 0x81, 0xE0, 0x7C,
    0x0F, 0x03, 0xC0, 0xF0, 0x7C, 0x1E, 0x1F, 0x8F, 0xCF, 0xE1, 0xF0, 0x78, 0x08, 0x00, 0x10, 0x00,
    0x60, 0x01, 0xF0, 0x07, 0xE0, 0x19, 0x80, 0xFE, 0x03, 0xF0, 0x00, 0x00, 0x00, 0x00, 0x00, 0x00,
    0x30, 0x03, 0xE0, 0x0F, 0x80, 0x1E, 0x00, 0x7C, 0x00, 0xF0, 0x03, 0xFC, 0x0F, 0xF0, 0x7F, 0xC1,
    0xEF, 0x1F, 0x80, 0xFC, 0x0F, 0xE0, 0x1F, 0x00, 0x78, 0x00, 0x80, 0x00, 0x00, 0x00, 0x08, 0x00,
    0x00, 0x70, 0x00, 0x03, 0xF0, 0x00, 0x0F, 0xF0, 0x00, 0x7F, 0x80, 0x01, 0xFC, 0x00, 0x03, 0xE0,
    0x00, 0x07, 0xC0, 0x40, 0x0F, 0xC1, 0xF0, 0x0F, 0x83, 0xC0, 0x0F, 0x87, 0x80, 0x0F, 0x8F, 0x00,
    0x1F, 0x1E, 0x00, 0x1F, 0x3E, 0x00, 0x3E, 0x7F, 0xFF, 0xF8, 0x7F, 0xFF, 0xF0, 0x7F, 0xFF, 0xC0,
    0x7F, 0xFF, 0x00, 0x03, 0x00, 0x00, 0x00, 0x00, 0x08, 0x00, 0x00, 0x0E, 0x00, 0x00, 0x0F, 0xC0,
    0x00, 0x0F, 0xF0, 0x00, 0x07, 0xF8, 0x00, 0x03, 0xF8, 0x00, 0x01, 0xF8, 0x00, 0x00, 0x7C, 0x00,
    0x40, 0x0F, 0x80, 0x3E, 0x03, 0xF0, 0x0F, 0x00, 0x7E, 0x03, 0xC0, 0x0F, 0x80, 0xF0, 0x01, 0xF0,
    0x3C, 0x00, 0x3C, 0x0F, 0x80, 0x0F, 0x83, 0xFF, 0xFF, 0xFE, 0x7F, 0xFF, 0xFF, 0xCF, 0xFF, 0xFF,
    0xF1, 0xFF, 0xF8, 0xF8, 0x01, 0x80, 0x00, 0x00, 0x40, 0x0E, 0x03, 0xE0, 0xFF, 0x3F, 0xE7, 0xF0,
    0x7C, 0x07, 0xC0, 0x7E, 0x03, 0xF0, 0x1F, 0x00, 0xF8, 0x07, 0x80, 0x7C, 0x07, 0xCF, 0xFC, 0xFF,
    0x8F, 0xF0, 0xFE, 0x00, 0x00, 0x40, 0x01, 0xC0, 0x0F, 0x80, 0x7F, 0x83, 0xFE, 0x0F, 0xF0, 0x1F,
    0x80, 0x3C, 0x00, 0x7C, 0x00, 0x7C, 0x00, 0x7C, 0x00, 0x7C, 0x00, 0xF8, 0x00, 0xF8, 0x01, 0xF8,
    0x7F, 0xFE, 0xFF, 0xFF, 0xFF, 0xFF, 0xF1, 0xF0, 0x00, 0x00, 0x20, 0x00, 0x01, 0xE0, 0x00, 0x0F,
    0xC0, 0x00, 0x7F, 0x00, 0x03, 0xF8, 0x80, 0x03, 0xC7, 0x00, 0x03, 0x3F, 0x00, 0x00, 0xFF, 0x00,
    0x07, 0xF8, 0x00, 0x1F, 0xC0, 0x00, 0x3E, 0x00, 0x00, 0x7C, 0x04, 0x00, 0xFC, 0x1F, 0x00, 0xF8,
    0x3C, 0x00, 0xF8, 0x78, 0x00, 0xF8, 0xF0, 0x01, 0xF1, 0xE0, 0x01, 0xF3, 0xE0, 0x03, 0xE7, 0xFF,
    0xFF, 0x87, 0xFF, 0xFF, 0x07, 0xFF, 0xFC, 0x07, 0xFF, 0xF0, 0x00, 0x30, 0x00, 0x00, 0x00, 0x20,
    0x00, 0x00, 0x3C, 0x00, 0x00, 0x3F, 0x00, 0x00, 0x3F, 0x80, 0x00, 0x3F, 0x88, 0x00, 0x07, 0x8E,
    0x00, 0x00, 0x8F, 0xC0, 0x00, 0x0F, 0xF0, 0x00, 0x07, 0xF8, 0x00, 0x03, 0xF8, 0x00, 0x01, 0xF8,
    0x00, 0x00, 0x7C, 0x00, 0x40, 0x0F, 0x80, 0x3E, 0x03, 0xF0, 0x0F, 0x00, 0x7E, 0x03, 0xC0, 0x0F,
    0x80, 0xF0, 0x01, 0xF0, 0x3C, 0x00, 0x3C, 0x0F, 0x80, 0x0F, 0x83, 0xFF, 0xFF, 0xFE, 0x7F, 0xFF,
    0xFF, 0xCF, 0xFF, 0xFF, 0xF1, 0xFF, 0xF8, 0xF8, 0x01, 0x80, 0x00, 0x00, 0x80, 0x1E, 0x03, 0xF0,
    0x7F, 0x0F, 0xE2, 0x3C, 0x38, 0xC7, 0xC0, 0xFF, 0x1F, 0xF1, 0xFC, 0x0F, 0x80, 0x7C, 0x03, 0xF0,
    0x0F, 0xC0, 0x3E, 0x00, 0xF8, 0x03, 0xC0, 0x1F, 0x00, 0xF8, 0xFF, 0xC7, 0xFC, 0x3F, 0xC1, 0xFC,
    0x00, 0x00, 0x80, 0x03, 0xC0, 0x0F, 0xC0, 0x3F, 0x80, 0xFE, 0x20, 0x78, 0x70, 0x31, 0xF0, 0x07,
    0xF8, 0x1F, 0xF0, 0x3F, 0xC0, 0x3F, 0x00, 0x3C, 0x00, 0x3E, 0x00, 0x1F, 0x00, 0x0F, 0x80, 0x07,
    0xC0, 0x07, 0xC0, 0x03, 0xE0, 0x03, 0xF0, 0x7F, 0xFE, 0x7F, 0xFF, 0x7F, 0xFF, 0x7E, 0x3E, 0x00,
    0x06, 0x00, 0x3E, 0x00, 0x1E, 0x40, 0x1F, 0x70, 0x1F, 0xF8, 0x0F, 0xF0, 0x0F, 0xF0, 0x0F, 0xF0,
    0x0F, 0xF0, 0x0F, 0xF8, 0x1F, 0xFE, 0xFF, 0xFF, 0xFE, 0x7F, 0xFC, 0x3F, 0xF8, 0x07, 0xE0, 0x00,
    0x1E, 0x00, 0x00, 0xF8, 0x10, 0x07, 0xC0, 0xE0, 0x1E, 0x0F, 0x80, 0xF8, 0x78, 0x07, 0xFB, 0xC0,
    0x3F, 0xFE, 0x01, 0xFF, 0xF0, 0x0F, 0xF7, 0xC0, 0xF8, 0x3F, 0x9F, 0x81, 0xFF, 0xFC, 0x07, 0xFF,
    0xC0, 0x1F, 0xFC, 0x00, 0x1F, 0x00, 0x00, 0x08, 0x03, 0x80, 0xF8, 0x3F, 0x83, 0xF8, 0xFF, 0x9F,
    0xF7, 0x9F, 0xF1, 0xFE, 0x3F, 0xC7, 0xFF, 0xFF, 0xFC, 0xFF, 0x0F, 0xC0, 0x01, 0x80, 0x03, 0xF8,
    0x03, 0xFF, 0x00, 0xFF, 0xC0, 0x7F, 0xF8, 0x3E, 0x1E, 0x0F, 0x87, 0xC3, 0xE1, 0xFE, 0x78, 0x3F,
    0xDE, 0x07, 0xF6, 0x00, 0xFC, 0x0C, 0xF8, 0xF1, 0xE3, 0xE3, 0xC7, 0x8F, 0x3F, 0xFF, 0xF7, 0xCF,
    0x01, 0x07, 0x1C, 0x3C, 0x30, 0x1C, 0x00, 0x78, 0x03, 0xF0, 0xFF, 0xE3, 0xFF, 0xCF, 0xFF, 0xBF,
    0xC7, 0x78, 0x0F, 0xE0, 0x1F, 0xC0, 0x1F, 0x80, 0x3F, 0x00, 0x3E, 0x00, 0x20, 0x00, 0x01, 0x00,
    0x00, 0xE0, 0x00, 0x3E, 0x00, 0x1F, 0xC0, 0x03, 0xF8, 0x01, 0xFF, 0x80, 0x73, 0xF0, 0x3C, 0xFE,
    0x0F, 0x3F, 0xC1, 0xCE, 0xF0, 0x7F, 0x9D, 0xFF, 0xCF, 0x7F, 0xFF, 0xDF, 0xFF, 0xFF, 0xF3, 0xF8,
    0x00, 0x3C, 0x00, 0x0F, 0xE0, 0x01, 0xFE, 0x00, 0x1F, 0xF0, 0x03, 0xCF, 0x00, 0x3C, 0xF0, 0x07,
    0xCF, 0x00, 0x79, 0xE0, 0x07, 0xBE, 0x07, 0xFF, 0xFF, 0x7F, 0xFF, 0xF7, 0xFF, 0xFF, 0xFF, 0x87,
    0xF0, 0x78, 0x78, 0x07, 0xC7, 0x80, 0x3F, 0xF8, 0x01, 0xFF, 0x00, 0x0F, 0xE0, 0x00, 0x10, 0x00,
    0x08, 0x00, 0x38, 0x00, 0x7C, 0x01, 0xFC, 0x01, 0xFC, 0x07, 0xFE, 0x0E, 0x7E, 0x3C, 0xFE, 0x79,
    0xFC, 0xF3, 0xBC, 0xFF, 0x3F, 0xFC, 0xFF, 0xFF, 0xFF, 0xFF, 0xFE, 0x7F, 0x00, 0x01, 0xC0, 0x03,
    0xF8, 0x03, 0xFC, 0x03, 0xFE, 0x01, 0xE7, 0x81, 0xF3, 0xC0, 0xF1, 0xC0, 0x79, 0xE0, 0x3D, 0xE0,
    0x7F, 0xFF, 0xBF, 0xFF, 0xFF, 0xFF, 0xFF, 0xC7, 0xF1, 0xE1, 0xE0, 0xF8, 0xF0, 0x3F, 0xF8, 0x1F,
    0xF8, 0x03, 0xF8, 0x00, 0x70, 0x00, 0x01, 0x80, 0x00, 0x1F, 0x00, 0x01, 0xFC, 0x00, 0x1F, 0xE0,
    0x01, 0xF7, 0x80, 0x1F, 0x3C, 0x01, 0xF0, 0xE0, 0x1F, 0x06, 0x00, 0xF0, 0x00, 0x07, 0x80, 0x00,
    0x3F, 0xF3, 0xFF, 0xFF, 0xFF, 0xF7, 0xFF, 0xFF, 0x8F, 0xFF, 0xFC, 0x02, 0xE0, 0x00, 0x01, 0xFF,
    0x0F, 0xFF, 0x3F, 0xFF, 0x7F, 0xFF, 0xFF, 0x00, 0xF8, 0x00, 0xF8, 0x00, 0xFF, 0xFE, 0x7F, 0xFE,
    0x7F, 0xFE, 0x1F, 0xFE, 0x00, 0x00, 0x1C, 0x00, 0x01, 0xE0, 0x00, 0x0C, 0x00, 0x00, 0x64, 0x00,
    0x01, 0xE0, 0x00, 0x1E, 0x00, 0x00, 0x06, 0x00, 0x00, 0x7C, 0x00, 0x07, 0xF0, 0x00, 0x7F, 0x80,
    0x07, 0xDE, 0x00, 0x7C, 0xF0, 0x07, 0xC3, 0x80, 0x7C, 0x18, 0x03, 0xC0, 0x00, 0x1E, 0x00, 0x00,
    0xFF, 0xCF, 0xFF, 0xFF, 0xFF, 0xDF, 0xFF, 0xFE, 0x3F, 0xFF, 0xF0, 0x0B, 0x80, 0x00, 0x38, 0x00,
    0x78, 0x00, 0x60, 0x00, 0x34, 0x00, 0x3E, 0x00, 0x7C, 0x00, 0x00, 0x00, 0x00, 0x00, 0x01, 0xFF,
    0x0F, 0xFF, 0x3F, 0xFF, 0x7F, 0xFF, 0xFF, 0x00, 0xF8, 0x00, 0xF8, 0x00, 0xFF, 0xFE, 0x7F, 0xFE,
    0x7F, 0xFE, 0x1F, 0xFE, 0x00, 0x00, 0x00, 0x01, 0x00, 0x00, 0xFF, 0x00, 0x1F, 0xE0, 0x03, 0xFE,
    0x00, 0x7E, 0xC0, 0x07, 0x80, 0x40, 0x78, 0x07, 0x0F, 0xC0, 0xF8, 0x7F, 0x0F, 0x07, 0xF8, 0xF0,
    0x1F, 0xCF, 0x00, 0x7C, 0xF0, 0x03, 0xCF, 0x80, 0x7C, 0xFF, 0x7F, 0x8F, 0xFF, 0xF8, 0x7F, 0xFE,
    0x03, 0xFF, 0xC0, 0x07, 0xE0, 0x00, 0x40, 0x00, 0x03, 0x80, 0x40, 0x3E, 0x03, 0xC1, 0xE0, 0x3F,
    0xFF, 0x01, 0xFF, 0xF8, 0x03, 0xFF, 0xC0, 0x0F, 0xFF, 0x00, 0xF8, 0xFF, 0x3F, 0xC7, 0xFF, 0xFC,
    0x1F, 0xFF, 0xC0, 0x3F, 0xFC, 0x00, 0x7F, 0x00, 0x00, 0x06, 0x0F, 0x07, 0x83, 0xE0, 0xF0, 0x78,
    0x3C, 0x1E, 0x1F, 0x7F, 0xBF, 0x9F, 0x8F, 0x80, 0x00, 0x00, 0xE6, 0x77, 0xBB, 0xDC, 0xC0, 0x0F,
    0x00, 0x78, 0x07, 0xC0, 0x3E, 0x03, 0xF8, 0x7F, 0xFF, 0xFF, 0xFF, 0x7F, 0xF1, 0xF8, 0x00, 0x00,
    0x00, 0x66, 0x07, 0xB8, 0x3D, 0xC0, 0xCC, 0x00, 0x07, 0x81, 0xF8, 0x3F, 0x83, 0xF8, 0x7C, 0x07,
    0xC0, 0x3C, 0x43, 0xFE, 0x1F, 0xEF, 0xFF, 0x7F, 0xC7, 0xF0, 0x78, 0x00, 0x7D, 0x7F, 0xD1, 0xC0,
    0x00, 0x01, 0xF0, 0x78, 0x3C, 0x1E, 0x0F, 0x07, 0x83, 0xC1, 0xE0, 0xF0, 0x78, 0x3C, 0x1E, 0x0F,
    0x07, 0x83, 0xC1, 0xE0, 0xF0, 0x7D, 0x0F, 0xF8, 0x47, 0x00, 0x00, 0x00, 0x03, 0xE0, 0x1E, 0x01,
    0xE0, 0x1E, 0x01, 0xE0, 0x1E, 0x01, 0xE0, 0x1E, 0x01, 0xE0, 0x1E, 0x01, 0xE0, 0x1E, 0x01, 0xE0,
    0x1E, 0x01, 0xF0, 0x1F, 0xE1, 0xFF, 0x0F, 0xF0, 0x7E, 0x39, 0xE6, 0x19, 0xBD, 0xE0, 0x00, 0x7C,
    0xF3, 0xCF, 0x3C, 0xF3, 0xCF, 0x3C, 0xF3, 0xCF, 0x3C, 0xF3, 0xCF, 0x3C, 0x38, 0x0F, 0x01, 0x80,
    0x32, 0x0B, 0xC0, 0xF0, 0x00, 0x00, 0x00, 0x7C, 0x07, 0x80, 0xF0, 0x1E, 0x03, 0xC0, 0x78, 0x0F,
    0x01, 0xE0, 0x3C, 0x07, 0x80, 0xF0, 0x1E, 0x03, 0xC0, 0x78, 0x0F, 0x81, 0xFE, 0x3F, 0xE3, 0xFC,
    0x3F, 0x00, 0x0E, 0x01, 0xE0, 0x18, 0x01, 0xD0, 0x0F, 0x81, 0xF0, 0x00, 0x00, 0x70, 0x1F, 0xC3,
    0xFE, 0x3F, 0xE3, 0xDE, 0x78, 0xF7, 0x8F, 0x7F, 0xF3, 0xFF, 0x3F, 0xF0, 0x1E, 0x03, 0xE1, 0xFC,
    0xFF, 0x87, 0xF0, 0x7E, 0x06, 0x00, 0x0F, 0x00, 0x1C, 0x00, 0x60, 0x00, 0x64, 0x00, 0xF8, 0x03,
    0xE0, 0x00, 0x00, 0x00, 0x00, 0x07, 0x00, 0x3F, 0x80, 0x7F, 0x81, 0xFF, 0x03, 0xDE, 0x0F, 0x1E,
    0x1E, 0x3C, 0x3F, 0xFF, 0x3F, 0xFE, 0x7F, 0xFC, 0x3F, 0xF8, 0x1F, 0x00, 0xFC, 0x1F, 0xF8, 0x1F,
    0xC0, 0x3F, 0x00, 0x60, 0x00, 0xF9, 0xE7, 0x9E, 0x79, 0xE7, 0x9E, 0x79, 0xE7, 0x9E, 0x79, 0xE7,
    0x9E, 0x79, 0xE7, 0x80, 0x39, 0xE6, 0x19, 0x3D, 0xE0, 0xF8, 0x1E, 0x07, 0x81, 0xE0, 0x78, 0x1E,
    0x07, 0x81, 0xE0, 0x78, 0x1E, 0x07, 0x81, 0xE0, 0x78, 0x1E, 0x07, 0xC1, 0xFE, 0x7F, 0xCF, 0xF1,
    0xF8, 0x00, 0x3C, 0x0E, 0x06, 0x00, 0xC8, 0x3E, 0x1F, 0x00, 0x1C, 0x01, 0x03, 0xC0, 0xFF, 0x30,
    0x1F, 0xE3, 0x23, 0xFE, 0x1E, 0x7E, 0xC3, 0xC7, 0x80, 0x40, 0x78, 0x07, 0x0F, 0xC0, 0xF8, 0x7F,
    0x0F, 0x07, 0xF8, 0xF0, 0x1F, 0xCF, 0x00, 0x7C, 0xF0, 0x03, 0xCF, 0x80, 0x7C, 0xFF, 0x7F, 0x8F,
    0xFF, 0xF8, 0x7F, 0xFE, 0x03, 0xFF, 0xC0, 0x07, 0xE0, 0x00, 0x1C, 0x00, 0x01, 0xE0, 0x00, 0x0C,
    0x00, 0x00, 0x64, 0x00, 0x01, 0xE0, 0x00, 0x1E, 0x00, 0x01, 0x00, 0x00, 0x0E, 0x01, 0x00, 0xF8,
    0x0F, 0x07, 0x80, 0xFF, 0xFC, 0x07, 0xFF, 0xE0, 0x0F, 0xFF, 0x00, 0x3F, 0xFC, 0x03, 0xE3, 0xFC,
    0xFF, 0x1F, 0xFF, 0xF0, 0x7F, 0xFF, 0x00, 0xFF, 0xF0, 0x01, 0xFC, 0x00, 0x71, 0xE3, 0x07, 0x47,
    0x9E, 0x80, 0x00, 0x0C, 0xF8, 0xF1, 0xE3, 0xE3, 0xC7, 0x8F, 0x3F, 0xFF, 0xF7, 0xCF, 0x00, 0x1C,
    0x03, 0xC0, 0x30, 0x03, 0x20, 0x1E, 0x03, 0xC0, 0x00, 0x00, 0x00, 0x00, 0x01, 0xE0, 0x1E, 0x01,
    0xE0, 0x1E, 0x03, 0xF0, 0xFF, 0xEF, 0xFF, 0xFF, 0xFE, 0x3E, 0xFB, 0xDE, 0xF7, 0xBD, 0xEF, 0x7B,
    0xDE, 0xF7, 0xBD, 0xEF, 0x7B, 0xDE, 0xF8, 0x1E, 0x07, 0x81, 0xE0, 0x78, 0x1E, 0x07, 0x81, 0xE0,
    0x78, 0x1E, 0x07, 0x81, 0xE0, 0x78, 0x1E, 0x07, 0xC1, 0xFE, 0x7F, 0xCF, 0xF1, 0xF8, 0x00, 0x00,
    0x06, 0x40, 0x00, 0x3E, 0x78, 0x00, 0x1E, 0x78, 0x00, 0x1E, 0x78, 0x00, 0x1F, 0xF8, 0x00, 0x1F,
    0xF8, 0x00, 0x1F, 0x7C, 0x00, 0x3F, 0x7F, 0xFF, 0xFE, 0x7F, 0xFF, 0xFE, 0x3F, 0xFF, 0xF8, 0x0F,
    0xFF, 0xE0, 0x00, 0x28, 0x00, 0x00, 0x00, 0x00, 0x00, 0x00, 0x00, 0x00, 0x18, 0x00, 0x00, 0x3C,
    0x00, 0x00, 0x3C, 0x00, 0x00, 0x38, 0x00, 0x40, 0x00, 0x00, 0x01, 0xE0, 0x00, 0x00, 0x07, 0x80,
    0x00, 0x20, 0x1E, 0x00, 0x01, 0xF0, 0xF8, 0x00, 0x0F, 0x83, 0xE0, 0x00, 0x7E, 0x07, 0xC0, 0x07,
    0xFC, 0x1F, 0xFF, 0xFF, 0xFE, 0x7F, 0xFF, 0xFF, 0xFC, 0xFF, 0xFF, 0xE7, 0xF0, 0xFF, 0xFC, 0x0F,
    0x80, 0x08, 0x00, 0x00, 0x00, 0x00, 0x00, 0x00, 0x00, 0x00, 0x00, 0x00, 0x01, 0xC0, 0x00, 0x00,
    0x07, 0x00, 0x00, 0x00, 0x3C, 0x00, 0x00, 0x00, 0x70, 0x00, 0x00, 0x0C, 0xF8, 0xF1, 0xE3, 0xE3,
    0xC7, 0x8F, 0x3F, 0xFF, 0xF7, 0xCF, 0x00, 0x00, 0x18, 0x78, 0xF1, 0xC0, 0x1E, 0x01, 0xE0, 0x1E,
    0x01, 0xE0, 0x3F, 0x0F, 0xFE, 0xFF, 0xFF, 0xFF, 0xE3, 0xE0, 0x00, 0x00, 0x01, 0x80, 0x3C, 0x03,
    0xC0, 0x1C, 0x00, 0x73, 0x8F, 0xF1, 0xCE, 0x10, 0x80, 0x00, 0x10, 0x07, 0x01, 0xF0, 0x7F, 0x07,
    0xF1, 0xFF, 0x3F, 0xEF, 0x3F, 0xE3, 0xFC, 0x7F, 0x8F, 0xFF, 0xFF, 0xF9, 0xFE, 0x1F, 0x80, 0x1C,
    0xE0, 0x1F, 0xE0, 0x1D, 0xE0, 0x08, 0x40, 0x00, 0x00, 0x00, 0x00, 0x01, 0xE0, 0x01, 0xE0, 0x03,
    0xE0, 0x1F, 0xE0, 0x3F, 0xE0, 0x7F, 0xE0, 0xFD, 0xF0, 0xF9, 0xF0, 0xF1, 0xF0, 0xF1, 0xF0, 0xFF,
    0xF0, 0xFF, 0xF0, 0x7F, 0xFF, 0x1F, 0xFF, 0x00, 0x7F, 0x00, 0x3F, 0x00, 0xE7, 0x00, 0x00, 0xFF,
    0x00, 0x00, 0xEF, 0x00, 0x00, 0x42, 0x06, 0x40, 0x00, 0x3E, 0x78, 0x00, 0x1E, 0x78, 0x00, 0x1E,
    0x78, 0x00, 0x1F, 0xF8, 0x00, 0x1F, 0xF8, 0x00, 0x1F, 0x7C, 0x00, 0x3F, 0x7F, 0xFF, 0xFE, 0x7F,
    0xFF, 0xFE, 0x3F, 0xFF, 0xF8, 0x0F, 0xFF, 0xE0, 0x00, 0x28, 0x00, 0x00, 0x73, 0x00, 0x00, 0x01,
    0xDE, 0x00, 0x00, 0x07, 0x78, 0x00, 0x00, 0x08, 0x40, 0x00, 0x40, 0x00, 0x00, 0x01, 0xE0, 0x00,
    0x00, 0x07, 0x80, 0x00, 0x20, 0x1E, 0x00, 0x01, 0xF0, 0xF8, 0x00, 0x0F, 0x83, 0xE0, 0x00, 0x7E,
    0x07, 0xC0, 0x07, 0xFC, 0x1F, 0xFF, 0xFF, 0xFE, 0x7F, 0xFF, 0xFF, 0xFC, 0xFF, 0xFF, 0xE7, 0xF0,
    0xFF, 0xFC, 0x0F, 0x80, 0x08, 0x00, 0x00, 0x77, 0x7B, 0xDD, 0xC4, 0x40, 0x00, 0x00, 0x18, 0x7C,
    0x1E, 0x0F, 0x07, 0xC1, 0xE0, 0xF0, 0x78, 0x7C, 0xFE, 0x7E, 0x3E, 0x1E, 0x00, 0x39, 0xC1, 0xFE,
    0x0E, 0xF0, 0x21, 0x00, 0x00, 0x00, 0x00, 0x00, 0x01, 0xE0, 0x0F, 0x00, 0xF8, 0x07, 0xC0, 0x7F,
    0x0F, 0xFF, 0xFF, 0xFF, 0xEF, 0xFE, 0x3F, 0x00, 0x18, 0x00, 0x00, 0x3C, 0x00, 0x00, 0x3C, 0x00,
    0x00, 0x18, 0x00, 0x00, 0xE7, 0x00, 0x00, 0xFF, 0x00, 0x00, 0xEF, 0x00, 0x00, 0x42, 0x06, 0x40,
    0x00, 0x3E, 0x78, 0x00, 0x1E, 0x78, 0x00, 0x1E, 0x78, 0x00, 0x1F, 0xF8, 0x00, 0x1F, 0xF8, 0x00,
    0x1F, 0x7C, 0x00, 0x3F, 0x7F, 0xFF, 0xFE, 0x7F, 0xFF, 0xFE, 0x3F, 0xFF, 0xF8, 0x0F, 0xFF, 0xE0,
    0x00, 0x28, 0x00, 0x00, 0x1C, 0x00, 0x00, 0x00, 0x78, 0x00, 0x00, 0x01, 0xE0, 0x00, 0x00, 0x03,
    0x00, 0x00, 0x00, 0x73, 0x00, 0x00, 0x01, 0xDE, 0x00, 0x00, 0x07, 0x78, 0x00, 0x00, 0x08, 0x80,
    0x00, 0x40, 0x00, 0x00, 0x01, 0xE0, 0x00, 0x00, 0x07, 0x80, 0x00, 0x20, 0x1E, 0x00, 0x01, 0xF0,
    0xF8, 0x00, 0x0F, 0x83, 0xE0, 0x00, 0x7E, 0x07, 0xC0, 0x07, 0xFC, 0x1F, 0xFF, 0xFF, 0xFE, 0x7F,
    0xFF, 0xFF, 0xFC, 0xFF, 0xFF, 0xE7, 0xF0, 0xFF, 0xFC, 0x0F, 0x80, 0x08, 0x00, 0x00, 0x1C, 0x0E,
    0x07, 0x01, 0x07, 0x77, 0xBD, 0xDC, 0x44, 0x00, 0x00, 0x01, 0x87, 0xC1, 0xE0, 0xF0, 0x7C, 0x1E,
    0x0F, 0x07, 0x87, 0xCF, 0xE7, 0xE3, 0xE1, 0xE0, 0x06, 0x00, 0x78, 0x03, 0xC0, 0x0C, 0x03, 0x9C,
    0x1F, 0xE0, 0xEF, 0x02, 0x10, 0x00, 0x00, 0x00, 0x00, 0x00, 0x1E, 0x00, 0xF0, 0x0F, 0x80, 0x7C,
    0x07, 0xF0, 0xFF, 0xFF, 0xFF, 0xFE, 0xFF, 0xE3, 0xF0, 0x7C, 0x00, 0xFF, 0x80, 0xFF, 0xF0, 0xFF,
    0xFE, 0x7F, 0xFE, 0x00, 0x7E, 0x01, 0xFE, 0x07, 0xFE, 0x1F, 0xE0, 0x3F, 0x80, 0x7E, 0x00, 0x7C,
    0x00, 0xF8, 0x00, 0xF0, 0xE0, 0xF1, 0xE0, 0xF1, 0xE0, 0xF0, 0xE0, 0xF8, 0x00, 0xFC, 0x02, 0xFF,
    0xFE, 0x7F, 0xFE, 0x3F, 0xFF, 0x1F, 0xFE, 0x03, 0xF0, 0x7C, 0x00, 0x1F, 0xF0, 0x03, 0xFF, 0xC0,
    0x7F, 0xFF, 0x07, 0xFF, 0xE0, 0x00, 0xFC, 0x00, 0x7F, 0x80, 0x3F, 0xF0, 0x1F, 0xFC, 0x07, 0xF7,
    0xC1, 0xF8, 0xFF, 0xBE, 0x0F, 0xFF, 0x80, 0xFF, 0xE1, 0xCF, 0xFC, 0x78, 0x07, 0x8F, 0x00, 0xF0,
    0xE0, 0x1F, 0x00, 0x03, 0xF0, 0x08, 0x7F, 0xFF, 0x07, 0xFF, 0xE0, 0x7F, 0xFE, 0x07, 0xFF, 0x80,
    0x1F, 0x80, 0x7F, 0x00, 0x3F, 0xE0, 0x3F, 0xF8, 0x3F, 0xFE, 0x21, 0xFF, 0x00, 0x3F, 0x00, 0xFF,
    0x07, 0xF8, 0xFF, 0xF0, 0xFF, 0xC0, 0xFF, 0x80, 0xFC, 0x00, 0x00, 0x00, 0x00, 0x00, 0x01, 0x80,
    0x03, 0xC0, 0x03, 0xC0, 0x03, 0x80, 0x7F, 0x00, 0x03, 0xFE, 0x00, 0x3F, 0xF8, 0x03, 0xFF, 0xE0,
    0x21, 0xFF, 0x00, 0x03, 0xF0, 0x00, 0xFF, 0x00, 0x7F, 0xE0, 0xFF, 0xFF, 0xEF, 0xFC, 0xFF, 0xFF,
    0x8F, 0xFF, 0xC0, 0x3E, 0x00, 0x00, 0x00, 0x00, 0x00, 0x03, 0x80, 0x00, 0x38, 0x00, 0x07, 0x80,
    0x00, 0x38, 0x00, 0x7C, 0x00, 0xFF, 0x80, 0xFF, 0xF0, 0xFF, 0xFE, 0x7F, 0xFE, 0x00, 0x7E, 0x01,
    0xFE, 0x07, 0xFE, 0x1F, 0xE0, 0x3F, 0x80, 0x7E, 0x00, 0x7C, 0x00, 0xF8, 0x00, 0xF0, 0x00, 0xF0,
    0x00, 0xF0, 0x00, 0xF0, 0x00, 0xF8, 0x00, 0xFC, 0x02, 0xFF, 0xFE, 0x7F, 0xFE, 0x3F, 0xFF, 0x1F,
    0xFE, 0x03, 0xF0, 0x7C, 0x00, 0x1F, 0xF0, 0x03, 0xFF, 0xC0, 0x7F, 0xFF, 0x07, 0xFF, 0xE0, 0x00,
    0xFC, 0x00, 0x7F, 0x80, 0x3F, 0xF0, 0x1F, 0xFC, 0x07, 0xF7, 0xC1, 0xF8, 0xFF, 0xBE, 0x0F, 0xFF,
    0x80, 0xFF, 0xE0, 0x0F, 0xFC, 0x00, 0x07, 0x80, 0x00, 0xF0, 0x00, 0x1F, 0x00, 0x03, 0xF0, 0x08,
    0x7F, 0xFF, 0x07, 0xFF, 0xE0, 0x7F, 0xFE, 0x07, 0xFF, 0x80, 0x1F, 0x80, 0x7F, 0x00, 0x3F, 0xE0,
    0x3F, 0xF8, 0x3F, 0xFE, 0x21, 0xFF, 0x00, 0x3F, 0x00, 0xFF, 0x07, 0xF8, 0xFF, 0xF0, 0xFF, 0xC0,
    0xFF, 0x80, 0xFC, 0x00, 0x7F, 0x00, 0x03, 0xFE, 0x00, 0x3F, 0xF8, 0x03, 0xFF, 0xE0, 0x21, 0xFF,
    0x00, 0x03, 0xF0, 0x00, 0xFF, 0x00, 0x7F, 0xE0, 0xFF, 0xFF, 0xEF, 0xFC, 0xFF, 0xFF, 0x8F, 0xFF,
    0xC0, 0x3E, 0x01, 0x00, 0x03, 0x80, 0x07, 0x80, 0x03, 0x80, 0x01, 0x00, 0x00, 0x00, 0x00, 0x00,
    0x7C, 0x00, 0xFF, 0x80, 0xFF, 0xF0, 0xFF, 0xFE, 0x7F, 0xFE, 0x00, 0x7E, 0x01, 0xFE, 0x07, 0xFE,
    0x1F, 0xE0, 0x3F, 0x80, 0x7E, 0x00, 0x7C, 0x00, 0xF8, 0x00, 0xF0, 0x00, 0xF0, 0x00, 0xF0, 0x00,
    0xF0, 0x00, 0xF8, 0x00, 0xFC, 0x02, 0xFF, 0xFE, 0x7F, 0xFE, 0x3F, 0xFF, 0x1F, 0xFE, 0x03, 0xF0,
    0x01, 0x00, 0x00, 0x70, 0x00, 0x1E, 0x00, 0x01, 0xC0, 0x00, 0x10, 0x00, 0x00, 0x00, 0x00, 0x00,
    0x03, 0xE0, 0x00, 0xFF, 0x80, 0x1F, 0xFE, 0x03, 0xFF, 0xF8, 0x3F, 0xFF, 0x00, 0x07, 0xE0, 0x03,
    0xFC, 0x01, 0xFF, 0x80, 0xFF, 0xE0, 0x3F, 0xBE, 0x0F, 0xC7, 0xFD, 0xF0, 0x7F, 0xFC, 0x07, 0xFF,
    0x00, 0x7F, 0xE0, 0x00, 0x3C, 0x00, 0x07, 0x80, 0x00, 0xF8, 0x00, 0x1F, 0x80, 0x43, 0xFF, 0xF8,
    0x3F, 0xFF, 0x03, 0xFF, 0xF0, 0x3F, 0xFC, 0x00, 0xFC, 0x00, 0x08, 0x00, 0x1C, 0x00, 0x1E, 0x00,
    0x1E, 0x00, 0x08, 0x00, 0x00, 0x00, 0x00, 0x00, 0x7F, 0x00, 0x3F, 0xE0, 0x3F, 0xF8, 0x3F, 0xFE,
    0x21, 0xFF, 0x00, 0x3F, 0x00, 0xFF, 0x07, 0xF8, 0xFF, 0xF0, 0xFF, 0xC0, 0xFF, 0x80, 0xFC, 0x00,
    0x08, 0x00, 0x01, 0xC0, 0x00, 0x1E, 0x00, 0x01, 0xC0, 0x00, 0x08, 0x00, 0x00, 0x00, 0x00, 0x00,
    0x00, 0x07, 0xF0, 0x00, 0x3F, 0xE0, 0x03, 0xFF, 0x80, 0x3F, 0xFE, 0x02, 0x1F, 0xF0, 0x00, 0x3F,
    0x00, 0x0F, 0xF0, 0x07, 0xFE, 0x0F, 0xFF, 0xFE, 0xFF, 0xCF, 0xFF, 0xF8, 0xFF, 0xFC, 0x03, 0xE0,
    0x03, 0x00, 0xE0, 0x7E, 0x07, 0xC0, 0x7C, 0x0F, 0x80, 0xF8, 0x1F, 0x03, 0xEC, 0xFD, 0xFF, 0xFF,
    0xEF, 0xFC, 0xFE, 0x00, 0x03, 0x00, 0x07, 0x00, 0x1F, 0x80, 0x0F, 0x80, 0x07, 0xC0, 0x07, 0xC0,
    0x03, 0xE0, 0x03, 0xE0, 0x03, 0xE0, 0x67, 0xF0, 0x7F, 0xFE, 0xFF, 0xFF, 0xFF, 0xFF, 0x7F, 0x1E,
    0x08, 0x03, 0x80, 0xF0, 0x0E, 0x00, 0x80, 0x00, 0x00, 0xC0, 0x38, 0x1F, 0x81, 0xF0, 0x1F, 0x03,
    0xE0, 0x3E, 0x07, 0xC0, 0xFB, 0x3F, 0x7F, 0xFF, 0xFB, 0xFF, 0x3F, 0x80, 0x08, 0x00, 0x1C, 0x00,
    0x3C, 0x00, 0x1C, 0x00, 0x08, 0x00, 0x00, 0x00, 0x03, 0x00, 0x07, 0x00, 0x1F, 0x80, 0x0F, 0x80,
    0x07, 0xC0, 0x07, 0xC0, 0x03, 0xE0, 0x03, 0xE0, 0x03, 0xE0, 0x67, 0xF0, 0x7F, 0xFE, 0xFF, 0xFF,
    0xFF, 0xFF, 0x7F, 0x1E, 0x03, 0x03, 0xE0, 0xF8, 0x1E, 0x07, 0xC0, 0xF0, 0x3C, 0x0F, 0x07, 0xC1,
    0xE1, 0xF8, 0xFC, 0xFE, 0x1F, 0x07, 0x80, 0x80, 0x03, 0x00, 0x3E, 0x00, 0xF8, 0x01, 0xE0, 0x07,
    0xC0, 0x0F, 0x00, 0x3F, 0xC0, 0xFF, 0x07, 0xFC, 0x1E, 0xF1, 0xF8, 0x0F, 0xC0, 0xFE, 0x01, 0xF0,
    0x07, 0x80, 0x08, 0x00, 0x04, 0x03, 0x81, 0xF0, 0x38, 0x04, 0x00, 0x00, 0x00, 0x0C, 0x0F, 0x83,
    0xE0, 0x78, 0x1F, 0x03, 0xC0, 0xF0, 0x3C, 0x1F, 0x07, 0x87, 0xE3, 0xF3, 0xF8, 0x7C, 0x1E, 0x02,
    0x00, 0x04, 0x00, 0x38, 0x01, 0xE0, 0x03, 0x80, 0x04, 0x00, 0x00, 0x00, 0x00, 0x00, 0xC0, 0x0F,
    0x80, 0x3E, 0x00, 0x78, 0x01, 0xF0, 0x03, 0xC0, 0x0F, 0xF0, 0x3F, 0xC1, 0xFF, 0x07, 0xBC, 0x7E,
    0x03, 0xF0, 0x3F, 0x80, 0x7C, 0x01, 0xE0, 0x02, 0x00, 0x00, 0x00, 0x00, 0x00, 0x03, 0x00, 0x00,
    0x00, 0x0F, 0x80, 0x00, 0x00, 0x03, 0xC0, 0x00, 0x20, 0x01, 0xE0, 0x01, 0xE0, 0x78, 0xF8, 0x00,
    0xF8, 0x3C, 0x7D, 0x00, 0x7C, 0x3E, 0x1E, 0xE0, 0x1E, 0x1F, 0x0F, 0xF8, 0x0F, 0x8F, 0x8F, 0xF8,
    0x07, 0xFF, 0xFF, 0xFC, 0x03, 0xFF, 0xFF, 0xDE, 0x01, 0xFF, 0xBF, 0xCF, 0x00, 0xFF, 0x8F, 0xC7,
    0xC0, 0xF8, 0x00, 0x03, 0xF9, 0xFC, 0x00, 0x01, 0xFF, 0xFC, 0x00, 0x00, 0x7F, 0xFC, 0x00, 0x00,
    0x1F, 0xFC, 0x00, 0x00, 0x01, 0xF0, 0x00, 0x00, 0x00, 0x00, 0x00, 0x00, 0x0F, 0x80, 0x00, 0x04,
    0x00, 0x1E, 0x00, 0x01, 0xE0, 0x78, 0x78, 0x00, 0x07, 0xC1, 0xE1, 0xE0, 0x40, 0x1F, 0x0F, 0x87,
    0x81, 0xC0, 0x3C, 0x3E, 0x1E, 0x0F, 0x80, 0xF8, 0xF8, 0xFC, 0x3C, 0x03, 0xFF, 0xFF, 0xFF, 0xF0,
    0x0F, 0xFF, 0xFF, 0xFF, 0xC0, 0x3F, 0xF7, 0xF3, 0xFF, 0x00, 0xFF, 0x8F, 0x87, 0xFE, 0x07, 0xC0,
    0x00, 0x00, 0xFE, 0x7F, 0x00, 0x00, 0x03, 0xFF, 0xF8, 0x00, 0x00, 0x07, 0xFF, 0xC0, 0x00, 0x00,
    0x0F, 0xFE, 0x00, 0x00, 0x00, 0x07, 0xC0, 0x00, 0x00, 0x00, 0x00, 0x00, 0x04, 0x00, 0x00, 0x3E,
    0x00, 0x00, 0x1E, 0x00, 0x00, 0x1E, 0x1E, 0x0F, 0x1E, 0x1E, 0x1F, 0x1F, 0x1E, 0x1F, 0x0F, 0x1E,
    0x1E, 0x0F, 0x3E, 0x3F, 0x1F, 0xFF, 0xFF, 0xFE, 0xFF, 0xFF, 0xFE, 0xFF, 0xFB, 0xFC, 0xF3, 0xF1,
    0xF8, 0x00, 0x00, 0x1E, 0x00, 0x00, 0x00, 0xF8, 0x07, 0x83, 0xC3, 0xC0, 0x3C, 0x1E, 0x1E, 0x01,
    0xE1, 0xF0, 0xF0, 0x0F, 0x0F, 0x87, 0x80, 0xF8, 0x7C, 0x7E, 0x1F, 0xFF, 0xFF, 0xFF, 0xFF, 0xFF,
    0xFF, 0xFF, 0xFF, 0xDF, 0xCF, 0xFC, 0xFC, 0x7C, 0x3C, 0x00, 0x00, 0x0C, 0x00, 0x00, 0x00, 0x0F,
    0x00, 0x00, 0x00, 0x07, 0x80, 0x00, 0x00, 0x01, 0x80, 0x00, 0x00, 0x07, 0x38, 0x00, 0x00, 0x03,
    0xFC, 0x00, 0x00, 0x01, 0xCE, 0x00, 0x00, 0x00, 0x42, 0x00, 0x00, 0x00, 0x00, 0x03, 0x00, 0x00,
    0x00, 0x0F, 0x80, 0x00, 0x00, 0x03, 0xC0, 0x00, 0x20, 0x01, 0xE0, 0x01, 0xE0, 0x78, 0xF8, 0x00,
    0xF8, 0x3C, 0x7D, 0x00, 0x7C, 0x3E, 0x1E, 0xE0, 0x1E, 0x1F, 0x0F, 0xF8, 0x0F, 0x8F, 0x8F, 0xF8,
    0x07, 0xFF, 0xFF, 0xFC, 0x03, 0xFF, 0xFF, 0xDE, 0x01, 0xFF, 0xBF, 0xCF, 0x00, 0xFF, 0x8F, 0xC7,
    0xC0, 0xF8, 0x00, 0x03, 0xF9, 0xFC, 0x00, 0x01, 0xFF, 0xFC, 0x00, 0x00, 0x7F, 0xFC, 0x00, 0x00,
    0x1F, 0xFC, 0x00, 0x00, 0x01, 0xF0, 0x00, 0x00, 0x00, 0x00, 0x00, 0x0C, 0x00, 0x00, 0x00, 0x00,
    0x78, 0x00, 0x00, 0x00, 0x01, 0xE0, 0x00, 0x00, 0x00, 0x03, 0x00, 0x00, 0x00, 0x00, 0x73, 0x80,
    0x00, 0x00, 0x01, 0xFE, 0x00, 0x00, 0x00, 0x07, 0x38, 0x00, 0x00, 0x00, 0x08, 0x40, 0x00, 0x00,
    0x00, 0x00, 0x00, 0x00, 0x00, 0x00, 0x00, 0x00, 0x00, 0x00, 0x00, 0x00, 0xF8, 0x00, 0x00, 0x40,
    0x01, 0xE0, 0x00, 0x1E, 0x07, 0x87, 0x80, 0x00, 0x7C, 0x1E, 0x1E, 0x04, 0x01, 0xF0, 0xF8, 0x78,
    0x1C, 0x03, 0xC3, 0xE1, 0xE0, 0xF8, 0x0F, 0x8F, 0x8F, 0xC3, 0xC0, 0x3F, 0xFF, 0xFF, 0xFF, 0x00,
    0xFF, 0xFF, 0xFF, 0xFC, 0x03, 0xFF, 0x7F, 0x3F, 0xF0, 0x0F, 0xF8, 0xF8, 0x7F, 0xE0, 0x7C, 0x00,
    0x00, 0x0F, 0xE7, 0xF0, 0x00, 0x00, 0x3F, 0xFF, 0x80, 0x00, 0x00, 0x7F, 0xFC, 0x00, 0x00, 0x00,
    0xFF, 0xE0, 0x00, 0x00, 0x00, 0x7C, 0x00, 0x00, 0x00, 0x00, 0x00, 0x0E, 0x00, 0x00, 0x0E, 0x00,
    0x00, 0x0E, 0x00, 0x00, 0x04, 0x00, 0x00, 0x3B, 0x80, 0x00, 0x3B, 0xC0, 0x00, 0x3B, 0x80, 0x00,
    0x11, 0x00, 0x00, 0x00, 0x04, 0x00, 0x00, 0x3E, 0x00, 0x00, 0x1E, 0x00, 0x00, 0x1E, 0x1E, 0x0F,
    0x1E, 0x1E, 0x1F, 0x1F, 0x1E, 0x1F, 0x0F, 0x1E, 0x1E, 0x0F, 0x3E, 0x3F, 0x1F, 0xFF, 0xFF, 0xFE,
    0xFF, 0xFF, 0xFE, 0xFF, 0xFB, 0xFC, 0xF3, 0xF1, 0xF8, 0x00, 0x0E, 0x00, 0x00, 0x00, 0xF0, 0x00,
    0x00, 0x03, 0x80, 0x00, 0x00, 0x08, 0x00, 0x00, 0x03, 0xB8, 0x00, 0x00, 0x3D, 0xC0, 0x00, 0x01,
    0xEE, 0x00, 0x00, 0x02, 0x20, 0x00, 0x00, 0x00, 0x00, 0x00, 0x00, 0x00, 0x00, 0x00, 0x00, 0x07,
    0x80, 0x00, 0x00, 0x3E, 0x01, 0xE0, 0xF0, 0xF0, 0x0F, 0x07, 0x87, 0x80, 0x78, 0x7C, 0x3C, 0x03,
    0xC3, 0xE1, 0xE0, 0x3E, 0x1F, 0x1F, 0x87, 0xFF, 0xFF, 0xFF, 0xFF, 0xFF, 0xFF, 0xFF, 0xFF, 0xF7,
    0xF3, 0xFF, 0x3F, 0x1F, 0x0F, 0x00, 0x00, 0x00, 0x00, 0x3E, 0x00, 0x00, 0x00, 0x3F, 0xC0, 0x00,
    0x10, 0x3F, 0xF8, 0x00, 0x78, 0x1F, 0xFF, 0x00, 0x1F, 0x0F, 0xE7, 0xD0, 0x07, 0xC7, 0xE0, 0xF7,
    0x00, 0xF1, 0xF0, 0x3F, 0xE0, 0x3E, 0xF8, 0x3F, 0xF0, 0x0F, 0xFF, 0xFF, 0xBC, 0x03, 0xFF, 0xFF,
    0xEF, 0x00, 0xFF, 0xFF, 0xF3, 0xC0, 0x3F, 0xFF, 0xE0, 0xF8, 0x1F, 0x00, 0x00, 0x3F, 0x9F, 0xC0,
    0x00, 0x0F, 0xFF, 0xE0, 0x00, 0x01, 0xFF, 0xF0, 0x00, 0x00, 0x3F, 0xF8, 0x00, 0x00, 0x01, 0xF0,
    0x00, 0x00, 0x00, 0x00, 0x00, 0x00, 0x3E, 0x00, 0x00, 0x00, 0x03, 0xFC, 0x00, 0x00, 0x10, 0x3F,
    0xF8, 0x00, 0x07, 0x81, 0xFF, 0xF0, 0x00, 0x1F, 0x0F, 0xE7, 0xC1, 0x00, 0x7C, 0x7E, 0x0F, 0x07,
    0x00, 0xF1, 0xF0, 0x3C, 0x3E, 0x03, 0xEF, 0x83, 0xF0, 0xF0, 0x0F, 0xFF, 0xFF, 0xFB, 0xC0, 0x3F,
    0xFF, 0xFF, 0xFF, 0x00, 0xFF, 0xFF, 0xFF, 0xFC, 0x03, 0xFF, 0xFE, 0x3E, 0xF8, 0x1F, 0x00, 0x00,
    0x03, 0xF9, 0xFC, 0x00, 0x00, 0x0F, 0xFF, 0xE0, 0x00, 0x00, 0x1F, 0xFF, 0x00, 0x00, 0x00, 0x3F,
    0xF8, 0x00, 0x00, 0x00, 0x1F, 0x00, 0x00, 0x00, 0x00, 0x00, 0x00, 0xF0, 0x00, 0x03, 0xFC, 0x00,
    0x0F, 0xFE, 0x1C, 0x1F, 0xFE, 0x3E, 0x3F, 0xFF, 0x3E, 0x7E, 0x1F, 0x3C, 0xFC, 0x1F, 0x7E, 0xF8,
    0x3E, 0xFF, 0xFF, 0xFE, 0xFF, 0xFF, 0xFC, 0xF7, 0xFF, 0xF8, 0xE1, 0xFF, 0xF0, 0x00, 0x00, 0xF0,
    0x00, 0x00, 0x3F, 0xC0, 0x00, 0x0F, 0xFE, 0x01, 0xC1, 0xFF, 0xE0, 0x3E, 0x3F, 0xFF, 0x03, 0xE7,
    0xE1, 0xF0, 0x3C, 0xFC, 0x1F, 0x07, 0xEF, 0x83, 0xE0, 0xFF, 0xFF, 0xFF, 0xEF, 0xFF, 0xFF, 0xFF,
    0xF7, 0xFF, 0xFF, 0xFE, 0x1F, 0xFF, 0x3E, 0x00, 0x00, 0x00, 0x10, 0x00, 0x00, 0x00, 0x0E, 0x00,
    0x00, 0x00, 0x03, 0xC0, 0x00, 0x00, 0x00, 0xE0, 0x00, 0x00, 0x00, 0x10, 0x00, 0x00, 0x00, 0x00,
    0x00, 0x00, 0x00, 0x00, 0x00, 0x00, 0x00, 0x00, 0xF8, 0x00, 0x00, 0x00, 0xFF, 0x00, 0x00, 0x40,
    0xFF, 0xE0, 0x01, 0xE0, 0x7F, 0xFC, 0x00, 0x7C, 0x3F, 0x9F, 0x40, 0x1F, 0x1F, 0x83, 0xDC, 0x03,
    0xC7, 0xC0, 0xFF, 0x80, 0xFB, 0xE0, 0xFF, 0xC0, 0x3F, 0xFF, 0xFE, 0xF0, 0x0F, 0xFF, 0xFF, 0xBC,
    0x03, 0xFF, 0xFF, 0xCF, 0x00, 0xFF, 0xFF, 0x83, 0xE0, 0x7C, 0x00, 0x00, 0xFE, 0x7F, 0x00, 0x00,
    0x3F, 0xFF, 0x80, 0x00, 0x07, 0xFF, 0xC0, 0x00, 0x00, 0xFF, 0xE0, 0x00, 0x00, 0x07, 0xC0, 0x00,
    0x00, 0x00, 0x00, 0x00, 0x00, 0x10, 0x00, 0x00, 0x00, 0x00, 0xE0, 0x00, 0x00, 0x00, 0x03, 0xC0,
    0x00, 0x00, 0x00, 0x0E, 0x00, 0x00, 0x00, 0x00, 0x10, 0x00, 0x00, 0x00, 0x00, 0x00, 0x00, 0x00,
    0x00, 0x00, 0x00, 0x00, 0x00, 0x00, 0x0F, 0x80, 0x00, 0x00, 0x00, 0xFF, 0x00, 0x00, 0x04, 0x0F,
    0xFE, 0x00, 0x01, 0xE0, 0x7F, 0xFC, 0x00, 0x07, 0xC3, 0xF9, 0xF0, 0x40, 0x1F, 0x1F, 0x83, 0xC1,
    0xC0, 0x3C, 0x7C, 0x0F, 0x0F, 0x80, 0xFB, 0xE0, 0xFC, 0x3C, 0x03, 0xFF, 0xFF, 0xFE, 0xF0, 0x0F,
    0xFF, 0xFF, 0xFF, 0xC0, 0x3F, 0xFF, 0xFF, 0xFF, 0x00, 0xFF, 0xFF, 0x8F, 0xBE, 0x07, 0xC0, 0x00,
    0x00, 0xFE, 0x7F, 0x00, 0x00, 0x03, 0xFF, 0xF8, 0x00, 0x00, 0x07, 0xFF, 0xC0, 0x00, 0x00, 0x0F,
    0xFE, 0x00, 0x00, 0x00, 0x07, 0xC0, 0x00, 0x00, 0x00, 0x00, 0x00, 0x40, 0x00, 0x00, 0xE0, 0x00,
    0x01, 0xE0, 0x00, 0x00, 0xE0, 0x00, 0x00, 0x40, 0x00, 0x00, 0x00, 0x00, 0x00, 0x00, 0x00, 0x00,
    0xF0, 0x00, 0x03, 0xFC, 0x00, 0x0F, 0xFE, 0x1C, 0x1F, 0xFE, 0x3E, 0x3F, 0xFF, 0x3E, 0x7E, 0x1F,
    0x3C, 0xFC, 0x1F, 0x7E, 0xF8, 0x3E, 0xFF, 0xFF, 0xFE, 0xFF, 0xFF, 0xFC, 0xF7, 0xFF, 0xF8, 0xE1,
    0xFF, 0xF0, 0x00, 0x00, 0x40, 0x00, 0x00, 0x0E, 0x00, 0x00, 0x01, 0xE0, 0x00, 0x00, 0x0E, 0x00,
    0x00, 0x00, 0x40, 0x00, 0x00, 0x00, 0x00, 0x00, 0x00, 0x00, 0x00, 0x00, 0x0F, 0x00, 0x00, 0x03,
    0xFC, 0x00, 0x00, 0xFF, 0xE0, 0x1C, 0x1F, 0xFE, 0x03, 0xE3, 0xFF, 0xF0, 0x3E, 0x7E, 0x1F, 0x03,
    0xCF, 0xC1, 0xF0, 0x7E, 0xF8, 0x3E, 0x0F, 0xFF, 0xFF, 0xFE, 0xFF, 0xFF, 0xFF, 0xFF, 0x7F, 0xFF,
    0xFF, 0xE1, 0xFF, 0xF3, 0xE0, 0x07, 0x80, 0x00, 0x78, 0x00, 0x07, 0x80, 0x00, 0x78, 0x00, 0x07,
    0x80, 0x00, 0x78, 0x00, 0x07, 0x80, 0x00, 0x78, 0xF8, 0x07, 0xBF, 0xE0, 0x7F, 0xFE, 0x07, 0xFF,
    0xF0, 0x7F, 0xDF, 0x07, 0xE0, 0xF0, 0x7C, 0x0F, 0x0F, 0x81, 0xF7, 0xFF, 0xFF, 0x7F, 0xFF, 0xE7,
    0xFF, 0xFC, 0xFF, 0xFF, 0x00, 0x07, 0x80, 0x00, 0x07, 0x80, 0x00, 0x07, 0x80, 0x00, 0x07, 0x80,
    0x00, 0x07, 0x80, 0x00, 0x07, 0x80, 0x00, 0x07, 0x80, 0x00, 0x07, 0x8F, 0x80, 0x07, 0xBF, 0xE0,
    0x07, 0xFF, 0xE0, 0x07, 0xFF, 0xF0, 0x07, 0xFD, 0xF0, 0x07, 0xE0, 0xF0, 0x07, 0xC0, 0xF0, 0x0F,
    0x81, 0xF0, 0x7F, 0xFF, 0xFF, 0x7F, 0xFF, 0xFF, 0x7F, 0xFF, 0xFF, 0xFF, 0xFF, 0x3F, 0x3E, 0x00,
    0x0F, 0x80, 0x03, 0xE0, 0x00, 0xF8, 0x00, 0x3E, 0x00, 0x0F, 0x80, 0x03, 0xE0, 0x00, 0xF9, 0xF8,
    0x3F, 0xFF, 0x07, 0xFF, 0xE1, 0xFF, 0xF8, 0x7F, 0x1F, 0x1F, 0x87, 0xCF, 0x81, 0xF3, 0xE1, 0xFB,
    0xFF, 0xFE, 0xFF, 0xFF, 0x3F, 0xFF, 0x8F, 0xFF, 0x00, 0x3E, 0x00, 0x00, 0xF8, 0x00, 0x03, 0xE0,
    0x00, 0x0F, 0x80, 0x00, 0x3E, 0x00, 0x00, 0xF8, 0x00, 0x03, 0xE0, 0x00, 0x0F, 0x9F, 0x80, 0x3F,
    0xFF, 0x00, 0x7F, 0xFE, 0x01, 0xFF, 0xF8, 0x07, 0xF1, 0xF0, 0x1F, 0x87, 0xC0, 0xF8, 0x1F, 0x03,
    0xE1, 0xF8, 0x3F, 0xFF, 0xFE, 0xFF, 0xFF, 0xFF, 0xFF, 0xFF, 0xFF, 0xFF, 0x0F, 0x80, 0x07, 0x81,
    0x00, 0x78, 0x78, 0x07, 0x87, 0x80, 0x78, 0x78, 0x07, 0x81, 0x00, 0x78, 0x00, 0x07, 0x80, 0x00,
    0x78, 0xF8, 0x07, 0xBF, 0xE0, 0x7F, 0xFE, 0x07, 0xFF, 0xF0, 0x7F, 0xDF, 0x07, 0xE0, 0xF0, 0x7C,
    0x0F, 0x0F, 0x81, 0xF7, 0xFF, 0xFF, 0x7F, 0xFF, 0xE7, 0xFF, 0xFC, 0xFF, 0xFF, 0x00, 0x07, 0x82,
    0x00, 0x07, 0x87, 0x00, 0x07, 0x87, 0x80, 0x07, 0x87, 0x00, 0x07, 0x82, 0x00, 0x07, 0x80, 0x00,
    0x07, 0x80, 0x00, 0x07, 0x8F, 0x80, 0x07, 0xBF, 0xE0, 0x07, 0xFF, 0xE0, 0x07, 0xFF, 0xF0, 0x07,
    0xFD, 0xF0, 0x07, 0xE0, 0xF0, 0x07, 0xC0, 0xF0, 0x0F, 0x81, 0xF0, 0x7F, 0xFF, 0xFF, 0x7F, 0xFF,
    0xFF, 0x7F, 0xFF, 0xFF, 0xFF, 0xFF, 0x3F, 0x3E, 0x08, 0x0F, 0x87, 0x03, 0xE1, 0xE0, 0xF8, 0x70,
    0x3E, 0x08, 0x0F, 0x80, 0x03, 0xE0, 0x00, 0xF9, 0xF8, 0x3F, 0xFF, 0x07, 0xFF, 0xE1, 0xFF, 0xF8,
    0x7F, 0x1F, 0x1F, 0x87, 0xCF, 0x81, 0xF3, 0xE1, 0xFB, 0xFF, 0xFE, 0xFF, 0xFF, 0x3F, 0xFF, 0x8F,
    0xFF, 0x00, 0x3E, 0x08, 0x00, 0xF8, 0x70, 0x03, 0xE1, 0xE0, 0x0F, 0x87, 0x00, 0x3E, 0x08, 0x00,
    0xF8, 0x00, 0x03, 0xE0, 0x00, 0x0F, 0x9F, 0x80, 0x3F, 0xFF, 0x00, 0x7F, 0xFE, 0x01, 0xFF, 0xF8,
    0x07, 0xF1, 0xF0, 0x1F, 0x87, 0xC0, 0xF8, 0x1F, 0x03, 0xE1, 0xF8, 0x3F, 0xFF, 0xFE, 0xFF, 0xFF,
    0xFF, 0xFF, 0xFF, 0xFF, 0xFF, 0x0F, 0x80, 0x0F, 0xC0, 0x3F, 0xC0, 0x7F, 0x80, 0x7F, 0x80, 0xFC,
    0x00, 0xF8, 0x00, 0xF8, 0x00, 0x7C, 0xE0, 0x7F, 0xF0, 0x3F, 0xF0, 0x1F, 0xF0, 0x3F, 0x80, 0x7E,
    0x00, 0xFC, 0x00, 0xF8, 0x00, 0xF0, 0x00, 0xF0, 0x00, 0xF0, 0x00, 0xF0, 0x00, 0xF8, 0x00, 0xFE,
    0x1E, 0x7F, 0xFE, 0x3F, 0xFE, 0x1F, 0xFF, 0x03, 0xF0, 0x01, 0x80, 0x1F, 0xF0, 0x3F, 0xF0, 0x7F,
    0xF8, 0x78, 0x78, 0x7C, 0x78, 0x7C, 0xF0, 0x3F, 0xF0, 0x1F, 0xE0, 0x0F, 0xFF, 0x1F, 0xFF, 0x3F,
    0xFF, 0x7C, 0xFF, 0xF8, 0x00, 0xF8, 0x00, 0xF0, 0x00, 0xF0, 0x00, 0xF8, 0x00, 0xFC, 0x38, 0xFF,
    0xF8, 0x7F, 0xFC, 0x3F, 0xF8, 0x07, 0xE0, 0x07, 0xE0, 0xFF, 0x0F, 0xF8, 0x7F, 0x83, 0xC0, 0x1E,
    0x00, 0xF0, 0x07, 0xC6, 0x1F, 0xFF, 0xFF, 0xFF, 0xFF, 0xFF, 0x8F, 0xE0, 0x00, 0x01, 0xC0, 0x1F,
    0xF0, 0x3F, 0xF8, 0x7F, 0xF8, 0x78, 0x78, 0x7C, 0x78, 0x7E, 0xF8, 0x3F, 0xF0, 0x1F, 0xE0, 0xFF,
    0xFF, 0xFF, 0xFF, 0xFF, 0xFF, 0xF8, 0x7F, 0x02, 0x00, 0x07, 0x00, 0x07, 0x80, 0x07, 0x00, 0x02,
    0x00, 0x00, 0x00, 0x00, 0x00, 0x0F, 0xC0, 0x3F, 0xC0, 0x7F, 0x80, 0x7F, 0x80, 0xFC, 0x00, 0xF8,
    0x00, 0xF8, 0x00, 0x7C, 0xE0, 0x7F, 0xF0, 0x3F, 0xF0, 0x1F, 0xF0, 0x3F, 0x80, 0x7E, 0x00, 0xFC,
    0x00, 0xF8, 0x00, 0xF0, 0x00, 0xF0, 0x00, 0xF0, 0x00, 0xF0, 0x00, 0xF8, 0x00, 0xFE, 0x1E, 0x7F,
    0xFE, 0x3F, 0xFE, 0x1F, 0xFF, 0x03, 0xF0, 0x01, 0x00, 0x03, 0x80, 0x03, 0xC0, 0x03, 0x80, 0x01,
    0x00, 0x00, 0x00, 0x00, 0x00, 0x01, 0x80, 0x1F, 0xF0, 0x3F, 0xF0, 0x7F, 0xF8, 0x78, 0x78, 0x7C,
    0x78, 0x7C, 0xF0, 0x3F, 0xF0, 0x1F, 0xE0, 0x0F, 0xFF, 0x1F, 0xFF, 0x3F, 0xFF, 0x7C, 0xFF, 0xF8,
    0x00, 0xF8, 0x00, 0xF0, 0x00, 0xF0, 0x00, 0xF8, 0x00, 0xFC, 0x38, 0xFF, 0xF8, 0x7F, 0xFC, 0x3F,
    0xF8, 0x07, 0xE0, 0x02, 0x00, 0x38, 0x01, 0xE0, 0x0E, 0x00, 0x20, 0x00, 0x00, 0x00, 0x00, 0xFC,
    0x1F, 0xE1, 0xFF, 0x0F, 0xF0, 0x78, 0x03, 0xC0, 0x1E, 0x00, 0xF8, 0xC3, 0xFF, 0xFF, 0xFF, 0xFF,
    0xFF, 0xF1, 0xFC, 0x00, 0x01, 0x00, 0x03, 0x80, 0x03, 0xC0, 0x03, 0xC0, 0x01, 0x00, 0x00, 0x00,
    0x00, 0x00, 0x01, 0xC0, 0x1F, 0xF0, 0x3F, 0xF8, 0x7F, 0xF8, 0x78, 0x78, 0x7C, 0x78, 0x7E, 0xF8,
    0x3F, 0xF0, 0x1F, 0xE0, 0xFF, 0xFF, 0xFF, 0xFF, 0xFF, 0xFF, 0xF8, 0x7F, 0x00, 0x00, 0x20, 0x00,
    0x01, 0xE0, 0x00, 0x03, 0xC0, 0x00, 0x07, 0x80, 0x00, 0x02, 0x00, 0x00, 0x00, 0x00, 0x00, 0x00,
    0x00, 0x00, 0x78, 0x00, 0x01, 0xFC, 0x00, 0x07, 0xF8, 0x00, 0x1F, 0xFA, 0x00, 0x3C, 0xFF, 0x80,
    0x79, 0xFE, 0x00, 0xFF, 0xFC, 0x01, 0xFF, 0xF8, 0x01, 0xFF, 0xF0, 0x01, 0xFF, 0xF0, 0x00, 0x7F,
    0xFF, 0xFF, 0xFB, 0xFF, 0xFF, 0xE3, 0xFF, 0xFF, 0x83, 0xFF, 0xFC, 0x00, 0x1A, 0x00, 0x00, 0x00,
    0x00, 0x08, 0x00, 0x00, 0x01, 0xE0, 0x00, 0x00, 0x0F, 0x00, 0x00, 0x00, 0x78, 0x00, 0x00, 0x00,
    0x80, 0x00, 0x00, 0x00, 0x00, 0x00, 0x00, 0x60, 0x00, 0x00, 0x0F, 0xC0, 0x40, 0x00, 0xFF, 0x07,
    0xC0, 0x0F, 0xFC, 0x3C, 0x00, 0x7B, 0xE1, 0xE0, 0x03, 0xCF, 0x0F, 0x00, 0x1E, 0x78, 0x78, 0x00,
    0xF7, 0xC3, 0xE0, 0x07, 0xFC, 0x1F, 0xFF, 0xFF, 0xFE, 0x7F, 0xFF, 0xFF, 0xF9, 0xFF, 0xFF, 0xFF,
    0xC7, 0xFF, 0xF1, 0xFC, 0x00, 0xC0, 0x00, 0x00, 0x02, 0x00, 0x70, 0x0F, 0x00, 0x70, 0x02, 0x00,
    0x00, 0x00, 0x00, 0x70, 0x1F, 0xC3, 0xFE, 0x3F, 0xE3, 0x9F, 0x78, 0xF7, 0xDF, 0x3F, 0xF3, 0xFF,
    0x1F, 0xF0, 0x1F, 0xFF, 0xEF, 0xFE, 0xFF, 0xCF, 0xF0, 0x02, 0x00, 0x07, 0x80, 0x07, 0x80, 0x07,
    0x80, 0x02, 0x00, 0x00, 0x00, 0x02, 0x00, 0x0F, 0xC0, 0x1F, 0xE0, 0x3F, 0xE0, 0x7D, 0xF0, 0x7C,
    0xF0, 0x7C, 0xF0, 0x3D, 0xF0, 0x3F, 0xE0, 0xFF, 0xFE, 0xFF, 0xFE, 0xFF, 0xFF, 0xF8, 0xFE, 0x00,
    0x39, 0x80, 0x07, 0x78, 0x00, 0xEF, 0x00, 0x08, 0x80, 0x00, 0x00, 0x00, 0x08, 0x00, 0x07, 0xC0,
    0x01, 0xFC, 0x00, 0x7F, 0xC8, 0x0F, 0x79, 0xC3, 0xC7, 0xFC, 0x7C, 0xFF, 0x0F, 0xFF, 0xE0, 0xFF,
    0xFC, 0x0F, 0xFF, 0x80, 0x1F, 0xF8, 0x03, 0xDF, 0xEF, 0xFB, 0xFF, 0xFE, 0x3F, 0xFF, 0x81, 0xFF,
    0xE0, 0x07, 0xC0, 0x00, 0x00, 0x39, 0xC0, 0x00, 0xFF, 0x00, 0x03, 0x9C, 0x00, 0x04, 0x20, 0x00,
    0x00, 0x00, 0x00, 0x00, 0x00, 0x01, 0xF8, 0x00, 0x0F, 0xF0, 0x00, 0x7F, 0xC0, 0x01, 0xEF, 0x04,
    0x0F, 0x9E, 0x1C, 0x3E, 0x78, 0xF8, 0xFF, 0xFF, 0xC1, 0xFF, 0xFF, 0x03, 0xFF, 0xFC, 0x07, 0xFF,
    0xF0, 0x03, 0xC3, 0xE0, 0x1F, 0x0F, 0xF3, 0xF8, 0x3F, 0xFF, 0xE0, 0x7F, 0xFE, 0x00, 0xFF, 0xF0,
    0x00, 0x7E, 0x00, 0x00, 0x1D, 0xC3, 0xDE, 0x1D, 0xC0, 0x88, 0x00, 0x00, 0x00, 0x07, 0x01, 0xFC,
    0x3F, 0xE3, 0xFE, 0x39, 0xF7, 0x8F, 0x7D, 0xF3, 0xFF, 0x3F, 0xF1, 0xFF, 0x01, 0xFF, 0xFE, 0xFF,
    0xEF, 0xFC, 0xFF, 0x00, 0x1C, 0xC0, 0x1F, 0xE0, 0x1D, 0xE0, 0x08, 0x40, 0x00, 0x00, 0x02, 0x00,
    0x0F, 0xC0, 0x1F, 0xE0, 0x3F, 0xE0, 0x7D, 0xF0, 0x7C, 0xF0, 0x7C, 0xF0, 0x3D, 0xF0, 0x3F, 0xE0,
    0xFF, 0xFE, 0xFF, 0xFE, 0xFF, 0xFF, 0xF8, 0xFE, 0x00, 0x00, 0x78, 0x00, 0x01, 0xE0, 0x00, 0x07,
    0x80, 0x06, 0x1E, 0x00, 0x38, 0x78, 0x01, 0xF1, 0xE0, 0x07, 0x07, 0x80, 0x1C, 0x1E, 0x40, 0x38,
    0x7B, 0xE0, 0xF1, 0xEF, 0x0F, 0xC7, 0xBC, 0x3E, 0x1E, 0xF0, 0xF0, 0x7B, 0xC0, 0x01, 0xEF, 0x80,
    0x0F, 0xBF, 0xFF, 0xFE, 0x7F, 0xFF, 0xF0, 0xFF, 0xFF, 0xC1, 0xFF, 0xFC, 0x00, 0x10, 0x00, 0x00,
    0x00, 0x78, 0x00, 0x00, 0x1E, 0x00, 0x00, 0x07, 0x80, 0x00, 0x61, 0xE0, 0x00, 0x38, 0x78, 0x00,
    0x1F, 0x1E, 0x00, 0x07, 0x07, 0x80, 0x01, 0xC1, 0xE0, 0x40, 0x38, 0x78, 0x3E, 0x0F, 0x1E, 0x0F,
    0x0F, 0xC7, 0x83, 0xC3, 0xE1, 0xE0, 0xF0, 0xF0, 0x7C, 0x3C, 0x00, 0x1F, 0x0F, 0x80, 0x0F, 0xC3,
    0xFF, 0xFF, 0xFE, 0x7F, 0xFF, 0xFF, 0xCF, 0xFF, 0xFB, 0xF1, 0xFF, 0xFC, 0x78, 0x01, 0xC0, 0x00,
    0x00, 0x40, 0x0E, 0x03, 0xE0, 0xFF, 0x3F, 0xE7, 0xF0, 0x7C, 0x07, 0xC0, 0x7E, 0x03, 0xF0, 0x1F,
    0x00, 0xF8, 0x07, 0x80, 0x7C, 0x07, 0xCF, 0xFC, 0xFF, 0x8F, 0xF0, 0xFE, 0x00, 0x00, 0x40, 0x01,
    0xC0, 0x0F, 0x80, 0x7F, 0x83, 0xFE, 0x0F, 0xF0, 0x1F, 0x80, 0x3C, 0x00, 0x7C, 0x00, 0x7C, 0x00,
    0x7C, 0x00, 0x7C, 0x00, 0xF8, 0x00, 0xF8, 0x01, 0xF8, 0x7F, 0xFE, 0xFF, 0xFF, 0xFF, 0xFF, 0xF1,
    0xF0, 0x00, 0x1F, 0x00, 0x1F, 0x00, 0x0F, 0x00, 0x0F, 0x00, 0x0F, 0x00, 0x0F, 0x00, 0x0F, 0x00,
    0x0F, 0x00, 0x0F, 0x00, 0x0F, 0x00, 0x0F, 0x00, 0x0F, 0x40, 0x0F, 0x70, 0x0F, 0xF8, 0x0F, 0xF0,
    0x0F, 0xF0, 0x0F, 0xF0, 0x0F, 0xF0, 0x1F, 0xF8, 0x1F, 0xFE, 0xFE, 0xFF, 0xFE, 0x7F, 0xFC, 0x3F,
    0xF8, 0x07, 0xC0, 0x00, 0x1F, 0x00, 0x00, 0xF8, 0x00, 0x03, 0xC0, 0x00, 0x1E, 0x00, 0x00, 0xF0,
    0x00, 0x07, 0x80, 0x00, 0x3C, 0x00, 0x01, 0xE0, 0x00, 0x0F, 0x00, 0x00, 0x78, 0x00, 0x03, 0xC0,
    0x00, 0x1E, 0x04, 0x00, 0xF0, 0x38, 0x07, 0x83, 0xE0, 0x3E, 0x1E, 0x01, 0xFE, 0xF0, 0x0F, 0xFF,
    0x80, 0x7F, 0xFC, 0x03, 0xFD, 0xF0, 0x3E, 0x0F, 0xE7, 0xE0, 0x7F, 0xFF, 0x01, 0xFF, 0xF0, 0x07,
    0xFF, 0x00, 0x07, 0xC0, 0x00, 0x3C, 0x78, 0xF1, 0xE3, 0xC7, 0x8F, 0x1E, 0x3C, 0x78, 0xF1, 0xF3,
    0xE7, 0xCF, 0xFE, 0xFD, 0xF3, 0xC0, 0x3C, 0x07, 0x80, 0xF0, 0x1E, 0x03, 0xC0, 0x78, 0x0F, 0x01,
    0xE0, 0x3C, 0x07, 0x80, 0xF8, 0x1F, 0x03, 0xE0, 0x7C, 0x0F, 0x87, 0xFE, 0xFF, 0xFE, 0xFF, 0x8F,
    0x00, 0x07, 0xC0, 0x7F, 0x83, 0xFF, 0x0F, 0xFE, 0x7C, 0xF8, 0x21, 0xE0, 0x07, 0xC1, 0xFF, 0x1F,
    0xFC, 0xFF, 0xE7, 0xFF, 0x9F, 0x02, 0xF8, 0x03, 0xE0, 0x0F, 0x00, 0x3E, 0x00, 0x78, 0x01, 0xE0,
    0x07, 0x80, 0x1E, 0x00, 0x7C, 0x00, 0x80, 0x00, 0x00, 0x20, 0x00, 0x3F, 0x00, 0x1F, 0xE0, 0x07,
    0xFE, 0x01, 0xFB, 0xC0, 0x7E, 0x7C, 0x0F, 0xC7, 0x83, 0xF8, 0xF8, 0x7F, 0xFF, 0xEF, 0xFF, 0xFF,
    0xEF, 0xFF, 0xFC, 0xFC, 0xFF, 0x80, 0x01, 0xF0, 0x00, 0x1E, 0x00, 0x03, 0xC0, 0x00, 0x78, 0x00,
    0x0F, 0x00, 0x01, 0xE0, 0x00, 0x3E, 0x00, 0x03, 0xC0, 0x00, 0x40, 0x00, 0x00, 0x03, 0xE0, 0x1F,
    0xC0, 0xFF, 0x87, 0xFE, 0x1E, 0x7C, 0xF0, 0xF3, 0xE3, 0xFF, 0xFF, 0xFF, 0xFB, 0xFF, 0xEE, 0x3E,
    0x00, 0x00, 0x40, 0x00, 0x7E, 0x00, 0x1F, 0xE0, 0x07, 0xFC, 0x00, 0xFF, 0xC0, 0x3E, 0x78, 0x07,
    0x8F, 0x81, 0xF8, 0xF8, 0xFF, 0xFF, 0xDF, 0xFF, 0xFF, 0xDF, 0xFF, 0xF0, 0xF9, 0xE0, 0x00, 0x80,
    0x03, 0xC0, 0x03, 0xC0, 0x03, 0xC0, 0x00, 0x80, 0x00, 0x00, 0x00, 0x06, 0x00, 0x3E, 0x00, 0x1E,
    0x40, 0x1F, 0x70, 0x1F, 0xF8, 0x0F, 0xF0, 0x0F, 0xF0, 0x0F, 0xF0, 0x0F, 0xF0, 0x0F, 0xF8, 0x1F,
    0xFE, 0xFF, 0xFF, 0xFE, 0x7F, 0xFC, 0x3F, 0xF8, 0x07, 0xE0, 0x00, 0x80, 0x00, 0x1E, 0x00, 0x00,
    0xF0, 0x00, 0x07, 0x80, 0x00, 0x08, 0x00, 0x00, 0x00, 0x00, 0x00, 0x00, 0x00, 0x03, 0xC0, 0x00,
    0x1F, 0x02, 0x00, 0xF8, 0x1C, 0x03, 0xC1, 0xF0, 0x1F, 0x0F, 0x00, 0xFF, 0x78, 0x07, 0xFF, 0xC0,
    0x3F, 0xFE, 0x01, 0xFE, 0xF8, 0x1F, 0x07, 0xF3, 0xF0, 0x3F, 0xFF, 0x80, 0xFF, 0xF8, 0x03, 0xFF,
    0x80, 0x03, 0xE0, 0x00, 0x10, 0x71, 0xE1, 0xC1, 0x00, 0x00, 0x06, 0x7C, 0x78, 0xF1, 0xF1, 0xE3,
    0xC7, 0x9F, 0xFF, 0xFB, 0xE7, 0x80, 0x08, 0x01, 0xE0, 0x1E, 0x01, 0xE0, 0x08, 0x00, 0x00, 0x00,
    0x00, 0x00, 0x1E, 0x01, 0xE0, 0x1E, 0x01, 0xE0, 0x3F, 0x0F, 0xFE, 0xFF, 0xFF, 0xFF, 0xE3, 0xE0,
    0x08, 0x03, 0x80, 0xF8, 0x3F, 0x83, 0xF8, 0xFF, 0x9F, 0xF7, 0x9F, 0xF1, 0xFE, 0x3F, 0xC7, 0xFF,
    0xFF, 0xFC, 0xFF, 0x0F, 0xC0, 0x01, 0xE0, 0x01, 0xE0, 0x03, 0xE0, 0x1F, 0xE0, 0x3F, 0xE0, 0x7F,
    0xE0, 0xFD, 0xF0, 0xF9, 0xF0, 0xF1, 0xF0, 0xF1, 0xF0, 0xFF, 0xF0, 0xFF, 0xF0, 0x7F, 0xFF, 0x1F,
    0xFF, 0x00, 0x7F, 0x00, 0x3F, 0x08, 0x00, 0x38, 0x00, 0x7C, 0x01, 0xFC, 0x01, 0xFC, 0x07, 0xFE,
    0x0E, 0x7E, 0x3C, 0xFE, 0x79, 0xFC, 0xF3, 0xBC, 0xFF, 0x3F, 0xFC, 0xFF, 0xFF, 0xFF, 0xFF, 0xFE,
    0x7F, 0x00, 0x01, 0xC0, 0x03, 0xF8, 0x03, 0xFC, 0x03, 0xFE, 0x01, 0xE7, 0x81, 0xF3, 0xC0, 0xF1,
    0xC0, 0x79, 0xE0, 0x3D, 0xE0, 0x7F, 0xFF, 0xBF, 0xFF, 0xFF, 0xFF, 0xFF, 0xC7, 0xF1, 0xE1, 0xE0,
    0xF8, 0xF0, 0x3F, 0xF8, 0x1F, 0xF8, 0x03, 0xF8, 0x00, 0x70, 0x00, 0x07, 0x01, 0xFC, 0x3F, 0xE3,
    0xFE, 0x3D, 0xE7, 0x8F, 0x78, 0xF7, 0xFF, 0x3F, 0xF3, 0xFF, 0x01, 0xE0, 0x3E, 0x1F, 0xCF, 0xF8,
    0x7F, 0x07, 0xE0, 0x60, 0x00, 0x07, 0x00, 0x3F, 0x80, 0x7F, 0x81, 0xFF, 0x03, 0xDE, 0x0F, 0x1E,
    0x1E, 0x3C, 0x3F, 0xFF, 0x3F, 0xFE, 0x7F, 0xFC, 0x3F, 0xF8, 0x1F, 0x00, 0xFC, 0x1F, 0xF8, 0x1F,
    0xC0, 0x3F, 0x00, 0x60, 0x00, 0x00, 0x01, 0x00, 0x00, 0xFF, 0x00, 0x1F, 0xE0, 0x03, 0xFE, 0x00,
    0x7E, 0xC0, 0x07, 0x80, 0x40, 0x78, 0x07, 0x0F, 0xC0, 0xF8, 0x7F, 0x0F, 0x07, 0xF8, 0xF0, 0x1F,
    0xCF, 0x00, 0x7C, 0xF0, 0x03, 0xCF, 0x80, 0x7C, 0xFF, 0x7F, 0x8F, 0xFF, 0xF8, 0x7F, 0xFE, 0x03,
    0xFF, 0xC0, 0x07, 0xE0, 0x00, 0x40, 0x00, 0x03, 0x80, 0x40, 0x3E, 0x03, 0xC1, 0xE0, 0x3F, 0xFF,
    0x01, 0xFF, 0xF8, 0x03, 0xFF, 0xC0, 0x0F, 0xFF, 0x00, 0xF8, 0xFF, 0x3F, 0xC7, 0xFF, 0xFC, 0x1F,
    0xFF, 0xC0, 0x3F, 0xFC, 0x00, 0x7F, 0x00, 0x00, 0x00, 0x01, 0x00, 0x00, 0xFF, 0x00, 0x1F, 0xE0,
    0x03, 0xFE, 0x00, 0x7E, 0xC0, 0x07, 0x80, 0x40, 0x78, 0x07, 0x0F, 0xC0, 0xF8, 0x7F, 0x0F, 0x07,
    0xF8, 0xF0, 0x1F, 0xCF, 0x00, 0x7C, 0xF0, 0x03, 0xCF, 0x80, 0x7C, 0xFF, 0x7F, 0x8F, 0xFF, 0xF8,
    0x7F, 0xFE, 0x03, 0xFF, 0xC0, 0x07, 0xE0, 0x00, 0x00, 0x00, 0x00, 0x00, 0x00, 0x63, 0x00, 0x07,
    0x78, 0x00, 0x77, 0x80, 0x06, 0x30, 0x00, 0x40, 0x00, 0x03, 0x80, 0x40, 0x3E, 0x03, 0xC1, 0xE0,
    0x3F, 0xFF, 0x01, 0xFF, 0xF8, 0x03, 0xFF, 0xC0, 0x0F, 0xFF, 0x00, 0xF8, 0xFF, 0x3F, 0xC7, 0xFF,
    0xFC, 0x1F, 0xFF, 0xC0, 0x3F, 0xFC, 0x00, 0x7F, 0x00, 0x00, 0x00, 0x00, 0x00, 0x00, 0x00, 0x66,
    0x00, 0x07, 0x78, 0x00, 0x3B, 0xC0, 0x00, 0xCC, 0x00, 0x06, 0x0F, 0x07, 0x83, 0xE0, 0xF0, 0x78,
    0x3C, 0x1E, 0x1F, 0x7F, 0xBF, 0x9F, 0x8F, 0x80, 0x00, 0x00, 0xE6, 0x77, 0xBB, 0xDC, 0xC0, 0x0F,
    0x00, 0x78, 0x07, 0xC0, 0x3E, 0x03, 0xF8, 0x7F, 0xFF, 0xFF, 0xFF, 0x7F, 0xF1, 0xF8, 0x00, 0x00,
    0x00, 0x66, 0x07, 0xB8, 0x3D, 0xC0, 0xCC, 0x00, 0x7D, 0x00, 0x7F, 0xC0, 0x11, 0xC1, 0x80, 0x03,
    0xC0, 0x01, 0xE0, 0x60, 0xF0, 0x3C, 0x78, 0x3F, 0x3C, 0x1F, 0xFE, 0x03, 0xFF, 0x00, 0xFF, 0x80,
    0x1F, 0xC0, 0x07, 0xE0, 0x07, 0xF8, 0x07, 0xFC, 0x07, 0xCF, 0x07, 0xC7, 0x83, 0xFF, 0xC1, 0xFF,
    0xE0, 0xFF, 0xE0, 0x7F, 0xE0, 0x7F, 0x00, 0x03, 0xFE, 0x00, 0x04, 0xE0, 0xF0, 0x00, 0x03, 0xC0,
    0x00, 0x0F, 0x00, 0x10, 0x3C, 0x00, 0x60, 0xF8, 0x03, 0x83, 0xE0, 0x1F, 0x0F, 0x80, 0x3E, 0x3E,
    0x00, 0x7C, 0xF8, 0x00, 0xFB, 0xE0, 0x01, 0xEF, 0x80, 0x07, 0xFE, 0x00, 0x0F, 0xF8, 0x00, 0x1F,
    0xE0, 0x00, 0x7F, 0xC0, 0x7F, 0xFF, 0xE1, 0xFF, 0xBF, 0xC7, 0xF8, 0x7F, 0x1F, 0x80, 0xF8, 0x70,
    0x01, 0xE0, 0x03, 0x00, 0x06, 0x40, 0x07, 0x80, 0x1E, 0x03, 0x00, 0x1E, 0x00, 0x3C, 0x30, 0x78,
    0x78, 0xF1, 0xF9, 0xE3, 0xFF, 0xC1, 0xFF, 0x81, 0xFF, 0x00, 0xFE, 0x00, 0xFC, 0x03, 0xFC, 0x0F,
    0xF8, 0x3E, 0x78, 0xF8, 0xF1, 0xFF, 0xE3, 0xFF, 0xC7, 0xFF, 0x0F, 0xFC, 0x78, 0x00, 0x03, 0x80,
    0x00, 0x30, 0x00, 0x00, 0xC8, 0x00, 0x07, 0xC0, 0x00, 0x7C, 0x0F, 0x00, 0x00, 0x78, 0x00, 0x03,
    0xC0, 0x08, 0x1E, 0x00, 0x60, 0xF8, 0x07, 0x07, 0xC0, 0x7C, 0x3E, 0x01, 0xF1, 0xF0, 0x07, 0xCF,
    0x80, 0x1F, 0x7C, 0x00, 0x7B, 0xE0, 0x03, 0xFF, 0x00, 0x0F, 0xF8, 0x00, 0x3F, 0xC0, 0x01, 0xFF,
    0x03, 0xFF, 0xFF, 0x1F, 0xFB, 0xFC, 0xFF, 0x0F, 0xE7, 0xE0, 0x3E, 0x00, 0x30, 0x03, 0xC0, 0x0F,
    0x18, 0x3C, 0x78, 0xF3, 0xF3, 0xCF, 0xFF, 0x0F, 0xFC, 0x1F, 0xF0, 0x1F, 0xC0, 0x3F, 0x01, 0xFE,
    0x0F, 0xF8, 0x7C, 0xF3, 0xE3, 0xCF, 0xFF, 0x3F, 0xFC, 0xFF, 0xE3, 0xFF, 0x00, 0x00, 0x38, 0x01,
    0xE0, 0x06, 0x00, 0x1D, 0x00, 0x3C, 0x01, 0xE0, 0x00, 0x00, 0x78, 0x00, 0x0F, 0x00, 0x01, 0xE0,
    0x10, 0x3C, 0x03, 0x07, 0xC0, 0xE0, 0xF8, 0x3E, 0x1F, 0x03, 0xE3, 0xE0, 0x3E, 0x7C, 0x03, 0xEF,
    0x80, 0x3D, 0xF0, 0x07, 0xFE, 0x00, 0x7F, 0xC0, 0x07, 0xF8, 0x00, 0xFF, 0x87, 0xFF, 0xFE, 0xFF,
    0xDF, 0xFF, 0xE1, 0xFF, 0xF0, 0x1F, 0x00, 0x00, 0x07, 0x00, 0x01, 0xE0, 0x00, 0x30, 0x00, 0x06,
    0x40, 0x00, 0x78, 0x00, 0x1E, 0x00, 0x00, 0x00, 0x30, 0x03, 0xC0, 0x0F, 0x18, 0x3C, 0x78, 0xF3,
    0xF3, 0xCF, 0xFF, 0x0F, 0xFC, 0x1F, 0xF0, 0x1F, 0xC0, 0x3F, 0x01, 0xFE, 0x0F, 0xF8, 0x7C, 0xF3,
    0xE3, 0xCF, 0xFF, 0x3F, 0xFC, 0xFF, 0xE3, 0xFF, 0x00, 0x00, 0x78, 0x00, 0x0F, 0x00, 0x01, 0xE0,
    0x10, 0x3C, 0x03, 0x07, 0xC0, 0xE0, 0xF8, 0x3E, 0x1F, 0x03, 0xE3, 0xE0, 0x3E, 0x7C, 0x03, 0xEF,
    0x80, 0x3D, 0xF0, 0x07, 0xFE, 0x00, 0x7F, 0xC0, 0x07, 0xF8, 0x00, 0xFF, 0x87, 0xFF, 0xFE, 0xFF,
    0xDF, 0xFF, 0xE1, 0xFF, 0xF0, 0x1F, 0x00, 0x00, 0x10, 0x00, 0x00, 0x70, 0x00, 0x01, 0xF0, 0x00,
    0x07, 0xF0, 0x00, 0x1F, 0xF0, 0x00, 0x78, 0xF0, 0x01, 0x80, 0x70, 0x07, 0x80, 0x70, 0x1F, 0x78,
    0xF0, 0x7F, 0xF1, 0xF1, 0xFF, 0xC7, 0xF7, 0xFF, 0x0F, 0xF7, 0xFC, 0x7F, 0xC7, 0xF9, 0xFF, 0x07,
    0xF3, 0xFC, 0x07, 0xFF, 0xF0, 0x07, 0xCF, 0xC0, 0x07, 0x0F, 0x00, 0x07, 0x1C, 0x00, 0x07, 0xF0,
    0x00, 0x07, 0xC0, 0x00, 0x07, 0x00, 0x00, 0x04, 0x00, 0x00,
};

static const EpdGlyph geist_ui_12_boldGlyphs[] = {
    { 1, 1, 0, 0, 1, 1, 0 }, // U+0000
    { 1, 1, 104, 0, 1, 1, 1 }, // U+000D
    { 1, 1, 91, 0, 1, 1, 2 }, // U+0020
    { 4, 18, 103, 1, 18, 9, 3 }, // !
    { 8, 7, 156, 1, 18, 7, 12 }, // "
    { 15, 18, 236, 0, 18, 34, 19 }, // #
    { 15, 23, 268, 1, 21, 44, 53 }, // $
    { 19, 18, 330, 1, 18, 43, 97 }, // %
    { 16, 18, 284, 1, 18, 36, 140 }, // &
    { 3, 7, 81, 1, 18, 3, 176 }, // '
    { 7, 22, 129, 1, 19, 20, 179 }, // (
    { 7, 22, 129, 0, 19, 20, 199 }, // )
    { 9, 9, 169, 1, 19, 11, 219 }, // *
    { 13, 13, 228, 0, 14, 22, 230 }, // +
    { 4, 8, 94, 1, 4, 4, 252 }, // ,
    { 9, 3, 167, 1, 9, 4, 256 }, // -
    { 4, 4, 94, 1, 4, 2, 260 }, // .
    { 11, 22, 209, 1, 19, 31, 262 }, // /
    { 15, 18, 280, 1, 18, 34, 293 }, // 0
    { 8, 18, 180, 1, 18, 18, 327 }, // 1
    { 13, 18, 261, 1, 18, 30, 345 }, // 2
    { 15, 18, 260, 1, 18, 34, 375 }, // 3
    { 15, 18, 262, 1, 18, 34, 409 }, // 4
    { 14, 18, 268, 1, 18, 32, 443 }, // 5
    { 14, 18, 264, 1, 18, 32, 475 }, // 6
    { 13, 18, 218, 1, 18, 30, 507 }, // 7
    { 15, 18, 267, 1, 18, 34, 537 }, // 8
    { 14, 18, 266, 1, 18, 32, 571 }, // 9
    { 4, 13, 124, 2, 13, 7, 603 }, // :
    { 4, 17, 124, 2, 13, 9, 610 }, // ;
    { 12, 13, 220, 1, 14, 20, 619 }, // <
    { 12, 9, 221, 1, 12, 14, 639 }, // =
    { 12, 13, 220, 1, 14, 20, 653 }, // >
    { 14, 18, 236, 0, 18, 32, 673 }, // ?
    { 22, 21, 385, 1, 18, 58, 705 }, // @
    { 18, 18, 292, 0, 18, 41, 763 }, // A
    { 15, 18, 281, 2, 18, 34, 804 }, // B
    { 16, 18, 294, 1, 18, 36, 838 }, // C
    { 15, 18, 288, 2, 18, 34, 874 }, // D
    { 13, 18, 249, 2, 18, 30, 908 }, // E
    { 13, 18, 242, 2, 18, 30, 938 }, // F
    { 16, 18, 295, 1, 18, 36, 968 }, // G
    { 14, 18, 288, 2, 18, 32, 1004 }, // H
    { 4, 18, 120, 2, 18, 9, 1036 }, // I
    { 13, 18, 251, 1, 18, 30, 1045 }, // J
    { 15, 18, 276, 2, 18, 34, 1075 }, // K
    { 12, 18, 236, 2, 18, 27, 1109 }, // L
    { 19, 18, 366, 2, 18, 43, 1136 }, // M
    { 15, 18, 300, 2, 18, 34, 1179 }, // N
    { 17, 18, 310, 1, 18, 39, 1213 }, // O
    { 14, 18, 269, 2, 18, 32, 1252 }, // P
    { 17, 19, 308, 1, 18, 41, 1284 }, // Q
    { 14, 18, 279, 2, 18, 32, 1325 }, // R
    { 15, 18, 272, 1, 18, 34, 1357 }, // S
    { 14, 18, 240, 1, 18, 32, 1391 }, // T
    { 15, 18, 281, 1, 18, 34, 1423 }, // U
    { 18, 18, 292, 0, 18, 41, 1457 }, // V
    { 23, 18, 406, 1, 18, 52, 1498 }, // W
    { 17, 18, 275, 0, 18, 39, 1550 }, // X
    { 16, 18, 252, 0, 18, 36, 1589 }, // Y
    { 14, 18, 238, 1, 18, 32, 1625 }, // Z
    { 8, 22, 156, 2, 19, 22, 1657 }, // [
    { 11, 22, 200, 1, 19, 31, 1679 }, // <backslash>
    { 8, 22, 156, 1, 19, 22, 1710 }, // ]
    { 10, 8, 184, 1, 18, 10, 1732 }, // ^
    { 12, 3, 224, 1, 0, 5, 1742 }, // _
    { 5, 4, 111, 1, 19, 3, 1747 }, // `
    { 13, 14, 238, 1, 14, 23, 1750 }, // a
    { 13, 18, 254, 2, 18, 30, 1773 }, // b
    { 14, 14, 239, 1, 14, 25, 1803 }, // c
    { 13, 18, 254, 1, 18, 30, 1828 }, // d
    { 13, 14, 242, 1, 14, 23, 1858 }, // e
    { 10, 18, 179, 1, 18, 23, 1881 }, // f
    { 13, 18, 254, 1, 14, 30, 1904 }, // g
    { 12, 18, 244, 2, 18, 27, 1934 }, // h
    { 4, 18, 112, 2, 18, 9, 1961 }, // i
    { 7, 22, 132, 0, 18, 20, 1970 }, // j
    { 14, 18, 259, 2, 18, 32, 1990 }, // k
    { 6, 18, 125, 2, 18, 14, 2022 }, // l
    { 19, 14, 360, 2, 14, 34, 2036 }, // m
    { 12, 14, 244, 2, 14, 21, 2070 }, // n
    { 14, 14, 247, 1, 14, 25, 2091 }, // o
    { 13, 18, 254, 2, 14, 30, 2116 }, // p
    { 13, 18, 254, 1, 14, 30, 2146 }, // q
    { 8, 14, 170, 2, 14, 14, 2176 }, // r
    { 12, 14, 228, 1, 14, 21, 2190 }, // s
    { 10, 17, 178, 1, 17, 22, 2211 }, // t
    { 12, 14, 243, 2, 14, 21, 2233 }, // u
    { 14, 14, 244, 1, 14, 25, 2254 }, // v
    { 20, 14, 340, 1, 14, 35, 2279 }, // w
    { 14, 14, 260, 1, 14, 25, 2314 }, // x
    { 13, 18, 234, 1, 14, 30, 2339 }, // y
    { 12, 14, 238, 1, 14, 21, 2369 }, // z
    { 9, 22, 163, 1, 19, 25, 2390 }, // {
    { 4, 22, 118, 2, 19, 11, 2415 }, // |
    { 9, 22, 163, 1, 19, 25, 2426 }, // }
    { 11, 5, 209, 1, 11, 7, 2451 }, // ~
    { 1, 1, 91, 0, 1, 1, 2458 }, // U+00A0
    { 4, 18, 103, 1, 14, 9, 2459 }, // U+00A1
    { 14, 18, 239, 1, 18, 32, 2468 }, // U+00A2
    { 14, 18, 259, 1, 18, 32, 2500 }, // U+00A3
    { 13, 14, 253, 1, 16, 23, 2532 }, // U+00A4
    { 16, 18, 252, 0, 18, 36, 2555 }, // U+00A5
    { 4, 22, 118, 2, 19, 11, 2591 }, // U+00A6
    { 12, 21, 242, 2, 18, 32, 2602 }, // U+00A7
    { 9, 3, 173, 1, 18, 4, 2634 }, // U+00A8
    { 18, 19, 329, 1, 19, 43, 2638 }, // U+00A9
    { 9, 9, 173, 1, 18, 11, 2681 }, // U+00AA
    { 14, 10, 258, 1, 12, 18, 2692 }, // U+00AB
    { 11, 7, 205, 1, 9, 10, 2710 }, // U+00AC
    { 7, 3, 128, 1, 8, 3, 2720 }, // U+00AD
    { 14, 14, 260, 1, 18, 25, 2723 }, // U+00AE
    { 7, 3, 149, 1, 19, 3, 2748 }, // U+00AF
    { 9, 9, 171, 1, 19, 11, 2751 }, // U+00B0
    { 12, 15, 220, 1, 15, 23, 2762 }, // U+00B1
    { 7, 10, 149, 1, 18, 9, 2785 }, // U+00B2
    { 8, 10, 148, 1, 18, 10, 2794 }, // U+00B3
    { 5, 4, 111, 1, 19, 3, 2804 }, // U+00B4
    { 12, 18, 243, 2, 14, 27, 2807 }, // U+00B5
    { 14, 18, 264, 1, 18, 32, 2834 }, // U+00B6
    { 4, 4, 94, 1, 10, 2, 2866 }, // U+00B7
    { 6, 6, 131, 1, 0, 5, 2868 }, // U+00B8
    { 5, 10, 113, 0, 18, 7, 2873 }, // U+00B9
    { 9, 9, 178, 1, 18, 11, 2880 }, // U+00BA
    { 15, 10, 262, 1, 12, 19, 2891 }, // U+00BB
    { 19, 18, 316, 0, 18, 43, 2910 }, // U+00BC
    { 20, 18, 338, 0, 18, 45, 2953 }, // U+00BD
    { 20, 18, 340, 1, 18, 45, 2998 }, // U+00BE
    { 14, 19, 236, 1, 15, 34, 3043 }, // U+00BF
    { 18, 24, 292, 0, 24, 54, 3077 }, // U+00C0
    { 18, 23, 292, 0, 23, 52, 3131 }, // U+00C1
    { 18, 23, 292, 0, 23, 52, 3183 }, // U+00C2
    { 17, 24, 294, 1, 24, 51, 3235 }, // U+00C3
    { 17, 23, 292, 1, 23, 49, 3286 }, // U+00C4
    { 17, 24, 294, 0, 24, 51, 3335 }, // U+00C5
    { 25, 18, 417, 0, 18, 57, 3386 }, // U+00C6
    { 16, 24, 294, 1, 18, 48, 3443 }, // U+00C7
    { 13, 24, 249, 2, 24, 39, 3491 }, // U+00C8
    { 13, 23, 249, 2, 23, 38, 3530 }, // U+00C9
    { 13, 23, 249, 2, 23, 38, 3568 }, // U+00CA
    { 13, 23, 249, 2, 23, 38, 3606 }, // U+00CB
    { 6, 24, 120, 0, 24, 18, 3644 }, // U+00CC
    { 6, 23, 120, 2, 23, 18, 3662 }, // U+00CD
    { 8, 23, 120, 0, 23, 23, 3680 }, // U+00CE
    { 9, 23, 120, -1, 23, 26, 3703 }, // U+00CF
    { 17, 18, 288, 0, 18, 39, 3729 }, // U+00D0
    { 15, 24, 300, 2, 24, 45, 3768 }, // U+00D1
    { 17, 24, 310, 1, 24, 51, 3813 }, // U+00D2
    { 17, 24, 310, 1, 24, 51, 3864 }, // U+00D3
    { 17, 24, 310, 1, 24, 51, 3915 }, // U+00D4
    { 17, 24, 310, 1, 24, 51, 3966 }, // U+00D5
    { 17, 23, 310, 1, 23, 49, 4017 }, // U+00D6
    { 12, 12, 216, 1, 13, 18, 4066 }, // U+00D7
    { 17, 18, 310, 1, 18, 39, 4084 }, // U+00D8
    { 15, 24, 281, 1, 24, 45, 4123 }, // U+00D9
    { 15, 24, 281, 1, 24, 45, 4168 }, // U+00DA
    { 15, 24, 281, 1, 24, 45, 4213 }, // U+00DB
    { 15, 23, 281, 1, 23, 44, 4258 }, // U+00DC
    { 16, 23, 252, 0, 23, 46, 4302 }, // U+00DD
    { 13, 18, 257, 2, 18, 30, 4348 }, // U+00DE
    { 14, 18, 262, 2, 18, 32, 4378 }, // U+00DF
    { 13, 19, 238, 1, 19, 31, 4410 }, // U+00E0
    { 13, 19, 238, 1, 19, 31, 4441 }, // U+00E1
    { 13, 19, 238, 1, 19, 31, 4472 }, // U+00E2
    { 13, 19, 238, 1, 19, 31, 4503 }, // U+00E3
    { 13, 18, 238, 1, 18, 30, 4534 }, // U+00E4
    { 13, 20, 238, 1, 20, 33, 4564 }, // U+00E5
    { 22, 14, 384, 1, 14, 39, 4597 }, // U+00E6
    { 14, 20, 239, 1, 14, 35, 4636 }, // U+00E7
    { 13, 19, 242, 1, 19, 31, 4671 }, // U+00E8
    { 13, 19, 242, 1, 19, 31, 4702 }, // U+00E9
    { 13, 19, 242, 1, 19, 31, 4733 }, // U+00EA
    { 13, 18, 242, 1, 18, 30, 4764 }, // U+00EB
    { 6, 19, 112, 0, 19, 15, 4794 }, // U+00EC
    { 6, 19, 112, 2, 19, 15, 4809 }, // U+00ED
    { 8, 19, 112, 0, 19, 19, 4824 }, // U+00EE
    { 9, 18, 112, -1, 18, 21, 4843 }, // U+00EF
    { 14, 19, 247, 1, 19, 34, 4864 }, // U+00F0
    { 12, 19, 244, 2, 19, 29, 4898 }, // U+00F1
    { 14, 19, 247, 1, 19, 34, 4927 }, // U+00F2
    { 14, 19, 247, 1, 19, 34, 4961 }, // U+00F3
    { 14, 19, 247, 1, 19, 34, 4995 }, // U+00F4
    { 14, 19, 247, 1, 19, 34, 5029 }, // U+00F5
    { 14, 18, 247, 1, 18, 32, 5063 }, // U+00F6
    { 12, 14, 226, 1, 14, 21, 5095 }, // U+00F7
    { 14, 14, 247, 1, 14, 25, 5116 }, // U+00F8
    { 12, 19, 243, 2, 19, 29, 5141 }, // U+00F9
    { 12, 19, 243, 2, 19, 29, 5170 }, // U+00FA
    { 12, 19, 243, 2, 19, 29, 5199 }, // U+00FB
    { 12, 18, 243, 2, 18, 27, 5228 }, // U+00FC
    { 13, 23, 234, 1, 19, 38, 5255 }, // U+00FD
    { 13, 22, 250, 2, 18, 36, 5293 }, // U+00FE
    { 13, 22, 234, 1, 18, 36, 5329 }, // U+00FF
    { 17, 23, 292, 0, 23, 49, 5365 }, // U+0100
    { 13, 18, 238, 1, 18, 30, 5414 }, // U+0101
    { 18, 24, 292, 0, 24, 54, 5444 }, // U+0102
    { 13, 19, 238, 1, 19, 31, 5498 }, // U+0103
    { 18, 24, 292, 0, 18, 54, 5529 }, // U+0104
    { 14, 20, 238, 1, 14, 35, 5583 }, // U+0105
    { 16, 24, 294, 1, 24, 48, 5618 }, // U+0106
    { 14, 19, 239, 1, 19, 34, 5666 }, // U+0107
    { 16, 24, 294, 1, 24, 48, 5700 }, // U+0108
    { 14, 19, 239, 1, 19, 34, 5748 }, // U+0109
    { 16, 23, 294, 1, 23, 46, 5782 }, // U+010A
    { 14, 18, 239, 1, 18, 32, 5828 }, // U+010B
    { 16, 24, 294, 1, 24, 48, 5860 }, // U+010C
    { 14, 19, 239, 1, 19, 34, 5908 }, // U+010D
    { 15, 23, 288, 2, 23, 44, 5942 }, // U+010E
    { 18, 18, 296, 1, 18, 41, 5986 }, // U+010F
    { 17, 18, 288, 0, 18, 39, 6027 }, // U+0110
    { 15, 18, 254, 1, 18, 34, 6066 }, // U+0111
    { 13, 23, 249, 2, 23, 38, 6100 }, // U+0112
    { 13, 18, 242, 1, 18, 30, 6138 }, // U+0113
    { 10, 24, 224, 2, 24, 30, 6168 }, // U+0114
    { 13, 19, 239, 1, 19, 31, 6198 }, // U+0115
    { 13, 23, 249, 2, 23, 38, 6229 }, // U+0116
    { 13, 18, 242, 1, 18, 30, 6267 }, // U+0117
    { 14, 24, 249, 2, 18, 42, 6297 }, // U+0118
    { 13, 20, 242, 1, 14, 33, 6339 }, // U+0119
    { 13, 23, 249, 2, 23, 38, 6372 }, // U+011A
    { 13, 19, 242, 1, 19, 31, 6410 }, // U+011B
    { 16, 24, 295, 1, 24, 48, 6441 }, // U+011C
    { 13, 23, 254, 1, 19, 38, 6489 }, // U+011D
    { 16, 24, 295, 1, 24, 48, 6527 }, // U+011E
    { 13, 23, 254, 1, 19, 38, 6575 }, // U+011F
    { 16, 23, 295, 1, 23, 46, 6613 }, // U+0120
    { 13, 22, 254, 1, 18, 36, 6659 }, // U+0121
    { 16, 24, 295, 1, 18, 48, 6695 }, // U+0122
    { 13, 25, 254, 1, 21, 41, 6743 }, // U+0123
    { 14, 23, 288, 2, 23, 41, 6784 }, // U+0124
    { 14, 23, 244, 0, 23, 41, 6825 }, // U+0125
    { 18, 18, 288, 1, 18, 41, 6866 }, // U+0126
    { 14, 18, 244, 0, 18, 32, 6907 }, // U+0127
    { 9, 24, 120, 0, 24, 27, 6939 }, // U+0128
    { 9, 19, 112, -1, 19, 22, 6966 }, // U+0129
    { 7, 23, 120, 1, 23, 21, 6988 }, // U+012A
    { 7, 18, 112, 0, 18, 16, 7009 }, // U+012B
    { 10, 24, 156, 1, 24, 30, 7025 }, // U+012C
    { 10, 19, 120, -1, 19, 24, 7055 }, // U+012D
    { 6, 24, 120, 1, 18, 18, 7079 }, // U+012E
    { 6, 24, 112, 1, 18, 18, 7097 }, // U+012F
    { 4, 23, 120, 2, 23, 12, 7115 }, // U+0130
    { 4, 14, 112, 2, 14, 7, 7127 }, // U+0131
    { 20, 18, 365, 2, 18, 45, 7134 }, // U+0132
    { 11, 22, 234, 2, 18, 31, 7179 }, // U+0133
    { 15, 24, 251, 1, 24, 45, 7210 }, // U+0134
    { 9, 23, 132, 0, 19, 26, 7255 }, // U+0135
    { 15, 24, 276, 2, 18, 45, 7281 }, // U+0136
    { 13, 24, 259, 2, 18, 39, 7326 }, // U+0137
    { 14, 14, 248, 2, 14, 25, 7365 }, // U+0138
    { 12, 23, 236, 2, 23, 35, 7390 }, // U+0139
    { 6, 23, 125, 2, 23, 18, 7425 }, // U+013A
    { 12, 24, 236, 2, 18, 36, 7443 }, // U+013B
    { 6, 24, 125, 2, 18, 18, 7479 }, // U+013C
    { 12, 18, 236, 2, 18, 27, 7497 }, // U+013D
    { 9, 18, 156, 2, 18, 21, 7524 }, // U+013E
    { 11, 18, 224, 2, 18, 25, 7545 }, // U+013F
    { 9, 19, 148, 2, 19, 22, 7570 }, // U+0140
    { 14, 18, 236, 0, 18, 32, 7592 }, // U+0141
    { 8, 18, 125, 0, 18, 18, 7624 }, // U+0142
    { 15, 23, 300, 2, 23, 44, 7642 }, // U+0143
    { 12, 19, 244, 2, 19, 29, 7686 }, // U+0144
    { 15, 24, 300, 2, 18, 45, 7715 }, // U+0145
    { 12, 20, 244, 2, 14, 30, 7760 }, // U+0146
    { 15, 23, 300, 2, 23, 44, 7790 }, // U+0147
    { 12, 19, 244, 2, 19, 29, 7834 }, // U+0148
    { 18, 18, 310, 0, 18, 41, 7863 }, // U+0149
    { 15, 22, 300, 2, 18, 42, 7904 }, // U+014A
    { 12, 18, 244, 2, 14, 27, 7946 }, // U+014B
    { 17, 23, 310, 1, 23, 49, 7973 }, // U+014C
    { 14, 18, 247, 1, 18, 32, 8022 }, // U+014D
    { 17, 24, 316, 1, 24, 51, 8054 }, // U+014E
    { 13, 19, 250, 1, 19, 31, 8105 }, // U+014F
    { 17, 24, 310, 1, 24, 51, 8136 }, // U+0150
    { 14, 19, 247, 1, 19, 34, 8187 }, // U+0151
    { 26, 18, 448, 1, 18, 59, 8221 }, // U+0152
    { 23, 14, 399, 1, 14, 41, 8280 }, // U+0153
    { 14, 23, 279, 2, 23, 41, 8321 }, // U+0154
    { 8, 19, 170, 2, 19, 19, 8362 }, // U+0155
    { 14, 24, 279, 2, 18, 42, 8381 }, // U+0156
    { 8, 20, 170, 2, 14, 20, 8423 }, // U+0157
    { 14, 23, 279, 2, 23, 41, 8443 }, // U+0158
    { 8, 19, 170, 2, 19, 19, 8484 }, // U+0159
    { 15, 24, 272, 1, 24, 45, 8503 }, // U+015A
    { 12, 19, 228, 1, 19, 29, 8548 }, // U+015B
    { 15, 24, 272, 1, 24, 45, 8577 }, // U+015C
    { 12, 19, 228, 1, 19, 29, 8622 }, // U+015D
    { 15, 24, 272, 1, 18, 45, 8651 }, // U+015E
    { 12, 20, 228, 1, 14, 30, 8696 }, // U+015F
    { 15, 24, 272, 1, 24, 45, 8726 }, // U+0160
    { 12, 19, 228, 1, 19, 29, 8771 }, // U+0161
    { 14, 24, 240, 1, 18, 42, 8800 }, // U+0162
    { 10, 23, 178, 1, 17, 29, 8842 }, // U+0163
    { 14, 23, 240, 1, 23, 41, 8871 }, // U+0164
    { 11, 20, 180, 1, 20, 28, 8912 }, // U+0165
    { 14, 18, 240, 1, 18, 32, 8940 }, // U+0166
    { 10, 17, 178, 1, 17, 22, 8972 }, // U+0167
    { 15, 24, 281, 1, 24, 45, 8994 }, // U+0168
    { 12, 19, 243, 2, 19, 29, 9039 }, // U+0169
    { 15, 23, 281, 1, 23, 44, 9068 }, // U+016A
    { 12, 18, 243, 2, 18, 27, 9112 }, // U+016B
    { 15, 24, 281, 1, 24, 45, 9139 }, // U+016C
    { 12, 19, 243, 2, 19, 29, 9184 }, // U+016D
    { 15, 24, 281, 1, 24, 45, 9213 }, // U+016E
    { 12, 20, 243, 2, 20, 30, 9258 }, // U+016F
    { 15, 24, 281, 1, 24, 45, 9288 }, // U+0170
    { 12, 19, 243, 2, 19, 29, 9333 }, // U+0171
    { 15, 23, 281, 1, 18, 44, 9362 }, // U+0172
    { 13, 20, 243, 2, 14, 33, 9406 }, // U+0173
    { 23, 23, 406, 1, 23, 67, 9439 }, // U+0174
    { 20, 19, 340, 1, 19, 48, 9506 }, // U+0175
    { 16, 23, 252, 0, 23, 46, 9554 }, // U+0176
    { 13, 23, 234, 1, 19, 38, 9600 }, // U+0177
    { 17, 23, 252, -1, 23, 49, 9638 }, // U+0178
    { 14, 23, 238, 1, 23, 41, 9687 }, // U+0179
    { 12, 19, 238, 1, 19, 29, 9728 }, // U+017A
    { 14, 23, 238, 1, 23, 41, 9757 }, // U+017B
    { 12, 18, 238, 1, 18, 27, 9798 }, // U+017C
    { 14, 23, 238, 1, 23, 41, 9825 }, // U+017D
    { 12, 19, 238, 1, 19, 29, 9866 }, // U+017E
    { 8, 19, 153, 2, 19, 19, 9895 }, // U+017F
    { 20, 19, 328, 1, 19, 48, 9914 }, // U+01A0
    { 16, 16, 272, 1, 16, 32, 9962 }, // U+01A1
    { 20, 19, 354, 2, 19, 48, 9994 }, // U+01AF
    { 18, 16, 303, 2, 16, 36, 10042 }, // U+01B0
    { 30, 24, 524, 2, 24, 90, 10078 }, // U+01C4
    { 28, 19, 490, 2, 19, 67, 10168 }, // U+01C5
    { 26, 19, 450, 1, 19, 62, 10235 }, // U+01C6
    { 18, 23, 358, 2, 18, 52, 10297 }, // U+01C7
    { 18, 25, 348, 2, 19, 57, 10349 }, // U+01C8
    { 11, 25, 244, 2, 19, 35, 10406 }, // U+01C9
    { 24, 23, 458, 2, 18, 69, 10441 }, // U+01CA
    { 24, 25, 447, 2, 19, 75, 10510 }, // U+01CB
    { 20, 25, 385, 2, 19, 63, 10585 }, // U+01CC
    { 18, 23, 292, 0, 23, 52, 10648 }, // U+01CD
    { 13, 19, 238, 1, 19, 31, 10700 }, // U+01CE
    { 10, 24, 156, 0, 24, 30, 10731 }, // U+01CF
    { 11, 19, 120, -1, 19, 27, 10761 }, // U+01D0
    { 17, 24, 316, 1, 24, 51, 10788 }, // U+01D1
    { 13, 19, 250, 1, 19, 31, 10839 }, // U+01D2
    { 15, 24, 302, 2, 24, 45, 10870 }, // U+01D3
    { 13, 19, 260, 2, 19, 31, 10915 }, // U+01D4
    { 15, 26, 302, 2, 26, 49, 10946 }, // U+01D5
    { 13, 22, 260, 2, 22, 36, 10995 }, // U+01D6
    { 15, 26, 302, 2, 26, 49, 11031 }, // U+01D7
    { 13, 22, 260, 2, 22, 36, 11080 }, // U+01D8
    { 15, 27, 302, 2, 27, 51, 11116 }, // U+01D9
    { 13, 23, 260, 2, 23, 38, 11167 }, // U+01DA
    { 15, 26, 302, 2, 26, 49, 11205 }, // U+01DB
    { 13, 22, 260, 2, 22, 36, 11254 }, // U+01DC
    { 13, 14, 239, 1, 14, 23, 11290 }, // U+01DD
    { 19, 26, 277, 0, 26, 62, 11313 }, // U+01DE
    { 12, 22, 240, 1, 22, 33, 11375 }, // U+01DF
    { 18, 26, 277, -1, 26, 59, 11408 }, // U+01E0
    { 12, 22, 240, 1, 22, 33, 11467 }, // U+01E1
    { 22, 22, 381, 0, 22, 61, 11500 }, // U+01E2
    { 21, 18, 367, 1, 18, 48, 11561 }, // U+01E3
    { 18, 18, 312, 1, 18, 41, 11609 }, // U+01E4
    { 15, 18, 263, 1, 14, 34, 11650 }, // U+01E5
    { 16, 24, 295, 1, 24, 48, 11684 }, // U+01E6
    { 13, 23, 254, 1, 19, 38, 11732 }, // U+01E7
    { 15, 23, 276, 2, 23, 44, 11770 }, // U+01E8
    { 16, 23, 259, 0, 23, 46, 11814 }, // U+01E9
    { 17, 24, 316, 1, 18, 51, 11860 }, // U+01EA
    { 13, 20, 250, 1, 14, 33, 11911 }, // U+01EB
    { 17, 28, 316, 1, 22, 60, 11944 }, // U+01EC
    { 13, 24, 250, 1, 18, 39, 12004 }, // U+01ED
    { 14, 24, 236, 0, 24, 42, 12043 }, // U+01EE
    { 13, 25, 232, 0, 19, 41, 12085 }, // U+01EF
    { 11, 25, 119, -1, 19, 35, 12126 }, // U+01F0
    { 30, 18, 524, 2, 18, 68, 12161 }, // U+01F1
    { 28, 18, 490, 2, 18, 63, 12229 }, // U+01F2
    { 26, 19, 450, 1, 19, 62, 12292 }, // U+01F3
    { 15, 24, 290, 1, 24, 45, 12354 }, // U+01F4
    { 13, 25, 253, 1, 19, 41, 12399 }, // U+01F5
    { 22, 18, 419, 2, 18, 50, 12440 }, // U+01F6
    { 13, 24, 270, 2, 18, 39, 12490 }, // U+01F7
    { 16, 24, 322, 2, 24, 48, 12529 }, // U+01F8
    { 13, 19, 260, 2, 19, 31, 12577 }, // U+01F9
    { 18, 24, 276, 0, 24, 54, 12608 }, // U+01FA
    { 12, 25, 240, 1, 25, 38, 12662 }, // U+01FB
    { 23, 24, 381, 0, 24, 69, 12700 }, // U+01FC
    { 21, 19, 367, 1, 19, 50, 12769 }, // U+01FD
    { 17, 25, 316, 1, 24, 54, 12819 }, // U+01FE
    { 13, 20, 248, 1, 19, 33, 12873 }, // U+01FF
    { 17, 23, 277, 0, 23, 49, 12906 }, // U+0200
    { 12, 19, 240, 1, 19, 29, 12955 }, // U+0201
    { 17, 24, 277, 0, 24, 51, 12984 }, // U+0202
    { 12, 19, 240, 1, 19, 29, 13035 }, // U+0203
    { 12, 23, 224, 1, 23, 35, 13064 }, // U+0204
    { 13, 19, 239, 1, 19, 31, 13099 }, // U+0205
    { 11, 24, 224, 2, 24, 33, 13130 }, // U+0206
    { 13, 19, 239, 1, 19, 31, 13163 }, // U+0207
    { 11, 23, 156, -2, 23, 32, 13194 }, // U+0208
    { 11, 19, 120, -3, 19, 27, 13226 }, // U+0209
    { 10, 24, 156, 0, 24, 30, 13253 }, // U+020A
    { 10, 19, 120, -1, 19, 24, 13283 }, // U+020B
    { 17, 24, 316, 1, 24, 51, 13307 }, // U+020C
    { 13, 19, 250, 1, 19, 31, 13358 }, // U+020D
    { 17, 24, 316, 1, 24, 51, 13389 }, // U+020E
    { 13, 19, 250, 1, 19, 31, 13440 }, // U+020F
    { 16, 23, 262, 1, 23, 46, 13471 }, // U+0210
    { 11, 19, 179, 0, 19, 27, 13517 }, // U+0211
    { 15, 24, 262, 2, 24, 45, 13544 }, // U+0212
    { 9, 19, 179, 2, 19, 22, 13589 }, // U+0213
    { 15, 24, 302, 2, 24, 45, 13611 }, // U+0214
    { 13, 19, 260, 2, 19, 31, 13656 }, // U+0215
    { 15, 24, 302, 2, 24, 45, 13687 }, // U+0216
    { 13, 19, 260, 2, 19, 31, 13732 }, // U+0217
    { 15, 24, 272, 1, 18, 45, 13763 }, // U+0218
    { 12, 20, 228, 1, 14, 30, 13808 }, // U+0219
    { 14, 24, 240, 1, 18, 42, 13838 }, // U+021A
    { 10, 23, 178, 1, 17, 29, 13880 }, // U+021B
    { 13, 23, 252, 1, 18, 38, 13909 }, // U+021C
    { 11, 20, 202, 1, 14, 28, 13947 }, // U+021D
    { 15, 24, 306, 2, 24, 45, 13975 }, // U+021E
    { 16, 25, 260, -1, 25, 50, 14020 }, // U+021F
    { 5, 4, 0, 1, 19, 3, 14070 }, // U+0300
    { 5, 4, 0, 1, 19, 3, 14073 }, // U+0301
    { 8, 4, 0, 1, 19, 4, 14076 }, // U+0302
    { 9, 4, 0, 1, 19, 5, 14080 }, // U+0303
    { 7, 3, 0, 1, 19, 3, 14085 }, // U+0304
    { 10, 3, 0, -5, 22, 4, 14088 }, // U+0305
    { 8, 4, 0, 1, 19, 4, 14092 }, // U+0306
    { 4, 3, 0, 1, 18, 2, 14096 }, // U+0307
    { 9, 3, 0, 1, 18, 4, 14098 }, // U+0308
    { 6, 6, 0, -11, 21, 5, 14102 }, // U+0309
    { 5, 5, 0, 1, 20, 4, 14107 }, // U+030A
    { 9, 4, 0, 1, 19, 5, 14111 }, // U+030B
    { 8, 4, 0, 1, 19, 4, 14116 }, // U+030C
    { 3, 4, 0, -1, 19, 2, 14120 }, // U+030D
    { 7, 4, 0, -3, 19, 4, 14122 }, // U+030E
    { 10, 4, 0, -14, 19, 5, 14126 }, // U+030F
    { 9, 6, 0, -5, 21, 7, 14131 }, // U+0310
    { 10, 5, 0, -5, 20, 7, 14138 }, // U+0311
    { 3, 5, 0, 1, 20, 2, 14145 }, // U+0312
    { 4, 6, 0, -2, 18, 3, 14147 }, // U+0313
    { 4, 6, 0, -2, 18, 3, 14150 }, // U+0314
    { 4, 6, 0, -2, 18, 3, 14153 }, // U+0315
    { 7, 4, 0, -4, -1, 4, 14156 }, // U+0316
    { 8, 4, 0, -4, -1, 4, 14160 }, // U+0317
    { 5, 5, 0, -3, 0, 4, 14164 }, // U+0318
    { 5, 5, 0, -2, 0, 4, 14168 }, // U+0319
    { 7, 6, 120, 0, 19, 6, 14172 }, // U+031A
    { 6, 6, 0, -2, 19, 5, 14178 }, // U+031B
    { 3, 5, 0, -1, -1, 2, 14183 }, // U+031C
    { 5, 4, 0, -3, -1, 3, 14185 }, // U+031D
    { 5, 4, 0, -3, -1, 3, 14188 }, // U+031E
    { 5, 5, 0, -3, -1, 4, 14191 }, // U+031F
    { 5, 1, 0, -3, -3, 1, 14195 }, // U+0320
    { 6, 8, 0, -6, 2, 6, 14196 }, // U+0321
    { 6, 8, 0, 0, 2, 6, 14202 }, // U+0322
    { 4, 3, 0, -10, -2, 2, 14208 }, // U+0323
    { 9, 3, 0, -4, -2, 4, 14210 }, // U+0324
    { 6, 6, 0, -3, 1, 5, 14214 }, // U+0325
    { 3, 5, 0, 1, -1, 2, 14219 }, // U+0326
    { 6, 6, 0, 1, 0, 5, 14221 }, // U+0327
    { 5, 7, 0, 1, 1, 5, 14226 }, // U+0328
    { 3, 4, 0, -1, -1, 2, 14231 }, // U+0329
    { 9, 4, 0, -4, -1, 5, 14233 }, // U+032A
    { 9, 3, 0, -5, -1, 4, 14238 }, // U+032B
    { 11, 4, 0, -5, -1, 6, 14242 }, // U+032C
    { 10, 4, 0, -5, -1, 5, 14248 }, // U+032D
    { 10, 4, 0, -5, -1, 5, 14253 }, // U+032E
    { 10, 5, 0, -5, -1, 7, 14258 }, // U+032F
    { 10, 4, 0, -5, -1, 5, 14265 }, // U+0330
    { 8, 3, 0, -4, -1, 3, 14270 }, // U+0331
    { 12, 1, 0, -6, -3, 2, 14273 }, // U+0332
    { 10, 5, 0, -6, 0, 7, 14275 }, // U+0333
    { 10, 4, 0, -5, 9, 5, 14282 }, // U+0334
    { 9, 2, 0, 3, 9, 3, 14287 }, // U+0335
    { 18, 3, 0, 1, 16, 7, 14290 }, // U+0336
    { 8, 6, 0, 1, 13, 6, 14297 }, // U+0337
    { 12, 15, 0, 1, 15, 23, 14303 }, // U+0338
    { 3, 5, 0, -1, -1, 2, 14326 }, // U+0339
    { 9, 5, 0, -4, 0, 6, 14328 }, // U+033A
    { 9, 5, 0, -5, -1, 6, 14334 }, // U+033B
    { 9, 3, 0, -5, -2, 4, 14340 }, // U+033C
    { 6, 6, 0, -3, 20, 5, 14344 }, // U+033D
    { 3, 7, 0, -1, 22, 3, 14349 }, // U+033E
    { 10, 5, 0, -6, 24, 7, 14352 }, // U+033F
    { 7, 4, 0, -5, 19, 4, 14359 }, // U+0340
    { 7, 4, 0, -1, 19, 4, 14363 }, // U+0341
    { 10, 4, 0, -5, 19, 5, 14367 }, // U+0342
    { 5, 5, 0, -3, 20, 4, 14372 }, // U+0343
    { 13, 4, 0, -5, 19, 7, 14376 }, // U+0344
    { 5, 4, 0, -1, -2, 3, 14383 }, // U+0345
    { 11, 4, 0, -5, 19, 6, 14386 }, // U+0346
    { 10, 5, 0, -6, 0, 7, 14392 }, // U+0347
    { 7, 4, 0, -3, -1, 4, 14399 }, // U+0348
    { 5, 4, 0, -2, -2, 3, 14403 }, // U+0349
    { 10, 5, 0, -5, 19, 7, 14406 }, // U+034A
    { 9, 10, 0, -4, 24, 12, 14413 }, // U+034B
    { 8, 6, 0, -4, 21, 6, 14425 }, // U+034C
    { 9, 5, 0, -4, -1, 6, 14431 }, // U+034D
    { 4, 5, 0, -2, -1, 3, 14437 }, // U+034E
    { 18, 18, 0, -9, 18, 41, 14440 }, // U+034F
    { 4, 5, 0, -2, 20, 3, 14481 }, // U+0350
    { 3, 6, 0, -1, 21, 3, 14484 }, // U+0351
    { 9, 6, 0, -4, 21, 7, 14487 }, // U+0352
    { 4, 5, 0, -2, -1, 3, 14494 }, // U+0353
    { 4, 5, 0, -2, -1, 3, 14497 }, // U+0354
    { 4, 5, 0, -2, -1, 3, 14500 }, // U+0355
    { 9, 5, 0, -4, -1, 6, 14503 }, // U+0356
    { 3, 6, 0, -1, 21, 3, 14509 }, // U+0357
    { 4, 3, 0, 2, 18, 2, 14512 }, // U+0358
    { 6, 5, 0, -3, -1, 4, 14514 }, // U+0359
    { 9, 5, 0, -5, -1, 6, 14518 }, // U+035A
    { 4, 5, 0, -2, 20, 3, 14524 }, // U+035B
    { 20, 5, 0, -10, -1, 13, 14527 }, // U+035C
    { 20, 5, 0, -10, 20, 13, 14540 }, // U+035D
    { 15, 1, 0, -7, 17, 2, 14553 }, // U+035E
    { 15, 1, 0, -7, -2, 2, 14555 }, // U+035F
    { 20, 4, 0, -10, 19, 10, 14557 }, // U+0360
    { 20, 6, 0, -10, 22, 15, 14567 }, // U+0361
    { 20, 6, 0, -9, 0, 15, 14582 }, // U+0362
    { 6, 6, 0, -3, 21, 5, 14597 }, // U+0363
    { 6, 6, 0, -2, 21, 5, 14602 }, // U+0364
    { 2, 7, 0, 0, 23, 2, 14607 }, // U+0365
    { 6, 6, 0, -3, 22, 5, 14609 }, // U+0366
    { 6, 5, 0, -3, 21, 4, 14614 }, // U+0367
    { 5, 6, 0, -2, 22, 4, 14618 }, // U+0368
    { 6, 8, 0, -3, 24, 6, 14622 }, // U+0369
    { 6, 7, 0, -2, 23, 6, 14628 }, // U+036A
    { 10, 5, 0, -4, 21, 7, 14634 }, // U+036B
    { 4, 5, 0, -1, 21, 3, 14641 }, // U+036C
    { 5, 7, 0, -2, 23, 5, 14644 }, // U+036D
    { 6, 6, 0, -3, 22, 5, 14649 }, // U+036E
    { 6, 5, 0, -3, 21, 4, 14654 }, // U+036F
    { 13, 24, 249, 2, 24, 39, 14658 }, // U+0400
    { 13, 23, 249, 2, 23, 38, 14697 }, // U+0401
    { 19, 18, 316, 0, 18, 43, 14735 }, // U+0402
    { 13, 23, 244, 2, 23, 38, 14778 }, // U+0403
    { 17, 18, 305, 1, 18, 39, 14816 }, // U+0404
    { 15, 18, 272, 1, 18, 34, 14855 }, // U+0405
    { 4, 18, 122, 2, 18, 9, 14889 }, // U+0406
    { 9, 23, 120, -1, 23, 26, 14898 }, // U+0407
    { 13, 18, 251, 1, 18, 30, 14924 }, // U+0408
    { 26, 18, 453, 1, 18, 59, 14954 }, // U+0409
    { 24, 18, 440, 2, 18, 54, 15013 }, // U+040A
    { 19, 18, 314, 0, 18, 43, 15067 }, // U+040B
    { 15, 23, 275, 2, 23, 44, 15110 }, // U+040C
    { 15, 24, 299, 2, 24, 45, 15154 }, // U+040D
    { 14, 23, 245, 1, 23, 41, 15199 }, // U+040E
    { 14, 22, 287, 2, 18, 39, 15240 }, // U+040F
    { 18, 18, 292, 0, 18, 41, 15279 }, // U+0410
    { 14, 18, 273, 2, 18, 32, 15320 }, // U+0411
    { 15, 18, 281, 2, 18, 34, 15352 }, // U+0412
    { 13, 18, 244, 2, 18, 30, 15386 }, // U+0413
    { 19, 22, 342, 1, 18, 53, 15416 }, // U+0414
    { 13, 18, 249, 2, 18, 30, 15469 }, // U+0415
    { 26, 18, 411, 0, 18, 59, 15499 }, // U+0416
    { 16, 18, 275, 1, 18, 36, 15558 }, // U+0417
    { 15, 18, 299, 2, 18, 34, 15594 }, // U+0418
    { 15, 24, 299, 2, 24, 45, 15628 }, // U+0419
    { 15, 18, 275, 2, 18, 34, 15673 }, // U+041A
    { 17, 18, 312, 1, 18, 39, 15707 }, // U+041B
    { 19, 18, 366, 2, 18, 43, 15746 }, // U+041C
    { 14, 18, 288, 2, 18, 32, 15789 }, // U+041D
    { 17, 18, 310, 1, 18, 39, 15821 }, // U+041E
    { 14, 18, 287, 2, 18, 32, 15860 }, // U+041F
    { 14, 18, 269, 2, 18, 32, 15892 }, // U+0420
    { 16, 18, 292, 1, 18, 36, 15924 }, // U+0421
    { 14, 18, 248, 0, 18, 32, 15960 }, // U+0422
    { 14, 18, 245, 1, 18, 32, 15992 }, // U+0423
    { 20, 18, 348, 1, 18, 45, 16024 }, // U+0424
    { 17, 18, 275, 0, 18, 39, 16069 }, // U+0425
    { 17, 22, 324, 2, 18, 47, 16108 }, // U+0426
    { 14, 18, 269, 1, 18, 32, 16155 }, // U+0427
    { 20, 18, 387, 2, 18, 45, 16187 }, // U+0428
    { 23, 22, 424, 2, 18, 64, 16232 }, // U+0429
    { 17, 18, 302, 1, 18, 39, 16296 }, // U+042A
    { 20, 18, 371, 2, 18, 45, 16335 }, // U+042B
    { 14, 18, 273, 2, 18, 32, 16380 }, // U+042C
    { 17, 18, 306, 1, 18, 39, 16412 }, // U+042D
    { 23, 18, 422, 2, 18, 52, 16451 }, // U+042E
    { 15, 18, 284, 1, 18, 34, 16503 }, // U+042F
    { 13, 14, 238, 1, 14, 23, 16537 }, // U+0430
    { 14, 20, 256, 1, 20, 35, 16560 }, // U+0431
    { 12, 14, 248, 2, 14, 21, 16595 }, // U+0432
    { 10, 14, 199, 2, 14, 18, 16616 }, // U+0433
    { 17, 18, 296, 1, 14, 39, 16634 }, // U+0434
    { 13, 14, 242, 1, 14, 23, 16673 }, // U+0435
    { 22, 14, 396, 2, 14, 39, 16696 }, // U+0436
    { 12, 14, 225, 1, 14, 21, 16735 }, // U+0437
    { 12, 14, 238, 2, 14, 21, 16756 }, // U+0438
    { 12, 19, 238, 2, 19, 29, 16777 }, // U+0439
    { 14, 14, 260, 2, 14, 25, 16806 }, // U+043A
    { 15, 14, 272, 1, 14, 27, 16831 }, // U+043B
    { 16, 14, 300, 2, 14, 28, 16858 }, // U+043C
    { 12, 14, 240, 2, 14, 21, 16886 }, // U+043D
    { 14, 14, 247, 1, 14, 25, 16907 }, // U+043E
    { 12, 14, 246, 2, 14, 21, 16932 }, // U+043F
    { 13, 18, 254, 2, 14, 30, 16953 }, // U+0440
    { 14, 14, 239, 1, 14, 25, 16983 }, // U+0441
    { 13, 14, 234, 1, 14, 23, 17008 }, // U+0442
    { 13, 18, 234, 1, 14, 30, 17031 }, // U+0443
    { 16, 22, 289, 1, 18, 44, 17061 }, // U+0444
    { 14, 14, 260, 1, 14, 25, 17105 }, // U+0445
    { 15, 18, 284, 2, 14, 34, 17130 }, // U+0446
    { 13, 14, 259, 2, 14, 23, 17164 }, // U+0447
    { 18, 14, 344, 2, 14, 32, 17187 }, // U+0448
    { 21, 18, 379, 2, 14, 48, 17219 }, // U+0449
    { 15, 14, 269, 1, 14, 27, 17267 }, // U+044A
    { 19, 14, 348, 2, 14, 34, 17294 }, // U+044B
    { 13, 14, 244, 2, 14, 23, 17328 }, // U+044C
    { 14, 14, 244, 1, 14, 25, 17351 }, // U+044D
    { 19, 14, 344, 2, 14, 34, 17376 }, // U+044E
    { 13, 14, 250, 1, 14, 23, 17410 }, // U+044F
    { 13, 19, 242, 1, 19, 31, 17433 }, // U+0450
    { 13, 18, 242, 1, 18, 30, 17464 }, // U+0451
    { 14, 22, 261, 1, 18, 39, 17494 }, // U+0452
    { 10, 19, 199, 2, 19, 24, 17533 }, // U+0453
    { 14, 14, 244, 1, 14, 25, 17557 }, // U+0454
    { 12, 14, 228, 1, 14, 21, 17582 }, // U+0455
    { 4, 18, 112, 2, 18, 9, 17603 }, // U+0456
    { 9, 18, 112, -1, 18, 21, 17612 }, // U+0457
    { 7, 22, 132, 0, 18, 20, 17633 }, // U+0458
    { 24, 14, 404, 1, 14, 42, 17653 }, // U+0459
    { 21, 14, 372, 2, 14, 37, 17695 }, // U+045A
    { 14, 18, 244, 0, 18, 32, 17732 }, // U+045B
    { 14, 19, 260, 2, 19, 34, 17764 }, // U+045C
    { 12, 19, 238, 2, 19, 29, 17798 }, // U+045D
    { 14, 23, 234, 0, 19, 41, 17827 }, // U+045E
    { 12, 18, 246, 2, 14, 27, 17868 }, // U+045F
    { 23, 18, 381, 1, 18, 52, 17895 }, // U+0460
    { 20, 14, 354, 1, 14, 35, 17947 }, // U+0461
    { 18, 18, 299, 1, 18, 41, 17982 }, // U+0462
    { 16, 18, 278, 1, 18, 36, 18023 }, // U+0463
    { 21, 18, 380, 2, 18, 48, 18059 }, // U+0464
    { 17, 14, 321, 2, 14, 30, 18107 }, // U+0465
    { 18, 18, 292, 0, 18, 41, 18137 }, // U+0466
    { 15, 14, 256, 0, 14, 27, 18178 }, // U+0467
    { 23, 18, 402, 2, 18, 52, 18205 }, // U+0468
    { 20, 14, 361, 2, 14, 35, 18257 }, // U+0469
    { 19, 18, 298, 0, 18, 43, 18292 }, // U+046A
    { 16, 14, 302, 1, 14, 28, 18335 }, // U+046B
    { 25, 18, 429, 2, 18, 57, 18363 }, // U+046C
    { 20, 14, 352, 2, 14, 35, 18420 }, // U+046D
    { 14, 27, 253, 1, 22, 48, 18455 }, // U+046E
    { 13, 22, 222, 1, 17, 36, 18503 }, // U+046F
    { 18, 18, 352, 2, 18, 41, 18539 }, // U+0470
    { 18, 25, 337, 2, 19, 57, 18580 }, // U+0471
    { 17, 18, 310, 1, 18, 39, 18637 }, // U+0472
    { 14, 14, 247, 1, 14, 25, 18676 }, // U+0473
    { 18, 18, 309, 1, 18, 41, 18701 }, // U+0474
    { 15, 14, 256, 1, 14, 27, 18742 }, // U+0475
    { 18, 23, 287, 0, 23, 52, 18769 }, // U+0476
    { 15, 19, 242, 0, 19, 36, 18821 }, // U+0477
    { 31, 24, 528, 1, 18, 93, 18857 }, // U+0478
    { 28, 20, 470, 1, 14, 70, 18950 }, // U+0479
    { 18, 21, 332, 1, 19, 48, 19020 }, // U+047A
    { 15, 16, 274, 1, 15, 30, 19068 }, // U+047B
    { 24, 27, 435, 1, 27, 81, 19098 }, // U+047C
    { 21, 23, 383, 1, 23, 61, 19179 }, // U+047D
    { 23, 23, 382, 1, 23, 67, 19240 }, // U+047E
    { 21, 19, 354, 1, 19, 50, 19307 }, // U+047F
    { 15, 24, 271, 1, 18, 45, 19357 }, // U+0480
    { 11, 20, 210, 1, 14, 28, 19402 }, // U+0481
    { 13, 16, 244, 1, 16, 26, 19430 }, // U+0482
    { 10, 4, 0, -12, 18, 5, 19456 }, // U+0483
    { 10, 4, 0, -12, 19, 5, 19461 }, // U+0484
    { 4, 5, 0, -8, 20, 3, 19466 }, // U+0485
    { 4, 5, 0, -9, 20, 3, 19469 }, // U+0486
    { 10, 4, 0, -5, 23, 5, 19472 }, // U+0487
    { 29, 26, 0, -15, 20, 95, 19477 }, // U+0488
    { 27, 28, 0, -14, 21, 95, 19572 }, // U+0489
    { 20, 29, 366, 2, 24, 73, 19667 }, // U+048A
    { 18, 25, 321, 2, 20, 57, 19740 }, // U+048B
    { 14, 18, 255, 1, 18, 32, 19797 }, // U+048C
    { 15, 19, 246, 1, 19, 36, 19829 }, // U+048D
    { 12, 18, 251, 2, 18, 27, 19865 }, // U+048E
    { 13, 20, 253, 2, 14, 33, 19892 }, // U+048F
    { 12, 22, 228, 2, 22, 33, 19925 }, // U+0490
    { 10, 18, 187, 2, 18, 23, 19958 }, // U+0491
    { 15, 18, 265, 1, 18, 34, 19981 }, // U+0492
    { 12, 14, 218, 1, 14, 21, 20015 }, // U+0493
    { 15, 24, 294, 2, 18, 45, 20036 }, // U+0494
    { 12, 20, 241, 2, 14, 30, 20081 }, // U+0495
    { 27, 22, 432, 0, 18, 75, 20111 }, // U+0496
    { 23, 18, 404, 2, 14, 52, 20186 }, // U+0497
    { 13, 24, 237, 1, 18, 39, 20238 }, // U+0498
    { 12, 20, 206, 0, 14, 30, 20277 }, // U+0499
    { 16, 22, 296, 2, 18, 44, 20307 }, // U+049A
    { 14, 18, 272, 2, 14, 32, 20351 }, // U+049B
    { 15, 18, 268, 2, 18, 34, 20383 }, // U+049C
    { 14, 14, 248, 2, 14, 25, 20417 }, // U+049D
    { 16, 18, 277, 1, 18, 36, 20442 }, // U+049E
    { 15, 19, 251, 1, 19, 36, 20478 }, // U+049F
    { 19, 18, 293, 0, 18, 43, 20514 }, // U+04A0
    { 19, 14, 278, 0, 14, 34, 20557 }, // U+04A1
    { 17, 22, 316, 2, 18, 47, 20591 }, // U+04A2
    { 14, 18, 277, 2, 14, 32, 20638 }, // U+04A3
    { 19, 18, 334, 2, 18, 43, 20670 }, // U+04A4
    { 17, 14, 303, 2, 14, 30, 20713 }, // U+04A5
    { 25, 24, 450, 2, 18, 75, 20743 }, // U+04A6
    { 20, 20, 356, 2, 14, 50, 20818 }, // U+04A7
    { 17, 19, 311, 1, 18, 41, 20868 }, // U+04A8
    { 15, 15, 262, 1, 14, 29, 20909 }, // U+04A9
    { 14, 24, 257, 1, 18, 42, 20938 }, // U+04AA
    { 11, 20, 206, 1, 14, 28, 20980 }, // U+04AB
    { 13, 23, 232, 1, 18, 38, 21008 }, // U+04AC
    { 13, 19, 220, 1, 14, 31, 21046 }, // U+04AD
    { 16, 18, 252, 0, 18, 36, 21077 }, // U+04AE
    { 14, 18, 244, 1, 14, 32, 21113 }, // U+04AF
    { 16, 18, 280, 0, 18, 36, 21145 }, // U+04B0
    { 14, 18, 244, 1, 14, 32, 21181 }, // U+04B1
    { 18, 22, 302, 1, 18, 50, 21213 }, // U+04B2
    { 15, 18, 277, 1, 14, 34, 21263 }, // U+04B3
    { 22, 23, 372, 1, 18, 64, 21297 }, // U+04B4
    { 19, 19, 316, 1, 14, 46, 21361 }, // U+04B5
    { 16, 22, 296, 1, 18, 44, 21407 }, // U+04B6
    { 15, 18, 289, 2, 14, 34, 21451 }, // U+04B7
    { 15, 18, 294, 2, 18, 34, 21485 }, // U+04B8
    { 13, 14, 264, 1, 14, 23, 21519 }, // U+04B9
    { 14, 18, 269, 2, 18, 32, 21542 }, // U+04BA
    { 12, 18, 244, 2, 18, 27, 21574 }, // U+04BB
    { 22, 18, 379, 0, 18, 50, 21601 }, // U+04BC
    { 17, 14, 283, 0, 14, 30, 21651 }, // U+04BD
    { 22, 23, 379, 0, 18, 64, 21681 }, // U+04BE
    { 17, 19, 283, 0, 14, 41, 21745 }, // U+04BF
    { 4, 18, 120, 2, 18, 9, 21786 }, // U+04C0
    { 24, 24, 400, 0, 24, 72, 21795 }, // U+04C1
    { 21, 20, 346, 0, 20, 53, 21867 }, // U+04C2
    { 16, 24, 304, 2, 18, 48, 21920 }, // U+04C3
    { 14, 20, 261, 2, 14, 35, 21968 }, // U+04C4
    { 21, 23, 335, 0, 18, 61, 22003 }, // U+04C5
    { 19, 18, 291, 0, 14, 43, 22064 }, // U+04C6
    { 15, 24, 306, 2, 18, 45, 22107 }, // U+04C7
    { 13, 20, 265, 2, 14, 33, 22152 }, // U+04C8
    { 19, 23, 343, 2, 18, 55, 22185 }, // U+04C9
    { 17, 19, 298, 2, 14, 41, 22240 }, // U+04CA
    { 15, 23, 294, 2, 18, 44, 22281 }, // U+04CB
    { 13, 19, 262, 1, 14, 31, 22325 }, // U+04CC
    { 23, 23, 414, 2, 18, 67, 22356 }, // U+04CD
    { 21, 19, 370, 2, 14, 50, 22423 }, // U+04CE
    { 4, 18, 119, 2, 18, 9, 22473 }, // U+04CF
    { 17, 24, 277, 0, 24, 51, 22482 }, // U+04D0
    { 12, 20, 240, 1, 20, 30, 22533 }, // U+04D1
    { 17, 23, 277, 0, 23, 49, 22563 }, // U+04D2
    { 12, 19, 240, 1, 19, 29, 22612 }, // U+04D3
    { 23, 18, 381, 0, 18, 52, 22641 }, // U+04D4
    { 21, 14, 367, 1, 14, 37, 22693 }, // U+04D5
    { 11, 24, 224, 2, 24, 33, 22730 }, // U+04D6
    { 13, 20, 239, 1, 20, 33, 22763 }, // U+04D7
    { 17, 18, 303, 1, 18, 39, 22796 }, // U+04D8
    { 13, 14, 242, 1, 14, 23, 22835 }, // U+04D9
    { 17, 23, 327, 2, 23, 49, 22858 }, // U+04DA
    { 13, 19, 239, 1, 19, 31, 22907 }, // U+04DB
    { 25, 23, 400, 0, 23, 72, 22938 }, // U+04DC
    { 21, 19, 346, 0, 19, 50, 23010 }, // U+04DD
    { 13, 23, 237, 1, 23, 38, 23060 }, // U+04DE
    { 11, 19, 206, 1, 19, 27, 23098 }, // U+04DF
    { 14, 18, 236, 0, 18, 32, 23125 }, // U+04E0
    { 13, 20, 232, 0, 14, 33, 23157 }, // U+04E1
    { 15, 23, 299, 2, 23, 44, 23190 }, // U+04E2
    { 12, 18, 238, 2, 18, 27, 23234 }, // U+04E3
    { 15, 23, 316, 2, 23, 44, 23261 }, // U+04E4
    { 13, 19, 270, 2, 19, 31, 23305 }, // U+04E5
    { 17, 23, 316, 1, 23, 49, 23336 }, // U+04E6
    { 13, 19, 250, 1, 19, 31, 23385 }, // U+04E7
    { 17, 18, 310, 1, 18, 39, 23416 }, // U+04E8
    { 14, 14, 248, 1, 14, 25, 23455 }, // U+04E9
    { 17, 23, 316, 1, 23, 49, 23480 }, // U+04EA
    { 13, 19, 250, 1, 19, 31, 23529 }, // U+04EB
    { 14, 23, 261, 1, 23, 41, 23560 }, // U+04EC
    { 12, 19, 210, 0, 19, 29, 23601 }, // U+04ED
    { 14, 23, 245, 0, 23, 41, 23630 }, // U+04EE
    { 13, 22, 234, 1, 18, 36, 23671 }, // U+04EF
    { 16, 23, 258, 1, 23, 46, 23707 }, // U+04F0
    { 15, 25, 228, 0, 19, 47, 23753 }, // U+04F1
    { 16, 24, 258, 1, 24, 48, 23800 }, // U+04F2
    { 14, 25, 228, 0, 19, 44, 23848 }, // U+04F3
    { 14, 23, 288, 2, 23, 41, 23892 }, // U+04F4
    { 13, 19, 255, 1, 19, 31, 23933 }, // U+04F5
    { 12, 23, 224, 2, 18, 35, 23964 }, // U+04F6
    { 10, 19, 191, 2, 14, 24, 23999 }, // U+04F7
    { 19, 23, 368, 2, 23, 55, 24023 }, // U+04F8
    { 17, 19, 342, 2, 19, 41, 24078 }, // U+04F9
    { 13, 24, 224, 1, 18, 39, 24119 }, // U+04FA
    { 12, 20, 196, 1, 14, 30, 24158 }, // U+04FB
    { 18, 24, 292, 0, 18, 54, 24188 }, // U+04FC
    { 15, 20, 258, 0, 14, 38, 24242 }, // U+04FD
    { 16, 18, 268, 0, 18, 36, 24280 }, // U+04FE
    { 14, 14, 231, 0, 14, 25, 24316 }, // U+04FF
    { 16, 15, 267, 0, 15, 30, 24341 }, // U+05D0
    { 14, 15, 231, 1, 15, 27, 24371 }, // U+05D1
    { 10, 15, 172, 1, 15, 19, 24398 }, // U+05D2
    { 13, 15, 224, 0, 15, 25, 24417 }, // U+05D3
    { 14, 15, 260, 1, 15, 27, 24442 }, // U+05D4
    { 7, 15, 142, 1, 15, 14, 24469 }, // U+05D5
    { 8, 15, 154, 1, 15, 15, 24483 }, // U+05D6
    { 15, 15, 270, 1, 15, 29, 24498 }, // U+05D7
    { 15, 15, 260, 1, 15, 29, 24527 }, // U+05D8
    { 7, 9, 140, 1, 15, 8, 24556 }, // U+05D9
    { 12, 19, 222, 1, 15, 29, 24564 }, // U+05DA
    { 12, 15, 204, 0, 15, 23, 24593 }, // U+05DB
    { 13, 19, 222, 1, 19, 31, 24616 }, // U+05DC
    { 15, 15, 273, 1, 15, 29, 24647 }, // U+05DD
    { 17, 15, 282, 0, 15, 32, 24676 }, // U+05DE
    { 7, 19, 143, 1, 15, 17, 24708 }, // U+05DF
    { 9, 15, 163, 0, 15, 17, 24725 }, // U+05E0
    { 15, 15, 271, 1, 15, 29, 24742 }, // U+05E1
    { 15, 16, 252, 1, 15, 30, 24771 }, // U+05E2
    { 14, 19, 258, 1, 15, 34, 24801 }, // U+05E3
    { 14, 15, 249, 1, 15, 27, 24835 }, // U+05E4
    { 14, 19, 241, 0, 15, 34, 24862 }, // U+05E5
    { 14, 15, 239, 0, 15, 27, 24896 }, // U+05E6
    { 15, 19, 260, 1, 15, 36, 24923 }, // U+05E7
    { 11, 15, 212, 1, 15, 21, 24959 }, // U+05E8
    { 17, 15, 315, 1, 15, 32, 24980 }, // U+05E9
    { 15, 15, 284, 1, 15, 29, 25012 }, // U+05EA
    { 6, 7, 138, 1, 7, 6, 25041 }, // U+060C
    { 5, 17, 132, 1, 17, 11, 25047 }, // U+061B
    { 12, 18, 190, 0, 18, 27, 25058 }, // U+061F
    { 12, 13, 202, 0, 12, 20, 25085 }, // U+0621
    { 10, 4, 116, 0, 4, 5, 25105 }, // U+0640
    { 6, 7, 224, 4, 11, 6, 25110 }, // U+0660
    { 6, 17, 224, 4, 17, 13, 25116 }, // U+0661
    { 12, 17, 224, 1, 17, 26, 25129 }, // U+0662
    { 14, 17, 224, 0, 17, 30, 25155 }, // U+0663
    { 12, 17, 224, 1, 17, 26, 25185 }, // U+0664
    { 12, 14, 224, 1, 14, 21, 25211 }, // U+0665
    { 12, 17, 224, 1, 17, 26, 25232 }, // U+0666
    { 14, 17, 224, 0, 17, 30, 25258 }, // U+0667
    { 14, 18, 224, 0, 17, 32, 25288 }, // U+0668
    { 12, 17, 224, 1, 17, 26, 25320 }, // U+0669
    { 16, 16, 298, 1, 10, 32, 25346 }, // U+06BA
    { 7, 2, 129, 1, 2, 2, 25378 }, // U+06D4
    { 6, 7, 224, 4, 11, 6, 25380 }, // U+06F0
    { 6, 17, 224, 4, 17, 13, 25386 }, // U+06F1
    { 12, 17, 224, 1, 17, 26, 25399 }, // U+06F2
    { 14, 17, 224, 0, 17, 30, 25425 }, // U+06F3
    { 14, 17, 224, 0, 17, 30, 25455 }, // U+06F4
    { 14, 17, 224, 0, 17, 30, 25485 }, // U+06F5
    { 12, 18, 224, 1, 17, 27, 25515 }, // U+06F6
    { 14, 17, 224, 0, 17, 30, 25542 }, // U+06F7
    { 14, 18, 224, 0, 17, 32, 25572 }, // U+06F8
    { 12, 17, 224, 1, 17, 26, 25604 }, // U+06F9
    { 18, 23, 277, 0, 18, 52, 25630 }, // U+1EA0
    { 12, 19, 240, 1, 14, 29, 25682 }, // U+1EA1
    { 17, 25, 277, 0, 25, 54, 25711 }, // U+1EA2
    { 12, 21, 240, 1, 21, 32, 25765 }, // U+1EA3
    { 17, 25, 277, 0, 25, 54, 25797 }, // U+1EA4
    { 14, 21, 240, 1, 21, 37, 25851 }, // U+1EA5
    { 17, 25, 277, 0, 25, 54, 25888 }, // U+1EA6
    { 14, 21, 240, -1, 21, 37, 25942 }, // U+1EA7
    { 18, 26, 277, 0, 26, 59, 25979 }, // U+1EA8
    { 14, 22, 240, 1, 22, 39, 26038 }, // U+1EA9
    { 17, 26, 277, 0, 26, 56, 26077 }, // U+1EAA
    { 12, 23, 240, 1, 23, 35, 26133 }, // U+1EAB
    { 18, 29, 277, 0, 24, 66, 26168 }, // U+1EAC
    { 12, 24, 240, 1, 19, 36, 26234 }, // U+1EAD
    { 17, 25, 277, 0, 25, 54, 26270 }, // U+1EAE
    { 12, 22, 240, 1, 22, 33, 26324 }, // U+1EAF
    { 17, 25, 277, 0, 25, 54, 26357 }, // U+1EB0
    { 12, 22, 240, 1, 22, 33, 26411 }, // U+1EB1
    { 18, 26, 277, 0, 26, 59, 26444 }, // U+1EB2
    { 12, 22, 240, 1, 22, 33, 26503 }, // U+1EB3
    { 18, 27, 277, 0, 27, 61, 26536 }, // U+1EB4
    { 12, 23, 240, 1, 23, 35, 26597 }, // U+1EB5
    { 18, 29, 277, 0, 24, 66, 26632 }, // U+1EB6
    { 12, 24, 240, 1, 19, 36, 26698 }, // U+1EB7
    { 11, 23, 224, 2, 18, 32, 26734 }, // U+1EB8
    { 13, 19, 239, 1, 14, 31, 26766 }, // U+1EB9
    { 11, 25, 224, 2, 25, 35, 26797 }, // U+1EBA
    { 13, 21, 239, 1, 21, 35, 26832 }, // U+1EBB
    { 13, 24, 249, 2, 24, 39, 26867 }, // U+1EBC
    { 13, 19, 242, 1, 19, 31, 26906 }, // U+1EBD
    { 13, 25, 224, 2, 25, 41, 26937 }, // U+1EBE
    { 15, 21, 239, 1, 21, 40, 26978 }, // U+1EBF
    { 15, 25, 224, -2, 25, 47, 27018 }, // U+1EC0
    { 15, 21, 239, -1, 21, 40, 27065 }, // U+1EC1
    { 12, 26, 224, 2, 26, 39, 27105 }, // U+1EC2
    { 14, 22, 239, 1, 22, 39, 27144 }, // U+1EC3
    { 11, 26, 224, 2, 26, 36, 27183 }, // U+1EC4
    { 13, 23, 239, 1, 23, 38, 27219 }, // U+1EC5
    { 11, 29, 224, 2, 24, 40, 27257 }, // U+1EC6
    { 13, 24, 239, 1, 19, 39, 27297 }, // U+1EC7
    { 8, 25, 156, 1, 25, 25, 27336 }, // U+1EC8
    { 6, 21, 120, 1, 21, 16, 27361 }, // U+1EC9
    { 8, 23, 156, 1, 18, 23, 27377 }, // U+1ECA
    { 4, 24, 120, 2, 19, 12, 27400 }, // U+1ECB
    { 17, 23, 316, 1, 18, 49, 27412 }, // U+1ECC
    { 13, 19, 250, 1, 14, 31, 27461 }, // U+1ECD
    { 17, 25, 316, 1, 25, 54, 27492 }, // U+1ECE
    { 13, 21, 250, 1, 21, 35, 27546 }, // U+1ECF
    { 17, 25, 316, 1, 25, 54, 27581 }, // U+1ED0
    { 14, 21, 250, 1, 21, 37, 27635 }, // U+1ED1
    { 17, 25, 316, 1, 25, 54, 27672 }, // U+1ED2
    { 15, 21, 250, -1, 21, 40, 27726 }, // U+1ED3
    { 17, 26, 316, 1, 26, 56, 27766 }, // U+1ED4
    { 14, 22, 250, 1, 22, 39, 27822 }, // U+1ED5
    { 17, 27, 316, 1, 27, 58, 27861 }, // U+1ED6
    { 13, 23, 250, 1, 23, 38, 27919 }, // U+1ED7
    { 17, 29, 316, 1, 24, 62, 27957 }, // U+1ED8
    { 13, 24, 250, 1, 19, 39, 28019 }, // U+1ED9
    { 20, 24, 328, 1, 24, 60, 28058 }, // U+1EDA
    { 16, 19, 272, 1, 19, 38, 28118 }, // U+1EDB
    { 20, 24, 328, 1, 24, 60, 28156 }, // U+1EDC
    { 16, 19, 272, 1, 19, 38, 28216 }, // U+1EDD
    { 20, 25, 328, 1, 25, 63, 28254 }, // U+1EDE
    { 16, 21, 272, 1, 21, 42, 28317 }, // U+1EDF
    { 20, 24, 328, 1, 24, 60, 28359 }, // U+1EE0
    { 16, 19, 272, 1, 19, 38, 28419 }, // U+1EE1
    { 20, 24, 328, 1, 19, 60, 28457 }, // U+1EE2
    { 16, 21, 272, 1, 16, 42, 28517 }, // U+1EE3
    { 15, 23, 302, 2, 18, 44, 28559 }, // U+1EE4
    { 13, 19, 260, 2, 14, 31, 28603 }, // U+1EE5
    { 15, 25, 302, 2, 25, 47, 28634 }, // U+1EE6
    { 13, 21, 260, 2, 21, 35, 28681 }, // U+1EE7
    { 20, 24, 354, 2, 24, 60, 28716 }, // U+1EE8
    { 18, 19, 303, 2, 19, 43, 28776 }, // U+1EE9
    { 20, 24, 354, 2, 24, 60, 28819 }, // U+1EEA
    { 18, 19, 303, 2, 19, 43, 28879 }, // U+1EEB
    { 20, 25, 354, 2, 25, 63, 28922 }, // U+1EEC
    { 18, 21, 303, 2, 21, 48, 28985 }, // U+1EED
    { 20, 24, 354, 2, 24, 60, 29033 }, // U+1EEE
    { 18, 19, 303, 2, 19, 43, 29093 }, // U+1EEF
    { 20, 24, 354, 2, 19, 60, 29136 }, // U+1EF0
    { 18, 21, 303, 2, 16, 48, 29196 }, // U+1EF1
    { 16, 24, 252, 0, 24, 48, 29244 }, // U+1EF2
    { 13, 23, 234, 1, 19, 38, 29292 }, // U+1EF3
    { 16, 23, 250, 0, 18, 46, 29330 }, // U+1EF4
    { 14, 20, 228, 0, 14, 35, 29376 }, // U+1EF5
    { 16, 25, 250, 0, 25, 50, 29411 }, // U+1EF6
    { 14, 27, 228, 0, 21, 48, 29461 }, // U+1EF7
    { 17, 24, 252, 0, 24, 51, 29509 }, // U+1EF8
    { 15, 23, 234, 0, 19, 44, 29560 }, // U+1EF9
    { 1, 1, 200, 0, 1, 1, 29604 }, // U+2000
    { 1, 1, 400, 0, 1, 1, 29605 }, // U+2001
    { 1, 1, 200, 0, 1, 1, 29606 }, // U+2002
    { 1, 1, 400, 0, 1, 1, 29607 }, // U+2003
    { 1, 1, 133, 0, 1, 1, 29608 }, // U+2004
    { 1, 1, 100, 0, 1, 1, 29609 }, // U+2005
    { 1, 1, 67, 0, 1, 1, 29610 }, // U+2006
    { 1, 1, 229, 0, 1, 1, 29611 }, // U+2007
    { 1, 1, 112, 0, 1, 1, 29612 }, // U+2008
    { 1, 1, 66, 0, 1, 1, 29613 }, // U+2009
    { 1, 1, 40, 0, 1, 1, 29614 }, // U+200A
    { 1, 1, 0, 0, 1, 1, 29615 }, // U+200B
    { 1, 1, 0, 0, 1, 1, 29616 }, // U+200C
    { 1, 1, 0, 0, 1, 1, 29617 }, // U+200D
    { 6, 21, 0, 0, 17, 16, 29618 }, // U+200E
    { 6, 21, 0, -5, 17, 16, 29634 }, // U+200F
    { 7, 3, 128, 1, 8, 3, 29650 }, // U+2010
    { 7, 3, 128, 1, 8, 3, 29653 }, // U+2011
    { 12, 3, 231, 1, 10, 5, 29656 }, // U+2012
    { 13, 3, 238, 1, 9, 5, 29661 }, // U+2013
    { 21, 3, 364, 1, 9, 8, 29666 }, // U+2014
    { 23, 3, 400, 1, 8, 9, 29674 }, // U+2015
    { 9, 25, 220, 2, 19, 29, 29683 }, // U+2016
    { 10, 5, 164, 0, 0, 7, 29712 }, // U+2017
    { 4, 8, 99, 1, 18, 4, 29719 }, // U+2018
    { 4, 8, 99, 1, 18, 4, 29723 }, // U+2019
    { 4, 8, 94, 1, 4, 4, 29727 }, // U+201A
    { 5, 6, 87, 0, 18, 4, 29731 }, // U+201B
    { 9, 8, 185, 1, 18, 9, 29735 }, // U+201C
    { 9, 8, 185, 1, 18, 9, 29744 }, // U+201D
    { 9, 8, 181, 1, 4, 9, 29753 }, // U+201E
    { 11, 6, 178, 0, 18, 9, 29762 }, // U+201F
    { 11, 18, 234, 1, 18, 25, 29771 }, // U+2020
    { 11, 18, 234, 1, 18, 25, 29796 }, // U+2021
    { 7, 7, 145, 1, 11, 7, 29821 }, // U+2022
    { 8, 9, 150, 1, 14, 9, 29828 }, // U+2023
    { 4, 4, 200, 4, 4, 2, 29837 }, // U+2024
    { 12, 4, 230, 1, 4, 6, 29839 }, // U+2025
    { 16, 4, 278, 1, 4, 8, 29845 }, // U+2026
    { 4, 4, 112, 1, 9, 2, 29853 }, // U+2027
    { 1, 1, 240, 0, 1, 1, 29855 }, // U+2028
    { 1, 1, 240, 0, 1, 1, 29856 }, // U+2029
    { 6, 19, 0, 0, 15, 15, 29857 }, // U+202A
    { 6, 19, 0, -5, 15, 15, 29872 }, // U+202B
    { 6, 21, 0, -3, 17, 16, 29887 }, // U+202C
    { 5, 21, 0, -3, 17, 14, 29903 }, // U+202D
    { 5, 21, 0, -2, 17, 14, 29917 }, // U+202E
    { 1, 1, 66, 0, 1, 1, 29931 }, // U+202F
    { 29, 18, 484, 1, 18, 66, 29932 }, // U+2030
    { 40, 18, 667, 1, 18, 90, 29998 }, // U+2031
    { 4, 6, 102, 1, 18, 3, 30088 }, // U+2032
    { 9, 6, 174, 1, 18, 7, 30091 }, // U+2033
    { 18, 6, 298, 1, 18, 14, 30098 }, // U+2034
    { 7, 7, 169, 1, 18, 7, 30112 }, // U+2035
    { 12, 6, 257, 1, 18, 9, 30119 }, // U+2036
    { 18, 6, 346, 1, 18, 14, 30128 }, // U+2037
    { 10, 8, 163, 0, 2, 10, 30142 }, // U+2038
    { 8, 10, 152, 1, 12, 10, 30152 }, // U+2039
    { 8, 10, 152, 1, 12, 10, 30162 }, // U+203A
    { 19, 18, 340, 1, 18, 43, 30172 }, // U+203B
    { 11, 18, 228, 1, 18, 25, 30215 }, // U+203C
    { 12, 18, 191, 0, 18, 27, 30240 }, // U+203D
    { 13, 3, 200, 0, 22, 5, 30267 }, // U+203E
    { 15, 5, 244, 0, -1, 10, 30272 }, // U+203F
    { 15, 5, 244, 0, 20, 10, 30282 }, // U+2040
    { 9, 16, 170, 1, 10, 18, 30292 }, // U+2041
    { 28, 23, 448, 0, 19, 81, 30310 }, // U+2042
    { 7, 3, 128, 1, 8, 3, 30391 }, // U+2043
    { 14, 18, 66, -5, 18, 32, 30394 }, // U+2044
    { 6, 23, 132, 2, 18, 18, 30426 }, // U+2045
    { 6, 23, 132, 0, 18, 18, 30444 }, // U+2046
    { 23, 18, 380, 0, 18, 52, 30462 }, // U+2047
    { 17, 18, 305, 0, 18, 39, 30514 }, // U+2048
    { 17, 18, 305, 1, 18, 39, 30553 }, // U+2049
    { 12, 14, 235, 1, 14, 21, 30592 }, // U+204A
    { 13, 23, 259, 2, 19, 38, 30613 }, // U+204B
    { 13, 13, 262, 1, 14, 22, 30651 }, // U+204C
    { 13, 13, 262, 2, 14, 22, 30673 }, // U+204D
    { 12, 12, 217, 1, 7, 18, 30695 }, // U+204E
    { 5, 17, 114, 1, 14, 11, 30713 }, // U+204F
    { 15, 26, 240, 0, 20, 49, 30724 }, // U+2050
    { 12, 24, 217, 1, 19, 36, 30773 }, // U+2051
    { 10, 18, 169, 1, 18, 23, 30809 }, // U+2052
    { 23, 4, 400, 1, 9, 12, 30832 }, // U+2053
    { 15, 5, 240, 0, -1, 10, 30844 }, // U+2054
    { 13, 12, 224, 1, 12, 20, 30854 }, // U+2055
    { 11, 18, 232, 1, 18, 25, 30874 }, // U+2056
    { 23, 6, 374, 1, 18, 18, 30899 }, // U+2057
    { 18, 18, 349, 1, 18, 41, 30917 }, // U+2058
    { 18, 18, 349, 1, 18, 41, 30958 }, // U+2059
    { 4, 18, 114, 1, 18, 9, 30999 }, // U+205A
    { 14, 20, 277, 1, 20, 35, 31008 }, // U+205B
    { 19, 19, 341, 1, 19, 46, 31043 }, // U+205C
    { 4, 19, 112, 1, 19, 10, 31089 }, // U+205D
    { 4, 18, 114, 1, 18, 9, 31099 }, // U+205E
    { 1, 1, 89, 0, 1, 1, 31108 }, // U+205F
    { 1, 1, 240, 0, 1, 1, 31109 }, // U+2060
    { 1, 1, 240, 0, 1, 1, 31110 }, // U+2061
    { 1, 1, 240, 0, 1, 1, 31111 }, // U+2062
    { 1, 1, 240, 0, 1, 1, 31112 }, // U+2063
    { 1, 1, 240, 0, 1, 1, 31113 }, // U+2064
    { 1, 1, 0, 0, 1, 1, 31114 }, // U+2066
    { 1, 1, 0, 0, 1, 1, 31115 }, // U+2067
    { 1, 1, 0, 0, 1, 1, 31116 }, // U+2068
    { 1, 1, 0, 0, 1, 1, 31117 }, // U+2069
    { 5, 21, 0, -2, 17, 14, 31118 }, // U+206A
    { 5, 21, 0, -3, 17, 14, 31132 }, // U+206B
    { 5, 20, 0, -2, 17, 13, 31146 }, // U+206C
    { 5, 21, 0, -2, 18, 14, 31159 }, // U+206D
    { 5, 21, 0, -2, 18, 14, 31173 }, // U+206E
    { 5, 21, 0, -2, 17, 14, 31187 }, // U+206F
    { 8, 10, 171, 1, 18, 10, 31201 }, // U+2070
    { 2, 12, 78, 1, 19, 3, 31211 }, // U+2071
    { 8, 10, 144, 1, 18, 10, 31214 }, // U+2074
    { 7, 10, 152, 1, 18, 9, 31224 }, // U+2075
    { 8, 10, 161, 1, 18, 10, 31233 }, // U+2076
    { 7, 10, 126, 1, 18, 9, 31243 }, // U+2077
    { 8, 10, 154, 1, 18, 10, 31252 }, // U+2078
    { 8, 10, 161, 1, 18, 10, 31262 }, // U+2079
    { 7, 7, 144, 1, 18, 7, 31272 }, // U+207A
    { 7, 2, 144, 1, 16, 2, 31279 }, // U+207B
    { 7, 4, 144, 1, 17, 4, 31281 }, // U+207C
    { 4, 14, 97, 2, 23, 7, 31285 }, // U+207D
    { 4, 14, 97, 0, 23, 7, 31292 }, // U+207E
    { 8, 8, 169, 1, 15, 8, 31299 }, // U+207F
    { 8, 9, 171, 1, 7, 9, 31307 }, // U+2080
    { 5, 9, 113, 0, 7, 6, 31316 }, // U+2081
    { 7, 9, 149, 1, 7, 8, 31322 }, // U+2082
    { 8, 9, 148, 1, 7, 9, 31330 }, // U+2083
    { 8, 9, 144, 1, 7, 9, 31339 }, // U+2084
    { 7, 9, 152, 1, 7, 8, 31348 }, // U+2085
    { 8, 9, 161, 1, 7, 9, 31356 }, // U+2086
    { 7, 9, 126, 1, 7, 8, 31365 }, // U+2087
    { 8, 9, 154, 1, 7, 9, 31373 }, // U+2088
    { 8, 9, 161, 1, 7, 9, 31382 }, // U+2089
    { 7, 7, 144, 1, 6, 7, 31391 }, // U+208A
    { 7, 1, 144, 1, 3, 1, 31398 }, // U+208B
    { 7, 4, 144, 1, 4, 4, 31399 }, // U+208C
    { 4, 14, 97, 2, 9, 7, 31403 }, // U+208D
    { 4, 14, 97, 0, 9, 7, 31410 }, // U+208E
    { 8, 8, 156, 1, 6, 8, 31417 }, // U+2090
    { 8, 8, 155, 1, 6, 8, 31425 }, // U+2091
    { 8, 8, 162, 1, 6, 8, 31433 }, // U+2092
    { 9, 8, 150, 0, 6, 9, 31441 }, // U+2093
    { 8, 8, 155, 1, 6, 8, 31450 }, // U+2094
    { 8, 11, 169, 1, 9, 11, 31458 }, // U+2095
    { 9, 11, 158, 1, 9, 13, 31469 }, // U+2096
    { 3, 11, 78, 1, 9, 5, 31482 }, // U+2097
    { 13, 8, 254, 1, 6, 13, 31487 }, // U+2098
    { 8, 8, 169, 1, 6, 8, 31500 }, // U+2099
    { 9, 12, 164, 1, 6, 14, 31508 }, // U+209A
    { 8, 8, 130, 0, 6, 8, 31522 }, // U+209B
    { 6, 10, 110, 1, 8, 8, 31530 }, // U+209C
    { 13, 18, 229, 1, 18, 30, 31538 }, // U+20A0
    { 14, 21, 244, 1, 19, 37, 31568 }, // U+20A1
    { 13, 18, 229, 1, 18, 30, 31605 }, // U+20A2
    { 13, 18, 229, 1, 18, 30, 31635 }, // U+20A3
    { 13, 18, 229, 1, 18, 30, 31665 }, // U+20A4
    { 20, 20, 390, 2, 17, 50, 31695 }, // U+20A5
    { 14, 18, 229, 1, 18, 32, 31745 }, // U+20A6
    { 19, 18, 356, 2, 18, 43, 31777 }, // U+20A7
    { 21, 18, 367, 2, 18, 48, 31820 }, // U+20A8
    { 18, 18, 295, 1, 18, 41, 31868 }, // U+20A9
    { 18, 18, 346, 2, 18, 41, 31909 }, // U+20AA
    { 15, 22, 258, 1, 19, 42, 31950 }, // U+20AB
    { 17, 18, 306, 1, 18, 39, 31992 }, // U+20AC
    { 14, 18, 229, 1, 18, 32, 32031 }, // U+20AD
    { 13, 18, 229, 1, 18, 30, 32063 }, // U+20AE
    { 24, 24, 404, 0, 18, 72, 32093 }, // U+20AF
    { 14, 24, 244, 0, 18, 42, 32165 }, // U+20B0
    { 14, 18, 229, 1, 18, 32, 32207 }, // U+20B1
    { 15, 21, 294, 1, 19, 40, 32239 }, // U+20B2
    { 16, 18, 260, 1, 18, 36, 32279 }, // U+20B3
    { 16, 18, 291, 1, 18, 36, 32315 }, // U+20B4
    { 14, 21, 255, 1, 19, 37, 32351 }, // U+20B5
    { 17, 16, 278, 1, 16, 34, 32388 }, // U+20B6
    { 17, 20, 292, 0, 18, 43, 32422 }, // U+20B7
    { 13, 18, 229, 1, 18, 30, 32465 }, // U+20B8
    { 14, 18, 284, 2, 18, 32, 32495 }, // U+20B9
    { 14, 18, 229, 1, 18, 32, 32527 }, // U+20BA
    { 20, 18, 325, 1, 18, 45, 32559 }, // U+20BB
    { 20, 18, 350, 1, 18, 45, 32604 }, // U+20BC
    { 17, 18, 294, 0, 18, 39, 32649 }, // U+20BD
    { 17, 19, 316, 1, 19, 41, 32688 }, // U+20BE
    { 11, 23, 229, 2, 20, 32, 32729 }, // U+20BF
    { 11, 19, 210, 1, 14, 27, 32761 }, // U+20C0
    { 18, 15, 318, 1, 16, 34, 32788 }, // U+2190
    { 16, 17, 282, 1, 17, 34, 32822 }, // U+2191
    { 18, 15, 318, 1, 16, 34, 32856 }, // U+2192
    { 16, 17, 282, 1, 17, 34, 32890 }, // U+2193
    { 25, 15, 433, 1, 16, 47, 32924 }, // U+2194
    { 16, 24, 282, 1, 20, 48, 32971 }, // U+2195
    { 14, 13, 255, 1, 17, 23, 33019 }, // U+2196
    { 14, 13, 255, 1, 17, 23, 33042 }, // U+2197
    { 14, 13, 256, 1, 13, 23, 33065 }, // U+2198
    { 14, 13, 256, 1, 13, 23, 33088 }, // U+2199
    { 14, 7, 259, 1, 12, 13, 33111 }, // U+219D
    { 15, 14, 264, 1, 17, 27, 33124 }, // U+21A9
    { 15, 14, 264, 1, 17, 27, 33151 }, // U+21AA
    { 15, 16, 264, 1, 16, 30, 33178 }, // U+21B0
    { 15, 16, 264, 1, 16, 30, 33208 }, // U+21B1
    { 15, 16, 264, 1, 18, 30, 33238 }, // U+21B3
    { 15, 18, 264, 0, 18, 34, 33268 }, // U+21B4
    { 15, 16, 264, 1, 18, 30, 33302 }, // U+21B5
    { 14, 10, 266, 1, 14, 18, 33332 }, // U+21E4
    { 14, 10, 266, 1, 14, 18, 33350 }, // U+21E5
    { 22, 18, 353, 0, 18, 50, 33368 }, // U+21E7
    { 13, 17, 228, 1, 17, 28, 33418 }, // U+2202
    { 15, 18, 261, 1, 18, 34, 33446 }, // U+2206
    { 16, 21, 272, 1, 18, 42, 33480 }, // U+220F
    { 12, 18, 218, 1, 18, 27, 33522 }, // U+2211
    { 12, 3, 218, 1, 9, 5, 33549 }, // U+2212
    { 18, 22, 292, 0, 18, 50, 33554 }, // U+221A
    { 19, 9, 337, 1, 11, 22, 33604 }, // U+221E
    { 11, 22, 181, 0, 18, 31, 33626 }, // U+222B
    { 11, 10, 209, 1, 13, 14, 33657 }, // U+2248
    { 12, 13, 221, 1, 14, 20, 33671 }, // U+2260
    { 12, 14, 223, 1, 14, 21, 33691 }, // U+2264
    { 12, 14, 223, 1, 14, 21, 33712 }, // U+2265
    { 20, 19, 309, 1, 19, 48, 33733 }, // U+FB00
    { 16, 18, 286, 1, 18, 36, 33781 }, // U+FB01
    { 17, 18, 298, 1, 18, 39, 33817 }, // U+FB02
    { 25, 19, 428, 1, 19, 60, 33856 }, // U+FB03
    { 25, 19, 432, 1, 19, 60, 33916 }, // U+FB04
    { 16, 19, 313, 2, 19, 38, 33976 }, // U+FB05
    { 21, 19, 372, 1, 19, 50, 34014 }, // U+FB06
    { 24, 23, 417, 1, 12, 69, 34064 }, // U+FB56
    { 30, 22, 457, 1, 11, 83, 34133 }, // U+FB57
    { 9, 23, 157, 0, 13, 26, 34216 }, // U+FB58
    { 13, 19, 173, 0, 9, 31, 34242 }, // U+FB59
    { 24, 20, 417, 1, 19, 60, 34273 }, // U+FB66
    { 30, 20, 457, 1, 19, 75, 34333 }, // U+FB67
    { 7, 23, 131, 0, 23, 21, 34408 }, // U+FB68
    { 13, 20, 173, 0, 20, 33, 34429 }, // U+FB69
    { 16, 24, 284, 1, 14, 48, 34462 }, // U+FB7A
    { 21, 24, 308, 1, 14, 63, 34510 }, // U+FB7B
    { 16, 22, 263, 0, 12, 44, 34573 }, // U+FB7C
    { 20, 22, 275, 0, 12, 55, 34617 }, // U+FB7D
    { 11, 23, 212, 1, 23, 32, 34672 }, // U+FB88
    { 16, 23, 228, 1, 23, 46, 34704 }, // U+FB89
    { 10, 26, 166, -1, 20, 33, 34750 }, // U+FB8A
    { 14, 26, 176, -1, 20, 46, 34783 }, // U+FB8B
    { 10, 26, 166, -1, 20, 33, 34829 }, // U+FB8C
    { 14, 26, 176, -1, 20, 46, 34862 }, // U+FB8D
    { 23, 20, 378, 1, 19, 58, 34908 }, // U+FB8E
    { 26, 20, 393, 1, 19, 65, 34966 }, // U+FB8F
    { 12, 19, 187, 0, 19, 29, 35031 }, // U+FB90
    { 15, 19, 202, 0, 19, 36, 35060 }, // U+FB91
    { 23, 24, 378, 1, 23, 69, 35096 }, // U+FB92
    { 26, 24, 393, 1, 23, 78, 35165 }, // U+FB93
    { 13, 23, 187, -1, 23, 38, 35243 }, // U+FB94
    { 16, 23, 202, -1, 23, 46, 35281 }, // U+FB95
    { 16, 16, 298, 1, 10, 32, 35327 }, // U+FB9E
    { 21, 15, 313, 1, 9, 40, 35359 }, // U+FB9F
    { 11, 15, 208, 1, 15, 21, 35399 }, // U+FBA6
    { 18, 11, 251, 0, 11, 25, 35420 }, // U+FBA7
    { 7, 18, 128, 0, 13, 16, 35445 }, // U+FBA8
    { 15, 13, 204, 0, 6, 25, 35461 }, // U+FBA9
    { 18, 15, 312, 0, 15, 34, 35486 }, // U+FBAA
    { 20, 19, 287, 0, 13, 48, 35520 }, // U+FBAB
    { 15, 15, 264, 0, 15, 29, 35568 }, // U+FBAC
    { 17, 19, 232, 0, 13, 41, 35597 }, // U+FBAD
    { 21, 15, 368, 1, 14, 40, 35638 }, // U+FBAE
    { 16, 12, 219, 0, 4, 24, 35678 }, // U+FBAF
    { 21, 21, 368, 1, 20, 56, 35702 }, // U+FBB0
    { 16, 20, 219, 0, 12, 40, 35758 }, // U+FBB1
    { 20, 19, 332, 1, 13, 48, 35798 }, // U+FBFC
    { 21, 13, 320, 1, 7, 35, 35846 }, // U+FBFD
    { 9, 19, 157, 0, 13, 22, 35881 }, // U+FBFE
    { 13, 15, 173, 0, 9, 25, 35903 }, // U+FBFF
    { 12, 13, 202, 0, 12, 20, 35928 }, // U+FE80
    { 9, 22, 124, -1, 22, 25, 35948 }, // U+FE81
    { 12, 24, 132, -1, 24, 36, 35973 }, // U+FE82
    { 6, 25, 124, 0, 25, 19, 36009 }, // U+FE83
    { 11, 27, 132, 0, 27, 38, 36028 }, // U+FE84
    { 12, 24, 208, 0, 18, 36, 36066 }, // U+FE85
    { 15, 25, 207, 0, 19, 47, 36102 }, // U+FE86
    { 6, 26, 124, 1, 19, 20, 36149 }, // U+FE87
    { 10, 26, 132, 1, 19, 33, 36169 }, // U+FE88
    { 20, 19, 332, 1, 13, 48, 36202 }, // U+FE89
    { 21, 19, 320, 1, 13, 50, 36250 }, // U+FE8A
    { 7, 21, 131, 0, 21, 19, 36300 }, // U+FE8B
    { 12, 18, 154, 0, 18, 27, 36319 }, // U+FE8C
    { 5, 19, 124, 1, 19, 12, 36346 }, // U+FE8D
    { 10, 19, 132, 1, 19, 24, 36358 }, // U+FE8E
    { 24, 19, 417, 1, 12, 57, 36382 }, // U+FE8F
    { 30, 18, 457, 1, 11, 68, 36439 }, // U+FE90
    { 7, 19, 131, 0, 13, 17, 36507 }, // U+FE91
    { 12, 15, 154, 0, 9, 23, 36524 }, // U+FE92
    { 11, 20, 208, 1, 20, 28, 36547 }, // U+FE93
    { 16, 22, 238, 1, 22, 44, 36575 }, // U+FE94
    { 24, 16, 417, 1, 15, 48, 36619 }, // U+FE95
    { 30, 16, 457, 1, 15, 60, 36667 }, // U+FE96
    { 9, 19, 131, -1, 19, 22, 36727 }, // U+FE97
    { 13, 16, 173, 0, 16, 26, 36749 }, // U+FE98
    { 24, 20, 417, 1, 19, 60, 36775 }, // U+FE99
    { 30, 20, 457, 1, 19, 75, 36835 }, // U+FE9A
    { 9, 23, 131, -1, 23, 26, 36910 }, // U+FE9B
    { 13, 20, 173, 0, 20, 33, 36936 }, // U+FE9C
    { 16, 24, 280, 1, 14, 48, 36969 }, // U+FE9D
    { 19, 24, 288, 1, 14, 57, 37017 }, // U+FE9E
    { 16, 18, 263, 0, 12, 36, 37074 }, // U+FE9F
    { 20, 18, 275, 0, 12, 45, 37110 }, // U+FEA0
    { 16, 24, 280, 1, 14, 48, 37155 }, // U+FEA1
    { 19, 24, 288, 1, 14, 57, 37203 }, // U+FEA2
    { 16, 12, 263, 0, 12, 24, 37260 }, // U+FEA3
    { 20, 12, 275, 0, 12, 30, 37284 }, // U+FEA4
    { 16, 31, 280, 1, 21, 62, 37314 }, // U+FEA5
    { 19, 31, 288, 1, 21, 74, 37376 }, // U+FEA6
    { 16, 19, 263, 0, 19, 38, 37450 }, // U+FEA7
    { 20, 19, 275, 0, 19, 48, 37488 }, // U+FEA8
    { 11, 14, 212, 1, 14, 20, 37536 }, // U+FEA9
    { 16, 14, 228, 1, 14, 28, 37556 }, // U+FEAA
    { 11, 20, 212, 1, 20, 28, 37584 }, // U+FEAB
    { 16, 20, 228, 1, 20, 40, 37612 }, // U+FEAC
    { 10, 16, 166, -1, 10, 20, 37652 }, // U+FEAD
    { 14, 16, 176, -1, 10, 28, 37672 }, // U+FEAE
    { 10, 23, 166, -1, 17, 29, 37700 }, // U+FEAF
    { 14, 23, 176, -1, 17, 41, 37729 }, // U+FEB0
    { 33, 19, 563, 1, 13, 79, 37770 }, // U+FEB1
    { 38, 17, 588, 1, 11, 81, 37849 }, // U+FEB2
    { 24, 13, 402, 0, 13, 39, 37930 }, // U+FEB3
    { 29, 11, 427, 0, 11, 40, 37969 }, // U+FEB4
    { 33, 27, 563, 1, 21, 112, 38009 }, // U+FEB5
    { 38, 27, 588, 1, 21, 129, 38121 }, // U+FEB6
    { 24, 21, 402, 0, 21, 63, 38250 }, // U+FEB7
    { 29, 21, 427, 0, 21, 77, 38313 }, // U+FEB8
    { 34, 18, 580, 1, 12, 77, 38390 }, // U+FEB9
    { 38, 18, 586, 1, 12, 86, 38467 }, // U+FEBA
    { 24, 12, 400, 0, 12, 36, 38553 }, // U+FEBB
    { 28, 12, 409, 0, 12, 42, 38589 }, // U+FEBC
    { 34, 25, 580, 1, 19, 107, 38631 }, // U+FEBD
    { 38, 25, 586, 1, 19, 119, 38738 }, // U+FEBE
    { 24, 19, 400, 0, 19, 57, 38857 }, // U+FEBF
    { 28, 19, 409, 0, 19, 67, 38914 }, // U+FEC0
    { 20, 19, 343, 0, 19, 48, 38981 }, // U+FEC1
    { 24, 19, 348, 0, 19, 57, 39029 }, // U+FEC2
    { 18, 19, 305, 0, 19, 43, 39086 }, // U+FEC3
    { 22, 19, 310, 0, 19, 53, 39129 }, // U+FEC4
    { 20, 19, 343, 0, 19, 48, 39182 }, // U+FEC5
    { 24, 19, 348, 0, 19, 57, 39230 }, // U+FEC6
    { 18, 19, 305, 0, 19, 43, 39287 }, // U+FEC7
    { 22, 19, 310, 0, 19, 53, 39330 }, // U+FEC8
    { 16, 25, 238, 1, 15, 50, 39383 }, // U+FEC9
    { 16, 23, 241, 1, 13, 46, 39433 }, // U+FECA
    { 13, 13, 227, 0, 13, 22, 39479 }, // U+FECB
    { 16, 13, 226, 0, 13, 26, 39501 }, // U+FECC
    { 16, 32, 238, 1, 22, 64, 39527 }, // U+FECD
    { 16, 30, 241, 1, 20, 60, 39591 }, // U+FECE
    { 13, 20, 227, 0, 20, 33, 39651 }, // U+FECF
    { 16, 20, 226, 0, 20, 40, 39684 }, // U+FED0
    { 23, 23, 410, 1, 22, 67, 39724 }, // U+FED1
    { 29, 20, 438, 1, 19, 73, 39791 }, // U+FED2
    { 12, 22, 210, 0, 22, 33, 39864 }, // U+FED3
    { 16, 19, 210, 0, 19, 38, 39897 }, // U+FED4
    { 19, 22, 339, 1, 17, 53, 39935 }, // U+FED5
    { 22, 23, 336, 1, 16, 64, 39988 }, // U+FED6
    { 12, 21, 210, 0, 21, 32, 40052 }, // U+FED7
    { 16, 18, 210, 0, 18, 36, 40084 }, // U+FED8
    { 22, 20, 380, 1, 19, 55, 40120 }, // U+FED9
    { 26, 20, 394, 1, 19, 65, 40175 }, // U+FEDA
    { 12, 19, 187, 0, 19, 29, 40240 }, // U+FEDB
    { 15, 19, 202, 0, 19, 36, 40269 }, // U+FEDC
    { 16, 25, 299, 1, 19, 50, 40305 }, // U+FEDD
    { 21, 25, 313, 1, 19, 66, 40355 }, // U+FEDE
    { 7, 19, 127, 0, 19, 17, 40421 }, // U+FEDF
    { 11, 19, 137, 0, 19, 27, 40438 }, // U+FEE0
    { 14, 22, 236, 0, 12, 39, 40465 }, // U+FEE1
    { 19, 22, 274, 0, 12, 53, 40504 }, // U+FEE2
    { 14, 11, 239, 0, 11, 20, 40557 }, // U+FEE3
    { 19, 12, 266, 0, 12, 29, 40577 }, // U+FEE4
    { 16, 22, 298, 1, 16, 44, 40606 }, // U+FEE5
    { 21, 22, 313, 1, 16, 58, 40650 }, // U+FEE6
    { 7, 20, 131, 0, 20, 18, 40708 }, // U+FEE7
    { 12, 17, 154, 0, 17, 26, 40726 }, // U+FEE8
    { 11, 15, 208, 1, 15, 21, 40752 }, // U+FEE9
    { 16, 16, 238, 1, 16, 32, 40773 }, // U+FEEA
    { 15, 15, 264, 0, 15, 29, 40805 }, // U+FEEB
    { 17, 19, 232, 0, 13, 41, 40834 }, // U+FEEC
    { 12, 17, 208, 0, 11, 26, 40875 }, // U+FEED
    { 15, 17, 207, 0, 11, 32, 40901 }, // U+FEEE
    { 20, 19, 332, 1, 13, 48, 40933 }, // U+FEEF
    { 21, 13, 320, 1, 7, 35, 40981 }, // U+FEF0
    { 20, 25, 332, 1, 13, 63, 41016 }, // U+FEF1
    { 21, 19, 320, 1, 7, 50, 41079 }, // U+FEF2
    { 9, 19, 157, 0, 13, 22, 41129 }, // U+FEF3
    { 13, 15, 173, 0, 9, 25, 41151 }, // U+FEF4
    { 17, 21, 262, -2, 21, 45, 41176 }, // U+FEF5
    { 22, 21, 276, -2, 21, 58, 41221 }, // U+FEF6
    { 15, 24, 262, 0, 24, 45, 41279 }, // U+FEF7
    { 21, 24, 276, -1, 24, 63, 41324 }, // U+FEF8
    { 14, 26, 262, 1, 19, 46, 41387 }, // U+FEF9
    { 19, 26, 276, 1, 19, 62, 41433 }, // U+FEFA
    { 14, 19, 262, 1, 19, 34, 41495 }, // U+FEFB
    { 19, 19, 276, 1, 19, 46, 41529 }, // U+FEFC
    { 23, 23, 400, 1, 19, 67, 41575 }, // U+FFFD
};

static const EpdUnicodeInterval geist_ui_12_boldIntervals[] = {
    { 0x0, 0x0, 0x0 },
    { 0xD, 0xD, 0x1 },
    { 0x20, 0x7E, 0x2 },
    { 0xA0, 0x17F, 0x61 },
    { 0x1A0, 0x1A1, 0x141 },
    { 0x1AF, 0x1B0, 0x143 },
    { 0x1C4, 0x21F, 0x145 },
    { 0x300, 0x36F, 0x1A1 },
    { 0x400, 0x4FF, 0x211 },
    { 0x5D0, 0x5EA, 0x311 },
    { 0x60C, 0x60C, 0x32C },
    { 0x61B, 0x61B, 0x32D },
    { 0x61F, 0x61F, 0x32E },
    { 0x621, 0x621, 0x32F },
    { 0x640, 0x640, 0x330 },
    { 0x660, 0x669, 0x331 },
    { 0x6BA, 0x6BA, 0x33B },
    { 0x6D4, 0x6D4, 0x33C },
    { 0x6F0, 0x6F9, 0x33D },
    { 0x1EA0, 0x1EF9, 0x347 },
    { 0x2000, 0x2064, 0x3A1 },
    { 0x2066, 0x2071, 0x406 },
    { 0x2074, 0x208E, 0x412 },
    { 0x2090, 0x209C, 0x42D },
    { 0x20A0, 0x20C0, 0x43A },
    { 0x2190, 0x2199, 0x45B },
    { 0x219D, 0x219D, 0x465 },
    { 0x21A9, 0x21AA, 0x466 },
    { 0x21B0, 0x21B1, 0x468 },
    { 0x21B3, 0x21B5, 0x46A },
    { 0x21E4, 0x21E5, 0x46D },
    { 0x21E7, 0x21E7, 0x46F },
    { 0x2202, 0x2202, 0x470 },
    { 0x2206, 0x2206, 0x471 },
    { 0x220F, 0x220F, 0x472 },
    { 0x2211, 0x2212, 0x473 },
    { 0x221A, 0x221A, 0x475 },
    { 0x221E, 0x221E, 0x476 },
    { 0x222B, 0x222B, 0x477 },
    { 0x2248, 0x2248, 0x478 },
    { 0x2260, 0x2260, 0x479 },
    { 0x2264, 0x2265, 0x47A },
    { 0xFB00, 0xFB06, 0x47C },
    { 0xFB56, 0xFB59, 0x483 },
    { 0xFB66, 0xFB69, 0x487 },
    { 0xFB7A, 0xFB7D, 0x48B },
    { 0xFB88, 0xFB95, 0x48F },
    { 0xFB9E, 0xFB9F, 0x49D },
    { 0xFBA6, 0xFBB1, 0x49F },
    { 0xFBFC, 0xFBFF, 0x4AB },
    { 0xFE80, 0xFEFC, 0x4AF },
    { 0xFFFD, 0xFFFD, 0x52C },
};

static const uint16_t geist_ui_12_boldKernLeftCodepoints[] = {
    0x0022, 0x0026, 0x0027, 0x0028, 0x002A, 0x002B, 0x002C, 0x002D, 0x002E, 0x002F, 0x0030, 0x0031,
    0x0032, 0x0033, 0x0034, 0x0035, 0x0036, 0x0037, 0x0038, 0x0039, 0x003A, 0x003B, 0x003C, 0x003D,
    0x003E, 0x0041, 0x0042, 0x0043, 0x0044, 0x0045, 0x0046, 0x0047, 0x0048, 0x0049, 0x004A, 0x004B,
    0x004C, 0x004D, 0x004E, 0x004F, 0x0050, 0x0051, 0x0052, 0x0053, 0x0054, 0x0055, 0x0056, 0x0057,
    0x0058, 0x0059, 0x005A, 0x005B, 0x005C, 0x005E, 0x0061, 0x0062, 0x0063, 0x0064, 0x0065, 0x0066,
    0x0067, 0x0068, 0x0069, 0x006A, 0x006B, 0x006C, 0x006D, 0x006E, 0x006F, 0x0070, 0x0071, 0x0072,
    0x0073, 0x0074, 0x0075, 0x0076, 0x0077, 0x0078, 0x0079, 0x007A, 0x007B, 0x007E, 0x00A1, 0x00A2,
    0x00A5, 0x00A9, 0x00AA, 0x00AB, 0x00AC, 0x00B1, 0x00BA, 0x00BB, 0x00BF, 0x00C0, 0x00C1, 0x00C2,
    0x00C3, 0x00C4, 0x00C5, 0x00C6, 0x00C7, 0x00C8, 0x00C9, 0x00CA, 0x00CB, 0x00CC, 0x00CD, 0x00CE,
    0x00CF, 0x00D0, 0x00D1, 0x00D2, 0x00D3, 0x00D4, 0x00D5, 0x00D6, 0x00D7, 0x00D8, 0x00D9, 0x00DA,
    0x00DB, 0x00DC, 0x00DD, 0x00DE, 0x00E0, 0x00E1, 0x00E2, 0x00E3, 0x00E4, 0x00E5, 0x00E6, 0x00E7,
    0x00E8, 0x00E9, 0x00EA, 0x00EB, 0x00EC, 0x00ED, 0x00EE, 0x00EF, 0x00F0, 0x00F1, 0x00F2, 0x00F3,
    0x00F4, 0x00F5, 0x00F6, 0x00F7, 0x00F8, 0x00F9, 0x00FA, 0x00FB, 0x00FC, 0x00FD, 0x00FE, 0x00FF,
    0x0100, 0x0101, 0x0102, 0x0103, 0x0104, 0x0105, 0x0106, 0x0107, 0x0108, 0x0109, 0x010A, 0x010B,
    0x010C, 0x010D, 0x010E, 0x010F, 0x0110, 0x0112, 0x0113, 0x0115, 0x0116, 0x0117, 0x0118, 0x0119,
    0x011A, 0x011B, 0x011C, 0x011D, 0x011E, 0x011F, 0x0120, 0x0121, 0x0122, 0x0123, 0x0124, 0x0125,
    0x0126, 0x0127, 0x0128, 0x0129, 0x012A, 0x012B, 0x012E, 0x012F, 0x0130, 0x0131, 0x0132, 0x0133,
    0x0134, 0x0135, 0x0136, 0x0137, 0x0138, 0x0139, 0x013A, 0x013B, 0x013C, 0x013D, 0x013E, 0x013F,
    0x0141, 0x0142, 0x0143, 0x0144, 0x0145, 0x0146, 0x0147, 0x0148, 0x014A, 0x014B, 0x014C, 0x014D,
    0x014E, 0x014F, 0x0150, 0x0151, 0x0152, 0x0153, 0x0154, 0x0155, 0x0156, 0x0157, 0x0158, 0x0159,
    0x015A, 0x015B, 0x015C, 0x015D, 0x015E, 0x015F, 0x0160, 0x0161, 0x0162, 0x0163, 0x0164, 0x0165,
    0x0166, 0x0167, 0x0168, 0x0169, 0x016A, 0x016B, 0x016C, 0x016D, 0x016E, 0x016F, 0x0170, 0x0171,
    0x0172, 0x0173, 0x0174, 0x0175, 0x0176, 0x0177, 0x0178, 0x0179, 0x017A, 0x017B, 0x017C, 0x017D,
    0x017E, 0x01A0, 0x01A1, 0x01AF, 0x01B0, 0x01CD, 0x01CE, 0x01E4, 0x01E5, 0x01E6, 0x01E7, 0x01E8,
    0x01E9, 0x01FA, 0x01FD, 0x01FE, 0x0218, 0x0219, 0x021A, 0x021B, 0x0400, 0x0401, 0x0402, 0x0404,
    0x0405, 0x0406, 0x0407, 0x0409, 0x040A, 0x040E, 0x0410, 0x0411, 0x0412, 0x0413, 0x0414, 0x0415,
    0x0416, 0x0417, 0x0418, 0x0419, 0x041A, 0x041B, 0x041C, 0x041D, 0x041E, 0x041F, 0x0420, 0x0421,
    0x0422, 0x0423, 0x0424, 0x0425, 0x0427, 0x0428, 0x042A, 0x042B, 0x042C, 0x042D, 0x042E, 0x042F,
    0x0430, 0x0431, 0x0432, 0x0433, 0x0434, 0x0435, 0x0436, 0x0437, 0x0438, 0x0439, 0x043A, 0x043B,
    0x043C, 0x043D, 0x043E, 0x043F, 0x0440, 0x0441, 0x0442, 0x0443, 0x0444, 0x0445, 0x0446, 0x0447,
    0x0448, 0x0449, 0x044B, 0x044D, 0x044E, 0x044F, 0x0450, 0x0451, 0x0452, 0x0453, 0x0454, 0x0455,
    0x0456, 0x0457, 0x0458, 0x045B, 0x045D, 0x045E, 0x0460, 0x0461, 0x0462, 0x0464, 0x0465, 0x0466,
    0x0467, 0x0468, 0x0469, 0x046A, 0x046B, 0x046E, 0x0471, 0x0472, 0x0473, 0x0474, 0x0475, 0x0476,
    0x0477, 0x0478, 0x0479, 0x047A, 0x047B, 0x047C, 0x047D, 0x047E, 0x047F, 0x0480, 0x048A, 0x048B,
    0x048C, 0x048D, 0x048E, 0x048F, 0x0490, 0x0491, 0x0492, 0x0493, 0x0496, 0x0497, 0x0498, 0x0499,
    0x049A, 0x049B, 0x049C, 0x049D, 0x049E, 0x049F, 0x04A0, 0x04A1, 0x04A3, 0x04A4, 0x04A5, 0x04A9,
    0x04AA, 0x04AB, 0x04AC, 0x04AD, 0x04AE, 0x04AF, 0x04B1, 0x04B2, 0x04B3, 0x04B4, 0x04B5, 0x04B7,
    0x04BB, 0x04BC, 0x04BD, 0x04BE, 0x04BF, 0x04C0, 0x04C1, 0x04C2, 0x04C5, 0x04C6, 0x04C9, 0x04CA,
    0x04CD, 0x04CE, 0x04CF, 0x04D0, 0x04D1, 0x04D2, 0x04D3, 0x04D5, 0x04D7, 0x04D8, 0x04D9, 0x04DA,
    0x04DB, 0x04DC, 0x04DD, 0x04DE, 0x04DF, 0x04E2, 0x04E3, 0x04E5, 0x04E6, 0x04E7, 0x04E8, 0x04EA,
    0x04EB, 0x04EC, 0x04ED, 0x04EF, 0x04F0, 0x04F1, 0x04F2, 0x04F3, 0x04F5, 0x04F6, 0x04F7, 0x04F9,
    0x04FA, 0x04FB, 0x04FC, 0x04FD, 0x04FE, 0x04FF, 0x05D0, 0x05D1, 0x05D2, 0x05D3, 0x05D5, 0x05D8,
    0x05D9, 0x05DB, 0x05DC, 0x05DE, 0x05E0, 0x05E1, 0x05E2, 0x05E4, 0x05E6, 0x05E8, 0x05E9, 0x05EA,
    0x1EA0, 0x1EA2, 0x1EA4, 0x1EA6, 0x1EA8, 0x1EAA, 0x1EAC, 0x1EAE, 0x1EB0, 0x1EB2, 0x1EB4, 0x1EB6,
    0x1EB9, 0x1EBB, 0x1EBC, 0x1EBD, 0x1EBF, 0x1EC1, 0x1EC3, 0x1EC5, 0x1EC7, 0x1ECC, 0x1ECD, 0x1ECE,
    0x1ECF, 0x1ED0, 0x1ED1, 0x1ED2, 0x1ED3, 0x1ED4, 0x1ED5, 0x1ED6, 0x1ED7, 0x1ED8, 0x1ED9, 0x1EDA,
    0x1EDB, 0x1EDC, 0x1EDD, 0x1EDE, 0x1EDF, 0x1EE0, 0x1EE1, 0x1EE2, 0x1EE3, 0x1EE4, 0x1EE6, 0x1EE8,
    0x1EE9, 0x1EEA, 0x1EEB, 0x1EEC, 0x1EED, 0x1EEE, 0x1EEF, 0x1EF0, 0x1EF1, 0x1EF2, 0x1EF3, 0x1EF4,
    0x1EF6, 0x1EF8, 0x1EF9, 0x2015, 0x2018, 0x201A, 0x201C, 0x201E, 0x2026, 0x2039, 0x203A, 0x21E7,
    0x2212, 0x221E, 0x2248, 0x2260, 0x2264, 0x2265, 0xFB01, 0xFB02, 0xFB8C, 0xFEAD, 0xFEAE, 0xFEAF,
};

static const uint8_t geist_ui_12_boldKernLeftClassIds[] = {
      1,   2,   1,   3,   4,   5,   6,   7,   6,   8,   9,  10,  11,  12,  13,  14,
     15,  16,  17,   9,  18,  18,   5,   5,   5,  19,  20,  21,   9,  22,  23,  24,
     25,  25,  26,  27,  28,  25,  25,   9,  29,   9,  30,   9,  31,  26,   8,   8,
     27,  32,  33,  34,  19,   5,  35,  36,  36,  25,  36,  37,  38,  39,  25,  25,
     40,  35,  39,  39,  36,  36,  38,  41,  36,  42,  38,  43,  43,  44,  43,  45,
     46,   5,  47,  48,  10,   9,   4,  49,   5,   5,   4,  50,  51,  19,  19,  19,
     19,  19,  19,  22,  21,  22,  22,  22,  22,  25,  25,  25,  25,  48,  25,   9,
      9,   9,   9,   9,   5,   9,  26,  26,  26,  26,  32,   9,  35,  35,  35,  35,
     35,  35,  36,  36,  36,  36,  36,  36,  25,  25,  25,  25,  36,  39,  36,  36,
     36,  36,  36,   5,  36,  38,  38,  38,  38,  43,  36,  43,  19,  35,  19,  35,
     19,  35,  21,  36,  21,  36,  21,  36,  21,  36,  48,  52,  48,  22,  36,  53,
     22,  36,  22,  36,  22,  36,  24,  38,  24,  38,  24,  38,  24,  38,  25,  39,
     25,  39,  25,  25,  25,  25,  25,  25,  25,  25,  26,  25,  26,  25,  27,  44,
     54,  28,  35,  28,  35,  55,  52,  56,  28,  35,  25,  39,  25,  39,  25,  39,
     25,  39,   9,  36,  57,  53,   9,  36,  22,  36,  58,  41,  58,  41,  58,  41,
      9,  36,   9,  36,   9,  36,   9,  36,  31,  42,  31,  52,  31,  42,  26,  38,
     26,  38,  26,  38,  26,  38,  26,  38,  26,  38,   8,  43,  32,  43,  32,  33,
     45,  33,  45,  33,  45,  59,  60,  61,  62,  19,  35,  24,  38,  24,  38,  27,
     44,  63,  53,  57,   9,  36,  31,  42,  22,  22,  20,  21,   9,  10,  10,  20,
     20,   8,  19,  20,  20,  31,  19,  22,  27,  20,  25,  25,  27,  25,  25,  25,
      9,  25,  29,  21,  31,   8,   9,  27,  10,  25,  20,  10,  20,   9,   9,  10,
     35,  36,  36,  41,  36,  36,  44,  36,  38,  38,  44,  38,  38,  38,  36,  39,
     36,  36,  41,  43,  36,  44,  38,  38,  38,  38,  38,  36,  36,  38,  36,  36,
     39,  41,  36,  36,  38,  38,  25,  39,  38,  43,  64,  65,  20,  66,  67,  68,
     69,  68,  69,  27,  44,  70,  71,   9,  36,   8,  43,  72,  65,  73,  73,  64,
     71,  64,  71,  64,  65,  66,  74,  75,  76,  77,  78,  71,  31,  41,  31,  41,
     27,  44,  70,  79,  27,  44,  80,  81,  80,  81,  80,  81,  25,  82,  83,  71,
     66,  67,  84,  83,   8,  43,  43,  27,  44,  74,  75,  38,  39,  85,  86,  85,
     86,  10,  80,  81,  74,  75,  74,  75,  74,  75,  25,  68,  87,  68,  87,  86,
     86,   9,  36,  64,  71,  80,  81,  70,  79,  25,  38,  88,  64,  71,   9,  64,
     71,  64,  71,  43,  72,  73,  72,  73,  88,  84,  83,  88,  82,  89,  90,  91,
     80,  91,  92,  93,  94,  95,  96,  97,  98,  99, 100, 101, 102, 103, 104, 105,
    106, 107, 108, 109,  63,  63,  63,  63,  63,  63,  63,  63,  63,  63,  63,  63,
     53,  53,  22,  36,  53,  53,  53,  53,  53,  57,  53,  57,  53,  57,  53,  57,
     53,  57,  53,  57,  53,  57,  53,  59,  60,  59,  60,  59,  60,  59,  60,  59,
     60, 110, 110,  61,  62,  61,  62,  61,  62,  61,  62,  61,  62,  32,  43, 111,
    111,  32,  43, 112, 113,   6, 113,   6,   6, 114, 115,  19,   5,   5,   5,   5,
      5,   5,  25,  35, 116, 116, 116, 116,
};

static const uint16_t geist_ui_12_boldKernRightCodepoints[] = {
    0x0021, 0x0022, 0x0025, 0x0026, 0x0027, 0x0029, 0x002A, 0x002B, 0x002C, 0x002D, 0x002E, 0x002F,
    0x0030, 0x0031, 0x0032, 0x0033, 0x0034, 0x0035, 0x0036, 0x0037, 0x0038, 0x003A, 0x003B, 0x003C,
    0x003D, 0x003E, 0x003F, 0x0041, 0x0042, 0x0043, 0x0044, 0x0045, 0x0046, 0x0047, 0x0048, 0x0049,
    0x004A, 0x004B, 0x004C, 0x004D, 0x004E, 0x004F, 0x0050, 0x0051, 0x0052, 0x0053, 0x0054, 0x0055,
    0x0056, 0x0057, 0x0058, 0x0059, 0x005A, 0x005C, 0x005D, 0x005E, 0x0061, 0x0062, 0x0063, 0x0064,
    0x0065, 0x0066, 0x0067, 0x0068, 0x0069, 0x006A, 0x006B, 0x006C, 0x006D, 0x006E, 0x006F, 0x0070,
    0x0071, 0x0072, 0x0073, 0x0074, 0x0075, 0x0076, 0x0077, 0x0078, 0x0079, 0x007A, 0x007D, 0x007E,
    0x00A5, 0x00A9, 0x00AA, 0x00AB, 0x00AC, 0x00B1, 0x00BA, 0x00BB, 0x00BF, 0x00C0, 0x00C1, 0x00C2,
    0x00C3, 0x00C4, 0x00C5, 0x00C6, 0x00C7, 0x00C8, 0x00C9, 0x00CA, 0x00CB, 0x00CC, 0x00CD, 0x00CE,
    0x00CF, 0x00D0, 0x00D1, 0x00D2, 0x00D3, 0x00D4, 0x00D5, 0x00D6, 0x00D7, 0x00D8, 0x00D9, 0x00DA,
    0x00DB, 0x00DC, 0x00DD, 0x00DE, 0x00DF, 0x00E0, 0x00E1, 0x00E2, 0x00E3, 0x00E4, 0x00E5, 0x00E6,
    0x00E7, 0x00E8, 0x00E9, 0x00EA, 0x00EB, 0x00EC, 0x00ED, 0x00EE, 0x00EF, 0x00F0, 0x00F1, 0x00F2,
    0x00F3, 0x00F4, 0x00F5, 0x00F6, 0x00F7, 0x00F8, 0x00F9, 0x00FA, 0x00FB, 0x00FC, 0x00FD, 0x00FE,
    0x00FF, 0x0100, 0x0101, 0x0102, 0x0103, 0x0104, 0x0105, 0x0106, 0x0107, 0x0108, 0x0109, 0x010A,
    0x010B, 0x010C, 0x010D, 0x010E, 0x010F, 0x0110, 0x0111, 0x0112, 0x0113, 0x0115, 0x0116, 0x0117,
    0x0118, 0x0119, 0x011A, 0x011B, 0x011C, 0x011D, 0x011E, 0x011F, 0x0120, 0x0121, 0x0122, 0x0123,
    0x0124, 0x0125, 0x0126, 0x0127, 0x0128, 0x0129, 0x012A, 0x012B, 0x012E, 0x012F, 0x0130, 0x0131,
    0x0132, 0x0133, 0x0134, 0x0135, 0x0136, 0x0137, 0x0138, 0x0139, 0x013A, 0x013B, 0x013C, 0x013D,
    0x013E, 0x0140, 0x0141, 0x0142, 0x0143, 0x0144, 0x0145, 0x0146, 0x0147, 0x0148, 0x014A, 0x014B,
    0x014C, 0x014D, 0x014E, 0x014F, 0x0150, 0x0151, 0x0152, 0x0153, 0x0154, 0x0155, 0x0156, 0x0157,
    0x0158, 0x0159, 0x015A, 0x015B, 0x015C, 0x015D, 0x015E, 0x015F, 0x0160, 0x0161, 0x0162, 0x0163,
    0x0164, 0x0165, 0x0166, 0x0167, 0x0168, 0x0169, 0x016A, 0x016B, 0x016C, 0x016D, 0x016E, 0x016F,
    0x0170, 0x0171, 0x0172, 0x0173, 0x0174, 0x0175, 0x0176, 0x0177, 0x0178, 0x0179, 0x017A, 0x017B,
    0x017C, 0x017D, 0x017E, 0x01A0, 0x01A1, 0x01AF, 0x01B0, 0x01CD, 0x01CE, 0x01E4, 0x01E5, 0x01E6,
    0x01E7, 0x01E8, 0x01E9, 0x01FA, 0x01FB, 0x01FD, 0x01FE, 0x01FF, 0x0218, 0x0219, 0x021A, 0x021B,
    0x0400, 0x0401, 0x0402, 0x0403, 0x0404, 0x0405, 0x0406, 0x0407, 0x0409, 0x040A, 0x040B, 0x040C,
    0x040E, 0x040F, 0x0410, 0x0411, 0x0412, 0x0413, 0x0414, 0x0415, 0x0416, 0x0417, 0x0418, 0x0419,
    0x041A, 0x041B, 0x041C, 0x041D, 0x041E, 0x041F, 0x0420, 0x0421, 0x0422, 0x0423, 0x0424, 0x0425,
    0x0426, 0x0428, 0x0429, 0x042B, 0x042C, 0x042D, 0x042E, 0x0430, 0x0431, 0x0432, 0x0433, 0x0434,
    0x0435, 0x0436, 0x0437, 0x0438, 0x0439, 0x043A, 0x043B, 0x043C, 0x043D, 0x043E, 0x043F, 0x0440,
    0x0441, 0x0442, 0x0443, 0x0444, 0x0445, 0x0446, 0x0447, 0x0448, 0x0449, 0x044A, 0x044B, 0x044C,
    0x044D, 0x044E, 0x0450, 0x0451, 0x0453, 0x0454, 0x0455, 0x0456, 0x0457, 0x0458, 0x0459, 0x045A,
    0x045B, 0x045D, 0x045E, 0x0460, 0x0461, 0x0462, 0x0463, 0x0465, 0x0466, 0x0467, 0x0469, 0x046A,
    0x046B, 0x046D, 0x046E, 0x0470, 0x0472, 0x0473, 0x0474, 0x0475, 0x0476, 0x0477, 0x0478, 0x0479,
    0x047A, 0x047B, 0x047C, 0x047D, 0x047E, 0x047F, 0x0480, 0x0481, 0x048B, 0x048C, 0x048D, 0x048F,
    0x0490, 0x0491, 0x0492, 0x0493, 0x0495, 0x0496, 0x0497, 0x0498, 0x0499, 0x049A, 0x049B, 0x049D,
    0x049F, 0x04A0, 0x04A1, 0x04A2, 0x04A3, 0x04A5, 0x04A7, 0x04A8, 0x04A9, 0x04AA, 0x04AB, 0x04AC,
    0x04AD, 0x04AE, 0x04AF, 0x04B1, 0x04B2, 0x04B3, 0x04B4, 0x04B5, 0x04B7, 0x04B8, 0x04B9, 0x04BA,
    0x04BB, 0x04BC, 0x04BD, 0x04BE, 0x04BF, 0x04C0, 0x04C1, 0x04C2, 0x04C4, 0x04C5, 0x04C6, 0x04C8,
    0x04CA, 0x04CB, 0x04CC, 0x04CE, 0x04CF, 0x04D0, 0x04D1, 0x04D2, 0x04D3, 0x04D4, 0x04D5, 0x04D7,
    0x04D8, 0x04D9, 0x04DA, 0x04DB, 0x04DC, 0x04DD, 0x04DE, 0x04DF, 0x04E3, 0x04E5, 0x04E6, 0x04E7,
    0x04E8, 0x04EA, 0x04EB, 0x04EC, 0x04ED, 0x04EF, 0x04F0, 0x04F1, 0x04F2, 0x04F3, 0x04F4, 0x04F5,
    0x04F7, 0x04F9, 0x04FA, 0x04FC, 0x04FD, 0x04FE, 0x04FF, 0x05D1, 0x05D2, 0x05D3, 0x05D4, 0x05D6,
    0x05D7, 0x05D8, 0x05D9, 0x05DA, 0x05DB, 0x05DC, 0x05DD, 0x05DE, 0x05E1, 0x05E2, 0x05E3, 0x05E4,
    0x05E7, 0x05E8, 0x05E9, 0x05EA, 0x1EA0, 0x1EA1, 0x1EA2, 0x1EA3, 0x1EA4, 0x1EA5, 0x1EA6, 0x1EA7,
    0x1EA8, 0x1EA9, 0x1EAA, 0x1EAB, 0x1EAC, 0x1EAD, 0x1EAE, 0x1EAF, 0x1EB0, 0x1EB1, 0x1EB2, 0x1EB3,
    0x1EB4, 0x1EB5, 0x1EB6, 0x1EB7, 0x1EB9, 0x1EBB, 0x1EBC, 0x1EBD, 0x1EBF, 0x1EC1, 0x1EC3, 0x1EC5,
    0x1EC7, 0x1ECC, 0x1ECD, 0x1ECE, 0x1ECF, 0x1ED0, 0x1ED1, 0x1ED2, 0x1ED3, 0x1ED4, 0x1ED5, 0x1ED6,
    0x1ED7, 0x1ED8, 0x1ED9, 0x1EDA, 0x1EDB, 0x1EDC, 0x1EDD, 0x1EDE, 0x1EDF, 0x1EE0, 0x1EE1, 0x1EE2,
    0x1EE3, 0x1EE4, 0x1EE5, 0x1EE6, 0x1EE7, 0x1EE8, 0x1EE9, 0x1EEA, 0x1EEB, 0x1EEC, 0x1EED, 0x1EEE,
    0x1EEF, 0x1EF0, 0x1EF1, 0x1EF2, 0x1EF3, 0x1EF4, 0x1EF5, 0x1EF6, 0x1EF7, 0x1EF8, 0x1EF9, 0x2015,
    0x2018, 0x2019, 0x201A, 0x201C, 0x201D, 0x201E, 0x2026, 0x2039, 0x203A, 0x21E7, 0x2212, 0x221E,
    0x2248, 0x2260, 0x2264, 0x2265, 0xFB00, 0xFB01, 0xFB02, 0xFB03, 0xFB04, 0xFB8E, 0xFBA6, 0xFBAA,
    0xFE8D, 0xFEA3, 0xFEA9, 0xFEB1, 0xFEB3, 0xFEB9, 0xFEBB, 0xFEC1, 0xFEC3, 0xFEC9, 0xFECB, 0xFECD,
    0xFEDB, 0xFEDF, 0xFEE1, 0xFEE3, 0xFEE9, 0xFEEB,
};

static const uint8_t geist_ui_12_boldKernRightClassIds[] = {
      1,   2,   3,   4,   2,   5,   6,   7,   8,   9,   8,  10,  11,  12,  13,  14,
     15,  16,  11,  17,  18,  19,  19,   7,   7,   7,  20,  10,  21,  11,  21,  22,
     21,  11,  21,  21,  23,  24,  24,  21,  25,  11,  21,  11,  21,  11,  17,  26,
     27,  27,  28,  29,  30,  27,  31,   7,  32,  21,  33,  33,  33,  34,  33,  21,
     21,  35,  21,  36,  37,  37,  33,  37,  33,  37,  33,  38,  39,  40,  40,  41,
     40,  42,  43,   7,  24,  11,   6,  44,   7,   7,   6,  45,  46,  10,  10,  10,
     10,  10,  10,  10,  11,  21,  21,  21,  21,  21,  21,  21,  21,  11,  21,  11,
     11,  11,  11,  11,   7,  11,  26,  26,  26,  26,  29,  21,  21,  32,  32,  32,
     32,  32,  32,  32,  33,  33,  33,  33,  33,  21,  21,  21,  21,  33,  37,  33,
     33,  33,  33,  33,   7,  33,  39,  39,  39,  39,  40,  21,  40,  10,  32,  10,
     32,  10,  32,  11,  33,  11,  33,  11,  33,  11,  33,  21,  33,  11,  33,  21,
     33,  47,  21,  33,  21,  33,  21,  33,  11,  33,  11,  33,  11,  33,  11,  33,
     21,  21,  21,  21,  21,  21,  21,  21,  21,  21,  21,  21,  21,  21,  23,  35,
     24,  21,  48,  24,  36,  21,  36,  24,  36,  49,  50,  36,  21,  37,  21,  37,
     21,  37,  21,  37,  11,  33,  51,  47,  11,  33,  11,  33,  21,  37,  21,  37,
     21,  37,  11,  33,  11,  33,  11,  33,  11,  33,  17,  52,  17,  52,  17,  52,
     26,  39,  26,  39,  26,  39,  26,  39,  26,  39,  26,  39,  27,  40,  29,  40,
     29,  30,  42,  30,  42,  30,  42,  51,  47,  53,  48,  10,  32,  11,  33,  11,
     33,  24,  21,  54,  55,  55,  51,  47,  11,  33,  17,  52,  21,  21,  17,  21,
     11,  11,  24,  24,  23,  24,  17,  21,  56,  21,  10,  21,  21,  21,  10,  21,
     28,  14,  21,  21,  21,  57,  21,  21,  11,  21,  21,  11,  17,  56,  11,  28,
     21,  21,  21,  21,  21,  11,  24,  32,  33,  37,  37,  33,  33,  41,  33,  37,
     37,  37,  58,  37,  37,  33,  37,  37,  33,  52,  40,  33,  41,  37,  39,  37,
     37,  52,  37,  37,  33,  37,  33,  33,  37,  33,  33,  37,  37,  35,  59,  37,
     21,  37,  40,  60,  61,  24,  21,  62,  63,  64,  62,  28,  41,  62,  65,  66,
     11,  33,  27,  40,  67,  61,  60,  68,  60,  68,  60,  68,  60,  61,  60,  68,
     62,  69,  70,  62,  24,  37,  24,  37,  62,  28,  41,  65,  71,  21,  21,  62,
     70,  72,  73,  21,  21,  62,  62,  60,  68,  60,  68,  74,  73,  27,  40,  40,
     28,  41,  72,  73,  39,  66,  75,  21,  21,  76,  77,  76,  77,  21,  78,  79,
     62,  80,  64,  62,  62,  66,  75,  62,  21,  63,  81,  63,  81,  63,  81,  68,
     11,  33,  82,  81,  78,  79,  65,  71,  37,  83,  60,  68,  11,  60,  68,  65,
     71,  40,  84,  85,  84,  85,  66,  75,  62,  83,  69,  78,  79,  78,  79,  86,
     87,  88,  89,  90,  91,  92,  93,  94,  95,  96,  97,  98,  99, 100, 101, 102,
    103, 104, 105, 106,  54,  55,  54,  55,  54,  55,  54,  55,  54,  55,  54,  55,
     54,  55,  54,  55,  54,  55,  54,  55,  54,  55,  54,  55,  47,  47,  21,  33,
     47,  47,  47,  47,  47,  51,  47,  51,  47,  51,  47,  51,  47,  51,  47,  51,
     47,  51,  47,  51,  47,  51,  47,  51,  47,  51,  47,  51,  47,  53,  48,  53,
     48,  53,  48,  53,  48,  53,  48,  53,  48,  53,  48,  29,  40, 107, 108, 107,
    108,  29,  40, 109, 110, 111,   8, 110, 112,   8,   8, 113,  45,  10,   7,   7,
      7,   7,   7,   7, 114,  34,  34, 114, 114, 115, 115, 115, 116, 115, 117, 117,
    117, 117, 117, 117, 117, 118, 116, 118, 115, 116, 115, 115, 115, 115,
};

static const uint16_t geist_ui_12_boldKernRowOffsets[] = {
        0,     5,     7,    13,    16,    18,    28,    34,    65,    91,   103,   108,   111,   116,   118,   120,
      131,   133,   145,   173,   194,   214,   230,   254,   266,   290,   302,   325,   353,   375,   392,   432,
      456,   479,   481,   498,   523,   543,   560,   581,   604,   627,   645,   669,   692,   711,   712,   716,
      717,   719,   722,   739,   753,   754,   755,   758,   761,   763,   780,   782,   785,   790,   793,   795,
      805,   806,   809,   810,   821,   827,   828,   837,   850,   854,   859,   864,   869,   880,   887,   893,
      901,   908,   923,   927,   944,   946,   948,   953,   955,   957,   962,   964,   970,   972,   976,   985,
      991,   996,  1007,  1013,  1021,  1026,  1028,  1033,  1034,  1041,  1047,  1056,  1064,  1072,  1073,  1078,
     1084,  1085,  1086,  1087,  1091,
};

static const uint8_t geist_ui_12_boldKernSparseCols[] = {
      9,  14,  16,  32,  45,  16,  26,  10,  12,  13,  14,  15,  17,   7,   9,  16,
     16,  28,   5,  10,  11,  16,  22,  26,  33,  34,  35,  39,  11,  14,  16,  33,
     39,  40,   0,   3,   7,   9,  10,  16,  18,  19,  20,  21,  22,  23,  24,  26,
     27,  29,  31,  32,  33,  34,  35,  36,  37,  38,  39,  40,  41,  43,  44,  51,
    112,   4,   5,   7,   9,  12,  16,  18,  19,  20,  21,  22,  23,  24,  26,  27,
     28,  29,  31,  32,  33,  34,  37,  39,  40,  49,  51,   8,   9,  10,  11,  12,
     14,  16,  17,  23,  31,  32,  38,   8,  10,  13,  14,  16,   4,   9,  16,   1,
      2,   8,  16,  18,   4,  16,  11,  12,   2,   7,   8,  10,  11,  14,  16,  17,
     18,  30,  42,   4,  16,   9,  10,  14,  16,  26,  27,  33,  37,  39,  40,  41,
     51,   0,   1,   5,  10,  13,  16,  18,  19,  20,  21,  22,  23,  24,  25,  26,
     28,  29,  32,  33,  35,  36,  37,  38,  39,  40,  41,  51,  55,   9,  10,  16,
     18,  19,  20,  21,  24,  26,  28,  31,  32,  33,  34,  35,  36,  37,  38,  39,
     40,  41,   9,  16,  20,  21,  23,  24,  26,  27,  28,  31,  32,  33,  35,  36,
     37,  38,  39,  40,  41,  51,  18,  19,  20,  21,  24,  26,  28,  31,  32,  33,
     34,  37,  39,  40,  41,  51,   7,   9,  18,  19,  20,  21,  22,  23,  24,  27,
     28,  29,  31,  32,  33,  34,  35,  36,  37,  38,  39,  40,  41,  51,  16,  26,
     27,  28,  31,  32,  33,  37,  39,  40,  41,  51,   9,  10,  16,  19,  20,  21,
     22,  24,  25,  26,  27,  28,  29,  31,  32,  33,  34,  35,  36,  37,  38,  39,
     40,  51,   9,  20,  21,  22,  24,  28,  33,  37,  39,  40,  41,  51,   5,  10,
     16,  18,  19,  20,  21,  22,  23,  24,  25,  26,  29,  31,  32,  33,  34,  36,
     37,  38,  39,  40,  51,   0,   1,   5,   7,   9,  10,  16,  18,  19,  20,  21,
     22,  23,  24,  25,  26,  28,  29,  32,  33,  34,  35,  37,  38,  39,  40,  41,
     51,   0,   7,   8,   9,  10,  18,  19,  20,  21,  22,  24,  26,  27,  28,  29,
     31,  32,  36,  38,  39,  40,  41,   9,  10,  16,  18,  19,  23,  26,  28,  31,
     32,  33,  34,  37,  38,  39,  40,  51,   1,   3,   5,   7,   8,   9,  10,  14,
     16,  18,  19,  20,  21,  22,  23,  24,  26,  27,  28,  30,  31,  32,  33,  34,
     35,  36,  37,  38,  39,  40,  41,  43,  44,  51,  56,  57,  58, 110, 111, 112,
      6,   9,  10,  16,  20,  21,  22,  24,  25,  28,  29,  31,  32,  33,  34,  35,
     36,  37,  38,  39,  40,  41,  49,  51,   8,   9,  10,  19,  20,  21,  22,  24,
     26,  27,  28,  31,  32,  33,  34,  35,  36,  37,  38,  39,  40,  41,  51,  16,
     34,   5,   7,  19,  20,  21,  24,  31,  32,  33,  34,  35,  37,  38,  39,  40,
     41,  51,   1,   5,   9,  16,  19,  20,  21,  24,  26,  27,  28,  31,  32,  33,
     34,  35,  36,  37,  38,  39,  40,  41,  51,  57,  58,   5,   7,   8,   9,  18,
     20,  21,  24,  30,  31,  32,  33,  34,  35,  36,  37,  40,  41,  51, 109,  16,
     19,  20,  21,  24,  26,  28,  32,  33,  34,  37,  39,  40,  41,  51,  57,  58,
      5,  16,  19,  20,  21,  24,  26,  27,  28,  31,  32,  33,  34,  35,  36,  37,
     38,  39,  40,  41,  51,   0,   5,   7,   8,  10,  16,  18,  19,  20,  21,  24,
     31,  32,  33,  34,  35,  36,  37,  38,  39,  40,  41,  51,   7,   8,   9,  16,
     18,  20,  21,  24,  31,  32,  33,  34,  35,  36,  37,  38,  39,  40,  41,  43,
     51,  57,  58,   7,   8,   9,  20,  21,  24,  26,  29,  31,  32,  33,  34,  36,
     37,  39,  40,  41,  51,   7,   8,   9,  10,  16,  18,  20,  21,  22,  24,  27,
     31,  32,  33,  34,  35,  36,  37,  38,  40,  41,  51,  57,  58,   0,   5,   7,
      8,  10,  16,  18,  19,  20,  21,  24,  31,  32,  33,  34,  35,  36,  37,  38,
     39,  40,  41,  51,  18,  19,  20,  21,  24,  26,  27,  31,  32,  33,  34,  35,
     36,  37,  38,  39,  40,  41,  51,  16,  26,  33,  37,  51,  16,  16,  26,  16,
     22,  26,   1,  10,  11,  16,  20,  21,  24,  26,  31,  32,  33,  34,  36,  37,
     39,  41,  51,   5,  20,  21,  24,  31,  32,  33,  34,  35,  37,  39,  40,  51,
    111, 107,  46,  16,  26,  28,  50,  52, 106,  53, 106,   9,  10,  16,  18,  19,
     23,  26,  28,  31,  32,  33,  34,  37,  38,  39,  40,  51,  53, 106,  48, 107,
    113,  46,  50,  53,  54, 106,  48, 107, 113,  50, 106,  62,  63,  64,  66,  71,
     73,  77,  78,  79,  83,  63,  59,  74,  75,  73,  65,  66,  68,  71,  72,  73,
     74,  75,  81,  83,  84,  60,  67,  72,  74,  76,  84,  66,  62,  63,  72,  73,
     74,  77,  78,  83,  84,  59,  62,  63,  67,  69,  70,  74,  75,  76,  78,  79,
     82, 108,  62,  63,  67,  77,  63,  65,  72,  74,  84,  63,  65,  72,  73,  74,
     65,  66,  71,  72,  73,  60,  62,  65,  72,  73,  74,  76,  77,  78,  83,  84,
     62,  63,  67,  77,  79,  83, 108,  72,  73,  77,  78,  83,  84,  59,  65,  67,
     72,  74,  75,  84, 108,  65,  67,  73,  74,  76,  83, 108,  59,  61,  62,  63,
     67,  69,  70,  71,  73,  74,  75,  76,  78,  79, 108,  62,  63,  67, 108,  59,
     60,  61,  62,  63,  67,  70,  72,  73,  74,  75,  76,  78,  79,  80,  84, 108,
     66,  73,  78,  84,  72,  73,  78,  83,  84,  69,  73,  63,  67,  59,  72,  74,
     75,  76,  67,  74,  92,  94,  95, 101, 102, 104,  98, 101,  85,  92,  95,  97,
     85,  88,  91,  93,  94,  98, 100, 101, 103,  85,  91,  96,  98, 101, 103,  87,
     91,  93, 100, 101,  85,  88,  90,  91,  94,  96,  97,  98, 101, 103, 105,  91,
     93,  97,  98, 100, 101,  85,  86,  91,  93,  94, 100, 101, 105,  91,  94,  97,
     98, 101,  91,  92,  91,  93,  95,  98, 103,  91,  93,  94,  95,  98, 100, 101,
    104,  88,  91,  92,  97,  98, 101,  85,  91,  93,  97,  98, 100, 101, 103, 105,
     85,  91,  94,  96,  98, 101, 102, 103,  87,  89,  92,  95,  97,  98,  99, 104,
     53,  46,  47,  50,  53,  54,  71,  72,  73,  77,  78,  83,  22,  26,  22, 114,
    115, 116, 117,
};

static const int8_t geist_ui_12_boldKernSparseValues[] = {
     -20,  -12,    4,   -4,  -16,  -16,  -11,   -6,   -2,   -3,  -10,   -1,   -4,  -16,  -30,    6,
      -8,   -8,  -16,   -8,  -27,  -24,    1,  -29,  -13,    4,   -4,  -18,   -8,    4,  -16,   -4,
      -4,  -20,  -14,   -6,  -29,  -46,  -19,   -4,  -14,  -14,  -11,  -11,  -32,   -6,  -11,   -4,
      -4,   -6,  -24,  -21,  -20,  -26,  -10,  -17,  -16,  -22,  -18,  -29,  -18,  -22,  -13,  -16,
     -22,   -7,   -4,   -8,  -17,   -5,  -16,   -4,   -8,   -6,   -6,   -3,   -6,   -6,  -20,  -14,
     -18,   -4,    1,    3,   -4,   -8,   -9,   -8,  -13,   -2,   -9,   -4,   -2,   -6,  -16,   -4,
      -8,   -2,   -8,   -5,   -2,   -6,   -2,  -12,   -6,   -9,   -9,   -5,   -3,  -15,   -8,   -4,
      -8,   -4,   -8,   -8,   -5,  -16,   -8,   -5,    6,  -35,  -11,   -4,    4,  -10,    8,   -3,
      -8,   12,   12,   -4,   -8,   -8,   -4,   -8,  -22,  -14,   -8,  -10,  -10,   -8,  -18,   -8,
     -10,   -4,  -20,  -30,  -17,  -17,  -40,   -8,  -22,  -10,  -10,  -10,   -7,  -10,   -7,  -46,
     -33,   -4,  -10,  -18,  -10,   -8,  -29,   -9,  -26,  -12,   -6,  -29,   -4,  -12,   -4,  -14,
      -8,  -10,   -3,   -8,   -3,  -17,  -21,   -4,   -3,   -8,   -9,   -7,   -4,   -8,   -4,  -17,
     -20,  -10,  -12,   -6,   -4,   -4,   -2,   -4,  -10,   -8,  -10,   -4,   -4,   -8,   -5,   -4,
      -4,   -6,   -6,  -14,   -4,   -4,   -4,   -8,   -1,   -1,   -4,    3,   -8,   -5,   -6,  -14,
      -6,  -14,  -10,  -12,   -5,  -14,  -32,  -34,  -12,   -6,   -6,   -6,  -24,  -10,   -6,   -8,
      -6,   -6,  -10,  -10,  -14,  -14,   -8,  -10,  -11,  -12,  -16,  -18,  -12,  -11,   -8,  -14,
      -6,   -8,   -1,    4,   -9,   -6,   -6,  -11,   -2,   -6,   -4,   -6,  -11,   -4,   -6,   -6,
      -6,   -6,    6,  -10,   -4,   -8,   -3,   -4,   -4,  -11,  -11,   -2,    3,  -12,   -7,   -4,
     -20,  -12,   -7,    6,    6,   -7,    6,   -6,   -7,   -6,   -8,  -12,   -8,   -6,   -6,  -16,
      -1,   -8,  -10,   -4,   -4,  -12,   -7,   -4,   -8,   -4,   -4,  -11,  -22,  -22,   -4,   -6,
     -20,  -12,  -14,  -14,  -20,   -6,  -35,  -48,   -1,   -8,  -18,  -51,   -6,  -32,  -13,  -13,
     -14,  -10,  -13,  -15,  -54,  -64,   -6,  -12,  -19,   -6,  -11,  -27,  -11,  -32,  -18,   -8,
     -27,   -4,  -42,  -10,  -33,   -6,   -8,   -6,   -8,   -8,  -32,   -8,  -18,  -16,  -16,  -10,
      -9,  -11,   -2,  -10,   -8,  -16,  -12,   -4,   -6,   -7,   -2,   -8,   -5,  -20,  -10,   -2,
     -14,  -10,   -8,  -12,   -4,  -10,  -13,  -12,    4,   -6,    6,  -35,  -14,  -40,  -16,  -10,
       4,  -22,   -8,   -7,   -7,  -48,  -11,   -7,   -4,   -1,    4,    8,  -28,  -32,  -14,  -21,
      -6,  -18,  -11,  -21,  -13,  -19,  -18,  -19,  -24,  -11,  -31,  -36,  -36,    3,    3,  -19,
      -8,  -33,  -18,    4,   -8,   -8,  -53,   -8,   -6,    8,   -4,  -29,  -28,  -25,  -21,   -6,
     -24,  -24,  -24,  -16,  -24,  -30,   -8,  -24,   -6,   -8,   -8,   -8,   -3,   -3,  -10,   -3,
      -6,   -4,   -4,   -4,  -14,  -18,   -7,   -3,   -4,  -12,   -6,  -14,  -16,   -8,  -12,    8,
      12,  -10,    8,  -10,   -3,   -3,   -3,   -1,   -4,  -11,   -1,   -4,  -12,   -3,  -14,  -11,
      -4,  -12,   -4,  -10,   -4,  -28,  -16,   -4,   -4,   -4,  -20,   -8,  -20,   -2,   -4,  -12,
     -14,   -2,   -4,  -10,   -4,  -12,  -25,   -9,  -10,  -10,  -10,    6,  -24,  -10,  -18,   -7,
      -5,   -5,   -5,    9,  -12,  -15,  -14,  -23,   -6,  -10,  -11,  -16,   -6,  -11,    4,  -14,
      -8,   -3,   -3,   -3,  -10,   -8,   -4,   -5,   -4,   -8,   -8,  -10,   -4,   -8,   -6,   -6,
      -6,  -16,   -8,   -4,   -4,   -4,   -8,   -4,  -16,   -5,   -5,  -10,  -14,   -3,   -6,  -14,
      -5,  -13,  -20,   -6,  -14,   -8,   -6,   -8,  -23,   -4,   -8,  -18,  -12,  -20,  -20,  -20,
     -22,  -54,  -22,  -14,  -20,  -17,  -19,   -8,  -20,  -18,  -14,  -19,  -22,  -11,  -12,  -11,
     -15,  -10,  -10,  -10,  -14,  -16,  -13,  -26,  -10,  -11,  -13,   -6,   -9,  -16,  -12,  -11,
     -13,  -56,  -28,   13,  -10,    4,   -2,   -2,   -2,   -6,   10,   -3,   -6,   -7,   -4,    2,
      -4,   -5,  -14,    1,   -4,  -21,   -4,  -20,   -6,  -11,   -8,   -4,   -4,  -14,   -4,   -5,
     -12,  -11,   -4,  -19,   -4,   -9,   -9,   -8,  -17,  -13,   -9,  -49,  -22,   -8,   -6,   -8,
     -23,   -4,   -8,  -18,  -12,  -20,  -20,  -20,  -22,  -25,  -22,  -14,  -20,  -17,  -19,   -8,
     -20,  -18,  -14,  -19,   -8,   -4,   -2,   -2,   -2,  -12,   -4,   -7,  -12,   -8,  -10,   -7,
      -6,  -10,   -6,  -15,  -20,   -9,  -10,    6,  -16,   -4,   -5,   -5,   -8,  -19,  -18,  -24,
       3,  -22,  -16,  -22,  -24,  -37,   -8,   -8,   -8,  -45,  -10,  -10,  -22,   -3,  -10,  -22,
     -16,   -4,  -22,   13,    5,    5,    5,   -4,   -8,   -3,   -6,    3,    1,    2,   -4,    1,
      19,   -8,   -8,   -7,  -11,   -7,   -8,   -4,  -12,   -8,   -4,   -4,   -6,   -7,   -2,   -8,
      -5,  -20,  -10,   -2,   -7,  -10,   -8,  -12,   -4,  -10,  -13,  -12,   -8,   24,    8,   20,
      16,   -8,   -4,  -12,  -12,   24,    8,   20,   20,   -8,  -24,   -8,   -4,   -4,   -4,   -4,
      -8,   -8,   -6,   -8,  -16,   -8,   -8,   -8,   -8,   -8,  -24,  -16,   -8,  -20,  -12,  -28,
     -12,  -20,   -4,   -7,   -8,   -8,   -8,  -20,  -12,   -8,  -12,   -4,   -4,   -4,   -4,  -16,
      -4,   -8,   -8,  -15,  -12,   -4,  -48,  -38,  -20,   20,   -8,   -8,   -8,  -12,  -12,  -20,
      -4,   -8,   -8,  -20,   -4,   -4,   12,  -10,   -4,   -8,   12,    8,   -6,   -6,  -12,  -12,
     -16,  -12,   -8,   -8,  -16,   -8,   -4,  -28,  -24,  -24,  -16,   -8,   -4,   -8,   -8,  -18,
     -20,  -20,  -10,   -8,  -24,   -8,   -4,   -4,  -12,   -4,   -8,   -4,   -4,   -8,   -4,   -4,
      -4,   -8,  -20,   -4,   -4,   -4,   -8,   -4,   -8,   -8,   -4,   -4,   -8,  -12,  -24,  -20,
     -16,    8,   -8,    8,    8,  -20,   -8,  -12,   -8,  -16,   -8,  -12,  -16,   -4,   -8,   -8,
      -8,  -20,  -28,  -24,  -28,   -8,  -16,    8,  -20,  -20,  -28,   -8,  -20,  -32,  -16,  -16,
      -4,   -8,   -8,   -4,   -4,  -16,   -8,  -14,   -4,   -1,  -12,  -12,   -8,   -8,   -8,  -20,
     -20,   -8,   -4,   -4,   -8,   -4,   -2,   -6,   -4,   -6,   -7,   -7,    4,   -8,   -5,   -4,
     -16,   -6,   -3,  -18,  -12,  -10,  -18,  -12,   -9,   -8,   -4,   -3,   -6,   -8,   -9,   -2,
      -8,  -16,  -10,   -3,  -20,   -7,   -7,   -8,   -8,  -10,   -7,   -8,   -8,   -7,   -8,   -1,
      -1,   -3,   -4,   -6,   -8,  -16,   -3,   -2,  -12,   -9,  -17,   -4,   -2,   -2,   -8,   -7,
     -10,  -10,   -4,   -6,   -3,  -12,   -4,   -3,  -11,   -6,   -6,   -8,   -6,   -8,  -12,   -4,
      -7,   -2,   -2,   -8,   -3,   -6,   -7,  -16,   -8,  -14,   -6,  -12,  -10,  -13,   -8,   -8,
     -11,   -4,  -12,   -6,  -11,   -8,    1,   -7,  -15,  -15,   -6,   -3,  -13,  -14,  -12,   -6,
      -4,  -20,  -12,   -8,  -24,  -20,  -16,   -8,  -16,   -4,   -4,   -8,  -43,  -18,    3,  -16,
     -10,  -12,   19,
};

static const EpdLigaturePair geist_ui_12_boldLigaturePairs[] = {
    { 0x00660066, 0xFB00 }, // f f -> U+FB00
    { 0x00660069, 0xFB01 }, // f i -> U+FB01
    { 0x0066006C, 0xFB02 }, // f l -> U+FB02
};

static const EpdFontData geist_ui_12_bold = {
    geist_ui_12_boldBitmaps,
    geist_ui_12_boldGlyphs,
    geist_ui_12_boldIntervals,
    52,
    33,
    26,
    -8,
    false,
    nullptr,
    0,
    nullptr,
    nullptr,  // kernLeftClasses: built-in fonts use the split arrays below
    nullptr,  // kernRightClasses
    geist_ui_12_boldKernLeftCodepoints,
    geist_ui_12_boldKernLeftClassIds,
    geist_ui_12_boldKernRightCodepoints,
    geist_ui_12_boldKernRightClassIds,
    nullptr,  // kernMatrix: built-in fonts use the sparse form below
    geist_ui_12_boldKernRowOffsets,
    geist_ui_12_boldKernSparseCols,
    geist_ui_12_boldKernSparseValues,
    600,
    654,
    116,
    118,
    geist_ui_12_boldLigaturePairs,
    3,
};
